5.000000e-03; 1.013250e+05; -2.182785e-17
1.000000e-02; 1.006533e+05; -4.365572e-17
1.500000e-02; 9.954769e+04; -6.548359e-17
2.000000e-02; 9.855242e+04; -8.731146e-17
2.500000e-02; 9.755498e+04; -1.091393e-16
3.000000e-02; 9.655005e+04; -1.309672e-16
3.500000e-02; 9.555006e+04; -1.527951e-16
4.000000e-02; 9.455019e+04; -1.746230e-16
4.500000e-02; 9.355000e+04; -1.964508e-16
5.000000e-02; 9.255003e+04; -2.182787e-16
5.500000e-02; 9.155005e+04; -2.401066e-16
6.000000e-02; 9.055005e+04; -2.619344e-16
6.500000e-02; 8.955007e+04; -2.837623e-16
7.000000e-02; 8.855008e+04; -3.055902e-16
7.500000e-02; 8.755009e+04; -3.274181e-16
8.000000e-02; 8.655011e+04; -3.492459e-16
8.500000e-02; 8.555012e+04; -3.710738e-16
9.000000e-02; 8.455014e+04; -3.929017e-16
9.500000e-02; 8.355016e+04; -4.147296e-16
1.000000e-01; 8.255017e+04; -4.365574e-16
1.050000e-01; 8.155019e+04; -4.583853e-16
1.100000e-01; 8.055021e+04; -4.802132e-16
1.150000e-01; 7.955023e+04; -5.020410e-16
1.200000e-01; 7.855026e+04; -5.238689e-16
1.250000e-01; 7.755028e+04; -5.456968e-16
1.300000e-01; 7.655030e+04; -5.675247e-16
1.350000e-01; 7.555033e+04; -5.893525e-16
1.400000e-01; 7.455036e+04; -6.111803e-16
1.450000e-01; 7.355038e+04; -6.330076e-16
1.500000e-01; 7.255041e+04; -6.548297e-16
1.550000e-01; 7.155044e+04; -6.766056e-16
1.600000e-01; 7.055047e+04; -6.980192e-16
1.650000e-01; 6.955050e+04; -7.160627e-16
1.700000e-01; 6.855053e+04; -6.575678e-16
1.750000e-01; 6.755057e+04; -3.829046e-16
1.800000e-01; 6.655060e+04; -2.215857e-16
1.850000e-01; 6.555064e+04; 8.133580e-17
1.900000e-01; 6.455067e+04; 1.328510e-16
1.950000e-01; 6.355071e+04; 2.323432e-16
2.000000e-01; 6.255075e+04; 3.029684e-16
2.050000e-01; 6.155079e+04; 3.594359e-16
2.100000e-01; 6.055083e+04; 2.198387e-16
2.150000e-01; 5.955087e+04; -2.101187e-17
2.200000e-01; 5.855091e+04; -5.486325e-16
2.250000e-01; 5.755095e+04; -1.267653e-15
2.300000e-01; 5.655100e+04; -2.144186e-15
2.350000e-01; 5.555104e+04; -3.256336e-15
2.400000e-01; 5.455109e+04; -4.520830e-15
2.450000e-01; 5.355113e+04; -5.467094e-15
2.500000e-01; 5.255118e+04; -5.942835e-15
2.550000e-01; 5.155123e+04; -4.443327e-15
2.600000e-01; 5.055128e+04; 1.691920e-14
2.650000e-01; 4.955133e+04; -1.100221e-14
2.700000e-01; 4.855139e+04; -1.228651e-13
2.750000e-01; 4.755144e+04; -4.182730e-13
2.800000e-01; 4.655149e+04; -1.121783e-12
2.850000e-01; 4.555155e+04; -2.770039e-12
2.900000e-01; 4.455160e+04; -6.567212e-12
2.950000e-01; 4.355166e+04; -1.518551e-11
3.000000e-01; 4.255172e+04; -3.442922e-11
3.050000e-01; 4.155178e+04; -7.640864e-11
3.100000e-01; 4.055184e+04; -1.659653e-10
3.150000e-01; 3.955190e+04; -3.527810e-10
3.200000e-01; 3.855196e+04; -7.338331e-10
3.250000e-01; 3.755203e+04; -1.493854e-09
3.300000e-01; 3.655209e+04; -2.976294e-09
3.350000e-01; 3.555215e+04; -5.804215e-09
3.400000e-01; 3.455222e+04; -1.108007e-08
3.450000e-01; 3.355229e+04; -2.070604e-08
3.500000e-01; 3.255236e+04; -3.788113e-08
3.550000e-01; 3.155243e+04; -6.784668e-08
3.600000e-01; 3.055250e+04; -1.189634e-07
3.650000e-01; 2.955257e+04; -2.042045e-07
3.700000e-01; 2.855264e+04; -3.431309e-07
3.750000e-01; 2.755271e+04; -5.643601e-07
3.800000e-01; 2.655279e+04; -9.084368e-07
3.850000e-01; 2.555286e+04; -1.430840e-06
3.900000e-01; 2.455294e+04; -2.204611e-06
3.950000e-01; 2.355301e+04; -3.321733e-06
4.000000e-01; 2.255309e+04; -4.892005e-06
4.050000e-01; 2.155317e+04; -7.037686e-06
4.100000e-01; 2.055325e+04; -9.881771e-06
4.150000e-01; 1.955333e+04; -1.352751e-05
4.200000e-01; 1.855341e+04; -1.802672e-05
4.250000e-01; 1.755350e+04; -2.333487e-05
4.300000e-01; 1.655358e+04; -2.925167e-05
4.350000e-01; 1.555367e+04; -3.534762e-05
4.400000e-01; 1.455375e+04; -4.087853e-05
4.450000e-01; 1.355384e+04; -4.469293e-05
4.500000e-01; 1.255393e+04; -4.513944e-05
4.550000e-01; 1.155402e+04; -3.998379e-05
4.600000e-01; 1.055411e+04; -2.634660e-05
4.650000e-01; 9.554199e+03; -6.736948e-07
4.700000e-01; 8.554291e+03; 4.125026e-05
4.750000e-01; 7.554384e+03; 1.042367e-04
4.800000e-01; 6.554478e+03; 1.935732e-04
4.850000e-01; 5.554574e+03; 3.148489e-04
4.900000e-01; 4.554670e+03; 4.737357e-04
4.950000e-01; 3.554767e+03; 6.757354e-04
5.000000e-01; 2.554865e+03; 9.259145e-04
5.050000e-01; 1.554964e+03; 1.228645e-03
5.100000e-01; 5.550642e+02; 1.587378e-03
5.150000e-01; -4.448346e+02; 2.004461e-03
5.200000e-01; -1.444732e+03; 2.481026e-03
5.250000e-01; -2.444629e+03; 3.016947e-03
5.300000e-01; -3.444525e+03; 3.610876e-03
5.350000e-01; -4.444420e+03; 4.260348e-03
5.400000e-01; -5.444314e+03; 4.961944e-03
5.450000e-01; -6.444207e+03; 5.711496e-03
5.500000e-01; -7.444099e+03; 6.504317e-03
5.550000e-01; -8.443990e+03; 7.335432e-03
5.600000e-01; -9.443879e+03; 8.199798e-03
5.650000e-01; -1.044377e+04; 9.092498e-03
5.700000e-01; -1.144366e+04; 1.000889e-02
5.750000e-01; -1.244354e+04; 1.094474e-02
5.800000e-01; -1.344343e+04; 1.189627e-02
5.850000e-01; -1.444331e+04; 1.286021e-02
5.900000e-01; -1.544320e+04; 1.383379e-02
5.950000e-01; -1.644308e+04; 1.481473e-02
6.000000e-01; -1.744296e+04; 1.580120e-02
6.050000e-01; -1.844284e+04; 1.679172e-02
6.100000e-01; -1.944272e+04; 1.778519e-02
6.150000e-01; -2.044260e+04; 1.878075e-02
6.200000e-01; -2.144248e+04; 1.977776e-02
6.250000e-01; -2.244236e+04; 2.077578e-02
6.300000e-01; -2.344223e+04; 2.177446e-02
6.350000e-01; -2.444211e+04; 2.277360e-02
6.400000e-01; -2.544198e+04; 2.377303e-02
6.450000e-01; -2.644185e+04; 2.477264e-02
6.500000e-01; -2.744173e+04; 2.577236e-02
6.550000e-01; -2.844160e+04; 2.677216e-02
6.600000e-01; -2.944147e+04; 2.777200e-02
6.650000e-01; -3.044134e+04; 2.877187e-02
6.700000e-01; -3.144120e+04; 2.977175e-02
6.750000e-01; -3.244107e+04; 3.077165e-02
6.800000e-01; -3.344094e+04; 3.177154e-02
6.850000e-01; -3.444080e+04; 3.277144e-02
6.900000e-01; -3.544066e+04; 3.377134e-02
6.950000e-01; -3.644053e+04; 3.477124e-02
7.000000e-01; -3.744039e+04; 3.577114e-02
7.050000e-01; -3.844025e+04; 3.677104e-02
7.100000e-01; -3.944011e+04; 3.777095e-02
7.150000e-01; -4.043997e+04; 3.877085e-02
7.200000e-01; -4.143983e+04; 3.977075e-02
7.250000e-01; -4.243968e+04; 4.077065e-02
7.300000e-01; -4.343954e+04; 4.177055e-02
7.350000e-01; -4.443940e+04; 4.277045e-02
7.400000e-01; -4.543925e+04; 4.377036e-02
7.450000e-01; -4.643910e+04; 4.477026e-02
7.500000e-01; -4.743896e+04; 4.577016e-02
7.550000e-01; -4.843881e+04; 4.677006e-02
7.600000e-01; -4.943866e+04; 4.776996e-02
7.650000e-01; -5.043852e+04; 4.876986e-02
7.700000e-01; -5.143837e+04; 4.976976e-02
7.750000e-01; -5.243823e+04; 5.076967e-02
7.800000e-01; -5.343810e+04; 5.176957e-02
7.850000e-01; -5.443797e+04; 5.276947e-02
7.900000e-01; -5.543786e+04; 5.376937e-02
7.950000e-01; -5.643777e+04; 5.476927e-02
8.000000e-01; -5.743771e+04; 5.576917e-02
8.050000e-01; -5.843770e+04; 5.676908e-02
8.100000e-01; -5.943775e+04; 5.776898e-02
8.150000e-01; -6.043790e+04; 5.876888e-02
8.200000e-01; -6.143817e+04; 5.976878e-02
8.250000e-01; -6.243861e+04; 6.076868e-02
8.300000e-01; -6.343930e+04; 6.176858e-02
8.350000e-01; -6.444031e+04; 6.276849e-02
8.400000e-01; -6.544176e+04; 6.376839e-02
8.450000e-01; -6.644378e+04; 6.476829e-02
8.500000e-01; -6.744654e+04; 6.576819e-02
8.550000e-01; -6.845027e+04; 6.676809e-02
8.600000e-01; -6.945523e+04; 6.776799e-02
8.650000e-01; -7.046175e+04; 6.876790e-02
8.700000e-01; -7.147022e+04; 6.976780e-02
8.750000e-01; -7.248110e+04; 7.076770e-02
8.800000e-01; -7.349493e+04; 7.176760e-02
8.850000e-01; -7.451234e+04; 7.276750e-02
8.900000e-01; -7.553401e+04; 7.376740e-02
8.950000e-01; -7.656075e+04; 7.476731e-02
9.000000e-01; -7.759339e+04; 7.576721e-02
9.050000e-01; -7.863287e+04; 7.676711e-02
9.100000e-01; -7.968015e+04; 7.776701e-02
9.150000e-01; -8.073624e+04; 7.876691e-02
9.200000e-01; -8.180216e+04; 7.976681e-02
9.250000e-01; -8.287888e+04; 8.076671e-02
9.300000e-01; -8.396734e+04; 8.176662e-02
9.350000e-01; -8.506839e+04; 8.276652e-02
9.400000e-01; -8.618273e+04; 8.376642e-02
9.450000e-01; -8.731090e+04; 8.476632e-02
9.500000e-01; -8.845326e+04; 8.576622e-02
9.550000e-01; -8.960989e+04; 8.676612e-02
9.600000e-01; -9.078064e+04; 8.776603e-02
9.650000e-01; -9.196507e+04; 8.876593e-02
9.700000e-01; -9.316243e+04; 8.976583e-02
9.750000e-01; -9.437170e+04; 9.076573e-02
9.800000e-01; -9.559155e+04; 9.176563e-02
9.850000e-01; -9.682042e+04; 9.276553e-02
9.900000e-01; -9.805649e+04; 9.376544e-02
9.950000e-01; -9.929777e+04; 9.476534e-02
1.000000e+00; -1.005421e+05; 9.576524e-02
1.005000e+00; -1.017874e+05; 9.676514e-02
1.010000e+00; -1.030313e+05; 9.776504e-02
1.015000e+00; -1.042716e+05; 9.876494e-02
1.020000e+00; -1.055063e+05; 9.976485e-02
1.025000e+00; -1.067335e+05; 1.007647e-01
1.030000e+00; -1.079513e+05; 1.017646e-01
1.035000e+00; -1.091584e+05; 1.027645e-01
1.040000e+00; -1.103535e+05; 1.037645e-01
1.045000e+00; -1.115355e+05; 1.047644e-01
1.050000e+00; -1.127040e+05; 1.057643e-01
1.055000e+00; -1.138584e+05; 1.067642e-01
1.060000e+00; -1.149987e+05; 1.077641e-01
1.065000e+00; -1.161251e+05; 1.087640e-01
1.070000e+00; -1.172379e+05; 1.097639e-01
1.075000e+00; -1.183376e+05; 1.107638e-01
1.080000e+00; -1.194251e+05; 1.117637e-01
1.085000e+00; -1.205011e+05; 1.127636e-01
1.090000e+00; -1.215666e+05; 1.137635e-01
1.095000e+00; -1.226224e+05; 1.147634e-01
1.100000e+00; -1.236697e+05; 1.157633e-01
1.105000e+00; -1.247093e+05; 1.167632e-01
1.110000e+00; -1.257422e+05; 1.177631e-01
1.115000e+00; -1.267692e+05; 1.187630e-01
1.120000e+00; -1.277913e+05; 1.197629e-01
1.125000e+00; -1.288092e+05; 1.207628e-01
1.130000e+00; -1.298234e+05; 1.217627e-01
1.135000e+00; -1.308348e+05; 1.227626e-01
1.140000e+00; -1.318436e+05; 1.237625e-01
1.145000e+00; -1.328505e+05; 1.247624e-01
1.150000e+00; -1.338558e+05; 1.257623e-01
1.155000e+00; -1.348598e+05; 1.267622e-01
1.160000e+00; -1.358628e+05; 1.277621e-01
1.165000e+00; -1.368650e+05; 1.287620e-01
1.170000e+00; -1.378666e+05; 1.297619e-01
1.175000e+00; -1.388677e+05; 1.307618e-01
1.180000e+00; -1.398685e+05; 1.317617e-01
1.185000e+00; -1.408689e+05; 1.327616e-01
1.190000e+00; -1.418692e+05; 1.337615e-01
1.195000e+00; -1.428694e+05; 1.347614e-01
1.200000e+00; -1.438694e+05; 1.357613e-01
1.205000e+00; -1.448693e+05; 1.367612e-01
1.210000e+00; -1.458692e+05; 1.377611e-01
1.215000e+00; -1.468691e+05; 1.387610e-01
1.220000e+00; -1.478689e+05; 1.397609e-01
1.225000e+00; -1.488687e+05; 1.407608e-01
1.230000e+00; -1.498684e+05; 1.417608e-01
1.235000e+00; -1.508682e+05; 1.427607e-01
1.240000e+00; -1.518680e+05; 1.437606e-01
1.245000e+00; -1.528677e+05; 1.447606e-01
1.250000e+00; -1.538675e+05; 1.457605e-01
1.255000e+00; -1.548672e+05; 1.467605e-01
1.260000e+00; -1.558670e+05; 1.477605e-01
1.265000e+00; -1.568667e+05; 1.487606e-01
1.270000e+00; -1.578664e+05; 1.497607e-01
1.275000e+00; -1.588662e+05; 1.507609e-01
1.280000e+00; -1.598659e+05; 1.517612e-01
1.285000e+00; -1.608657e+05; 1.527616e-01
1.290000e+00; -1.618654e+05; 1.537622e-01
1.295000e+00; -1.628651e+05; 1.547631e-01
1.300000e+00; -1.638649e+05; 1.557642e-01
1.305000e+00; -1.648646e+05; 1.567656e-01
1.310000e+00; -1.658643e+05; 1.577675e-01
1.315000e+00; -1.668641e+05; 1.587700e-01
1.320000e+00; -1.678638e+05; 1.597732e-01
1.325000e+00; -1.688635e+05; 1.607773e-01
1.330000e+00; -1.698633e+05; 1.617824e-01
1.335000e+00; -1.708630e+05; 1.627889e-01
1.340000e+00; -1.718627e+05; 1.637970e-01
1.345000e+00; -1.728625e+05; 1.648071e-01
1.350000e+00; -1.738622e+05; 1.658196e-01
1.355000e+00; -1.748619e+05; 1.668348e-01
1.360000e+00; -1.758616e+05; 1.678535e-01
1.365000e+00; -1.768613e+05; 1.688760e-01
1.370000e+00; -1.778611e+05; 1.699032e-01
1.375000e+00; -1.788608e+05; 1.709359e-01
1.380000e+00; -1.798605e+05; 1.719747e-01
1.385000e+00; -1.808602e+05; 1.730207e-01
1.390000e+00; -1.818599e+05; 1.740750e-01
1.395000e+00; -1.828597e+05; 1.751385e-01
1.400000e+00; -1.838594e+05; 1.762125e-01
1.405000e+00; -1.848591e+05; 1.772984e-01
1.410000e+00; -1.858588e+05; 1.783973e-01
1.415000e+00; -1.868585e+05; 1.795108e-01
1.420000e+00; -1.878582e+05; 1.806403e-01
1.425000e+00; -1.888579e+05; 1.817872e-01
1.430000e+00; -1.898576e+05; 1.829532e-01
1.435000e+00; -1.908574e+05; 1.841396e-01
1.440000e+00; -1.918571e+05; 1.853480e-01
1.445000e+00; -1.928568e+05; 1.865799e-01
1.450000e+00; -1.938565e+05; 1.878366e-01
1.455000e+00; -1.948562e+05; 1.891195e-01
1.460000e+00; -1.958559e+05; 1.904297e-01
1.465000e+00; -1.968556e+05; 1.917683e-01
1.470000e+00; -1.978553e+05; 1.931364e-01
1.475000e+00; -1.988550e+05; 1.945346e-01
1.480000e+00; -1.998547e+05; 1.959637e-01
1.485000e+00; -2.008544e+05; 1.974239e-01
1.490000e+00; -2.018541e+05; 1.989157e-01
1.495000e+00; -2.028538e+05; 2.004389e-01
1.500000e+00; -2.038535e+05; 2.019936e-01
1.505000e+00; -2.048532e+05; 2.035792e-01
1.510000e+00; -2.058529e+05; 2.051954e-01
1.515000e+00; -2.068526e+05; 2.068414e-01
1.520000e+00; -2.078522e+05; 2.085163e-01
1.525000e+00; -2.088519e+05; 2.102191e-01
1.530000e+00; -2.098516e+05; 2.119486e-01
1.535000e+00; -2.108513e+05; 2.137037e-01
1.540000e+00; -2.118510e+05; 2.154829e-01
1.545000e+00; -2.128507e+05; 2.172848e-01
1.550000e+00; -2.138504e+05; 2.191080e-01
1.555000e+00; -2.148501e+05; 2.209509e-01
1.560000e+00; -2.158497e+05; 2.228120e-01
1.565000e+00; -2.168494e+05; 2.246899e-01
1.570000e+00; -2.178491e+05; 2.265830e-01
1.575000e+00; -2.188488e+05; 2.284900e-01
1.580000e+00; -2.198485e+05; 2.304095e-01
1.585000e+00; -2.208481e+05; 2.323401e-01
1.590000e+00; -2.218478e+05; 2.342807e-01
1.595000e+00; -2.228475e+05; 2.362300e-01
1.600000e+00; -2.238472e+05; 2.381871e-01
1.605000e+00; -2.248468e+05; 2.401509e-01
1.610000e+00; -2.258465e+05; 2.421205e-01
1.615000e+00; -2.268462e+05; 2.440952e-01
1.620000e+00; -2.278459e+05; 2.460742e-01
1.625000e+00; -2.288455e+05; 2.480569e-01
1.630000e+00; -2.298452e+05; 2.500426e-01
1.635000e+00; -2.308449e+05; 2.520310e-01
1.640000e+00; -2.318445e+05; 2.540216e-01
1.645000e+00; -2.328442e+05; 2.560140e-01
1.650000e+00; -2.338439e+05; 2.580079e-01
1.655000e+00; -2.348435e+05; 2.600030e-01
1.660000e+00; -2.358432e+05; 2.619991e-01
1.665000e+00; -2.368429e+05; 2.639960e-01
1.670000e+00; -2.378425e+05; 2.659935e-01
1.675000e+00; -2.388422e+05; 2.679916e-01
1.680000e+00; -2.398418e+05; 2.699901e-01
1.685000e+00; -2.408415e+05; 2.719889e-01
1.690000e+00; -2.418411e+05; 2.739880e-01
1.695000e+00; -2.428407e+05; 2.759872e-01
1.700000e+00; -2.438404e+05; 2.779866e-01
1.705000e+00; -2.448400e+05; 2.799861e-01
1.710000e+00; -2.458396e+05; 2.819857e-01
1.715000e+00; -2.468392e+05; 2.839854e-01
1.720000e+00; -2.478387e+05; 2.859851e-01
1.725000e+00; -2.488383e+05; 2.879849e-01
1.730000e+00; -2.498378e+05; 2.899847e-01
1.735000e+00; -2.508372e+05; 2.919845e-01
1.740000e+00; -2.518366e+05; 2.939843e-01
1.745000e+00; -2.528359e+05; 2.959841e-01
1.750000e+00; -2.538351e+05; 2.979840e-01
1.755000e+00; -2.548342e+05; 2.999838e-01
1.760000e+00; -2.558331e+05; 3.019837e-01
1.765000e+00; -2.568318e+05; 3.039835e-01
1.770000e+00; -2.578302e+05; 3.059834e-01
1.775000e+00; -2.588283e+05; 3.079832e-01
1.780000e+00; -2.598260e+05; 3.099830e-01
1.785000e+00; -2.608233e+05; 3.119829e-01
1.790000e+00; -2.618199e+05; 3.139827e-01
1.795000e+00; -2.628157e+05; 3.159826e-01
1.800000e+00; -2.638107e+05; 3.179824e-01
1.805000e+00; -2.648045e+05; 3.199823e-01
1.810000e+00; -2.657970e+05; 3.219821e-01
1.815000e+00; -2.667879e+05; 3.239820e-01
1.820000e+00; -2.677769e+05; 3.259818e-01
1.825000e+00; -2.687636e+05; 3.279816e-01
1.830000e+00; -2.697476e+05; 3.299815e-01
1.835000e+00; -2.707285e+05; 3.319813e-01
1.840000e+00; -2.717056e+05; 3.339811e-01
1.845000e+00; -2.726784e+05; 3.359810e-01
1.850000e+00; -2.736461e+05; 3.379808e-01
1.855000e+00; -2.746079e+05; 3.399807e-01
1.860000e+00; -2.755630e+05; 3.419805e-01
1.865000e+00; -2.765104e+05; 3.439803e-01
1.870000e+00; -2.774489e+05; 3.459801e-01
1.875000e+00; -2.783775e+05; 3.479800e-01
1.880000e+00; -2.792947e+05; 3.499798e-01
1.885000e+00; -2.801993e+05; 3.519796e-01
1.890000e+00; -2.810895e+05; 3.539795e-01
1.895000e+00; -2.819640e+05; 3.559793e-01
1.900000e+00; -2.828207e+05; 3.579791e-01
1.905000e+00; -2.836581e+05; 3.599789e-01
1.910000e+00; -2.844741e+05; 3.619788e-01
1.915000e+00; -2.852666e+05; 3.639786e-01
1.920000e+00; -2.860338e+05; 3.659784e-01
1.925000e+00; -2.867733e+05; 3.679782e-01
1.930000e+00; -2.874830e+05; 3.699780e-01
1.935000e+00; -2.881608e+05; 3.719779e-01
1.940000e+00; -2.888043e+05; 3.739777e-01
1.945000e+00; -2.894115e+05; 3.759775e-01
1.950000e+00; -2.899801e+05; 3.779773e-01
1.955000e+00; -2.905081e+05; 3.799771e-01
1.960000e+00; -2.909935e+05; 3.819769e-01
1.965000e+00; -2.914343e+05; 3.839767e-01
1.970000e+00; -2.918287e+05; 3.859765e-01
1.975000e+00; -2.921752e+05; 3.879764e-01
1.980000e+00; -2.924722e+05; 3.899762e-01
1.985000e+00; -2.927185e+05; 3.919760e-01
1.990000e+00; -2.929130e+05; 3.939758e-01
1.995000e+00; -2.930549e+05; 3.959756e-01
2.000000e+00; -2.931435e+05; 3.979754e-01
2.005000e+00; -2.931784e+05; 3.999752e-01
2.010000e+00; -2.931596e+05; 4.019750e-01
2.015000e+00; -2.930871e+05; 4.039748e-01
2.020000e+00; -2.929612e+05; 4.059746e-01
2.025000e+00; -2.927825e+05; 4.079744e-01
2.030000e+00; -2.925519e+05; 4.099742e-01
2.035000e+00; -2.922703e+05; 4.119740e-01
2.040000e+00; -2.919391e+05; 4.139738e-01
2.045000e+00; -2.915596e+05; 4.159736e-01
2.050000e+00; -2.911334e+05; 4.179734e-01
2.055000e+00; -2.906623e+05; 4.199732e-01
2.060000e+00; -2.901481e+05; 4.219730e-01
2.065000e+00; -2.895928e+05; 4.239728e-01
2.070000e+00; -2.889985e+05; 4.259725e-01
2.075000e+00; -2.883674e+05; 4.279723e-01
2.080000e+00; -2.877015e+05; 4.299721e-01
2.085000e+00; -2.870031e+05; 4.319719e-01
2.090000e+00; -2.862744e+05; 4.339717e-01
2.095000e+00; -2.855175e+05; 4.359715e-01
2.100000e+00; -2.847346e+05; 4.379713e-01
2.105000e+00; -2.839277e+05; 4.399711e-01
2.110000e+00; -2.830988e+05; 4.419708e-01
2.115000e+00; -2.822499e+05; 4.439706e-01
2.120000e+00; -2.813829e+05; 4.459704e-01
2.125000e+00; -2.804994e+05; 4.479702e-01
2.130000e+00; -2.796011e+05; 4.499700e-01
2.135000e+00; -2.786895e+05; 4.519697e-01
2.140000e+00; -2.777662e+05; 4.539695e-01
2.145000e+00; -2.768323e+05; 4.559693e-01
2.150000e+00; -2.758892e+05; 4.579691e-01
2.155000e+00; -2.749379e+05; 4.599688e-01
2.160000e+00; -2.739794e+05; 4.619686e-01
2.165000e+00; -2.730147e+05; 4.639684e-01
2.170000e+00; -2.720445e+05; 4.659682e-01
2.175000e+00; -2.710697e+05; 4.679679e-01
2.180000e+00; -2.700909e+05; 4.699677e-01
2.185000e+00; -2.691086e+05; 4.719675e-01
2.190000e+00; -2.681233e+05; 4.739672e-01
2.195000e+00; -2.671355e+05; 4.759670e-01
2.200000e+00; -2.661456e+05; 4.779667e-01
2.205000e+00; -2.651540e+05; 4.799665e-01
2.210000e+00; -2.641608e+05; 4.819662e-01
2.215000e+00; -2.631664e+05; 4.839660e-01
2.220000e+00; -2.621709e+05; 4.859657e-01
2.225000e+00; -2.611746e+05; 4.879654e-01
2.230000e+00; -2.601776e+05; 4.899651e-01
2.235000e+00; -2.591800e+05; 4.919648e-01
2.240000e+00; -2.581820e+05; 4.939644e-01
2.245000e+00; -2.571835e+05; 4.959640e-01
2.250000e+00; -2.561848e+05; 4.979636e-01
2.255000e+00; -2.551858e+05; 4.999630e-01
2.260000e+00; -2.541865e+05; 5.019624e-01
2.265000e+00; -2.531872e+05; 5.039617e-01
2.270000e+00; -2.521877e+05; 5.059609e-01
2.275000e+00; -2.511881e+05; 5.079599e-01
2.280000e+00; -2.501884e+05; 5.099587e-01
2.285000e+00; -2.491887e+05; 5.119573e-01
2.290000e+00; -2.481889e+05; 5.139555e-01
2.295000e+00; -2.471891e+05; 5.159534e-01
2.300000e+00; -2.461892e+05; 5.179509e-01
2.305000e+00; -2.451894e+05; 5.199478e-01
2.310000e+00; -2.441895e+05; 5.219441e-01
2.315000e+00; -2.431896e+05; 5.239397e-01
2.320000e+00; -2.421897e+05; 5.259344e-01
2.325000e+00; -2.411898e+05; 5.279280e-01
2.330000e+00; -2.401898e+05; 5.299204e-01
2.335000e+00; -2.391899e+05; 5.319114e-01
2.340000e+00; -2.381900e+05; 5.339007e-01
2.345000e+00; -2.371901e+05; 5.358881e-01
2.350000e+00; -2.361901e+05; 5.378732e-01
2.355000e+00; -2.351902e+05; 5.398557e-01
2.360000e+00; -2.341903e+05; 5.418353e-01
2.365000e+00; -2.331904e+05; 5.438116e-01
2.370000e+00; -2.321904e+05; 5.457841e-01
2.375000e+00; -2.311905e+05; 5.477523e-01
2.380000e+00; -2.301906e+05; 5.497157e-01
2.385000e+00; -2.291907e+05; 5.516737e-01
2.390000e+00; -2.281907e+05; 5.536257e-01
2.395000e+00; -2.271908e+05; 5.555711e-01
2.400000e+00; -2.261909e+05; 5.575090e-01
2.405000e+00; -2.251910e+05; 5.594389e-01
2.410000e+00; -2.241911e+05; 5.613599e-01
2.415000e+00; -2.231911e+05; 5.632712e-01
2.420000e+00; -2.221912e+05; 5.651719e-01
2.425000e+00; -2.211913e+05; 5.670612e-01
2.430000e+00; -2.201914e+05; 5.689381e-01
2.435000e+00; -2.191915e+05; 5.708018e-01
2.440000e+00; -2.181916e+05; 5.726513e-01
2.445000e+00; -2.171917e+05; 5.744857e-01
2.450000e+00; -2.161917e+05; 5.763041e-01
2.455000e+00; -2.151918e+05; 5.781054e-01
2.460000e+00; -2.141919e+05; 5.798889e-01
2.465000e+00; -2.131920e+05; 5.816537e-01
2.470000e+00; -2.121921e+05; 5.833988e-01
2.475000e+00; -2.111922e+05; 5.851235e-01
2.480000e+00; -2.101923e+05; 5.868271e-01
2.485000e+00; -2.091924e+05; 5.885088e-01
2.490000e+00; -2.081925e+05; 5.901680e-01
2.495000e+00; -2.071926e+05; 5.918041e-01
2.500000e+00; -2.061927e+05; 5.934167e-01
2.505000e+00; -2.051928e+05; 5.950054e-01
2.510000e+00; -2.041929e+05; 5.965698e-01
2.515000e+00; -2.031930e+05; 5.981097e-01
2.520000e+00; -2.021931e+05; 5.996250e-01
2.525000e+00; -2.011932e+05; 6.011157e-01
2.530000e+00; -2.001933e+05; 6.025817e-01
2.535000e+00; -1.991934e+05; 6.040233e-01
2.540000e+00; -1.981935e+05; 6.054406e-01
2.545000e+00; -1.971936e+05; 6.068340e-01
2.550000e+00; -1.961937e+05; 6.082040e-01
2.555000e+00; -1.951938e+05; 6.095509e-01
2.560000e+00; -1.941940e+05; 6.108754e-01
2.565000e+00; -1.931941e+05; 6.121781e-01
2.570000e+00; -1.921942e+05; 6.134596e-01
2.575000e+00; -1.911943e+05; 6.147208e-01
2.580000e+00; -1.901944e+05; 6.159624e-01
2.585000e+00; -1.891945e+05; 6.171853e-01
2.590000e+00; -1.881946e+05; 6.183904e-01
2.595000e+00; -1.871947e+05; 6.195784e-01
2.600000e+00; -1.861949e+05; 6.207503e-01
2.605000e+00; -1.851950e+05; 6.219071e-01
2.610000e+00; -1.841951e+05; 6.230496e-01
2.615000e+00; -1.831952e+05; 6.241788e-01
2.620000e+00; -1.821953e+05; 6.252956e-01
2.625000e+00; -1.811954e+05; 6.264007e-01
2.630000e+00; -1.801955e+05; 6.274951e-01
2.635000e+00; -1.791956e+05; 6.285797e-01
2.640000e+00; -1.781957e+05; 6.296552e-01
2.645000e+00; -1.771958e+05; 6.307223e-01
2.650000e+00; -1.761958e+05; 6.317819e-01
2.655000e+00; -1.751959e+05; 6.328345e-01
2.660000e+00; -1.741959e+05; 6.338809e-01
2.665000e+00; -1.731959e+05; 6.349216e-01
2.670000e+00; -1.721959e+05; 6.359573e-01
2.675000e+00; -1.711959e+05; 6.369884e-01
2.680000e+00; -1.701958e+05; 6.380155e-01
2.685000e+00; -1.691956e+05; 6.390389e-01
2.690000e+00; -1.681954e+05; 6.400592e-01
2.695000e+00; -1.671952e+05; 6.410766e-01
2.700000e+00; -1.661948e+05; 6.420915e-01
2.705000e+00; -1.651944e+05; 6.431043e-01
2.710000e+00; -1.641938e+05; 6.441151e-01
2.715000e+00; -1.631931e+05; 6.451243e-01
2.720000e+00; -1.621923e+05; 6.461320e-01
2.725000e+00; -1.611912e+05; 6.471385e-01
2.730000e+00; -1.601900e+05; 6.481440e-01
2.735000e+00; -1.591885e+05; 6.491485e-01
2.740000e+00; -1.581866e+05; 6.501522e-01
2.745000e+00; -1.571845e+05; 6.511553e-01
2.750000e+00; -1.561819e+05; 6.521578e-01
2.755000e+00; -1.551789e+05; 6.531598e-01
2.760000e+00; -1.541754e+05; 6.541615e-01
2.765000e+00; -1.531713e+05; 6.551627e-01
2.770000e+00; -1.521665e+05; 6.561637e-01
2.775000e+00; -1.511610e+05; 6.571645e-01
2.780000e+00; -1.501546e+05; 6.581651e-01
2.785000e+00; -1.491472e+05; 6.591655e-01
2.790000e+00; -1.481388e+05; 6.601657e-01
2.795000e+00; -1.471292e+05; 6.611659e-01
2.800000e+00; -1.461183e+05; 6.621659e-01
2.805000e+00; -1.451059e+05; 6.631659e-01
2.810000e+00; -1.440920e+05; 6.641659e-01
2.815000e+00; -1.430762e+05; 6.651658e-01
2.820000e+00; -1.420585e+05; 6.661656e-01
2.825000e+00; -1.410388e+05; 6.671654e-01
2.830000e+00; -1.400167e+05; 6.681652e-01
2.835000e+00; -1.389922e+05; 6.691650e-01
2.840000e+00; -1.379650e+05; 6.701647e-01
2.845000e+00; -1.369350e+05; 6.711645e-01
2.850000e+00; -1.359020e+05; 6.721642e-01
2.855000e+00; -1.348657e+05; 6.731639e-01
2.860000e+00; -1.338260e+05; 6.741636e-01
2.865000e+00; -1.327827e+05; 6.751634e-01
2.870000e+00; -1.317356e+05; 6.761631e-01
2.875000e+00; -1.306845e+05; 6.771628e-01
2.880000e+00; -1.296293e+05; 6.781625e-01
2.885000e+00; -1.285699e+05; 6.791622e-01
2.890000e+00; -1.275060e+05; 6.801619e-01
2.895000e+00; -1.264376e+05; 6.811616e-01
2.900000e+00; -1.253647e+05; 6.821613e-01
2.905000e+00; -1.242870e+05; 6.831610e-01
2.910000e+00; -1.232046e+05; 6.841607e-01
2.915000e+00; -1.221175e+05; 6.851603e-01
2.920000e+00; -1.210256e+05; 6.861600e-01
2.925000e+00; -1.199290e+05; 6.871597e-01
2.930000e+00; -1.188278e+05; 6.881594e-01
2.935000e+00; -1.177221e+05; 6.891591e-01
2.940000e+00; -1.166120e+05; 6.901588e-01
2.945000e+00; -1.154976e+05; 6.911585e-01
2.950000e+00; -1.143793e+05; 6.921582e-01
2.955000e+00; -1.132572e+05; 6.931579e-01
2.960000e+00; -1.121315e+05; 6.941576e-01
2.965000e+00; -1.110027e+05; 6.951573e-01
2.970000e+00; -1.098709e+05; 6.961570e-01
2.975000e+00; -1.087365e+05; 6.971567e-01
2.980000e+00; -1.076000e+05; 6.981564e-01
2.985000e+00; -1.064616e+05; 6.991561e-01
2.990000e+00; -1.053219e+05; 7.001558e-01
2.995000e+00; -1.041811e+05; 7.011555e-01
3.000000e+00; -1.030398e+05; 7.021552e-01
3.005000e+00; -1.018983e+05; 7.031549e-01
3.010000e+00; -1.007572e+05; 7.041546e-01
3.015000e+00; -9.961669e+04; 7.051542e-01
3.020000e+00; -9.847735e+04; 7.061539e-01
3.025000e+00; -9.733956e+04; 7.071536e-01
3.030000e+00; -9.620371e+04; 7.081533e-01
3.035000e+00; -9.507017e+04; 7.091530e-01
3.040000e+00; -9.393930e+04; 7.101527e-01
3.045000e+00; -9.281144e+04; 7.111524e-01
3.050000e+00; -9.168690e+04; 7.121521e-01
3.055000e+00; -9.056595e+04; 7.131518e-01
3.060000e+00; -8.944884e+04; 7.141515e-01
3.065000e+00; -8.833580e+04; 7.151512e-01
3.070000e+00; -8.722701e+04; 7.161509e-01
3.075000e+00; -8.612263e+04; 7.171506e-01
3.080000e+00; -8.502279e+04; 7.181502e-01
3.085000e+00; -8.392756e+04; 7.191499e-01
3.090000e+00; -8.283702e+04; 7.201496e-01
3.095000e+00; -8.175119e+04; 7.211493e-01
3.100000e+00; -8.067007e+04; 7.221489e-01
3.105000e+00; -7.959364e+04; 7.231486e-01
3.110000e+00; -7.852184e+04; 7.241482e-01
3.115000e+00; -7.745459e+04; 7.251479e-01
3.120000e+00; -7.639179e+04; 7.261475e-01
3.125000e+00; -7.533333e+04; 7.271471e-01
3.130000e+00; -7.427908e+04; 7.281467e-01
3.135000e+00; -7.322888e+04; 7.291463e-01
3.140000e+00; -7.218256e+04; 7.301459e-01
3.145000e+00; -7.113997e+04; 7.311454e-01
3.150000e+00; -7.010091e+04; 7.321449e-01
3.155000e+00; -6.906521e+04; 7.331443e-01
3.160000e+00; -6.803267e+04; 7.341437e-01
3.165000e+00; -6.700311e+04; 7.351430e-01
3.170000e+00; -6.597634e+04; 7.361422e-01
3.175000e+00; -6.495217e+04; 7.371413e-01
3.180000e+00; -6.393041e+04; 7.381404e-01
3.185000e+00; -6.291088e+04; 7.391392e-01
3.190000e+00; -6.189342e+04; 7.401380e-01
3.195000e+00; -6.087785e+04; 7.411365e-01
3.200000e+00; -5.986402e+04; 7.421349e-01
3.205000e+00; -5.885176e+04; 7.431330e-01
3.210000e+00; -5.784094e+04; 7.441308e-01
3.215000e+00; -5.683142e+04; 7.451283e-01
3.220000e+00; -5.582307e+04; 7.461253e-01
3.225000e+00; -5.481578e+04; 7.471220e-01
3.230000e+00; -5.380944e+04; 7.481181e-01
3.235000e+00; -5.280394e+04; 7.491136e-01
3.240000e+00; -5.179919e+04; 7.501085e-01
3.245000e+00; -5.079510e+04; 7.511025e-01
3.250000e+00; -4.979161e+04; 7.520957e-01
3.255000e+00; -4.878863e+04; 7.530879e-01
3.260000e+00; -4.778611e+04; 7.540789e-01
3.265000e+00; -4.678399e+04; 7.550687e-01
3.270000e+00; -4.578222e+04; 7.560570e-01
3.275000e+00; -4.478075e+04; 7.570436e-01
3.280000e+00; -4.377954e+04; 7.580284e-01
3.285000e+00; -4.277856e+04; 7.590112e-01
3.290000e+00; -4.177777e+04; 7.599917e-01
3.295000e+00; -4.077715e+04; 7.609696e-01
3.300000e+00; -3.977667e+04; 7.619447e-01
3.305000e+00; -3.877632e+04; 7.629167e-01
3.310000e+00; -3.777606e+04; 7.638852e-01
3.315000e+00; -3.677590e+04; 7.648500e-01
3.320000e+00; -3.577581e+04; 7.658105e-01
3.325000e+00; -3.477579e+04; 7.667665e-01
3.330000e+00; -3.377582e+04; 7.677176e-01
3.335000e+00; -3.277589e+04; 7.686632e-01
3.340000e+00; -3.177600e+04; 7.696029e-01
3.345000e+00; -3.077614e+04; 7.705362e-01
3.350000e+00; -2.977630e+04; 7.714626e-01
3.355000e+00; -2.877649e+04; 7.723816e-01
3.360000e+00; -2.777670e+04; 7.732926e-01
3.365000e+00; -2.677692e+04; 7.741951e-01
3.370000e+00; -2.577715e+04; 7.750884e-01
3.375000e+00; -2.477740e+04; 7.759720e-01
3.380000e+00; -2.377765e+04; 7.768452e-01
3.385000e+00; -2.277791e+04; 7.777074e-01
3.390000e+00; -2.177817e+04; 7.785580e-01
3.395000e+00; -2.077844e+04; 7.793963e-01
3.400000e+00; -1.977871e+04; 7.802217e-01
3.405000e+00; -1.877899e+04; 7.810336e-01
3.410000e+00; -1.777927e+04; 7.818313e-01
3.415000e+00; -1.677956e+04; 7.826143e-01
3.420000e+00; -1.577984e+04; 7.833819e-01
3.425000e+00; -1.478013e+04; 7.841335e-01
3.430000e+00; -1.378042e+04; 7.848685e-01
3.435000e+00; -1.278071e+04; 7.855865e-01
3.440000e+00; -1.178100e+04; 7.862869e-01
3.445000e+00; -1.078129e+04; 7.869692e-01
3.450000e+00; -9.781590e+03; 7.876330e-01
3.455000e+00; -8.781886e+03; 7.882778e-01
3.460000e+00; -7.782184e+03; 7.889034e-01
3.465000e+00; -6.782483e+03; 7.895094e-01
3.470000e+00; -5.782783e+03; 7.900955e-01
3.475000e+00; -4.783084e+03; 7.906616e-01
3.480000e+00; -3.783386e+03; 7.912073e-01
3.485000e+00; -2.783690e+03; 7.917327e-01
3.490000e+00; -1.783994e+03; 7.922377e-01
3.495000e+00; -7.843000e+02; 7.927221e-01
3.500000e+00; 2.153929e+02; 7.931862e-01
3.505000e+00; 1.215085e+03; 7.936300e-01
3.510000e+00; 2.214775e+03; 7.940535e-01
3.515000e+00; 3.214464e+03; 7.944572e-01
3.520000e+00; 4.214151e+03; 7.948411e-01
3.525000e+00; 5.213836e+03; 7.952055e-01
3.530000e+00; 6.213520e+03; 7.955509e-01
3.535000e+00; 7.213201e+03; 7.958776e-01
3.540000e+00; 8.212880e+03; 7.961861e-01
3.545000e+00; 9.212556e+03; 7.964767e-01
3.550000e+00; 1.021223e+04; 7.967500e-01
3.555000e+00; 1.121190e+04; 7.970066e-01
3.560000e+00; 1.221156e+04; 7.972469e-01
3.565000e+00; 1.321122e+04; 7.974716e-01
3.570000e+00; 1.421088e+04; 7.976812e-01
3.575000e+00; 1.521052e+04; 7.978764e-01
3.580000e+00; 1.621016e+04; 7.980578e-01
3.585000e+00; 1.720979e+04; 7.982260e-01
3.590000e+00; 1.820941e+04; 7.983816e-01
3.595000e+00; 1.920901e+04; 7.985253e-01
3.600000e+00; 2.020859e+04; 7.986578e-01
3.605000e+00; 2.120815e+04; 7.987795e-01
3.610000e+00; 2.220769e+04; 7.988912e-01
3.615000e+00; 2.320720e+04; 7.989935e-01
3.620000e+00; 2.420667e+04; 7.990870e-01
3.625000e+00; 2.520610e+04; 7.991721e-01
3.630000e+00; 2.620548e+04; 7.992496e-01
3.635000e+00; 2.720480e+04; 7.993199e-01
3.640000e+00; 2.820405e+04; 7.993836e-01
3.645000e+00; 2.920322e+04; 7.994411e-01
3.650000e+00; 3.020229e+04; 7.994929e-01
3.655000e+00; 3.120124e+04; 7.995396e-01
3.660000e+00; 3.220006e+04; 7.995814e-01
3.665000e+00; 3.319871e+04; 7.996189e-01
3.670000e+00; 3.419718e+04; 7.996523e-01
3.675000e+00; 3.519542e+04; 7.996821e-01
3.680000e+00; 3.619342e+04; 7.997086e-01
3.685000e+00; 3.719111e+04; 7.997322e-01
3.690000e+00; 3.818846e+04; 7.997530e-01
3.695000e+00; 3.918542e+04; 7.997713e-01
3.700000e+00; 4.018191e+04; 7.997875e-01
3.705000e+00; 4.117787e+04; 7.998017e-01
3.710000e+00; 4.217323e+04; 7.998141e-01
3.715000e+00; 4.316788e+04; 7.998250e-01
3.720000e+00; 4.416174e+04; 7.998345e-01
3.725000e+00; 4.515468e+04; 7.998428e-01
3.730000e+00; 4.614658e+04; 7.998499e-01
3.735000e+00; 4.713730e+04; 7.998561e-01
3.740000e+00; 4.812668e+04; 7.998614e-01
3.745000e+00; 4.911455e+04; 7.998660e-01
3.750000e+00; 5.010070e+04; 7.998700e-01
3.755000e+00; 5.108494e+04; 7.998734e-01
3.760000e+00; 5.206701e+04; 7.998762e-01
3.765000e+00; 5.304666e+04; 7.998787e-01
3.770000e+00; 5.402360e+04; 7.998808e-01
3.775000e+00; 5.499752e+04; 7.998825e-01
3.780000e+00; 5.596808e+04; 7.998840e-01
3.785000e+00; 5.693491e+04; 7.998852e-01
3.790000e+00; 5.789760e+04; 7.998863e-01
3.795000e+00; 5.885573e+04; 7.998871e-01
3.800000e+00; 5.980882e+04; 7.998878e-01
3.805000e+00; 6.075637e+04; 7.998884e-01
3.810000e+00; 6.169784e+04; 7.998889e-01
3.815000e+00; 6.263265e+04; 7.998893e-01
3.820000e+00; 6.356019e+04; 7.998896e-01
3.825000e+00; 6.447981e+04; 7.998898e-01
3.830000e+00; 6.539080e+04; 7.998900e-01
3.835000e+00; 6.629245e+04; 7.998902e-01
3.840000e+00; 6.718398e+04; 7.998903e-01
3.845000e+00; 6.806457e+04; 7.998904e-01
3.850000e+00; 6.893340e+04; 7.998904e-01
3.855000e+00; 6.978957e+04; 7.998905e-01
3.860000e+00; 7.063217e+04; 7.998905e-01
3.865000e+00; 7.146025e+04; 7.998905e-01
3.870000e+00; 7.227282e+04; 7.998905e-01
3.875000e+00; 7.306889e+04; 7.998905e-01
3.880000e+00; 7.384742e+04; 7.998905e-01
3.885000e+00; 7.460735e+04; 7.998904e-01
3.890000e+00; 7.534761e+04; 7.998904e-01
3.895000e+00; 7.606712e+04; 7.998904e-01
3.900000e+00; 7.676477e+04; 7.998904e-01
3.905000e+00; 7.743946e+04; 7.998903e-01
3.910000e+00; 7.809009e+04; 7.998903e-01
3.915000e+00; 7.871557e+04; 7.998903e-01
3.920000e+00; 7.931480e+04; 7.998903e-01
3.925000e+00; 7.988671e+04; 7.998902e-01
3.930000e+00; 8.043026e+04; 7.998902e-01
3.935000e+00; 8.094441e+04; 7.998902e-01
3.940000e+00; 8.142818e+04; 7.998901e-01
3.945000e+00; 8.188061e+04; 7.998901e-01
3.950000e+00; 8.230079e+04; 7.998901e-01
3.955000e+00; 8.268787e+04; 7.998901e-01
3.960000e+00; 8.304104e+04; 7.998901e-01
3.965000e+00; 8.335955e+04; 7.998901e-01
3.970000e+00; 8.364272e+04; 7.998900e-01
3.975000e+00; 8.388995e+04; 7.998900e-01
3.980000e+00; 8.410068e+04; 7.998900e-01
3.985000e+00; 8.427446e+04; 7.998900e-01
3.990000e+00; 8.441090e+04; 7.998900e-01
3.995000e+00; 8.450970e+04; 7.998900e-01
4.000000e+00; 8.457064e+04; 7.998900e-01
4.005000e+00; 8.459359e+04; 7.998900e-01
4.010000e+00; 8.457850e+04; 7.998900e-01
4.015000e+00; 8.452540e+04; 7.998900e-01
4.020000e+00; 8.443443e+04; 7.998900e-01
4.025000e+00; 8.430580e+04; 7.998900e-01
4.030000e+00; 8.413979e+04; 7.998900e-01
4.035000e+00; 8.393679e+04; 7.998901e-01
4.040000e+00; 8.369725e+04; 7.998901e-01
4.045000e+00; 8.342170e+04; 7.998901e-01
4.050000e+00; 8.311075e+04; 7.998901e-01
4.055000e+00; 8.276506e+04; 7.998901e-01
4.060000e+00; 8.238537e+04; 7.998902e-01
4.065000e+00; 8.197249e+04; 7.998902e-01
4.070000e+00; 8.152726e+04; 7.998902e-01
4.075000e+00; 8.105058e+04; 7.998903e-01
4.080000e+00; 8.054340e+04; 7.998903e-01
4.085000e+00; 8.000669e+04; 7.998904e-01
4.090000e+00; 7.944148e+04; 7.998904e-01
4.095000e+00; 7.884881e+04; 7.998905e-01
4.100000e+00; 7.822974e+04; 7.998906e-01
4.105000e+00; 7.758535e+04; 7.998907e-01
4.110000e+00; 7.691673e+04; 7.998908e-01
4.115000e+00; 7.622498e+04; 7.998909e-01
4.120000e+00; 7.551119e+04; 7.998910e-01
4.125000e+00; 7.477646e+04; 7.998912e-01
4.130000e+00; 7.402186e+04; 7.998914e-01
4.135000e+00; 7.324847e+04; 7.998916e-01
4.140000e+00; 7.245734e+04; 7.998918e-01
4.145000e+00; 7.164949e+04; 7.998921e-01
4.150000e+00; 7.082593e+04; 7.998924e-01
4.155000e+00; 6.998765e+04; 7.998928e-01
4.160000e+00; 6.913558e+04; 7.998933e-01
4.165000e+00; 6.827064e+04; 7.998938e-01
4.170000e+00; 6.739372e+04; 7.998944e-01
4.175000e+00; 6.650567e+04; 7.998951e-01
4.180000e+00; 6.560728e+04; 7.998959e-01
4.185000e+00; 6.469934e+04; 7.998969e-01
4.190000e+00; 6.378259e+04; 7.998980e-01
4.195000e+00; 6.285770e+04; 7.998993e-01
4.200000e+00; 6.192535e+04; 7.999008e-01
4.205000e+00; 6.098616e+04; 7.999025e-01
4.210000e+00; 6.004070e+04; 7.999045e-01
4.215000e+00; 5.908953e+04; 7.999068e-01
4.220000e+00; 5.813315e+04; 7.999095e-01
4.225000e+00; 5.717204e+04; 7.999125e-01
4.230000e+00; 5.620664e+04; 7.999160e-01
4.235000e+00; 5.523735e+04; 7.999201e-01
4.240000e+00; 5.426457e+04; 7.999247e-01
4.245000e+00; 5.328863e+04; 7.999300e-01
4.250000e+00; 5.230985e+04; 7.999360e-01
4.255000e+00; 5.132853e+04; 7.999428e-01
4.260000e+00; 5.034493e+04; 7.999506e-01
4.265000e+00; 4.935931e+04; 7.999594e-01
4.270000e+00; 4.837188e+04; 7.999694e-01
4.275000e+00; 4.738284e+04; 7.999807e-01
4.280000e+00; 4.639238e+04; 7.999935e-01
4.285000e+00; 4.540066e+04; 8.000078e-01
4.290000e+00; 4.440782e+04; 8.000239e-01
4.295000e+00; 4.341401e+04; 8.000420e-01
4.300000e+00; 4.241934e+04; 8.000622e-01
4.305000e+00; 4.142391e+04; 8.000848e-01
4.310000e+00; 4.042782e+04; 8.001100e-01
4.315000e+00; 3.943116e+04; 8.001380e-01
4.320000e+00; 3.843400e+04; 8.001691e-01
4.325000e+00; 3.743640e+04; 8.002037e-01
4.330000e+00; 3.643843e+04; 8.002418e-01
4.335000e+00; 3.544013e+04; 8.002840e-01
4.340000e+00; 3.444155e+04; 8.003305e-01
4.345000e+00; 3.344272e+04; 8.003817e-01
4.350000e+00; 3.244369e+04; 8.004379e-01
4.355000e+00; 3.144449e+04; 8.004994e-01
4.360000e+00; 3.044513e+04; 8.005668e-01
4.365000e+00; 2.944564e+04; 8.006404e-01
4.370000e+00; 2.844605e+04; 8.007207e-01
4.375000e+00; 2.744636e+04; 8.008080e-01
4.380000e+00; 2.644659e+04; 8.009029e-01
4.385000e+00; 2.544676e+04; 8.010057e-01
4.390000e+00; 2.444688e+04; 8.011171e-01
4.395000e+00; 2.344694e+04; 8.012374e-01
4.400000e+00; 2.244697e+04; 8.013671e-01
4.405000e+00; 2.144697e+04; 8.015068e-01
4.410000e+00; 2.044694e+04; 8.016570e-01
4.415000e+00; 1.944690e+04; 8.018181e-01
4.420000e+00; 1.844683e+04; 8.019907e-01
4.425000e+00; 1.744675e+04; 8.021753e-01
4.430000e+00; 1.644666e+04; 8.023724e-01
4.435000e+00; 1.544656e+04; 8.025824e-01
4.440000e+00; 1.444645e+04; 8.028058e-01
4.445000e+00; 1.344634e+04; 8.030432e-01
4.450000e+00; 1.244623e+04; 8.032949e-01
4.455000e+00; 1.144611e+04; 8.035615e-01
4.460000e+00; 1.044599e+04; 8.038433e-01
4.465000e+00; 9.445874e+03; 8.041408e-01
4.470000e+00; 8.445754e+03; 8.044543e-01
4.475000e+00; 7.445635e+03; 8.047842e-01
4.480000e+00; 6.445515e+03; 8.051307e-01
4.485000e+00; 5.445396e+03; 8.054943e-01
4.490000e+00; 4.445277e+03; 8.058752e-01
4.495000e+00; 3.445160e+03; 8.062736e-01
4.500000e+00; 2.445042e+03; 8.066897e-01
4.505000e+00; 1.444926e+03; 8.071237e-01
4.510000e+00; 4.448090e+02; 8.075756e-01
4.515000e+00; -5.553078e+02; 8.080457e-01
4.520000e+00; -1.555425e+03; 8.085340e-01
4.525000e+00; -2.555544e+03; 8.090404e-01
4.530000e+00; -3.555664e+03; 8.095650e-01
4.535000e+00; -4.555786e+03; 8.101078e-01
4.540000e+00; -5.555913e+03; 8.106685e-01
4.545000e+00; -6.556043e+03; 8.112471e-01
4.550000e+00; -7.556180e+03; 8.118434e-01
4.555000e+00; -8.556323e+03; 8.124573e-01
4.560000e+00; -9.556476e+03; 8.130884e-01
4.565000e+00; -1.055664e+04; 8.137366e-01
4.570000e+00; -1.155682e+04; 8.144015e-01
4.575000e+00; -1.255701e+04; 8.150827e-01
4.580000e+00; -1.355722e+04; 8.157801e-01
4.585000e+00; -1.455745e+04; 8.164931e-01
4.590000e+00; -1.555771e+04; 8.172214e-01
4.595000e+00; -1.655800e+04; 8.179645e-01
4.600000e+00; -1.755832e+04; 8.187220e-01
4.605000e+00; -1.855868e+04; 8.194936e-01
4.610000e+00; -1.955909e+04; 8.202786e-01
4.615000e+00; -2.055956e+04; 8.210766e-01
4.620000e+00; -2.156008e+04; 8.218872e-01
4.625000e+00; -2.256068e+04; 8.227098e-01
4.630000e+00; -2.356136e+04; 8.235439e-01
4.635000e+00; -2.456213e+04; 8.243891e-01
4.640000e+00; -2.556300e+04; 8.252448e-01
4.645000e+00; -2.656399e+04; 8.261106e-01
4.650000e+00; -2.756512e+04; 8.269860e-01
4.655000e+00; -2.856639e+04; 8.278704e-01
4.660000e+00; -2.956783e+04; 8.287634e-01
4.665000e+00; -3.056946e+04; 8.296645e-01
4.670000e+00; -3.157130e+04; 8.305732e-01
4.675000e+00; -3.257338e+04; 8.314892e-01
4.680000e+00; -3.357571e+04; 8.324119e-01
4.685000e+00; -3.457834e+04; 8.333410e-01
4.690000e+00; -3.558129e+04; 8.342761e-01
4.695000e+00; -3.658459e+04; 8.352166e-01
4.700000e+00; -3.758828e+04; 8.361623e-01
4.705000e+00; -3.859241e+04; 8.371129e-01
4.710000e+00; -3.959701e+04; 8.380679e-01
4.715000e+00; -4.060213e+04; 8.390270e-01
4.720000e+00; -4.160782e+04; 8.399899e-01
4.725000e+00; -4.261413e+04; 8.409564e-01
4.730000e+00; -4.362111e+04; 8.419261e-01
4.735000e+00; -4.462883e+04; 8.428988e-01
4.740000e+00; -4.563734e+04; 8.438742e-01
4.745000e+00; -4.664670e+04; 8.448521e-01
4.750000e+00; -4.765699e+04; 8.458322e-01
4.755000e+00; -4.866828e+04; 8.468145e-01
4.760000e+00; -4.968064e+04; 8.477986e-01
4.765000e+00; -5.069415e+04; 8.487845e-01
4.770000e+00; -5.170888e+04; 8.497719e-01
4.775000e+00; -5.272492e+04; 8.507607e-01
4.780000e+00; -5.374236e+04; 8.517508e-01
4.785000e+00; -5.476127e+04; 8.527421e-01
4.790000e+00; -5.578174e+04; 8.537343e-01
4.795000e+00; -5.680387e+04; 8.547275e-01
4.800000e+00; -5.782774e+04; 8.557215e-01
4.805000e+00; -5.885344e+04; 8.567162e-01
4.810000e+00; -5.988107e+04; 8.577116e-01
4.815000e+00; -6.091070e+04; 8.587076e-01
4.820000e+00; -6.194244e+04; 8.597041e-01
4.825000e+00; -6.297635e+04; 8.607010e-01
4.830000e+00; -6.401254e+04; 8.616984e-01
4.835000e+00; -6.505107e+04; 8.626961e-01
4.840000e+00; -6.609203e+04; 8.636941e-01
4.845000e+00; -6.713549e+04; 8.646924e-01
4.850000e+00; -6.818151e+04; 8.656910e-01
4.855000e+00; -6.923015e+04; 8.666897e-01
4.860000e+00; -7.028148e+04; 8.676887e-01
4.865000e+00; -7.133554e+04; 8.686878e-01
4.870000e+00; -7.239236e+04; 8.696870e-01
4.875000e+00; -7.345199e+04; 8.706864e-01
4.880000e+00; -7.451444e+04; 8.716859e-01
4.885000e+00; -7.557974e+04; 8.726854e-01
4.890000e+00; -7.664787e+04; 8.736851e-01
4.895000e+00; -7.771884e+04; 8.746848e-01
4.900000e+00; -7.879263e+04; 8.756846e-01
4.905000e+00; -7.986921e+04; 8.766844e-01
4.910000e+00; -8.094854e+04; 8.776843e-01
4.915000e+00; -8.203057e+04; 8.786842e-01
4.920000e+00; -8.311523e+04; 8.796841e-01
4.925000e+00; -8.420245e+04; 8.806841e-01
4.930000e+00; -8.529214e+04; 8.816841e-01
4.935000e+00; -8.638420e+04; 8.826841e-01
4.940000e+00; -8.747853e+04; 8.836841e-01
4.945000e+00; -8.857500e+04; 8.846842e-01
4.950000e+00; -8.967348e+04; 8.856842e-01
4.955000e+00; -9.077382e+04; 8.866843e-01
4.960000e+00; -9.187589e+04; 8.876844e-01
4.965000e+00; -9.297951e+04; 8.886845e-01
4.970000e+00; -9.408452e+04; 8.896845e-01
4.975000e+00; -9.519074e+04; 8.906846e-01
4.980000e+00; -9.629799e+04; 8.916847e-01
4.985000e+00; -9.740609e+04; 8.926849e-01
4.990000e+00; -9.851484e+04; 8.936850e-01
4.995000e+00; -9.962404e+04; 8.946851e-01
5.000000e+00; -1.007335e+05; 8.956852e-01
5.005000e+00; -1.018430e+05; 8.966854e-01
5.010000e+00; -1.022810e+05; 8.976855e-01
5.015000e+00; -1.022847e+05; 8.986856e-01
5.020000e+00; -1.023981e+05; 8.996858e-01
5.025000e+00; -1.025085e+05; 9.006860e-01
5.030000e+00; -1.026106e+05; 9.016862e-01
5.035000e+00; -1.027166e+05; 9.026864e-01
5.040000e+00; -1.028214e+05; 9.036866e-01
5.045000e+00; -1.029244e+05; 9.046868e-01
5.050000e+00; -1.030261e+05; 9.056871e-01
5.055000e+00; -1.031259e+05; 9.066873e-01
5.060000e+00; -1.032238e+05; 9.076877e-01
5.065000e+00; -1.033197e+05; 9.086880e-01
5.070000e+00; -1.034134e+05; 9.096884e-01
5.075000e+00; -1.035047e+05; 9.106888e-01
5.080000e+00; -1.035937e+05; 9.116893e-01
5.085000e+00; -1.036802e+05; 9.126898e-01
5.090000e+00; -1.037641e+05; 9.136905e-01
5.095000e+00; -1.038453e+05; 9.146911e-01
5.100000e+00; -1.039238e+05; 9.156919e-01
5.105000e+00; -1.039996e+05; 9.166928e-01
5.110000e+00; -1.040726e+05; 9.176938e-01
5.115000e+00; -1.041428e+05; 9.186949e-01
5.120000e+00; -1.042101e+05; 9.196962e-01
5.125000e+00; -1.042746e+05; 9.206977e-01
5.130000e+00; -1.043363e+05; 9.216993e-01
5.135000e+00; -1.043951e+05; 9.227012e-01
5.140000e+00; -1.044512e+05; 9.237033e-01
5.145000e+00; -1.045046e+05; 9.247057e-01
5.150000e+00; -1.045552e+05; 9.257084e-01
5.155000e+00; -1.046032e+05; 9.267115e-01
5.160000e+00; -1.046486e+05; 9.277149e-01
5.165000e+00; -1.046914e+05; 9.287188e-01
5.170000e+00; -1.047318e+05; 9.297231e-01
5.175000e+00; -1.047698e+05; 9.307281e-01
5.180000e+00; -1.048055e+05; 9.317336e-01
5.185000e+00; -1.048389e+05; 9.327398e-01
5.190000e+00; -1.048702e+05; 9.337467e-01
5.195000e+00; -1.048994e+05; 9.347544e-01
5.200000e+00; -1.049266e+05; 9.357631e-01
5.205000e+00; -1.049520e+05; 9.367728e-01
5.210000e+00; -1.049755e+05; 9.377835e-01
5.215000e+00; -1.049974e+05; 9.387955e-01
5.220000e+00; -1.050176e+05; 9.398088e-01
5.225000e+00; -1.050362e+05; 9.408236e-01
5.230000e+00; -1.050534e+05; 9.418400e-01
5.235000e+00; -1.050692e+05; 9.428581e-01
5.240000e+00; -1.050838e+05; 9.438781e-01
5.245000e+00; -1.050971e+05; 9.449001e-01
5.250000e+00; -1.051093e+05; 9.459244e-01
5.255000e+00; -1.051205e+05; 9.469511e-01
5.260000e+00; -1.051306e+05; 9.479805e-01
5.265000e+00; -1.051399e+05; 9.490127e-01
5.270000e+00; -1.051483e+05; 9.500479e-01
5.275000e+00; -1.051559e+05; 9.510865e-01
5.280000e+00; -1.051627e+05; 9.521286e-01
5.285000e+00; -1.051689e+05; 9.531745e-01
5.290000e+00; -1.051745e+05; 9.542245e-01
5.295000e+00; -1.051796e+05; 9.552788e-01
5.300000e+00; -1.051841e+05; 9.563378e-01
5.305000e+00; -1.051881e+05; 9.574018e-01
5.310000e+00; -1.051917e+05; 9.584710e-01
5.315000e+00; -1.051949e+05; 9.595459e-01
5.320000e+00; -1.051978e+05; 9.606267e-01
5.325000e+00; -1.052003e+05; 9.617139e-01
5.330000e+00; -1.052025e+05; 9.628077e-01
5.335000e+00; -1.052045e+05; 9.639085e-01
5.340000e+00; -1.052062e+05; 9.650167e-01
5.345000e+00; -1.052077e+05; 9.661328e-01
5.350000e+00; -1.052090e+05; 9.672570e-01
5.355000e+00; -1.052102e+05; 9.683898e-01
5.360000e+00; -1.052112e+05; 9.695316e-01
5.365000e+00; -1.052120e+05; 9.706827e-01
5.370000e+00; -1.052127e+05; 9.718436e-01
5.375000e+00; -1.052133e+05; 9.730147e-01
5.380000e+00; -1.052139e+05; 9.741962e-01
5.385000e+00; -1.052143e+05; 9.753886e-01
5.390000e+00; -1.052146e+05; 9.765921e-01
5.395000e+00; -1.052149e+05; 9.778069e-01
5.400000e+00; -1.052151e+05; 9.790334e-01
5.405000e+00; -1.052153e+05; 9.802714e-01
5.410000e+00; -1.052154e+05; 9.815210e-01
5.415000e+00; -1.052155e+05; 9.827820e-01
5.420000e+00; -1.052155e+05; 9.840538e-01
5.425000e+00; -1.052155e+05; 9.853357e-01
5.430000e+00; -1.052155e+05; 9.866268e-01
5.435000e+00; -1.052155e+05; 9.879255e-01
5.440000e+00; -1.052154e+05; 9.892301e-01
5.445000e+00; -1.052153e+05; 9.905383e-01
5.450000e+00; -1.052152e+05; 9.918474e-01
5.455000e+00; -1.052150e+05; 9.931542e-01
5.460000e+00; -1.052149e+05; 9.944550e-01
5.465000e+00; -1.052147e+05; 9.957461e-01
5.470000e+00; -1.052146e+05; 9.970232e-01
5.475000e+00; -1.052144e+05; 9.982821e-01
5.480000e+00; -1.052142e+05; 9.995185e-01
5.485000e+00; -1.052140e+05; 1.000729e+00
5.490000e+00; -1.052137e+05; 1.001909e+00
5.495000e+00; -1.052135e+05; 1.003056e+00
5.500000e+00; -1.052132e+05; 1.004168e+00
5.505000e+00; -1.052130e+05; 1.005243e+00
5.510000e+00; -1.052127e+05; 1.006280e+00
5.515000e+00; -1.052123e+05; 1.007281e+00
5.520000e+00; -1.052120e+05; 1.008247e+00
5.525000e+00; -1.052116e+05; 1.009179e+00
5.530000e+00; -1.052112e+05; 1.010080e+00
5.535000e+00; -1.052108e+05; 1.010954e+00
5.540000e+00; -1.052103e+05; 1.011804e+00
5.545000e+00; -1.052098e+05; 1.012635e+00
5.550000e+00; -1.052093e+05; 1.013450e+00
5.555000e+00; -1.052087e+05; 1.014253e+00
5.560000e+00; -1.052080e+05; 1.015048e+00
5.565000e+00; -1.052072e+05; 1.015839e+00
5.570000e+00; -1.052064e+05; 1.016628e+00
5.575000e+00; -1.052054e+05; 1.017419e+00
5.580000e+00; -1.052044e+05; 1.018212e+00
5.585000e+00; -1.052032e+05; 1.019011e+00
5.590000e+00; -1.052019e+05; 1.019815e+00
5.595000e+00; -1.052004e+05; 1.020627e+00
5.600000e+00; -1.051987e+05; 1.021447e+00
5.605000e+00; -1.051968e+05; 1.022276e+00
5.610000e+00; -1.051947e+05; 1.023113e+00
5.615000e+00; -1.051923e+05; 1.023959e+00
5.620000e+00; -1.051897e+05; 1.024814e+00
5.625000e+00; -1.051866e+05; 1.025678e+00
5.630000e+00; -1.051833e+05; 1.026550e+00
5.635000e+00; -1.051794e+05; 1.027430e+00
5.640000e+00; -1.051751e+05; 1.028318e+00
5.645000e+00; -1.051703e+05; 1.029213e+00
5.650000e+00; -1.051649e+05; 1.030116e+00
5.655000e+00; -1.051588e+05; 1.031025e+00
5.660000e+00; -1.051520e+05; 1.031941e+00
5.665000e+00; -1.051443e+05; 1.032863e+00
5.670000e+00; -1.051358e+05; 1.033791e+00
5.675000e+00; -1.051262e+05; 1.034724e+00
5.680000e+00; -1.051155e+05; 1.035662e+00
5.685000e+00; -1.051036e+05; 1.036605e+00
5.690000e+00; -1.050903e+05; 1.037553e+00
5.695000e+00; -1.050755e+05; 1.038505e+00
5.700000e+00; -1.050591e+05; 1.039460e+00
5.705000e+00; -1.050408e+05; 1.040420e+00
5.710000e+00; -1.050205e+05; 1.041383e+00
5.715000e+00; -1.049981e+05; 1.042349e+00
5.720000e+00; -1.049732e+05; 1.043318e+00
5.725000e+00; -1.049458e+05; 1.044289e+00
5.730000e+00; -1.049155e+05; 1.045264e+00
5.735000e+00; -1.048821e+05; 1.046240e+00
5.740000e+00; -1.048453e+05; 1.047219e+00
5.745000e+00; -1.048049e+05; 1.048200e+00
5.750000e+00; -1.047606e+05; 1.049182e+00
5.755000e+00; -1.047119e+05; 1.050167e+00
5.760000e+00; -1.046587e+05; 1.051152e+00
5.765000e+00; -1.046004e+05; 1.052140e+00
5.770000e+00; -1.045368e+05; 1.053128e+00
5.775000e+00; -1.044674e+05; 1.054118e+00
5.780000e+00; -1.043918e+05; 1.055109e+00
5.785000e+00; -1.043096e+05; 1.056100e+00
5.790000e+00; -1.042203e+05; 1.057093e+00
5.795000e+00; -1.041234e+05; 1.058086e+00
5.800000e+00; -1.040183e+05; 1.059080e+00
5.805000e+00; -1.039046e+05; 1.060075e+00
5.810000e+00; -1.037818e+05; 1.061070e+00
5.815000e+00; -1.036492e+05; 1.062066e+00
5.820000e+00; -1.035062e+05; 1.063062e+00
5.825000e+00; -1.033523e+05; 1.064059e+00
5.830000e+00; -1.031868e+05; 1.065056e+00
5.835000e+00; -1.030091e+05; 1.066054e+00
5.840000e+00; -1.028185e+05; 1.067052e+00
5.845000e+00; -1.026143e+05; 1.068050e+00
5.850000e+00; -1.023959e+05; 1.069048e+00
5.855000e+00; -1.021625e+05; 1.070046e+00
5.860000e+00; -1.019135e+05; 1.071045e+00
5.865000e+00; -1.016481e+05; 1.072044e+00
5.870000e+00; -1.013656e+05; 1.073043e+00
5.875000e+00; -1.010652e+05; 1.074042e+00
5.880000e+00; -1.007463e+05; 1.075041e+00
5.885000e+00; -1.004081e+05; 1.076040e+00
5.890000e+00; -1.000498e+05; 1.077040e+00
5.895000e+00; -9.967077e+04; 1.078039e+00
5.900000e+00; -9.927024e+04; 1.079039e+00
5.905000e+00; -9.884751e+04; 1.080038e+00
5.910000e+00; -9.840186e+04; 1.081038e+00
5.915000e+00; -9.793261e+04; 1.082038e+00
5.920000e+00; -9.743908e+04; 1.083037e+00
5.925000e+00; -9.692063e+04; 1.084037e+00
5.930000e+00; -9.637661e+04; 1.085037e+00
5.935000e+00; -9.580642e+04; 1.086037e+00
5.940000e+00; -9.520947e+04; 1.087036e+00
5.945000e+00; -9.458521e+04; 1.088036e+00
5.950000e+00; -9.393311e+04; 1.089036e+00
5.955000e+00; -9.325269e+04; 1.090036e+00
5.960000e+00; -9.254348e+04; 1.091036e+00
5.965000e+00; -9.180508e+04; 1.092036e+00
5.970000e+00; -9.103709e+04; 1.093035e+00
5.975000e+00; -9.023918e+04; 1.094035e+00
5.980000e+00; -8.941105e+04; 1.095035e+00
5.985000e+00; -8.855245e+04; 1.096035e+00
5.990000e+00; -8.766316e+04; 1.097035e+00
5.995000e+00; -8.674303e+04; 1.098035e+00
6.000000e+00; -8.579194e+04; 1.099035e+00
6.005000e+00; -8.480981e+04; 1.100035e+00
6.010000e+00; -8.379662e+04; 1.101034e+00
6.015000e+00; -8.275240e+04; 1.102034e+00
6.020000e+00; -8.167720e+04; 1.103034e+00
6.025000e+00; -8.057116e+04; 1.104034e+00
6.030000e+00; -7.943442e+04; 1.105034e+00
6.035000e+00; -7.826720e+04; 1.106033e+00
6.040000e+00; -7.706976e+04; 1.107033e+00
6.045000e+00; -7.584237e+04; 1.108033e+00
6.050000e+00; -7.458539e+04; 1.109033e+00
6.055000e+00; -7.329920e+04; 1.110032e+00
6.060000e+00; -7.198419e+04; 1.111032e+00
6.065000e+00; -7.064084e+04; 1.112032e+00
6.070000e+00; -6.926962e+04; 1.113031e+00
6.075000e+00; -6.787106e+04; 1.114031e+00
6.080000e+00; -6.644572e+04; 1.115030e+00
6.085000e+00; -6.499416e+04; 1.116030e+00
6.090000e+00; -6.351700e+04; 1.117029e+00
6.095000e+00; -6.201487e+04; 1.118028e+00
6.100000e+00; -6.048842e+04; 1.119028e+00
6.105000e+00; -5.893831e+04; 1.120027e+00
6.110000e+00; -5.736525e+04; 1.121026e+00
6.115000e+00; -5.576991e+04; 1.122025e+00
6.120000e+00; -5.415302e+04; 1.123023e+00
6.125000e+00; -5.251530e+04; 1.124022e+00
6.130000e+00; -5.085747e+04; 1.125021e+00
6.135000e+00; -4.918026e+04; 1.126019e+00
6.140000e+00; -4.748440e+04; 1.127017e+00
6.145000e+00; -4.577063e+04; 1.128015e+00
6.150000e+00; -4.403967e+04; 1.129012e+00
6.155000e+00; -4.229224e+04; 1.130010e+00
6.160000e+00; -4.052907e+04; 1.131007e+00
6.165000e+00; -3.875085e+04; 1.132003e+00
6.170000e+00; -3.695829e+04; 1.132999e+00
6.175000e+00; -3.515208e+04; 1.133995e+00
6.180000e+00; -3.333288e+04; 1.134990e+00
6.185000e+00; -3.150136e+04; 1.135985e+00
6.190000e+00; -2.965815e+04; 1.136979e+00
6.195000e+00; -2.780388e+04; 1.137973e+00
6.200000e+00; -2.593916e+04; 1.138966e+00
6.205000e+00; -2.406458e+04; 1.139958e+00
6.210000e+00; -2.218070e+04; 1.140949e+00
6.215000e+00; -2.028809e+04; 1.141939e+00
6.220000e+00; -1.838726e+04; 1.142928e+00
6.225000e+00; -1.647872e+04; 1.143916e+00
6.230000e+00; -1.456297e+04; 1.144903e+00
6.235000e+00; -1.264048e+04; 1.145889e+00
6.240000e+00; -1.071168e+04; 1.146873e+00
6.245000e+00; -8.777009e+03; 1.147855e+00
6.250000e+00; -6.836867e+03; 1.148836e+00
6.255000e+00; -4.891640e+03; 1.149815e+00
6.260000e+00; -2.941694e+03; 1.150792e+00
6.265000e+00; -9.873736e+02; 1.151766e+00
6.270000e+00; 9.709954e+02; 1.152739e+00
6.275000e+00; 2.933105e+03; 1.153709e+00
6.280000e+00; 4.898667e+03; 1.154676e+00
6.285000e+00; 6.867408e+03; 1.155640e+00
6.290000e+00; 8.839075e+03; 1.156601e+00
6.295000e+00; 1.081343e+04; 1.157559e+00
6.300000e+00; 1.279025e+04; 1.158513e+00
6.305000e+00; 1.476932e+04; 1.159463e+00
6.310000e+00; 1.675046e+04; 1.160409e+00
6.315000e+00; 1.873349e+04; 1.161350e+00
6.320000e+00; 2.071823e+04; 1.162287e+00
6.325000e+00; 2.270454e+04; 1.163218e+00
6.330000e+00; 2.469227e+04; 1.164144e+00
6.335000e+00; 2.668129e+04; 1.165063e+00
6.340000e+00; 2.867148e+04; 1.165976e+00
6.345000e+00; 3.066273e+04; 1.166882e+00
6.350000e+00; 3.265493e+04; 1.167781e+00
6.355000e+00; 3.464800e+04; 1.168671e+00
6.360000e+00; 3.664184e+04; 1.169552e+00
6.365000e+00; 3.863639e+04; 1.170424e+00
6.370000e+00; 4.063156e+04; 1.171285e+00
6.375000e+00; 4.262729e+04; 1.172135e+00
6.380000e+00; 4.462354e+04; 1.172973e+00
6.385000e+00; 4.662023e+04; 1.173798e+00
6.390000e+00; 4.861732e+04; 1.174608e+00
6.395000e+00; 5.061478e+04; 1.175403e+00
6.400000e+00; 5.261255e+04; 1.176181e+00
6.405000e+00; 5.461061e+04; 1.176941e+00
6.410000e+00; 5.660892e+04; 1.177682e+00
6.415000e+00; 5.860746e+04; 1.178401e+00
6.420000e+00; 6.060620e+04; 1.179098e+00
6.425000e+00; 6.260511e+04; 1.179771e+00
6.430000e+00; 6.460418e+04; 1.180418e+00
6.435000e+00; 6.660338e+04; 1.181037e+00
6.440000e+00; 6.860271e+04; 1.181627e+00
6.445000e+00; 7.060215e+04; 1.182186e+00
6.450000e+00; 7.260168e+04; 1.182712e+00
6.455000e+00; 7.460130e+04; 1.183203e+00
6.460000e+00; 7.660099e+04; 1.183659e+00
6.465000e+00; 7.860074e+04; 1.184076e+00
6.470000e+00; 8.060056e+04; 1.184454e+00
6.475000e+00; 8.260043e+04; 1.184791e+00
6.480000e+00; 8.460035e+04; 1.185086e+00
6.485000e+00; 8.660032e+04; 1.185338e+00
6.490000e+00; 8.860032e+04; 1.185546e+00
6.495000e+00; 9.060037e+04; 1.185710e+00
6.500000e+00; 9.260045e+04; 1.185827e+00
6.505000e+00; 9.460057e+04; 1.185899e+00
6.510000e+00; 9.660072e+04; 1.185925e+00
6.515000e+00; 9.860091e+04; 1.185906e+00
6.520000e+00; 1.006011e+05; 1.185840e+00
6.525000e+00; 1.026014e+05; 1.185729e+00
6.530000e+00; 1.046017e+05; 1.185574e+00
6.535000e+00; 1.066020e+05; 1.185375e+00
6.540000e+00; 1.086024e+05; 1.185133e+00
6.545000e+00; 1.106028e+05; 1.184850e+00
6.550000e+00; 1.126033e+05; 1.184526e+00
6.555000e+00; 1.146039e+05; 1.184163e+00
6.560000e+00; 1.166045e+05; 1.183763e+00
6.565000e+00; 1.186051e+05; 1.183327e+00
6.570000e+00; 1.206059e+05; 1.182856e+00
6.575000e+00; 1.226067e+05; 1.182353e+00
6.580000e+00; 1.246076e+05; 1.181819e+00
6.585000e+00; 1.266086e+05; 1.181255e+00
6.590000e+00; 1.286097e+05; 1.180664e+00
6.595000e+00; 1.306110e+05; 1.180047e+00
6.600000e+00; 1.326124e+05; 1.179405e+00
6.605000e+00; 1.346139e+05; 1.178739e+00
6.610000e+00; 1.366156e+05; 1.178053e+00
6.615000e+00; 1.386174e+05; 1.177346e+00
6.620000e+00; 1.406194e+05; 1.176620e+00
6.625000e+00; 1.426217e+05; 1.175876e+00
6.630000e+00; 1.446241e+05; 1.175116e+00
6.635000e+00; 1.466269e+05; 1.174340e+00
6.640000e+00; 1.486298e+05; 1.173550e+00
6.645000e+00; 1.506331e+05; 1.172746e+00
6.650000e+00; 1.526367e+05; 1.171929e+00
6.655000e+00; 1.546406e+05; 1.171101e+00
6.660000e+00; 1.566449e+05; 1.170262e+00
6.665000e+00; 1.586495e+05; 1.169412e+00
6.670000e+00; 1.606546e+05; 1.168552e+00
6.675000e+00; 1.626602e+05; 1.167683e+00
6.680000e+00; 1.646662e+05; 1.166806e+00
6.685000e+00; 1.666728e+05; 1.165920e+00
6.690000e+00; 1.686799e+05; 1.165027e+00
6.695000e+00; 1.706876e+05; 1.164127e+00
6.700000e+00; 1.726959e+05; 1.163220e+00
6.705000e+00; 1.747049e+05; 1.162306e+00
6.710000e+00; 1.767146e+05; 1.161387e+00
6.715000e+00; 1.787251e+05; 1.160461e+00
6.720000e+00; 1.807364e+05; 1.159531e+00
6.725000e+00; 1.827485e+05; 1.158596e+00
6.730000e+00; 1.847615e+05; 1.157655e+00
6.735000e+00; 1.867754e+05; 1.156711e+00
6.740000e+00; 1.887902e+05; 1.155762e+00
6.745000e+00; 1.908060e+05; 1.154810e+00
6.750000e+00; 1.928229e+05; 1.153853e+00
6.755000e+00; 1.948407e+05; 1.152894e+00
6.760000e+00; 1.968597e+05; 1.151931e+00
6.765000e+00; 1.988797e+05; 1.150965e+00
6.770000e+00; 2.009008e+05; 1.149997e+00
6.775000e+00; 2.029230e+05; 1.149026e+00
6.780000e+00; 2.049461e+05; 1.148052e+00
6.785000e+00; 2.069703e+05; 1.147076e+00
6.790000e+00; 2.089955e+05; 1.146099e+00
6.795000e+00; 2.110214e+05; 1.145119e+00
6.800000e+00; 2.130481e+05; 1.144137e+00
6.805000e+00; 2.150755e+05; 1.143154e+00
6.810000e+00; 2.171032e+05; 1.142169e+00
6.815000e+00; 2.191311e+05; 1.141183e+00
6.820000e+00; 2.211589e+05; 1.140196e+00
6.825000e+00; 2.231863e+05; 1.139207e+00
6.830000e+00; 2.252129e+05; 1.138218e+00
6.835000e+00; 2.272383e+05; 1.137227e+00
6.840000e+00; 2.292619e+05; 1.136235e+00
6.845000e+00; 2.312831e+05; 1.135243e+00
6.850000e+00; 2.333013e+05; 1.134250e+00
6.855000e+00; 2.353157e+05; 1.133256e+00
6.860000e+00; 2.373253e+05; 1.132261e+00
6.865000e+00; 2.393293e+05; 1.131266e+00
6.870000e+00; 2.413265e+05; 1.130270e+00
6.875000e+00; 2.433157e+05; 1.129274e+00
6.880000e+00; 2.452957e+05; 1.128278e+00
6.885000e+00; 2.472650e+05; 1.127281e+00
6.890000e+00; 2.492220e+05; 1.126283e+00
6.895000e+00; 2.511651e+05; 1.125286e+00
6.900000e+00; 2.530926e+05; 1.124288e+00
6.905000e+00; 2.550025e+05; 1.123290e+00
6.910000e+00; 2.568928e+05; 1.122291e+00
6.915000e+00; 2.587617e+05; 1.121293e+00
6.920000e+00; 2.606067e+05; 1.120294e+00
6.925000e+00; 2.624259e+05; 1.119295e+00
6.930000e+00; 2.642169e+05; 1.118296e+00
6.935000e+00; 2.659775e+05; 1.117296e+00
6.940000e+00; 2.677054e+05; 1.116297e+00
6.945000e+00; 2.693982e+05; 1.115298e+00
6.950000e+00; 2.710538e+05; 1.114298e+00
6.955000e+00; 2.726699e+05; 1.113298e+00
6.960000e+00; 2.742445e+05; 1.112298e+00
6.965000e+00; 2.757755e+05; 1.111299e+00
6.970000e+00; 2.772610e+05; 1.110299e+00
6.975000e+00; 2.786994e+05; 1.109299e+00
6.980000e+00; 2.800889e+05; 1.108299e+00
6.985000e+00; 2.814283e+05; 1.107298e+00
6.990000e+00; 2.827163e+05; 1.106298e+00
6.995000e+00; 2.839519e+05; 1.105298e+00
7.000000e+00; 2.851345e+05; 1.104298e+00
7.005000e+00; 2.862634e+05; 1.103297e+00
7.010000e+00; 2.873385e+05; 1.102297e+00
7.015000e+00; 2.883596e+05; 1.101296e+00
7.020000e+00; 2.893271e+05; 1.100296e+00
7.025000e+00; 2.902414e+05; 1.099295e+00
7.030000e+00; 2.911031e+05; 1.098294e+00
7.035000e+00; 2.919132e+05; 1.097293e+00
7.040000e+00; 2.926728e+05; 1.096293e+00
7.045000e+00; 2.933832e+05; 1.095291e+00
7.050000e+00; 2.940459e+05; 1.094290e+00
7.055000e+00; 2.946625e+05; 1.093289e+00
7.060000e+00; 2.952349e+05; 1.092288e+00
7.065000e+00; 2.957648e+05; 1.091286e+00
7.070000e+00; 2.962543e+05; 1.090284e+00
7.075000e+00; 2.967054e+05; 1.089282e+00
7.080000e+00; 2.971202e+05; 1.088280e+00
7.085000e+00; 2.975008e+05; 1.087278e+00
7.090000e+00; 2.978494e+05; 1.086275e+00
7.095000e+00; 2.981680e+05; 1.085272e+00
7.100000e+00; 2.984588e+05; 1.084269e+00
7.105000e+00; 2.987237e+05; 1.083265e+00
7.110000e+00; 2.989646e+05; 1.082261e+00
7.115000e+00; 2.991836e+05; 1.081257e+00
7.120000e+00; 2.993824e+05; 1.080252e+00
7.125000e+00; 2.995628e+05; 1.079247e+00
7.130000e+00; 2.997263e+05; 1.078241e+00
7.135000e+00; 2.998745e+05; 1.077234e+00
7.140000e+00; 3.000088e+05; 1.076227e+00
7.145000e+00; 3.001306e+05; 1.075219e+00
7.150000e+00; 3.002410e+05; 1.074211e+00
7.155000e+00; 3.003412e+05; 1.073201e+00
7.160000e+00; 3.004322e+05; 1.072191e+00
7.165000e+00; 3.005150e+05; 1.071180e+00
7.170000e+00; 3.005904e+05; 1.070167e+00
7.175000e+00; 3.006591e+05; 1.069154e+00
7.180000e+00; 3.007218e+05; 1.068139e+00
7.185000e+00; 3.007792e+05; 1.067123e+00
7.190000e+00; 3.008318e+05; 1.066105e+00
7.195000e+00; 3.008800e+05; 1.065086e+00
7.200000e+00; 3.009244e+05; 1.064065e+00
7.205000e+00; 3.009652e+05; 1.063042e+00
7.210000e+00; 3.010029e+05; 1.062018e+00
7.215000e+00; 3.010377e+05; 1.060991e+00
7.220000e+00; 3.010698e+05; 1.059963e+00
7.225000e+00; 3.010996e+05; 1.058931e+00
7.230000e+00; 3.011272e+05; 1.057898e+00
7.235000e+00; 3.011528e+05; 1.056862e+00
7.240000e+00; 3.011766e+05; 1.055823e+00
7.245000e+00; 3.011986e+05; 1.054781e+00
7.250000e+00; 3.012191e+05; 1.053736e+00
7.255000e+00; 3.012381e+05; 1.052688e+00
7.260000e+00; 3.012558e+05; 1.051636e+00
7.265000e+00; 3.012722e+05; 1.050581e+00
7.270000e+00; 3.012874e+05; 1.049522e+00
7.275000e+00; 3.013015e+05; 1.048459e+00
7.280000e+00; 3.013146e+05; 1.047392e+00
7.285000e+00; 3.013267e+05; 1.046321e+00
7.290000e+00; 3.013380e+05; 1.045245e+00
7.295000e+00; 3.013484e+05; 1.044165e+00
7.300000e+00; 3.013580e+05; 1.043080e+00
7.305000e+00; 3.013668e+05; 1.041991e+00
7.310000e+00; 3.013750e+05; 1.040897e+00
7.315000e+00; 3.013825e+05; 1.039797e+00
7.320000e+00; 3.013894e+05; 1.038693e+00
7.325000e+00; 3.013958e+05; 1.037584e+00
7.330000e+00; 3.014016e+05; 1.036470e+00
7.335000e+00; 3.014069e+05; 1.035351e+00
7.340000e+00; 3.014118e+05; 1.034227e+00
7.345000e+00; 3.014163e+05; 1.033098e+00
7.350000e+00; 3.014203e+05; 1.031965e+00
7.355000e+00; 3.014240e+05; 1.030826e+00
7.360000e+00; 3.014274e+05; 1.029684e+00
7.365000e+00; 3.014304e+05; 1.028537e+00
7.370000e+00; 3.014332e+05; 1.027387e+00
7.375000e+00; 3.014357e+05; 1.026233e+00
7.380000e+00; 3.014379e+05; 1.025076e+00
7.385000e+00; 3.014399e+05; 1.023916e+00
7.390000e+00; 3.014417e+05; 1.022754e+00
7.395000e+00; 3.014433e+05; 1.021590e+00
7.400000e+00; 3.014447e+05; 1.020425e+00
7.405000e+00; 3.014460e+05; 1.019259e+00
7.410000e+00; 3.014471e+05; 1.018092e+00
7.415000e+00; 3.014480e+05; 1.016927e+00
7.420000e+00; 3.014488e+05; 1.015762e+00
7.425000e+00; 3.014495e+05; 1.014599e+00
7.430000e+00; 3.014501e+05; 1.013439e+00
7.435000e+00; 3.014506e+05; 1.012282e+00
7.440000e+00; 3.014510e+05; 1.011129e+00
7.445000e+00; 3.014513e+05; 1.009980e+00
7.450000e+00; 3.014515e+05; 1.008837e+00
7.455000e+00; 3.014516e+05; 1.007699e+00
7.460000e+00; 3.014517e+05; 1.006568e+00
7.465000e+00; 3.014516e+05; 1.005444e+00
7.470000e+00; 3.014515e+05; 1.004327e+00
7.475000e+00; 3.014513e+05; 1.003219e+00
7.480000e+00; 3.014510e+05; 1.002119e+00
7.485000e+00; 3.014507e+05; 1.001029e+00
7.490000e+00; 3.014502e+05; 9.999476e-01
7.495000e+00; 3.014497e+05; 9.988762e-01
7.500000e+00; 3.014491e+05; 9.978147e-01
7.505000e+00; 3.014483e+05; 9.967633e-01
7.510000e+00; 3.014475e+05; 9.957221e-01
7.515000e+00; 3.014466e+05; 9.946911e-01
7.520000e+00; 3.014455e+05; 9.936702e-01
7.525000e+00; 3.014443e+05; 9.926594e-01
7.530000e+00; 3.014429e+05; 9.916584e-01
7.535000e+00; 3.014414e+05; 9.906670e-01
7.540000e+00; 3.014397e+05; 9.896849e-01
7.545000e+00; 3.014378e+05; 9.887117e-01
7.550000e+00; 3.014356e+05; 9.877470e-01
7.555000e+00; 3.014333e+05; 9.867903e-01
7.560000e+00; 3.014306e+05; 9.858412e-01
7.565000e+00; 3.014277e+05; 9.848990e-01
7.570000e+00; 3.014245e+05; 9.839633e-01
7.575000e+00; 3.014208e+05; 9.830334e-01
7.580000e+00; 3.014168e+05; 9.821087e-01
7.585000e+00; 3.014124e+05; 9.811886e-01
7.590000e+00; 3.014075e+05; 9.802726e-01
7.595000e+00; 3.014020e+05; 9.793599e-01
7.600000e+00; 3.013960e+05; 9.784501e-01
7.605000e+00; 3.013893e+05; 9.775425e-01
7.610000e+00; 3.013820e+05; 9.766365e-01
7.615000e+00; 3.013738e+05; 9.757316e-01
7.620000e+00; 3.013649e+05; 9.748273e-01
7.625000e+00; 3.013550e+05; 9.739231e-01
7.630000e+00; 3.013442e+05; 9.730185e-01
7.635000e+00; 3.013323e+05; 9.721132e-01
7.640000e+00; 3.013192e+05; 9.712067e-01
7.645000e+00; 3.013048e+05; 9.702987e-01
7.650000e+00; 3.012890e+05; 9.693888e-01
7.655000e+00; 3.012717e+05; 9.684768e-01
7.660000e+00; 3.012528e+05; 9.675625e-01
7.665000e+00; 3.012321e+05; 9.666456e-01
7.670000e+00; 3.012095e+05; 9.657260e-01
7.675000e+00; 3.011848e+05; 9.648035e-01
7.680000e+00; 3.011579e+05; 9.638780e-01
7.685000e+00; 3.011286e+05; 9.629495e-01
7.690000e+00; 3.010967e+05; 9.620179e-01
7.695000e+00; 3.010620e+05; 9.610831e-01
7.700000e+00; 3.010243e+05; 9.601452e-01
7.705000e+00; 3.009834e+05; 9.592041e-01
7.710000e+00; 3.009391e+05; 9.582599e-01
7.715000e+00; 3.008911e+05; 9.573127e-01
7.720000e+00; 3.008391e+05; 9.563625e-01
7.725000e+00; 3.007830e+05; 9.554093e-01
7.730000e+00; 3.007223e+05; 9.544534e-01
7.735000e+00; 3.006569e+05; 9.534947e-01
7.740000e+00; 3.005864e+05; 9.525333e-01
7.745000e+00; 3.005105e+05; 9.515694e-01
7.750000e+00; 3.004288e+05; 9.506031e-01
7.755000e+00; 3.003411e+05; 9.496345e-01
7.760000e+00; 3.002469e+05; 9.486636e-01
7.765000e+00; 3.001458e+05; 9.476907e-01
7.770000e+00; 3.000376e+05; 9.467157e-01
7.775000e+00; 2.999217e+05; 9.457389e-01
7.780000e+00; 2.997978e+05; 9.447604e-01
7.785000e+00; 2.996654e+05; 9.437801e-01
7.790000e+00; 2.995241e+05; 9.427984e-01
7.795000e+00; 2.993735e+05; 9.418151e-01
7.800000e+00; 2.992130e+05; 9.408305e-01
7.805000e+00; 2.990422e+05; 9.398446e-01
7.810000e+00; 2.988607e+05; 9.388576e-01
7.815000e+00; 2.986678e+05; 9.378694e-01
7.820000e+00; 2.984632e+05; 9.368802e-01
7.825000e+00; 2.982462e+05; 9.358901e-01
7.830000e+00; 2.980164e+05; 9.348991e-01
7.835000e+00; 2.977732e+05; 9.339073e-01
7.840000e+00; 2.975162e+05; 9.329147e-01
7.845000e+00; 2.972447e+05; 9.319215e-01
7.850000e+00; 2.969581e+05; 9.309276e-01
7.855000e+00; 2.966561e+05; 9.299332e-01
7.860000e+00; 2.963379e+05; 9.289382e-01
7.865000e+00; 2.960032e+05; 9.279428e-01
7.870000e+00; 2.956512e+05; 9.269469e-01
7.875000e+00; 2.952814e+05; 9.259506e-01
7.880000e+00; 2.948934e+05; 9.249539e-01
7.885000e+00; 2.944866e+05; 9.239569e-01
7.890000e+00; 2.940604e+05; 9.229596e-01
7.895000e+00; 2.936143e+05; 9.219621e-01
7.900000e+00; 2.931478e+05; 9.209642e-01
7.905000e+00; 2.926604e+05; 9.199662e-01
7.910000e+00; 2.921516e+05; 9.189679e-01
7.915000e+00; 2.916209e+05; 9.179695e-01
7.920000e+00; 2.910679e+05; 9.169709e-01
7.925000e+00; 2.904920e+05; 9.159722e-01
7.930000e+00; 2.898930e+05; 9.149733e-01
7.935000e+00; 2.892702e+05; 9.139743e-01
7.940000e+00; 2.886234e+05; 9.129752e-01
7.945000e+00; 2.879522e+05; 9.119761e-01
7.950000e+00; 2.872563e+05; 9.109768e-01
7.955000e+00; 2.865352e+05; 9.099775e-01
7.960000e+00; 2.857887e+05; 9.089781e-01
7.965000e+00; 2.850166e+05; 9.079787e-01
7.970000e+00; 2.842185e+05; 9.069792e-01
7.975000e+00; 2.833943e+05; 9.059797e-01
7.980000e+00; 2.825437e+05; 9.049802e-01
7.985000e+00; 2.816667e+05; 9.039807e-01
7.990000e+00; 2.807629e+05; 9.029811e-01
7.995000e+00; 2.798325e+05; 9.019816e-01
8.000000e+00; 2.788751e+05; 9.009820e-01
8.005000e+00; 2.778910e+05; 8.999825e-01
8.010000e+00; 2.768799e+05; 8.989830e-01
8.015000e+00; 2.758419e+05; 8.979835e-01
8.020000e+00; 2.747771e+05; 8.969840e-01
8.025000e+00; 2.736855e+05; 8.959846e-01
8.030000e+00; 2.725673e+05; 8.949852e-01
8.035000e+00; 2.714225e+05; 8.939859e-01
8.040000e+00; 2.702514e+05; 8.929867e-01
8.045000e+00; 2.690541e+05; 8.919875e-01
8.050000e+00; 2.678309e+05; 8.909884e-01
8.055000e+00; 2.665819e+05; 8.899894e-01
8.060000e+00; 2.653076e+05; 8.889905e-01
8.065000e+00; 2.640081e+05; 8.879918e-01
8.070000e+00; 2.626839e+05; 8.869932e-01
8.075000e+00; 2.613351e+05; 8.859947e-01
8.080000e+00; 2.599623e+05; 8.849964e-01
8.085000e+00; 2.585659e+05; 8.839983e-01
8.090000e+00; 2.571461e+05; 8.830004e-01
8.095000e+00; 2.557035e+05; 8.820027e-01
8.100000e+00; 2.542385e+05; 8.810053e-01
8.105000e+00; 2.527516e+05; 8.800081e-01
8.110000e+00; 2.512432e+05; 8.790113e-01
8.115000e+00; 2.497138e+05; 8.780148e-01
8.120000e+00; 2.481640e+05; 8.770186e-01
8.125000e+00; 2.465943e+05; 8.760229e-01
8.130000e+00; 2.450051e+05; 8.750276e-01
8.135000e+00; 2.433971e+05; 8.740327e-01
8.140000e+00; 2.417706e+05; 8.730384e-01
8.145000e+00; 2.401264e+05; 8.720447e-01
8.150000e+00; 2.384649e+05; 8.710516e-01
8.155000e+00; 2.367868e+05; 8.700591e-01
8.160000e+00; 2.350924e+05; 8.690675e-01
8.165000e+00; 2.333824e+05; 8.680766e-01
8.170000e+00; 2.316574e+05; 8.670866e-01
8.175000e+00; 2.299178e+05; 8.660975e-01
8.180000e+00; 2.281642e+05; 8.651095e-01
8.185000e+00; 2.263972e+05; 8.641226e-01
8.190000e+00; 2.246172e+05; 8.631369e-01
8.195000e+00; 2.228249e+05; 8.621525e-01
8.200000e+00; 2.210207e+05; 8.611696e-01
8.205000e+00; 2.192050e+05; 8.601882e-01
8.210000e+00; 2.173786e+05; 8.592085e-01
8.215000e+00; 2.155417e+05; 8.582306e-01
8.220000e+00; 2.136949e+05; 8.572547e-01
8.225000e+00; 2.118386e+05; 8.562809e-01
8.230000e+00; 2.099734e+05; 8.553094e-01
8.235000e+00; 2.080995e+05; 8.543403e-01
8.240000e+00; 2.062176e+05; 8.533740e-01
8.245000e+00; 2.043279e+05; 8.524105e-01
8.250000e+00; 2.024310e+05; 8.514501e-01
8.255000e+00; 2.005271e+05; 8.504930e-01
8.260000e+00; 1.986167e+05; 8.495395e-01
8.265000e+00; 1.967001e+05; 8.485899e-01
8.270000e+00; 1.947776e+05; 8.476445e-01
8.275000e+00; 1.928497e+05; 8.467036e-01
8.280000e+00; 1.909166e+05; 8.457674e-01
8.285000e+00; 1.889786e+05; 8.448365e-01
8.290000e+00; 1.870361e+05; 8.439111e-01
8.295000e+00; 1.850893e+05; 8.429916e-01
8.300000e+00; 1.831384e+05; 8.420785e-01
8.305000e+00; 1.811838e+05; 8.411723e-01
8.310000e+00; 1.792257e+05; 8.402733e-01
8.315000e+00; 1.772643e+05; 8.393821e-01
8.320000e+00; 1.752998e+05; 8.384993e-01
8.325000e+00; 1.733325e+05; 8.376253e-01
8.330000e+00; 1.713626e+05; 8.367609e-01
8.335000e+00; 1.693901e+05; 8.359065e-01
8.340000e+00; 1.674154e+05; 8.350628e-01
8.345000e+00; 1.654385e+05; 8.342305e-01
8.350000e+00; 1.634597e+05; 8.334103e-01
8.355000e+00; 1.614790e+05; 8.326029e-01
8.360000e+00; 1.594967e+05; 8.318090e-01
8.365000e+00; 1.575128e+05; 8.310295e-01
8.370000e+00; 1.555274e+05; 8.302650e-01
8.375000e+00; 1.535408e+05; 8.295164e-01
8.380000e+00; 1.515529e+05; 8.287846e-01
8.385000e+00; 1.495639e+05; 8.280703e-01
8.390000e+00; 1.475738e+05; 8.273744e-01
8.395000e+00; 1.455828e+05; 8.266979e-01
8.400000e+00; 1.435910e+05; 8.260415e-01
8.405000e+00; 1.415983e+05; 8.254061e-01
8.410000e+00; 1.396049e+05; 8.247927e-01
8.415000e+00; 1.376109e+05; 8.242021e-01
8.420000e+00; 1.356162e+05; 8.236351e-01
8.425000e+00; 1.336210e+05; 8.230926e-01
8.430000e+00; 1.316253e+05; 8.225755e-01
8.435000e+00; 1.296291e+05; 8.220846e-01
8.440000e+00; 1.276325e+05; 8.216206e-01
8.445000e+00; 1.256355e+05; 8.211844e-01
8.450000e+00; 1.236381e+05; 8.207767e-01
8.455000e+00; 1.216404e+05; 8.203981e-01
8.460000e+00; 1.196425e+05; 8.200493e-01
8.465000e+00; 1.176442e+05; 8.197310e-01
8.470000e+00; 1.156457e+05; 8.194437e-01
8.475000e+00; 1.136470e+05; 8.191879e-01
8.480000e+00; 1.116481e+05; 8.189640e-01
8.485000e+00; 1.096490e+05; 8.187725e-01
8.490000e+00; 1.076497e+05; 8.186137e-01
8.495000e+00; 1.056502e+05; 8.184878e-01
8.500000e+00; 1.036506e+05; 8.183951e-01
8.505000e+00; 1.016508e+05; 8.183357e-01
8.510000e+00; 9.965087e+04; 8.183098e-01
8.515000e+00; 9.765080e+04; 8.183172e-01
8.520000e+00; 9.565059e+04; 8.183579e-01
8.525000e+00; 9.365025e+04; 8.184319e-01
8.530000e+00; 9.164978e+04; 8.185389e-01
8.535000e+00; 8.964917e+04; 8.186787e-01
8.540000e+00; 8.764843e+04; 8.188510e-01
8.545000e+00; 8.564755e+04; 8.190553e-01
8.550000e+00; 8.364653e+04; 8.192914e-01
8.555000e+00; 8.164537e+04; 8.195586e-01
8.560000e+00; 7.964406e+04; 8.198564e-01
8.565000e+00; 7.764259e+04; 8.201843e-01
8.570000e+00; 7.564095e+04; 8.205417e-01
8.575000e+00; 7.363915e+04; 8.209279e-01
8.580000e+00; 7.163716e+04; 8.213421e-01
8.585000e+00; 6.963498e+04; 8.217837e-01
8.590000e+00; 6.763259e+04; 8.222518e-01
8.595000e+00; 6.563000e+04; 8.227458e-01
8.600000e+00; 6.362718e+04; 8.232648e-01
8.605000e+00; 6.162412e+04; 8.238080e-01
8.610000e+00; 5.962081e+04; 8.243745e-01
8.615000e+00; 5.761724e+04; 8.249636e-01
8.620000e+00; 5.561339e+04; 8.255744e-01
8.625000e+00; 5.360926e+04; 8.262060e-01
8.630000e+00; 5.160481e+04; 8.268577e-01
8.635000e+00; 4.960006e+04; 8.275285e-01
8.640000e+00; 4.759497e+04; 8.282177e-01
8.645000e+00; 4.558955e+04; 8.289245e-01
8.650000e+00; 4.358377e+04; 8.296481e-01
8.655000e+00; 4.157764e+04; 8.303876e-01
8.660000e+00; 3.957113e+04; 8.311424e-01
8.665000e+00; 3.756426e+04; 8.319117e-01
8.670000e+00; 3.555701e+04; 8.326947e-01
8.675000e+00; 3.354939e+04; 8.334909e-01
8.680000e+00; 3.154140e+04; 8.342995e-01
8.685000e+00; 2.953306e+04; 8.351198e-01
8.690000e+00; 2.752436e+04; 8.359512e-01
8.695000e+00; 2.551534e+04; 8.367932e-01
8.700000e+00; 2.350603e+04; 8.376452e-01
8.705000e+00; 2.149644e+04; 8.385065e-01
8.710000e+00; 1.948664e+04; 8.393768e-01
8.715000e+00; 1.747667e+04; 8.402554e-01
8.720000e+00; 1.546659e+04; 8.411419e-01
8.725000e+00; 1.345648e+04; 8.420358e-01
8.730000e+00; 1.144644e+04; 8.429367e-01
8.735000e+00; 9.436550e+03; 8.438442e-01
8.740000e+00; 7.426946e+03; 8.447579e-01
8.745000e+00; 5.417760e+03; 8.456774e-01
8.750000e+00; 3.409150e+03; 8.466024e-01
8.755000e+00; 1.401293e+03; 8.475325e-01
8.760000e+00; -6.056127e+02; 8.484675e-01
8.765000e+00; -2.611343e+03; 8.494069e-01
8.770000e+00; -4.615648e+03; 8.503506e-01
8.775000e+00; -6.618251e+03; 8.512983e-01
8.780000e+00; -8.618847e+03; 8.522497e-01
8.785000e+00; -1.061710e+04; 8.532045e-01
8.790000e+00; -1.261263e+04; 8.541627e-01
8.795000e+00; -1.460505e+04; 8.551238e-01
8.800000e+00; -1.659391e+04; 8.560879e-01
8.805000e+00; -1.857873e+04; 8.570546e-01
8.810000e+00; -2.055901e+04; 8.580238e-01
8.815000e+00; -2.253419e+04; 8.589953e-01
8.820000e+00; -2.450367e+04; 8.599690e-01
8.825000e+00; -2.646681e+04; 8.609447e-01
8.830000e+00; -2.842295e+04; 8.619223e-01
8.835000e+00; -3.037137e+04; 8.629016e-01
8.840000e+00; -3.231130e+04; 8.638826e-01
8.845000e+00; -3.424194e+04; 8.648651e-01
8.850000e+00; -3.616246e+04; 8.658490e-01
8.855000e+00; -3.807197e+04; 8.668342e-01
8.860000e+00; -3.996955e+04; 8.678206e-01
8.865000e+00; -4.185426e+04; 8.688082e-01
8.870000e+00; -4.372509e+04; 8.697968e-01
8.875000e+00; -4.558103e+04; 8.707864e-01
8.880000e+00; -4.742103e+04; 8.717769e-01
8.885000e+00; -4.924401e+04; 8.727683e-01
8.890000e+00; -5.104887e+04; 8.737604e-01
8.895000e+00; -5.283450e+04; 8.747532e-01
8.900000e+00; -5.459976e+04; 8.757467e-01
8.905000e+00; -5.634353e+04; 8.767407e-01
8.910000e+00; -5.806465e+04; 8.777354e-01
8.915000e+00; -5.976198e+04; 8.787306e-01
8.920000e+00; -6.143438e+04; 8.797262e-01
8.925000e+00; -6.308073e+04; 8.807224e-01
8.930000e+00; -6.469993e+04; 8.817189e-01
8.935000e+00; -6.629089e+04; 8.827158e-01
8.940000e+00; -6.785255e+04; 8.837131e-01
8.945000e+00; -6.938389e+04; 8.847107e-01
8.950000e+00; -7.088395e+04; 8.857086e-01
8.955000e+00; -7.235177e+04; 8.867068e-01
8.960000e+00; -7.378649e+04; 8.877053e-01
8.965000e+00; -7.518727e+04; 8.887041e-01
8.970000e+00; -7.655336e+04; 8.897031e-01
8.975000e+00; -7.788407e+04; 8.907023e-01
8.980000e+00; -7.917876e+04; 8.917018e-01
8.985000e+00; -8.043689e+04; 8.927015e-01
8.990000e+00; -8.165799e+04; 8.937014e-01
8.995000e+00; -8.284166e+04; 8.947015e-01
9.000000e+00; -8.398760e+04; 8.957019e-01
9.005000e+00; -8.509558e+04; 8.967024e-01
9.010000e+00; -8.616547e+04; 8.977032e-01
9.015000e+00; -8.719722e+04; 8.987042e-01
9.020000e+00; -8.819086e+04; 8.997055e-01
9.025000e+00; -8.914652e+04; 9.007069e-01
9.030000e+00; -9.006440e+04; 9.017086e-01
9.035000e+00; -9.094479e+04; 9.027106e-01
9.040000e+00; -9.178807e+04; 9.037129e-01
9.045000e+00; -9.259467e+04; 9.047154e-01
9.050000e+00; -9.336514e+04; 9.057183e-01
9.055000e+00; -9.410005e+04; 9.067215e-01
9.060000e+00; -9.480008e+04; 9.077250e-01
9.065000e+00; -9.546594e+04; 9.087289e-01
9.070000e+00; -9.609842e+04; 9.097332e-01
9.075000e+00; -9.669835e+04; 9.107380e-01
9.080000e+00; -9.726661e+04; 9.117432e-01
9.085000e+00; -9.780413e+04; 9.127489e-01
9.090000e+00; -9.831186e+04; 9.137551e-01
9.095000e+00; -9.879081e+04; 9.147619e-01
9.100000e+00; -9.924197e+04; 9.157694e-01
9.105000e+00; -9.966639e+04; 9.167774e-01
9.110000e+00; -1.000651e+05; 9.177862e-01
9.115000e+00; -1.004392e+05; 9.187958e-01
9.120000e+00; -1.007898e+05; 9.198061e-01
9.125000e+00; -1.011178e+05; 9.208173e-01
9.130000e+00; -1.014244e+05; 9.218295e-01
9.135000e+00; -1.017105e+05; 9.228426e-01
9.140000e+00; -1.019774e+05; 9.238568e-01
9.145000e+00; -1.022258e+05; 9.248720e-01
9.150000e+00; -1.024569e+05; 9.258885e-01
9.155000e+00; -1.026717e+05; 9.269062e-01
9.160000e+00; -1.028710e+05; 9.279252e-01
9.165000e+00; -1.030558e+05; 9.289457e-01
9.170000e+00; -1.032269e+05; 9.299676e-01
9.175000e+00; -1.033853e+05; 9.309911e-01
9.180000e+00; -1.035318e+05; 9.320162e-01
9.185000e+00; -1.036670e+05; 9.330431e-01
9.190000e+00; -1.037919e+05; 9.340718e-01
9.195000e+00; -1.039071e+05; 9.351024e-01
9.200000e+00; -1.040132e+05; 9.361349e-01
9.205000e+00; -1.041110e+05; 9.371696e-01
9.210000e+00; -1.042010e+05; 9.382064e-01
9.215000e+00; -1.042838e+05; 9.392455e-01
9.220000e+00; -1.043599e+05; 9.402869e-01
9.225000e+00; -1.044299e+05; 9.413307e-01
9.230000e+00; -1.044943e+05; 9.423771e-01
9.235000e+00; -1.045534e+05; 9.434260e-01
9.240000e+00; -1.046077e+05; 9.444776e-01
9.245000e+00; -1.046575e+05; 9.455319e-01
9.250000e+00; -1.047033e+05; 9.465890e-01
9.255000e+00; -1.047453e+05; 9.476490e-01
9.260000e+00; -1.047839e+05; 9.487118e-01
9.265000e+00; -1.048193e+05; 9.497777e-01
9.270000e+00; -1.048518e+05; 9.508465e-01
9.275000e+00; -1.048817e+05; 9.519184e-01
9.280000e+00; -1.049091e+05; 9.529933e-01
9.285000e+00; -1.049343e+05; 9.540712e-01
9.290000e+00; -1.049574e+05; 9.551523e-01
9.295000e+00; -1.049786e+05; 9.562364e-01
9.300000e+00; -1.049981e+05; 9.573235e-01
9.305000e+00; -1.050160e+05; 9.584135e-01
9.310000e+00; -1.050325e+05; 9.595066e-01
9.315000e+00; -1.050476e+05; 9.606024e-01
9.320000e+00; -1.050615e+05; 9.617011e-01
9.325000e+00; -1.050743e+05; 9.628025e-01
9.330000e+00; -1.050860e+05; 9.639064e-01
9.335000e+00; -1.050968e+05; 9.650128e-01
9.340000e+00; -1.051067e+05; 9.661215e-01
9.345000e+00; -1.051158e+05; 9.672323e-01
9.350000e+00; -1.051241e+05; 9.683451e-01
9.355000e+00; -1.051318e+05; 9.694597e-01
9.360000e+00; -1.051388e+05; 9.705759e-01
9.365000e+00; -1.051452e+05; 9.716935e-01
9.370000e+00; -1.051511e+05; 9.728121e-01
9.375000e+00; -1.051564e+05; 9.739317e-01
9.380000e+00; -1.051613e+05; 9.750519e-01
9.385000e+00; -1.051658e+05; 9.761724e-01
9.390000e+00; -1.051698e+05; 9.772930e-01
9.395000e+00; -1.051735e+05; 9.784133e-01
9.400000e+00; -1.051768e+05; 9.795332e-01
9.405000e+00; -1.051798e+05; 9.806522e-01
9.410000e+00; -1.051824e+05; 9.817701e-01
9.415000e+00; -1.051848e+05; 9.828865e-01
9.420000e+00; -1.051868e+05; 9.840012e-01
9.425000e+00; -1.051886e+05; 9.851138e-01
9.430000e+00; -1.051902e+05; 9.862240e-01
9.435000e+00; -1.051915e+05; 9.873316e-01
9.440000e+00; -1.051926e+05; 9.884361e-01
9.445000e+00; -1.051934e+05; 9.895374e-01
9.450000e+00; -1.051940e+05; 9.906352e-01
9.455000e+00; -1.051944e+05; 9.917291e-01
9.460000e+00; -1.051946e+05; 9.928189e-01
9.465000e+00; -1.051945e+05; 9.939044e-01
9.470000e+00; -1.051943e+05; 9.949853e-01
9.475000e+00; -1.051938e+05; 9.960615e-01
9.480000e+00; -1.051930e+05; 9.971327e-01
9.485000e+00; -1.051921e+05; 9.981989e-01
9.490000e+00; -1.051909e+05; 9.992597e-01
9.495000e+00; -1.051894e+05; 1.000315e+00
9.500000e+00; -1.051877e+05; 1.001365e+00
9.505000e+00; -1.051856e+05; 1.002410e+00
9.510000e+00; -1.051833e+05; 1.003448e+00
9.515000e+00; -1.051807e+05; 1.004482e+00
9.520000e+00; -1.051777e+05; 1.005509e+00
9.525000e+00; -1.051743e+05; 1.006531e+00
9.530000e+00; -1.051706e+05; 1.007548e+00
9.535000e+00; -1.051664e+05; 1.008558e+00
9.540000e+00; -1.051618e+05; 1.009564e+00
9.545000e+00; -1.051567e+05; 1.010564e+00
9.550000e+00; -1.051511e+05; 1.011559e+00
9.555000e+00; -1.051449e+05; 1.012549e+00
9.560000e+00; -1.051381e+05; 1.013534e+00
9.565000e+00; -1.051306e+05; 1.014514e+00
9.570000e+00; -1.051224e+05; 1.015491e+00
9.575000e+00; -1.051134e+05; 1.016462e+00
9.580000e+00; -1.051036e+05; 1.017430e+00
9.585000e+00; -1.050929e+05; 1.018394e+00
9.590000e+00; -1.050813e+05; 1.019355e+00
9.595000e+00; -1.050686e+05; 1.020312e+00
9.600000e+00; -1.050547e+05; 1.021266e+00
9.605000e+00; -1.050397e+05; 1.022218e+00
9.610000e+00; -1.050234e+05; 1.023167e+00
9.615000e+00; -1.050056e+05; 1.024114e+00
9.620000e+00; -1.049864e+05; 1.025059e+00
9.625000e+00; -1.049656e+05; 1.026002e+00
9.630000e+00; -1.049430e+05; 1.026944e+00
9.635000e+00; -1.049186e+05; 1.027885e+00
9.640000e+00; -1.048922e+05; 1.028825e+00
9.645000e+00; -1.048637e+05; 1.029764e+00
9.650000e+00; -1.048329e+05; 1.030703e+00
9.655000e+00; -1.047998e+05; 1.031641e+00
9.660000e+00; -1.047640e+05; 1.032580e+00
9.665000e+00; -1.047256e+05; 1.033519e+00
9.670000e+00; -1.046842e+05; 1.034458e+00
9.675000e+00; -1.046397e+05; 1.035398e+00
9.680000e+00; -1.045919e+05; 1.036338e+00
9.685000e+00; -1.045406e+05; 1.037280e+00
9.690000e+00; -1.044857e+05; 1.038222e+00
9.695000e+00; -1.044267e+05; 1.039165e+00
9.700000e+00; -1.043637e+05; 1.040110e+00
9.705000e+00; -1.042962e+05; 1.041056e+00
9.710000e+00; -1.042241e+05; 1.042004e+00
9.715000e+00; -1.041470e+05; 1.042953e+00
9.720000e+00; -1.040648e+05; 1.043903e+00
9.725000e+00; -1.039771e+05; 1.044855e+00
9.730000e+00; -1.038837e+05; 1.045809e+00
9.735000e+00; -1.037842e+05; 1.046765e+00
9.740000e+00; -1.036783e+05; 1.047722e+00
9.745000e+00; -1.035658e+05; 1.048681e+00
9.750000e+00; -1.034463e+05; 1.049642e+00
9.755000e+00; -1.033194e+05; 1.050604e+00
9.760000e+00; -1.031849e+05; 1.051568e+00
9.765000e+00; -1.030423e+05; 1.052534e+00
9.770000e+00; -1.028913e+05; 1.053501e+00
9.775000e+00; -1.027315e+05; 1.054470e+00
9.780000e+00; -1.025625e+05; 1.055441e+00
9.785000e+00; -1.023840e+05; 1.056413e+00
9.790000e+00; -1.021956e+05; 1.057387e+00
9.795000e+00; -1.019968e+05; 1.058362e+00
9.800000e+00; -1.017872e+05; 1.059338e+00
9.805000e+00; -1.015664e+05; 1.060316e+00
9.810000e+00; -1.013341e+05; 1.061295e+00
9.815000e+00; -1.010898e+05; 1.062276e+00
9.820000e+00; -1.008329e+05; 1.063258e+00
9.825000e+00; -1.005633e+05; 1.064241e+00
9.830000e+00; -1.002802e+05; 1.065225e+00
9.835000e+00; -9.998346e+04; 1.066210e+00
9.840000e+00; -9.967248e+04; 1.067196e+00
9.845000e+00; -9.934686e+04; 1.068183e+00
9.850000e+00; -9.900616e+04; 1.069171e+00
9.855000e+00; -9.864994e+04; 1.070159e+00
9.860000e+00; -9.827776e+04; 1.071149e+00
9.865000e+00; -9.788918e+04; 1.072139e+00
9.870000e+00; -9.748377e+04; 1.073130e+00
9.875000e+00; -9.706111e+04; 1.074122e+00
9.880000e+00; -9.662078e+04; 1.075114e+00
9.885000e+00; -9.616235e+04; 1.076107e+00
9.890000e+00; -9.568542e+04; 1.077101e+00
9.895000e+00; -9.518959e+04; 1.078095e+00
9.900000e+00; -9.467447e+04; 1.079089e+00
9.905000e+00; -9.413967e+04; 1.080084e+00
9.910000e+00; -9.358482e+04; 1.081079e+00
9.915000e+00; -9.300957e+04; 1.082075e+00
9.920000e+00; -9.241357e+04; 1.083070e+00
9.925000e+00; -9.179648e+04; 1.084067e+00
9.930000e+00; -9.115798e+04; 1.085063e+00
9.935000e+00; -9.049777e+04; 1.086060e+00
9.940000e+00; -8.981556e+04; 1.087057e+00
9.945000e+00; -8.911107e+04; 1.088054e+00
9.950000e+00; -8.838406e+04; 1.089052e+00
9.955000e+00; -8.763429e+04; 1.090049e+00
9.960000e+00; -8.686153e+04; 1.091047e+00
9.965000e+00; -8.606558e+04; 1.092045e+00
9.970000e+00; -8.524628e+04; 1.093043e+00
9.975000e+00; -8.440344e+04; 1.094041e+00
9.980000e+00; -8.353694e+04; 1.095039e+00
9.985000e+00; -8.264666e+04; 1.096037e+00
9.990000e+00; -8.173249e+04; 1.097035e+00
9.995000e+00; -8.079437e+04; 1.098033e+00
1.000000e+01; -7.983223e+04; 1.099031e+00
1.000500e+01; -7.884605e+04; 1.100029e+00
1.001000e+01; -7.783581e+04; 1.101027e+00
1.001500e+01; -7.680152e+04; 1.102025e+00
1.002000e+01; -7.574321e+04; 1.103023e+00
1.002500e+01; -7.466095e+04; 1.104021e+00
1.003000e+01; -7.355479e+04; 1.105019e+00
1.003500e+01; -7.242485e+04; 1.106017e+00
1.004000e+01; -7.127124e+04; 1.107014e+00
1.004500e+01; -7.009410e+04; 1.108011e+00
1.005000e+01; -6.889359e+04; 1.109008e+00
1.005500e+01; -6.766988e+04; 1.110005e+00
1.006000e+01; -6.642318e+04; 1.111002e+00
1.006500e+01; -6.515371e+04; 1.111998e+00
1.007000e+01; -6.386169e+04; 1.112994e+00
1.007500e+01; -6.254739e+04; 1.113990e+00
1.008000e+01; -6.121108e+04; 1.114985e+00
1.008500e+01; -5.985304e+04; 1.115980e+00
1.009000e+01; -5.847357e+04; 1.116975e+00
1.009500e+01; -5.707300e+04; 1.117969e+00
1.010000e+01; -5.565166e+04; 1.118962e+00
1.010500e+01; -5.420989e+04; 1.119955e+00
1.011000e+01; -5.274805e+04; 1.120947e+00
1.011500e+01; -5.126652e+04; 1.121938e+00
1.012000e+01; -4.976566e+04; 1.122929e+00
1.012500e+01; -4.824587e+04; 1.123919e+00
1.013000e+01; -4.670756e+04; 1.124908e+00
1.013500e+01; -4.515112e+04; 1.125896e+00
1.014000e+01; -4.357697e+04; 1.126883e+00
1.014500e+01; -4.198554e+04; 1.127869e+00
1.015000e+01; -4.037724e+04; 1.128854e+00
1.015500e+01; -3.875251e+04; 1.129838e+00
1.016000e+01; -3.711178e+04; 1.130820e+00
1.016500e+01; -3.545548e+04; 1.131800e+00
1.017000e+01; -3.378407e+04; 1.132779e+00
1.017500e+01; -3.209796e+04; 1.133757e+00
1.018000e+01; -3.039761e+04; 1.134732e+00
1.018500e+01; -2.868345e+04; 1.135705e+00
1.019000e+01; -2.695592e+04; 1.136676e+00
1.019500e+01; -2.521545e+04; 1.137645e+00
1.020000e+01; -2.346248e+04; 1.138612e+00
1.020500e+01; -2.169744e+04; 1.139575e+00
1.021000e+01; -1.992074e+04; 1.140536e+00
1.021500e+01; -1.813281e+04; 1.141494e+00
1.022000e+01; -1.633406e+04; 1.142448e+00
1.022500e+01; -1.452490e+04; 1.143399e+00
1.023000e+01; -1.270574e+04; 1.144347e+00
1.023500e+01; -1.087696e+04; 1.145290e+00
1.024000e+01; -9.038961e+03; 1.146229e+00
1.024500e+01; -7.192117e+03; 1.147163e+00
1.025000e+01; -5.336800e+03; 1.148093e+00
1.025500e+01; -3.473376e+03; 1.149017e+00
1.026000e+01; -1.602198e+03; 1.149936e+00
1.026500e+01; 2.763860e+02; 1.150850e+00
1.027000e+01; 2.162040e+03; 1.151757e+00
1.027500e+01; 4.054435e+03; 1.152657e+00
1.028000e+01; 5.953254e+03; 1.153551e+00
1.028500e+01; 7.858188e+03; 1.154437e+00
1.029000e+01; 9.768936e+03; 1.155316e+00
1.029500e+01; 1.168521e+04; 1.156186e+00
1.030000e+01; 1.360673e+04; 1.157048e+00
1.030500e+01; 1.553323e+04; 1.157901e+00
1.031000e+01; 1.746444e+04; 1.158745e+00
1.031500e+01; 1.940012e+04; 1.159578e+00
1.032000e+01; 2.134002e+04; 1.160401e+00
1.032500e+01; 2.328391e+04; 1.161212e+00
1.033000e+01; 2.523157e+04; 1.162013e+00
1.033500e+01; 2.718280e+04; 1.162801e+00
1.034000e+01; 2.913737e+04; 1.163576e+00
1.034500e+01; 3.109510e+04; 1.164338e+00
1.035000e+01; 3.305581e+04; 1.165086e+00
1.035500e+01; 3.501931e+04; 1.165820e+00
1.036000e+01; 3.698543e+04; 1.166539e+00
1.036500e+01; 3.895403e+04; 1.167242e+00
1.037000e+01; 4.092493e+04; 1.167930e+00
1.037500e+01; 4.289800e+04; 1.168600e+00
1.038000e+01; 4.487310e+04; 1.169253e+00
1.038500e+01; 4.685010e+04; 1.169888e+00
1.039000e+01; 4.882888e+04; 1.170504e+00
1.039500e+01; 5.080931e+04; 1.171101e+00
1.040000e+01; 5.279130e+04; 1.171678e+00
1.040500e+01; 5.477473e+04; 1.172235e+00
1.041000e+01; 5.675951e+04; 1.172770e+00
1.041500e+01; 5.874554e+04; 1.173285e+00
1.042000e+01; 6.073275e+04; 1.173777e+00
1.042500e+01; 6.272105e+04; 1.174246e+00
1.043000e+01; 6.471037e+04; 1.174692e+00
1.043500e+01; 6.670063e+04; 1.175115e+00
1.044000e+01; 6.869177e+04; 1.175513e+00
1.044500e+01; 7.068373e+04; 1.175887e+00
1.045000e+01; 7.267645e+04; 1.176236e+00
1.045500e+01; 7.466988e+04; 1.176559e+00
1.046000e+01; 7.666397e+04; 1.176856e+00
1.046500e+01; 7.865868e+04; 1.177127e+00
1.047000e+01; 8.065396e+04; 1.177372e+00
1.047500e+01; 8.264978e+04; 1.177589e+00
1.048000e+01; 8.464610e+04; 1.177780e+00
1.048500e+01; 8.664289e+04; 1.177943e+00
1.049000e+01; 8.864013e+04; 1.178078e+00
1.049500e+01; 9.063777e+04; 1.178186e+00
1.050000e+01; 9.263580e+04; 1.178266e+00
1.050500e+01; 9.463421e+04; 1.178318e+00
1.051000e+01; 9.663296e+04; 1.178342e+00
1.051500e+01; 9.863204e+04; 1.178339e+00
1.052000e+01; 1.006314e+05; 1.178307e+00
1.052500e+01; 1.026311e+05; 1.178247e+00
1.053000e+01; 1.046311e+05; 1.178160e+00
1.053500e+01; 1.066314e+05; 1.178044e+00
1.054000e+01; 1.086319e+05; 1.177902e+00
1.054500e+01; 1.106327e+05; 1.177732e+00
1.055000e+01; 1.126338e+05; 1.177535e+00
1.055500e+01; 1.146351e+05; 1.177311e+00
1.056000e+01; 1.166366e+05; 1.177061e+00
1.056500e+01; 1.186384e+05; 1.176784e+00
1.057000e+01; 1.206403e+05; 1.176482e+00
1.057500e+01; 1.226426e+05; 1.176154e+00
1.058000e+01; 1.246450e+05; 1.175802e+00
1.058500e+01; 1.266476e+05; 1.175424e+00
1.059000e+01; 1.286505e+05; 1.175023e+00
1.059500e+01; 1.306535e+05; 1.174598e+00
1.060000e+01; 1.326567e+05; 1.174150e+00
1.060500e+01; 1.346601e+05; 1.173679e+00
1.061000e+01; 1.366637e+05; 1.173187e+00
1.061500e+01; 1.386674e+05; 1.172672e+00
1.062000e+01; 1.406712e+05; 1.172137e+00
1.062500e+01; 1.426752e+05; 1.171581e+00
1.063000e+01; 1.446792e+05; 1.171006e+00
1.063500e+01; 1.466833e+05; 1.170411e+00
1.064000e+01; 1.486875e+05; 1.169798e+00
1.064500e+01; 1.506916e+05; 1.169166e+00
1.065000e+01; 1.526957e+05; 1.168517e+00
1.065500e+01; 1.546997e+05; 1.167851e+00
1.066000e+01; 1.567036e+05; 1.167169e+00
1.066500e+01; 1.587072e+05; 1.166471e+00
1.067000e+01; 1.607107e+05; 1.165758e+00
1.067500e+01; 1.627137e+05; 1.165030e+00
1.068000e+01; 1.647164e+05; 1.164288e+00
1.068500e+01; 1.667185e+05; 1.163533e+00
1.069000e+01; 1.687201e+05; 1.162764e+00
1.069500e+01; 1.707209e+05; 1.161984e+00
1.070000e+01; 1.727209e+05; 1.161191e+00
1.070500e+01; 1.747199e+05; 1.160387e+00
1.071000e+01; 1.767177e+05; 1.159572e+00
1.071500e+01; 1.787143e+05; 1.158747e+00
1.072000e+01; 1.807094e+05; 1.157912e+00
1.072500e+01; 1.827029e+05; 1.157068e+00
1.073000e+01; 1.846945e+05; 1.156214e+00
1.073500e+01; 1.866840e+05; 1.155352e+00
1.074000e+01; 1.886711e+05; 1.154482e+00
1.074500e+01; 1.906557e+05; 1.153604e+00
1.075000e+01; 1.926374e+05; 1.152719e+00
1.075500e+01; 1.946160e+05; 1.151827e+00
1.076000e+01; 1.965910e+05; 1.150928e+00
1.076500e+01; 1.985622e+05; 1.150023e+00
1.077000e+01; 2.005293e+05; 1.149112e+00
1.077500e+01; 2.024917e+05; 1.148195e+00
1.078000e+01; 2.044492e+05; 1.147273e+00
1.078500e+01; 2.064013e+05; 1.146346e+00
1.079000e+01; 2.083476e+05; 1.145415e+00
1.079500e+01; 2.102875e+05; 1.144479e+00
1.080000e+01; 2.122207e+05; 1.143539e+00
1.080500e+01; 2.141465e+05; 1.142594e+00
1.081000e+01; 2.160644e+05; 1.141646e+00
1.081500e+01; 2.179739e+05; 1.140695e+00
1.082000e+01; 2.198744e+05; 1.139740e+00
1.082500e+01; 2.217653e+05; 1.138782e+00
1.083000e+01; 2.236460e+05; 1.137822e+00
1.083500e+01; 2.255157e+05; 1.136858e+00
1.084000e+01; 2.273740e+05; 1.135892e+00
1.084500e+01; 2.292200e+05; 1.134924e+00
1.085000e+01; 2.310531e+05; 1.133953e+00
1.085500e+01; 2.328726e+05; 1.132980e+00
1.086000e+01; 2.346777e+05; 1.132005e+00
1.086500e+01; 2.364678e+05; 1.131029e+00
1.087000e+01; 2.382421e+05; 1.130050e+00
1.087500e+01; 2.399998e+05; 1.129070e+00
1.088000e+01; 2.417402e+05; 1.128089e+00
1.088500e+01; 2.434625e+05; 1.127106e+00
1.089000e+01; 2.451660e+05; 1.126121e+00
1.089500e+01; 2.468498e+05; 1.125136e+00
1.090000e+01; 2.485134e+05; 1.124149e+00
1.090500e+01; 2.501558e+05; 1.123161e+00
1.091000e+01; 2.517764e+05; 1.122172e+00
1.091500e+01; 2.533745e+05; 1.121182e+00
1.092000e+01; 2.549492e+05; 1.120191e+00
1.092500e+01; 2.565000e+05; 1.119200e+00
1.093000e+01; 2.580261e+05; 1.118207e+00
1.093500e+01; 2.595269e+05; 1.117214e+00
1.094000e+01; 2.610018e+05; 1.116220e+00
1.094500e+01; 2.624501e+05; 1.115225e+00
1.095000e+01; 2.638712e+05; 1.114230e+00
1.095500e+01; 2.652647e+05; 1.113234e+00
1.096000e+01; 2.666300e+05; 1.112238e+00
1.096500e+01; 2.679666e+05; 1.111241e+00
1.097000e+01; 2.692742e+05; 1.110243e+00
1.097500e+01; 2.705522e+05; 1.109245e+00
1.098000e+01; 2.718003e+05; 1.108247e+00
1.098500e+01; 2.730182e+05; 1.107248e+00
1.099000e+01; 2.742057e+05; 1.106248e+00
1.099500e+01; 2.753625e+05; 1.105248e+00
1.100000e+01; 2.764884e+05; 1.104248e+00
1.100500e+01; 2.775834e+05; 1.103247e+00
1.101000e+01; 2.786472e+05; 1.102246e+00
1.101500e+01; 2.796798e+05; 1.101244e+00
1.102000e+01; 2.806814e+05; 1.100242e+00
1.102500e+01; 2.816518e+05; 1.099239e+00
1.103000e+01; 2.825913e+05; 1.098236e+00
1.103500e+01; 2.834999e+05; 1.097232e+00
1.104000e+01; 2.843778e+05; 1.096228e+00
1.104500e+01; 2.852254e+05; 1.095223e+00
1.105000e+01; 2.860428e+05; 1.094218e+00
1.105500e+01; 2.868303e+05; 1.093212e+00
1.106000e+01; 2.875884e+05; 1.092205e+00
1.106500e+01; 2.883175e+05; 1.091198e+00
1.107000e+01; 2.890179e+05; 1.090190e+00
1.107500e+01; 2.896901e+05; 1.089182e+00
1.108000e+01; 2.903347e+05; 1.088173e+00
1.108500e+01; 2.909522e+05; 1.087163e+00
1.109000e+01; 2.915431e+05; 1.086152e+00
1.109500e+01; 2.921080e+05; 1.085141e+00
1.110000e+01; 2.926475e+05; 1.084129e+00
1.110500e+01; 2.931623e+05; 1.083115e+00
1.111000e+01; 2.936530e+05; 1.082101e+00
1.111500e+01; 2.941203e+05; 1.081086e+00
1.112000e+01; 2.945648e+05; 1.080070e+00
1.112500e+01; 2.949873e+05; 1.079052e+00
1.113000e+01; 2.953885e+05; 1.078034e+00
1.113500e+01; 2.957690e+05; 1.077014e+00
1.114000e+01; 2.961295e+05; 1.075993e+00
1.114500e+01; 2.964709e+05; 1.074971e+00
1.115000e+01; 2.967937e+05; 1.073948e+00
1.115500e+01; 2.970988e+05; 1.072923e+00
1.116000e+01; 2.973867e+05; 1.071897e+00
1.116500e+01; 2.976583e+05; 1.070869e+00
1.117000e+01; 2.979142e+05; 1.069839e+00
1.117500e+01; 2.981551e+05; 1.068808e+00
1.118000e+01; 2.983816e+05; 1.067776e+00
1.118500e+01; 2.985945e+05; 1.066741e+00
1.119000e+01; 2.987943e+05; 1.065705e+00
1.119500e+01; 2.989817e+05; 1.064667e+00
1.120000e+01; 2.991573e+05; 1.063628e+00
1.120500e+01; 2.993218e+05; 1.062586e+00
1.121000e+01; 2.994756e+05; 1.061542e+00
1.121500e+01; 2.996194e+05; 1.060497e+00
1.122000e+01; 2.997537e+05; 1.059449e+00
1.122500e+01; 2.998791e+05; 1.058400e+00
1.123000e+01; 2.999960e+05; 1.057348e+00
1.123500e+01; 3.001049e+05; 1.056294e+00
1.124000e+01; 3.002062e+05; 1.055238e+00
1.124500e+01; 3.003006e+05; 1.054180e+00
1.125000e+01; 3.003883e+05; 1.053120e+00
1.125500e+01; 3.004698e+05; 1.052057e+00
1.126000e+01; 3.005454e+05; 1.050993e+00
1.126500e+01; 3.006156e+05; 1.049926e+00
1.127000e+01; 3.006807e+05; 1.048858e+00
1.127500e+01; 3.007410e+05; 1.047787e+00
1.128000e+01; 3.007968e+05; 1.046714e+00
1.128500e+01; 3.008485e+05; 1.045639e+00
1.129000e+01; 3.008963e+05; 1.044562e+00
1.129500e+01; 3.009405e+05; 1.043483e+00
1.130000e+01; 3.009813e+05; 1.042403e+00
1.130500e+01; 3.010190e+05; 1.041320e+00
1.131000e+01; 3.010537e+05; 1.040236e+00
1.131500e+01; 3.010858e+05; 1.039150e+00
1.132000e+01; 3.011154e+05; 1.038063e+00
1.132500e+01; 3.011426e+05; 1.036974e+00
1.133000e+01; 3.011677e+05; 1.035884e+00
1.133500e+01; 3.011908e+05; 1.034793e+00
1.134000e+01; 3.012120e+05; 1.033700e+00
1.134500e+01; 3.012315e+05; 1.032607e+00
1.135000e+01; 3.012494e+05; 1.031513e+00
1.135500e+01; 3.012658e+05; 1.030418e+00
1.136000e+01; 3.012809e+05; 1.029322e+00
1.136500e+01; 3.012947e+05; 1.028227e+00
1.137000e+01; 3.013073e+05; 1.027131e+00
1.137500e+01; 3.013187e+05; 1.026035e+00
1.138000e+01; 3.013292e+05; 1.024939e+00
1.138500e+01; 3.013387e+05; 1.023843e+00
1.139000e+01; 3.013474e+05; 1.022748e+00
1.139500e+01; 3.013552e+05; 1.021654e+00
1.140000e+01; 3.013622e+05; 1.020560e+00
1.140500e+01; 3.013685e+05; 1.019468e+00
1.141000e+01; 3.013741e+05; 1.018377e+00
1.141500e+01; 3.013791e+05; 1.017287e+00
1.142000e+01; 3.013835e+05; 1.016198e+00
1.142500e+01; 3.013872e+05; 1.015112e+00
1.143000e+01; 3.013904e+05; 1.014027e+00
1.143500e+01; 3.013931e+05; 1.012945e+00
1.144000e+01; 3.013953e+05; 1.011865e+00
1.144500e+01; 3.013970e+05; 1.010787e+00
1.145000e+01; 3.013981e+05; 1.009711e+00
1.145500e+01; 3.013988e+05; 1.008639e+00
1.146000e+01; 3.013990e+05; 1.007569e+00
1.146500e+01; 3.013987e+05; 1.006503e+00
1.147000e+01; 3.013980e+05; 1.005439e+00
1.147500e+01; 3.013968e+05; 1.004379e+00
1.148000e+01; 3.013950e+05; 1.003322e+00
1.148500e+01; 3.013928e+05; 1.002269e+00
1.149000e+01; 3.013901e+05; 1.001219e+00
1.149500e+01; 3.013868e+05; 1.000172e+00
1.150000e+01; 3.013830e+05; 9.991293e-01
1.150500e+01; 3.013786e+05; 9.980902e-01
1.151000e+01; 3.013736e+05; 9.970549e-01
1.151500e+01; 3.013679e+05; 9.960233e-01
1.152000e+01; 3.013616e+05; 9.949954e-01
1.152500e+01; 3.013546e+05; 9.939713e-01
1.153000e+01; 3.013469e+05; 9.929509e-01
1.153500e+01; 3.013384e+05; 9.919343e-01
1.154000e+01; 3.013291e+05; 9.909213e-01
1.154500e+01; 3.013188e+05; 9.899119e-01
1.155000e+01; 3.013077e+05; 9.889062e-01
1.155500e+01; 3.012955e+05; 9.879039e-01
1.156000e+01; 3.012823e+05; 9.869051e-01
1.156500e+01; 3.012680e+05; 9.859096e-01
1.157000e+01; 3.012525e+05; 9.849173e-01
1.157500e+01; 3.012357e+05; 9.839282e-01
1.158000e+01; 3.012176e+05; 9.829421e-01
1.158500e+01; 3.011980e+05; 9.819589e-01
1.159000e+01; 3.011769e+05; 9.809785e-01
1.159500e+01; 3.011542e+05; 9.800007e-01
1.160000e+01; 3.011298e+05; 9.790254e-01
1.160500e+01; 3.011035e+05; 9.780525e-01
1.161000e+01; 3.010753e+05; 9.770817e-01
1.161500e+01; 3.010450e+05; 9.761131e-01
1.162000e+01; 3.010126e+05; 9.751464e-01
1.162500e+01; 3.009778e+05; 9.741814e-01
1.163000e+01; 3.009406e+05; 9.732180e-01
1.163500e+01; 3.009007e+05; 9.722561e-01
1.164000e+01; 3.008582e+05; 9.712956e-01
1.164500e+01; 3.008127e+05; 9.703361e-01
1.165000e+01; 3.007642e+05; 9.693777e-01
1.165500e+01; 3.007124e+05; 9.684201e-01
1.166000e+01; 3.006572e+05; 9.674633e-01
1.166500e+01; 3.005984e+05; 9.665070e-01
1.167000e+01; 3.005358e+05; 9.655512e-01
1.167500e+01; 3.004693e+05; 9.645957e-01
1.168000e+01; 3.003985e+05; 9.636403e-01
1.168500e+01; 3.003233e+05; 9.626851e-01
1.169000e+01; 3.002435e+05; 9.617298e-01
1.169500e+01; 3.001589e+05; 9.607743e-01
1.170000e+01; 3.000691e+05; 9.598185e-01
1.170500e+01; 2.999741e+05; 9.588624e-01
1.171000e+01; 2.998734e+05; 9.579059e-01
1.171500e+01; 2.997669e+05; 9.569488e-01
1.172000e+01; 2.996542e+05; 9.559910e-01
1.172500e+01; 2.995352e+05; 9.550326e-01
1.173000e+01; 2.994095e+05; 9.540735e-01
1.173500e+01; 2.992769e+05; 9.531135e-01
1.174000e+01; 2.991370e+05; 9.521526e-01
1.174500e+01; 2.989895e+05; 9.511908e-01
1.175000e+01; 2.988342e+05; 9.502281e-01
1.175500e+01; 2.986708e+05; 9.492643e-01
1.176000e+01; 2.984988e+05; 9.482995e-01
1.176500e+01; 2.983181e+05; 9.473337e-01
1.177000e+01; 2.981281e+05; 9.463668e-01
1.177500e+01; 2.979287e+05; 9.453988e-01
1.178000e+01; 2.977195e+05; 9.444297e-01
1.178500e+01; 2.975001e+05; 9.434595e-01
1.179000e+01; 2.972702e+05; 9.424882e-01
1.179500e+01; 2.970294e+05; 9.415158e-01
1.180000e+01; 2.967774e+05; 9.405423e-01
1.180500e+01; 2.965138e+05; 9.395678e-01
1.181000e+01; 2.962382e+05; 9.385921e-01
1.181500e+01; 2.959503e+05; 9.376154e-01
1.182000e+01; 2.956497e+05; 9.366376e-01
1.182500e+01; 2.953361e+05; 9.356588e-01
1.183000e+01; 2.950091e+05; 9.346791e-01
1.183500e+01; 2.946682e+05; 9.336983e-01
1.184000e+01; 2.943133e+05; 9.327166e-01
1.184500e+01; 2.939438e+05; 9.317340e-01
1.185000e+01; 2.935594e+05; 9.307505e-01
1.185500e+01; 2.931598e+05; 9.297661e-01
1.186000e+01; 2.927446e+05; 9.287809e-01
1.186500e+01; 2.923134e+05; 9.277949e-01
1.187000e+01; 2.918660e+05; 9.268082e-01
1.187500e+01; 2.914019e+05; 9.258207e-01
1.188000e+01; 2.909208e+05; 9.248325e-01
1.188500e+01; 2.904224e+05; 9.238436e-01
1.189000e+01; 2.899063e+05; 9.228542e-01
1.189500e+01; 2.893723e+05; 9.218641e-01
1.190000e+01; 2.888201e+05; 9.208734e-01
1.190500e+01; 2.882492e+05; 9.198822e-01
1.191000e+01; 2.876595e+05; 9.188905e-01
1.191500e+01; 2.870507e+05; 9.178983e-01
1.192000e+01; 2.864224e+05; 9.169057e-01
1.192500e+01; 2.857745e+05; 9.159127e-01
1.193000e+01; 2.851067e+05; 9.149193e-01
1.193500e+01; 2.844187e+05; 9.139255e-01
1.194000e+01; 2.837103e+05; 9.129314e-01
1.194500e+01; 2.829813e+05; 9.119371e-01
1.195000e+01; 2.822315e+05; 9.109425e-01
1.195500e+01; 2.814608e+05; 9.099476e-01
1.196000e+01; 2.806689e+05; 9.089525e-01
1.196500e+01; 2.798558e+05; 9.079573e-01
1.197000e+01; 2.790212e+05; 9.069620e-01
1.197500e+01; 2.781650e+05; 9.059665e-01
1.198000e+01; 2.772872e+05; 9.049709e-01
1.198500e+01; 2.763876e+05; 9.039753e-01
1.199000e+01; 2.754663e+05; 9.029796e-01
1.199500e+01; 2.745230e+05; 9.019840e-01
1.200000e+01; 2.735578e+05; 9.009884e-01
1.200500e+01; 2.725707e+05; 8.999928e-01
1.201000e+01; 2.715616e+05; 8.989973e-01
1.201500e+01; 2.705305e+05; 8.980020e-01
1.202000e+01; 2.694775e+05; 8.970068e-01
1.202500e+01; 2.684026e+05; 8.960118e-01
1.203000e+01; 2.673059e+05; 8.950171e-01
1.203500e+01; 2.661875e+05; 8.940226e-01
1.204000e+01; 2.650473e+05; 8.930284e-01
1.204500e+01; 2.638856e+05; 8.920345e-01
1.205000e+01; 2.627025e+05; 8.910410e-01
1.205500e+01; 2.614981e+05; 8.900480e-01
1.206000e+01; 2.602725e+05; 8.890554e-01
1.206500e+01; 2.590259e+05; 8.880634e-01
1.207000e+01; 2.577586e+05; 8.870719e-01
1.207500e+01; 2.564706e+05; 8.860811e-01
1.208000e+01; 2.551622e+05; 8.850909e-01
1.208500e+01; 2.538337e+05; 8.841015e-01
1.209000e+01; 2.524852e+05; 8.831128e-01
1.209500e+01; 2.511170e+05; 8.821251e-01
1.210000e+01; 2.497294e+05; 8.811383e-01
1.210500e+01; 2.483226e+05; 8.801525e-01
1.211000e+01; 2.468969e+05; 8.791678e-01
1.211500e+01; 2.454526e+05; 8.781843e-01
1.212000e+01; 2.439901e+05; 8.772021e-01
1.212500e+01; 2.425095e+05; 8.762212e-01
1.213000e+01; 2.410113e+05; 8.752418e-01
1.213500e+01; 2.394957e+05; 8.742640e-01
1.214000e+01; 2.379631e+05; 8.732879e-01
1.214500e+01; 2.364139e+05; 8.723135e-01
1.215000e+01; 2.348483e+05; 8.713411e-01
1.215500e+01; 2.332667e+05; 8.703708e-01
1.216000e+01; 2.316694e+05; 8.694026e-01
1.216500e+01; 2.300569e+05; 8.684368e-01
1.217000e+01; 2.284295e+05; 8.674735e-01
1.217500e+01; 2.267875e+05; 8.665129e-01
1.218000e+01; 2.251313e+05; 8.655551e-01
1.218500e+01; 2.234613e+05; 8.646003e-01
1.219000e+01; 2.217778e+05; 8.636487e-01
1.219500e+01; 2.200812e+05; 8.627005e-01
1.220000e+01; 2.183718e+05; 8.617559e-01
1.220500e+01; 2.166501e+05; 8.608151e-01
1.221000e+01; 2.149164e+05; 8.598784e-01
1.221500e+01; 2.131711e+05; 8.589459e-01
1.222000e+01; 2.114144e+05; 8.580180e-01
1.222500e+01; 2.096469e+05; 8.570948e-01
1.223000e+01; 2.078687e+05; 8.561767e-01
1.223500e+01; 2.060804e+05; 8.552639e-01
1.224000e+01; 2.042821e+05; 8.543567e-01
1.224500e+01; 2.024743e+05; 8.534554e-01
1.225000e+01; 2.006573e+05; 8.525604e-01
1.225500e+01; 1.988314e+05; 8.516718e-01
1.226000e+01; 1.969970e+05; 8.507902e-01
1.226500e+01; 1.951543e+05; 8.499157e-01
1.227000e+01; 1.933037e+05; 8.490488e-01
1.227500e+01; 1.914455e+05; 8.481898e-01
1.228000e+01; 1.895800e+05; 8.473391e-01
1.228500e+01; 1.877075e+05; 8.464971e-01
1.229000e+01; 1.858283e+05; 8.456641e-01
1.229500e+01; 1.839426e+05; 8.448406e-01
1.230000e+01; 1.820507e+05; 8.440269e-01
1.230500e+01; 1.801529e+05; 8.432236e-01
1.231000e+01; 1.782495e+05; 8.424309e-01
1.231500e+01; 1.763406e+05; 8.416495e-01
1.232000e+01; 1.744266e+05; 8.408795e-01
1.232500e+01; 1.725077e+05; 8.401217e-01
1.233000e+01; 1.705841e+05; 8.393763e-01
1.233500e+01; 1.686560e+05; 8.386438e-01
1.234000e+01; 1.667237e+05; 8.379247e-01
1.234500e+01; 1.647873e+05; 8.372195e-01
1.235000e+01; 1.628471e+05; 8.365287e-01
1.235500e+01; 1.609032e+05; 8.358526e-01
1.236000e+01; 1.589558e+05; 8.351918e-01
1.236500e+01; 1.570052e+05; 8.345468e-01
1.237000e+01; 1.550514e+05; 8.339179e-01
1.237500e+01; 1.530946e+05; 8.333057e-01
1.238000e+01; 1.511351e+05; 8.327107e-01
1.238500e+01; 1.491729e+05; 8.321332e-01
1.239000e+01; 1.472082e+05; 8.315738e-01
1.239500e+01; 1.452411e+05; 8.310329e-01
1.240000e+01; 1.432718e+05; 8.305109e-01
1.240500e+01; 1.413004e+05; 8.300083e-01
1.241000e+01; 1.393269e+05; 8.295255e-01
1.241500e+01; 1.373516e+05; 8.290629e-01
1.242000e+01; 1.353746e+05; 8.286208e-01
1.242500e+01; 1.333958e+05; 8.281998e-01
1.243000e+01; 1.314155e+05; 8.278000e-01
1.243500e+01; 1.294337e+05; 8.274220e-01
1.244000e+01; 1.274505e+05; 8.270660e-01
1.244500e+01; 1.254660e+05; 8.267324e-01
1.245000e+01; 1.234803e+05; 8.264215e-01
1.245500e+01; 1.214934e+05; 8.261335e-01
1.246000e+01; 1.195054e+05; 8.258687e-01
1.246500e+01; 1.175164e+05; 8.256274e-01
1.247000e+01; 1.155265e+05; 8.254098e-01
1.247500e+01; 1.135356e+05; 8.252161e-01
1.248000e+01; 1.115439e+05; 8.250465e-01
1.248500e+01; 1.095515e+05; 8.249011e-01
1.249000e+01; 1.075582e+05; 8.247801e-01
1.249500e+01; 1.055643e+05; 8.246835e-01
1.250000e+01; 1.035698e+05; 8.246115e-01
1.250500e+01; 1.015746e+05; 8.245642e-01
1.251000e+01; 9.957889e+04; 8.245414e-01
1.251500e+01; 9.758263e+04; 8.245434e-01
1.252000e+01; 9.558589e+04; 8.245700e-01
1.252500e+01; 9.358869e+04; 8.246213e-01
1.253000e+01; 9.159107e+04; 8.246971e-01
1.253500e+01; 8.959306e+04; 8.247973e-01
1.254000e+01; 8.759469e+04; 8.249220e-01
1.254500e+01; 8.559600e+04; 8.250708e-01
1.255000e+01; 8.359703e+04; 8.252438e-01
1.255500e+01; 8.159779e+04; 8.254406e-01
1.256000e+01; 7.959832e+04; 8.256611e-01
1.256500e+01; 7.759866e+04; 8.259051e-01
1.257000e+01; 7.559884e+04; 8.261723e-01
1.257500e+01; 7.359889e+04; 8.264625e-01
1.258000e+01; 7.159885e+04; 8.267754e-01
1.258500e+01; 6.959876e+04; 8.271107e-01
1.259000e+01; 6.759865e+04; 8.274680e-01
1.259500e+01; 6.559858e+04; 8.278470e-01
1.260000e+01; 6.359858e+04; 8.282474e-01
1.260500e+01; 6.159871e+04; 8.286689e-01
1.261000e+01; 5.959901e+04; 8.291109e-01
1.261500e+01; 5.759954e+04; 8.295732e-01
1.262000e+01; 5.560036e+04; 8.300554e-01
1.262500e+01; 5.360154e+04; 8.305570e-01
1.263000e+01; 5.160314e+04; 8.310776e-01
1.263500e+01; 4.960525e+04; 8.316168e-01
1.264000e+01; 4.760793e+04; 8.321741e-01
1.264500e+01; 4.561129e+04; 8.327491e-01
1.265000e+01; 4.361541e+04; 8.333414e-01
1.265500e+01; 4.162039e+04; 8.339505e-01
1.266000e+01; 3.962634e+04; 8.345760e-01
1.266500e+01; 3.763339e+04; 8.352173e-01
1.267000e+01; 3.564165e+04; 8.358741e-01
1.267500e+01; 3.365126e+04; 8.365458e-01
1.268000e+01; 3.166236e+04; 8.372321e-01
1.268500e+01; 2.967512e+04; 8.379325e-01
1.269000e+01; 2.768968e+04; 8.386465e-01
1.269500e+01; 2.570623e+04; 8.393736e-01
1.270000e+01; 2.372496e+04; 8.401135e-01
1.270500e+01; 2.174605e+04; 8.408656e-01
1.271000e+01; 1.976973e+04; 8.416296e-01
1.271500e+01; 1.779621e+04; 8.424050e-01
1.272000e+01; 1.582573e+04; 8.431915e-01
1.272500e+01; 1.385853e+04; 8.439885e-01
1.273000e+01; 1.189488e+04; 8.447957e-01
1.273500e+01; 9.935056e+03; 8.456126e-01
1.274000e+01; 7.979343e+03; 8.464390e-01
1.274500e+01; 6.028044e+03; 8.472743e-01
1.275000e+01; 4.081479e+03; 8.481183e-01
1.275500e+01; 2.139978e+03; 8.489705e-01
1.276000e+01; 2.038883e+02; 8.498307e-01
1.276500e+01; -1.726430e+03; 8.506984e-01
1.277000e+01; -3.650600e+03; 8.515733e-01
1.277500e+01; -5.568233e+03; 8.524551e-01
1.278000e+01; -7.478925e+03; 8.533436e-01
1.278500e+01; -9.382256e+03; 8.542383e-01
1.279000e+01; -1.127780e+04; 8.551390e-01
1.279500e+01; -1.316510e+04; 8.560454e-01
1.280000e+01; -1.504370e+04; 8.569572e-01
1.280500e+01; -1.691314e+04; 8.578742e-01
1.281000e+01; -1.877292e+04; 8.587961e-01
1.281500e+01; -2.062255e+04; 8.597227e-01
1.282000e+01; -2.246153e+04; 8.606537e-01
1.282500e+01; -2.428934e+04; 8.615889e-01
1.283000e+01; -2.610545e+04; 8.625281e-01
1.283500e+01; -2.790932e+04; 8.634710e-01
1.284000e+01; -2.970042e+04; 8.644176e-01
1.284500e+01; -3.147819e+04; 8.653675e-01
1.285000e+01; -3.324208e+04; 8.663206e-01
1.285500e+01; -3.499152e+04; 8.672768e-01
1.286000e+01; -3.672596e+04; 8.682358e-01
1.286500e+01; -3.844483e+04; 8.691976e-01
1.287000e+01; -4.014756e+04; 8.701619e-01
1.287500e+01; -4.183358e+04; 8.711287e-01
1.288000e+01; -4.350233e+04; 8.720977e-01
1.288500e+01; -4.515325e+04; 8.730689e-01
1.289000e+01; -4.678577e+04; 8.740422e-01
1.289500e+01; -4.839936e+04; 8.750174e-01
1.290000e+01; -4.999345e+04; 8.759944e-01
1.290500e+01; -5.156752e+04; 8.769731e-01
1.291000e+01; -5.312103e+04; 8.779535e-01
1.291500e+01; -5.465349e+04; 8.789355e-01
1.292000e+01; -5.616437e+04; 8.799189e-01
1.292500e+01; -5.765320e+04; 8.809037e-01
1.293000e+01; -5.911951e+04; 8.818898e-01
1.293500e+01; -6.056283e+04; 8.828771e-01
1.294000e+01; -6.198274e+04; 8.838657e-01
1.294500e+01; -6.337883e+04; 8.848554e-01
1.295000e+01; -6.475069e+04; 8.858461e-01
1.295500e+01; -6.609795e+04; 8.868379e-01
1.296000e+01; -6.742028e+04; 8.878307e-01
1.296500e+01; -6.871734e+04; 8.888244e-01
1.297000e+01; -6.998883e+04; 8.898191e-01
1.297500e+01; -7.123449e+04; 8.908146e-01
1.298000e+01; -7.245407e+04; 8.918110e-01
1.298500e+01; -7.364736e+04; 8.928082e-01
1.299000e+01; -7.481417e+04; 8.938063e-01
1.299500e+01; -7.595434e+04; 8.948051e-01
1.300000e+01; -7.706775e+04; 8.958047e-01
1.300500e+01; -7.815429e+04; 8.968051e-01
1.301000e+01; -7.921390e+04; 8.978062e-01
1.301500e+01; -8.024655e+04; 8.988081e-01
1.302000e+01; -8.125223e+04; 8.998108e-01
1.302500e+01; -8.223096e+04; 9.008142e-01
1.303000e+01; -8.318280e+04; 9.018183e-01
1.303500e+01; -8.410784e+04; 9.028232e-01
1.304000e+01; -8.500619e+04; 9.038289e-01
1.304500e+01; -8.587799e+04; 9.048354e-01
1.305000e+01; -8.672343e+04; 9.058426e-01
1.305500e+01; -8.754270e+04; 9.068507e-01
1.306000e+01; -8.833603e+04; 9.078595e-01
1.306500e+01; -8.910367e+04; 9.088693e-01
1.307000e+01; -8.984592e+04; 9.098798e-01
1.307500e+01; -9.056308e+04; 9.108913e-01
1.308000e+01; -9.125547e+04; 9.119036e-01
1.308500e+01; -9.192346e+04; 9.129169e-01
1.309000e+01; -9.256741e+04; 9.139312e-01
1.309500e+01; -9.318772e+04; 9.149464e-01
1.310000e+01; -9.378480e+04; 9.159626e-01
1.310500e+01; -9.435909e+04; 9.169799e-01
1.311000e+01; -9.491104e+04; 9.179983e-01
1.311500e+01; -9.544110e+04; 9.190177e-01
1.312000e+01; -9.594976e+04; 9.200383e-01
1.312500e+01; -9.643750e+04; 9.210601e-01
1.313000e+01; -9.690482e+04; 9.220830e-01
1.313500e+01; -9.735223e+04; 9.231072e-01
1.314000e+01; -9.778026e+04; 9.241326e-01
1.314500e+01; -9.818941e+04; 9.251594e-01
1.315000e+01; -9.858023e+04; 9.261875e-01
1.315500e+01; -9.895324e+04; 9.272169e-01
1.316000e+01; -9.930898e+04; 9.282477e-01
1.316500e+01; -9.964799e+04; 9.292800e-01
1.317000e+01; -9.997081e+04; 9.303137e-01
1.317500e+01; -1.002780e+05; 9.313489e-01
1.318000e+01; -1.005700e+05; 9.323856e-01
1.318500e+01; -1.008474e+05; 9.334238e-01
1.319000e+01; -1.011108e+05; 9.344635e-01
1.319500e+01; -1.013607e+05; 9.355049e-01
1.320000e+01; -1.015975e+05; 9.365478e-01
1.320500e+01; -1.018218e+05; 9.375923e-01
1.321000e+01; -1.020340e+05; 9.386384e-01
1.321500e+01; -1.022348e+05; 9.396862e-01
1.322000e+01; -1.024245e+05; 9.407356e-01
1.322500e+01; -1.026037e+05; 9.417866e-01
1.323000e+01; -1.027727e+05; 9.428393e-01
1.323500e+01; -1.029321e+05; 9.438936e-01
1.324000e+01; -1.030822e+05; 9.449495e-01
1.324500e+01; -1.032236e+05; 9.460071e-01
1.325000e+01; -1.033566e+05; 9.470662e-01
1.325500e+01; -1.034817e+05; 9.481269e-01
1.326000e+01; -1.035992e+05; 9.491892e-01
1.326500e+01; -1.037094e+05; 9.502530e-01
1.327000e+01; -1.038129e+05; 9.513182e-01
1.327500e+01; -1.039099e+05; 9.523850e-01
1.328000e+01; -1.040007e+05; 9.534531e-01
1.328500e+01; -1.040857e+05; 9.545226e-01
1.329000e+01; -1.041652e+05; 9.555934e-01
1.329500e+01; -1.042396e+05; 9.566654e-01
1.330000e+01; -1.043090e+05; 9.577387e-01
1.330500e+01; -1.043738e+05; 9.588130e-01
1.331000e+01; -1.044342e+05; 9.598884e-01
1.331500e+01; -1.044905e+05; 9.609648e-01
1.332000e+01; -1.045429e+05; 9.620421e-01
1.332500e+01; -1.045917e+05; 9.631201e-01
1.333000e+01; -1.046370e+05; 9.641989e-01
1.333500e+01; -1.046791e+05; 9.652783e-01
1.334000e+01; -1.047181e+05; 9.663582e-01
1.334500e+01; -1.047543e+05; 9.674386e-01
1.335000e+01; -1.047878e+05; 9.685192e-01
1.335500e+01; -1.048188e+05; 9.696001e-01
1.336000e+01; -1.048474e+05; 9.706811e-01
1.336500e+01; -1.048738e+05; 9.717620e-01
1.337000e+01; -1.048981e+05; 9.728429e-01
1.337500e+01; -1.049204e+05; 9.739235e-01
1.338000e+01; -1.049408e+05; 9.750037e-01
1.338500e+01; -1.049596e+05; 9.760834e-01
1.339000e+01; -1.049766e+05; 9.771625e-01
1.339500e+01; -1.049922e+05; 9.782410e-01
1.340000e+01; -1.050062e+05; 9.793185e-01
1.340500e+01; -1.050189e+05; 9.803951e-01
1.341000e+01; -1.050303e+05; 9.814706e-01
1.341500e+01; -1.050404e+05; 9.825449e-01
1.342000e+01; -1.050493e+05; 9.836179e-01
1.342500e+01; -1.050571e+05; 9.846894e-01
1.343000e+01; -1.050638e+05; 9.857594e-01
1.343500e+01; -1.050695e+05; 9.868277e-01
1.344000e+01; -1.050741e+05; 9.878943e-01
1.344500e+01; -1.050778e+05; 9.889590e-01
1.345000e+01; -1.050805e+05; 9.900218e-01
1.345500e+01; -1.050823e+05; 9.910825e-01
1.346000e+01; -1.050831e+05; 9.921410e-01
1.346500e+01; -1.050831e+05; 9.931973e-01
1.347000e+01; -1.050821e+05; 9.942513e-01
1.347500e+01; -1.050802e+05; 9.953029e-01
1.348000e+01; -1.050775e+05; 9.963521e-01
1.348500e+01; -1.050738e+05; 9.973988e-01
1.349000e+01; -1.050692e+05; 9.984429e-01
1.349500e+01; -1.050637e+05; 9.994844e-01
1.350000e+01; -1.050572e+05; 1.000523e+00
1.350500e+01; -1.050497e+05; 1.001559e+00
1.351000e+01; -1.050412e+05; 1.002593e+00
1.351500e+01; -1.050316e+05; 1.003624e+00
1.352000e+01; -1.050210e+05; 1.004652e+00
1.352500e+01; -1.050092e+05; 1.005677e+00
1.353000e+01; -1.049962e+05; 1.006699e+00
1.353500e+01; -1.049820e+05; 1.007719e+00
1.354000e+01; -1.049666e+05; 1.008736e+00
1.354500e+01; -1.049498e+05; 1.009750e+00
1.355000e+01; -1.049315e+05; 1.010762e+00
1.355500e+01; -1.049118e+05; 1.011771e+00
1.356000e+01; -1.048906e+05; 1.012778e+00
1.356500e+01; -1.048677e+05; 1.013781e+00
1.357000e+01; -1.048431e+05; 1.014783e+00
1.357500e+01; -1.048167e+05; 1.015782e+00
1.358000e+01; -1.047883e+05; 1.016778e+00
1.358500e+01; -1.047580e+05; 1.017773e+00
1.359000e+01; -1.047256e+05; 1.018765e+00
1.359500e+01; -1.046910e+05; 1.019754e+00
1.360000e+01; -1.046541e+05; 1.020742e+00
1.360500e+01; -1.046147e+05; 1.021728e+00
1.361000e+01; -1.045727e+05; 1.022712e+00
1.361500e+01; -1.045281e+05; 1.023694e+00
1.362000e+01; -1.044806e+05; 1.024674e+00
1.362500e+01; -1.044301e+05; 1.025653e+00
1.363000e+01; -1.043765e+05; 1.026630e+00
1.363500e+01; -1.043196e+05; 1.027606e+00
1.364000e+01; -1.042593e+05; 1.028580e+00
1.364500e+01; -1.041954e+05; 1.029553e+00
1.365000e+01; -1.041277e+05; 1.030525e+00
1.365500e+01; -1.040560e+05; 1.031496e+00
1.366000e+01; -1.039802e+05; 1.032466e+00
1.366500e+01; -1.039001e+05; 1.033436e+00
1.367000e+01; -1.038155e+05; 1.034404e+00
1.367500e+01; -1.037261e+05; 1.035372e+00
1.368000e+01; -1.036318e+05; 1.036339e+00
1.368500e+01; -1.035323e+05; 1.037306e+00
1.369000e+01; -1.034275e+05; 1.038272e+00
1.369500e+01; -1.033171e+05; 1.039238e+00
1.370000e+01; -1.032009e+05; 1.040204e+00
1.370500e+01; -1.030786e+05; 1.041170e+00
1.371000e+01; -1.029500e+05; 1.042135e+00
1.371500e+01; -1.028149e+05; 1.043101e+00
1.372000e+01; -1.026730e+05; 1.044067e+00
1.372500e+01; -1.025240e+05; 1.045033e+00
1.373000e+01; -1.023677e+05; 1.045999e+00
1.373500e+01; -1.022037e+05; 1.046965e+00
1.374000e+01; -1.020319e+05; 1.047932e+00
1.374500e+01; -1.018520e+05; 1.048899e+00
1.375000e+01; -1.016636e+05; 1.049867e+00
1.375500e+01; -1.014665e+05; 1.050835e+00
1.376000e+01; -1.012604e+05; 1.051803e+00
1.376500e+01; -1.010450e+05; 1.052772e+00
1.377000e+01; -1.008200e+05; 1.053742e+00
1.377500e+01; -1.005851e+05; 1.054712e+00
1.378000e+01; -1.003400e+05; 1.055683e+00
1.378500e+01; -1.000843e+05; 1.056655e+00
1.379000e+01; -9.981785e+04; 1.057627e+00
1.379500e+01; -9.954024e+04; 1.058600e+00
1.380000e+01; -9.925118e+04; 1.059574e+00
1.380500e+01; -9.895036e+04; 1.060549e+00
1.381000e+01; -9.863745e+04; 1.061524e+00
1.381500e+01; -9.831216e+04; 1.062500e+00
1.382000e+01; -9.797416e+04; 1.063477e+00
1.382500e+01; -9.762314e+04; 1.064454e+00
1.383000e+01; -9.725878e+04; 1.065432e+00
1.383500e+01; -9.688078e+04; 1.066411e+00
1.384000e+01; -9.648882e+04; 1.067391e+00
1.384500e+01; -9.608259e+04; 1.068372e+00
1.385000e+01; -9.566180e+04; 1.069353e+00
1.385500e+01; -9.522614e+04; 1.070335e+00
1.386000e+01; -9.477531e+04; 1.071317e+00
1.386500e+01; -9.430901e+04; 1.072301e+00
1.387000e+01; -9.382696e+04; 1.073285e+00
1.387500e+01; -9.332888e+04; 1.074269e+00
1.388000e+01; -9.281448e+04; 1.075254e+00
1.388500e+01; -9.228349e+04; 1.076240e+00
1.389000e+01; -9.173564e+04; 1.077227e+00
1.389500e+01; -9.117068e+04; 1.078213e+00
1.390000e+01; -9.058835e+04; 1.079201e+00
1.390500e+01; -8.998841e+04; 1.080189e+00
1.391000e+01; -8.937062e+04; 1.081177e+00
1.391500e+01; -8.873475e+04; 1.082166e+00
1.392000e+01; -8.808058e+04; 1.083155e+00
1.392500e+01; -8.740791e+04; 1.084145e+00
1.393000e+01; -8.671653e+04; 1.085135e+00
1.393500e+01; -8.600626e+04; 1.086125e+00
1.394000e+01; -8.527691e+04; 1.087116e+00
1.394500e+01; -8.452832e+04; 1.088107e+00
1.395000e+01; -8.376032e+04; 1.089098e+00
1.395500e+01; -8.297278e+04; 1.090089e+00
1.396000e+01; -8.216557e+04; 1.091081e+00
1.396500e+01; -8.133855e+04; 1.092072e+00
1.397000e+01; -8.049161e+04; 1.093064e+00
1.397500e+01; -7.962467e+04; 1.094056e+00
1.398000e+01; -7.873763e+04; 1.095048e+00
1.398500e+01; -7.783043e+04; 1.096039e+00
1.399000e+01; -7.690300e+04; 1.097031e+00
1.399500e+01; -7.595529e+04; 1.098023e+00
1.400000e+01; -7.498728e+04; 1.099014e+00
1.400500e+01; -7.399895e+04; 1.100005e+00
1.401000e+01; -7.299028e+04; 1.100997e+00
1.401500e+01; -7.196129e+04; 1.101987e+00
1.402000e+01; -7.091199e+04; 1.102978e+00
1.402500e+01; -6.984241e+04; 1.103968e+00
1.403000e+01; -6.875261e+04; 1.104958e+00
1.403500e+01; -6.764264e+04; 1.105947e+00
1.404000e+01; -6.651257e+04; 1.106936e+00
1.404500e+01; -6.536248e+04; 1.107924e+00
1.405000e+01; -6.419248e+04; 1.108911e+00
1.405500e+01; -6.300268e+04; 1.109898e+00
1.406000e+01; -6.179318e+04; 1.110884e+00
1.406500e+01; -6.056414e+04; 1.111869e+00
1.407000e+01; -5.931568e+04; 1.112853e+00
1.407500e+01; -5.804798e+04; 1.113837e+00
1.408000e+01; -5.676119e+04; 1.114819e+00
1.408500e+01; -5.545550e+04; 1.115800e+00
1.409000e+01; -5.413109e+04; 1.116780e+00
1.409500e+01; -5.278817e+04; 1.117758e+00
1.410000e+01; -5.142694e+04; 1.118735e+00
1.410500e+01; -5.004761e+04; 1.119711e+00
1.411000e+01; -4.865043e+04; 1.120685e+00
1.411500e+01; -4.723562e+04; 1.121657e+00
1.412000e+01; -4.580342e+04; 1.122627e+00
1.412500e+01; -4.435410e+04; 1.123595e+00
1.413000e+01; -4.288790e+04; 1.124561e+00
1.413500e+01; -4.140509e+04; 1.125525e+00
1.414000e+01; -3.990595e+04; 1.126487e+00
1.414500e+01; -3.839075e+04; 1.127446e+00
1.415000e+01; -3.685978e+04; 1.128402e+00
1.415500e+01; -3.531332e+04; 1.129356e+00
1.416000e+01; -3.375167e+04; 1.130306e+00
1.416500e+01; -3.217513e+04; 1.131254e+00
1.417000e+01; -3.058399e+04; 1.132198e+00
1.417500e+01; -2.897856e+04; 1.133138e+00
1.418000e+01; -2.735915e+04; 1.134075e+00
1.418500e+01; -2.572607e+04; 1.135008e+00
1.419000e+01; -2.407962e+04; 1.135937e+00
1.419500e+01; -2.242011e+04; 1.136861e+00
1.420000e+01; -2.074787e+04; 1.137781e+00
1.420500e+01; -1.906320e+04; 1.138696e+00
1.421000e+01; -1.736642e+04; 1.139606e+00
1.421500e+01; -1.565785e+04; 1.140511e+00
1.422000e+01; -1.393778e+04; 1.141410e+00
1.422500e+01; -1.220654e+04; 1.142304e+00
1.423000e+01; -1.046443e+04; 1.143191e+00
1.423500e+01; -8.711773e+03; 1.144072e+00
1.424000e+01; -6.948860e+03; 1.144947e+00
1.424500e+01; -5.176000e+03; 1.145814e+00
1.425000e+01; -3.393494e+03; 1.146675e+00
1.425500e+01; -1.601638e+03; 1.147528e+00
1.426000e+01; 1.992725e+02; 1.148373e+00
1.426500e+01; 2.008947e+03; 1.149210e+00
1.427000e+01; 3.827100e+03; 1.150038e+00
1.427500e+01; 5.653447e+03; 1.150858e+00
1.428000e+01; 7.487712e+03; 1.151668e+00
1.428500e+01; 9.329620e+03; 1.152469e+00
1.429000e+01; 1.117890e+04; 1.153261e+00
1.429500e+01; 1.303530e+04; 1.154041e+00
1.430000e+01; 1.489854e+04; 1.154812e+00
1.430500e+01; 1.676839e+04; 1.155571e+00
1.431000e+01; 1.864458e+04; 1.156320e+00
1.431500e+01; 2.052689e+04; 1.157056e+00
1.432000e+01; 2.241507e+04; 1.157781e+00
1.432500e+01; 2.430888e+04; 1.158493e+00
1.433000e+01; 2.620811e+04; 1.159192e+00
1.433500e+01; 2.811254e+04; 1.159878e+00
1.434000e+01; 3.002194e+04; 1.160550e+00
1.434500e+01; 3.193612e+04; 1.161209e+00
1.435000e+01; 3.385487e+04; 1.161853e+00
1.435500e+01; 3.577800e+04; 1.162482e+00
1.436000e+01; 3.770531e+04; 1.163097e+00
1.436500e+01; 3.963661e+04; 1.163695e+00
1.437000e+01; 4.157174e+04; 1.164278e+00
1.437500e+01; 4.351052e+04; 1.164845e+00
1.438000e+01; 4.545277e+04; 1.165395e+00
1.438500e+01; 4.739835e+04; 1.165928e+00
1.439000e+01; 4.934708e+04; 1.166444e+00
1.439500e+01; 5.129883e+04; 1.166942e+00
1.440000e+01; 5.325345e+04; 1.167422e+00
1.440500e+01; 5.521079e+04; 1.167884e+00
1.441000e+01; 5.717072e+04; 1.168327e+00
1.441500e+01; 5.913312e+04; 1.168751e+00
1.442000e+01; 6.109785e+04; 1.169156e+00
1.442500e+01; 6.306480e+04; 1.169542e+00
1.443000e+01; 6.503386e+04; 1.169907e+00
1.443500e+01; 6.700490e+04; 1.170252e+00
1.444000e+01; 6.897782e+04; 1.170577e+00
1.444500e+01; 7.095253e+04; 1.170882e+00
1.445000e+01; 7.292893e+04; 1.171165e+00
1.445500e+01; 7.490691e+04; 1.171428e+00
1.446000e+01; 7.688638e+04; 1.171669e+00
1.446500e+01; 7.886727e+04; 1.171888e+00
1.447000e+01; 8.084949e+04; 1.172087e+00
1.447500e+01; 8.283295e+04; 1.172263e+00
1.448000e+01; 8.481757e+04; 1.172417e+00
1.448500e+01; 8.680329e+04; 1.172550e+00
1.449000e+01; 8.879003e+04; 1.172660e+00
1.449500e+01; 9.077771e+04; 1.172748e+00
1.450000e+01; 9.276627e+04; 1.172814e+00
1.450500e+01; 9.475565e+04; 1.172857e+00
1.451000e+01; 9.674577e+04; 1.172879e+00
1.451500e+01; 9.873657e+04; 1.172877e+00
1.452000e+01; 1.007280e+05; 1.172854e+00
1.452500e+01; 1.027200e+05; 1.172808e+00
1.453000e+01; 1.047124e+05; 1.172740e+00
1.453500e+01; 1.067053e+05; 1.172650e+00
1.454000e+01; 1.086986e+05; 1.172537e+00
1.454500e+01; 1.106922e+05; 1.172403e+00
1.455000e+01; 1.126861e+05; 1.172246e+00
1.455500e+01; 1.146801e+05; 1.172068e+00
1.456000e+01; 1.166742e+05; 1.171868e+00
1.456500e+01; 1.186684e+05; 1.171647e+00
1.457000e+01; 1.206626e+05; 1.171404e+00
1.457500e+01; 1.226568e+05; 1.171141e+00
1.458000e+01; 1.246507e+05; 1.170856e+00
1.458500e+01; 1.266445e+05; 1.170551e+00
1.459000e+01; 1.286379e+05; 1.170225e+00
1.459500e+01; 1.306310e+05; 1.169879e+00
1.460000e+01; 1.326236e+05; 1.169513e+00
1.460500e+01; 1.346157e+05; 1.169128e+00
1.461000e+01; 1.366071e+05; 1.168723e+00
1.461500e+01; 1.385978e+05; 1.168299e+00
1.462000e+01; 1.405877e+05; 1.167856e+00
1.462500e+01; 1.425766e+05; 1.167395e+00
1.463000e+01; 1.445645e+05; 1.166916e+00
1.463500e+01; 1.465512e+05; 1.166419e+00
1.464000e+01; 1.485366e+05; 1.165905e+00
1.464500e+01; 1.505206e+05; 1.165373e+00
1.465000e+01; 1.525031e+05; 1.164825e+00
1.465500e+01; 1.544838e+05; 1.164260e+00
1.466000e+01; 1.564627e+05; 1.163680e+00
1.466500e+01; 1.584396e+05; 1.163084e+00
1.467000e+01; 1.604144e+05; 1.162472e+00
1.467500e+01; 1.623868e+05; 1.161846e+00
1.468000e+01; 1.643566e+05; 1.161205e+00
1.468500e+01; 1.663238e+05; 1.160549e+00
1.469000e+01; 1.682880e+05; 1.159881e+00
1.469500e+01; 1.702491e+05; 1.159198e+00
1.470000e+01; 1.722069e+05; 1.158503e+00
1.470500e+01; 1.741611e+05; 1.157795e+00
1.471000e+01; 1.761115e+05; 1.157075e+00
1.471500e+01; 1.780578e+05; 1.156342e+00
1.472000e+01; 1.799999e+05; 1.155599e+00
1.472500e+01; 1.819373e+05; 1.154844e+00
1.473000e+01; 1.838699e+05; 1.154078e+00
1.473500e+01; 1.857973e+05; 1.153302e+00
1.474000e+01; 1.877193e+05; 1.152515e+00
1.474500e+01; 1.896356e+05; 1.151719e+00
1.475000e+01; 1.915457e+05; 1.150914e+00
1.475500e+01; 1.934495e+05; 1.150099e+00
1.476000e+01; 1.953465e+05; 1.149276e+00
1.476500e+01; 1.972365e+05; 1.148444e+00
1.477000e+01; 1.991190e+05; 1.147604e+00
1.477500e+01; 2.009937e+05; 1.146756e+00
1.478000e+01; 2.028602e+05; 1.145900e+00
1.478500e+01; 2.047182e+05; 1.145038e+00
1.479000e+01; 2.065671e+05; 1.144168e+00
1.479500e+01; 2.084068e+05; 1.143292e+00
1.480000e+01; 2.102366e+05; 1.142409e+00
1.480500e+01; 2.120563e+05; 1.141521e+00
1.481000e+01; 2.138653e+05; 1.140626e+00
1.481500e+01; 2.156633e+05; 1.139726e+00
1.482000e+01; 2.174499e+05; 1.138820e+00
1.482500e+01; 2.192245e+05; 1.137909e+00
1.483000e+01; 2.209868e+05; 1.136994e+00
1.483500e+01; 2.227363e+05; 1.136073e+00
1.484000e+01; 2.244726e+05; 1.135148e+00
1.484500e+01; 2.261951e+05; 1.134219e+00
1.485000e+01; 2.279035e+05; 1.133286e+00
1.485500e+01; 2.295974e+05; 1.132349e+00
1.486000e+01; 2.312761e+05; 1.131408e+00
1.486500e+01; 2.329394e+05; 1.130463e+00
1.487000e+01; 2.345867e+05; 1.129516e+00
1.487500e+01; 2.362176e+05; 1.128565e+00
1.488000e+01; 2.378317e+05; 1.127610e+00
1.488500e+01; 2.394285e+05; 1.126653e+00
1.489000e+01; 2.410076e+05; 1.125694e+00
1.489500e+01; 2.425685e+05; 1.124731e+00
1.490000e+01; 2.441109e+05; 1.123766e+00
1.490500e+01; 2.456344e+05; 1.122799e+00
1.491000e+01; 2.471385e+05; 1.121829e+00
1.491500e+01; 2.486229e+05; 1.120857e+00
1.492000e+01; 2.500872e+05; 1.119883e+00
1.492500e+01; 2.515310e+05; 1.118907e+00
1.493000e+01; 2.529539e+05; 1.117929e+00
1.493500e+01; 2.543557e+05; 1.116950e+00
1.494000e+01; 2.557360e+05; 1.115968e+00
1.494500e+01; 2.570945e+05; 1.114985e+00
1.495000e+01; 2.584310e+05; 1.114001e+00
1.495500e+01; 2.597450e+05; 1.113015e+00
1.496000e+01; 2.610365e+05; 1.112027e+00
1.496500e+01; 2.623051e+05; 1.111038e+00
1.497000e+01; 2.635506e+05; 1.110047e+00
1.497500e+01; 2.647728e+05; 1.109056e+00
1.498000e+01; 2.659716e+05; 1.108063e+00
1.498500e+01; 2.671468e+05; 1.107068e+00
1.499000e+01; 2.682982e+05; 1.106073e+00
1.499500e+01; 2.694258e+05; 1.105076e+00
1.500000e+01; 2.705294e+05; 1.104079e+00
1.500500e+01; 2.716090e+05; 1.103080e+00
1.501000e+01; 2.726645e+05; 1.102080e+00
1.501500e+01; 2.736959e+05; 1.101079e+00
1.502000e+01; 2.747032e+05; 1.100077e+00
1.502500e+01; 2.756863e+05; 1.099074e+00
1.503000e+01; 2.766454e+05; 1.098069e+00
1.503500e+01; 2.775805e+05; 1.097064e+00
1.504000e+01; 2.784916e+05; 1.096058e+00
1.504500e+01; 2.793789e+05; 1.095051e+00
1.505000e+01; 2.802425e+05; 1.094043e+00
1.505500e+01; 2.810825e+05; 1.093033e+00
1.506000e+01; 2.818991e+05; 1.092023e+00
1.506500e+01; 2.826925e+05; 1.091012e+00
1.507000e+01; 2.834629e+05; 1.090000e+00
1.507500e+01; 2.842104e+05; 1.088986e+00
1.508000e+01; 2.849354e+05; 1.087972e+00
1.508500e+01; 2.856381e+05; 1.086956e+00
1.509000e+01; 2.863187e+05; 1.085940e+00
1.509500e+01; 2.869776e+05; 1.084922e+00
1.510000e+01; 2.876150e+05; 1.083904e+00
1.510500e+01; 2.882313e+05; 1.082884e+00
1.511000e+01; 2.888268e+05; 1.081863e+00
1.511500e+01; 2.894018e+05; 1.080841e+00
1.512000e+01; 2.899567e+05; 1.079817e+00
1.512500e+01; 2.904919e+05; 1.078793e+00
1.513000e+01; 2.910077e+05; 1.077767e+00
1.513500e+01; 2.915046e+05; 1.076740e+00
1.514000e+01; 2.919829e+05; 1.075712e+00
1.514500e+01; 2.924430e+05; 1.074683e+00
1.515000e+01; 2.928853e+05; 1.073652e+00
1.515500e+01; 2.933103e+05; 1.072621e+00
1.516000e+01; 2.937184e+05; 1.071588e+00
1.516500e+01; 2.941099e+05; 1.070553e+00
1.517000e+01; 2.944854e+05; 1.069518e+00
1.517500e+01; 2.948452e+05; 1.068481e+00
1.518000e+01; 2.951898e+05; 1.067442e+00
1.518500e+01; 2.955196e+05; 1.066403e+00
1.519000e+01; 2.958351e+05; 1.065362e+00
1.519500e+01; 2.961366e+05; 1.064319e+00
1.520000e+01; 2.964246e+05; 1.063276e+00
1.520500e+01; 2.966996e+05; 1.062231e+00
1.521000e+01; 2.969619e+05; 1.061185e+00
1.521500e+01; 2.972119e+05; 1.060137e+00
1.522000e+01; 2.974502e+05; 1.059088e+00
1.522500e+01; 2.976770e+05; 1.058038e+00
1.523000e+01; 2.978929e+05; 1.056987e+00
1.523500e+01; 2.980981e+05; 1.055934e+00
1.524000e+01; 2.982931e+05; 1.054880e+00
1.524500e+01; 2.984783e+05; 1.053825e+00
1.525000e+01; 2.986541e+05; 1.052769e+00
1.525500e+01; 2.988208e+05; 1.051711e+00
1.526000e+01; 2.989787e+05; 1.050653e+00
1.526500e+01; 2.991283e+05; 1.049593e+00
1.527000e+01; 2.992699e+05; 1.048532e+00
1.527500e+01; 2.994039e+05; 1.047470e+00
1.528000e+01; 2.995304e+05; 1.046408e+00
1.528500e+01; 2.996500e+05; 1.045344e+00
1.529000e+01; 2.997628e+05; 1.044279e+00
1.529500e+01; 2.998692e+05; 1.043214e+00
1.530000e+01; 2.999695e+05; 1.042148e+00
1.530500e+01; 3.000640e+05; 1.041081e+00
1.531000e+01; 3.001528e+05; 1.040014e+00
1.531500e+01; 3.002364e+05; 1.038946e+00
1.532000e+01; 3.003149e+05; 1.037877e+00
1.532500e+01; 3.003886e+05; 1.036808e+00
1.533000e+01; 3.004577e+05; 1.035739e+00
1.533500e+01; 3.005224e+05; 1.034669e+00
1.534000e+01; 3.005830e+05; 1.033599e+00
1.534500e+01; 3.006396e+05; 1.032529e+00
1.535000e+01; 3.006925e+05; 1.031459e+00
1.535500e+01; 3.007418e+05; 1.030389e+00
1.536000e+01; 3.007877e+05; 1.029319e+00
1.536500e+01; 3.008304e+05; 1.028249e+00
1.537000e+01; 3.008701e+05; 1.027179e+00
1.537500e+01; 3.009068e+05; 1.026110e+00
1.538000e+01; 3.009408e+05; 1.025042e+00
1.538500e+01; 3.009721e+05; 1.023973e+00
1.539000e+01; 3.010010e+05; 1.022906e+00
1.539500e+01; 3.010274e+05; 1.021839e+00
1.540000e+01; 3.010515e+05; 1.020773e+00
1.540500e+01; 3.010735e+05; 1.019708e+00
1.541000e+01; 3.010934e+05; 1.018643e+00
1.541500e+01; 3.011113e+05; 1.017580e+00
1.542000e+01; 3.011273e+05; 1.016518e+00
1.542500e+01; 3.011414e+05; 1.015457e+00
1.543000e+01; 3.011537e+05; 1.014398e+00
1.543500e+01; 3.011644e+05; 1.013339e+00
1.544000e+01; 3.011733e+05; 1.012282e+00
1.544500e+01; 3.011807e+05; 1.011227e+00
1.545000e+01; 3.011864e+05; 1.010173e+00
1.545500e+01; 3.011906e+05; 1.009121e+00
1.546000e+01; 3.011933e+05; 1.008071e+00
1.546500e+01; 3.011946e+05; 1.007022e+00
1.547000e+01; 3.011943e+05; 1.005975e+00
1.547500e+01; 3.011926e+05; 1.004930e+00
1.548000e+01; 3.011894e+05; 1.003887e+00
1.548500e+01; 3.011847e+05; 1.002846e+00
1.549000e+01; 3.011786e+05; 1.001807e+00
1.549500e+01; 3.011710e+05; 1.000770e+00
1.550000e+01; 3.011619e+05; 9.997344e-01
1.550500e+01; 3.011513e+05; 9.987013e-01
1.551000e+01; 3.011391e+05; 9.976703e-01
1.551500e+01; 3.011254e+05; 9.966414e-01
1.552000e+01; 3.011101e+05; 9.956147e-01
1.552500e+01; 3.010931e+05; 9.945901e-01
1.553000e+01; 3.010744e+05; 9.935675e-01
1.553500e+01; 3.010539e+05; 9.925472e-01
1.554000e+01; 3.010316e+05; 9.915289e-01
1.554500e+01; 3.010075e+05; 9.905128e-01
1.555000e+01; 3.009814e+05; 9.894987e-01
1.555500e+01; 3.009533e+05; 9.884867e-01
1.556000e+01; 3.009231e+05; 9.874768e-01
1.556500e+01; 3.008907e+05; 9.864689e-01
1.557000e+01; 3.008560e+05; 9.854630e-01
1.557500e+01; 3.008190e+05; 9.844590e-01
1.558000e+01; 3.007795e+05; 9.834570e-01
1.558500e+01; 3.007375e+05; 9.824569e-01
1.559000e+01; 3.006928e+05; 9.814585e-01
1.559500e+01; 3.006453e+05; 9.804620e-01
1.560000e+01; 3.005948e+05; 9.794672e-01
1.560500e+01; 3.005414e+05; 9.784741e-01
1.561000e+01; 3.004848e+05; 9.774826e-01
1.561500e+01; 3.004249e+05; 9.764926e-01
1.562000e+01; 3.003616e+05; 9.755042e-01
1.562500e+01; 3.002946e+05; 9.745172e-01
1.563000e+01; 3.002240e+05; 9.735316e-01
1.563500e+01; 3.001495e+05; 9.725473e-01
1.564000e+01; 3.000709e+05; 9.715642e-01
1.564500e+01; 2.999881e+05; 9.705823e-01
1.565000e+01; 2.999009e+05; 9.696015e-01
1.565500e+01; 2.998091e+05; 9.686218e-01
1.566000e+01; 2.997126e+05; 9.676430e-01
1.566500e+01; 2.996112e+05; 9.666651e-01
1.567000e+01; 2.995046e+05; 9.656881e-01
1.567500e+01; 2.993927e+05; 9.647118e-01
1.568000e+01; 2.992753e+05; 9.637362e-01
1.568500e+01; 2.991522e+05; 9.627612e-01
1.569000e+01; 2.990231e+05; 9.617868e-01
1.569500e+01; 2.988878e+05; 9.608129e-01
1.570000e+01; 2.987462e+05; 9.598395e-01
1.570500e+01; 2.985980e+05; 9.588664e-01
1.571000e+01; 2.984429e+05; 9.578936e-01
1.571500e+01; 2.982808e+05; 9.569210e-01
1.572000e+01; 2.981114e+05; 9.559486e-01
1.572500e+01; 2.979344e+05; 9.549764e-01
1.573000e+01; 2.977496e+05; 9.540043e-01
1.573500e+01; 2.975568e+05; 9.530321e-01
1.574000e+01; 2.973557e+05; 9.520600e-01
1.574500e+01; 2.971460e+05; 9.510878e-01
1.575000e+01; 2.969275e+05; 9.501155e-01
1.575500e+01; 2.967000e+05; 9.491430e-01
1.576000e+01; 2.964631e+05; 9.481703e-01
1.576500e+01; 2.962166e+05; 9.471974e-01
1.577000e+01; 2.959603e+05; 9.462242e-01
1.577500e+01; 2.956938e+05; 9.452507e-01
1.578000e+01; 2.954169e+05; 9.442769e-01
1.578500e+01; 2.951293e+05; 9.433027e-01
1.579000e+01; 2.948307e+05; 9.423281e-01
1.579500e+01; 2.945209e+05; 9.413531e-01
1.580000e+01; 2.941996e+05; 9.403777e-01
1.580500e+01; 2.938666e+05; 9.394018e-01
1.581000e+01; 2.935214e+05; 9.384255e-01
1.581500e+01; 2.931640e+05; 9.374487e-01
1.582000e+01; 2.927939e+05; 9.364714e-01
1.582500e+01; 2.924110e+05; 9.354936e-01
1.583000e+01; 2.920149e+05; 9.345153e-01
1.583500e+01; 2.916054e+05; 9.335365e-01
1.584000e+01; 2.911822e+05; 9.325571e-01
1.584500e+01; 2.907450e+05; 9.315773e-01
1.585000e+01; 2.902937e+05; 9.305970e-01
1.585500e+01; 2.898279e+05; 9.296161e-01
1.586000e+01; 2.893474e+05; 9.286348e-01
1.586500e+01; 2.888519e+05; 9.276529e-01
1.587000e+01; 2.883412e+05; 9.266706e-01
1.587500e+01; 2.878151e+05; 9.256878e-01
1.588000e+01; 2.872732e+05; 9.247046e-01
1.588500e+01; 2.867155e+05; 9.237209e-01
1.589000e+01; 2.861416e+05; 9.227367e-01
1.589500e+01; 2.855514e+05; 9.217522e-01
1.590000e+01; 2.849445e+05; 9.207673e-01
1.590500e+01; 2.843210e+05; 9.197820e-01
1.591000e+01; 2.836804e+05; 9.187964e-01
1.591500e+01; 2.830227e+05; 9.178104e-01
1.592000e+01; 2.823477e+05; 9.168242e-01
1.592500e+01; 2.816551e+05; 9.158376e-01
1.593000e+01; 2.809449e+05; 9.148509e-01
1.593500e+01; 2.802168e+05; 9.138639e-01
1.594000e+01; 2.794708e+05; 9.128768e-01
1.594500e+01; 2.787066e+05; 9.118895e-01
1.595000e+01; 2.779242e+05; 9.109021e-01
1.595500e+01; 2.771234e+05; 9.099146e-01
1.596000e+01; 2.763041e+05; 9.089271e-01
1.596500e+01; 2.754662e+05; 9.079396e-01
1.597000e+01; 2.746097e+05; 9.069521e-01
1.597500e+01; 2.737344e+05; 9.059648e-01
1.598000e+01; 2.728403e+05; 9.049775e-01
1.598500e+01; 2.719273e+05; 9.039904e-01
1.599000e+01; 2.709954e+05; 9.030036e-01
1.599500e+01; 2.700445e+05; 9.020170e-01
1.600000e+01; 2.690746e+05; 9.010307e-01
1.600500e+01; 2.680857e+05; 9.000448e-01
1.601000e+01; 2.670778e+05; 8.990594e-01
1.601500e+01; 2.660509e+05; 8.980744e-01
1.602000e+01; 2.650050e+05; 8.970900e-01
1.602500e+01; 2.639401e+05; 8.961062e-01
1.603000e+01; 2.628562e+05; 8.951231e-01
1.603500e+01; 2.617535e+05; 8.941407e-01
1.604000e+01; 2.606320e+05; 8.931591e-01
1.604500e+01; 2.594917e+05; 8.921785e-01
1.605000e+01; 2.583327e+05; 8.911987e-01
1.605500e+01; 2.571551e+05; 8.902201e-01
1.606000e+01; 2.559591e+05; 8.892426e-01
1.606500e+01; 2.547446e+05; 8.882663e-01
1.607000e+01; 2.535119e+05; 8.872913e-01
1.607500e+01; 2.522611e+05; 8.863177e-01
1.608000e+01; 2.509923e+05; 8.853455e-01
1.608500e+01; 2.497056e+05; 8.843750e-01
1.609000e+01; 2.484012e+05; 8.834062e-01
1.609500e+01; 2.470793e+05; 8.824393e-01
1.610000e+01; 2.457401e+05; 8.814742e-01
1.610500e+01; 2.443837e+05; 8.805112e-01
1.611000e+01; 2.430102e+05; 8.795503e-01
1.611500e+01; 2.416201e+05; 8.785918e-01
1.612000e+01; 2.402133e+05; 8.776357e-01
1.612500e+01; 2.387901e+05; 8.766821e-01
1.613000e+01; 2.373508e+05; 8.757313e-01
1.613500e+01; 2.358956e+05; 8.747833e-01
1.614000e+01; 2.344246e+05; 8.738384e-01
1.614500e+01; 2.329382e+05; 8.728966e-01
1.615000e+01; 2.314365e+05; 8.719582e-01
1.615500e+01; 2.299199e+05; 8.710232e-01
1.616000e+01; 2.283885e+05; 8.700920e-01
1.616500e+01; 2.268426e+05; 8.691646e-01
1.617000e+01; 2.252825e+05; 8.682413e-01
1.617500e+01; 2.237084e+05; 8.673222e-01
1.618000e+01; 2.221206e+05; 8.664076e-01
1.618500e+01; 2.205193e+05; 8.654976e-01
1.619000e+01; 2.189049e+05; 8.645925e-01
1.619500e+01; 2.172775e+05; 8.636925e-01
1.620000e+01; 2.156376e+05; 8.627978e-01
1.620500e+01; 2.139852e+05; 8.619086e-01
1.621000e+01; 2.123208e+05; 8.610252e-01
1.621500e+01; 2.106445e+05; 8.601479e-01
1.622000e+01; 2.089567e+05; 8.592768e-01
1.622500e+01; 2.072577e+05; 8.584122e-01
1.623000e+01; 2.055476e+05; 8.575544e-01
1.623500e+01; 2.038268e+05; 8.567036e-01
1.624000e+01; 2.020956e+05; 8.558602e-01
1.624500e+01; 2.003541e+05; 8.550243e-01
1.625000e+01; 1.986028e+05; 8.541963e-01
1.625500e+01; 1.968418e+05; 8.533765e-01
1.626000e+01; 1.950715e+05; 8.525651e-01
1.626500e+01; 1.932920e+05; 8.517625e-01
1.627000e+01; 1.915037e+05; 8.509689e-01
1.627500e+01; 1.897068e+05; 8.501846e-01
1.628000e+01; 1.879015e+05; 8.494100e-01
1.628500e+01; 1.860882e+05; 8.486454e-01
1.629000e+01; 1.842670e+05; 8.478911e-01
1.629500e+01; 1.824383e+05; 8.471473e-01
1.630000e+01; 1.806022e+05; 8.464145e-01
1.630500e+01; 1.787590e+05; 8.456929e-01
1.631000e+01; 1.769089e+05; 8.449828e-01
1.631500e+01; 1.750522e+05; 8.442846e-01
1.632000e+01; 1.731891e+05; 8.435987e-01
1.632500e+01; 1.713197e+05; 8.429253e-01
1.633000e+01; 1.694444e+05; 8.422647e-01
1.633500e+01; 1.675634e+05; 8.416173e-01
1.634000e+01; 1.656767e+05; 8.409834e-01
1.634500e+01; 1.637848e+05; 8.403634e-01
1.635000e+01; 1.618877e+05; 8.397575e-01
1.635500e+01; 1.599856e+05; 8.391661e-01
1.636000e+01; 1.580788e+05; 8.385894e-01
1.636500e+01; 1.561674e+05; 8.380279e-01
1.637000e+01; 1.542516e+05; 8.374818e-01
1.637500e+01; 1.523316e+05; 8.369513e-01
1.638000e+01; 1.504076e+05; 8.364369e-01
1.638500e+01; 1.484797e+05; 8.359388e-01
1.639000e+01; 1.465480e+05; 8.354573e-01
1.639500e+01; 1.446129e+05; 8.349927e-01
1.640000e+01; 1.426743e+05; 8.345452e-01
1.640500e+01; 1.407325e+05; 8.341152e-01
1.641000e+01; 1.387876e+05; 8.337028e-01
1.641500e+01; 1.368397e+05; 8.333084e-01
1.642000e+01; 1.348890e+05; 8.329321e-01
1.642500e+01; 1.329356e+05; 8.325742e-01
1.643000e+01; 1.309797e+05; 8.322350e-01
1.643500e+01; 1.290213e+05; 8.319146e-01
1.644000e+01; 1.270607e+05; 8.316133e-01
1.644500e+01; 1.250978e+05; 8.313312e-01
1.645000e+01; 1.231329e+05; 8.310685e-01
1.645500e+01; 1.211661e+05; 8.308254e-01
1.646000e+01; 1.191974e+05; 8.306020e-01
1.646500e+01; 1.172269e+05; 8.303985e-01
1.647000e+01; 1.152548e+05; 8.302151e-01
1.647500e+01; 1.132812e+05; 8.300518e-01
1.648000e+01; 1.113062e+05; 8.299087e-01
1.648500e+01; 1.093299e+05; 8.297860e-01
1.649000e+01; 1.073523e+05; 8.296836e-01
1.649500e+01; 1.053735e+05; 8.296018e-01
1.650000e+01; 1.033938e+05; 8.295405e-01
1.650500e+01; 1.014130e+05; 8.294997e-01
1.651000e+01; 9.943145e+04; 8.294796e-01
1.651500e+01; 9.744909e+04; 8.294800e-01
1.652000e+01; 9.546605e+04; 8.295010e-01
1.652500e+01; 9.348241e+04; 8.295426e-01
1.653000e+01; 9.149828e+04; 8.296048e-01
1.653500e+01; 8.951373e+04; 8.296874e-01
1.654000e+01; 8.752886e+04; 8.297905e-01
1.654500e+01; 8.554375e+04; 8.299140e-01
1.655000e+01; 8.355850e+04; 8.300577e-01
1.655500e+01; 8.157321e+04; 8.302216e-01
1.656000e+01; 7.958796e+04; 8.304055e-01
1.656500e+01; 7.760285e+04; 8.306094e-01
1.657000e+01; 7.561798e+04; 8.308330e-01
1.657500e+01; 7.363345e+04; 8.310763e-01
1.658000e+01; 7.164937e+04; 8.313391e-01
1.658500e+01; 6.966582e+04; 8.316212e-01
1.659000e+01; 6.768294e+04; 8.319224e-01
1.659500e+01; 6.570081e+04; 8.322425e-01
1.660000e+01; 6.371957e+04; 8.325813e-01
1.660500e+01; 6.173933e+04; 8.329386e-01
1.661000e+01; 5.976021e+04; 8.333141e-01
1.661500e+01; 5.778233e+04; 8.337077e-01
1.662000e+01; 5.580584e+04; 8.341191e-01
1.662500e+01; 5.383086e+04; 8.345480e-01
1.663000e+01; 5.185754e+04; 8.349941e-01
1.663500e+01; 4.988602e+04; 8.354573e-01
1.664000e+01; 4.791645e+04; 8.359372e-01
1.664500e+01; 4.594900e+04; 8.364335e-01
1.665000e+01; 4.398382e+04; 8.369459e-01
1.665500e+01; 4.202109e+04; 8.374743e-01
1.666000e+01; 4.006097e+04; 8.380181e-01
1.666500e+01; 3.810366e+04; 8.385773e-01
1.667000e+01; 3.614934e+04; 8.391514e-01
1.667500e+01; 3.419820e+04; 8.397401e-01
1.668000e+01; 3.225045e+04; 8.403432e-01
1.668500e+01; 3.030629e+04; 8.409602e-01
1.669000e+01; 2.836595e+04; 8.415910e-01
1.669500e+01; 2.642965e+04; 8.422352e-01
1.670000e+01; 2.449761e+04; 8.428924e-01
1.670500e+01; 2.257008e+04; 8.435623e-01
1.671000e+01; 2.064730e+04; 8.442447e-01
1.671500e+01; 1.872953e+04; 8.449392e-01
1.672000e+01; 1.681702e+04; 8.456455e-01
1.672500e+01; 1.491004e+04; 8.463633e-01
1.673000e+01; 1.300887e+04; 8.470922e-01
1.673500e+01; 1.111379e+04; 8.478320e-01
1.674000e+01; 9.225090e+03; 8.485823e-01
1.674500e+01; 7.343065e+03; 8.493428e-01
1.675000e+01; 5.468020e+03; 8.501133e-01
1.675500e+01; 3.600265e+03; 8.508934e-01
1.676000e+01; 1.740116e+03; 8.516828e-01
1.676500e+01; -1.121023e+02; 8.524812e-01
1.677000e+01; -1.956061e+03; 8.532884e-01
1.677500e+01; -3.791426e+03; 8.541041e-01
1.678000e+01; -5.617855e+03; 8.549279e-01
1.678500e+01; -7.435003e+03; 8.557597e-01
1.679000e+01; -9.242518e+03; 8.565990e-01
1.679500e+01; -1.104005e+04; 8.574458e-01
1.680000e+01; -1.282723e+04; 8.582997e-01
1.680500e+01; -1.460370e+04; 8.591604e-01
1.681000e+01; -1.636909e+04; 8.600277e-01
1.681500e+01; -1.812303e+04; 8.609014e-01
1.682000e+01; -1.986516e+04; 8.617813e-01
1.682500e+01; -2.159509e+04; 8.626670e-01
1.683000e+01; -2.331245e+04; 8.635584e-01
1.683500e+01; -2.501687e+04; 8.644553e-01
1.684000e+01; -2.670797e+04; 8.653575e-01
1.684500e+01; -2.838537e+04; 8.662646e-01
1.685000e+01; -3.004870e+04; 8.671767e-01
1.685500e+01; -3.169758e+04; 8.680934e-01
1.686000e+01; -3.333165e+04; 8.690145e-01
1.686500e+01; -3.495053e+04; 8.699400e-01
1.687000e+01; -3.655387e+04; 8.708695e-01
1.687500e+01; -3.814128e+04; 8.718030e-01
1.688000e+01; -3.971243e+04; 8.727403e-01
1.688500e+01; -4.126696e+04; 8.736812e-01
1.689000e+01; -4.280453e+04; 8.746256e-01
1.689500e+01; -4.432479e+04; 8.755733e-01
1.690000e+01; -4.582741e+04; 8.765243e-01
1.690500e+01; -4.731207e+04; 8.774782e-01
1.691000e+01; -4.877846e+04; 8.784352e-01
1.691500e+01; -5.022627e+04; 8.793949e-01
1.692000e+01; -5.165519e+04; 8.803574e-01
1.692500e+01; -5.306495e+04; 8.813224e-01
1.693000e+01; -5.445527e+04; 8.822899e-01
1.693500e+01; -5.582589e+04; 8.832598e-01
1.694000e+01; -5.717655e+04; 8.842321e-01
1.694500e+01; -5.850702e+04; 8.852065e-01
1.695000e+01; -5.981706e+04; 8.861830e-01
1.695500e+01; -6.110647e+04; 8.871616e-01
1.696000e+01; -6.237505e+04; 8.881421e-01
1.696500e+01; -6.362260e+04; 8.891245e-01
1.697000e+01; -6.484897e+04; 8.901088e-01
1.697500e+01; -6.605399e+04; 8.910948e-01
1.698000e+01; -6.723753e+04; 8.920825e-01
1.698500e+01; -6.839947e+04; 8.930719e-01
1.699000e+01; -6.953969e+04; 8.940629e-01
1.699500e+01; -7.065810e+04; 8.950554e-01
1.700000e+01; -7.175462e+04; 8.960495e-01
1.700500e+01; -7.282921e+04; 8.970450e-01
1.701000e+01; -7.388181e+04; 8.980420e-01
1.701500e+01; -7.491241e+04; 8.990403e-01
1.702000e+01; -7.592098e+04; 9.000401e-01
1.702500e+01; -7.690754e+04; 9.010411e-01
1.703000e+01; -7.787212e+04; 9.020435e-01
1.703500e+01; -7.881475e+04; 9.030472e-01
1.704000e+01; -7.973549e+04; 9.040522e-01
1.704500e+01; -8.063442e+04; 9.050584e-01
1.705000e+01; -8.151162e+04; 9.060658e-01
1.705500e+01; -8.236721e+04; 9.070745e-01
1.706000e+01; -8.320129e+04; 9.080844e-01
1.706500e+01; -8.401402e+04; 9.090955e-01
1.707000e+01; -8.480553e+04; 9.101079e-01
1.707500e+01; -8.557601e+04; 9.111214e-01
1.708000e+01; -8.632561e+04; 9.121360e-01
1.708500e+01; -8.705455e+04; 9.131519e-01
1.709000e+01; -8.776303e+04; 9.141690e-01
1.709500e+01; -8.845127e+04; 9.151872e-01
1.710000e+01; -8.911951e+04; 9.162066e-01
1.710500e+01; -8.976798e+04; 9.172272e-01
1.711000e+01; -9.039695e+04; 9.182490e-01
1.711500e+01; -9.100668e+04; 9.192719e-01
1.712000e+01; -9.159744e+04; 9.202960e-01
1.712500e+01; -9.216954e+04; 9.213213e-01
1.713000e+01; -9.272326e+04; 9.223478e-01
1.713500e+01; -9.325891e+04; 9.233754e-01
1.714000e+01; -9.377680e+04; 9.244042e-01
1.714500e+01; -9.427725e+04; 9.254342e-01
1.715000e+01; -9.476059e+04; 9.264654e-01
1.715500e+01; -9.522715e+04; 9.274978e-01
1.716000e+01; -9.567727e+04; 9.285313e-01
1.716500e+01; -9.611129e+04; 9.295660e-01
1.717000e+01; -9.652956e+04; 9.306019e-01
1.717500e+01; -9.693243e+04; 9.316390e-01
1.718000e+01; -9.732025e+04; 9.326772e-01
1.718500e+01; -9.769338e+04; 9.337165e-01
1.719000e+01; -9.805218e+04; 9.347571e-01
1.719500e+01; -9.839700e+04; 9.357987e-01
1.720000e+01; -9.872820e+04; 9.368415e-01
1.720500e+01; -9.904615e+04; 9.378854e-01
1.721000e+01; -9.935120e+04; 9.389304e-01
1.721500e+01; -9.964371e+04; 9.399765e-01
1.722000e+01; -9.992403e+04; 9.410236e-01
1.722500e+01; -1.001925e+05; 9.420718e-01
1.723000e+01; -1.004495e+05; 9.431211e-01
1.723500e+01; -1.006954e+05; 9.441713e-01
1.724000e+01; -1.009305e+05; 9.452225e-01
1.724500e+01; -1.011552e+05; 9.462747e-01
1.725000e+01; -1.013697e+05; 9.473278e-01
1.725500e+01; -1.015745e+05; 9.483818e-01
1.726000e+01; -1.017698e+05; 9.494366e-01
1.726500e+01; -1.019559e+05; 9.504923e-01
1.727000e+01; -1.021333e+05; 9.515487e-01
1.727500e+01; -1.023022e+05; 9.526059e-01
1.728000e+01; -1.024628e+05; 9.536638e-01
1.728500e+01; -1.026156e+05; 9.547224e-01
1.729000e+01; -1.027608e+05; 9.557816e-01
1.729500e+01; -1.028986e+05; 9.568413e-01
1.730000e+01; -1.030294e+05; 9.579016e-01
1.730500e+01; -1.031534e+05; 9.589623e-01
1.731000e+01; -1.032709e+05; 9.600235e-01
1.731500e+01; -1.033821e+05; 9.610850e-01
1.732000e+01; -1.034873e+05; 9.621469e-01
1.732500e+01; -1.035868e+05; 9.632089e-01
1.733000e+01; -1.036806e+05; 9.642712e-01
1.733500e+01; -1.037692e+05; 9.653336e-01
1.734000e+01; -1.038527e+05; 9.663961e-01
1.734500e+01; -1.039313e+05; 9.674586e-01
1.735000e+01; -1.040052e+05; 9.685210e-01
1.735500e+01; -1.040746e+05; 9.695833e-01
1.736000e+01; -1.041396e+05; 9.706454e-01
1.736500e+01; -1.042006e+05; 9.717073e-01
1.737000e+01; -1.042575e+05; 9.727689e-01
1.737500e+01; -1.043107e+05; 9.738301e-01
1.738000e+01; -1.043602e+05; 9.748908e-01
1.738500e+01; -1.044062e+05; 9.759511e-01
1.739000e+01; -1.044488e+05; 9.770108e-01
1.739500e+01; -1.044882e+05; 9.780698e-01
1.740000e+01; -1.045245e+05; 9.791281e-01
1.740500e+01; -1.045577e+05; 9.801857e-01
1.741000e+01; -1.045881e+05; 9.812424e-01
1.741500e+01; -1.046157e+05; 9.822983e-01
1.742000e+01; -1.046405e+05; 9.833532e-01
1.742500e+01; -1.046628e+05; 9.844071e-01
1.743000e+01; -1.046825e+05; 9.854599e-01
1.743500e+01; -1.046998e+05; 9.865116e-01
1.744000e+01; -1.047146e+05; 9.875621e-01
1.744500e+01; -1.047272e+05; 9.886114e-01
1.745000e+01; -1.047374e+05; 9.896594e-01
1.745500e+01; -1.047454e+05; 9.907061e-01
1.746000e+01; -1.047512e+05; 9.917515e-01
1.746500e+01; -1.047549e+05; 9.927954e-01
1.747000e+01; -1.047564e+05; 9.938379e-01
1.747500e+01; -1.047557e+05; 9.948788e-01
1.748000e+01; -1.047530e+05; 9.959183e-01
1.748500e+01; -1.047482e+05; 9.969561e-01
1.749000e+01; -1.047413e+05; 9.979924e-01
1.749500e+01; -1.047323e+05; 9.990271e-01
1.750000e+01; -1.047211e+05; 1.000060e+00
1.750500e+01; -1.047079e+05; 1.001092e+00
1.751000e+01; -1.046925e+05; 1.002121e+00
1.751500e+01; -1.046749e+05; 1.003149e+00
1.752000e+01; -1.046551e+05; 1.004176e+00
1.752500e+01; -1.046331e+05; 1.005200e+00
1.753000e+01; -1.046087e+05; 1.006223e+00
1.753500e+01; -1.045821e+05; 1.007244e+00
1.754000e+01; -1.045530e+05; 1.008264e+00
1.754500e+01; -1.045215e+05; 1.009281e+00
1.755000e+01; -1.044874e+05; 1.010297e+00
1.755500e+01; -1.044508e+05; 1.011312e+00
1.756000e+01; -1.044115e+05; 1.012324e+00
1.756500e+01; -1.043695e+05; 1.013335e+00
1.757000e+01; -1.043246e+05; 1.014345e+00
1.757500e+01; -1.042768e+05; 1.015352e+00
1.758000e+01; -1.042259e+05; 1.016359e+00
1.758500e+01; -1.041719e+05; 1.017363e+00
1.759000e+01; -1.041147e+05; 1.018366e+00
1.759500e+01; -1.040541e+05; 1.019368e+00
1.760000e+01; -1.039901e+05; 1.020368e+00
1.760500e+01; -1.039224e+05; 1.021366e+00
1.761000e+01; -1.038511e+05; 1.022363e+00
1.761500e+01; -1.037759e+05; 1.023359e+00
1.762000e+01; -1.036967e+05; 1.024354e+00
1.762500e+01; -1.036133e+05; 1.025347e+00
1.763000e+01; -1.035257e+05; 1.026339e+00
1.763500e+01; -1.034337e+05; 1.027330e+00
1.764000e+01; -1.033370e+05; 1.028319e+00
1.764500e+01; -1.032356e+05; 1.029308e+00
1.765000e+01; -1.031293e+05; 1.030296e+00
1.765500e+01; -1.030179e+05; 1.031282e+00
1.766000e+01; -1.029012e+05; 1.032268e+00
1.766500e+01; -1.027791e+05; 1.033252e+00
1.767000e+01; -1.026513e+05; 1.034236e+00
1.767500e+01; -1.025177e+05; 1.035219e+00
1.768000e+01; -1.023781e+05; 1.036201e+00
1.768500e+01; -1.022323e+05; 1.037183e+00
1.769000e+01; -1.020801e+05; 1.038164e+00
1.769500e+01; -1.019213e+05; 1.039144e+00
1.770000e+01; -1.017557e+05; 1.040124e+00
1.770500e+01; -1.015831e+05; 1.041103e+00
1.771000e+01; -1.014032e+05; 1.042082e+00
1.771500e+01; -1.012158e+05; 1.043061e+00
1.772000e+01; -1.010208e+05; 1.044039e+00
1.772500e+01; -1.008178e+05; 1.045017e+00
1.773000e+01; -1.006067e+05; 1.045994e+00
1.773500e+01; -1.003873e+05; 1.046972e+00
1.774000e+01; -1.001592e+05; 1.047949e+00
1.774500e+01; -9.992238e+04; 1.048926e+00
1.775000e+01; -9.967645e+04; 1.049903e+00
1.775500e+01; -9.942123e+04; 1.050879e+00
1.776000e+01; -9.915647e+04; 1.051856e+00
1.776500e+01; -9.888193e+04; 1.052833e+00
1.777000e+01; -9.859737e+04; 1.053810e+00
1.777500e+01; -9.830254e+04; 1.054787e+00
1.778000e+01; -9.799721e+04; 1.055764e+00
1.778500e+01; -9.768113e+04; 1.056741e+00
1.779000e+01; -9.735405e+04; 1.057718e+00
1.779500e+01; -9.701574e+04; 1.058695e+00
1.780000e+01; -9.666594e+04; 1.059673e+00
1.780500e+01; -9.630443e+04; 1.060651e+00
1.781000e+01; -9.593094e+04; 1.061629e+00
1.781500e+01; -9.554525e+04; 1.062607e+00
1.782000e+01; -9.514711e+04; 1.063585e+00
1.782500e+01; -9.473628e+04; 1.064564e+00
1.783000e+01; -9.431253e+04; 1.065543e+00
1.783500e+01; -9.387563e+04; 1.066523e+00
1.784000e+01; -9.342534e+04; 1.067502e+00
1.784500e+01; -9.296144e+04; 1.068482e+00
1.785000e+01; -9.248370e+04; 1.069462e+00
1.785500e+01; -9.199189e+04; 1.070443e+00
1.786000e+01; -9.148580e+04; 1.071423e+00
1.786500e+01; -9.096522e+04; 1.072404e+00
1.787000e+01; -9.042993e+04; 1.073386e+00
1.787500e+01; -8.987973e+04; 1.074367e+00
1.788000e+01; -8.931442e+04; 1.075349e+00
1.788500e+01; -8.873379e+04; 1.076331e+00
1.789000e+01; -8.813767e+04; 1.077313e+00
1.789500e+01; -8.752586e+04; 1.078296e+00
1.790000e+01; -8.689819e+04; 1.079279e+00
1.790500e+01; -8.625448e+04; 1.080261e+00
1.791000e+01; -8.559456e+04; 1.081244e+00
1.791500e+01; -8.491828e+04; 1.082228e+00
1.792000e+01; -8.422548e+04; 1.083211e+00
1.792500e+01; -8.351601e+04; 1.084194e+00
1.793000e+01; -8.278974e+04; 1.085178e+00
1.793500e+01; -8.204652e+04; 1.086161e+00
1.794000e+01; -8.128624e+04; 1.087144e+00
1.794500e+01; -8.050879e+04; 1.088128e+00
1.795000e+01; -7.971404e+04; 1.089111e+00
1.795500e+01; -7.890190e+04; 1.090094e+00
1.796000e+01; -7.807228e+04; 1.091077e+00
1.796500e+01; -7.722510e+04; 1.092060e+00
1.797000e+01; -7.636027e+04; 1.093042e+00
1.797500e+01; -7.547772e+04; 1.094024e+00
1.798000e+01; -7.457742e+04; 1.095006e+00
1.798500e+01; -7.365929e+04; 1.095987e+00
1.799000e+01; -7.272330e+04; 1.096968e+00
1.799500e+01; -7.176942e+04; 1.097949e+00
1.800000e+01; -7.079763e+04; 1.098929e+00
1.800500e+01; -6.980792e+04; 1.099908e+00
1.801000e+01; -6.880027e+04; 1.100886e+00
1.801500e+01; -6.777469e+04; 1.101864e+00
1.802000e+01; -6.673120e+04; 1.102841e+00
1.802500e+01; -6.566981e+04; 1.103817e+00
1.803000e+01; -6.459057e+04; 1.104792e+00
1.803500e+01; -6.349350e+04; 1.105766e+00
1.804000e+01; -6.237867e+04; 1.106738e+00
1.804500e+01; -6.124612e+04; 1.107710e+00
1.805000e+01; -6.009593e+04; 1.108680e+00
1.805500e+01; -5.892816e+04; 1.109649e+00
1.806000e+01; -5.774291e+04; 1.110616e+00
1.806500e+01; -5.654026e+04; 1.111582e+00
1.807000e+01; -5.532032e+04; 1.112545e+00
1.807500e+01; -5.408319e+04; 1.113507e+00
1.808000e+01; -5.282899e+04; 1.114468e+00
1.808500e+01; -5.155785e+04; 1.115426e+00
1.809000e+01; -5.026990e+04; 1.116382e+00
1.809500e+01; -4.896527e+04; 1.117335e+00
1.810000e+01; -4.764411e+04; 1.118287e+00
1.810500e+01; -4.630658e+04; 1.119235e+00
1.811000e+01; -4.495283e+04; 1.120181e+00
1.811500e+01; -4.358304e+04; 1.121124e+00
1.812000e+01; -4.219737e+04; 1.122065e+00
1.812500e+01; -4.079601e+04; 1.123002e+00
1.813000e+01; -3.937913e+04; 1.123936e+00
1.813500e+01; -3.794693e+04; 1.124866e+00
1.814000e+01; -3.649961e+04; 1.125793e+00
1.814500e+01; -3.503736e+04; 1.126716e+00
1.815000e+01; -3.356040e+04; 1.127635e+00
1.815500e+01; -3.206892e+04; 1.128551e+00
1.816000e+01; -3.056315e+04; 1.129461e+00
1.816500e+01; -2.904329e+04; 1.130368e+00
1.817000e+01; -2.750959e+04; 1.131270e+00
1.817500e+01; -2.596225e+04; 1.132166e+00
1.818000e+01; -2.440150e+04; 1.133058e+00
1.818500e+01; -2.282759e+04; 1.133945e+00
1.819000e+01; -2.124073e+04; 1.134826e+00
1.819500e+01; -1.964117e+04; 1.135702e+00
1.820000e+01; -1.802914e+04; 1.136571e+00
1.820500e+01; -1.640489e+04; 1.137435e+00
1.821000e+01; -1.476865e+04; 1.138292e+00
1.821500e+01; -1.312066e+04; 1.139142e+00
1.822000e+01; -1.146118e+04; 1.139986e+00
1.822500e+01; -9.790432e+03; 1.140823e+00
1.823000e+01; -8.108672e+03; 1.141652e+00
1.823500e+01; -6.416141e+03; 1.142474e+00
1.824000e+01; -4.713083e+03; 1.143288e+00
1.824500e+01; -2.999742e+03; 1.144094e+00
1.825000e+01; -1.276360e+03; 1.144892e+00
1.825500e+01; 4.568194e+02; 1.145681e+00
1.826000e+01; 2.199556e+03; 1.146461e+00
1.826500e+01; 3.951610e+03; 1.147232e+00
1.827000e+01; 5.712743e+03; 1.147994e+00
1.827500e+01; 7.482718e+03; 1.148746e+00
1.828000e+01; 9.261298e+03; 1.149488e+00
1.828500e+01; 1.104825e+04; 1.150220e+00
1.829000e+01; 1.284335e+04; 1.150941e+00
1.829500e+01; 1.464636e+04; 1.151652e+00
1.830000e+01; 1.645706e+04; 1.152351e+00
1.830500e+01; 1.827522e+04; 1.153039e+00
1.831000e+01; 2.010062e+04; 1.153716e+00
1.831500e+01; 2.193305e+04; 1.154380e+00
1.832000e+01; 2.377228e+04; 1.155033e+00
1.832500e+01; 2.561812e+04; 1.155673e+00
1.833000e+01; 2.747034e+04; 1.156300e+00
1.833500e+01; 2.932874e+04; 1.156914e+00
1.834000e+01; 3.119312e+04; 1.157515e+00
1.834500e+01; 3.306328e+04; 1.158102e+00
1.835000e+01; 3.493902e+04; 1.158676e+00
1.835500e+01; 3.682015e+04; 1.159235e+00
1.836000e+01; 3.870649e+04; 1.159780e+00
1.836500e+01; 4.059784e+04; 1.160310e+00
1.837000e+01; 4.249402e+04; 1.160825e+00
1.837500e+01; 4.439486e+04; 1.161325e+00
1.838000e+01; 4.630018e+04; 1.161810e+00
1.838500e+01; 4.820981e+04; 1.162279e+00
1.839000e+01; 5.012358e+04; 1.162732e+00
1.839500e+01; 5.204132e+04; 1.163169e+00
1.840000e+01; 5.396288e+04; 1.163589e+00
1.840500e+01; 5.588809e+04; 1.163993e+00
1.841000e+01; 5.781681e+04; 1.164380e+00
1.841500e+01; 5.974887e+04; 1.164750e+00
1.842000e+01; 6.168414e+04; 1.165103e+00
1.842500e+01; 6.362246e+04; 1.165438e+00
1.843000e+01; 6.556369e+04; 1.165756e+00
1.843500e+01; 6.750769e+04; 1.166056e+00
1.844000e+01; 6.945433e+04; 1.166338e+00
1.844500e+01; 7.140348e+04; 1.166602e+00
1.845000e+01; 7.335499e+04; 1.166848e+00
1.845500e+01; 7.530874e+04; 1.167075e+00
1.846000e+01; 7.726460e+04; 1.167284e+00
1.846500e+01; 7.922244e+04; 1.167474e+00
1.847000e+01; 8.118216e+04; 1.167646e+00
1.847500e+01; 8.314361e+04; 1.167798e+00
1.848000e+01; 8.510668e+04; 1.167932e+00
1.848500e+01; 8.707126e+04; 1.168047e+00
1.849000e+01; 8.903722e+04; 1.168142e+00
1.849500e+01; 9.100445e+04; 1.168219e+00
1.850000e+01; 9.297283e+04; 1.168276e+00
1.850500e+01; 9.494225e+04; 1.168314e+00
1.851000e+01; 9.691260e+04; 1.168333e+00
1.851500e+01; 9.888375e+04; 1.168333e+00
1.852000e+01; 1.008556e+05; 1.168314e+00
1.852500e+01; 1.028280e+05; 1.168275e+00
1.853000e+01; 1.048009e+05; 1.168217e+00
1.853500e+01; 1.067742e+05; 1.168140e+00
1.854000e+01; 1.087477e+05; 1.168044e+00
1.854500e+01; 1.107213e+05; 1.167929e+00
1.855000e+01; 1.126950e+05; 1.167795e+00
1.855500e+01; 1.146685e+05; 1.167643e+00
1.856000e+01; 1.166418e+05; 1.167471e+00
1.856500e+01; 1.186147e+05; 1.167281e+00
1.857000e+01; 1.205872e+05; 1.167072e+00
1.857500e+01; 1.225590e+05; 1.166844e+00
1.858000e+01; 1.245301e+05; 1.166599e+00
1.858500e+01; 1.265004e+05; 1.166335e+00
1.859000e+01; 1.284697e+05; 1.166053e+00
1.859500e+01; 1.304378e+05; 1.165754e+00
1.860000e+01; 1.324047e+05; 1.165436e+00
1.860500e+01; 1.343701e+05; 1.165101e+00
1.861000e+01; 1.363340e+05; 1.164749e+00
1.861500e+01; 1.382962e+05; 1.164380e+00
1.862000e+01; 1.402565e+05; 1.163994e+00
1.862500e+01; 1.422148e+05; 1.163591e+00
1.863000e+01; 1.441709e+05; 1.163171e+00
1.863500e+01; 1.461246e+05; 1.162735e+00
1.864000e+01; 1.480759e+05; 1.162284e+00
1.864500e+01; 1.500244e+05; 1.161816e+00
1.865000e+01; 1.519701e+05; 1.161333e+00
1.865500e+01; 1.539126e+05; 1.160834e+00
1.866000e+01; 1.558520e+05; 1.160321e+00
1.866500e+01; 1.577879e+05; 1.159792e+00
1.867000e+01; 1.597201e+05; 1.159249e+00
1.867500e+01; 1.616485e+05; 1.158692e+00
1.868000e+01; 1.635728e+05; 1.158121e+00
1.868500e+01; 1.654928e+05; 1.157536e+00
1.869000e+01; 1.674083e+05; 1.156937e+00
1.869500e+01; 1.693190e+05; 1.156325e+00
1.870000e+01; 1.712248e+05; 1.155701e+00
1.870500e+01; 1.731254e+05; 1.155063e+00
1.871000e+01; 1.750206e+05; 1.154413e+00
1.871500e+01; 1.769100e+05; 1.153751e+00
1.872000e+01; 1.787935e+05; 1.153077e+00
1.872500e+01; 1.806707e+05; 1.152392e+00
1.873000e+01; 1.825415e+05; 1.151695e+00
1.873500e+01; 1.844055e+05; 1.150987e+00
1.874000e+01; 1.862625e+05; 1.150269e+00
1.874500e+01; 1.881122e+05; 1.149540e+00
1.875000e+01; 1.899543e+05; 1.148800e+00
1.875500e+01; 1.917885e+05; 1.148051e+00
1.876000e+01; 1.936145e+05; 1.147292e+00
1.876500e+01; 1.954320e+05; 1.146524e+00
1.877000e+01; 1.972408e+05; 1.145747e+00
1.877500e+01; 1.990405e+05; 1.144960e+00
1.878000e+01; 2.008308e+05; 1.144166e+00
1.878500e+01; 2.026114e+05; 1.143362e+00
1.879000e+01; 2.043820e+05; 1.142551e+00
1.879500e+01; 2.061423e+05; 1.141732e+00
1.880000e+01; 2.078919e+05; 1.140905e+00
1.880500e+01; 2.096305e+05; 1.140070e+00
1.881000e+01; 2.113579e+05; 1.139229e+00
1.881500e+01; 2.130736e+05; 1.138380e+00
1.882000e+01; 2.147775e+05; 1.137525e+00
1.882500e+01; 2.164690e+05; 1.136663e+00
1.883000e+01; 2.181480e+05; 1.135796e+00
1.883500e+01; 2.198141e+05; 1.134922e+00
1.884000e+01; 2.214669e+05; 1.134042e+00
1.884500e+01; 2.231063e+05; 1.133156e+00
1.885000e+01; 2.247317e+05; 1.132265e+00
1.885500e+01; 2.263430e+05; 1.131369e+00
1.886000e+01; 2.279398e+05; 1.130467e+00
1.886500e+01; 2.295218e+05; 1.129561e+00
1.887000e+01; 2.310887e+05; 1.128650e+00
1.887500e+01; 2.326402e+05; 1.127735e+00
1.888000e+01; 2.341760e+05; 1.126815e+00
1.888500e+01; 2.356958e+05; 1.125890e+00
1.889000e+01; 2.371994e+05; 1.124962e+00
1.889500e+01; 2.386863e+05; 1.124030e+00
1.890000e+01; 2.401565e+05; 1.123094e+00
1.890500e+01; 2.416096e+05; 1.122154e+00
1.891000e+01; 2.430453e+05; 1.121211e+00
1.891500e+01; 2.444634e+05; 1.120264e+00
1.892000e+01; 2.458637e+05; 1.119314e+00
1.892500e+01; 2.472460e+05; 1.118361e+00
1.893000e+01; 2.486099e+05; 1.117405e+00
1.893500e+01; 2.499553e+05; 1.116446e+00
1.894000e+01; 2.512820e+05; 1.115485e+00
1.894500e+01; 2.525898e+05; 1.114520e+00
1.895000e+01; 2.538785e+05; 1.113553e+00
1.895500e+01; 2.551480e+05; 1.112583e+00
1.896000e+01; 2.563980e+05; 1.111611e+00
1.896500e+01; 2.576284e+05; 1.110637e+00
1.897000e+01; 2.588392e+05; 1.109660e+00
1.897500e+01; 2.600301e+05; 1.108681e+00
1.898000e+01; 2.612011e+05; 1.107700e+00
1.898500e+01; 2.623520e+05; 1.106717e+00
1.899000e+01; 2.634828e+05; 1.105732e+00
1.899500e+01; 2.645934e+05; 1.104745e+00
1.900000e+01; 2.656837e+05; 1.103756e+00
1.900500e+01; 2.667537e+05; 1.102765e+00
1.901000e+01; 2.678034e+05; 1.101772e+00
1.901500e+01; 2.688326e+05; 1.100778e+00
1.902000e+01; 2.698415e+05; 1.099782e+00
1.902500e+01; 2.708301e+05; 1.098785e+00
1.903000e+01; 2.717982e+05; 1.097785e+00
1.903500e+01; 2.727460e+05; 1.096785e+00
1.904000e+01; 2.736736e+05; 1.095782e+00
1.904500e+01; 2.745809e+05; 1.094779e+00
1.905000e+01; 2.754680e+05; 1.093773e+00
1.905500e+01; 2.763351e+05; 1.092767e+00
1.906000e+01; 2.771822e+05; 1.091759e+00
1.906500e+01; 2.780094e+05; 1.090749e+00
1.907000e+01; 2.788169e+05; 1.089738e+00
1.907500e+01; 2.796047e+05; 1.088726e+00
1.908000e+01; 2.803731e+05; 1.087713e+00
1.908500e+01; 2.811221e+05; 1.086698e+00
1.909000e+01; 2.818520e+05; 1.085682e+00
1.909500e+01; 2.825629e+05; 1.084665e+00
1.910000e+01; 2.832550e+05; 1.083646e+00
1.910500e+01; 2.839285e+05; 1.082626e+00
1.911000e+01; 2.845836e+05; 1.081605e+00
1.911500e+01; 2.852205e+05; 1.080583e+00
1.912000e+01; 2.858394e+05; 1.079559e+00
1.912500e+01; 2.864406e+05; 1.078535e+00
1.913000e+01; 2.870244e+05; 1.077509e+00
1.913500e+01; 2.875909e+05; 1.076482e+00
1.914000e+01; 2.881404e+05; 1.075453e+00
1.914500e+01; 2.886732e+05; 1.074424e+00
1.915000e+01; 2.891895e+05; 1.073394e+00
1.915500e+01; 2.896897e+05; 1.072362e+00
1.916000e+01; 2.901739e+05; 1.071329e+00
1.916500e+01; 2.906425e+05; 1.070296e+00
1.917000e+01; 2.910958e+05; 1.069261e+00
1.917500e+01; 2.915341e+05; 1.068225e+00
1.918000e+01; 2.919576e+05; 1.067188e+00
1.918500e+01; 2.923667e+05; 1.066150e+00
1.919000e+01; 2.927616e+05; 1.065111e+00
1.919500e+01; 2.931427e+05; 1.064071e+00
1.920000e+01; 2.935103e+05; 1.063030e+00
1.920500e+01; 2.938646e+05; 1.061988e+00
1.921000e+01; 2.942060e+05; 1.060945e+00
1.921500e+01; 2.945347e+05; 1.059901e+00
1.922000e+01; 2.948512e+05; 1.058857e+00
1.922500e+01; 2.951556e+05; 1.057811e+00
1.923000e+01; 2.954484e+05; 1.056765e+00
1.923500e+01; 2.957297e+05; 1.055717e+00
1.924000e+01; 2.959999e+05; 1.054669e+00
1.924500e+01; 2.962594e+05; 1.053620e+00
1.925000e+01; 2.965083e+05; 1.052571e+00
1.925500e+01; 2.967470e+05; 1.051521e+00
1.926000e+01; 2.969758e+05; 1.050470e+00
1.926500e+01; 2.971950e+05; 1.049418e+00
1.927000e+01; 2.974048e+05; 1.048366e+00
1.927500e+01; 2.976056e+05; 1.047313e+00
1.928000e+01; 2.977976e+05; 1.046260e+00
1.928500e+01; 2.979810e+05; 1.045206e+00
1.929000e+01; 2.981562e+05; 1.044152e+00
1.929500e+01; 2.983235e+05; 1.043098e+00
1.930000e+01; 2.984829e+05; 1.042043e+00
1.930500e+01; 2.986350e+05; 1.040988e+00
1.931000e+01; 2.987797e+05; 1.039932e+00
1.931500e+01; 2.989175e+05; 1.038876e+00
1.932000e+01; 2.990485e+05; 1.037820e+00
1.932500e+01; 2.991730e+05; 1.036764e+00
1.933000e+01; 2.992911e+05; 1.035708e+00
1.933500e+01; 2.994032e+05; 1.034652e+00
1.934000e+01; 2.995093e+05; 1.033596e+00
1.934500e+01; 2.996098e+05; 1.032540e+00
1.935000e+01; 2.997048e+05; 1.031484e+00
1.935500e+01; 2.997945e+05; 1.030428e+00
1.936000e+01; 2.998791e+05; 1.029373e+00
1.936500e+01; 2.999587e+05; 1.028318e+00
1.937000e+01; 3.000335e+05; 1.027263e+00
1.937500e+01; 3.001038e+05; 1.026208e+00
1.938000e+01; 3.001695e+05; 1.025154e+00
1.938500e+01; 3.002310e+05; 1.024100e+00
1.939000e+01; 3.002883e+05; 1.023047e+00
1.939500e+01; 3.003415e+05; 1.021995e+00
1.940000e+01; 3.003909e+05; 1.020943e+00
1.940500e+01; 3.004365e+05; 1.019892e+00
1.941000e+01; 3.004783e+05; 1.018841e+00
1.941500e+01; 3.005167e+05; 1.017791e+00
1.942000e+01; 3.005515e+05; 1.016743e+00
1.942500e+01; 3.005830e+05; 1.015695e+00
1.943000e+01; 3.006112e+05; 1.014647e+00
1.943500e+01; 3.006361e+05; 1.013601e+00
1.944000e+01; 3.006580e+05; 1.012556e+00
1.944500e+01; 3.006767e+05; 1.011512e+00
1.945000e+01; 3.006925e+05; 1.010469e+00
1.945500e+01; 3.007053e+05; 1.009427e+00
1.946000e+01; 3.007152e+05; 1.008386e+00
1.946500e+01; 3.007222e+05; 1.007347e+00
1.947000e+01; 3.007264e+05; 1.006308e+00
1.947500e+01; 3.007278e+05; 1.005271e+00
1.948000e+01; 3.007264e+05; 1.004235e+00
1.948500e+01; 3.007222e+05; 1.003201e+00
1.949000e+01; 3.007153e+05; 1.002167e+00
1.949500e+01; 3.007056e+05; 1.001135e+00
1.950000e+01; 3.006931e+05; 1.000105e+00
1.950500e+01; 3.006778e+05; 9.990756e-01
1.951000e+01; 3.006598e+05; 9.980477e-01
1.951500e+01; 3.006390e+05; 9.970213e-01
1.952000e+01; 3.006153e+05; 9.959962e-01
1.952500e+01; 3.005888e+05; 9.949726e-01
1.953000e+01; 3.005593e+05; 9.939504e-01
1.953500e+01; 3.005269e+05; 9.929296e-01
1.954000e+01; 3.004915e+05; 9.919103e-01
1.954500e+01; 3.004530e+05; 9.908924e-01
1.955000e+01; 3.004114e+05; 9.898759e-01
1.955500e+01; 3.003667e+05; 9.888608e-01
1.956000e+01; 3.003187e+05; 9.878471e-01
1.956500e+01; 3.002673e+05; 9.868348e-01
1.957000e+01; 3.002126e+05; 9.858239e-01
1.957500e+01; 3.001543e+05; 9.848143e-01
1.958000e+01; 3.000924e+05; 9.838061e-01
1.958500e+01; 3.000269e+05; 9.827993e-01
1.959000e+01; 2.999576e+05; 9.817937e-01
1.959500e+01; 2.998843e+05; 9.807895e-01
1.960000e+01; 2.998071e+05; 9.797865e-01
1.960500e+01; 2.997257e+05; 9.787848e-01
1.961000e+01; 2.996401e+05; 9.777843e-01
1.961500e+01; 2.995501e+05; 9.767850e-01
1.962000e+01; 2.994555e+05; 9.757868e-01
1.962500e+01; 2.993564e+05; 9.747898e-01
1.963000e+01; 2.992524e+05; 9.737938e-01
1.963500e+01; 2.991435e+05; 9.727990e-01
1.964000e+01; 2.990296e+05; 9.718052e-01
1.964500e+01; 2.989104e+05; 9.708123e-01
1.965000e+01; 2.987858e+05; 9.698204e-01
1.965500e+01; 2.986557e+05; 9.688295e-01
1.966000e+01; 2.985198e+05; 9.678394e-01
1.966500e+01; 2.983781e+05; 9.668502e-01
1.967000e+01; 2.982303e+05; 9.658618e-01
1.967500e+01; 2.980763e+05; 9.648742e-01
1.968000e+01; 2.979159e+05; 9.638873e-01
1.968500e+01; 2.977488e+05; 9.629012e-01
1.969000e+01; 2.975750e+05; 9.619156e-01
1.969500e+01; 2.973942e+05; 9.609307e-01
1.970000e+01; 2.972063e+05; 9.599464e-01
1.970500e+01; 2.970110e+05; 9.589627e-01
1.971000e+01; 2.968081e+05; 9.579794e-01
1.971500e+01; 2.965975e+05; 9.569967e-01
1.972000e+01; 2.963789e+05; 9.560143e-01
1.972500e+01; 2.961521e+05; 9.550324e-01
1.973000e+01; 2.959170e+05; 9.540508e-01
1.973500e+01; 2.956732e+05; 9.530696e-01
1.974000e+01; 2.954207e+05; 9.520887e-01
1.974500e+01; 2.951592e+05; 9.511081e-01
1.975000e+01; 2.948884e+05; 9.501276e-01
1.975500e+01; 2.946082e+05; 9.491474e-01
1.976000e+01; 2.943184e+05; 9.481674e-01
1.976500e+01; 2.940186e+05; 9.471875e-01
1.977000e+01; 2.937088e+05; 9.462078e-01
1.977500e+01; 2.933887e+05; 9.452282e-01
1.978000e+01; 2.930580e+05; 9.442486e-01
1.978500e+01; 2.927166e+05; 9.432691e-01
1.979000e+01; 2.923643e+05; 9.422896e-01
1.979500e+01; 2.920007e+05; 9.413102e-01
1.980000e+01; 2.916258e+05; 9.403307e-01
1.980500e+01; 2.912393e+05; 9.393513e-01
1.981000e+01; 2.908409e+05; 9.383718e-01
1.981500e+01; 2.904305e+05; 9.373922e-01
1.982000e+01; 2.900078e+05; 9.364126e-01
1.982500e+01; 2.895727e+05; 9.354330e-01
1.983000e+01; 2.891249e+05; 9.344532e-01
1.983500e+01; 2.886642e+05; 9.334734e-01
1.984000e+01; 2.881904e+05; 9.324935e-01
1.984500e+01; 2.877034e+05; 9.315136e-01
1.985000e+01; 2.872029e+05; 9.305335e-01
1.985500e+01; 2.866887e+05; 9.295534e-01
1.986000e+01; 2.861607e+05; 9.285732e-01
1.986500e+01; 2.856186e+05; 9.275929e-01
1.987000e+01; 2.850622e+05; 9.266125e-01
1.987500e+01; 2.844915e+05; 9.256321e-01
1.988000e+01; 2.839062e+05; 9.246517e-01
1.988500e+01; 2.833061e+05; 9.236712e-01
1.989000e+01; 2.826911e+05; 9.226907e-01
1.989500e+01; 2.820610e+05; 9.217102e-01
1.990000e+01; 2.814157e+05; 9.207297e-01
1.990500e+01; 2.807550e+05; 9.197493e-01
1.991000e+01; 2.800788e+05; 9.187689e-01
1.991500e+01; 2.793869e+05; 9.177886e-01
1.992000e+01; 2.786792e+05; 9.168084e-01
1.992500e+01; 2.779556e+05; 9.158284e-01
1.993000e+01; 2.772159e+05; 9.148485e-01
1.993500e+01; 2.764601e+05; 9.138689e-01
1.994000e+01; 2.756880e+05; 9.128895e-01
1.994500e+01; 2.748995e+05; 9.119104e-01
1.995000e+01; 2.740946e+05; 9.109317e-01
1.995500e+01; 2.732732e+05; 9.099533e-01
1.996000e+01; 2.724351e+05; 9.089753e-01
1.996500e+01; 2.715803e+05; 9.079978e-01
1.997000e+01; 2.707087e+05; 9.070208e-01
1.997500e+01; 2.698203e+05; 9.060444e-01
1.998000e+01; 2.689151e+05; 9.050686e-01
1.998500e+01; 2.679929e+05; 9.040934e-01
1.999000e+01; 2.670538e+05; 9.031190e-01
1.999500e+01; 2.660977e+05; 9.021455e-01
2.000000e+01; 2.651246e+05; 9.011728e-01
