5.000000e-03; 1.013250e+05; -2.182775e-17
1.000000e-02; 1.003824e+05; -4.365562e-17
1.500000e-02; 9.934211e+04; -6.548349e-17
2.000000e-02; 9.832922e+04; -8.731137e-17
2.500000e-02; 9.732728e+04; -1.091392e-16
3.000000e-02; 9.632638e+04; -1.309671e-16
3.500000e-02; 9.532563e+04; -1.527950e-16
4.000000e-02; 9.432524e+04; -1.746229e-16
4.500000e-02; 9.332510e+04; -1.964507e-16
5.000000e-02; 9.232506e+04; -2.182786e-16
5.500000e-02; 9.132506e+04; -2.401065e-16
6.000000e-02; 9.032506e+04; -2.619344e-16
6.500000e-02; 8.932507e+04; -2.837622e-16
7.000000e-02; 8.832508e+04; -3.055901e-16
7.500000e-02; 8.732509e+04; -3.274180e-16
8.000000e-02; 8.632511e+04; -3.492458e-16
8.500000e-02; 8.532512e+04; -3.710737e-16
9.000000e-02; 8.432514e+04; -3.929016e-16
9.500000e-02; 8.332516e+04; -4.147294e-16
1.000000e-01; 8.232518e+04; -4.365568e-16
1.050000e-01; 8.132520e+04; -4.583798e-16
1.100000e-01; 8.032522e+04; -4.801677e-16
1.150000e-01; 7.932524e+04; -5.016632e-16
1.200000e-01; 7.832526e+04; -5.198200e-16
1.250000e-01; 7.732528e+04; -4.774025e-16
1.300000e-01; 7.632531e+04; -3.407129e-16
1.350000e-01; 7.532533e+04; -1.343539e-16
1.400000e-01; 7.432536e+04; -1.803104e-17
1.450000e-01; 7.332539e+04; 1.690335e-16
1.500000e-01; 7.232541e+04; 2.176108e-16
1.550000e-01; 7.132544e+04; 2.139565e-16
1.600000e-01; 7.032547e+04; 1.300614e-16
1.650000e-01; 6.932550e+04; 1.922816e-17
1.700000e-01; 6.832554e+04; -2.425815e-16
1.750000e-01; 6.732557e+04; -6.892925e-16
1.800000e-01; 6.632560e+04; -1.530509e-15
1.850000e-01; 6.532564e+04; -2.417887e-15
1.900000e-01; 6.432568e+04; -3.684372e-15
1.950000e-01; 6.332571e+04; -5.283684e-15
2.000000e-01; 6.232575e+04; -5.831833e-15
2.050000e-01; 6.132579e+04; 1.984663e-15
2.100000e-01; 6.032583e+04; -2.319960e-14
2.150000e-01; 5.932587e+04; -9.667265e-14
2.200000e-01; 5.832591e+04; -2.759446e-13
2.250000e-01; 5.732596e+04; -6.860982e-13
2.300000e-01; 5.632600e+04; -1.561347e-12
2.350000e-01; 5.532605e+04; -3.425209e-12
2.400000e-01; 5.432609e+04; -7.305693e-12
2.450000e-01; 5.332614e+04; -1.519615e-11
2.500000e-01; 5.232619e+04; -3.094530e-11
2.550000e-01; 5.132624e+04; -6.170376e-11
2.600000e-01; 5.032629e+04; -1.205805e-10
2.650000e-01; 4.932634e+04; -2.310739e-10
2.700000e-01; 4.832639e+04; -4.343967e-10
2.750000e-01; 4.732645e+04; -8.013018e-10
2.800000e-01; 4.632650e+04; -1.450754e-09
2.850000e-01; 4.532655e+04; -2.578610e-09
2.900000e-01; 4.432661e+04; -4.500531e-09
2.950000e-01; 4.332667e+04; -7.714542e-09
3.000000e-01; 4.232673e+04; -1.298964e-08
3.050000e-01; 4.132679e+04; -2.148761e-08
3.100000e-01; 4.032685e+04; -3.492456e-08
3.150000e-01; 3.932691e+04; -5.577758e-08
3.200000e-01; 3.832697e+04; -8.753719e-08
3.250000e-01; 3.732703e+04; -1.349983e-07
3.300000e-01; 3.632710e+04; -2.045703e-07
3.350000e-01; 3.532716e+04; -3.045675e-07
3.400000e-01; 3.432723e+04; -4.454157e-07
3.450000e-01; 3.332730e+04; -6.396759e-07
3.500000e-01; 3.232736e+04; -9.017449e-07
3.550000e-01; 3.132743e+04; -1.247045e-06
3.600000e-01; 3.032750e+04; -1.690459e-06
3.650000e-01; 2.932757e+04; -2.243722e-06
3.700000e-01; 2.832765e+04; -2.911431e-06
3.750000e-01; 2.732772e+04; -3.685300e-06
3.800000e-01; 2.632779e+04; -4.536297e-06
3.850000e-01; 2.532787e+04; -5.404314e-06
3.900000e-01; 2.432795e+04; -6.185095e-06
3.950000e-01; 2.332802e+04; -6.714277e-06
4.000000e-01; 2.232810e+04; -6.748558e-06
4.050000e-01; 2.132818e+04; -5.944251e-06
4.100000e-01; 2.032826e+04; -3.833732e-06
4.150000e-01; 1.932834e+04; 1.994035e-07
4.200000e-01; 1.832842e+04; 6.945364e-06
4.250000e-01; 1.732851e+04; 1.739196e-05
4.300000e-01; 1.632859e+04; 3.274556e-05
4.350000e-01; 1.532868e+04; 5.444745e-05
4.400000e-01; 1.432876e+04; 8.418377e-05
4.450000e-01; 1.332885e+04; 1.238873e-04
4.500000e-01; 1.232894e+04; 1.757297e-04
4.550000e-01; 1.132903e+04; 2.421031e-04
4.600000e-01; 1.032912e+04; 3.255907e-04
4.650000e-01; 9.329210e+03; 4.289256e-04
4.700000e-01; 8.329302e+03; 5.549401e-04
4.750000e-01; 7.329395e+03; 7.065057e-04
4.800000e-01; 6.329490e+03; 8.864659e-04
4.850000e-01; 5.329585e+03; 1.097566e-03
4.900000e-01; 4.329681e+03; 1.342379e-03
4.950000e-01; 3.329778e+03; 1.623239e-03
5.000000e-01; 2.329877e+03; 1.942172e-03
5.050000e-01; 1.329976e+03; 2.300843e-03
5.100000e-01; 3.300762e+02; 2.700509e-03
5.150000e-01; -6.698226e+02; 3.141987e-03
5.200000e-01; -1.669720e+03; 3.625634e-03
5.250000e-01; -2.669617e+03; 4.151347e-03
5.300000e-01; -3.669513e+03; 4.718572e-03
5.350000e-01; -4.669408e+03; 5.326328e-03
5.400000e-01; -5.669301e+03; 5.973249e-03
5.450000e-01; -6.669194e+03; 6.657626e-03
5.500000e-01; -7.669086e+03; 7.377461e-03
5.550000e-01; -8.668977e+03; 8.130533e-03
5.600000e-01; -9.668866e+03; 8.914453e-03
5.650000e-01; -1.066876e+04; 9.726724e-03
5.700000e-01; -1.166864e+04; 1.056481e-02
5.750000e-01; -1.266853e+04; 1.142616e-02
5.800000e-01; -1.366842e+04; 1.230831e-02
5.850000e-01; -1.466830e+04; 1.320887e-02
5.900000e-01; -1.566818e+04; 1.412557e-02
5.950000e-01; -1.666807e+04; 1.505630e-02
6.000000e-01; -1.766795e+04; 1.599911e-02
6.050000e-01; -1.866783e+04; 1.695225e-02
6.100000e-01; -1.966771e+04; 1.791412e-02
6.150000e-01; -2.066759e+04; 1.888332e-02
6.200000e-01; -2.166747e+04; 1.985862e-02
6.250000e-01; -2.266734e+04; 2.083895e-02
6.300000e-01; -2.366722e+04; 2.182340e-02
6.350000e-01; -2.466709e+04; 2.281118e-02
6.400000e-01; -2.566697e+04; 2.380165e-02
6.450000e-01; -2.666684e+04; 2.479427e-02
6.500000e-01; -2.766671e+04; 2.578858e-02
6.550000e-01; -2.866658e+04; 2.678422e-02
6.600000e-01; -2.966645e+04; 2.778090e-02
6.650000e-01; -3.066632e+04; 2.877839e-02
6.700000e-01; -3.166619e+04; 2.977649e-02
6.750000e-01; -3.266606e+04; 3.077505e-02
6.800000e-01; -3.366592e+04; 3.177398e-02
6.850000e-01; -3.466579e+04; 3.277316e-02
6.900000e-01; -3.566566e+04; 3.377254e-02
6.950000e-01; -3.666553e+04; 3.477207e-02
7.000000e-01; -3.766539e+04; 3.577171e-02
7.050000e-01; -3.866526e+04; 3.677142e-02
7.100000e-01; -3.966514e+04; 3.777119e-02
7.150000e-01; -4.066501e+04; 3.877099e-02
7.200000e-01; -4.166490e+04; 3.977083e-02
7.250000e-01; -4.266479e+04; 4.077069e-02
7.300000e-01; -4.366470e+04; 4.177056e-02
7.350000e-01; -4.466462e+04; 4.277044e-02
7.400000e-01; -4.566456e+04; 4.377033e-02
7.450000e-01; -4.666454e+04; 4.477022e-02
7.500000e-01; -4.766456e+04; 4.577011e-02
7.550000e-01; -4.866463e+04; 4.677001e-02
7.600000e-01; -4.966478e+04; 4.776991e-02
7.650000e-01; -5.066501e+04; 4.876981e-02
7.700000e-01; -5.166537e+04; 4.976971e-02
7.750000e-01; -5.266587e+04; 5.076961e-02
7.800000e-01; -5.366657e+04; 5.176951e-02
7.850000e-01; -5.466750e+04; 5.276941e-02
7.900000e-01; -5.566873e+04; 5.376931e-02
7.950000e-01; -5.667033e+04; 5.476922e-02
8.000000e-01; -5.767238e+04; 5.576912e-02
8.050000e-01; -5.867499e+04; 5.676902e-02
8.100000e-01; -5.967826e+04; 5.776892e-02
8.150000e-01; -6.068233e+04; 5.876882e-02
8.200000e-01; -6.168737e+04; 5.976872e-02
8.250000e-01; -6.269355e+04; 6.076863e-02
8.300000e-01; -6.370108e+04; 6.176853e-02
8.350000e-01; -6.471017e+04; 6.276843e-02
8.400000e-01; -6.572110e+04; 6.376833e-02
8.450000e-01; -6.673415e+04; 6.476823e-02
8.500000e-01; -6.774961e+04; 6.576813e-02
8.550000e-01; -6.876784e+04; 6.676803e-02
8.600000e-01; -6.978919e+04; 6.776794e-02
8.650000e-01; -7.081404e+04; 6.876784e-02
8.700000e-01; -7.184280e+04; 6.976774e-02
8.750000e-01; -7.287589e+04; 7.076764e-02
8.800000e-01; -7.391372e+04; 7.176754e-02
8.850000e-01; -7.495675e+04; 7.276744e-02
8.900000e-01; -7.600539e+04; 7.376735e-02
8.950000e-01; -7.706006e+04; 7.476725e-02
9.000000e-01; -7.812118e+04; 7.576715e-02
9.050000e-01; -7.918911e+04; 7.676705e-02
9.100000e-01; -8.026419e+04; 7.776695e-02
9.150000e-01; -8.134671e+04; 7.876685e-02
9.200000e-01; -8.243693e+04; 7.976676e-02
9.250000e-01; -8.353500e+04; 8.076666e-02
9.300000e-01; -8.464105e+04; 8.176656e-02
9.350000e-01; -8.575509e+04; 8.276646e-02
9.400000e-01; -8.687708e+04; 8.376636e-02
9.450000e-01; -8.800686e+04; 8.476626e-02
9.500000e-01; -8.914421e+04; 8.576617e-02
9.550000e-01; -9.028880e+04; 8.676607e-02
9.600000e-01; -9.144021e+04; 8.776597e-02
9.650000e-01; -9.259793e+04; 8.876587e-02
9.700000e-01; -9.376138e+04; 8.976577e-02
9.750000e-01; -9.492989e+04; 9.076567e-02
9.800000e-01; -9.610271e+04; 9.176558e-02
9.850000e-01; -9.727906e+04; 9.276548e-02
9.900000e-01; -9.845810e+04; 9.376538e-02
9.950000e-01; -9.963893e+04; 9.476528e-02
1.000000e+00; -1.008207e+05; 9.576518e-02
1.005000e+00; -1.020024e+05; 9.676508e-02
1.010000e+00; -1.031832e+05; 9.776498e-02
1.015000e+00; -1.043622e+05; 9.876489e-02
1.020000e+00; -1.055385e+05; 9.976479e-02
1.025000e+00; -1.067114e+05; 1.007647e-01
1.030000e+00; -1.078801e+05; 1.017646e-01
1.035000e+00; -1.090438e+05; 1.027645e-01
1.040000e+00; -1.102019e+05; 1.037644e-01
1.045000e+00; -1.113539e+05; 1.047643e-01
1.050000e+00; -1.124994e+05; 1.057642e-01
1.055000e+00; -1.136379e+05; 1.067641e-01
1.060000e+00; -1.147692e+05; 1.077640e-01
1.065000e+00; -1.158930e+05; 1.087639e-01
1.070000e+00; -1.170093e+05; 1.097638e-01
1.075000e+00; -1.181179e+05; 1.107637e-01
1.080000e+00; -1.192189e+05; 1.117636e-01
1.085000e+00; -1.203123e+05; 1.127635e-01
1.090000e+00; -1.213985e+05; 1.137634e-01
1.095000e+00; -1.224775e+05; 1.147633e-01
1.100000e+00; -1.235496e+05; 1.157632e-01
1.105000e+00; -1.246151e+05; 1.167631e-01
1.110000e+00; -1.256744e+05; 1.177630e-01
1.115000e+00; -1.267277e+05; 1.187629e-01
1.120000e+00; -1.277756e+05; 1.197628e-01
1.125000e+00; -1.288182e+05; 1.207627e-01
1.130000e+00; -1.298561e+05; 1.217626e-01
1.135000e+00; -1.308896e+05; 1.227626e-01
1.140000e+00; -1.319191e+05; 1.237625e-01
1.145000e+00; -1.329449e+05; 1.247624e-01
1.150000e+00; -1.339675e+05; 1.257623e-01
1.155000e+00; -1.349870e+05; 1.267622e-01
1.160000e+00; -1.360039e+05; 1.277622e-01
1.165000e+00; -1.370184e+05; 1.287621e-01
1.170000e+00; -1.380309e+05; 1.297621e-01
1.175000e+00; -1.390414e+05; 1.307620e-01
1.180000e+00; -1.400504e+05; 1.317620e-01
1.185000e+00; -1.410580e+05; 1.327620e-01
1.190000e+00; -1.420643e+05; 1.337621e-01
1.195000e+00; -1.430696e+05; 1.347621e-01
1.200000e+00; -1.440740e+05; 1.357623e-01
1.205000e+00; -1.450776e+05; 1.367625e-01
1.210000e+00; -1.460806e+05; 1.377627e-01
1.215000e+00; -1.470830e+05; 1.387631e-01
1.220000e+00; -1.480849e+05; 1.397636e-01
1.225000e+00; -1.490864e+05; 1.407642e-01
1.230000e+00; -1.500876e+05; 1.417649e-01
1.235000e+00; -1.510886e+05; 1.427659e-01
1.240000e+00; -1.520893e+05; 1.437671e-01
1.245000e+00; -1.530898e+05; 1.447686e-01
1.250000e+00; -1.540901e+05; 1.457705e-01
1.255000e+00; -1.550904e+05; 1.467728e-01
1.260000e+00; -1.560905e+05; 1.477755e-01
1.265000e+00; -1.570906e+05; 1.487789e-01
1.270000e+00; -1.580906e+05; 1.497830e-01
1.275000e+00; -1.590905e+05; 1.507879e-01
1.280000e+00; -1.600904e+05; 1.517937e-01
1.285000e+00; -1.610902e+05; 1.528007e-01
1.290000e+00; -1.620901e+05; 1.538089e-01
1.295000e+00; -1.630899e+05; 1.548186e-01
1.300000e+00; -1.640897e+05; 1.558301e-01
1.305000e+00; -1.650894e+05; 1.568435e-01
1.310000e+00; -1.660892e+05; 1.578592e-01
1.315000e+00; -1.670890e+05; 1.588774e-01
1.320000e+00; -1.680887e+05; 1.598986e-01
1.325000e+00; -1.690885e+05; 1.609230e-01
1.330000e+00; -1.700882e+05; 1.619512e-01
1.335000e+00; -1.710879e+05; 1.629834e-01
1.340000e+00; -1.720877e+05; 1.640203e-01
1.345000e+00; -1.730874e+05; 1.650624e-01
1.350000e+00; -1.740871e+05; 1.661101e-01
1.355000e+00; -1.750869e+05; 1.671641e-01
1.360000e+00; -1.760866e+05; 1.682251e-01
1.365000e+00; -1.770863e+05; 1.692936e-01
1.370000e+00; -1.780860e+05; 1.703705e-01
1.375000e+00; -1.790858e+05; 1.714563e-01
1.380000e+00; -1.800855e+05; 1.725520e-01
1.385000e+00; -1.810852e+05; 1.736581e-01
1.390000e+00; -1.820849e+05; 1.747757e-01
1.395000e+00; -1.830846e+05; 1.759054e-01
1.400000e+00; -1.840843e+05; 1.770481e-01
1.405000e+00; -1.850841e+05; 1.782047e-01
1.410000e+00; -1.860838e+05; 1.793760e-01
1.415000e+00; -1.870835e+05; 1.805628e-01
1.420000e+00; -1.880832e+05; 1.817659e-01
1.425000e+00; -1.890829e+05; 1.829862e-01
1.430000e+00; -1.900826e+05; 1.842244e-01
1.435000e+00; -1.910823e+05; 1.854812e-01
1.440000e+00; -1.920820e+05; 1.867575e-01
1.445000e+00; -1.930817e+05; 1.880538e-01
1.450000e+00; -1.940814e+05; 1.893708e-01
1.455000e+00; -1.950811e+05; 1.907091e-01
1.460000e+00; -1.960808e+05; 1.920691e-01
1.465000e+00; -1.970806e+05; 1.934513e-01
1.470000e+00; -1.980803e+05; 1.948560e-01
1.475000e+00; -1.990800e+05; 1.962836e-01
1.480000e+00; -2.000797e+05; 1.977343e-01
1.485000e+00; -2.010794e+05; 1.992082e-01
1.490000e+00; -2.020790e+05; 2.007054e-01
1.495000e+00; -2.030787e+05; 2.022259e-01
1.500000e+00; -2.040784e+05; 2.037695e-01
1.505000e+00; -2.050781e+05; 2.053361e-01
1.510000e+00; -2.060778e+05; 2.069255e-01
1.515000e+00; -2.070775e+05; 2.085373e-01
1.520000e+00; -2.080772e+05; 2.101712e-01
1.525000e+00; -2.090769e+05; 2.118267e-01
1.530000e+00; -2.100766e+05; 2.135033e-01
1.535000e+00; -2.110763e+05; 2.152003e-01
1.540000e+00; -2.120760e+05; 2.169173e-01
1.545000e+00; -2.130756e+05; 2.186534e-01
1.550000e+00; -2.140753e+05; 2.204081e-01
1.555000e+00; -2.150750e+05; 2.221805e-01
1.560000e+00; -2.160747e+05; 2.239700e-01
1.565000e+00; -2.170744e+05; 2.257756e-01
1.570000e+00; -2.180740e+05; 2.275967e-01
1.575000e+00; -2.190737e+05; 2.294324e-01
1.580000e+00; -2.200734e+05; 2.312819e-01
1.585000e+00; -2.210731e+05; 2.331444e-01
1.590000e+00; -2.220727e+05; 2.350191e-01
1.595000e+00; -2.230724e+05; 2.369052e-01
1.600000e+00; -2.240720e+05; 2.388020e-01
1.605000e+00; -2.250717e+05; 2.407086e-01
1.610000e+00; -2.260713e+05; 2.426244e-01
1.615000e+00; -2.270709e+05; 2.445487e-01
1.620000e+00; -2.280705e+05; 2.464807e-01
1.625000e+00; -2.290701e+05; 2.484199e-01
1.630000e+00; -2.300697e+05; 2.503656e-01
1.635000e+00; -2.310692e+05; 2.523173e-01
1.640000e+00; -2.320688e+05; 2.542745e-01
1.645000e+00; -2.330682e+05; 2.562365e-01
1.650000e+00; -2.340677e+05; 2.582030e-01
1.655000e+00; -2.350670e+05; 2.601734e-01
1.660000e+00; -2.360664e+05; 2.621475e-01
1.665000e+00; -2.370656e+05; 2.641248e-01
1.670000e+00; -2.380647e+05; 2.661049e-01
1.675000e+00; -2.390637e+05; 2.680876e-01
1.680000e+00; -2.400626e+05; 2.700725e-01
1.685000e+00; -2.410614e+05; 2.720595e-01
1.690000e+00; -2.420599e+05; 2.740482e-01
1.695000e+00; -2.430582e+05; 2.760384e-01
1.700000e+00; -2.440562e+05; 2.780301e-01
1.705000e+00; -2.450539e+05; 2.800228e-01
1.710000e+00; -2.460512e+05; 2.820167e-01
1.715000e+00; -2.470481e+05; 2.840114e-01
1.720000e+00; -2.480445e+05; 2.860069e-01
1.725000e+00; -2.490402e+05; 2.880030e-01
1.730000e+00; -2.500353e+05; 2.899998e-01
1.735000e+00; -2.510295e+05; 2.919970e-01
1.740000e+00; -2.520228e+05; 2.939946e-01
1.745000e+00; -2.530150e+05; 2.959926e-01
1.750000e+00; -2.540059e+05; 2.979909e-01
1.755000e+00; -2.549955e+05; 2.999895e-01
1.760000e+00; -2.559833e+05; 3.019883e-01
1.765000e+00; -2.569694e+05; 3.039872e-01
1.770000e+00; -2.579533e+05; 3.059864e-01
1.775000e+00; -2.589348e+05; 3.079856e-01
1.780000e+00; -2.599136e+05; 3.099850e-01
1.785000e+00; -2.608893e+05; 3.119844e-01
1.790000e+00; -2.618616e+05; 3.139839e-01
1.795000e+00; -2.628301e+05; 3.159835e-01
1.800000e+00; -2.637942e+05; 3.179831e-01
1.805000e+00; -2.647536e+05; 3.199828e-01
1.810000e+00; -2.657077e+05; 3.219825e-01
1.815000e+00; -2.666558e+05; 3.239822e-01
1.820000e+00; -2.675975e+05; 3.259820e-01
1.825000e+00; -2.685320e+05; 3.279817e-01
1.830000e+00; -2.694586e+05; 3.299815e-01
1.835000e+00; -2.703765e+05; 3.319813e-01
1.840000e+00; -2.712850e+05; 3.339811e-01
1.845000e+00; -2.721833e+05; 3.359809e-01
1.850000e+00; -2.730703e+05; 3.379807e-01
1.855000e+00; -2.739452e+05; 3.399805e-01
1.860000e+00; -2.748070e+05; 3.419803e-01
1.865000e+00; -2.756547e+05; 3.439802e-01
1.870000e+00; -2.764872e+05; 3.459800e-01
1.875000e+00; -2.773034e+05; 3.479798e-01
1.880000e+00; -2.781021e+05; 3.499796e-01
1.885000e+00; -2.788823e+05; 3.519794e-01
1.890000e+00; -2.796428e+05; 3.539793e-01
1.895000e+00; -2.803822e+05; 3.559791e-01
1.900000e+00; -2.810995e+05; 3.579789e-01
1.905000e+00; -2.817933e+05; 3.599787e-01
1.910000e+00; -2.824625e+05; 3.619786e-01
1.915000e+00; -2.831058e+05; 3.639784e-01
1.920000e+00; -2.837220e+05; 3.659782e-01
1.925000e+00; -2.843099e+05; 3.679780e-01
1.930000e+00; -2.848683e+05; 3.699778e-01
1.935000e+00; -2.853961e+05; 3.719777e-01
1.940000e+00; -2.858922e+05; 3.739775e-01
1.945000e+00; -2.863555e+05; 3.759773e-01
1.950000e+00; -2.867849e+05; 3.779771e-01
1.955000e+00; -2.871796e+05; 3.799769e-01
1.960000e+00; -2.875387e+05; 3.819767e-01
1.965000e+00; -2.878613e+05; 3.839765e-01
1.970000e+00; -2.881467e+05; 3.859764e-01
1.975000e+00; -2.883942e+05; 3.879762e-01
1.980000e+00; -2.886033e+05; 3.899760e-01
1.985000e+00; -2.887735e+05; 3.919758e-01
1.990000e+00; -2.889043e+05; 3.939756e-01
1.995000e+00; -2.889956e+05; 3.959754e-01
2.000000e+00; -2.890470e+05; 3.979752e-01
2.005000e+00; -2.890586e+05; 3.999750e-01
2.010000e+00; -2.890302e+05; 4.019748e-01
2.015000e+00; -2.889621e+05; 4.039746e-01
2.020000e+00; -2.888544e+05; 4.059744e-01
2.025000e+00; -2.887073e+05; 4.079742e-01
2.030000e+00; -2.885214e+05; 4.099740e-01
2.035000e+00; -2.882971e+05; 4.119738e-01
2.040000e+00; -2.880349e+05; 4.139736e-01
2.045000e+00; -2.877356e+05; 4.159734e-01
2.050000e+00; -2.873998e+05; 4.179732e-01
2.055000e+00; -2.870283e+05; 4.199730e-01
2.060000e+00; -2.866221e+05; 4.219728e-01
2.065000e+00; -2.861821e+05; 4.239725e-01
2.070000e+00; -2.857091e+05; 4.259723e-01
2.075000e+00; -2.852044e+05; 4.279721e-01
2.080000e+00; -2.846690e+05; 4.299719e-01
2.085000e+00; -2.841039e+05; 4.319717e-01
2.090000e+00; -2.835104e+05; 4.339714e-01
2.095000e+00; -2.828895e+05; 4.359712e-01
2.100000e+00; -2.822425e+05; 4.379709e-01
2.105000e+00; -2.815706e+05; 4.399707e-01
2.110000e+00; -2.808750e+05; 4.419704e-01
2.115000e+00; -2.801567e+05; 4.439701e-01
2.120000e+00; -2.794171e+05; 4.459699e-01
2.125000e+00; -2.786573e+05; 4.479696e-01
2.130000e+00; -2.778784e+05; 4.499692e-01
2.135000e+00; -2.770815e+05; 4.519689e-01
2.140000e+00; -2.762678e+05; 4.539685e-01
2.145000e+00; -2.754384e+05; 4.559681e-01
2.150000e+00; -2.745941e+05; 4.579676e-01
2.155000e+00; -2.737362e+05; 4.599671e-01
2.160000e+00; -2.728654e+05; 4.619666e-01
2.165000e+00; -2.719828e+05; 4.639660e-01
2.170000e+00; -2.710892e+05; 4.659653e-01
2.175000e+00; -2.701855e+05; 4.679645e-01
2.180000e+00; -2.692724e+05; 4.699636e-01
2.185000e+00; -2.683507e+05; 4.719626e-01
2.190000e+00; -2.674211e+05; 4.739614e-01
2.195000e+00; -2.664844e+05; 4.759601e-01
2.200000e+00; -2.655410e+05; 4.779586e-01
2.205000e+00; -2.645916e+05; 4.799569e-01
2.210000e+00; -2.636368e+05; 4.819549e-01
2.215000e+00; -2.626770e+05; 4.839526e-01
2.220000e+00; -2.617128e+05; 4.859500e-01
2.225000e+00; -2.607445e+05; 4.879470e-01
2.230000e+00; -2.597726e+05; 4.899435e-01
2.235000e+00; -2.587974e+05; 4.919396e-01
2.240000e+00; -2.578193e+05; 4.939351e-01
2.245000e+00; -2.568385e+05; 4.959299e-01
2.250000e+00; -2.558555e+05; 4.979240e-01
2.255000e+00; -2.548703e+05; 4.999173e-01
2.260000e+00; -2.538833e+05; 5.019097e-01
2.265000e+00; -2.528946e+05; 5.039011e-01
2.270000e+00; -2.519045e+05; 5.058913e-01
2.275000e+00; -2.509131e+05; 5.078802e-01
2.280000e+00; -2.499205e+05; 5.098676e-01
2.285000e+00; -2.489270e+05; 5.118535e-01
2.290000e+00; -2.479326e+05; 5.138376e-01
2.295000e+00; -2.469374e+05; 5.158197e-01
2.300000e+00; -2.459416e+05; 5.177997e-01
2.305000e+00; -2.449452e+05; 5.197773e-01
2.310000e+00; -2.439483e+05; 5.217523e-01
2.315000e+00; -2.429509e+05; 5.237244e-01
2.320000e+00; -2.419532e+05; 5.256933e-01
2.325000e+00; -2.409552e+05; 5.276589e-01
2.330000e+00; -2.399568e+05; 5.296208e-01
2.335000e+00; -2.389583e+05; 5.315786e-01
2.340000e+00; -2.379595e+05; 5.335320e-01
2.345000e+00; -2.369605e+05; 5.354807e-01
2.350000e+00; -2.359614e+05; 5.374243e-01
2.355000e+00; -2.349622e+05; 5.393625e-01
2.360000e+00; -2.339628e+05; 5.412947e-01
2.365000e+00; -2.329634e+05; 5.432207e-01
2.370000e+00; -2.319639e+05; 5.451399e-01
2.375000e+00; -2.309643e+05; 5.470519e-01
2.380000e+00; -2.299646e+05; 5.489563e-01
2.385000e+00; -2.289649e+05; 5.508525e-01
2.390000e+00; -2.279652e+05; 5.527402e-01
2.395000e+00; -2.269654e+05; 5.546188e-01
2.400000e+00; -2.259657e+05; 5.564878e-01
2.405000e+00; -2.249658e+05; 5.583467e-01
2.410000e+00; -2.239660e+05; 5.601950e-01
2.415000e+00; -2.229662e+05; 5.620322e-01
2.420000e+00; -2.219663e+05; 5.638579e-01
2.425000e+00; -2.209665e+05; 5.656714e-01
2.430000e+00; -2.199666e+05; 5.674723e-01
2.435000e+00; -2.189667e+05; 5.692602e-01
2.440000e+00; -2.179668e+05; 5.710345e-01
2.445000e+00; -2.169669e+05; 5.727948e-01
2.450000e+00; -2.159670e+05; 5.745406e-01
2.455000e+00; -2.149671e+05; 5.762714e-01
2.460000e+00; -2.139672e+05; 5.779870e-01
2.465000e+00; -2.129673e+05; 5.796869e-01
2.470000e+00; -2.119674e+05; 5.813706e-01
2.475000e+00; -2.109675e+05; 5.830380e-01
2.480000e+00; -2.099676e+05; 5.846886e-01
2.485000e+00; -2.089677e+05; 5.863222e-01
2.490000e+00; -2.079678e+05; 5.879385e-01
2.495000e+00; -2.069679e+05; 5.895373e-01
2.500000e+00; -2.059680e+05; 5.911185e-01
2.505000e+00; -2.049680e+05; 5.926818e-01
2.510000e+00; -2.039681e+05; 5.942272e-01
2.515000e+00; -2.029682e+05; 5.957545e-01
2.520000e+00; -2.019683e+05; 5.972638e-01
2.525000e+00; -2.009683e+05; 5.987550e-01
2.530000e+00; -1.999684e+05; 6.002282e-01
2.535000e+00; -1.989685e+05; 6.016835e-01
2.540000e+00; -1.979685e+05; 6.031208e-01
2.545000e+00; -1.969686e+05; 6.045405e-01
2.550000e+00; -1.959686e+05; 6.059425e-01
2.555000e+00; -1.949686e+05; 6.073273e-01
2.560000e+00; -1.939686e+05; 6.086950e-01
2.565000e+00; -1.929686e+05; 6.100458e-01
2.570000e+00; -1.919686e+05; 6.113801e-01
2.575000e+00; -1.909685e+05; 6.126982e-01
2.580000e+00; -1.899684e+05; 6.140005e-01
2.585000e+00; -1.889683e+05; 6.152873e-01
2.590000e+00; -1.879681e+05; 6.165590e-01
2.595000e+00; -1.869679e+05; 6.178160e-01
2.600000e+00; -1.859677e+05; 6.190589e-01
2.605000e+00; -1.849674e+05; 6.202879e-01
2.610000e+00; -1.839670e+05; 6.215036e-01
2.615000e+00; -1.829666e+05; 6.227065e-01
2.620000e+00; -1.819660e+05; 6.238970e-01
2.625000e+00; -1.809654e+05; 6.250756e-01
2.630000e+00; -1.799647e+05; 6.262428e-01
2.635000e+00; -1.789639e+05; 6.273991e-01
2.640000e+00; -1.779629e+05; 6.285450e-01
2.645000e+00; -1.769618e+05; 6.296809e-01
2.650000e+00; -1.759605e+05; 6.308073e-01
2.655000e+00; -1.749590e+05; 6.319248e-01
2.660000e+00; -1.739573e+05; 6.330337e-01
2.665000e+00; -1.729554e+05; 6.341346e-01
2.670000e+00; -1.719533e+05; 6.352278e-01
2.675000e+00; -1.709508e+05; 6.363139e-01
2.680000e+00; -1.699481e+05; 6.373932e-01
2.685000e+00; -1.689450e+05; 6.384661e-01
2.690000e+00; -1.679415e+05; 6.395331e-01
2.695000e+00; -1.669376e+05; 6.405946e-01
2.700000e+00; -1.659332e+05; 6.416509e-01
2.705000e+00; -1.649284e+05; 6.427023e-01
2.710000e+00; -1.639230e+05; 6.437492e-01
2.715000e+00; -1.629170e+05; 6.447919e-01
2.720000e+00; -1.619104e+05; 6.458308e-01
2.725000e+00; -1.609031e+05; 6.468661e-01
2.730000e+00; -1.598950e+05; 6.478981e-01
2.735000e+00; -1.588861e+05; 6.489270e-01
2.740000e+00; -1.578764e+05; 6.499532e-01
2.745000e+00; -1.568657e+05; 6.509767e-01
2.750000e+00; -1.558540e+05; 6.519979e-01
2.755000e+00; -1.548412e+05; 6.530170e-01
2.760000e+00; -1.538273e+05; 6.540341e-01
2.765000e+00; -1.528122e+05; 6.550494e-01
2.770000e+00; -1.517957e+05; 6.560630e-01
2.775000e+00; -1.507779e+05; 6.570752e-01
2.780000e+00; -1.497586e+05; 6.580861e-01
2.785000e+00; -1.487378e+05; 6.590957e-01
2.790000e+00; -1.477154e+05; 6.601042e-01
2.795000e+00; -1.466913e+05; 6.611117e-01
2.800000e+00; -1.456654e+05; 6.621184e-01
2.805000e+00; -1.446377e+05; 6.631242e-01
2.810000e+00; -1.436080e+05; 6.641294e-01
2.815000e+00; -1.425763e+05; 6.651339e-01
2.820000e+00; -1.415425e+05; 6.661378e-01
2.825000e+00; -1.405066e+05; 6.671412e-01
2.830000e+00; -1.394684e+05; 6.681442e-01
2.835000e+00; -1.384279e+05; 6.691467e-01
2.840000e+00; -1.373851e+05; 6.701489e-01
2.845000e+00; -1.363398e+05; 6.711508e-01
2.850000e+00; -1.352921e+05; 6.721524e-01
2.855000e+00; -1.342419e+05; 6.731538e-01
2.860000e+00; -1.331891e+05; 6.741549e-01
2.865000e+00; -1.321337e+05; 6.751559e-01
2.870000e+00; -1.310757e+05; 6.761566e-01
2.875000e+00; -1.300151e+05; 6.771573e-01
2.880000e+00; -1.289518e+05; 6.781578e-01
2.885000e+00; -1.278859e+05; 6.791582e-01
2.890000e+00; -1.268174e+05; 6.801585e-01
2.895000e+00; -1.257463e+05; 6.811587e-01
2.900000e+00; -1.246726e+05; 6.821588e-01
2.905000e+00; -1.235963e+05; 6.831589e-01
2.910000e+00; -1.225176e+05; 6.841589e-01
2.915000e+00; -1.214364e+05; 6.851589e-01
2.920000e+00; -1.203529e+05; 6.861588e-01
2.925000e+00; -1.192671e+05; 6.871587e-01
2.930000e+00; -1.181791e+05; 6.881586e-01
2.935000e+00; -1.170890e+05; 6.891584e-01
2.940000e+00; -1.159969e+05; 6.901582e-01
2.945000e+00; -1.149029e+05; 6.911580e-01
2.950000e+00; -1.138072e+05; 6.921578e-01
2.955000e+00; -1.127098e+05; 6.931575e-01
2.960000e+00; -1.116110e+05; 6.941573e-01
2.965000e+00; -1.105109e+05; 6.951570e-01
2.970000e+00; -1.094096e+05; 6.961567e-01
2.975000e+00; -1.083073e+05; 6.971564e-01
2.980000e+00; -1.072042e+05; 6.981561e-01
2.985000e+00; -1.061003e+05; 6.991558e-01
2.990000e+00; -1.049960e+05; 7.001554e-01
2.995000e+00; -1.038913e+05; 7.011551e-01
3.000000e+00; -1.027864e+05; 7.021547e-01
3.005000e+00; -1.016816e+05; 7.031544e-01
3.010000e+00; -1.005769e+05; 7.041540e-01
3.015000e+00; -9.947265e+04; 7.051536e-01
3.020000e+00; -9.836890e+04; 7.061532e-01
3.025000e+00; -9.726585e+04; 7.071527e-01
3.030000e+00; -9.616366e+04; 7.081522e-01
3.035000e+00; -9.506250e+04; 7.091517e-01
3.040000e+00; -9.396253e+04; 7.101512e-01
3.045000e+00; -9.286388e+04; 7.111506e-01
3.050000e+00; -9.176671e+04; 7.121500e-01
3.055000e+00; -9.067115e+04; 7.131493e-01
3.060000e+00; -8.957733e+04; 7.141486e-01
3.065000e+00; -8.848536e+04; 7.151478e-01
3.070000e+00; -8.739536e+04; 7.161470e-01
3.075000e+00; -8.630743e+04; 7.171460e-01
3.080000e+00; -8.522167e+04; 7.181450e-01
3.085000e+00; -8.413814e+04; 7.191438e-01
3.090000e+00; -8.305694e+04; 7.201426e-01
3.095000e+00; -8.197812e+04; 7.211412e-01
3.100000e+00; -8.090173e+04; 7.221396e-01
3.105000e+00; -7.982783e+04; 7.231379e-01
3.110000e+00; -7.875645e+04; 7.241359e-01
3.115000e+00; -7.768761e+04; 7.251338e-01
3.120000e+00; -7.662132e+04; 7.261314e-01
3.125000e+00; -7.555761e+04; 7.271287e-01
3.130000e+00; -7.449646e+04; 7.281258e-01
3.135000e+00; -7.343788e+04; 7.291224e-01
3.140000e+00; -7.238183e+04; 7.301188e-01
3.145000e+00; -7.132830e+04; 7.311146e-01
3.150000e+00; -7.027726e+04; 7.321100e-01
3.155000e+00; -6.922866e+04; 7.331049e-01
3.160000e+00; -6.818248e+04; 7.340993e-01
3.165000e+00; -6.713865e+04; 7.350929e-01
3.170000e+00; -6.609712e+04; 7.360859e-01
3.175000e+00; -6.505785e+04; 7.370781e-01
3.180000e+00; -6.402075e+04; 7.380695e-01
3.185000e+00; -6.298578e+04; 7.390599e-01
3.190000e+00; -6.195285e+04; 7.400493e-01
3.195000e+00; -6.092191e+04; 7.410376e-01
3.200000e+00; -5.989288e+04; 7.420247e-01
3.205000e+00; -5.886568e+04; 7.430104e-01
3.210000e+00; -5.784024e+04; 7.439947e-01
3.215000e+00; -5.681649e+04; 7.449774e-01
3.220000e+00; -5.579434e+04; 7.459584e-01
3.225000e+00; -5.477373e+04; 7.469375e-01
3.230000e+00; -5.375458e+04; 7.479147e-01
3.235000e+00; -5.273682e+04; 7.488896e-01
3.240000e+00; -5.172036e+04; 7.498623e-01
3.245000e+00; -5.070515e+04; 7.508324e-01
3.250000e+00; -4.969111e+04; 7.517998e-01
3.255000e+00; -4.867817e+04; 7.527642e-01
3.260000e+00; -4.766627e+04; 7.537256e-01
3.265000e+00; -4.665534e+04; 7.546836e-01
3.270000e+00; -4.564532e+04; 7.556380e-01
3.275000e+00; -4.463615e+04; 7.565887e-01
3.280000e+00; -4.362778e+04; 7.575352e-01
3.285000e+00; -4.262015e+04; 7.584775e-01
3.290000e+00; -4.161320e+04; 7.594151e-01
3.295000e+00; -4.060689e+04; 7.603479e-01
3.300000e+00; -3.960117e+04; 7.612755e-01
3.305000e+00; -3.859600e+04; 7.621976e-01
3.310000e+00; -3.759133e+04; 7.631140e-01
3.315000e+00; -3.658713e+04; 7.640243e-01
3.320000e+00; -3.558335e+04; 7.649282e-01
3.325000e+00; -3.457996e+04; 7.658254e-01
3.330000e+00; -3.357693e+04; 7.667155e-01
3.335000e+00; -3.257424e+04; 7.675982e-01
3.340000e+00; -3.157184e+04; 7.684732e-01
3.345000e+00; -3.056971e+04; 7.693400e-01
3.350000e+00; -2.956784e+04; 7.701985e-01
3.355000e+00; -2.856619e+04; 7.710481e-01
3.360000e+00; -2.756475e+04; 7.718886e-01
3.365000e+00; -2.656349e+04; 7.727196e-01
3.370000e+00; -2.556240e+04; 7.735408e-01
3.375000e+00; -2.456147e+04; 7.743517e-01
3.380000e+00; -2.356067e+04; 7.751521e-01
3.385000e+00; -2.256000e+04; 7.759417e-01
3.390000e+00; -2.155943e+04; 7.767200e-01
3.395000e+00; -2.055897e+04; 7.774867e-01
3.400000e+00; -1.955860e+04; 7.782416e-01
3.405000e+00; -1.855831e+04; 7.789843e-01
3.410000e+00; -1.755810e+04; 7.797145e-01
3.415000e+00; -1.655795e+04; 7.804319e-01
3.420000e+00; -1.555786e+04; 7.811362e-01
3.425000e+00; -1.455782e+04; 7.818273e-01
3.430000e+00; -1.355784e+04; 7.825047e-01
3.435000e+00; -1.255789e+04; 7.831684e-01
3.440000e+00; -1.155799e+04; 7.838180e-01
3.445000e+00; -1.055813e+04; 7.844534e-01
3.450000e+00; -9.558303e+03; 7.850744e-01
3.455000e+00; -8.558510e+03; 7.856808e-01
3.460000e+00; -7.558749e+03; 7.862725e-01
3.465000e+00; -6.559019e+03; 7.868493e-01
3.470000e+00; -5.559321e+03; 7.874112e-01
3.475000e+00; -4.559655e+03; 7.879581e-01
3.480000e+00; -3.560021e+03; 7.884899e-01
3.485000e+00; -2.560421e+03; 7.890065e-01
3.490000e+00; -1.560857e+03; 7.895080e-01
3.495000e+00; -5.613310e+02; 7.899944e-01
3.500000e+00; 4.381529e+02; 7.904657e-01
3.505000e+00; 1.437591e+03; 7.909219e-01
3.510000e+00; 2.436978e+03; 7.913631e-01
3.515000e+00; 3.436310e+03; 7.917894e-01
3.520000e+00; 4.435579e+03; 7.922009e-01
3.525000e+00; 5.434777e+03; 7.925977e-01
3.530000e+00; 6.433898e+03; 7.929800e-01
3.535000e+00; 7.432929e+03; 7.933480e-01
3.540000e+00; 8.431862e+03; 7.937018e-01
3.545000e+00; 9.430684e+03; 7.940417e-01
3.550000e+00; 1.042938e+04; 7.943678e-01
3.555000e+00; 1.142793e+04; 7.946804e-01
3.560000e+00; 1.242633e+04; 7.949798e-01
3.565000e+00; 1.342455e+04; 7.952663e-01
3.570000e+00; 1.442257e+04; 7.955400e-01
3.575000e+00; 1.542037e+04; 7.958013e-01
3.580000e+00; 1.641791e+04; 7.960506e-01
3.585000e+00; 1.741518e+04; 7.962880e-01
3.590000e+00; 1.841214e+04; 7.965140e-01
3.595000e+00; 1.940875e+04; 7.967288e-01
3.600000e+00; 2.040497e+04; 7.969327e-01
3.605000e+00; 2.140076e+04; 7.971262e-01
3.610000e+00; 2.239608e+04; 7.973096e-01
3.615000e+00; 2.339086e+04; 7.974831e-01
3.620000e+00; 2.438506e+04; 7.976472e-01
3.625000e+00; 2.537861e+04; 7.978022e-01
3.630000e+00; 2.637144e+04; 7.979484e-01
3.635000e+00; 2.736348e+04; 7.980862e-01
3.640000e+00; 2.835465e+04; 7.982159e-01
3.645000e+00; 2.934486e+04; 7.983378e-01
3.650000e+00; 3.033401e+04; 7.984524e-01
3.655000e+00; 3.132201e+04; 7.985598e-01
3.660000e+00; 3.230874e+04; 7.986605e-01
3.665000e+00; 3.329409e+04; 7.987547e-01
3.670000e+00; 3.427792e+04; 7.988428e-01
3.675000e+00; 3.526010e+04; 7.989251e-01
3.680000e+00; 3.624048e+04; 7.990019e-01
3.685000e+00; 3.721890e+04; 7.990734e-01
3.690000e+00; 3.819518e+04; 7.991399e-01
3.695000e+00; 3.916916e+04; 7.992018e-01
3.700000e+00; 4.014062e+04; 7.992592e-01
3.705000e+00; 4.110938e+04; 7.993125e-01
3.710000e+00; 4.207520e+04; 7.993619e-01
3.715000e+00; 4.303786e+04; 7.994075e-01
3.720000e+00; 4.399710e+04; 7.994497e-01
3.725000e+00; 4.495267e+04; 7.994886e-01
3.730000e+00; 4.590429e+04; 7.995246e-01
3.735000e+00; 4.685167e+04; 7.995576e-01
3.740000e+00; 4.779450e+04; 7.995880e-01
3.745000e+00; 4.873246e+04; 7.996160e-01
3.750000e+00; 4.966521e+04; 7.996416e-01
3.755000e+00; 5.059239e+04; 7.996651e-01
3.760000e+00; 5.151365e+04; 7.996866e-01
3.765000e+00; 5.242858e+04; 7.997063e-01
3.770000e+00; 5.333679e+04; 7.997242e-01
3.775000e+00; 5.423786e+04; 7.997406e-01
3.780000e+00; 5.513136e+04; 7.997555e-01
3.785000e+00; 5.601682e+04; 7.997691e-01
3.790000e+00; 5.689380e+04; 7.997814e-01
3.795000e+00; 5.776180e+04; 7.997926e-01
3.800000e+00; 5.862032e+04; 7.998027e-01
3.805000e+00; 5.946887e+04; 7.998119e-01
3.810000e+00; 6.030690e+04; 7.998202e-01
3.815000e+00; 6.113390e+04; 7.998277e-01
3.820000e+00; 6.194930e+04; 7.998345e-01
3.825000e+00; 6.275254e+04; 7.998406e-01
3.830000e+00; 6.354306e+04; 7.998461e-01
3.835000e+00; 6.432027e+04; 7.998510e-01
3.840000e+00; 6.508358e+04; 7.998554e-01
3.845000e+00; 6.583240e+04; 7.998594e-01
3.850000e+00; 6.656612e+04; 7.998629e-01
3.855000e+00; 6.728414e+04; 7.998661e-01
3.860000e+00; 6.798585e+04; 7.998689e-01
3.865000e+00; 6.867063e+04; 7.998715e-01
3.870000e+00; 6.933787e+04; 7.998737e-01
3.875000e+00; 6.998696e+04; 7.998757e-01
3.880000e+00; 7.061730e+04; 7.998775e-01
3.885000e+00; 7.122827e+04; 7.998791e-01
3.890000e+00; 7.181929e+04; 7.998805e-01
3.895000e+00; 7.238976e+04; 7.998817e-01
3.900000e+00; 7.293911e+04; 7.998828e-01
3.905000e+00; 7.346677e+04; 7.998837e-01
3.910000e+00; 7.397218e+04; 7.998846e-01
3.915000e+00; 7.445481e+04; 7.998854e-01
3.920000e+00; 7.491412e+04; 7.998860e-01
3.925000e+00; 7.534963e+04; 7.998866e-01
3.930000e+00; 7.576084e+04; 7.998871e-01
3.935000e+00; 7.614730e+04; 7.998876e-01
3.940000e+00; 7.650856e+04; 7.998880e-01
3.945000e+00; 7.684421e+04; 7.998884e-01
3.950000e+00; 7.715387e+04; 7.998887e-01
3.955000e+00; 7.743717e+04; 7.998890e-01
3.960000e+00; 7.769378e+04; 7.998893e-01
3.965000e+00; 7.792341e+04; 7.998895e-01
3.970000e+00; 7.812577e+04; 7.998898e-01
3.975000e+00; 7.830065e+04; 7.998900e-01
3.980000e+00; 7.844782e+04; 7.998902e-01
3.985000e+00; 7.856712e+04; 7.998904e-01
3.990000e+00; 7.865841e+04; 7.998906e-01
3.995000e+00; 7.872159e+04; 7.998909e-01
4.000000e+00; 7.875659e+04; 7.998911e-01
4.005000e+00; 7.876337e+04; 7.998913e-01
4.010000e+00; 7.874195e+04; 7.998916e-01
4.015000e+00; 7.869236e+04; 7.998919e-01
4.020000e+00; 7.861467e+04; 7.998922e-01
4.025000e+00; 7.850899e+04; 7.998926e-01
4.030000e+00; 7.837546e+04; 7.998930e-01
4.035000e+00; 7.821426e+04; 7.998934e-01
4.040000e+00; 7.802560e+04; 7.998939e-01
4.045000e+00; 7.780972e+04; 7.998945e-01
4.050000e+00; 7.756689e+04; 7.998951e-01
4.055000e+00; 7.729741e+04; 7.998958e-01
4.060000e+00; 7.700161e+04; 7.998966e-01
4.065000e+00; 7.667986e+04; 7.998975e-01
4.070000e+00; 7.633255e+04; 7.998985e-01
4.075000e+00; 7.596007e+04; 7.998996e-01
4.080000e+00; 7.556287e+04; 7.999008e-01
4.085000e+00; 7.514141e+04; 7.999022e-01
4.090000e+00; 7.469616e+04; 7.999038e-01
4.095000e+00; 7.422762e+04; 7.999055e-01
4.100000e+00; 7.373631e+04; 7.999075e-01
4.105000e+00; 7.322276e+04; 7.999096e-01
4.110000e+00; 7.268751e+04; 7.999120e-01
4.115000e+00; 7.213111e+04; 7.999147e-01
4.120000e+00; 7.155415e+04; 7.999177e-01
4.125000e+00; 7.095719e+04; 7.999211e-01
4.130000e+00; 7.034081e+04; 7.999247e-01
4.135000e+00; 6.970562e+04; 7.999288e-01
4.140000e+00; 6.905220e+04; 7.999334e-01
4.145000e+00; 6.838116e+04; 7.999384e-01
4.150000e+00; 6.769308e+04; 7.999439e-01
4.155000e+00; 6.698857e+04; 7.999500e-01
4.160000e+00; 6.626822e+04; 7.999567e-01
4.165000e+00; 6.553262e+04; 7.999641e-01
4.170000e+00; 6.478237e+04; 7.999722e-01
4.175000e+00; 6.401805e+04; 7.999812e-01
4.180000e+00; 6.324022e+04; 7.999910e-01
4.185000e+00; 6.244946e+04; 8.000017e-01
4.190000e+00; 6.164633e+04; 8.000135e-01
4.195000e+00; 6.083138e+04; 8.000263e-01
4.200000e+00; 6.000514e+04; 8.000404e-01
4.205000e+00; 5.916813e+04; 8.000557e-01
4.210000e+00; 5.832088e+04; 8.000724e-01
4.215000e+00; 5.746388e+04; 8.000906e-01
4.220000e+00; 5.659762e+04; 8.001104e-01
4.225000e+00; 5.572258e+04; 8.001319e-01
4.230000e+00; 5.483920e+04; 8.001553e-01
4.235000e+00; 5.394795e+04; 8.001806e-01
4.240000e+00; 5.304924e+04; 8.002080e-01
4.245000e+00; 5.214350e+04; 8.002376e-01
4.250000e+00; 5.123111e+04; 8.002697e-01
4.255000e+00; 5.031247e+04; 8.003042e-01
4.260000e+00; 4.938795e+04; 8.003415e-01
4.265000e+00; 4.845789e+04; 8.003817e-01
4.270000e+00; 4.752263e+04; 8.004249e-01
4.275000e+00; 4.658251e+04; 8.004714e-01
4.280000e+00; 4.563782e+04; 8.005213e-01
4.285000e+00; 4.468887e+04; 8.005748e-01
4.290000e+00; 4.373593e+04; 8.006322e-01
4.295000e+00; 4.277926e+04; 8.006936e-01
4.300000e+00; 4.181913e+04; 8.007592e-01
4.305000e+00; 4.085576e+04; 8.008294e-01
4.310000e+00; 3.988939e+04; 8.009042e-01
4.315000e+00; 3.892022e+04; 8.009841e-01
4.320000e+00; 3.794847e+04; 8.010691e-01
4.325000e+00; 3.697431e+04; 8.011595e-01
4.330000e+00; 3.599793e+04; 8.012556e-01
4.335000e+00; 3.501949e+04; 8.013577e-01
4.340000e+00; 3.403916e+04; 8.014660e-01
4.345000e+00; 3.305707e+04; 8.015808e-01
4.350000e+00; 3.207337e+04; 8.017023e-01
4.355000e+00; 3.108818e+04; 8.018308e-01
4.360000e+00; 3.010163e+04; 8.019666e-01
4.365000e+00; 2.911382e+04; 8.021100e-01
4.370000e+00; 2.812486e+04; 8.022611e-01
4.375000e+00; 2.713484e+04; 8.024204e-01
4.380000e+00; 2.614386e+04; 8.025881e-01
4.385000e+00; 2.515199e+04; 8.027645e-01
4.390000e+00; 2.415932e+04; 8.029497e-01
4.395000e+00; 2.316591e+04; 8.031442e-01
4.400000e+00; 2.217182e+04; 8.033482e-01
4.405000e+00; 2.117712e+04; 8.035618e-01
4.410000e+00; 2.018187e+04; 8.037855e-01
4.415000e+00; 1.918611e+04; 8.040195e-01
4.420000e+00; 1.818988e+04; 8.042640e-01
4.425000e+00; 1.719324e+04; 8.045192e-01
4.430000e+00; 1.619621e+04; 8.047854e-01
4.435000e+00; 1.519884e+04; 8.050628e-01
4.440000e+00; 1.420115e+04; 8.053517e-01
4.445000e+00; 1.320318e+04; 8.056522e-01
4.450000e+00; 1.220494e+04; 8.059645e-01
4.455000e+00; 1.120647e+04; 8.062890e-01
4.460000e+00; 1.020778e+04; 8.066256e-01
4.465000e+00; 9.208890e+03; 8.069747e-01
4.470000e+00; 8.209818e+03; 8.073363e-01
4.475000e+00; 7.210576e+03; 8.077106e-01
4.480000e+00; 6.211179e+03; 8.080978e-01
4.485000e+00; 5.211635e+03; 8.084979e-01
4.490000e+00; 4.211955e+03; 8.089110e-01
4.495000e+00; 3.212146e+03; 8.093374e-01
4.500000e+00; 2.212213e+03; 8.097769e-01
4.505000e+00; 1.212161e+03; 8.102298e-01
4.510000e+00; 2.119936e+02; 8.106959e-01
4.515000e+00; -7.882871e+02; 8.111755e-01
4.520000e+00; -1.788680e+03; 8.116684e-01
4.525000e+00; -2.789186e+03; 8.121748e-01
4.530000e+00; -3.789807e+03; 8.126945e-01
4.535000e+00; -4.790544e+03; 8.132275e-01
4.540000e+00; -5.791401e+03; 8.137739e-01
4.545000e+00; -6.792383e+03; 8.143335e-01
4.550000e+00; -7.793495e+03; 8.149063e-01
4.555000e+00; -8.794744e+03; 8.154922e-01
4.560000e+00; -9.796138e+03; 8.160911e-01
4.565000e+00; -1.079768e+04; 8.167028e-01
4.570000e+00; -1.179939e+04; 8.173273e-01
4.575000e+00; -1.280127e+04; 8.179645e-01
4.580000e+00; -1.380334e+04; 8.186141e-01
4.585000e+00; -1.480560e+04; 8.192759e-01
4.590000e+00; -1.580808e+04; 8.199500e-01
4.595000e+00; -1.681077e+04; 8.206359e-01
4.600000e+00; -1.781371e+04; 8.213336e-01
4.605000e+00; -1.881691e+04; 8.220428e-01
4.610000e+00; -1.982038e+04; 8.227633e-01
4.615000e+00; -2.082414e+04; 8.234950e-01
4.620000e+00; -2.182822e+04; 8.242375e-01
4.625000e+00; -2.283263e+04; 8.249906e-01
4.630000e+00; -2.383740e+04; 8.257541e-01
4.635000e+00; -2.484254e+04; 8.265277e-01
4.640000e+00; -2.584809e+04; 8.273113e-01
4.645000e+00; -2.685406e+04; 8.281044e-01
4.650000e+00; -2.786049e+04; 8.289070e-01
4.655000e+00; -2.886740e+04; 8.297186e-01
4.660000e+00; -2.987482e+04; 8.305390e-01
4.665000e+00; -3.088278e+04; 8.313680e-01
4.670000e+00; -3.189130e+04; 8.322054e-01
4.675000e+00; -3.290043e+04; 8.330507e-01
4.680000e+00; -3.391018e+04; 8.339038e-01
4.685000e+00; -3.492060e+04; 8.347644e-01
4.690000e+00; -3.593172e+04; 8.356322e-01
4.695000e+00; -3.694356e+04; 8.365070e-01
4.700000e+00; -3.795618e+04; 8.373884e-01
4.705000e+00; -3.896959e+04; 8.382763e-01
4.710000e+00; -3.998385e+04; 8.391704e-01
4.715000e+00; -4.099898e+04; 8.400704e-01
4.720000e+00; -4.201502e+04; 8.409761e-01
4.725000e+00; -4.303201e+04; 8.418872e-01
4.730000e+00; -4.404999e+04; 8.428036e-01
4.735000e+00; -4.506899e+04; 8.437248e-01
4.740000e+00; -4.608905e+04; 8.446509e-01
4.745000e+00; -4.711020e+04; 8.455814e-01
4.750000e+00; -4.813250e+04; 8.465163e-01
4.755000e+00; -4.915596e+04; 8.474552e-01
4.760000e+00; -5.018063e+04; 8.483980e-01
4.765000e+00; -5.120654e+04; 8.493445e-01
4.770000e+00; -5.223372e+04; 8.502945e-01
4.775000e+00; -5.326222e+04; 8.512478e-01
4.780000e+00; -5.429205e+04; 8.522042e-01
4.785000e+00; -5.532326e+04; 8.531636e-01
4.790000e+00; -5.635586e+04; 8.541258e-01
4.795000e+00; -5.738989e+04; 8.550906e-01
4.800000e+00; -5.842537e+04; 8.560579e-01
4.805000e+00; -5.946233e+04; 8.570276e-01
4.810000e+00; -6.050078e+04; 8.579994e-01
4.815000e+00; -6.154075e+04; 8.589733e-01
4.820000e+00; -6.258225e+04; 8.599491e-01
4.825000e+00; -6.362530e+04; 8.609268e-01
4.830000e+00; -6.466991e+04; 8.619061e-01
4.835000e+00; -6.571608e+04; 8.628871e-01
4.840000e+00; -6.676383e+04; 8.638695e-01
4.845000e+00; -6.781315e+04; 8.648533e-01
4.850000e+00; -6.886404e+04; 8.658384e-01
4.855000e+00; -6.991650e+04; 8.668246e-01
4.860000e+00; -7.097053e+04; 8.678121e-01
4.865000e+00; -7.202611e+04; 8.688005e-01
4.870000e+00; -7.308322e+04; 8.697900e-01
4.875000e+00; -7.414186e+04; 8.707803e-01
4.880000e+00; -7.520199e+04; 8.717715e-01
4.885000e+00; -7.626359e+04; 8.727634e-01
4.890000e+00; -7.732665e+04; 8.737561e-01
4.895000e+00; -7.839111e+04; 8.747494e-01
4.900000e+00; -7.945695e+04; 8.757433e-01
4.905000e+00; -8.052413e+04; 8.767379e-01
4.910000e+00; -8.159260e+04; 8.777329e-01
4.915000e+00; -8.266232e+04; 8.787285e-01
4.920000e+00; -8.373325e+04; 8.797245e-01
4.925000e+00; -8.480531e+04; 8.807209e-01
4.930000e+00; -8.587847e+04; 8.817177e-01
4.935000e+00; -8.695266e+04; 8.827149e-01
4.940000e+00; -8.802782e+04; 8.837124e-01
4.945000e+00; -8.910388e+04; 8.847103e-01
4.950000e+00; -9.018078e+04; 8.857084e-01
4.955000e+00; -9.125845e+04; 8.867069e-01
4.960000e+00; -9.233682e+04; 8.877056e-01
4.965000e+00; -9.341581e+04; 8.887045e-01
4.970000e+00; -9.449535e+04; 8.897038e-01
4.975000e+00; -9.557536e+04; 8.907032e-01
4.980000e+00; -9.665576e+04; 8.917029e-01
4.985000e+00; -9.773647e+04; 8.927028e-01
4.990000e+00; -9.881742e+04; 8.937029e-01
4.995000e+00; -9.989852e+04; 8.947033e-01
5.000000e+00; -1.009797e+05; 8.957038e-01
5.005000e+00; -1.020609e+05; 8.967046e-01
5.010000e+00; -1.021997e+05; 8.977057e-01
5.015000e+00; -1.022405e+05; 8.987069e-01
5.020000e+00; -1.023084e+05; 8.997085e-01
5.025000e+00; -1.023869e+05; 9.007102e-01
5.030000e+00; -1.024661e+05; 9.017123e-01
5.035000e+00; -1.025449e+05; 9.027146e-01
5.040000e+00; -1.026236e+05; 9.037173e-01
5.045000e+00; -1.027019e+05; 9.047202e-01
5.050000e+00; -1.027795e+05; 9.057235e-01
5.055000e+00; -1.028564e+05; 9.067272e-01
5.060000e+00; -1.029325e+05; 9.077313e-01
5.065000e+00; -1.030077e+05; 9.087357e-01
5.070000e+00; -1.030819e+05; 9.097407e-01
5.075000e+00; -1.031551e+05; 9.107461e-01
5.080000e+00; -1.032271e+05; 9.117521e-01
5.085000e+00; -1.032981e+05; 9.127586e-01
5.090000e+00; -1.033678e+05; 9.137657e-01
5.095000e+00; -1.034363e+05; 9.147734e-01
5.100000e+00; -1.035035e+05; 9.157819e-01
5.105000e+00; -1.035694e+05; 9.167910e-01
5.110000e+00; -1.036339e+05; 9.178010e-01
5.115000e+00; -1.036970e+05; 9.188119e-01
5.120000e+00; -1.037587e+05; 9.198237e-01
5.125000e+00; -1.038189e+05; 9.208364e-01
5.130000e+00; -1.038777e+05; 9.218502e-01
5.135000e+00; -1.039349e+05; 9.228652e-01
5.140000e+00; -1.039907e+05; 9.238813e-01
5.145000e+00; -1.040449e+05; 9.248987e-01
5.150000e+00; -1.040976e+05; 9.259175e-01
5.155000e+00; -1.041487e+05; 9.269378e-01
5.160000e+00; -1.041983e+05; 9.279596e-01
5.165000e+00; -1.042463e+05; 9.289831e-01
5.170000e+00; -1.042928e+05; 9.300083e-01
5.175000e+00; -1.043378e+05; 9.310354e-01
5.180000e+00; -1.043812e+05; 9.320645e-01
5.185000e+00; -1.044231e+05; 9.330956e-01
5.190000e+00; -1.044635e+05; 9.341290e-01
5.195000e+00; -1.045025e+05; 9.351648e-01
5.200000e+00; -1.045399e+05; 9.362030e-01
5.205000e+00; -1.045759e+05; 9.372439e-01
5.210000e+00; -1.046105e+05; 9.382875e-01
5.215000e+00; -1.046437e+05; 9.393340e-01
5.220000e+00; -1.046754e+05; 9.403836e-01
5.225000e+00; -1.047059e+05; 9.414364e-01
5.230000e+00; -1.047350e+05; 9.424927e-01
5.235000e+00; -1.047628e+05; 9.435524e-01
5.240000e+00; -1.047894e+05; 9.446159e-01
5.245000e+00; -1.048148e+05; 9.456833e-01
5.250000e+00; -1.048389e+05; 9.467548e-01
5.255000e+00; -1.048619e+05; 9.478306e-01
5.260000e+00; -1.048838e+05; 9.489109e-01
5.265000e+00; -1.049045e+05; 9.499958e-01
5.270000e+00; -1.049242e+05; 9.510856e-01
5.275000e+00; -1.049429e+05; 9.521804e-01
5.280000e+00; -1.049606e+05; 9.532805e-01
5.285000e+00; -1.049774e+05; 9.543861e-01
5.290000e+00; -1.049932e+05; 9.554974e-01
5.295000e+00; -1.050082e+05; 9.566146e-01
5.300000e+00; -1.050223e+05; 9.577379e-01
5.305000e+00; -1.050355e+05; 9.588676e-01
5.310000e+00; -1.050480e+05; 9.600038e-01
5.315000e+00; -1.050598e+05; 9.611468e-01
5.320000e+00; -1.050708e+05; 9.622968e-01
5.325000e+00; -1.050812e+05; 9.634540e-01
5.330000e+00; -1.050909e+05; 9.646186e-01
5.335000e+00; -1.051000e+05; 9.657909e-01
5.340000e+00; -1.051084e+05; 9.669710e-01
5.345000e+00; -1.051163e+05; 9.681591e-01
5.350000e+00; -1.051237e+05; 9.693555e-01
5.355000e+00; -1.051306e+05; 9.705601e-01
5.360000e+00; -1.051369e+05; 9.717733e-01
5.365000e+00; -1.051428e+05; 9.729949e-01
5.370000e+00; -1.051482e+05; 9.742252e-01
5.375000e+00; -1.051533e+05; 9.754641e-01
5.380000e+00; -1.051579e+05; 9.767114e-01
5.385000e+00; -1.051621e+05; 9.779670e-01
5.390000e+00; -1.051660e+05; 9.792307e-01
5.395000e+00; -1.051695e+05; 9.805020e-01
5.400000e+00; -1.051727e+05; 9.817804e-01
5.405000e+00; -1.051755e+05; 9.830651e-01
5.410000e+00; -1.051781e+05; 9.843554e-01
5.415000e+00; -1.051803e+05; 9.856502e-01
5.420000e+00; -1.051823e+05; 9.869482e-01
5.425000e+00; -1.051840e+05; 9.882481e-01
5.430000e+00; -1.051854e+05; 9.895480e-01
5.435000e+00; -1.051865e+05; 9.908463e-01
5.440000e+00; -1.051874e+05; 9.921409e-01
5.445000e+00; -1.051880e+05; 9.934296e-01
5.450000e+00; -1.051884e+05; 9.947102e-01
5.455000e+00; -1.051885e+05; 9.959802e-01
5.460000e+00; -1.051883e+05; 9.972372e-01
5.465000e+00; -1.051879e+05; 9.984790e-01
5.470000e+00; -1.051872e+05; 9.997030e-01
5.475000e+00; -1.051862e+05; 1.000907e+00
5.480000e+00; -1.051850e+05; 1.002089e+00
5.485000e+00; -1.051834e+05; 1.003248e+00
5.490000e+00; -1.051815e+05; 1.004381e+00
5.495000e+00; -1.051793e+05; 1.005488e+00
5.500000e+00; -1.051767e+05; 1.006568e+00
5.505000e+00; -1.051738e+05; 1.007620e+00
5.510000e+00; -1.051705e+05; 1.008645e+00
5.515000e+00; -1.051668e+05; 1.009642e+00
5.520000e+00; -1.051626e+05; 1.010612e+00
5.525000e+00; -1.051579e+05; 1.011556e+00
5.530000e+00; -1.051528e+05; 1.012477e+00
5.535000e+00; -1.051471e+05; 1.013374e+00
5.540000e+00; -1.051408e+05; 1.014250e+00
5.545000e+00; -1.051338e+05; 1.015107e+00
5.550000e+00; -1.051262e+05; 1.015948e+00
5.555000e+00; -1.051179e+05; 1.016773e+00
5.560000e+00; -1.051088e+05; 1.017586e+00
5.565000e+00; -1.050989e+05; 1.018389e+00
5.570000e+00; -1.050880e+05; 1.019183e+00
5.575000e+00; -1.050762e+05; 1.019971e+00
5.580000e+00; -1.050634e+05; 1.020755e+00
5.585000e+00; -1.050494e+05; 1.021535e+00
5.590000e+00; -1.050343e+05; 1.022315e+00
5.595000e+00; -1.050178e+05; 1.023095e+00
5.600000e+00; -1.050000e+05; 1.023877e+00
5.605000e+00; -1.049807e+05; 1.024662e+00
5.610000e+00; -1.049598e+05; 1.025450e+00
5.615000e+00; -1.049372e+05; 1.026242e+00
5.620000e+00; -1.049129e+05; 1.027040e+00
5.625000e+00; -1.048866e+05; 1.027843e+00
5.630000e+00; -1.048582e+05; 1.028652e+00
5.635000e+00; -1.048277e+05; 1.029467e+00
5.640000e+00; -1.047948e+05; 1.030288e+00
5.645000e+00; -1.047594e+05; 1.031117e+00
5.650000e+00; -1.047214e+05; 1.031952e+00
5.655000e+00; -1.046806e+05; 1.032793e+00
5.660000e+00; -1.046369e+05; 1.033641e+00
5.665000e+00; -1.045899e+05; 1.034496e+00
5.670000e+00; -1.045396e+05; 1.035357e+00
5.675000e+00; -1.044858e+05; 1.036224e+00
5.680000e+00; -1.044282e+05; 1.037098e+00
5.685000e+00; -1.043666e+05; 1.037977e+00
5.690000e+00; -1.043009e+05; 1.038862e+00
5.695000e+00; -1.042307e+05; 1.039753e+00
5.700000e+00; -1.041559e+05; 1.040649e+00
5.705000e+00; -1.040762e+05; 1.041551e+00
5.710000e+00; -1.039913e+05; 1.042457e+00
5.715000e+00; -1.039009e+05; 1.043369e+00
5.720000e+00; -1.038049e+05; 1.044285e+00
5.725000e+00; -1.037028e+05; 1.045206e+00
5.730000e+00; -1.035945e+05; 1.046131e+00
5.735000e+00; -1.034796e+05; 1.047060e+00
5.740000e+00; -1.033578e+05; 1.047993e+00
5.745000e+00; -1.032287e+05; 1.048929e+00
5.750000e+00; -1.030922e+05; 1.049870e+00
5.755000e+00; -1.029477e+05; 1.050814e+00
5.760000e+00; -1.027951e+05; 1.051761e+00
5.765000e+00; -1.026338e+05; 1.052711e+00
5.770000e+00; -1.024637e+05; 1.053664e+00
5.775000e+00; -1.022843e+05; 1.054620e+00
5.780000e+00; -1.020952e+05; 1.055579e+00
5.785000e+00; -1.018961e+05; 1.056541e+00
5.790000e+00; -1.016865e+05; 1.057504e+00
5.795000e+00; -1.014662e+05; 1.058470e+00
5.800000e+00; -1.012347e+05; 1.059439e+00
5.805000e+00; -1.009916e+05; 1.060409e+00
5.810000e+00; -1.007366e+05; 1.061381e+00
5.815000e+00; -1.004691e+05; 1.062355e+00
5.820000e+00; -1.001889e+05; 1.063331e+00
5.825000e+00; -9.989544e+04; 1.064308e+00
5.830000e+00; -9.958842e+04; 1.065287e+00
5.835000e+00; -9.926739e+04; 1.066268e+00
5.840000e+00; -9.893196e+04; 1.067249e+00
5.845000e+00; -9.858170e+04; 1.068233e+00
5.850000e+00; -9.821623e+04; 1.069217e+00
5.855000e+00; -9.783512e+04; 1.070202e+00
5.860000e+00; -9.743800e+04; 1.071188e+00
5.865000e+00; -9.702445e+04; 1.072176e+00
5.870000e+00; -9.659410e+04; 1.073164e+00
5.875000e+00; -9.614655e+04; 1.074153e+00
5.880000e+00; -9.568142e+04; 1.075143e+00
5.885000e+00; -9.519835e+04; 1.076134e+00
5.890000e+00; -9.469697e+04; 1.077125e+00
5.895000e+00; -9.417691e+04; 1.078117e+00
5.900000e+00; -9.363785e+04; 1.079110e+00
5.905000e+00; -9.307943e+04; 1.080103e+00
5.910000e+00; -9.250133e+04; 1.081097e+00
5.915000e+00; -9.190324e+04; 1.082091e+00
5.920000e+00; -9.128485e+04; 1.083085e+00
5.925000e+00; -9.064588e+04; 1.084080e+00
5.930000e+00; -8.998605e+04; 1.085075e+00
5.935000e+00; -8.930509e+04; 1.086071e+00
5.940000e+00; -8.860276e+04; 1.087067e+00
5.945000e+00; -8.787882e+04; 1.088063e+00
5.950000e+00; -8.713307e+04; 1.089059e+00
5.955000e+00; -8.636530e+04; 1.090056e+00
5.960000e+00; -8.557532e+04; 1.091052e+00
5.965000e+00; -8.476297e+04; 1.092049e+00
5.970000e+00; -8.392811e+04; 1.093046e+00
5.975000e+00; -8.307060e+04; 1.094043e+00
5.980000e+00; -8.219033e+04; 1.095040e+00
5.985000e+00; -8.128721e+04; 1.096037e+00
5.990000e+00; -8.036117e+04; 1.097034e+00
5.995000e+00; -7.941214e+04; 1.098032e+00
6.000000e+00; -7.844009e+04; 1.099029e+00
6.005000e+00; -7.744501e+04; 1.100026e+00
6.010000e+00; -7.642690e+04; 1.101023e+00
6.015000e+00; -7.538577e+04; 1.102020e+00
6.020000e+00; -7.432167e+04; 1.103017e+00
6.025000e+00; -7.323467e+04; 1.104014e+00
6.030000e+00; -7.212482e+04; 1.105010e+00
6.035000e+00; -7.099224e+04; 1.106007e+00
6.040000e+00; -6.983704e+04; 1.107003e+00
6.045000e+00; -6.865936e+04; 1.107999e+00
6.050000e+00; -6.745933e+04; 1.108994e+00
6.055000e+00; -6.623714e+04; 1.109990e+00
6.060000e+00; -6.499296e+04; 1.110985e+00
6.065000e+00; -6.372700e+04; 1.111980e+00
6.070000e+00; -6.243948e+04; 1.112974e+00
6.075000e+00; -6.113062e+04; 1.113968e+00
6.080000e+00; -5.980068e+04; 1.114961e+00
6.085000e+00; -5.844993e+04; 1.115954e+00
6.090000e+00; -5.707862e+04; 1.116946e+00
6.095000e+00; -5.568707e+04; 1.117938e+00
6.100000e+00; -5.427555e+04; 1.118929e+00
6.105000e+00; -5.284440e+04; 1.119920e+00
6.110000e+00; -5.139393e+04; 1.120910e+00
6.115000e+00; -4.992447e+04; 1.121899e+00
6.120000e+00; -4.843637e+04; 1.122887e+00
6.125000e+00; -4.692999e+04; 1.123874e+00
6.130000e+00; -4.540568e+04; 1.124861e+00
6.135000e+00; -4.386381e+04; 1.125846e+00
6.140000e+00; -4.230475e+04; 1.126830e+00
6.145000e+00; -4.072889e+04; 1.127813e+00
6.150000e+00; -3.913661e+04; 1.128795e+00
6.155000e+00; -3.752829e+04; 1.129776e+00
6.160000e+00; -3.590434e+04; 1.130755e+00
6.165000e+00; -3.426514e+04; 1.131733e+00
6.170000e+00; -3.261109e+04; 1.132709e+00
6.175000e+00; -3.094260e+04; 1.133684e+00
6.180000e+00; -2.926005e+04; 1.134657e+00
6.185000e+00; -2.756386e+04; 1.135628e+00
6.190000e+00; -2.585442e+04; 1.136597e+00
6.195000e+00; -2.413213e+04; 1.137564e+00
6.200000e+00; -2.239738e+04; 1.138529e+00
6.205000e+00; -2.065056e+04; 1.139492e+00
6.210000e+00; -1.889207e+04; 1.140452e+00
6.215000e+00; -1.712230e+04; 1.141410e+00
6.220000e+00; -1.534162e+04; 1.142365e+00
6.225000e+00; -1.355042e+04; 1.143317e+00
6.230000e+00; -1.174906e+04; 1.144267e+00
6.235000e+00; -9.937917e+03; 1.145213e+00
6.240000e+00; -8.117353e+03; 1.146156e+00
6.245000e+00; -6.287722e+03; 1.147096e+00
6.250000e+00; -4.449374e+03; 1.148031e+00
6.255000e+00; -2.602651e+03; 1.148964e+00
6.260000e+00; -7.478889e+02; 1.149892e+00
6.265000e+00; 1.114584e+03; 1.150815e+00
6.270000e+00; 2.984447e+03; 1.151735e+00
6.275000e+00; 4.861387e+03; 1.152649e+00
6.280000e+00; 6.745100e+03; 1.153559e+00
6.285000e+00; 8.635287e+03; 1.154463e+00
6.290000e+00; 1.053166e+04; 1.155362e+00
6.295000e+00; 1.243394e+04; 1.156255e+00
6.300000e+00; 1.434185e+04; 1.157142e+00
6.305000e+00; 1.625513e+04; 1.158022e+00
6.310000e+00; 1.817353e+04; 1.158896e+00
6.315000e+00; 2.009679e+04; 1.159762e+00
6.320000e+00; 2.202468e+04; 1.160620e+00
6.325000e+00; 2.395697e+04; 1.161470e+00
6.330000e+00; 2.589344e+04; 1.162311e+00
6.335000e+00; 2.783386e+04; 1.163143e+00
6.340000e+00; 2.977805e+04; 1.163965e+00
6.345000e+00; 3.172579e+04; 1.164776e+00
6.350000e+00; 3.367690e+04; 1.165577e+00
6.355000e+00; 3.563120e+04; 1.166366e+00
6.360000e+00; 3.758851e+04; 1.167142e+00
6.365000e+00; 3.954867e+04; 1.167905e+00
6.370000e+00; 4.151152e+04; 1.168655e+00
6.375000e+00; 4.347690e+04; 1.169389e+00
6.380000e+00; 4.544467e+04; 1.170109e+00
6.385000e+00; 4.741470e+04; 1.170811e+00
6.390000e+00; 4.938685e+04; 1.171496e+00
6.395000e+00; 5.136099e+04; 1.172164e+00
6.400000e+00; 5.333702e+04; 1.172812e+00
6.405000e+00; 5.531481e+04; 1.173439e+00
6.410000e+00; 5.729426e+04; 1.174046e+00
6.415000e+00; 5.927527e+04; 1.174631e+00
6.420000e+00; 6.125775e+04; 1.175192e+00
6.425000e+00; 6.324160e+04; 1.175730e+00
6.430000e+00; 6.522675e+04; 1.176243e+00
6.435000e+00; 6.721311e+04; 1.176730e+00
6.440000e+00; 6.920061e+04; 1.177190e+00
6.445000e+00; 7.118918e+04; 1.177622e+00
6.450000e+00; 7.317875e+04; 1.178026e+00
6.455000e+00; 7.516927e+04; 1.178400e+00
6.460000e+00; 7.716068e+04; 1.178744e+00
6.465000e+00; 7.915292e+04; 1.179057e+00
6.470000e+00; 8.114595e+04; 1.179339e+00
6.475000e+00; 8.313972e+04; 1.179589e+00
6.480000e+00; 8.513420e+04; 1.179806e+00
6.485000e+00; 8.712933e+04; 1.179990e+00
6.490000e+00; 8.912510e+04; 1.180140e+00
6.495000e+00; 9.112146e+04; 1.180257e+00
6.500000e+00; 9.311839e+04; 1.180340e+00
6.505000e+00; 9.511586e+04; 1.180389e+00
6.510000e+00; 9.711385e+04; 1.180403e+00
6.515000e+00; 9.911234e+04; 1.180384e+00
6.520000e+00; 1.011113e+05; 1.180331e+00
6.525000e+00; 1.031107e+05; 1.180244e+00
6.530000e+00; 1.051106e+05; 1.180124e+00
6.535000e+00; 1.071110e+05; 1.179970e+00
6.540000e+00; 1.091117e+05; 1.179784e+00
6.545000e+00; 1.111129e+05; 1.179566e+00
6.550000e+00; 1.131145e+05; 1.179317e+00
6.555000e+00; 1.151165e+05; 1.179037e+00
6.560000e+00; 1.171189e+05; 1.178726e+00
6.565000e+00; 1.191218e+05; 1.178387e+00
6.570000e+00; 1.211251e+05; 1.178018e+00
6.575000e+00; 1.231287e+05; 1.177622e+00
6.580000e+00; 1.251328e+05; 1.177199e+00
6.585000e+00; 1.271374e+05; 1.176750e+00
6.590000e+00; 1.291423e+05; 1.176275e+00
6.595000e+00; 1.311477e+05; 1.175776e+00
6.600000e+00; 1.331536e+05; 1.175254e+00
6.605000e+00; 1.351599e+05; 1.174710e+00
6.610000e+00; 1.371667e+05; 1.174143e+00
6.615000e+00; 1.391739e+05; 1.173556e+00
6.620000e+00; 1.411817e+05; 1.172950e+00
6.625000e+00; 1.431899e+05; 1.172324e+00
6.630000e+00; 1.451987e+05; 1.171680e+00
6.635000e+00; 1.472080e+05; 1.171019e+00
6.640000e+00; 1.492178e+05; 1.170342e+00
6.645000e+00; 1.512282e+05; 1.169648e+00
6.650000e+00; 1.532392e+05; 1.168940e+00
6.655000e+00; 1.552507e+05; 1.168218e+00
6.660000e+00; 1.572628e+05; 1.167482e+00
6.665000e+00; 1.592755e+05; 1.166733e+00
6.670000e+00; 1.612887e+05; 1.165972e+00
6.675000e+00; 1.633026e+05; 1.165200e+00
6.680000e+00; 1.653170e+05; 1.164416e+00
6.685000e+00; 1.673321e+05; 1.163621e+00
6.690000e+00; 1.693476e+05; 1.162817e+00
6.695000e+00; 1.713638e+05; 1.162003e+00
6.700000e+00; 1.733805e+05; 1.161180e+00
6.705000e+00; 1.753977e+05; 1.160349e+00
6.710000e+00; 1.774153e+05; 1.159509e+00
6.715000e+00; 1.794334e+05; 1.158662e+00
6.720000e+00; 1.814519e+05; 1.157806e+00
6.725000e+00; 1.834707e+05; 1.156944e+00
6.730000e+00; 1.854897e+05; 1.156075e+00
6.735000e+00; 1.875088e+05; 1.155200e+00
6.740000e+00; 1.895280e+05; 1.154318e+00
6.745000e+00; 1.915470e+05; 1.153431e+00
6.750000e+00; 1.935658e+05; 1.152538e+00
6.755000e+00; 1.955842e+05; 1.151639e+00
6.760000e+00; 1.976020e+05; 1.150736e+00
6.765000e+00; 1.996190e+05; 1.149827e+00
6.770000e+00; 2.016349e+05; 1.148914e+00
6.775000e+00; 2.036495e+05; 1.147996e+00
6.780000e+00; 2.056625e+05; 1.147074e+00
6.785000e+00; 2.076736e+05; 1.146148e+00
6.790000e+00; 2.096823e+05; 1.145218e+00
6.795000e+00; 2.116882e+05; 1.144284e+00
6.800000e+00; 2.136910e+05; 1.143347e+00
6.805000e+00; 2.156902e+05; 1.142406e+00
6.810000e+00; 2.176851e+05; 1.141462e+00
6.815000e+00; 2.196753e+05; 1.140515e+00
6.820000e+00; 2.216601e+05; 1.139565e+00
6.825000e+00; 2.236389e+05; 1.138612e+00
6.830000e+00; 2.256109e+05; 1.137656e+00
6.835000e+00; 2.275754e+05; 1.136698e+00
6.840000e+00; 2.295316e+05; 1.135737e+00
6.845000e+00; 2.314786e+05; 1.134774e+00
6.850000e+00; 2.334155e+05; 1.133809e+00
6.855000e+00; 2.353414e+05; 1.132841e+00
6.860000e+00; 2.372552e+05; 1.131872e+00
6.865000e+00; 2.391560e+05; 1.130901e+00
6.870000e+00; 2.410426e+05; 1.129928e+00
6.875000e+00; 2.429140e+05; 1.128953e+00
6.880000e+00; 2.447689e+05; 1.127976e+00
6.885000e+00; 2.466062e+05; 1.126998e+00
6.890000e+00; 2.484247e+05; 1.126018e+00
6.895000e+00; 2.502232e+05; 1.125037e+00
6.900000e+00; 2.520004e+05; 1.124054e+00
6.905000e+00; 2.537550e+05; 1.123071e+00
6.910000e+00; 2.554859e+05; 1.122086e+00
6.915000e+00; 2.571916e+05; 1.121099e+00
6.920000e+00; 2.588710e+05; 1.120112e+00
6.925000e+00; 2.605229e+05; 1.119123e+00
6.930000e+00; 2.621460e+05; 1.118134e+00
6.935000e+00; 2.637391e+05; 1.117143e+00
6.940000e+00; 2.653011e+05; 1.116152e+00
6.945000e+00; 2.668309e+05; 1.115160e+00
6.950000e+00; 2.683274e+05; 1.114166e+00
6.955000e+00; 2.697896e+05; 1.113172e+00
6.960000e+00; 2.712166e+05; 1.112177e+00
6.965000e+00; 2.726076e+05; 1.111182e+00
6.970000e+00; 2.739617e+05; 1.110185e+00
6.975000e+00; 2.752782e+05; 1.109188e+00
6.980000e+00; 2.765565e+05; 1.108190e+00
6.985000e+00; 2.777961e+05; 1.107191e+00
6.990000e+00; 2.789966e+05; 1.106191e+00
6.995000e+00; 2.801575e+05; 1.105191e+00
7.000000e+00; 2.812787e+05; 1.104190e+00
7.005000e+00; 2.823600e+05; 1.103188e+00
7.010000e+00; 2.834013e+05; 1.102186e+00
7.015000e+00; 2.844027e+05; 1.101182e+00
7.020000e+00; 2.853644e+05; 1.100178e+00
7.025000e+00; 2.862866e+05; 1.099174e+00
7.030000e+00; 2.871697e+05; 1.098168e+00
7.035000e+00; 2.880140e+05; 1.097162e+00
7.040000e+00; 2.888201e+05; 1.096154e+00
7.045000e+00; 2.895887e+05; 1.095146e+00
7.050000e+00; 2.903203e+05; 1.094137e+00
7.055000e+00; 2.910158e+05; 1.093128e+00
7.060000e+00; 2.916760e+05; 1.092117e+00
7.065000e+00; 2.923018e+05; 1.091105e+00
7.070000e+00; 2.928941e+05; 1.090092e+00
7.075000e+00; 2.934539e+05; 1.089078e+00
7.080000e+00; 2.939823e+05; 1.088063e+00
7.085000e+00; 2.944804e+05; 1.087047e+00
7.090000e+00; 2.949492e+05; 1.086029e+00
7.095000e+00; 2.953898e+05; 1.085011e+00
7.100000e+00; 2.958035e+05; 1.083991e+00
7.105000e+00; 2.961914e+05; 1.082969e+00
7.110000e+00; 2.965546e+05; 1.081946e+00
7.115000e+00; 2.968943e+05; 1.080922e+00
7.120000e+00; 2.972116e+05; 1.079896e+00
7.125000e+00; 2.975078e+05; 1.078868e+00
7.130000e+00; 2.977838e+05; 1.077839e+00
7.135000e+00; 2.980409e+05; 1.076807e+00
7.140000e+00; 2.982801e+05; 1.075774e+00
7.145000e+00; 2.985025e+05; 1.074739e+00
7.150000e+00; 2.987090e+05; 1.073702e+00
7.155000e+00; 2.989007e+05; 1.072662e+00
7.160000e+00; 2.990785e+05; 1.071621e+00
7.165000e+00; 2.992434e+05; 1.070577e+00
7.170000e+00; 2.993961e+05; 1.069531e+00
7.175000e+00; 2.995376e+05; 1.068482e+00
7.180000e+00; 2.996685e+05; 1.067430e+00
7.185000e+00; 2.997898e+05; 1.066376e+00
7.190000e+00; 2.999020e+05; 1.065319e+00
7.195000e+00; 3.000059e+05; 1.064260e+00
7.200000e+00; 3.001021e+05; 1.063197e+00
7.205000e+00; 3.001912e+05; 1.062131e+00
7.210000e+00; 3.002737e+05; 1.061063e+00
7.215000e+00; 3.003501e+05; 1.059991e+00
7.220000e+00; 3.004209e+05; 1.058916e+00
7.225000e+00; 3.004866e+05; 1.057837e+00
7.230000e+00; 3.005476e+05; 1.056756e+00
7.235000e+00; 3.006042e+05; 1.055670e+00
7.240000e+00; 3.006569e+05; 1.054582e+00
7.245000e+00; 3.007058e+05; 1.053489e+00
7.250000e+00; 3.007514e+05; 1.052394e+00
7.255000e+00; 3.007939e+05; 1.051294e+00
7.260000e+00; 3.008335e+05; 1.050191e+00
7.265000e+00; 3.008705e+05; 1.049085e+00
7.270000e+00; 3.009050e+05; 1.047975e+00
7.275000e+00; 3.009373e+05; 1.046861e+00
7.280000e+00; 3.009676e+05; 1.045744e+00
7.285000e+00; 3.009959e+05; 1.044623e+00
7.290000e+00; 3.010224e+05; 1.043499e+00
7.295000e+00; 3.010473e+05; 1.042371e+00
7.300000e+00; 3.010707e+05; 1.041240e+00
7.305000e+00; 3.010926e+05; 1.040106e+00
7.310000e+00; 3.011132e+05; 1.038969e+00
7.315000e+00; 3.011326e+05; 1.037829e+00
7.320000e+00; 3.011507e+05; 1.036686e+00
7.325000e+00; 3.011678e+05; 1.035541e+00
7.330000e+00; 3.011838e+05; 1.034393e+00
7.335000e+00; 3.011988e+05; 1.033243e+00
7.340000e+00; 3.012129e+05; 1.032092e+00
7.345000e+00; 3.012261e+05; 1.030938e+00
7.350000e+00; 3.012385e+05; 1.029783e+00
7.355000e+00; 3.012500e+05; 1.028627e+00
7.360000e+00; 3.012607e+05; 1.027470e+00
7.365000e+00; 3.012707e+05; 1.026313e+00
7.370000e+00; 3.012800e+05; 1.025155e+00
7.375000e+00; 3.012885e+05; 1.023997e+00
7.380000e+00; 3.012964e+05; 1.022840e+00
7.385000e+00; 3.013036e+05; 1.021684e+00
7.390000e+00; 3.013102e+05; 1.020529e+00
7.395000e+00; 3.013161e+05; 1.019375e+00
7.400000e+00; 3.013214e+05; 1.018223e+00
7.405000e+00; 3.013261e+05; 1.017073e+00
7.410000e+00; 3.013302e+05; 1.015927e+00
7.415000e+00; 3.013336e+05; 1.014783e+00
7.420000e+00; 3.013364e+05; 1.013642e+00
7.425000e+00; 3.013387e+05; 1.012506e+00
7.430000e+00; 3.013403e+05; 1.011373e+00
7.435000e+00; 3.013413e+05; 1.010245e+00
7.440000e+00; 3.013417e+05; 1.009122e+00
7.445000e+00; 3.013414e+05; 1.008004e+00
7.450000e+00; 3.013405e+05; 1.006891e+00
7.455000e+00; 3.013389e+05; 1.005785e+00
7.460000e+00; 3.013367e+05; 1.004684e+00
7.465000e+00; 3.013337e+05; 1.003590e+00
7.470000e+00; 3.013301e+05; 1.002502e+00
7.475000e+00; 3.013257e+05; 1.001421e+00
7.480000e+00; 3.013205e+05; 1.000347e+00
7.485000e+00; 3.013146e+05; 9.992803e-01
7.490000e+00; 3.013078e+05; 9.982208e-01
7.495000e+00; 3.013001e+05; 9.971687e-01
7.500000e+00; 3.012916e+05; 9.961240e-01
7.505000e+00; 3.012821e+05; 9.950868e-01
7.510000e+00; 3.012716e+05; 9.940572e-01
7.515000e+00; 3.012600e+05; 9.930352e-01
7.520000e+00; 3.012474e+05; 9.920207e-01
7.525000e+00; 3.012337e+05; 9.910136e-01
7.530000e+00; 3.012187e+05; 9.900139e-01
7.535000e+00; 3.012025e+05; 9.890214e-01
7.540000e+00; 3.011849e+05; 9.880361e-01
7.545000e+00; 3.011660e+05; 9.870577e-01
7.550000e+00; 3.011455e+05; 9.860860e-01
7.555000e+00; 3.011235e+05; 9.851209e-01
7.560000e+00; 3.010999e+05; 9.841621e-01
7.565000e+00; 3.010745e+05; 9.832094e-01
7.570000e+00; 3.010474e+05; 9.822624e-01
7.575000e+00; 3.010183e+05; 9.813210e-01
7.580000e+00; 3.009872e+05; 9.803848e-01
7.585000e+00; 3.009540e+05; 9.794535e-01
7.590000e+00; 3.009185e+05; 9.785268e-01
7.595000e+00; 3.008807e+05; 9.776044e-01
7.600000e+00; 3.008405e+05; 9.766859e-01
7.605000e+00; 3.007976e+05; 9.757709e-01
7.610000e+00; 3.007520e+05; 9.748593e-01
7.615000e+00; 3.007036e+05; 9.739506e-01
7.620000e+00; 3.006521e+05; 9.730444e-01
7.625000e+00; 3.005975e+05; 9.721405e-01
7.630000e+00; 3.005396e+05; 9.712386e-01
7.635000e+00; 3.004782e+05; 9.703382e-01
7.640000e+00; 3.004132e+05; 9.694392e-01
7.645000e+00; 3.003444e+05; 9.685411e-01
7.650000e+00; 3.002716e+05; 9.676437e-01
7.655000e+00; 3.001947e+05; 9.667467e-01
7.660000e+00; 3.001134e+05; 9.658499e-01
7.665000e+00; 3.000276e+05; 9.649529e-01
7.670000e+00; 2.999370e+05; 9.640555e-01
7.675000e+00; 2.998415e+05; 9.631576e-01
7.680000e+00; 2.997408e+05; 9.622588e-01
7.685000e+00; 2.996348e+05; 9.613590e-01
7.690000e+00; 2.995231e+05; 9.604579e-01
7.695000e+00; 2.994056e+05; 9.595554e-01
7.700000e+00; 2.992821e+05; 9.586514e-01
7.705000e+00; 2.991523e+05; 9.577457e-01
7.710000e+00; 2.990160e+05; 9.568382e-01
7.715000e+00; 2.988728e+05; 9.559287e-01
7.720000e+00; 2.987227e+05; 9.550171e-01
7.725000e+00; 2.985652e+05; 9.541034e-01
7.730000e+00; 2.984001e+05; 9.531875e-01
7.735000e+00; 2.982273e+05; 9.522692e-01
7.740000e+00; 2.980463e+05; 9.513487e-01
7.745000e+00; 2.978569e+05; 9.504258e-01
7.750000e+00; 2.976589e+05; 9.495004e-01
7.755000e+00; 2.974520e+05; 9.485726e-01
7.760000e+00; 2.972358e+05; 9.476424e-01
7.765000e+00; 2.970100e+05; 9.467098e-01
7.770000e+00; 2.967745e+05; 9.457747e-01
7.775000e+00; 2.965289e+05; 9.448372e-01
7.780000e+00; 2.962728e+05; 9.438973e-01
7.785000e+00; 2.960060e+05; 9.429550e-01
7.790000e+00; 2.957282e+05; 9.420105e-01
7.795000e+00; 2.954391e+05; 9.410636e-01
7.800000e+00; 2.951384e+05; 9.401144e-01
7.805000e+00; 2.948258e+05; 9.391631e-01
7.810000e+00; 2.945009e+05; 9.382096e-01
7.815000e+00; 2.941635e+05; 9.372541e-01
7.820000e+00; 2.938132e+05; 9.362965e-01
7.825000e+00; 2.934498e+05; 9.353369e-01
7.830000e+00; 2.930730e+05; 9.343754e-01
7.835000e+00; 2.926824e+05; 9.334121e-01
7.840000e+00; 2.922778e+05; 9.324469e-01
7.845000e+00; 2.918588e+05; 9.314801e-01
7.850000e+00; 2.914252e+05; 9.305116e-01
7.855000e+00; 2.909767e+05; 9.295415e-01
7.860000e+00; 2.905130e+05; 9.285699e-01
7.865000e+00; 2.900338e+05; 9.275969e-01
7.870000e+00; 2.895389e+05; 9.266224e-01
7.875000e+00; 2.890279e+05; 9.256467e-01
7.880000e+00; 2.885006e+05; 9.246697e-01
7.885000e+00; 2.879569e+05; 9.236914e-01
7.890000e+00; 2.873963e+05; 9.227121e-01
7.895000e+00; 2.868186e+05; 9.217317e-01
7.900000e+00; 2.862237e+05; 9.207502e-01
7.905000e+00; 2.856113e+05; 9.197679e-01
7.910000e+00; 2.849812e+05; 9.187846e-01
7.915000e+00; 2.843331e+05; 9.178005e-01
7.920000e+00; 2.836669e+05; 9.168156e-01
7.925000e+00; 2.829823e+05; 9.158300e-01
7.930000e+00; 2.822792e+05; 9.148437e-01
7.935000e+00; 2.815575e+05; 9.138568e-01
7.940000e+00; 2.808169e+05; 9.128694e-01
7.945000e+00; 2.800572e+05; 9.118814e-01
7.950000e+00; 2.792785e+05; 9.108930e-01
7.955000e+00; 2.784804e+05; 9.099042e-01
7.960000e+00; 2.776629e+05; 9.089150e-01
7.965000e+00; 2.768260e+05; 9.079255e-01
7.970000e+00; 2.759694e+05; 9.069357e-01
7.975000e+00; 2.750931e+05; 9.059457e-01
7.980000e+00; 2.741971e+05; 9.049556e-01
7.985000e+00; 2.732812e+05; 9.039653e-01
7.990000e+00; 2.723454e+05; 9.029749e-01
7.995000e+00; 2.713898e+05; 9.019845e-01
8.000000e+00; 2.704142e+05; 9.009941e-01
8.005000e+00; 2.694186e+05; 9.000038e-01
8.010000e+00; 2.684031e+05; 8.990135e-01
8.015000e+00; 2.673677e+05; 8.980235e-01
8.020000e+00; 2.663124e+05; 8.970336e-01
8.025000e+00; 2.652372e+05; 8.960440e-01
8.030000e+00; 2.641422e+05; 8.950546e-01
8.035000e+00; 2.630274e+05; 8.940656e-01
8.040000e+00; 2.618930e+05; 8.930770e-01
8.045000e+00; 2.607389e+05; 8.920889e-01
8.050000e+00; 2.595654e+05; 8.911013e-01
8.055000e+00; 2.583725e+05; 8.901142e-01
8.060000e+00; 2.571603e+05; 8.891277e-01
8.065000e+00; 2.559290e+05; 8.881419e-01
8.070000e+00; 2.546787e+05; 8.871568e-01
8.075000e+00; 2.534095e+05; 8.861725e-01
8.080000e+00; 2.521218e+05; 8.851891e-01
8.085000e+00; 2.508155e+05; 8.842066e-01
8.090000e+00; 2.494909e+05; 8.832251e-01
8.095000e+00; 2.481482e+05; 8.822446e-01
8.100000e+00; 2.467875e+05; 8.812653e-01
8.105000e+00; 2.454092e+05; 8.802872e-01
8.110000e+00; 2.440134e+05; 8.793105e-01
8.115000e+00; 2.426003e+05; 8.783351e-01
8.120000e+00; 2.411702e+05; 8.773612e-01
8.125000e+00; 2.397234e+05; 8.763888e-01
8.130000e+00; 2.382600e+05; 8.754182e-01
8.135000e+00; 2.367803e+05; 8.744493e-01
8.140000e+00; 2.352847e+05; 8.734823e-01
8.145000e+00; 2.337732e+05; 8.725173e-01
8.150000e+00; 2.322464e+05; 8.715544e-01
8.155000e+00; 2.307043e+05; 8.705937e-01
8.160000e+00; 2.291473e+05; 8.696354e-01
8.165000e+00; 2.275756e+05; 8.686797e-01
8.170000e+00; 2.259896e+05; 8.677266e-01
8.175000e+00; 2.243896e+05; 8.667762e-01
8.180000e+00; 2.227758e+05; 8.658289e-01
8.185000e+00; 2.211485e+05; 8.648847e-01
8.190000e+00; 2.195081e+05; 8.639438e-01
8.195000e+00; 2.178548e+05; 8.630063e-01
8.200000e+00; 2.161889e+05; 8.620726e-01
8.205000e+00; 2.145107e+05; 8.611427e-01
8.210000e+00; 2.128206e+05; 8.602169e-01
8.215000e+00; 2.111188e+05; 8.592954e-01
8.220000e+00; 2.094056e+05; 8.583784e-01
8.225000e+00; 2.076813e+05; 8.574662e-01
8.230000e+00; 2.059463e+05; 8.565590e-01
8.235000e+00; 2.042008e+05; 8.556570e-01
8.240000e+00; 2.024451e+05; 8.547606e-01
8.245000e+00; 2.006795e+05; 8.538701e-01
8.250000e+00; 1.989042e+05; 8.529856e-01
8.255000e+00; 1.971197e+05; 8.521075e-01
8.260000e+00; 1.953261e+05; 8.512362e-01
8.265000e+00; 1.935237e+05; 8.503719e-01
8.270000e+00; 1.917128e+05; 8.495149e-01
8.275000e+00; 1.898938e+05; 8.486657e-01
8.280000e+00; 1.880667e+05; 8.478246e-01
8.285000e+00; 1.862320e+05; 8.469919e-01
8.290000e+00; 1.843899e+05; 8.461681e-01
8.295000e+00; 1.825405e+05; 8.453535e-01
8.300000e+00; 1.806843e+05; 8.445485e-01
8.305000e+00; 1.788214e+05; 8.437535e-01
8.310000e+00; 1.769520e+05; 8.429690e-01
8.315000e+00; 1.750764e+05; 8.421953e-01
8.320000e+00; 1.731949e+05; 8.414330e-01
8.325000e+00; 1.713076e+05; 8.406825e-01
8.330000e+00; 1.694147e+05; 8.399441e-01
8.335000e+00; 1.675166e+05; 8.392185e-01
8.340000e+00; 1.656133e+05; 8.385059e-01
8.345000e+00; 1.637051e+05; 8.378070e-01
8.350000e+00; 1.617923e+05; 8.371222e-01
8.355000e+00; 1.598748e+05; 8.364520e-01
8.360000e+00; 1.579531e+05; 8.357969e-01
8.365000e+00; 1.560272e+05; 8.351572e-01
8.370000e+00; 1.540974e+05; 8.345336e-01
8.375000e+00; 1.521637e+05; 8.339265e-01
8.380000e+00; 1.502264e+05; 8.333364e-01
8.385000e+00; 1.482855e+05; 8.327638e-01
8.390000e+00; 1.463414e+05; 8.322091e-01
8.395000e+00; 1.443941e+05; 8.316728e-01
8.400000e+00; 1.424437e+05; 8.311554e-01
8.405000e+00; 1.404904e+05; 8.306573e-01
8.410000e+00; 1.385343e+05; 8.301790e-01
8.415000e+00; 1.365756e+05; 8.297209e-01
8.420000e+00; 1.346144e+05; 8.292834e-01
8.425000e+00; 1.326507e+05; 8.288669e-01
8.430000e+00; 1.306847e+05; 8.284718e-01
8.435000e+00; 1.287166e+05; 8.280985e-01
8.440000e+00; 1.267464e+05; 8.277473e-01
8.445000e+00; 1.247741e+05; 8.274187e-01
8.450000e+00; 1.228000e+05; 8.271128e-01
8.455000e+00; 1.208240e+05; 8.268300e-01
8.460000e+00; 1.188464e+05; 8.265706e-01
8.465000e+00; 1.168671e+05; 8.263348e-01
8.470000e+00; 1.148862e+05; 8.261228e-01
8.475000e+00; 1.129038e+05; 8.259349e-01
8.480000e+00; 1.109200e+05; 8.257713e-01
8.485000e+00; 1.089349e+05; 8.256320e-01
8.490000e+00; 1.069485e+05; 8.255173e-01
8.495000e+00; 1.049608e+05; 8.254271e-01
8.500000e+00; 1.029719e+05; 8.253617e-01
8.505000e+00; 1.009820e+05; 8.253210e-01
8.510000e+00; 9.899096e+04; 8.253051e-01
8.515000e+00; 9.699892e+04; 8.253139e-01
8.520000e+00; 9.500591e+04; 8.253475e-01
8.525000e+00; 9.301198e+04; 8.254057e-01
8.530000e+00; 9.101716e+04; 8.254885e-01
8.535000e+00; 8.902150e+04; 8.255957e-01
8.540000e+00; 8.702505e+04; 8.257273e-01
8.545000e+00; 8.502784e+04; 8.258830e-01
8.550000e+00; 8.302991e+04; 8.260627e-01
8.555000e+00; 8.103129e+04; 8.262661e-01
8.560000e+00; 7.903204e+04; 8.264931e-01
8.565000e+00; 7.703217e+04; 8.267433e-01
8.570000e+00; 7.503173e+04; 8.270165e-01
8.575000e+00; 7.303076e+04; 8.273123e-01
8.580000e+00; 7.102930e+04; 8.276306e-01
8.585000e+00; 6.902738e+04; 8.279708e-01
8.590000e+00; 6.702505e+04; 8.283328e-01
8.595000e+00; 6.502235e+04; 8.287160e-01
8.600000e+00; 6.301932e+04; 8.291201e-01
8.605000e+00; 6.101601e+04; 8.295448e-01
8.610000e+00; 5.901248e+04; 8.299896e-01
8.615000e+00; 5.700877e+04; 8.304541e-01
8.620000e+00; 5.500494e+04; 8.309379e-01
8.625000e+00; 5.300105e+04; 8.314406e-01
8.630000e+00; 5.099717e+04; 8.319616e-01
8.635000e+00; 4.899337e+04; 8.325005e-01
8.640000e+00; 4.698973e+04; 8.330570e-01
8.645000e+00; 4.498633e+04; 8.336305e-01
8.650000e+00; 4.298326e+04; 8.342206e-01
8.655000e+00; 4.098061e+04; 8.348268e-01
8.660000e+00; 3.897848e+04; 8.354487e-01
8.665000e+00; 3.697700e+04; 8.360858e-01
8.670000e+00; 3.497628e+04; 8.367376e-01
8.675000e+00; 3.297645e+04; 8.374037e-01
8.680000e+00; 3.097765e+04; 8.380837e-01
8.685000e+00; 2.898004e+04; 8.387771e-01
8.690000e+00; 2.698376e+04; 8.394834e-01
8.695000e+00; 2.498900e+04; 8.402023e-01
8.700000e+00; 2.299594e+04; 8.409333e-01
8.705000e+00; 2.100478e+04; 8.416759e-01
8.710000e+00; 1.901572e+04; 8.424299e-01
8.715000e+00; 1.702900e+04; 8.431946e-01
8.720000e+00; 1.504484e+04; 8.439699e-01
8.725000e+00; 1.306351e+04; 8.447552e-01
8.730000e+00; 1.108527e+04; 8.455502e-01
8.735000e+00; 9.110401e+03; 8.463546e-01
8.740000e+00; 7.139205e+03; 8.471679e-01
8.745000e+00; 5.171996e+03; 8.479898e-01
8.750000e+00; 3.209105e+03; 8.488200e-01
8.755000e+00; 1.250881e+03; 8.496582e-01
8.760000e+00; -7.023126e+02; 8.505040e-01
8.765000e+00; -2.650094e+03; 8.513571e-01
8.770000e+00; -4.592064e+03; 8.522172e-01
8.775000e+00; -6.527808e+03; 8.530840e-01
8.780000e+00; -8.456895e+03; 8.539573e-01
8.785000e+00; -1.037887e+04; 8.548368e-01
8.790000e+00; -1.229328e+04; 8.557222e-01
8.795000e+00; -1.419963e+04; 8.566133e-01
8.800000e+00; -1.609744e+04; 8.575097e-01
8.805000e+00; -1.798617e+04; 8.584114e-01
8.810000e+00; -1.986532e+04; 8.593181e-01
8.815000e+00; -2.173434e+04; 8.602295e-01
8.820000e+00; -2.359267e+04; 8.611454e-01
8.825000e+00; -2.543975e+04; 8.620658e-01
8.830000e+00; -2.727500e+04; 8.629902e-01
8.835000e+00; -2.909782e+04; 8.639187e-01
8.840000e+00; -3.090763e+04; 8.648510e-01
8.845000e+00; -3.270381e+04; 8.657869e-01
8.850000e+00; -3.448575e+04; 8.667263e-01
8.855000e+00; -3.625283e+04; 8.676691e-01
8.860000e+00; -3.800442e+04; 8.686151e-01
8.865000e+00; -3.973991e+04; 8.695641e-01
8.870000e+00; -4.145865e+04; 8.705160e-01
8.875000e+00; -4.316003e+04; 8.714708e-01
8.880000e+00; -4.484341e+04; 8.724283e-01
8.885000e+00; -4.650817e+04; 8.733883e-01
8.890000e+00; -4.815369e+04; 8.743508e-01
8.895000e+00; -4.977937e+04; 8.753157e-01
8.900000e+00; -5.138460e+04; 8.762829e-01
8.905000e+00; -5.296878e+04; 8.772523e-01
8.910000e+00; -5.453135e+04; 8.782237e-01
8.915000e+00; -5.607173e+04; 8.791973e-01
8.920000e+00; -5.758938e+04; 8.801727e-01
8.925000e+00; -5.908375e+04; 8.811501e-01
8.930000e+00; -6.055435e+04; 8.821293e-01
8.935000e+00; -6.200067e+04; 8.831103e-01
8.940000e+00; -6.342225e+04; 8.840930e-01
8.945000e+00; -6.481864e+04; 8.850774e-01
8.950000e+00; -6.618943e+04; 8.860633e-01
8.955000e+00; -6.753421e+04; 8.870509e-01
8.960000e+00; -6.885263e+04; 8.880400e-01
8.965000e+00; -7.014435e+04; 8.890306e-01
8.970000e+00; -7.140906e+04; 8.900226e-01
8.975000e+00; -7.264649e+04; 8.910162e-01
8.980000e+00; -7.385640e+04; 8.920111e-01
8.985000e+00; -7.503859e+04; 8.930074e-01
8.990000e+00; -7.619287e+04; 8.940052e-01
8.995000e+00; -7.731912e+04; 8.950043e-01
9.000000e+00; -7.841722e+04; 8.960047e-01
9.005000e+00; -7.948711e+04; 8.970066e-01
9.010000e+00; -8.052875e+04; 8.980098e-01
9.015000e+00; -8.154214e+04; 8.990143e-01
9.020000e+00; -8.252733e+04; 9.000202e-01
9.025000e+00; -8.348438e+04; 9.010274e-01
9.030000e+00; -8.441340e+04; 9.020360e-01
9.035000e+00; -8.531452e+04; 9.030460e-01
9.040000e+00; -8.618794e+04; 9.040574e-01
9.045000e+00; -8.703384e+04; 9.050702e-01
9.050000e+00; -8.785247e+04; 9.060844e-01
9.055000e+00; -8.864409e+04; 9.071000e-01
9.060000e+00; -8.940901e+04; 9.081171e-01
9.065000e+00; -9.014755e+04; 9.091357e-01
9.070000e+00; -9.086007e+04; 9.101558e-01
9.075000e+00; -9.154695e+04; 9.111775e-01
9.080000e+00; -9.220859e+04; 9.122007e-01
9.085000e+00; -9.284543e+04; 9.132255e-01
9.090000e+00; -9.345790e+04; 9.142519e-01
9.095000e+00; -9.404649e+04; 9.152800e-01
9.100000e+00; -9.461168e+04; 9.163098e-01
9.105000e+00; -9.515398e+04; 9.173413e-01
9.110000e+00; -9.567390e+04; 9.183746e-01
9.115000e+00; -9.617199e+04; 9.194096e-01
9.120000e+00; -9.664878e+04; 9.204465e-01
9.125000e+00; -9.710484e+04; 9.214853e-01
9.130000e+00; -9.754072e+04; 9.225260e-01
9.135000e+00; -9.795701e+04; 9.235685e-01
9.140000e+00; -9.835427e+04; 9.246131e-01
9.145000e+00; -9.873309e+04; 9.256597e-01
9.150000e+00; -9.909405e+04; 9.267082e-01
9.155000e+00; -9.943773e+04; 9.277589e-01
9.160000e+00; -9.976472e+04; 9.288116e-01
9.165000e+00; -1.000756e+05; 9.298664e-01
9.170000e+00; -1.003709e+05; 9.309234e-01
9.175000e+00; -1.006513e+05; 9.319825e-01
9.180000e+00; -1.009173e+05; 9.330438e-01
9.185000e+00; -1.011694e+05; 9.341073e-01
9.190000e+00; -1.014083e+05; 9.351730e-01
9.195000e+00; -1.016344e+05; 9.362409e-01
9.200000e+00; -1.018483e+05; 9.373110e-01
9.205000e+00; -1.020505e+05; 9.383833e-01
9.210000e+00; -1.022416e+05; 9.394579e-01
9.215000e+00; -1.024219e+05; 9.405346e-01
9.220000e+00; -1.025921e+05; 9.416136e-01
9.225000e+00; -1.027526e+05; 9.426947e-01
9.230000e+00; -1.029038e+05; 9.437780e-01
9.235000e+00; -1.030461e+05; 9.448634e-01
9.240000e+00; -1.031801e+05; 9.459509e-01
9.245000e+00; -1.033062e+05; 9.470404e-01
9.250000e+00; -1.034246e+05; 9.481320e-01
9.255000e+00; -1.035359e+05; 9.492255e-01
9.260000e+00; -1.036404e+05; 9.503209e-01
9.265000e+00; -1.037384e+05; 9.514181e-01
9.270000e+00; -1.038304e+05; 9.525171e-01
9.275000e+00; -1.039165e+05; 9.536178e-01
9.280000e+00; -1.039972e+05; 9.547201e-01
9.285000e+00; -1.040728e+05; 9.558239e-01
9.290000e+00; -1.041434e+05; 9.569291e-01
9.295000e+00; -1.042094e+05; 9.580356e-01
9.300000e+00; -1.042711e+05; 9.591434e-01
9.305000e+00; -1.043287e+05; 9.602522e-01
9.310000e+00; -1.043824e+05; 9.613621e-01
9.315000e+00; -1.044325e+05; 9.624728e-01
9.320000e+00; -1.044791e+05; 9.635842e-01
9.325000e+00; -1.045224e+05; 9.646961e-01
9.330000e+00; -1.045627e+05; 9.658086e-01
9.335000e+00; -1.046001e+05; 9.669213e-01
9.340000e+00; -1.046347e+05; 9.680342e-01
9.345000e+00; -1.046667e+05; 9.691470e-01
9.350000e+00; -1.046962e+05; 9.702597e-01
9.355000e+00; -1.047234e+05; 9.713721e-01
9.360000e+00; -1.047484e+05; 9.724840e-01
9.365000e+00; -1.047713e+05; 9.735952e-01
9.370000e+00; -1.047922e+05; 9.747056e-01
9.375000e+00; -1.048112e+05; 9.758150e-01
9.380000e+00; -1.048284e+05; 9.769232e-01
9.385000e+00; -1.048438e+05; 9.780301e-01
9.390000e+00; -1.048576e+05; 9.791355e-01
9.395000e+00; -1.048697e+05; 9.802393e-01
9.400000e+00; -1.048802e+05; 9.813411e-01
9.405000e+00; -1.048893e+05; 9.824410e-01
9.410000e+00; -1.048969e+05; 9.835387e-01
9.415000e+00; -1.049030e+05; 9.846341e-01
9.420000e+00; -1.049077e+05; 9.857269e-01
9.425000e+00; -1.049111e+05; 9.868171e-01
9.430000e+00; -1.049131e+05; 9.879046e-01
9.435000e+00; -1.049137e+05; 9.889891e-01
9.440000e+00; -1.049130e+05; 9.900705e-01
9.445000e+00; -1.049109e+05; 9.911487e-01
9.450000e+00; -1.049075e+05; 9.922236e-01
9.455000e+00; -1.049028e+05; 9.932951e-01
9.460000e+00; -1.048967e+05; 9.943629e-01
9.465000e+00; -1.048892e+05; 9.954272e-01
9.470000e+00; -1.048804e+05; 9.964877e-01
9.475000e+00; -1.048701e+05; 9.975443e-01
9.480000e+00; -1.048583e+05; 9.985971e-01
9.485000e+00; -1.048451e+05; 9.996459e-01
9.490000e+00; -1.048303e+05; 1.000691e+00
9.495000e+00; -1.048140e+05; 1.001731e+00
9.500000e+00; -1.047961e+05; 1.002768e+00
9.505000e+00; -1.047765e+05; 1.003800e+00
9.510000e+00; -1.047552e+05; 1.004829e+00
9.515000e+00; -1.047321e+05; 1.005853e+00
9.520000e+00; -1.047071e+05; 1.006873e+00
9.525000e+00; -1.046803e+05; 1.007888e+00
9.530000e+00; -1.046515e+05; 1.008900e+00
9.535000e+00; -1.046206e+05; 1.009908e+00
9.540000e+00; -1.045876e+05; 1.010911e+00
9.545000e+00; -1.045524e+05; 1.011911e+00
9.550000e+00; -1.045148e+05; 1.012906e+00
9.555000e+00; -1.044749e+05; 1.013898e+00
9.560000e+00; -1.044325e+05; 1.014886e+00
9.565000e+00; -1.043875e+05; 1.015870e+00
9.570000e+00; -1.043398e+05; 1.016851e+00
9.575000e+00; -1.042893e+05; 1.017828e+00
9.580000e+00; -1.042358e+05; 1.018801e+00
9.585000e+00; -1.041794e+05; 1.019772e+00
9.590000e+00; -1.041197e+05; 1.020739e+00
9.595000e+00; -1.040568e+05; 1.021703e+00
9.600000e+00; -1.039905e+05; 1.022664e+00
9.605000e+00; -1.039206e+05; 1.023622e+00
9.610000e+00; -1.038470e+05; 1.024578e+00
9.615000e+00; -1.037696e+05; 1.025531e+00
9.620000e+00; -1.036882e+05; 1.026482e+00
9.625000e+00; -1.036026e+05; 1.027430e+00
9.630000e+00; -1.035128e+05; 1.028377e+00
9.635000e+00; -1.034185e+05; 1.029321e+00
9.640000e+00; -1.033196e+05; 1.030264e+00
9.645000e+00; -1.032159e+05; 1.031205e+00
9.650000e+00; -1.031073e+05; 1.032145e+00
9.655000e+00; -1.029935e+05; 1.033083e+00
9.660000e+00; -1.028744e+05; 1.034020e+00
9.665000e+00; -1.027498e+05; 1.034956e+00
9.670000e+00; -1.026195e+05; 1.035891e+00
9.675000e+00; -1.024833e+05; 1.036825e+00
9.680000e+00; -1.023410e+05; 1.037758e+00
9.685000e+00; -1.021925e+05; 1.038691e+00
9.690000e+00; -1.020374e+05; 1.039624e+00
9.695000e+00; -1.018757e+05; 1.040556e+00
9.700000e+00; -1.017070e+05; 1.041489e+00
9.705000e+00; -1.015312e+05; 1.042421e+00
9.710000e+00; -1.013481e+05; 1.043353e+00
9.715000e+00; -1.011574e+05; 1.044286e+00
9.720000e+00; -1.009589e+05; 1.045218e+00
9.725000e+00; -1.007525e+05; 1.046152e+00
9.730000e+00; -1.005377e+05; 1.047085e+00
9.735000e+00; -1.003145e+05; 1.048020e+00
9.740000e+00; -1.000826e+05; 1.048955e+00
9.745000e+00; -9.984175e+04; 1.049891e+00
9.750000e+00; -9.959172e+04; 1.050827e+00
9.755000e+00; -9.933227e+04; 1.051765e+00
9.760000e+00; -9.906317e+04; 1.052703e+00
9.765000e+00; -9.878417e+04; 1.053642e+00
9.770000e+00; -9.849503e+04; 1.054583e+00
9.775000e+00; -9.819551e+04; 1.055524e+00
9.780000e+00; -9.788536e+04; 1.056467e+00
9.785000e+00; -9.756434e+04; 1.057411e+00
9.790000e+00; -9.723221e+04; 1.058356e+00
9.795000e+00; -9.688873e+04; 1.059302e+00
9.800000e+00; -9.653365e+04; 1.060250e+00
9.805000e+00; -9.616674e+04; 1.061199e+00
9.810000e+00; -9.578774e+04; 1.062149e+00
9.815000e+00; -9.539643e+04; 1.063100e+00
9.820000e+00; -9.499256e+04; 1.064053e+00
9.825000e+00; -9.457590e+04; 1.065007e+00
9.830000e+00; -9.414621e+04; 1.065962e+00
9.835000e+00; -9.370327e+04; 1.066919e+00
9.840000e+00; -9.324685e+04; 1.067876e+00
9.845000e+00; -9.277672e+04; 1.068835e+00
9.850000e+00; -9.229265e+04; 1.069796e+00
9.855000e+00; -9.179444e+04; 1.070757e+00
9.860000e+00; -9.128187e+04; 1.071720e+00
9.865000e+00; -9.075472e+04; 1.072684e+00
9.870000e+00; -9.021279e+04; 1.073649e+00
9.875000e+00; -8.965587e+04; 1.074615e+00
9.880000e+00; -8.908379e+04; 1.075582e+00
9.885000e+00; -8.849633e+04; 1.076550e+00
9.890000e+00; -8.789332e+04; 1.077519e+00
9.895000e+00; -8.727457e+04; 1.078489e+00
9.900000e+00; -8.663992e+04; 1.079461e+00
9.905000e+00; -8.598919e+04; 1.080432e+00
9.910000e+00; -8.532222e+04; 1.081405e+00
9.915000e+00; -8.463885e+04; 1.082379e+00
9.920000e+00; -8.393895e+04; 1.083353e+00
9.925000e+00; -8.322237e+04; 1.084328e+00
9.930000e+00; -8.248897e+04; 1.085304e+00
9.935000e+00; -8.173863e+04; 1.086280e+00
9.940000e+00; -8.097123e+04; 1.087257e+00
9.945000e+00; -8.018666e+04; 1.088234e+00
9.950000e+00; -7.938482e+04; 1.089212e+00
9.955000e+00; -7.856561e+04; 1.090190e+00
9.960000e+00; -7.772895e+04; 1.091168e+00
9.965000e+00; -7.687475e+04; 1.092147e+00
9.970000e+00; -7.600296e+04; 1.093126e+00
9.975000e+00; -7.511350e+04; 1.094105e+00
9.980000e+00; -7.420633e+04; 1.095084e+00
9.985000e+00; -7.328140e+04; 1.096064e+00
9.990000e+00; -7.233868e+04; 1.097043e+00
9.995000e+00; -7.137814e+04; 1.098022e+00
1.000000e+01; -7.039976e+04; 1.099001e+00
1.000500e+01; -6.940355e+04; 1.099980e+00
1.001000e+01; -6.838949e+04; 1.100958e+00
1.001500e+01; -6.735760e+04; 1.101937e+00
1.002000e+01; -6.630789e+04; 1.102914e+00
1.002500e+01; -6.524040e+04; 1.103891e+00
1.003000e+01; -6.415516e+04; 1.104868e+00
1.003500e+01; -6.305222e+04; 1.105844e+00
1.004000e+01; -6.193163e+04; 1.106819e+00
1.004500e+01; -6.079345e+04; 1.107794e+00
1.005000e+01; -5.963775e+04; 1.108767e+00
1.005500e+01; -5.846462e+04; 1.109740e+00
1.006000e+01; -5.727414e+04; 1.110712e+00
1.006500e+01; -5.606640e+04; 1.111682e+00
1.007000e+01; -5.484151e+04; 1.112651e+00
1.007500e+01; -5.359959e+04; 1.113619e+00
1.008000e+01; -5.234074e+04; 1.114585e+00
1.008500e+01; -5.106510e+04; 1.115550e+00
1.009000e+01; -4.977281e+04; 1.116513e+00
1.009500e+01; -4.846400e+04; 1.117475e+00
1.010000e+01; -4.713881e+04; 1.118434e+00
1.010500e+01; -4.579742e+04; 1.119392e+00
1.011000e+01; -4.443997e+04; 1.120347e+00
1.011500e+01; -4.306663e+04; 1.121300e+00
1.012000e+01; -4.167759e+04; 1.122251e+00
1.012500e+01; -4.027301e+04; 1.123199e+00
1.013000e+01; -3.885308e+04; 1.124145e+00
1.013500e+01; -3.741799e+04; 1.125088e+00
1.014000e+01; -3.596794e+04; 1.126027e+00
1.014500e+01; -3.450313e+04; 1.126964e+00
1.015000e+01; -3.302376e+04; 1.127898e+00
1.015500e+01; -3.153004e+04; 1.128828e+00
1.016000e+01; -3.002218e+04; 1.129754e+00
1.016500e+01; -2.850040e+04; 1.130677e+00
1.017000e+01; -2.696492e+04; 1.131595e+00
1.017500e+01; -2.541595e+04; 1.132510e+00
1.018000e+01; -2.385374e+04; 1.133420e+00
1.018500e+01; -2.227849e+04; 1.134326e+00
1.019000e+01; -2.069045e+04; 1.135226e+00
1.019500e+01; -1.908985e+04; 1.136122e+00
1.020000e+01; -1.747692e+04; 1.137013e+00
1.020500e+01; -1.585190e+04; 1.137898e+00
1.021000e+01; -1.421502e+04; 1.138778e+00
1.021500e+01; -1.256652e+04; 1.139651e+00
1.022000e+01; -1.090664e+04; 1.140519e+00
1.022500e+01; -9.235616e+03; 1.141380e+00
1.023000e+01; -7.553693e+03; 1.142235e+00
1.023500e+01; -5.861109e+03; 1.143082e+00
1.024000e+01; -4.158101e+03; 1.143923e+00
1.024500e+01; -2.444909e+03; 1.144756e+00
1.025000e+01; -7.217698e+02; 1.145581e+00
1.025500e+01; 1.011079e+03; 1.146398e+00
1.026000e+01; 2.753403e+03; 1.147207e+00
1.026500e+01; 4.504966e+03; 1.148007e+00
1.027000e+01; 6.265536e+03; 1.148799e+00
1.027500e+01; 8.034882e+03; 1.149581e+00
1.028000e+01; 9.812775e+03; 1.150353e+00
1.028500e+01; 1.159899e+04; 1.151116e+00
1.029000e+01; 1.339329e+04; 1.151869e+00
1.029500e+01; 1.519547e+04; 1.152611e+00
1.030000e+01; 1.700531e+04; 1.153342e+00
1.030500e+01; 1.882257e+04; 1.154063e+00
1.031000e+01; 2.064706e+04; 1.154771e+00
1.031500e+01; 2.247856e+04; 1.155468e+00
1.032000e+01; 2.431686e+04; 1.156153e+00
1.032500e+01; 2.616175e+04; 1.156825e+00
1.033000e+01; 2.801304e+04; 1.157485e+00
1.033500e+01; 2.987052e+04; 1.158131e+00
1.034000e+01; 3.173401e+04; 1.158764e+00
1.034500e+01; 3.360330e+04; 1.159383e+00
1.035000e+01; 3.547822e+04; 1.159988e+00
1.035500e+01; 3.735857e+04; 1.160579e+00
1.036000e+01; 3.924418e+04; 1.161155e+00
1.036500e+01; 4.113487e+04; 1.161715e+00
1.037000e+01; 4.303047e+04; 1.162260e+00
1.037500e+01; 4.493080e+04; 1.162790e+00
1.038000e+01; 4.683570e+04; 1.163303e+00
1.038500e+01; 4.874502e+04; 1.163800e+00
1.039000e+01; 5.065858e+04; 1.164280e+00
1.039500e+01; 5.257624e+04; 1.164744e+00
1.040000e+01; 5.449785e+04; 1.165190e+00
1.040500e+01; 5.642326e+04; 1.165618e+00
1.041000e+01; 5.835232e+04; 1.166029e+00
1.041500e+01; 6.028490e+04; 1.166421e+00
1.042000e+01; 6.222086e+04; 1.166796e+00
1.042500e+01; 6.416007e+04; 1.167152e+00
1.043000e+01; 6.610239e+04; 1.167489e+00
1.043500e+01; 6.804771e+04; 1.167806e+00
1.044000e+01; 6.999589e+04; 1.168105e+00
1.044500e+01; 7.194682e+04; 1.168385e+00
1.045000e+01; 7.390039e+04; 1.168644e+00
1.045500e+01; 7.585647e+04; 1.168884e+00
1.046000e+01; 7.781495e+04; 1.169104e+00
1.046500e+01; 7.977574e+04; 1.169304e+00
1.047000e+01; 8.173872e+04; 1.169484e+00
1.047500e+01; 8.370378e+04; 1.169643e+00
1.048000e+01; 8.567083e+04; 1.169782e+00
1.048500e+01; 8.763977e+04; 1.169901e+00
1.049000e+01; 8.961049e+04; 1.169999e+00
1.049500e+01; 9.158291e+04; 1.170076e+00
1.050000e+01; 9.355693e+04; 1.170132e+00
1.050500e+01; 9.553245e+04; 1.170168e+00
1.051000e+01; 9.750938e+04; 1.170183e+00
1.051500e+01; 9.948763e+04; 1.170178e+00
1.052000e+01; 1.014671e+05; 1.170151e+00
1.052500e+01; 1.034477e+05; 1.170104e+00
1.053000e+01; 1.054294e+05; 1.170036e+00
1.053500e+01; 1.074120e+05; 1.169948e+00
1.054000e+01; 1.093955e+05; 1.169839e+00
1.054500e+01; 1.113798e+05; 1.169710e+00
1.055000e+01; 1.133648e+05; 1.169560e+00
1.055500e+01; 1.153503e+05; 1.169390e+00
1.056000e+01; 1.173364e+05; 1.169200e+00
1.056500e+01; 1.193228e+05; 1.168991e+00
1.057000e+01; 1.213096e+05; 1.168761e+00
1.057500e+01; 1.232966e+05; 1.168512e+00
1.058000e+01; 1.252836e+05; 1.168243e+00
1.058500e+01; 1.272707e+05; 1.167955e+00
1.059000e+01; 1.292577e+05; 1.167648e+00
1.059500e+01; 1.312444e+05; 1.167323e+00
1.060000e+01; 1.332308e+05; 1.166978e+00
1.060500e+01; 1.352167e+05; 1.166616e+00
1.061000e+01; 1.372021e+05; 1.166235e+00
1.061500e+01; 1.391868e+05; 1.165837e+00
1.062000e+01; 1.411706e+05; 1.165420e+00
1.062500e+01; 1.431534e+05; 1.164987e+00
1.063000e+01; 1.451352e+05; 1.164537e+00
1.063500e+01; 1.471156e+05; 1.164069e+00
1.064000e+01; 1.490947e+05; 1.163586e+00
1.064500e+01; 1.510721e+05; 1.163086e+00
1.065000e+01; 1.530479e+05; 1.162570e+00
1.065500e+01; 1.550217e+05; 1.162039e+00
1.066000e+01; 1.569934e+05; 1.161492e+00
1.066500e+01; 1.589628e+05; 1.160931e+00
1.067000e+01; 1.609297e+05; 1.160354e+00
1.067500e+01; 1.628940e+05; 1.159764e+00
1.068000e+01; 1.648553e+05; 1.159159e+00
1.068500e+01; 1.668135e+05; 1.158541e+00
1.069000e+01; 1.687684e+05; 1.157910e+00
1.069500e+01; 1.707197e+05; 1.157265e+00
1.070000e+01; 1.726672e+05; 1.156608e+00
1.070500e+01; 1.746107e+05; 1.155938e+00
1.071000e+01; 1.765498e+05; 1.155257e+00
1.071500e+01; 1.784843e+05; 1.154563e+00
1.072000e+01; 1.804139e+05; 1.153858e+00
1.072500e+01; 1.823384e+05; 1.153142e+00
1.073000e+01; 1.842574e+05; 1.152415e+00
1.073500e+01; 1.861706e+05; 1.151677e+00
1.074000e+01; 1.880778e+05; 1.150930e+00
1.074500e+01; 1.899786e+05; 1.150172e+00
1.075000e+01; 1.918726e+05; 1.149405e+00
1.075500e+01; 1.937596e+05; 1.148628e+00
1.076000e+01; 1.956392e+05; 1.147843e+00
1.076500e+01; 1.975110e+05; 1.147048e+00
1.077000e+01; 1.993748e+05; 1.146245e+00
1.077500e+01; 2.012300e+05; 1.145434e+00
1.078000e+01; 2.030764e+05; 1.144615e+00
1.078500e+01; 2.049135e+05; 1.143788e+00
1.079000e+01; 2.067410e+05; 1.142954e+00
1.079500e+01; 2.085585e+05; 1.142112e+00
1.080000e+01; 2.103656e+05; 1.141264e+00
1.080500e+01; 2.121619e+05; 1.140409e+00
1.081000e+01; 2.139470e+05; 1.139547e+00
1.081500e+01; 2.157204e+05; 1.138679e+00
1.082000e+01; 2.174818e+05; 1.137805e+00
1.082500e+01; 2.192308e+05; 1.136925e+00
1.083000e+01; 2.209668e+05; 1.136040e+00
1.083500e+01; 2.226896e+05; 1.135149e+00
1.084000e+01; 2.243987e+05; 1.134252e+00
1.084500e+01; 2.260936e+05; 1.133351e+00
1.085000e+01; 2.277740e+05; 1.132445e+00
1.085500e+01; 2.294394e+05; 1.131534e+00
1.086000e+01; 2.310895e+05; 1.130619e+00
1.086500e+01; 2.327237e+05; 1.129699e+00
1.087000e+01; 2.343418e+05; 1.128775e+00
1.087500e+01; 2.359433e+05; 1.127847e+00
1.088000e+01; 2.375278e+05; 1.126915e+00
1.088500e+01; 2.390949e+05; 1.125979e+00
1.089000e+01; 2.406443e+05; 1.125040e+00
1.089500e+01; 2.421755e+05; 1.124097e+00
1.090000e+01; 2.436882e+05; 1.123151e+00
1.090500e+01; 2.451821e+05; 1.122201e+00
1.091000e+01; 2.466567e+05; 1.121248e+00
1.091500e+01; 2.481118e+05; 1.120292e+00
1.092000e+01; 2.495470e+05; 1.119333e+00
1.092500e+01; 2.509621e+05; 1.118372e+00
1.093000e+01; 2.523567e+05; 1.117407e+00
1.093500e+01; 2.537305e+05; 1.116440e+00
1.094000e+01; 2.550833e+05; 1.115470e+00
1.094500e+01; 2.564148e+05; 1.114497e+00
1.095000e+01; 2.577247e+05; 1.113522e+00
1.095500e+01; 2.590129e+05; 1.112545e+00
1.096000e+01; 2.602791e+05; 1.111565e+00
1.096500e+01; 2.615232e+05; 1.110583e+00
1.097000e+01; 2.627449e+05; 1.109599e+00
1.097500e+01; 2.639442e+05; 1.108612e+00
1.098000e+01; 2.651208e+05; 1.107624e+00
1.098500e+01; 2.662747e+05; 1.106633e+00
1.099000e+01; 2.674057e+05; 1.105640e+00
1.099500e+01; 2.685138e+05; 1.104646e+00
1.100000e+01; 2.695989e+05; 1.103649e+00
1.100500e+01; 2.706609e+05; 1.102650e+00
1.101000e+01; 2.716999e+05; 1.101650e+00
1.101500e+01; 2.727159e+05; 1.100647e+00
1.102000e+01; 2.737088e+05; 1.099643e+00
1.102500e+01; 2.746786e+05; 1.098636e+00
1.103000e+01; 2.756255e+05; 1.097628e+00
1.103500e+01; 2.765495e+05; 1.096618e+00
1.104000e+01; 2.774506e+05; 1.095606e+00
1.104500e+01; 2.783291e+05; 1.094593e+00
1.105000e+01; 2.791850e+05; 1.093577e+00
1.105500e+01; 2.800185e+05; 1.092560e+00
1.106000e+01; 2.808296e+05; 1.091541e+00
1.106500e+01; 2.816187e+05; 1.090521e+00
1.107000e+01; 2.823859e+05; 1.089498e+00
1.107500e+01; 2.831313e+05; 1.088474e+00
1.108000e+01; 2.838553e+05; 1.087448e+00
1.108500e+01; 2.845581e+05; 1.086420e+00
1.109000e+01; 2.852399e+05; 1.085391e+00
1.109500e+01; 2.859010e+05; 1.084359e+00
1.110000e+01; 2.865416e+05; 1.083326e+00
1.110500e+01; 2.871621e+05; 1.082292e+00
1.111000e+01; 2.877628e+05; 1.081255e+00
1.111500e+01; 2.883439e+05; 1.080217e+00
1.112000e+01; 2.889058e+05; 1.079177e+00
1.112500e+01; 2.894489e+05; 1.078135e+00
1.113000e+01; 2.899734e+05; 1.077091e+00
1.113500e+01; 2.904798e+05; 1.076046e+00
1.114000e+01; 2.909683e+05; 1.074999e+00
1.114500e+01; 2.914394e+05; 1.073950e+00
1.115000e+01; 2.918934e+05; 1.072900e+00
1.115500e+01; 2.923307e+05; 1.071848e+00
1.116000e+01; 2.927517e+05; 1.070794e+00
1.116500e+01; 2.931567e+05; 1.069738e+00
1.117000e+01; 2.935462e+05; 1.068681e+00
1.117500e+01; 2.939205e+05; 1.067622e+00
1.118000e+01; 2.942799e+05; 1.066562e+00
1.118500e+01; 2.946250e+05; 1.065499e+00
1.119000e+01; 2.949561e+05; 1.064436e+00
1.119500e+01; 2.952735e+05; 1.063370e+00
1.120000e+01; 2.955777e+05; 1.062303e+00
1.120500e+01; 2.958690e+05; 1.061235e+00
1.121000e+01; 2.961478e+05; 1.060165e+00
1.121500e+01; 2.964146e+05; 1.059094e+00
1.122000e+01; 2.966696e+05; 1.058021e+00
1.122500e+01; 2.969133e+05; 1.056947e+00
1.123000e+01; 2.971460e+05; 1.055871e+00
1.123500e+01; 2.973680e+05; 1.054794e+00
1.124000e+01; 2.975798e+05; 1.053716e+00
1.124500e+01; 2.977816e+05; 1.052637e+00
1.125000e+01; 2.979739e+05; 1.051557e+00
1.125500e+01; 2.981570e+05; 1.050475e+00
1.126000e+01; 2.983311e+05; 1.049393e+00
1.126500e+01; 2.984966e+05; 1.048309e+00
1.127000e+01; 2.986539e+05; 1.047225e+00
1.127500e+01; 2.988032e+05; 1.046140e+00
1.128000e+01; 2.989448e+05; 1.045054e+00
1.128500e+01; 2.990790e+05; 1.043968e+00
1.129000e+01; 2.992062e+05; 1.042881e+00
1.129500e+01; 2.993265e+05; 1.041793e+00
1.130000e+01; 2.994403e+05; 1.040705e+00
1.130500e+01; 2.995478e+05; 1.039617e+00
1.131000e+01; 2.996492e+05; 1.038528e+00
1.131500e+01; 2.997449e+05; 1.037439e+00
1.132000e+01; 2.998349e+05; 1.036351e+00
1.132500e+01; 2.999196e+05; 1.035262e+00
1.133000e+01; 2.999992e+05; 1.034173e+00
1.133500e+01; 3.000738e+05; 1.033085e+00
1.134000e+01; 3.001437e+05; 1.031997e+00
1.134500e+01; 3.002090e+05; 1.030909e+00
1.135000e+01; 3.002700e+05; 1.029822e+00
1.135500e+01; 3.003267e+05; 1.028735e+00
1.136000e+01; 3.003794e+05; 1.027649e+00
1.136500e+01; 3.004282e+05; 1.026564e+00
1.137000e+01; 3.004733e+05; 1.025480e+00
1.137500e+01; 3.005147e+05; 1.024397e+00
1.138000e+01; 3.005527e+05; 1.023315e+00
1.138500e+01; 3.005873e+05; 1.022234e+00
1.139000e+01; 3.006186e+05; 1.021154e+00
1.139500e+01; 3.006468e+05; 1.020076e+00
1.140000e+01; 3.006719e+05; 1.018999e+00
1.140500e+01; 3.006941e+05; 1.017924e+00
1.141000e+01; 3.007133e+05; 1.016851e+00
1.141500e+01; 3.007298e+05; 1.015779e+00
1.142000e+01; 3.007435e+05; 1.014710e+00
1.142500e+01; 3.007545e+05; 1.013642e+00
1.143000e+01; 3.007628e+05; 1.012576e+00
1.143500e+01; 3.007686e+05; 1.011512e+00
1.144000e+01; 3.007718e+05; 1.010451e+00
1.144500e+01; 3.007725e+05; 1.009391e+00
1.145000e+01; 3.007707e+05; 1.008334e+00
1.145500e+01; 3.007665e+05; 1.007279e+00
1.146000e+01; 3.007597e+05; 1.006227e+00
1.146500e+01; 3.007505e+05; 1.005177e+00
1.147000e+01; 3.007388e+05; 1.004130e+00
1.147500e+01; 3.007247e+05; 1.003085e+00
1.148000e+01; 3.007081e+05; 1.002043e+00
1.148500e+01; 3.006890e+05; 1.001004e+00
1.149000e+01; 3.006674e+05; 9.999669e-01
1.149500e+01; 3.006433e+05; 9.989328e-01
1.150000e+01; 3.006166e+05; 9.979014e-01
1.150500e+01; 3.005872e+05; 9.968728e-01
1.151000e+01; 3.005553e+05; 9.958470e-01
1.151500e+01; 3.005206e+05; 9.948239e-01
1.152000e+01; 3.004831e+05; 9.938035e-01
1.152500e+01; 3.004429e+05; 9.927860e-01
1.153000e+01; 3.003998e+05; 9.917712e-01
1.153500e+01; 3.003537e+05; 9.907591e-01
1.154000e+01; 3.003046e+05; 9.897498e-01
1.154500e+01; 3.002524e+05; 9.887431e-01
1.155000e+01; 3.001970e+05; 9.877392e-01
1.155500e+01; 3.001384e+05; 9.867379e-01
1.156000e+01; 3.000764e+05; 9.857392e-01
1.156500e+01; 3.000110e+05; 9.847432e-01
1.157000e+01; 2.999420e+05; 9.837496e-01
1.157500e+01; 2.998694e+05; 9.827585e-01
1.158000e+01; 2.997930e+05; 9.817699e-01
1.158500e+01; 2.997127e+05; 9.807837e-01
1.159000e+01; 2.996285e+05; 9.797998e-01
1.159500e+01; 2.995401e+05; 9.788181e-01
1.160000e+01; 2.994475e+05; 9.778387e-01
1.160500e+01; 2.993505e+05; 9.768614e-01
1.161000e+01; 2.992491e+05; 9.758861e-01
1.161500e+01; 2.991430e+05; 9.749129e-01
1.162000e+01; 2.990321e+05; 9.739416e-01
1.162500e+01; 2.989164e+05; 9.729721e-01
1.163000e+01; 2.987956e+05; 9.720044e-01
1.163500e+01; 2.986695e+05; 9.710384e-01
1.164000e+01; 2.985382e+05; 9.700740e-01
1.164500e+01; 2.984012e+05; 9.691111e-01
1.165000e+01; 2.982587e+05; 9.681496e-01
1.165500e+01; 2.981102e+05; 9.671896e-01
1.166000e+01; 2.979558e+05; 9.662308e-01
1.166500e+01; 2.977952e+05; 9.652732e-01
1.167000e+01; 2.976282e+05; 9.643167e-01
1.167500e+01; 2.974548e+05; 9.633612e-01
1.168000e+01; 2.972746e+05; 9.624067e-01
1.168500e+01; 2.970875e+05; 9.614531e-01
1.169000e+01; 2.968934e+05; 9.605002e-01
1.169500e+01; 2.966921e+05; 9.595481e-01
1.170000e+01; 2.964833e+05; 9.585966e-01
1.170500e+01; 2.962669e+05; 9.576456e-01
1.171000e+01; 2.960426e+05; 9.566951e-01
1.171500e+01; 2.958104e+05; 9.557450e-01
1.172000e+01; 2.955700e+05; 9.547952e-01
1.172500e+01; 2.953212e+05; 9.538456e-01
1.173000e+01; 2.950638e+05; 9.528963e-01
1.173500e+01; 2.947976e+05; 9.519470e-01
1.174000e+01; 2.945224e+05; 9.509979e-01
1.174500e+01; 2.942381e+05; 9.500487e-01
1.175000e+01; 2.939443e+05; 9.490994e-01
1.175500e+01; 2.936410e+05; 9.481500e-01
1.176000e+01; 2.933279e+05; 9.472005e-01
1.176500e+01; 2.930048e+05; 9.462507e-01
1.177000e+01; 2.926715e+05; 9.453007e-01
1.177500e+01; 2.923278e+05; 9.443503e-01
1.178000e+01; 2.919735e+05; 9.433996e-01
1.178500e+01; 2.916085e+05; 9.424484e-01
1.179000e+01; 2.912324e+05; 9.414968e-01
1.179500e+01; 2.908452e+05; 9.405448e-01
1.180000e+01; 2.904466e+05; 9.395923e-01
1.180500e+01; 2.900363e+05; 9.386392e-01
1.181000e+01; 2.896143e+05; 9.376856e-01
1.181500e+01; 2.891804e+05; 9.367314e-01
1.182000e+01; 2.887343e+05; 9.357766e-01
1.182500e+01; 2.882758e+05; 9.348212e-01
1.183000e+01; 2.878048e+05; 9.338651e-01
1.183500e+01; 2.873210e+05; 9.329085e-01
1.184000e+01; 2.868244e+05; 9.319512e-01
1.184500e+01; 2.863147e+05; 9.309933e-01
1.185000e+01; 2.857917e+05; 9.300348e-01
1.185500e+01; 2.852553e+05; 9.290756e-01
1.186000e+01; 2.847052e+05; 9.281158e-01
1.186500e+01; 2.841415e+05; 9.271553e-01
1.187000e+01; 2.835638e+05; 9.261943e-01
1.187500e+01; 2.829720e+05; 9.252326e-01
1.188000e+01; 2.823660e+05; 9.242704e-01
1.188500e+01; 2.817456e+05; 9.233076e-01
1.189000e+01; 2.811106e+05; 9.223443e-01
1.189500e+01; 2.804610e+05; 9.213805e-01
1.190000e+01; 2.797966e+05; 9.204161e-01
1.190500e+01; 2.791173e+05; 9.194514e-01
1.191000e+01; 2.784229e+05; 9.184861e-01
1.191500e+01; 2.777133e+05; 9.175205e-01
1.192000e+01; 2.769884e+05; 9.165546e-01
1.192500e+01; 2.762481e+05; 9.155883e-01
1.193000e+01; 2.754924e+05; 9.146217e-01
1.193500e+01; 2.747210e+05; 9.136550e-01
1.194000e+01; 2.739339e+05; 9.126880e-01
1.194500e+01; 2.731311e+05; 9.117209e-01
1.195000e+01; 2.723124e+05; 9.107537e-01
1.195500e+01; 2.714778e+05; 9.097864e-01
1.196000e+01; 2.706272e+05; 9.088192e-01
1.196500e+01; 2.697605e+05; 9.078521e-01
1.197000e+01; 2.688777e+05; 9.068851e-01
1.197500e+01; 2.679788e+05; 9.059183e-01
1.198000e+01; 2.670637e+05; 9.049518e-01
1.198500e+01; 2.661324e+05; 9.039856e-01
1.199000e+01; 2.651848e+05; 9.030199e-01
1.199500e+01; 2.642210e+05; 9.020545e-01
1.200000e+01; 2.632408e+05; 9.010898e-01
1.200500e+01; 2.622444e+05; 9.001257e-01
1.201000e+01; 2.612317e+05; 8.991623e-01
1.201500e+01; 2.602027e+05; 8.981996e-01
1.202000e+01; 2.591575e+05; 8.972379e-01
1.202500e+01; 2.580960e+05; 8.962771e-01
1.203000e+01; 2.570183e+05; 8.953174e-01
1.203500e+01; 2.559244e+05; 8.943588e-01
1.204000e+01; 2.548143e+05; 8.934015e-01
1.204500e+01; 2.536882e+05; 8.924455e-01
1.205000e+01; 2.525460e+05; 8.914909e-01
1.205500e+01; 2.513878e+05; 8.905379e-01
1.206000e+01; 2.502138e+05; 8.895866e-01
1.206500e+01; 2.490239e+05; 8.886370e-01
1.207000e+01; 2.478182e+05; 8.876893e-01
1.207500e+01; 2.465968e+05; 8.867436e-01
1.208000e+01; 2.453599e+05; 8.858001e-01
1.208500e+01; 2.441075e+05; 8.848588e-01
1.209000e+01; 2.428396e+05; 8.839199e-01
1.209500e+01; 2.415566e+05; 8.829834e-01
1.210000e+01; 2.402583e+05; 8.820497e-01
1.210500e+01; 2.389450e+05; 8.811187e-01
1.211000e+01; 2.376168e+05; 8.801906e-01
1.211500e+01; 2.362738e+05; 8.792656e-01
1.212000e+01; 2.349161e+05; 8.783439e-01
1.212500e+01; 2.335440e+05; 8.774255e-01
1.213000e+01; 2.321574e+05; 8.765107e-01
1.213500e+01; 2.307566e+05; 8.755995e-01
1.214000e+01; 2.293418e+05; 8.746923e-01
1.214500e+01; 2.279131e+05; 8.737890e-01
1.215000e+01; 2.264705e+05; 8.728900e-01
1.215500e+01; 2.250144e+05; 8.719954e-01
1.216000e+01; 2.235449e+05; 8.711053e-01
1.216500e+01; 2.220622e+05; 8.702200e-01
1.217000e+01; 2.205663e+05; 8.693397e-01
1.217500e+01; 2.190576e+05; 8.684645e-01
1.218000e+01; 2.175361e+05; 8.675946e-01
1.218500e+01; 2.160021e+05; 8.667303e-01
1.219000e+01; 2.144557e+05; 8.658717e-01
1.219500e+01; 2.128972e+05; 8.650191e-01
1.220000e+01; 2.113267e+05; 8.641727e-01
1.220500e+01; 2.097444e+05; 8.633327e-01
1.221000e+01; 2.081505e+05; 8.624992e-01
1.221500e+01; 2.065453e+05; 8.616727e-01
1.222000e+01; 2.049288e+05; 8.608532e-01
1.222500e+01; 2.033013e+05; 8.600410e-01
1.223000e+01; 2.016630e+05; 8.592363e-01
1.223500e+01; 2.000141e+05; 8.584394e-01
1.224000e+01; 1.983548e+05; 8.576505e-01
1.224500e+01; 1.966853e+05; 8.568699e-01
1.225000e+01; 1.950058e+05; 8.560978e-01
1.225500e+01; 1.933164e+05; 8.553344e-01
1.226000e+01; 1.916175e+05; 8.545801e-01
1.226500e+01; 1.899091e+05; 8.538350e-01
1.227000e+01; 1.881915e+05; 8.530994e-01
1.227500e+01; 1.864649e+05; 8.523736e-01
1.228000e+01; 1.847295e+05; 8.516578e-01
1.228500e+01; 1.829854e+05; 8.509523e-01
1.229000e+01; 1.812330e+05; 8.502573e-01
1.229500e+01; 1.794723e+05; 8.495732e-01
1.230000e+01; 1.777036e+05; 8.489001e-01
1.230500e+01; 1.759270e+05; 8.482383e-01
1.231000e+01; 1.741428e+05; 8.475881e-01
1.231500e+01; 1.723511e+05; 8.469498e-01
1.232000e+01; 1.705521e+05; 8.463236e-01
1.232500e+01; 1.687461e+05; 8.457097e-01
1.233000e+01; 1.669332e+05; 8.451085e-01
1.233500e+01; 1.651135e+05; 8.445201e-01
1.234000e+01; 1.632873e+05; 8.439449e-01
1.234500e+01; 1.614548e+05; 8.433831e-01
1.235000e+01; 1.596160e+05; 8.428348e-01
1.235500e+01; 1.577713e+05; 8.423005e-01
1.236000e+01; 1.559207e+05; 8.417802e-01
1.236500e+01; 1.540645e+05; 8.412743e-01
1.237000e+01; 1.522028e+05; 8.407830e-01
1.237500e+01; 1.503358e+05; 8.403065e-01
1.238000e+01; 1.484636e+05; 8.398451e-01
1.238500e+01; 1.465864e+05; 8.393988e-01
1.239000e+01; 1.447044e+05; 8.389681e-01
1.239500e+01; 1.428177e+05; 8.385530e-01
1.240000e+01; 1.409265e+05; 8.381538e-01
1.240500e+01; 1.390309e+05; 8.377707e-01
1.241000e+01; 1.371311e+05; 8.374038e-01
1.241500e+01; 1.352272e+05; 8.370534e-01
1.242000e+01; 1.333194e+05; 8.367196e-01
1.242500e+01; 1.314079e+05; 8.364026e-01
1.243000e+01; 1.294927e+05; 8.361026e-01
1.243500e+01; 1.275741e+05; 8.358196e-01
1.244000e+01; 1.256521e+05; 8.355539e-01
1.244500e+01; 1.237269e+05; 8.353056e-01
1.245000e+01; 1.217987e+05; 8.350747e-01
1.245500e+01; 1.198675e+05; 8.348615e-01
1.246000e+01; 1.179336e+05; 8.346660e-01
1.246500e+01; 1.159970e+05; 8.344884e-01
1.247000e+01; 1.140578e+05; 8.343286e-01
1.247500e+01; 1.121163e+05; 8.341869e-01
1.248000e+01; 1.101726e+05; 8.340633e-01
1.248500e+01; 1.082267e+05; 8.339577e-01
1.249000e+01; 1.062788e+05; 8.338704e-01
1.249500e+01; 1.043290e+05; 8.338013e-01
1.250000e+01; 1.023775e+05; 8.337504e-01
1.250500e+01; 1.004244e+05; 8.337178e-01
1.251000e+01; 9.846982e+04; 8.337035e-01
1.251500e+01; 9.651389e+04; 8.337075e-01
1.252000e+01; 9.455674e+04; 8.337298e-01
1.252500e+01; 9.259851e+04; 8.337704e-01
1.253000e+01; 9.063932e+04; 8.338291e-01
1.253500e+01; 8.867931e+04; 8.339061e-01
1.254000e+01; 8.671861e+04; 8.340013e-01
1.254500e+01; 8.475736e+04; 8.341145e-01
1.255000e+01; 8.279568e+04; 8.342457e-01
1.255500e+01; 8.083373e+04; 8.343949e-01
1.256000e+01; 7.887163e+04; 8.345619e-01
1.256500e+01; 7.690953e+04; 8.347467e-01
1.257000e+01; 7.494758e+04; 8.349492e-01
1.257500e+01; 7.298592e+04; 8.351692e-01
1.258000e+01; 7.102469e+04; 8.354066e-01
1.258500e+01; 6.906405e+04; 8.356614e-01
1.259000e+01; 6.710415e+04; 8.359332e-01
1.259500e+01; 6.514515e+04; 8.362221e-01
1.260000e+01; 6.318721e+04; 8.365279e-01
1.260500e+01; 6.123049e+04; 8.368503e-01
1.261000e+01; 5.927517e+04; 8.371892e-01
1.261500e+01; 5.732140e+04; 8.375445e-01
1.262000e+01; 5.536936e+04; 8.379160e-01
1.262500e+01; 5.341923e+04; 8.383035e-01
1.263000e+01; 5.147120e+04; 8.387067e-01
1.263500e+01; 4.952545e+04; 8.391255e-01
1.264000e+01; 4.758217e+04; 8.395597e-01
1.264500e+01; 4.564156e+04; 8.400091e-01
1.265000e+01; 4.370381e+04; 8.404734e-01
1.265500e+01; 4.176913e+04; 8.409524e-01
1.266000e+01; 3.983773e+04; 8.414460e-01
1.266500e+01; 3.790982e+04; 8.419539e-01
1.267000e+01; 3.598562e+04; 8.424758e-01
1.267500e+01; 3.406536e+04; 8.430115e-01
1.268000e+01; 3.214925e+04; 8.435608e-01
1.268500e+01; 3.023754e+04; 8.441235e-01
1.269000e+01; 2.833047e+04; 8.446993e-01
1.269500e+01; 2.642827e+04; 8.452879e-01
1.270000e+01; 2.453119e+04; 8.458892e-01
1.270500e+01; 2.263948e+04; 8.465028e-01
1.271000e+01; 2.075341e+04; 8.471286e-01
1.271500e+01; 1.887323e+04; 8.477663e-01
1.272000e+01; 1.699921e+04; 8.484156e-01
1.272500e+01; 1.513163e+04; 8.490763e-01
1.273000e+01; 1.327075e+04; 8.497482e-01
1.273500e+01; 1.141685e+04; 8.504309e-01
1.274000e+01; 9.570228e+03; 8.511243e-01
1.274500e+01; 7.731160e+03; 8.518282e-01
1.275000e+01; 5.899941e+03; 8.525422e-01
1.275500e+01; 4.076865e+03; 8.532662e-01
1.276000e+01; 2.262230e+03; 8.539998e-01
1.276500e+01; 4.563385e+02; 8.547429e-01
1.277000e+01; -1.340506e+03; 8.554953e-01
1.277500e+01; -3.127996e+03; 8.562566e-01
1.278000e+01; -4.905824e+03; 8.570268e-01
1.278500e+01; -6.673677e+03; 8.578054e-01
1.279000e+01; -8.431243e+03; 8.585924e-01
1.279500e+01; -1.017821e+04; 8.593875e-01
1.280000e+01; -1.191425e+04; 8.601904e-01
1.280500e+01; -1.363907e+04; 8.610011e-01
1.281000e+01; -1.535233e+04; 8.618192e-01
1.281500e+01; -1.705373e+04; 8.626445e-01
1.282000e+01; -1.874294e+04; 8.634769e-01
1.282500e+01; -2.041966e+04; 8.643162e-01
1.283000e+01; -2.208357e+04; 8.651621e-01
1.283500e+01; -2.373434e+04; 8.660145e-01
1.284000e+01; -2.537169e+04; 8.668732e-01
1.284500e+01; -2.699529e+04; 8.677380e-01
1.285000e+01; -2.860484e+04; 8.686088e-01
1.285500e+01; -3.020003e+04; 8.694853e-01
1.286000e+01; -3.178058e+04; 8.703673e-01
1.286500e+01; -3.334617e+04; 8.712548e-01
1.287000e+01; -3.489654e+04; 8.721476e-01
1.287500e+01; -3.643138e+04; 8.730455e-01
1.288000e+01; -3.795042e+04; 8.739484e-01
1.288500e+01; -3.945339e+04; 8.748560e-01
1.289000e+01; -4.094001e+04; 8.757684e-01
1.289500e+01; -4.241003e+04; 8.766852e-01
1.290000e+01; -4.386319e+04; 8.776065e-01
1.290500e+01; -4.529925e+04; 8.785320e-01
1.291000e+01; -4.671796e+04; 8.794617e-01
1.291500e+01; -4.811911e+04; 8.803955e-01
1.292000e+01; -4.950245e+04; 8.813331e-01
1.292500e+01; -5.086779e+04; 8.822746e-01
1.293000e+01; -5.221492e+04; 8.832197e-01
1.293500e+01; -5.354364e+04; 8.841684e-01
1.294000e+01; -5.485378e+04; 8.851207e-01
1.294500e+01; -5.614515e+04; 8.860763e-01
1.295000e+01; -5.741759e+04; 8.870352e-01
1.295500e+01; -5.867096e+04; 8.879973e-01
1.296000e+01; -5.990512e+04; 8.889626e-01
1.296500e+01; -6.111992e+04; 8.899309e-01
1.297000e+01; -6.231526e+04; 8.909022e-01
1.297500e+01; -6.349102e+04; 8.918764e-01
1.298000e+01; -6.464713e+04; 8.928534e-01
1.298500e+01; -6.578348e+04; 8.938332e-01
1.299000e+01; -6.690001e+04; 8.948157e-01
1.299500e+01; -6.799667e+04; 8.958008e-01
1.300000e+01; -6.907341e+04; 8.967884e-01
1.300500e+01; -7.013019e+04; 8.977786e-01
1.301000e+01; -7.116700e+04; 8.987713e-01
1.301500e+01; -7.218382e+04; 8.997663e-01
1.302000e+01; -7.318067e+04; 9.007637e-01
1.302500e+01; -7.415755e+04; 9.017635e-01
1.303000e+01; -7.511450e+04; 9.027655e-01
1.303500e+01; -7.605156e+04; 9.037697e-01
1.304000e+01; -7.696878e+04; 9.047761e-01
1.304500e+01; -7.786623e+04; 9.057847e-01
1.305000e+01; -7.874398e+04; 9.067954e-01
1.305500e+01; -7.960213e+04; 9.078081e-01
1.306000e+01; -8.044078e+04; 9.088229e-01
1.306500e+01; -8.126003e+04; 9.098397e-01
1.307000e+01; -8.206001e+04; 9.108585e-01
1.307500e+01; -8.284086e+04; 9.118792e-01
1.308000e+01; -8.360271e+04; 9.129019e-01
1.308500e+01; -8.434573e+04; 9.139264e-01
1.309000e+01; -8.507008e+04; 9.149528e-01
1.309500e+01; -8.577593e+04; 9.159810e-01
1.310000e+01; -8.646347e+04; 9.170110e-01
1.310500e+01; -8.713289e+04; 9.180427e-01
1.311000e+01; -8.778439e+04; 9.190763e-01
1.311500e+01; -8.841817e+04; 9.201115e-01
1.312000e+01; -8.903447e+04; 9.211484e-01
1.312500e+01; -8.963349e+04; 9.221870e-01
1.313000e+01; -9.021548e+04; 9.232272e-01
1.313500e+01; -9.078067e+04; 9.242691e-01
1.314000e+01; -9.132930e+04; 9.253125e-01
1.314500e+01; -9.186163e+04; 9.263575e-01
1.315000e+01; -9.237792e+04; 9.274040e-01
1.315500e+01; -9.287841e+04; 9.284520e-01
1.316000e+01; -9.336339e+04; 9.295014e-01
1.316500e+01; -9.383311e+04; 9.305523e-01
1.317000e+01; -9.428785e+04; 9.316046e-01
1.317500e+01; -9.472788e+04; 9.326583e-01
1.318000e+01; -9.515349e+04; 9.337132e-01
1.318500e+01; -9.556495e+04; 9.347695e-01
1.319000e+01; -9.596255e+04; 9.358271e-01
1.319500e+01; -9.634657e+04; 9.368858e-01
1.320000e+01; -9.671730e+04; 9.379458e-01
1.320500e+01; -9.707503e+04; 9.390069e-01
1.321000e+01; -9.742004e+04; 9.400691e-01
1.321500e+01; -9.775261e+04; 9.411323e-01
1.322000e+01; -9.807303e+04; 9.421966e-01
1.322500e+01; -9.838159e+04; 9.432618e-01
1.323000e+01; -9.867858e+04; 9.443280e-01
1.323500e+01; -9.896426e+04; 9.453951e-01
1.324000e+01; -9.923894e+04; 9.464629e-01
1.324500e+01; -9.950287e+04; 9.475316e-01
1.325000e+01; -9.975634e+04; 9.486009e-01
1.325500e+01; -9.999961e+04; 9.496709e-01
1.326000e+01; -1.002330e+05; 9.507416e-01
1.326500e+01; -1.004567e+05; 9.518128e-01
1.327000e+01; -1.006710e+05; 9.528845e-01
1.327500e+01; -1.008761e+05; 9.539566e-01
1.328000e+01; -1.010724e+05; 9.550291e-01
1.328500e+01; -1.012601e+05; 9.561020e-01
1.329000e+01; -1.014394e+05; 9.571751e-01
1.329500e+01; -1.016105e+05; 9.582483e-01
1.330000e+01; -1.017737e+05; 9.593218e-01
1.330500e+01; -1.019292e+05; 9.603952e-01
1.331000e+01; -1.020772e+05; 9.614687e-01
1.331500e+01; -1.022180e+05; 9.625422e-01
1.332000e+01; -1.023518e+05; 9.636154e-01
1.332500e+01; -1.024788e+05; 9.646885e-01
1.333000e+01; -1.025991e+05; 9.657614e-01
1.333500e+01; -1.027130e+05; 9.668338e-01
1.334000e+01; -1.028206e+05; 9.679059e-01
1.334500e+01; -1.029222e+05; 9.689776e-01
1.335000e+01; -1.030179e+05; 9.700486e-01
1.335500e+01; -1.031079e+05; 9.711191e-01
1.336000e+01; -1.031923e+05; 9.721889e-01
1.336500e+01; -1.032713e+05; 9.732580e-01
1.337000e+01; -1.033450e+05; 9.743262e-01
1.337500e+01; -1.034137e+05; 9.753936e-01
1.338000e+01; -1.034773e+05; 9.764601e-01
1.338500e+01; -1.035362e+05; 9.775255e-01
1.339000e+01; -1.035902e+05; 9.785899e-01
1.339500e+01; -1.036397e+05; 9.796532e-01
1.340000e+01; -1.036847e+05; 9.807153e-01
1.340500e+01; -1.037253e+05; 9.817761e-01
1.341000e+01; -1.037616e+05; 9.828356e-01
1.341500e+01; -1.037936e+05; 9.838938e-01
1.342000e+01; -1.038216e+05; 9.849506e-01
1.342500e+01; -1.038454e+05; 9.860059e-01
1.343000e+01; -1.038653e+05; 9.870596e-01
1.343500e+01; -1.038813e+05; 9.881119e-01
1.344000e+01; -1.038934e+05; 9.891625e-01
1.344500e+01; -1.039016e+05; 9.902114e-01
1.345000e+01; -1.039061e+05; 9.912586e-01
1.345500e+01; -1.039069e+05; 9.923041e-01
1.346000e+01; -1.039039e+05; 9.933479e-01
1.346500e+01; -1.038973e+05; 9.943898e-01
1.347000e+01; -1.038870e+05; 9.954298e-01
1.347500e+01; -1.038731e+05; 9.964680e-01
1.348000e+01; -1.038555e+05; 9.975043e-01
1.348500e+01; -1.038343e+05; 9.985387e-01
1.349000e+01; -1.038095e+05; 9.995711e-01
1.349500e+01; -1.037810e+05; 1.000602e+00
1.350000e+01; -1.037488e+05; 1.001630e+00
1.350500e+01; -1.037129e+05; 1.002656e+00
1.351000e+01; -1.036734e+05; 1.003681e+00
1.351500e+01; -1.036301e+05; 1.004703e+00
1.352000e+01; -1.035830e+05; 1.005724e+00
1.352500e+01; -1.035321e+05; 1.006742e+00
1.353000e+01; -1.034773e+05; 1.007759e+00
1.353500e+01; -1.034186e+05; 1.008773e+00
1.354000e+01; -1.033560e+05; 1.009785e+00
1.354500e+01; -1.032893e+05; 1.010796e+00
1.355000e+01; -1.032185e+05; 1.011804e+00
1.355500e+01; -1.031435e+05; 1.012810e+00
1.356000e+01; -1.030643e+05; 1.013815e+00
1.356500e+01; -1.029808e+05; 1.014817e+00
1.357000e+01; -1.028928e+05; 1.015818e+00
1.357500e+01; -1.028004e+05; 1.016816e+00
1.358000e+01; -1.027033e+05; 1.017813e+00
1.358500e+01; -1.026016e+05; 1.018808e+00
1.359000e+01; -1.024951e+05; 1.019801e+00
1.359500e+01; -1.023837e+05; 1.020793e+00
1.360000e+01; -1.022674e+05; 1.021782e+00
1.360500e+01; -1.021459e+05; 1.022770e+00
1.361000e+01; -1.020192e+05; 1.023757e+00
1.361500e+01; -1.018871e+05; 1.024741e+00
1.362000e+01; -1.017496e+05; 1.025725e+00
1.362500e+01; -1.016065e+05; 1.026706e+00
1.363000e+01; -1.014577e+05; 1.027686e+00
1.363500e+01; -1.013031e+05; 1.028665e+00
1.364000e+01; -1.011424e+05; 1.029642e+00
1.364500e+01; -1.009757e+05; 1.030618e+00
1.365000e+01; -1.008027e+05; 1.031593e+00
1.365500e+01; -1.006233e+05; 1.032566e+00
1.366000e+01; -1.004373e+05; 1.033538e+00
1.366500e+01; -1.002447e+05; 1.034509e+00
1.367000e+01; -1.000452e+05; 1.035479e+00
1.367500e+01; -9.983872e+04; 1.036448e+00
1.368000e+01; -9.962509e+04; 1.037416e+00
1.368500e+01; -9.940417e+04; 1.038383e+00
1.369000e+01; -9.917578e+04; 1.039349e+00
1.369500e+01; -9.893978e+04; 1.040314e+00
1.370000e+01; -9.869599e+04; 1.041278e+00
1.370500e+01; -9.844426e+04; 1.042242e+00
1.371000e+01; -9.818442e+04; 1.043205e+00
1.371500e+01; -9.791631e+04; 1.044167e+00
1.372000e+01; -9.763976e+04; 1.045129e+00
1.372500e+01; -9.735461e+04; 1.046090e+00
1.373000e+01; -9.706068e+04; 1.047051e+00
1.373500e+01; -9.675781e+04; 1.048011e+00
1.374000e+01; -9.644583e+04; 1.048971e+00
1.374500e+01; -9.612457e+04; 1.049931e+00
1.375000e+01; -9.579386e+04; 1.050890e+00
1.375500e+01; -9.545354e+04; 1.051849e+00
1.376000e+01; -9.510342e+04; 1.052807e+00
1.376500e+01; -9.474335e+04; 1.053766e+00
1.377000e+01; -9.437315e+04; 1.054724e+00
1.377500e+01; -9.399266e+04; 1.055682e+00
1.378000e+01; -9.360170e+04; 1.056640e+00
1.378500e+01; -9.320012e+04; 1.057598e+00
1.379000e+01; -9.278774e+04; 1.058555e+00
1.379500e+01; -9.236440e+04; 1.059513e+00
1.380000e+01; -9.192994e+04; 1.060471e+00
1.380500e+01; -9.148419e+04; 1.061429e+00
1.381000e+01; -9.102699e+04; 1.062387e+00
1.381500e+01; -9.055819e+04; 1.063344e+00
1.382000e+01; -9.007763e+04; 1.064302e+00
1.382500e+01; -8.958515e+04; 1.065260e+00
1.383000e+01; -8.908060e+04; 1.066218e+00
1.383500e+01; -8.856384e+04; 1.067177e+00
1.384000e+01; -8.803470e+04; 1.068135e+00
1.384500e+01; -8.749305e+04; 1.069093e+00
1.385000e+01; -8.693874e+04; 1.070052e+00
1.385500e+01; -8.637163e+04; 1.071010e+00
1.386000e+01; -8.579159e+04; 1.071969e+00
1.386500e+01; -8.519849e+04; 1.072928e+00
1.387000e+01; -8.459219e+04; 1.073887e+00
1.387500e+01; -8.397256e+04; 1.074845e+00
1.388000e+01; -8.333948e+04; 1.075804e+00
1.388500e+01; -8.269284e+04; 1.076763e+00
1.389000e+01; -8.203252e+04; 1.077722e+00
1.389500e+01; -8.135839e+04; 1.078681e+00
1.390000e+01; -8.067037e+04; 1.079640e+00
1.390500e+01; -7.996833e+04; 1.080599e+00
1.391000e+01; -7.925219e+04; 1.081558e+00
1.391500e+01; -7.852185e+04; 1.082517e+00
1.392000e+01; -7.777722e+04; 1.083475e+00
1.392500e+01; -7.701820e+04; 1.084433e+00
1.393000e+01; -7.624472e+04; 1.085391e+00
1.393500e+01; -7.545671e+04; 1.086349e+00
1.394000e+01; -7.465408e+04; 1.087307e+00
1.394500e+01; -7.383678e+04; 1.088264e+00
1.395000e+01; -7.300473e+04; 1.089220e+00
1.395500e+01; -7.215789e+04; 1.090176e+00
1.396000e+01; -7.129620e+04; 1.091132e+00
1.396500e+01; -7.041961e+04; 1.092087e+00
1.397000e+01; -6.952809e+04; 1.093041e+00
1.397500e+01; -6.862158e+04; 1.093995e+00
1.398000e+01; -6.770008e+04; 1.094947e+00
1.398500e+01; -6.676353e+04; 1.095899e+00
1.399000e+01; -6.581194e+04; 1.096850e+00
1.399500e+01; -6.484527e+04; 1.097800e+00
1.400000e+01; -6.386353e+04; 1.098749e+00
1.400500e+01; -6.286670e+04; 1.099697e+00
1.401000e+01; -6.185479e+04; 1.100643e+00
1.401500e+01; -6.082780e+04; 1.101588e+00
1.402000e+01; -5.978574e+04; 1.102532e+00
1.402500e+01; -5.872863e+04; 1.103474e+00
1.403000e+01; -5.765650e+04; 1.104414e+00
1.403500e+01; -5.656936e+04; 1.105352e+00
1.404000e+01; -5.546726e+04; 1.106289e+00
1.404500e+01; -5.435023e+04; 1.107224e+00
1.405000e+01; -5.321831e+04; 1.108157e+00
1.405500e+01; -5.207155e+04; 1.109087e+00
1.406000e+01; -5.091000e+04; 1.110016e+00
1.406500e+01; -4.973373e+04; 1.110941e+00
1.407000e+01; -4.854279e+04; 1.111865e+00
1.407500e+01; -4.733725e+04; 1.112785e+00
1.408000e+01; -4.611719e+04; 1.113703e+00
1.408500e+01; -4.488269e+04; 1.114618e+00
1.409000e+01; -4.363382e+04; 1.115530e+00
1.409500e+01; -4.237068e+04; 1.116439e+00
1.410000e+01; -4.109335e+04; 1.117344e+00
1.410500e+01; -3.980193e+04; 1.118246e+00
1.411000e+01; -3.849652e+04; 1.119145e+00
1.411500e+01; -3.717723e+04; 1.120039e+00
1.412000e+01; -3.584416e+04; 1.120930e+00
1.412500e+01; -3.449743e+04; 1.121816e+00
1.413000e+01; -3.313715e+04; 1.122699e+00
1.413500e+01; -3.176345e+04; 1.123577e+00
1.414000e+01; -3.037644e+04; 1.124450e+00
1.414500e+01; -2.897626e+04; 1.125319e+00
1.415000e+01; -2.756303e+04; 1.126182e+00
1.415500e+01; -2.613689e+04; 1.127041e+00
1.416000e+01; -2.469797e+04; 1.127894e+00
1.416500e+01; -2.324643e+04; 1.128742e+00
1.417000e+01; -2.178239e+04; 1.129585e+00
1.417500e+01; -2.030600e+04; 1.130421e+00
1.418000e+01; -1.881742e+04; 1.131252e+00
1.418500e+01; -1.731680e+04; 1.132076e+00
1.419000e+01; -1.580428e+04; 1.132894e+00
1.419500e+01; -1.428003e+04; 1.133706e+00
1.420000e+01; -1.274419e+04; 1.134510e+00
1.420500e+01; -1.119694e+04; 1.135308e+00
1.421000e+01; -9.638434e+03; 1.136099e+00
1.421500e+01; -8.068832e+03; 1.136882e+00
1.422000e+01; -6.488301e+03; 1.137658e+00
1.422500e+01; -4.897007e+03; 1.138426e+00
1.423000e+01; -3.295118e+03; 1.139186e+00
1.423500e+01; -1.682803e+03; 1.139937e+00
1.424000e+01; -6.023216e+01; 1.140681e+00
1.424500e+01; 1.572424e+03; 1.141415e+00
1.425000e+01; 3.214992e+03; 1.142141e+00
1.425500e+01; 4.867302e+03; 1.142858e+00
1.426000e+01; 6.529178e+03; 1.143566e+00
1.426500e+01; 8.200448e+03; 1.144264e+00
1.427000e+01; 9.880937e+03; 1.144952e+00
1.427500e+01; 1.157047e+04; 1.145631e+00
1.428000e+01; 1.326888e+04; 1.146299e+00
1.428500e+01; 1.497598e+04; 1.146957e+00
1.429000e+01; 1.669160e+04; 1.147605e+00
1.429500e+01; 1.841556e+04; 1.148242e+00
1.430000e+01; 2.014770e+04; 1.148868e+00
1.430500e+01; 2.188783e+04; 1.149482e+00
1.431000e+01; 2.363579e+04; 1.150085e+00
1.431500e+01; 2.539140e+04; 1.150677e+00
1.432000e+01; 2.715448e+04; 1.151257e+00
1.432500e+01; 2.892487e+04; 1.151825e+00
1.433000e+01; 3.070238e+04; 1.152380e+00
1.433500e+01; 3.248686e+04; 1.152923e+00
1.434000e+01; 3.427813e+04; 1.153454e+00
1.434500e+01; 3.607601e+04; 1.153972e+00
1.435000e+01; 3.788035e+04; 1.154476e+00
1.435500e+01; 3.969096e+04; 1.154968e+00
1.436000e+01; 4.150769e+04; 1.155446e+00
1.436500e+01; 4.333037e+04; 1.155910e+00
1.437000e+01; 4.515882e+04; 1.156361e+00
1.437500e+01; 4.699290e+04; 1.156798e+00
1.438000e+01; 4.883242e+04; 1.157221e+00
1.438500e+01; 5.067723e+04; 1.157629e+00
1.439000e+01; 5.252717e+04; 1.158023e+00
1.439500e+01; 5.438206e+04; 1.158402e+00
1.440000e+01; 5.624177e+04; 1.158767e+00
1.440500e+01; 5.810611e+04; 1.159117e+00
1.441000e+01; 5.997494e+04; 1.159451e+00
1.441500e+01; 6.184809e+04; 1.159771e+00
1.442000e+01; 6.372541e+04; 1.160075e+00
1.442500e+01; 6.560674e+04; 1.160364e+00
1.443000e+01; 6.749192e+04; 1.160637e+00
1.443500e+01; 6.938080e+04; 1.160894e+00
1.444000e+01; 7.127323e+04; 1.161136e+00
1.444500e+01; 7.316904e+04; 1.161362e+00
1.445000e+01; 7.506808e+04; 1.161572e+00
1.445500e+01; 7.697021e+04; 1.161766e+00
1.446000e+01; 7.887526e+04; 1.161943e+00
1.446500e+01; 8.078308e+04; 1.162105e+00
1.447000e+01; 8.269353e+04; 1.162250e+00
1.447500e+01; 8.460644e+04; 1.162378e+00
1.448000e+01; 8.652166e+04; 1.162491e+00
1.448500e+01; 8.843904e+04; 1.162587e+00
1.449000e+01; 9.035843e+04; 1.162666e+00
1.449500e+01; 9.227967e+04; 1.162729e+00
1.450000e+01; 9.420261e+04; 1.162775e+00
1.450500e+01; 9.612709e+04; 1.162805e+00
1.451000e+01; 9.805295e+04; 1.162818e+00
1.451500e+01; 9.998005e+04; 1.162815e+00
1.452000e+01; 1.019082e+05; 1.162795e+00
1.452500e+01; 1.038373e+05; 1.162758e+00
1.453000e+01; 1.057672e+05; 1.162705e+00
1.453500e+01; 1.076976e+05; 1.162636e+00
1.454000e+01; 1.096285e+05; 1.162550e+00
1.454500e+01; 1.115597e+05; 1.162447e+00
1.455000e+01; 1.134909e+05; 1.162328e+00
1.455500e+01; 1.154222e+05; 1.162193e+00
1.456000e+01; 1.173532e+05; 1.162042e+00
1.456500e+01; 1.192838e+05; 1.161874e+00
1.457000e+01; 1.212138e+05; 1.161690e+00
1.457500e+01; 1.231431e+05; 1.161491e+00
1.458000e+01; 1.250715e+05; 1.161275e+00
1.458500e+01; 1.269989e+05; 1.161043e+00
1.459000e+01; 1.289250e+05; 1.160796e+00
1.459500e+01; 1.308496e+05; 1.160533e+00
1.460000e+01; 1.327726e+05; 1.160254e+00
1.460500e+01; 1.346938e+05; 1.159960e+00
1.461000e+01; 1.366130e+05; 1.159651e+00
1.461500e+01; 1.385300e+05; 1.159326e+00
1.462000e+01; 1.404446e+05; 1.158987e+00
1.462500e+01; 1.423567e+05; 1.158632e+00
1.463000e+01; 1.442660e+05; 1.158263e+00
1.463500e+01; 1.461723e+05; 1.157880e+00
1.464000e+01; 1.480754e+05; 1.157481e+00
1.464500e+01; 1.499752e+05; 1.157069e+00
1.465000e+01; 1.518713e+05; 1.156642e+00
1.465500e+01; 1.537637e+05; 1.156202e+00
1.466000e+01; 1.556520e+05; 1.155748e+00
1.466500e+01; 1.575361e+05; 1.155280e+00
1.467000e+01; 1.594157e+05; 1.154798e+00
1.467500e+01; 1.612907e+05; 1.154304e+00
1.468000e+01; 1.631607e+05; 1.153796e+00
1.468500e+01; 1.650256e+05; 1.153276e+00
1.469000e+01; 1.668852e+05; 1.152743e+00
1.469500e+01; 1.687391e+05; 1.152197e+00
1.470000e+01; 1.705872e+05; 1.151639e+00
1.470500e+01; 1.724293e+05; 1.151069e+00
1.471000e+01; 1.742650e+05; 1.150487e+00
1.471500e+01; 1.760942e+05; 1.149893e+00
1.472000e+01; 1.779165e+05; 1.149287e+00
1.472500e+01; 1.797319e+05; 1.148671e+00
1.473000e+01; 1.815399e+05; 1.148043e+00
1.473500e+01; 1.833403e+05; 1.147404e+00
1.474000e+01; 1.851330e+05; 1.146755e+00
1.474500e+01; 1.869176e+05; 1.146095e+00
1.475000e+01; 1.886939e+05; 1.145424e+00
1.475500e+01; 1.904616e+05; 1.144744e+00
1.476000e+01; 1.922205e+05; 1.144053e+00
1.476500e+01; 1.939703e+05; 1.143353e+00
1.477000e+01; 1.957108e+05; 1.142643e+00
1.477500e+01; 1.974416e+05; 1.141924e+00
1.478000e+01; 1.991626e+05; 1.141196e+00
1.478500e+01; 2.008735e+05; 1.140458e+00
1.479000e+01; 2.025740e+05; 1.139712e+00
1.479500e+01; 2.042638e+05; 1.138958e+00
1.480000e+01; 2.059428e+05; 1.138195e+00
1.480500e+01; 2.076105e+05; 1.137424e+00
1.481000e+01; 2.092669e+05; 1.136644e+00
1.481500e+01; 2.109116e+05; 1.135857e+00
1.482000e+01; 2.125444e+05; 1.135063e+00
1.482500e+01; 2.141650e+05; 1.134260e+00
1.483000e+01; 2.157732e+05; 1.133451e+00
1.483500e+01; 2.173687e+05; 1.132634e+00
1.484000e+01; 2.189513e+05; 1.131810e+00
1.484500e+01; 2.205207e+05; 1.130980e+00
1.485000e+01; 2.220768e+05; 1.130143e+00
1.485500e+01; 2.236192e+05; 1.129299e+00
1.486000e+01; 2.251477e+05; 1.128449e+00
1.486500e+01; 2.266622e+05; 1.127593e+00
1.487000e+01; 2.281624e+05; 1.126731e+00
1.487500e+01; 2.296480e+05; 1.125864e+00
1.488000e+01; 2.311190e+05; 1.124990e+00
1.488500e+01; 2.325749e+05; 1.124111e+00
1.489000e+01; 2.340157e+05; 1.123226e+00
1.489500e+01; 2.354412e+05; 1.122336e+00
1.490000e+01; 2.368511e+05; 1.121441e+00
1.490500e+01; 2.382454e+05; 1.120541e+00
1.491000e+01; 2.396237e+05; 1.119637e+00
1.491500e+01; 2.409859e+05; 1.118727e+00
1.492000e+01; 2.423319e+05; 1.117813e+00
1.492500e+01; 2.436616e+05; 1.116894e+00
1.493000e+01; 2.449746e+05; 1.115971e+00
1.493500e+01; 2.462710e+05; 1.115043e+00
1.494000e+01; 2.475506e+05; 1.114111e+00
1.494500e+01; 2.488131e+05; 1.113176e+00
1.495000e+01; 2.500587e+05; 1.112236e+00
1.495500e+01; 2.512870e+05; 1.111292e+00
1.496000e+01; 2.524980e+05; 1.110345e+00
1.496500e+01; 2.536917e+05; 1.109394e+00
1.497000e+01; 2.548678e+05; 1.108439e+00
1.497500e+01; 2.560264e+05; 1.107481e+00
1.498000e+01; 2.571674e+05; 1.106520e+00
1.498500e+01; 2.582907e+05; 1.105555e+00
1.499000e+01; 2.593963e+05; 1.104587e+00
1.499500e+01; 2.604840e+05; 1.103616e+00
1.500000e+01; 2.615539e+05; 1.102641e+00
1.500500e+01; 2.626060e+05; 1.101664e+00
1.501000e+01; 2.636402e+05; 1.100684e+00
1.501500e+01; 2.646565e+05; 1.099701e+00
1.502000e+01; 2.656550e+05; 1.098715e+00
1.502500e+01; 2.666356e+05; 1.097726e+00
1.503000e+01; 2.675983e+05; 1.096735e+00
1.503500e+01; 2.685432e+05; 1.095741e+00
1.504000e+01; 2.694703e+05; 1.094745e+00
1.504500e+01; 2.703796e+05; 1.093746e+00
1.505000e+01; 2.712713e+05; 1.092745e+00
1.505500e+01; 2.721453e+05; 1.091741e+00
1.506000e+01; 2.730018e+05; 1.090735e+00
1.506500e+01; 2.738407e+05; 1.089727e+00
1.507000e+01; 2.746623e+05; 1.088717e+00
1.507500e+01; 2.754666e+05; 1.087704e+00
1.508000e+01; 2.762536e+05; 1.086689e+00
1.508500e+01; 2.770235e+05; 1.085673e+00
1.509000e+01; 2.777765e+05; 1.084654e+00
1.509500e+01; 2.785126e+05; 1.083633e+00
1.510000e+01; 2.792319e+05; 1.082611e+00
1.510500e+01; 2.799347e+05; 1.081586e+00
1.511000e+01; 2.806210e+05; 1.080560e+00
1.511500e+01; 2.812910e+05; 1.079532e+00
1.512000e+01; 2.819448e+05; 1.078502e+00
1.512500e+01; 2.825827e+05; 1.077471e+00
1.513000e+01; 2.832048e+05; 1.076438e+00
1.513500e+01; 2.838112e+05; 1.075403e+00
1.514000e+01; 2.844021e+05; 1.074367e+00
1.514500e+01; 2.849778e+05; 1.073330e+00
1.515000e+01; 2.855383e+05; 1.072291e+00
1.515500e+01; 2.860840e+05; 1.071250e+00
1.516000e+01; 2.866149e+05; 1.070208e+00
1.516500e+01; 2.871313e+05; 1.069165e+00
1.517000e+01; 2.876334e+05; 1.068120e+00
1.517500e+01; 2.881214e+05; 1.067074e+00
1.518000e+01; 2.885955e+05; 1.066027e+00
1.518500e+01; 2.890560e+05; 1.064979e+00
1.519000e+01; 2.895029e+05; 1.063930e+00
1.519500e+01; 2.899366e+05; 1.062880e+00
1.520000e+01; 2.903573e+05; 1.061828e+00
1.520500e+01; 2.907651e+05; 1.060776e+00
1.521000e+01; 2.911603e+05; 1.059723e+00
1.521500e+01; 2.915432e+05; 1.058669e+00
1.522000e+01; 2.919139e+05; 1.057614e+00
1.522500e+01; 2.922726e+05; 1.056558e+00
1.523000e+01; 2.926197e+05; 1.055501e+00
1.523500e+01; 2.929552e+05; 1.054444e+00
1.524000e+01; 2.932795e+05; 1.053386e+00
1.524500e+01; 2.935927e+05; 1.052328e+00
1.525000e+01; 2.938951e+05; 1.051269e+00
1.525500e+01; 2.941868e+05; 1.050209e+00
1.526000e+01; 2.944682e+05; 1.049149e+00
1.526500e+01; 2.947394e+05; 1.048089e+00
1.527000e+01; 2.950006e+05; 1.047028e+00
1.527500e+01; 2.952520e+05; 1.045967e+00
1.528000e+01; 2.954939e+05; 1.044906e+00
1.528500e+01; 2.957264e+05; 1.043845e+00
1.529000e+01; 2.959498e+05; 1.042783e+00
1.529500e+01; 2.961643e+05; 1.041722e+00
1.530000e+01; 2.963700e+05; 1.040660e+00
1.530500e+01; 2.965671e+05; 1.039598e+00
1.531000e+01; 2.967559e+05; 1.038537e+00
1.531500e+01; 2.969364e+05; 1.037475e+00
1.532000e+01; 2.971090e+05; 1.036414e+00
1.532500e+01; 2.972738e+05; 1.035353e+00
1.533000e+01; 2.974309e+05; 1.034292e+00
1.533500e+01; 2.975806e+05; 1.033231e+00
1.534000e+01; 2.977229e+05; 1.032171e+00
1.534500e+01; 2.978581e+05; 1.031111e+00
1.535000e+01; 2.979863e+05; 1.030052e+00
1.535500e+01; 2.981076e+05; 1.028994e+00
1.536000e+01; 2.982223e+05; 1.027935e+00
1.536500e+01; 2.983304e+05; 1.026878e+00
1.537000e+01; 2.984321e+05; 1.025821e+00
1.537500e+01; 2.985275e+05; 1.024765e+00
1.538000e+01; 2.986167e+05; 1.023710e+00
1.538500e+01; 2.986999e+05; 1.022655e+00
1.539000e+01; 2.987772e+05; 1.021602e+00
1.539500e+01; 2.988487e+05; 1.020549e+00
1.540000e+01; 2.989145e+05; 1.019497e+00
1.540500e+01; 2.989747e+05; 1.018447e+00
1.541000e+01; 2.990294e+05; 1.017397e+00
1.541500e+01; 2.990786e+05; 1.016348e+00
1.542000e+01; 2.991225e+05; 1.015301e+00
1.542500e+01; 2.991612e+05; 1.014254e+00
1.543000e+01; 2.991947e+05; 1.013209e+00
1.543500e+01; 2.992231e+05; 1.012165e+00
1.544000e+01; 2.992464e+05; 1.011123e+00
1.544500e+01; 2.992647e+05; 1.010081e+00
1.545000e+01; 2.992781e+05; 1.009041e+00
1.545500e+01; 2.992866e+05; 1.008003e+00
1.546000e+01; 2.992902e+05; 1.006965e+00
1.546500e+01; 2.992890e+05; 1.005929e+00
1.547000e+01; 2.992830e+05; 1.004895e+00
1.547500e+01; 2.992723e+05; 1.003862e+00
1.548000e+01; 2.992568e+05; 1.002830e+00
1.548500e+01; 2.992365e+05; 1.001800e+00
1.549000e+01; 2.992115e+05; 1.000771e+00
1.549500e+01; 2.991819e+05; 9.997443e-01
1.550000e+01; 2.991474e+05; 9.987188e-01
1.550500e+01; 2.991083e+05; 9.976948e-01
1.551000e+01; 2.990644e+05; 9.966723e-01
1.551500e+01; 2.990158e+05; 9.956514e-01
1.552000e+01; 2.989623e+05; 9.946320e-01
1.552500e+01; 2.989041e+05; 9.936142e-01
1.553000e+01; 2.988411e+05; 9.925980e-01
1.553500e+01; 2.987731e+05; 9.915834e-01
1.554000e+01; 2.987003e+05; 9.905703e-01
1.554500e+01; 2.986225e+05; 9.895588e-01
1.555000e+01; 2.985397e+05; 9.885488e-01
1.555500e+01; 2.984518e+05; 9.875404e-01
1.556000e+01; 2.983589e+05; 9.865336e-01
1.556500e+01; 2.982607e+05; 9.855283e-01
1.557000e+01; 2.981573e+05; 9.845245e-01
1.557500e+01; 2.980486e+05; 9.835222e-01
1.558000e+01; 2.979346e+05; 9.825214e-01
1.558500e+01; 2.978150e+05; 9.815221e-01
1.559000e+01; 2.976900e+05; 9.805242e-01
1.559500e+01; 2.975593e+05; 9.795278e-01
1.560000e+01; 2.974228e+05; 9.785328e-01
1.560500e+01; 2.972806e+05; 9.775392e-01
1.561000e+01; 2.971325e+05; 9.765470e-01
1.561500e+01; 2.969784e+05; 9.755561e-01
1.562000e+01; 2.968182e+05; 9.745665e-01
1.562500e+01; 2.966518e+05; 9.735783e-01
1.563000e+01; 2.964791e+05; 9.725913e-01
1.563500e+01; 2.962999e+05; 9.716056e-01
1.564000e+01; 2.961143e+05; 9.706211e-01
1.564500e+01; 2.959219e+05; 9.696378e-01
1.565000e+01; 2.957229e+05; 9.686557e-01
1.565500e+01; 2.955169e+05; 9.676747e-01
1.566000e+01; 2.953039e+05; 9.666947e-01
1.566500e+01; 2.950839e+05; 9.657159e-01
1.567000e+01; 2.948565e+05; 9.647381e-01
1.567500e+01; 2.946218e+05; 9.637613e-01
1.568000e+01; 2.943795e+05; 9.627854e-01
1.568500e+01; 2.941296e+05; 9.618105e-01
1.569000e+01; 2.938720e+05; 9.608366e-01
1.569500e+01; 2.936064e+05; 9.598635e-01
1.570000e+01; 2.933327e+05; 9.588912e-01
1.570500e+01; 2.930509e+05; 9.579198e-01
1.571000e+01; 2.927608e+05; 9.569491e-01
1.571500e+01; 2.924621e+05; 9.559792e-01
1.572000e+01; 2.921549e+05; 9.550100e-01
1.572500e+01; 2.918390e+05; 9.540415e-01
1.573000e+01; 2.915141e+05; 9.530737e-01
1.573500e+01; 2.911802e+05; 9.521065e-01
1.574000e+01; 2.908372e+05; 9.511399e-01
1.574500e+01; 2.904848e+05; 9.501740e-01
1.575000e+01; 2.901230e+05; 9.492085e-01
1.575500e+01; 2.897516e+05; 9.482436e-01
1.576000e+01; 2.893704e+05; 9.472792e-01
1.576500e+01; 2.889794e+05; 9.463154e-01
1.577000e+01; 2.885783e+05; 9.453519e-01
1.577500e+01; 2.881671e+05; 9.443890e-01
1.578000e+01; 2.877456e+05; 9.434264e-01
1.578500e+01; 2.873136e+05; 9.424643e-01
1.579000e+01; 2.868711e+05; 9.415025e-01
1.579500e+01; 2.864178e+05; 9.405412e-01
1.580000e+01; 2.859536e+05; 9.395802e-01
1.580500e+01; 2.854785e+05; 9.386196e-01
1.581000e+01; 2.849923e+05; 9.376593e-01
1.581500e+01; 2.844948e+05; 9.366994e-01
1.582000e+01; 2.839859e+05; 9.357398e-01
1.582500e+01; 2.834655e+05; 9.347806e-01
1.583000e+01; 2.829334e+05; 9.338217e-01
1.583500e+01; 2.823896e+05; 9.328631e-01
1.584000e+01; 2.818339e+05; 9.319049e-01
1.584500e+01; 2.812662e+05; 9.309470e-01
1.585000e+01; 2.806863e+05; 9.299895e-01
1.585500e+01; 2.800942e+05; 9.290323e-01
1.586000e+01; 2.794898e+05; 9.280755e-01
1.586500e+01; 2.788729e+05; 9.271191e-01
1.587000e+01; 2.782434e+05; 9.261631e-01
1.587500e+01; 2.776012e+05; 9.252075e-01
1.588000e+01; 2.769463e+05; 9.242523e-01
1.588500e+01; 2.762785e+05; 9.232976e-01
1.589000e+01; 2.755977e+05; 9.223434e-01
1.589500e+01; 2.749039e+05; 9.213897e-01
1.590000e+01; 2.741969e+05; 9.204365e-01
1.590500e+01; 2.734766e+05; 9.194839e-01
1.591000e+01; 2.727431e+05; 9.185319e-01
1.591500e+01; 2.719961e+05; 9.175806e-01
1.592000e+01; 2.712357e+05; 9.166299e-01
1.592500e+01; 2.704617e+05; 9.156800e-01
1.593000e+01; 2.696742e+05; 9.147308e-01
1.593500e+01; 2.688729e+05; 9.137824e-01
1.594000e+01; 2.680580e+05; 9.128349e-01
1.594500e+01; 2.672292e+05; 9.118883e-01
1.595000e+01; 2.663866e+05; 9.109427e-01
1.595500e+01; 2.655301e+05; 9.099982e-01
1.596000e+01; 2.646598e+05; 9.090547e-01
1.596500e+01; 2.637754e+05; 9.081123e-01
1.597000e+01; 2.628770e+05; 9.071712e-01
1.597500e+01; 2.619647e+05; 9.062314e-01
1.598000e+01; 2.610382e+05; 9.052929e-01
1.598500e+01; 2.600977e+05; 9.043559e-01
1.599000e+01; 2.591431e+05; 9.034204e-01
1.599500e+01; 2.581745e+05; 9.024864e-01
1.600000e+01; 2.571917e+05; 9.015542e-01
1.600500e+01; 2.561947e+05; 9.006237e-01
1.601000e+01; 2.551837e+05; 8.996950e-01
1.601500e+01; 2.541586e+05; 8.987683e-01
1.602000e+01; 2.531193e+05; 8.978436e-01
1.602500e+01; 2.520660e+05; 8.969210e-01
1.603000e+01; 2.509986e+05; 8.960006e-01
1.603500e+01; 2.499172e+05; 8.950826e-01
1.604000e+01; 2.488218e+05; 8.941670e-01
1.604500e+01; 2.477123e+05; 8.932539e-01
1.605000e+01; 2.465890e+05; 8.923435e-01
1.605500e+01; 2.454517e+05; 8.914358e-01
1.606000e+01; 2.443005e+05; 8.905310e-01
1.606500e+01; 2.431355e+05; 8.896292e-01
1.607000e+01; 2.419568e+05; 8.887305e-01
1.607500e+01; 2.407643e+05; 8.878351e-01
1.608000e+01; 2.395582e+05; 8.869430e-01
1.608500e+01; 2.383386e+05; 8.860544e-01
1.609000e+01; 2.371054e+05; 8.851694e-01
1.609500e+01; 2.358587e+05; 8.842881e-01
1.610000e+01; 2.345987e+05; 8.834108e-01
1.610500e+01; 2.333254e+05; 8.825375e-01
1.611000e+01; 2.320389e+05; 8.816683e-01
1.611500e+01; 2.307392e+05; 8.808035e-01
1.612000e+01; 2.294266e+05; 8.799432e-01
1.612500e+01; 2.281010e+05; 8.790874e-01
1.613000e+01; 2.267626e+05; 8.782365e-01
1.613500e+01; 2.254114e+05; 8.773904e-01
1.614000e+01; 2.240476e+05; 8.765494e-01
1.614500e+01; 2.226713e+05; 8.757136e-01
1.615000e+01; 2.212825e+05; 8.748833e-01
1.615500e+01; 2.198815e+05; 8.740585e-01
1.616000e+01; 2.184683e+05; 8.732394e-01
1.616500e+01; 2.170430e+05; 8.724262e-01
1.617000e+01; 2.156057e+05; 8.716190e-01
1.617500e+01; 2.141566e+05; 8.708181e-01
1.618000e+01; 2.126959e+05; 8.700235e-01
1.618500e+01; 2.112235e+05; 8.692355e-01
1.619000e+01; 2.097398e+05; 8.684543e-01
1.619500e+01; 2.082447e+05; 8.676800e-01
1.620000e+01; 2.067384e+05; 8.669127e-01
1.620500e+01; 2.052212e+05; 8.661528e-01
1.621000e+01; 2.036930e+05; 8.654003e-01
1.621500e+01; 2.021541e+05; 8.646554e-01
1.622000e+01; 2.006046e+05; 8.639183e-01
1.622500e+01; 1.990446e+05; 8.631893e-01
1.623000e+01; 1.974743e+05; 8.624684e-01
1.623500e+01; 1.958939e+05; 8.617559e-01
1.624000e+01; 1.943034e+05; 8.610519e-01
1.624500e+01; 1.927031e+05; 8.603566e-01
1.625000e+01; 1.910930e+05; 8.596703e-01
1.625500e+01; 1.894734e+05; 8.589931e-01
1.626000e+01; 1.878444e+05; 8.583251e-01
1.626500e+01; 1.862061e+05; 8.576666e-01
1.627000e+01; 1.845588e+05; 8.570178e-01
1.627500e+01; 1.829025e+05; 8.563788e-01
1.628000e+01; 1.812374e+05; 8.557498e-01
1.628500e+01; 1.795637e+05; 8.551311e-01
1.629000e+01; 1.778816e+05; 8.545227e-01
1.629500e+01; 1.761911e+05; 8.539248e-01
1.630000e+01; 1.744925e+05; 8.533377e-01
1.630500e+01; 1.727859e+05; 8.527616e-01
1.631000e+01; 1.710716e+05; 8.521965e-01
1.631500e+01; 1.693495e+05; 8.516427e-01
1.632000e+01; 1.676200e+05; 8.511003e-01
1.632500e+01; 1.658831e+05; 8.505695e-01
1.633000e+01; 1.641391e+05; 8.500506e-01
1.633500e+01; 1.623881e+05; 8.495435e-01
1.634000e+01; 1.606302e+05; 8.490486e-01
1.634500e+01; 1.588656e+05; 8.485659e-01
1.635000e+01; 1.570946e+05; 8.480957e-01
1.635500e+01; 1.553171e+05; 8.476381e-01
1.636000e+01; 1.535335e+05; 8.471932e-01
1.636500e+01; 1.517439e+05; 8.467611e-01
1.637000e+01; 1.499484e+05; 8.463421e-01
1.637500e+01; 1.481472e+05; 8.459363e-01
1.638000e+01; 1.463405e+05; 8.455438e-01
1.638500e+01; 1.445284e+05; 8.451647e-01
1.639000e+01; 1.427111e+05; 8.447993e-01
1.639500e+01; 1.408887e+05; 8.444475e-01
1.640000e+01; 1.390615e+05; 8.441095e-01
1.640500e+01; 1.372295e+05; 8.437855e-01
1.641000e+01; 1.353930e+05; 8.434756e-01
1.641500e+01; 1.335521e+05; 8.431798e-01
1.642000e+01; 1.317070e+05; 8.428983e-01
1.642500e+01; 1.298578e+05; 8.426312e-01
1.643000e+01; 1.280047e+05; 8.423785e-01
1.643500e+01; 1.261479e+05; 8.421404e-01
1.644000e+01; 1.242875e+05; 8.419170e-01
1.644500e+01; 1.224237e+05; 8.417083e-01
1.645000e+01; 1.205567e+05; 8.415143e-01
1.645500e+01; 1.186866e+05; 8.413353e-01
1.646000e+01; 1.168135e+05; 8.411712e-01
1.646500e+01; 1.149378e+05; 8.410221e-01
1.647000e+01; 1.130594e+05; 8.408880e-01
1.647500e+01; 1.111786e+05; 8.407691e-01
1.648000e+01; 1.092956e+05; 8.406653e-01
1.648500e+01; 1.074104e+05; 8.405766e-01
1.649000e+01; 1.055234e+05; 8.405032e-01
1.649500e+01; 1.036346e+05; 8.404450e-01
1.650000e+01; 1.017443e+05; 8.404021e-01
1.650500e+01; 9.985248e+04; 8.403745e-01
1.651000e+01; 9.795946e+04; 8.403621e-01
1.651500e+01; 9.606538e+04; 8.403650e-01
1.652000e+01; 9.417039e+04; 8.403832e-01
1.652500e+01; 9.227469e+04; 8.404167e-01
1.653000e+01; 9.037843e+04; 8.404654e-01
1.653500e+01; 8.848179e+04; 8.405294e-01
1.654000e+01; 8.658496e+04; 8.406085e-01
1.654500e+01; 8.468810e+04; 8.407029e-01
1.655000e+01; 8.279139e+04; 8.408124e-01
1.655500e+01; 8.089502e+04; 8.409370e-01
1.656000e+01; 7.899917e+04; 8.410767e-01
1.656500e+01; 7.710401e+04; 8.412314e-01
1.657000e+01; 7.520973e+04; 8.414011e-01
1.657500e+01; 7.331651e+04; 8.415856e-01
1.658000e+01; 7.142455e+04; 8.417849e-01
1.658500e+01; 6.953402e+04; 8.419990e-01
1.659000e+01; 6.764512e+04; 8.422278e-01
1.659500e+01; 6.575803e+04; 8.424711e-01
1.660000e+01; 6.387296e+04; 8.427290e-01
1.660500e+01; 6.199008e+04; 8.430012e-01
1.661000e+01; 6.010960e+04; 8.432878e-01
1.661500e+01; 5.823172e+04; 8.435885e-01
1.662000e+01; 5.635663e+04; 8.439034e-01
1.662500e+01; 5.448453e+04; 8.442323e-01
1.663000e+01; 5.261562e+04; 8.445750e-01
1.663500e+01; 5.075011e+04; 8.449315e-01
1.664000e+01; 4.888820e+04; 8.453017e-01
1.664500e+01; 4.703010e+04; 8.456853e-01
1.665000e+01; 4.517601e+04; 8.460824e-01
1.665500e+01; 4.332614e+04; 8.464927e-01
1.666000e+01; 4.148071e+04; 8.469161e-01
1.666500e+01; 3.963992e+04; 8.473525e-01
1.667000e+01; 3.780400e+04; 8.478018e-01
1.667500e+01; 3.597314e+04; 8.482637e-01
1.668000e+01; 3.414758e+04; 8.487383e-01
1.668500e+01; 3.232753e+04; 8.492252e-01
1.669000e+01; 3.051320e+04; 8.497243e-01
1.669500e+01; 2.870482e+04; 8.502356e-01
1.670000e+01; 2.690260e+04; 8.507588e-01
1.670500e+01; 2.510678e+04; 8.512938e-01
1.671000e+01; 2.331757e+04; 8.518405e-01
1.671500e+01; 2.153519e+04; 8.523986e-01
1.672000e+01; 1.975987e+04; 8.529680e-01
1.672500e+01; 1.799184e+04; 8.535486e-01
1.673000e+01; 1.623131e+04; 8.541401e-01
1.673500e+01; 1.447852e+04; 8.547425e-01
1.674000e+01; 1.273369e+04; 8.553555e-01
1.674500e+01; 1.099705e+04; 8.559790e-01
1.675000e+01; 9.268825e+03; 8.566128e-01
1.675500e+01; 7.549237e+03; 8.572568e-01
1.676000e+01; 5.838516e+03; 8.579108e-01
1.676500e+01; 4.136885e+03; 8.585745e-01
1.677000e+01; 2.444571e+03; 8.592480e-01
1.677500e+01; 7.617962e+02; 8.599309e-01
1.678000e+01; -9.112144e+02; 8.606231e-01
1.678500e+01; -2.574239e+03; 8.613245e-01
1.679000e+01; -4.227056e+03; 8.620349e-01
1.679500e+01; -5.869446e+03; 8.627541e-01
1.680000e+01; -7.501189e+03; 8.634820e-01
1.680500e+01; -9.122070e+03; 8.642183e-01
1.681000e+01; -1.073187e+04; 8.649630e-01
1.681500e+01; -1.233038e+04; 8.657159e-01
1.682000e+01; -1.391739e+04; 8.664767e-01
1.682500e+01; -1.549269e+04; 8.672454e-01
1.683000e+01; -1.705608e+04; 8.680218e-01
1.683500e+01; -1.860734e+04; 8.688058e-01
1.684000e+01; -2.014628e+04; 8.695971e-01
1.684500e+01; -2.167270e+04; 8.703957e-01
1.685000e+01; -2.318641e+04; 8.712013e-01
1.685500e+01; -2.468722e+04; 8.720139e-01
1.686000e+01; -2.617493e+04; 8.728332e-01
1.686500e+01; -2.764937e+04; 8.736592e-01
1.687000e+01; -2.911036e+04; 8.744917e-01
1.687500e+01; -3.055772e+04; 8.753306e-01
1.688000e+01; -3.199127e+04; 8.761756e-01
1.688500e+01; -3.341086e+04; 8.770267e-01
1.689000e+01; -3.481632e+04; 8.778838e-01
1.689500e+01; -3.620749e+04; 8.787466e-01
1.690000e+01; -3.758421e+04; 8.796152e-01
1.690500e+01; -3.894635e+04; 8.804892e-01
1.691000e+01; -4.029376e+04; 8.813687e-01
1.691500e+01; -4.162629e+04; 8.822535e-01
1.692000e+01; -4.294383e+04; 8.831435e-01
1.692500e+01; -4.424624e+04; 8.840385e-01
1.693000e+01; -4.553340e+04; 8.849384e-01
1.693500e+01; -4.680521e+04; 8.858432e-01
1.694000e+01; -4.806154e+04; 8.867526e-01
1.694500e+01; -4.930230e+04; 8.876667e-01
1.695000e+01; -5.052738e+04; 8.885852e-01
1.695500e+01; -5.173671e+04; 8.895081e-01
1.696000e+01; -5.293020e+04; 8.904352e-01
1.696500e+01; -5.410776e+04; 8.913666e-01
1.697000e+01; -5.526934e+04; 8.923019e-01
1.697500e+01; -5.641485e+04; 8.932413e-01
1.698000e+01; -5.754425e+04; 8.941845e-01
1.698500e+01; -5.865749e+04; 8.951315e-01
1.699000e+01; -5.975452e+04; 8.960822e-01
1.699500e+01; -6.083530e+04; 8.970365e-01
1.700000e+01; -6.189980e+04; 8.979943e-01
1.700500e+01; -6.294799e+04; 8.989555e-01
1.701000e+01; -6.397987e+04; 8.999200e-01
1.701500e+01; -6.499542e+04; 9.008878e-01
1.702000e+01; -6.599463e+04; 9.018588e-01
1.702500e+01; -6.697751e+04; 9.028328e-01
1.703000e+01; -6.794407e+04; 9.038099e-01
1.703500e+01; -6.889432e+04; 9.047899e-01
1.704000e+01; -6.982828e+04; 9.057727e-01
1.704500e+01; -7.074599e+04; 9.067584e-01
1.705000e+01; -7.164748e+04; 9.077467e-01
1.705500e+01; -7.253280e+04; 9.087377e-01
1.706000e+01; -7.340199e+04; 9.097313e-01
1.706500e+01; -7.425510e+04; 9.107274e-01
1.707000e+01; -7.509220e+04; 9.117260e-01
1.707500e+01; -7.591336e+04; 9.127269e-01
1.708000e+01; -7.671865e+04; 9.137301e-01
1.708500e+01; -7.750814e+04; 9.147356e-01
1.709000e+01; -7.828192e+04; 9.157433e-01
1.709500e+01; -7.904009e+04; 9.167532e-01
1.710000e+01; -7.978273e+04; 9.177651e-01
1.710500e+01; -8.050995e+04; 9.187790e-01
1.711000e+01; -8.122186e+04; 9.197949e-01
1.711500e+01; -8.191856e+04; 9.208126e-01
1.712000e+01; -8.260017e+04; 9.218322e-01
1.712500e+01; -8.326682e+04; 9.228536e-01
1.713000e+01; -8.391862e+04; 9.238768e-01
1.713500e+01; -8.455571e+04; 9.249016e-01
1.714000e+01; -8.517823e+04; 9.259280e-01
1.714500e+01; -8.578630e+04; 9.269561e-01
1.715000e+01; -8.638007e+04; 9.279856e-01
1.715500e+01; -8.695969e+04; 9.290166e-01
1.716000e+01; -8.752530e+04; 9.300490e-01
1.716500e+01; -8.807706e+04; 9.310828e-01
1.717000e+01; -8.861512e+04; 9.321179e-01
1.717500e+01; -8.913963e+04; 9.331543e-01
1.718000e+01; -8.965077e+04; 9.341919e-01
1.718500e+01; -9.014868e+04; 9.352306e-01
1.719000e+01; -9.063354e+04; 9.362705e-01
1.719500e+01; -9.110552e+04; 9.373114e-01
1.720000e+01; -9.156477e+04; 9.383533e-01
1.720500e+01; -9.201148e+04; 9.393962e-01
1.721000e+01; -9.244581e+04; 9.404400e-01
1.721500e+01; -9.286793e+04; 9.414847e-01
1.722000e+01; -9.327802e+04; 9.425302e-01
1.722500e+01; -9.367626e+04; 9.435765e-01
1.723000e+01; -9.406281e+04; 9.446235e-01
1.723500e+01; -9.443786e+04; 9.456712e-01
1.724000e+01; -9.480158e+04; 9.467195e-01
1.724500e+01; -9.515414e+04; 9.477684e-01
1.725000e+01; -9.549572e+04; 9.488178e-01
1.725500e+01; -9.582649e+04; 9.498677e-01
1.726000e+01; -9.614663e+04; 9.509181e-01
1.726500e+01; -9.645632e+04; 9.519688e-01
1.727000e+01; -9.675572e+04; 9.530199e-01
1.727500e+01; -9.704500e+04; 9.540712e-01
1.728000e+01; -9.732434e+04; 9.551228e-01
1.728500e+01; -9.759390e+04; 9.561746e-01
1.729000e+01; -9.785385e+04; 9.572266e-01
1.729500e+01; -9.810436e+04; 9.582787e-01
1.730000e+01; -9.834558e+04; 9.593308e-01
1.730500e+01; -9.857768e+04; 9.603830e-01
1.731000e+01; -9.880082e+04; 9.614351e-01
1.731500e+01; -9.901514e+04; 9.624872e-01
1.732000e+01; -9.922082e+04; 9.635391e-01
1.732500e+01; -9.941798e+04; 9.645909e-01
1.733000e+01; -9.960679e+04; 9.656425e-01
1.733500e+01; -9.978739e+04; 9.666938e-01
1.734000e+01; -9.995991e+04; 9.677448e-01
1.734500e+01; -1.001245e+05; 9.687955e-01
1.735000e+01; -1.002813e+05; 9.698458e-01
1.735500e+01; -1.004304e+05; 9.708957e-01
1.736000e+01; -1.005720e+05; 9.719452e-01
1.736500e+01; -1.007062e+05; 9.729941e-01
1.737000e+01; -1.008330e+05; 9.740425e-01
1.737500e+01; -1.009527e+05; 9.750904e-01
1.738000e+01; -1.010653e+05; 9.761376e-01
1.738500e+01; -1.011710e+05; 9.771842e-01
1.739000e+01; -1.012698e+05; 9.782301e-01
1.739500e+01; -1.013619e+05; 9.792752e-01
1.740000e+01; -1.014472e+05; 9.803196e-01
1.740500e+01; -1.015261e+05; 9.813633e-01
1.741000e+01; -1.015984e+05; 9.824060e-01
1.741500e+01; -1.016644e+05; 9.834480e-01
1.742000e+01; -1.017240e+05; 9.844890e-01
1.742500e+01; -1.017774e+05; 9.855292e-01
1.743000e+01; -1.018246e+05; 9.865684e-01
1.743500e+01; -1.018657e+05; 9.876066e-01
1.744000e+01; -1.019008e+05; 9.886438e-01
1.744500e+01; -1.019299e+05; 9.896800e-01
1.745000e+01; -1.019530e+05; 9.907152e-01
1.745500e+01; -1.019703e+05; 9.917492e-01
1.746000e+01; -1.019817e+05; 9.927822e-01
1.746500e+01; -1.019872e+05; 9.938141e-01
1.747000e+01; -1.019871e+05; 9.948448e-01
1.747500e+01; -1.019811e+05; 9.958744e-01
1.748000e+01; -1.019695e+05; 9.969028e-01
1.748500e+01; -1.019521e+05; 9.979300e-01
1.749000e+01; -1.019291e+05; 9.989561e-01
1.749500e+01; -1.019004e+05; 9.999809e-01
1.750000e+01; -1.018660e+05; 1.001004e+00
1.750500e+01; -1.018260e+05; 1.002027e+00
1.751000e+01; -1.017803e+05; 1.003048e+00
1.751500e+01; -1.017289e+05; 1.004068e+00
1.752000e+01; -1.016718e+05; 1.005086e+00
1.752500e+01; -1.016091e+05; 1.006104e+00
1.753000e+01; -1.015406e+05; 1.007120e+00
1.753500e+01; -1.014664e+05; 1.008135e+00
1.754000e+01; -1.013864e+05; 1.009148e+00
1.754500e+01; -1.013007e+05; 1.010160e+00
1.755000e+01; -1.012091e+05; 1.011171e+00
1.755500e+01; -1.011117e+05; 1.012181e+00
1.756000e+01; -1.010083e+05; 1.013189e+00
1.756500e+01; -1.008990e+05; 1.014196e+00
1.757000e+01; -1.007837e+05; 1.015202e+00
1.757500e+01; -1.006623e+05; 1.016207e+00
1.758000e+01; -1.005348e+05; 1.017210e+00
1.758500e+01; -1.004012e+05; 1.018212e+00
1.759000e+01; -1.002613e+05; 1.019213e+00
1.759500e+01; -1.001151e+05; 1.020213e+00
1.760000e+01; -9.996258e+04; 1.021211e+00
1.760500e+01; -9.980358e+04; 1.022209e+00
1.761000e+01; -9.963806e+04; 1.023205e+00
1.761500e+01; -9.946595e+04; 1.024200e+00
1.762000e+01; -9.928716e+04; 1.025193e+00
1.762500e+01; -9.910160e+04; 1.026186e+00
1.763000e+01; -9.890919e+04; 1.027177e+00
1.763500e+01; -9.870985e+04; 1.028168e+00
1.764000e+01; -9.850347e+04; 1.029157e+00
1.764500e+01; -9.828997e+04; 1.030145e+00
1.765000e+01; -9.806924e+04; 1.031132e+00
1.765500e+01; -9.784120e+04; 1.032118e+00
1.766000e+01; -9.760574e+04; 1.033103e+00
1.766500e+01; -9.736275e+04; 1.034087e+00
1.767000e+01; -9.711214e+04; 1.035070e+00
1.767500e+01; -9.685379e+04; 1.036051e+00
1.768000e+01; -9.658761e+04; 1.037032e+00
1.768500e+01; -9.631347e+04; 1.038012e+00
1.769000e+01; -9.603128e+04; 1.038991e+00
1.769500e+01; -9.574091e+04; 1.039970e+00
1.770000e+01; -9.544226e+04; 1.040947e+00
1.770500e+01; -9.513521e+04; 1.041923e+00
1.771000e+01; -9.481964e+04; 1.042899e+00
1.771500e+01; -9.449545e+04; 1.043874e+00
1.772000e+01; -9.416251e+04; 1.044847e+00
1.772500e+01; -9.382070e+04; 1.045820e+00
1.773000e+01; -9.346992e+04; 1.046793e+00
1.773500e+01; -9.311003e+04; 1.047764e+00
1.774000e+01; -9.274093e+04; 1.048735e+00
1.774500e+01; -9.236249e+04; 1.049705e+00
1.775000e+01; -9.197460e+04; 1.050674e+00
1.775500e+01; -9.157713e+04; 1.051642e+00
1.776000e+01; -9.116997e+04; 1.052610e+00
1.776500e+01; -9.075300e+04; 1.053577e+00
1.777000e+01; -9.032610e+04; 1.054543e+00
1.777500e+01; -8.988916e+04; 1.055509e+00
1.778000e+01; -8.944205e+04; 1.056474e+00
1.778500e+01; -8.898466e+04; 1.057438e+00
1.779000e+01; -8.851688e+04; 1.058402e+00
1.779500e+01; -8.803859e+04; 1.059365e+00
1.780000e+01; -8.754968e+04; 1.060327e+00
1.780500e+01; -8.705003e+04; 1.061288e+00
1.781000e+01; -8.653954e+04; 1.062249e+00
1.781500e+01; -8.601809e+04; 1.063209e+00
1.782000e+01; -8.548558e+04; 1.064169e+00
1.782500e+01; -8.494189e+04; 1.065128e+00
1.783000e+01; -8.438693e+04; 1.066086e+00
1.783500e+01; -8.382059e+04; 1.067043e+00
1.784000e+01; -8.324277e+04; 1.068000e+00
1.784500e+01; -8.265337e+04; 1.068956e+00
1.785000e+01; -8.205229e+04; 1.069911e+00
1.785500e+01; -8.143944e+04; 1.070865e+00
1.786000e+01; -8.081472e+04; 1.071819e+00
1.786500e+01; -8.017804e+04; 1.072772e+00
1.787000e+01; -7.952931e+04; 1.073724e+00
1.787500e+01; -7.886845e+04; 1.074675e+00
1.788000e+01; -7.819537e+04; 1.075625e+00
1.788500e+01; -7.750999e+04; 1.076575e+00
1.789000e+01; -7.681223e+04; 1.077523e+00
1.789500e+01; -7.610202e+04; 1.078470e+00
1.790000e+01; -7.537928e+04; 1.079417e+00
1.790500e+01; -7.464394e+04; 1.080362e+00
1.791000e+01; -7.389594e+04; 1.081307e+00
1.791500e+01; -7.313521e+04; 1.082250e+00
1.792000e+01; -7.236169e+04; 1.083192e+00
1.792500e+01; -7.157533e+04; 1.084132e+00
1.793000e+01; -7.077606e+04; 1.085072e+00
1.793500e+01; -6.996384e+04; 1.086010e+00
1.794000e+01; -6.913861e+04; 1.086947e+00
1.794500e+01; -6.830034e+04; 1.087882e+00
1.795000e+01; -6.744898e+04; 1.088816e+00
1.795500e+01; -6.658449e+04; 1.089749e+00
1.796000e+01; -6.570685e+04; 1.090680e+00
1.796500e+01; -6.481601e+04; 1.091609e+00
1.797000e+01; -6.391194e+04; 1.092536e+00
1.797500e+01; -6.299464e+04; 1.093462e+00
1.798000e+01; -6.206407e+04; 1.094385e+00
1.798500e+01; -6.112022e+04; 1.095307e+00
1.799000e+01; -6.016307e+04; 1.096227e+00
1.799500e+01; -5.919263e+04; 1.097144e+00
1.800000e+01; -5.820887e+04; 1.098060e+00
1.800500e+01; -5.721179e+04; 1.098973e+00
1.801000e+01; -5.620141e+04; 1.099883e+00
1.801500e+01; -5.517772e+04; 1.100792e+00
1.802000e+01; -5.414074e+04; 1.101697e+00
1.802500e+01; -5.309047e+04; 1.102600e+00
1.803000e+01; -5.202693e+04; 1.103501e+00
1.803500e+01; -5.095014e+04; 1.104398e+00
1.804000e+01; -4.986012e+04; 1.105293e+00
1.804500e+01; -4.875691e+04; 1.106184e+00
1.805000e+01; -4.764053e+04; 1.107072e+00
1.805500e+01; -4.651102e+04; 1.107957e+00
1.806000e+01; -4.536841e+04; 1.108839e+00
1.806500e+01; -4.421275e+04; 1.109717e+00
1.807000e+01; -4.304408e+04; 1.110592e+00
1.807500e+01; -4.186244e+04; 1.111463e+00
1.808000e+01; -4.066790e+04; 1.112330e+00
1.808500e+01; -3.946051e+04; 1.113193e+00
1.809000e+01; -3.824032e+04; 1.114052e+00
1.809500e+01; -3.700739e+04; 1.114906e+00
1.810000e+01; -3.576180e+04; 1.115757e+00
1.810500e+01; -3.450361e+04; 1.116602e+00
1.811000e+01; -3.323289e+04; 1.117444e+00
1.811500e+01; -3.194973e+04; 1.118280e+00
1.812000e+01; -3.065418e+04; 1.119112e+00
1.812500e+01; -2.934635e+04; 1.119938e+00
1.813000e+01; -2.802630e+04; 1.120760e+00
1.813500e+01; -2.669414e+04; 1.121576e+00
1.814000e+01; -2.534994e+04; 1.122386e+00
1.814500e+01; -2.399380e+04; 1.123191e+00
1.815000e+01; -2.262583e+04; 1.123991e+00
1.815500e+01; -2.124610e+04; 1.124784e+00
1.816000e+01; -1.985474e+04; 1.125571e+00
1.816500e+01; -1.845183e+04; 1.126352e+00
1.817000e+01; -1.703749e+04; 1.127127e+00
1.817500e+01; -1.561183e+04; 1.127896e+00
1.818000e+01; -1.417495e+04; 1.128657e+00
1.818500e+01; -1.272697e+04; 1.129412e+00
1.819000e+01; -1.126801e+04; 1.130160e+00
1.819500e+01; -9.798181e+03; 1.130901e+00
1.820000e+01; -8.317605e+03; 1.131634e+00
1.820500e+01; -6.826406e+03; 1.132360e+00
1.821000e+01; -5.324706e+03; 1.133078e+00
1.821500e+01; -3.812633e+03; 1.133789e+00
1.822000e+01; -2.290313e+03; 1.134492e+00
1.822500e+01; -7.578785e+02; 1.135186e+00
1.823000e+01; 7.845406e+02; 1.135873e+00
1.823500e+01; 2.336810e+03; 1.136551e+00
1.824000e+01; 3.898796e+03; 1.137220e+00
1.824500e+01; 5.470361e+03; 1.137881e+00
1.825000e+01; 7.051366e+03; 1.138532e+00
1.825500e+01; 8.641673e+03; 1.139175e+00
1.826000e+01; 1.024114e+04; 1.139809e+00
1.826500e+01; 1.184963e+04; 1.140433e+00
1.827000e+01; 1.346699e+04; 1.141047e+00
1.827500e+01; 1.509307e+04; 1.141652e+00
1.828000e+01; 1.672775e+04; 1.142247e+00
1.828500e+01; 1.837086e+04; 1.142832e+00
1.829000e+01; 2.002225e+04; 1.143407e+00
1.829500e+01; 2.168179e+04; 1.143972e+00
1.830000e+01; 2.334931e+04; 1.144526e+00
1.830500e+01; 2.502467e+04; 1.145069e+00
1.831000e+01; 2.670771e+04; 1.145602e+00
1.831500e+01; 2.839829e+04; 1.146124e+00
1.832000e+01; 3.009624e+04; 1.146635e+00
1.832500e+01; 3.180142e+04; 1.147134e+00
1.833000e+01; 3.351366e+04; 1.147623e+00
1.833500e+01; 3.523282e+04; 1.148099e+00
1.834000e+01; 3.695873e+04; 1.148564e+00
1.834500e+01; 3.869123e+04; 1.149018e+00
1.835000e+01; 4.043018e+04; 1.149459e+00
1.835500e+01; 4.217540e+04; 1.149889e+00
1.836000e+01; 4.392674e+04; 1.150306e+00
1.836500e+01; 4.568405e+04; 1.150711e+00
1.837000e+01; 4.744715e+04; 1.151104e+00
1.837500e+01; 4.921589e+04; 1.151484e+00
1.838000e+01; 5.099011e+04; 1.151852e+00
1.838500e+01; 5.276964e+04; 1.152206e+00
1.839000e+01; 5.455433e+04; 1.152548e+00
1.839500e+01; 5.634400e+04; 1.152877e+00
1.840000e+01; 5.813850e+04; 1.153193e+00
1.840500e+01; 5.993765e+04; 1.153496e+00
1.841000e+01; 6.174131e+04; 1.153786e+00
1.841500e+01; 6.354929e+04; 1.154062e+00
1.842000e+01; 6.536144e+04; 1.154325e+00
1.842500e+01; 6.717758e+04; 1.154574e+00
1.843000e+01; 6.899756e+04; 1.154810e+00
1.843500e+01; 7.082120e+04; 1.155032e+00
1.844000e+01; 7.264833e+04; 1.155241e+00
1.844500e+01; 7.447880e+04; 1.155435e+00
1.845000e+01; 7.631242e+04; 1.155616e+00
1.845500e+01; 7.814903e+04; 1.155783e+00
1.846000e+01; 7.998846e+04; 1.155935e+00
1.846500e+01; 8.183053e+04; 1.156074e+00
1.847000e+01; 8.367509e+04; 1.156199e+00
1.847500e+01; 8.552194e+04; 1.156310e+00
1.848000e+01; 8.737093e+04; 1.156406e+00
1.848500e+01; 8.922188e+04; 1.156488e+00
1.849000e+01; 9.107461e+04; 1.156557e+00
1.849500e+01; 9.292895e+04; 1.156611e+00
1.850000e+01; 9.478473e+04; 1.156650e+00
1.850500e+01; 9.664176e+04; 1.156676e+00
1.851000e+01; 9.849987e+04; 1.156687e+00
1.851500e+01; 1.003589e+05; 1.156684e+00
1.852000e+01; 1.022186e+05; 1.156666e+00
1.852500e+01; 1.040789e+05; 1.156635e+00
1.853000e+01; 1.059396e+05; 1.156589e+00
1.853500e+01; 1.078004e+05; 1.156529e+00
1.854000e+01; 1.096612e+05; 1.156455e+00
1.854500e+01; 1.115219e+05; 1.156366e+00
1.855000e+01; 1.133822e+05; 1.156263e+00
1.855500e+01; 1.152419e+05; 1.156147e+00
1.856000e+01; 1.171009e+05; 1.156016e+00
1.856500e+01; 1.189590e+05; 1.155871e+00
1.857000e+01; 1.208160e+05; 1.155712e+00
1.857500e+01; 1.226716e+05; 1.155539e+00
1.858000e+01; 1.245258e+05; 1.155352e+00
1.858500e+01; 1.263783e+05; 1.155152e+00
1.859000e+01; 1.282290e+05; 1.154937e+00
1.859500e+01; 1.300776e+05; 1.154709e+00
1.860000e+01; 1.319239e+05; 1.154467e+00
1.860500e+01; 1.337678e+05; 1.154212e+00
1.861000e+01; 1.356090e+05; 1.153943e+00
1.861500e+01; 1.374474e+05; 1.153661e+00
1.862000e+01; 1.392828e+05; 1.153365e+00
1.862500e+01; 1.411149e+05; 1.153056e+00
1.863000e+01; 1.429436e+05; 1.152734e+00
1.863500e+01; 1.447687e+05; 1.152399e+00
1.864000e+01; 1.465899e+05; 1.152051e+00
1.864500e+01; 1.484071e+05; 1.151690e+00
1.865000e+01; 1.502201e+05; 1.151317e+00
1.865500e+01; 1.520287e+05; 1.150930e+00
1.866000e+01; 1.538326e+05; 1.150531e+00
1.866500e+01; 1.556316e+05; 1.150120e+00
1.867000e+01; 1.574257e+05; 1.149697e+00
1.867500e+01; 1.592144e+05; 1.149261e+00
1.868000e+01; 1.609978e+05; 1.148813e+00
1.868500e+01; 1.627754e+05; 1.148353e+00
1.869000e+01; 1.645472e+05; 1.147882e+00
1.869500e+01; 1.663130e+05; 1.147398e+00
1.870000e+01; 1.680724e+05; 1.146903e+00
1.870500e+01; 1.698254e+05; 1.146397e+00
1.871000e+01; 1.715717e+05; 1.145880e+00
1.871500e+01; 1.733111e+05; 1.145351e+00
1.872000e+01; 1.750434e+05; 1.144811e+00
1.872500e+01; 1.767684e+05; 1.144260e+00
1.873000e+01; 1.784858e+05; 1.143699e+00
1.873500e+01; 1.801956e+05; 1.143127e+00
1.874000e+01; 1.818975e+05; 1.142544e+00
1.874500e+01; 1.835912e+05; 1.141951e+00
1.875000e+01; 1.852766e+05; 1.141348e+00
1.875500e+01; 1.869534e+05; 1.140735e+00
1.876000e+01; 1.886216e+05; 1.140112e+00
1.876500e+01; 1.902808e+05; 1.139479e+00
1.877000e+01; 1.919309e+05; 1.138836e+00
1.877500e+01; 1.935716e+05; 1.138184e+00
1.878000e+01; 1.952029e+05; 1.137523e+00
1.878500e+01; 1.968244e+05; 1.136852e+00
1.879000e+01; 1.984360e+05; 1.136173e+00
1.879500e+01; 2.000375e+05; 1.135484e+00
1.880000e+01; 2.016287e+05; 1.134787e+00
1.880500e+01; 2.032094e+05; 1.134081e+00
1.881000e+01; 2.047794e+05; 1.133367e+00
1.881500e+01; 2.063386e+05; 1.132644e+00
1.882000e+01; 2.078868e+05; 1.131913e+00
1.882500e+01; 2.094237e+05; 1.131174e+00
1.883000e+01; 2.109493e+05; 1.130427e+00
1.883500e+01; 2.124633e+05; 1.129673e+00
1.884000e+01; 2.139656e+05; 1.128911e+00
1.884500e+01; 2.154559e+05; 1.128141e+00
1.885000e+01; 2.169342e+05; 1.127364e+00
1.885500e+01; 2.184003e+05; 1.126580e+00
1.886000e+01; 2.198540e+05; 1.125788e+00
1.886500e+01; 2.212951e+05; 1.124990e+00
1.887000e+01; 2.227236e+05; 1.124185e+00
1.887500e+01; 2.241392e+05; 1.123373e+00
1.888000e+01; 2.255418e+05; 1.122555e+00
1.888500e+01; 2.269313e+05; 1.121730e+00
1.889000e+01; 2.283075e+05; 1.120899e+00
1.889500e+01; 2.296704e+05; 1.120062e+00
1.890000e+01; 2.310197e+05; 1.119219e+00
1.890500e+01; 2.323554e+05; 1.118370e+00
1.891000e+01; 2.336773e+05; 1.117515e+00
1.891500e+01; 2.349853e+05; 1.116655e+00
1.892000e+01; 2.362794e+05; 1.115789e+00
1.892500e+01; 2.375593e+05; 1.114917e+00
1.893000e+01; 2.388251e+05; 1.114040e+00
1.893500e+01; 2.400766e+05; 1.113158e+00
1.894000e+01; 2.413136e+05; 1.112271e+00
1.894500e+01; 2.425363e+05; 1.111379e+00
1.895000e+01; 2.437443e+05; 1.110482e+00
1.895500e+01; 2.449378e+05; 1.109581e+00
1.896000e+01; 2.461165e+05; 1.108675e+00
1.896500e+01; 2.472805e+05; 1.107764e+00
1.897000e+01; 2.484296e+05; 1.106848e+00
1.897500e+01; 2.495639e+05; 1.105929e+00
1.898000e+01; 2.506833e+05; 1.105005e+00
1.898500e+01; 2.517876e+05; 1.104077e+00
1.899000e+01; 2.528770e+05; 1.103145e+00
1.899500e+01; 2.539513e+05; 1.102209e+00
1.900000e+01; 2.550106e+05; 1.101269e+00
1.900500e+01; 2.560547e+05; 1.100326e+00
1.901000e+01; 2.570837e+05; 1.099379e+00
1.901500e+01; 2.580976e+05; 1.098428e+00
1.902000e+01; 2.590964e+05; 1.097474e+00
1.902500e+01; 2.600800e+05; 1.096516e+00
1.903000e+01; 2.610485e+05; 1.095555e+00
1.903500e+01; 2.620018e+05; 1.094591e+00
1.904000e+01; 2.629401e+05; 1.093623e+00
1.904500e+01; 2.638632e+05; 1.092653e+00
1.905000e+01; 2.647713e+05; 1.091679e+00
1.905500e+01; 2.656644e+05; 1.090703e+00
1.906000e+01; 2.665424e+05; 1.089724e+00
1.906500e+01; 2.674055e+05; 1.088742e+00
1.907000e+01; 2.682536e+05; 1.087757e+00
1.907500e+01; 2.690869e+05; 1.086770e+00
1.908000e+01; 2.699053e+05; 1.085780e+00
1.908500e+01; 2.707090e+05; 1.084788e+00
1.909000e+01; 2.714980e+05; 1.083793e+00
1.909500e+01; 2.722724e+05; 1.082796e+00
1.910000e+01; 2.730322e+05; 1.081797e+00
1.910500e+01; 2.737775e+05; 1.080796e+00
1.911000e+01; 2.745084e+05; 1.079792e+00
1.911500e+01; 2.752250e+05; 1.078786e+00
1.912000e+01; 2.759274e+05; 1.077779e+00
1.912500e+01; 2.766156e+05; 1.076769e+00
1.913000e+01; 2.772898e+05; 1.075757e+00
1.913500e+01; 2.779500e+05; 1.074744e+00
1.914000e+01; 2.785964e+05; 1.073729e+00
1.914500e+01; 2.792290e+05; 1.072712e+00
1.915000e+01; 2.798481e+05; 1.071694e+00
1.915500e+01; 2.804536e+05; 1.070674e+00
1.916000e+01; 2.810457e+05; 1.069652e+00
1.916500e+01; 2.816245e+05; 1.068629e+00
1.917000e+01; 2.821902e+05; 1.067605e+00
1.917500e+01; 2.827428e+05; 1.066579e+00
1.918000e+01; 2.832826e+05; 1.065552e+00
1.918500e+01; 2.838095e+05; 1.064524e+00
1.919000e+01; 2.843238e+05; 1.063494e+00
1.919500e+01; 2.848255e+05; 1.062464e+00
1.920000e+01; 2.853149e+05; 1.061432e+00
1.920500e+01; 2.857920e+05; 1.060399e+00
1.921000e+01; 2.862569e+05; 1.059365e+00
1.921500e+01; 2.867099e+05; 1.058331e+00
1.922000e+01; 2.871511e+05; 1.057295e+00
1.922500e+01; 2.875805e+05; 1.056259e+00
1.923000e+01; 2.879983e+05; 1.055222e+00
1.923500e+01; 2.884048e+05; 1.054184e+00
1.924000e+01; 2.887999e+05; 1.053145e+00
1.924500e+01; 2.891839e+05; 1.052106e+00
1.925000e+01; 2.895568e+05; 1.051066e+00
1.925500e+01; 2.899189e+05; 1.050026e+00
1.926000e+01; 2.902703e+05; 1.048985e+00
1.926500e+01; 2.906111e+05; 1.047944e+00
1.927000e+01; 2.909414e+05; 1.046902e+00
1.927500e+01; 2.912614e+05; 1.045860e+00
1.928000e+01; 2.915713e+05; 1.044817e+00
1.928500e+01; 2.918711e+05; 1.043775e+00
1.929000e+01; 2.921610e+05; 1.042732e+00
1.929500e+01; 2.924411e+05; 1.041689e+00
1.930000e+01; 2.927117e+05; 1.040646e+00
1.930500e+01; 2.929727e+05; 1.039602e+00
1.931000e+01; 2.932243e+05; 1.038559e+00
1.931500e+01; 2.934668e+05; 1.037516e+00
1.932000e+01; 2.937001e+05; 1.036472e+00
1.932500e+01; 2.939244e+05; 1.035429e+00
1.933000e+01; 2.941399e+05; 1.034386e+00
1.933500e+01; 2.943466e+05; 1.033343e+00
1.934000e+01; 2.945447e+05; 1.032300e+00
1.934500e+01; 2.947343e+05; 1.031257e+00
1.935000e+01; 2.949155e+05; 1.030215e+00
1.935500e+01; 2.950884e+05; 1.029173e+00
1.936000e+01; 2.952531e+05; 1.028131e+00
1.936500e+01; 2.954098e+05; 1.027090e+00
1.937000e+01; 2.955585e+05; 1.026049e+00
1.937500e+01; 2.956994e+05; 1.025008e+00
1.938000e+01; 2.958325e+05; 1.023968e+00
1.938500e+01; 2.959579e+05; 1.022929e+00
1.939000e+01; 2.960757e+05; 1.021890e+00
1.939500e+01; 2.961861e+05; 1.020851e+00
1.940000e+01; 2.962890e+05; 1.019813e+00
1.940500e+01; 2.963846e+05; 1.018776e+00
1.941000e+01; 2.964730e+05; 1.017739e+00
1.941500e+01; 2.965541e+05; 1.016703e+00
1.942000e+01; 2.966282e+05; 1.015668e+00
1.942500e+01; 2.966953e+05; 1.014634e+00
1.943000e+01; 2.967553e+05; 1.013600e+00
1.943500e+01; 2.968085e+05; 1.012567e+00
1.944000e+01; 2.968548e+05; 1.011535e+00
1.944500e+01; 2.968942e+05; 1.010503e+00
1.945000e+01; 2.969270e+05; 1.009473e+00
1.945500e+01; 2.969530e+05; 1.008443e+00
1.946000e+01; 2.969723e+05; 1.007415e+00
1.946500e+01; 2.969850e+05; 1.006387e+00
1.947000e+01; 2.969912e+05; 1.005360e+00
1.947500e+01; 2.969907e+05; 1.004334e+00
1.948000e+01; 2.969837e+05; 1.003309e+00
1.948500e+01; 2.969702e+05; 1.002285e+00
1.949000e+01; 2.969502e+05; 1.001262e+00
1.949500e+01; 2.969237e+05; 1.000240e+00
1.950000e+01; 2.968908e+05; 9.992187e-01
1.950500e+01; 2.968513e+05; 9.981987e-01
1.951000e+01; 2.968055e+05; 9.971797e-01
1.951500e+01; 2.967531e+05; 9.961617e-01
1.952000e+01; 2.966943e+05; 9.951448e-01
1.952500e+01; 2.966291e+05; 9.941289e-01
1.953000e+01; 2.965574e+05; 9.931141e-01
1.953500e+01; 2.964791e+05; 9.921004e-01
1.954000e+01; 2.963944e+05; 9.910878e-01
1.954500e+01; 2.963032e+05; 9.900762e-01
1.955000e+01; 2.962054e+05; 9.890657e-01
1.955500e+01; 2.961010e+05; 9.880563e-01
1.956000e+01; 2.959900e+05; 9.870480e-01
1.956500e+01; 2.958724e+05; 9.860408e-01
1.957000e+01; 2.957482e+05; 9.850346e-01
1.957500e+01; 2.956172e+05; 9.840296e-01
1.958000e+01; 2.954794e+05; 9.830256e-01
1.958500e+01; 2.953349e+05; 9.820227e-01
1.959000e+01; 2.951835e+05; 9.810209e-01
1.959500e+01; 2.950252e+05; 9.800202e-01
1.960000e+01; 2.948599e+05; 9.790205e-01
1.960500e+01; 2.946876e+05; 9.780220e-01
1.961000e+01; 2.945083e+05; 9.770245e-01
1.961500e+01; 2.943218e+05; 9.760280e-01
1.962000e+01; 2.941281e+05; 9.750326e-01
1.962500e+01; 2.939272e+05; 9.740383e-01
1.963000e+01; 2.937189e+05; 9.730450e-01
1.963500e+01; 2.935033e+05; 9.720527e-01
1.964000e+01; 2.932801e+05; 9.710615e-01
1.964500e+01; 2.930494e+05; 9.700713e-01
1.965000e+01; 2.928111e+05; 9.690821e-01
1.965500e+01; 2.925650e+05; 9.680939e-01
1.966000e+01; 2.923112e+05; 9.671068e-01
1.966500e+01; 2.920495e+05; 9.661206e-01
1.967000e+01; 2.917798e+05; 9.651354e-01
1.967500e+01; 2.915021e+05; 9.641512e-01
1.968000e+01; 2.912163e+05; 9.631679e-01
1.968500e+01; 2.909222e+05; 9.621857e-01
1.969000e+01; 2.906198e+05; 9.612043e-01
1.969500e+01; 2.903090e+05; 9.602240e-01
1.970000e+01; 2.899897e+05; 9.592445e-01
1.970500e+01; 2.896619e+05; 9.582660e-01
1.971000e+01; 2.893253e+05; 9.572885e-01
1.971500e+01; 2.889800e+05; 9.563118e-01
1.972000e+01; 2.886258e+05; 9.553361e-01
1.972500e+01; 2.882626e+05; 9.543613e-01
1.973000e+01; 2.878903e+05; 9.533874e-01
1.973500e+01; 2.875089e+05; 9.524144e-01
1.974000e+01; 2.871182e+05; 9.514423e-01
1.974500e+01; 2.867182e+05; 9.504711e-01
1.975000e+01; 2.863087e+05; 9.495009e-01
1.975500e+01; 2.858896e+05; 9.485315e-01
1.976000e+01; 2.854609e+05; 9.475630e-01
1.976500e+01; 2.850225e+05; 9.465954e-01
1.977000e+01; 2.845742e+05; 9.456287e-01
1.977500e+01; 2.841159e+05; 9.446629e-01
1.978000e+01; 2.836476e+05; 9.436980e-01
1.978500e+01; 2.831691e+05; 9.427340e-01
1.979000e+01; 2.826805e+05; 9.417710e-01
1.979500e+01; 2.821814e+05; 9.408089e-01
1.980000e+01; 2.816720e+05; 9.398477e-01
1.980500e+01; 2.811521e+05; 9.388874e-01
1.981000e+01; 2.806215e+05; 9.379281e-01
1.981500e+01; 2.800802e+05; 9.369698e-01
1.982000e+01; 2.795282e+05; 9.360124e-01
1.982500e+01; 2.789652e+05; 9.350561e-01
1.983000e+01; 2.783913e+05; 9.341007e-01
1.983500e+01; 2.778064e+05; 9.331464e-01
1.984000e+01; 2.772103e+05; 9.321932e-01
1.984500e+01; 2.766030e+05; 9.312410e-01
1.985000e+01; 2.759844e+05; 9.302899e-01
1.985500e+01; 2.753544e+05; 9.293399e-01
1.986000e+01; 2.747130e+05; 9.283910e-01
1.986500e+01; 2.740600e+05; 9.274434e-01
1.987000e+01; 2.733954e+05; 9.264969e-01
1.987500e+01; 2.727192e+05; 9.255516e-01
1.988000e+01; 2.720312e+05; 9.246077e-01
1.988500e+01; 2.713314e+05; 9.236650e-01
1.989000e+01; 2.706197e+05; 9.227236e-01
1.989500e+01; 2.698961e+05; 9.217837e-01
1.990000e+01; 2.691605e+05; 9.208451e-01
1.990500e+01; 2.684128e+05; 9.199080e-01
1.991000e+01; 2.676530e+05; 9.189724e-01
1.991500e+01; 2.668810e+05; 9.180384e-01
1.992000e+01; 2.660969e+05; 9.171059e-01
1.992500e+01; 2.653004e+05; 9.161751e-01
1.993000e+01; 2.644917e+05; 9.152460e-01
1.993500e+01; 2.636706e+05; 9.143187e-01
1.994000e+01; 2.628371e+05; 9.133931e-01
1.994500e+01; 2.619912e+05; 9.124695e-01
1.995000e+01; 2.611328e+05; 9.115477e-01
1.995500e+01; 2.602619e+05; 9.106280e-01
1.996000e+01; 2.593786e+05; 9.097103e-01
1.996500e+01; 2.584826e+05; 9.087947e-01
1.997000e+01; 2.575741e+05; 9.078813e-01
1.997500e+01; 2.566531e+05; 9.069702e-01
1.998000e+01; 2.557194e+05; 9.060615e-01
1.998500e+01; 2.547731e+05; 9.051551e-01
1.999000e+01; 2.538142e+05; 9.042512e-01
1.999500e+01; 2.528426e+05; 9.033499e-01
2.000000e+01; 2.518585e+05; 9.024513e-01
