# Probe 0 (0 0 0)
# Probe 1 (0 500 0)
# Time            0                 1                
0.005             98100             98100            
0.01              98100             98100            
0.015             98100             110653.698       
0.02              98100             121930.8266      
0.025             98100             102507.3208      
0.03              98100             82235.44454      
0.035             98100             82097.25409      
0.04              98100             88593.24684      
0.045             98100             103884.457       
0.05              98100             117216.3197      
0.055             98100             107988.2291      
0.06              98100             94216.81138      
0.065             98100             87271.80581      
0.07              98100             85646.17761      
0.075             98100             97482.97543      
0.08              98100             108504.2451      
0.085             98100             107204.0439      
0.09              98100             102282.1784      
0.095             98100             94256.42905      
0.1               98100             87698.77876      
0.105             98100             93254.69522      
0.11              98100             101002.556       
0.115             98100             103946.1771      
0.12              98100             103884.76        
0.125             98100             97596.40546      
0.13              98100             92051.5232       
0.135             98100             93507.95139      
0.14              98100             96701.75498      
0.145             98100             100670.6395      
0.15              98100             103592.3811      
0.155             98100             100190.5648      
0.16              98100             95937.51079      
0.165             98100             94809.51355      
0.17              98100             95293.75351      
0.175             98100             98626.17247      
0.18              98100             101461.8756      
0.185             98100             100372.2228      
0.19              98100             98404.36554      
0.195             98100             96535.94526      
0.2               98100             95351.43517      
0.205             98100             97296.88065      
0.21              98100             99508.59572      
0.215             98100             99841.95281      
0.22              98100             99365.2616       
0.225             98100             97671.66098      
0.23              98100             96205.97706      
0.235             98100             96974.16798      
0.24              98100             98224.67001      
0.245             98100             99044.56726      
0.25              98100             99428.64397      
0.255             98100             98327.43476      
0.26              98100             97185.10001      
0.265             98100             97165.27297      
0.27              98100             97546.84637      
0.275             98100             98398.76809      
0.28              98100             99130.68157      
0.285             98100             98650.81251      
0.29              98100             97917.78036      
0.295             98100             97533.81828      
0.3               98100             97429.95806      
0.305             98100.00001       98049.46174      
0.31              98100.00002       98635.87921      
0.315             98100.00005       98573.1273       
0.32              98100.00012       98316.6147       
0.325             98100.00025       97892.9889       
0.33              98100.00054       97546.82884      
0.335             98100.0011        97842.16031      
0.34              98100.00223       98253.46232      
0.345             98100.0044        98408.83458      
0.35              98100.0085        98405.55711      
0.355             98100.01611       98071.97275      
0.36              98100.0299        97776.78722      
0.365             98100.05435       97860.64083      
0.37              98100.09681       98035.68715      
0.375             98100.16893       98236.61304      
0.38              98100.2888        98382.38384      
0.385             98100.48368       98201.74907      
0.39              98100.79354       97977.9399       
0.395             98101.27532       97920.7194       
0.4               98102.00748       97948.26607      
0.405             98103.09458       98120.93291      
0.41              98104.67078       98267.14332      
0.415             98106.90106       98205.18442      
0.42              98109.97869       98099.209        
0.425             98114.11626       97984.49321      
0.43              98119.52905       97911.9018       
0.435             98126.40911       98004.03404      
0.44              98134.88935       98113.49766      
0.445             98144.99868       98083.09291      
0.45              98156.61218       98023.14667      
0.455             98169.40181       97882.99012      
0.46              98182.7976        97773.50743      
0.465             98195.96864       97694.85992      
0.47              98207.83585       97656.37142      
0.475             98217.12603       97482.26505      
0.48              98222.47169       97339.04755      
0.485             98222.55385       97003.87591      
0.49              98216.2777        96746.02226      
0.495             98202.96229       96331.06314      
0.5               98182.51302       96034.96558      
0.505             98155.54016       95484.79334      
0.51              98123.39          95080.63243      
0.515             98088.07082       94347.65379      
0.52              98052.07463       93811.70501      
0.525             98018.11443       92953.5618       
0.53              97988.81073       92343.20896      
0.535             97966.37129       91378.37716      
0.54              97952.31692       90694.77892      
0.545             97947.2932        89624.65771      
0.55              97951.00676       88868.56967      
0.555             97962.29375       87740.80838      
0.56              97979.31627       86953.64914      
0.565             97999.8562        85798.93598      
0.57              98021.64883       84996.72462      
0.575             98042.69734       83819.04227      
0.58              98061.51242       83001.13248      
0.585             98077.23594       81816.10999      
0.59              98089.39044       80996.20748      
0.595             98097.95855       79813.88968      
0.6               98103.43715       78997.11663      
0.605             98106.54647       77813.1256       
0.61              98107.94291       76994.39408      
0.615             98108.14227       75809.61653      
0.62              98107.56278       74990.90771      
0.625             98106.54874       73808.2708       
0.63              98105.37718       72991.54727      
0.635             98104.2823        71808.69034      
0.64              98103.44832       70991.38282      
0.645             98102.95833       69807.80528      
0.65              98102.76315       68990.0987       
0.655             98102.72864       67807.28158      
0.66              98102.72403       66990.32736      
0.665             98102.67253       65807.49417      
0.67              98102.54279       64990.30258      
0.675             98102.32124       63806.98498      
0.68              98102.00405       62989.3987       
0.685             98101.60423       61806.26573      
0.69              98101.15224       60988.8948       
0.695             98100.68441       59805.79421      
0.7               98100.23109       58988.37453      
0.705             98099.81383       57805.04775      
0.71              98099.44746       56987.4538       
0.715             98099.14236       55804.17662      
0.72              98098.90785       54986.70866      
0.725             98098.75519       53803.497        
0.73              98098.69594       52986.0851       
0.735             98098.73604       51802.81125      
0.74              98098.87057       50985.3908       
0.745             98099.08284       49802.20156      
0.75              98099.34769       48984.89805      
0.755             98099.63637       47801.74718      
0.76              98099.92145       46984.49353      
0.765             98100.18006       45801.32584      
0.77              98100.39577       44984.07311      
0.775             98100.55901       43800.90357      
0.78              98100.66648       42983.64         
0.785             98100.71989       41800.41161      
0.79              98100.72451       40983.10155      
0.795             98100.68792       39799.82305      
0.8               98100.61876       38982.46137      
0.805             98100.52577       37799.08655      
0.81              98100.41694       36981.60792      
0.815             98100.29907       35798.04986      
0.82              98100.17746       34980.38566      
0.825             98100.05578       33796.51253      
0.83              98099.93587       32978.53532      
0.835             98099.81713       31794.03606      
0.84              98099.69563       30975.43357      
0.845             98099.56306       29789.73716      
0.85              98099.40579       28969.9472       
0.855             98099.20428       27782.08619      
0.86              98098.93276       26960.15309      
0.865             98098.55901       25768.53043      
0.87              98098.0438        24942.89198      
0.875             98097.33986       23745.06146      
0.88              98096.39017       22913.36043      
0.885             98095.12598       21705.84209      
0.89              98093.46447       20864.77541      
0.895             98091.30672       19642.98067      
0.9               98088.53566       18788.27748      
0.905             98085.01472       17546.71948      
0.91              98080.58673       16673.4091       
0.915             98075.07402       15406.33283      
0.92              98068.27942       14509.40925      
0.925             98059.98926       13211.91703      
0.93              98049.97792       12287.45083      
0.935             98038.01467       10957.10098      
0.94              98023.8717        10003.74096      
0.945             98007.33359       8642.379018      
0.95              97988.20708       7662.974473      
0.955             97966.33097       6278.317672      
0.96              97941.58602       5281.194062      
0.965             97913.90435       3887.561647      
0.97              97883.27876       2886.889153      
0.975             97849.77135       1504.478649      
0.98              97813.52082       519.2319985      
0.985             97774.74801       -828.3768551     
0.99              97733.75735       -1777.050882     
0.995             97690.93506       -3066.954153     
1                 97646.74059       -3959.633978     
1.005             97601.69458       -5174.416197     
1.01              97556.36001       -5997.712422     
1.015             97511.32151       -7129.734047     
1.02              97467.16136       -7879.790018     
1.025             97424.436         -8933.598714     
1.03              97383.65446       -9617.620317     
1.035             97345.25904       -10609.5802      
1.04              97309.61167       -11244.7507      
1.045             97276.98338       -12199.67094     
1.05              97247.55035       -12809.49065     
1.055             97221.39338       -13755.43075     
1.06              97198.50261       -14364.78496     
1.065             97178.78579       -15327.28181     
1.07              97162.0795        -15957.3973      
1.075             97148.16333       -16954.88618     
1.08              97136.77506       -17619.76876     
1.085             97127.626         -18661.36595     
1.09              97120.41674       -19366.53573     
1.095             97114.85018       -20452.32439     
1.1               97110.64338       -21195.70906     
1.105             97107.53574       -22319.1984      
1.11              97105.29545       -23093.73849     
1.115             97103.72225       -24245.07324     
1.12              97102.64866       -25041.60649     
1.125             97101.93857       -26210.64189     
1.13              97101.48492       -27020.44576     
1.135             97101.20606       -28198.82149     
1.14              97101.04183       -29015.10472     
1.145             97100.94956       -30197.23601     
1.15              97100.9001        -31015.71386     
1.155             97100.87451       -32198.61654     
1.16              97100.8611        -33017.13259     
1.165             97100.85312       -34199.7182      
1.17              97100.84701       -35017.5821      
1.175             97100.84114       -36199.84927     
1.18              97100.83494       -37017.14769     
1.185             97100.82833       -38199.44047     
1.19              97100.82145       -39016.46336     
1.195             97100.81441       -40199.08638     
1.2               97100.80732       -41016.07941     
1.205             97100.80017       -42199.11041     
1.21              97100.79291       -43016.15171     
1.215             97100.78543       -44199.44432     
1.22              97100.77756       -45016.47142     
1.225             97100.76911       -46199.79342     
1.23              97100.75982       -47016.71414     
1.235             97100.74938       -48199.86625     
1.24              97100.7374        -49016.61204     
1.245             97100.72336       -50199.48817     
1.25              97100.70657       -51016.05755     
1.255             97100.68614       -52198.63119     
1.26              97100.66088       -53015.0861      
1.265             97100.62917       -54197.49682     
1.27              97100.58899       -55013.70891     
1.275             97100.53753       -56196.32477     
1.28              97100.47136       -57012.97184     
1.285             97100.38583       -58195.57572     
1.29              97100.27524       -59012.38583     
1.295             97100.13242       -60194.72351     
1.3               97099.94844       -61011.13049     
1.305             97099.71235       -62193.68139     
1.31              97099.41093       -63010.23848     
1.315             97099.02845       -64192.80727     
1.32              97098.54633       -65009.08798     
1.325             97097.94309       -66191.08267     
1.33              97097.19481       -67006.04711     
1.335             97096.27281       -68187.58095     
1.34              97095.1478        -69001.76955     
1.345             97093.78615       -70182.33047     
1.35              97092.15408       -70994.39463     
1.355             97090.21522       -72172.66396     
1.36              97087.93596       -72981.46244     
1.365             97085.28234       -74156.78967     
1.37              97082.22587       -74961.7099      
1.375             97078.7452        -76132.24867     
1.38              97074.82736       -76929.58476     
1.385             97070.47129       -78093.22131     
1.39              97065.69079       -78880.50413     
1.395             97060.51701       -80035.25681     
1.4               97055.00161       -80808.8202      
1.405             97049.21832       -81950.58761     
1.41              97043.2648        -82704.45149     
1.415             97037.26337       -83828.70298     
1.42              97031.35921       -84556.3948      
1.425             97025.72149       -85658.34671     
1.43              97020.53444       -86352.48421     
1.435             97016.00186       -87425.96293     
1.44              97012.32593       -88077.44507     
1.445             97009.72212       -89115.92557     
1.45              97008.38367       -89715.79411     
1.455             97008.496         -90712.78966     
1.46              97010.20791       -91251.49322     
1.465             97013.63296       -92200.28702     
1.47              97018.83567       -92668.28406     
1.475             97025.82657       -93563.69644     
1.48              97034.55645       -93953.77242     
1.485             97044.91048       -94791.79823     
1.49              97056.7187        -95097.96408     
1.495             97069.7357        -95876.22298     
1.5               97083.67914       -96096.48429     
1.505             97098.20863       -96814.05579     
1.51              97112.9684        -96946.02641     
1.515             97127.56763       -97604.33635     
1.52              97141.63195       -97651.55788     
1.525             97154.78618       -98255.36002     
1.53              97166.69943       -98224.10265     
1.535             97177.07776       -98777.73821     
1.54              97185.68937       -98675.10069     
1.545             97192.37175       -99184.65289     
1.55              97197.03435       -99019.22742     
1.555             97199.65988       -99492.25331     
1.56              97200.3047        -99275.0932      
1.565             97199.09076       -99718.97604     
1.57              97196.19885       -99460.54914     
1.575             97191.85529       -99881.33051     
1.58              97186.3209        -99590.30119     
1.585             97179.87354       -99993.52192     
1.59              97172.79724       -99678.11733     
1.595             97165.36773       -100069.5664     
1.6               97157.8405        -99737.52228     
1.605             97150.4427        -100120.3513     
1.61              97143.3648        -99776.31134     
1.615             97136.75806       -100153.6216     
1.62              97130.73122       -99802.06629     
1.625             97125.3539        -100175.9158     
1.63              97120.65713       -99819.4225      
1.635             97116.63987       -100190.8111     
1.64              97113.27337       -99831.17579     
1.645             97110.50904       -100201.4481     
1.65              97108.2834        -99840.28613     
1.655             97106.52545       -100209.3069     
1.66              97105.16103       -99846.57166     
1.665             97104.11821       -100215.3081     
1.67              97103.32977       -99852.29185     
1.675             97102.73713       -100220.6687     
1.68              97102.28986       -99857.08329     
1.685             97101.94772       -100224.9526     
1.69              97101.67934       -99860.81067     
1.695             97101.46192       -100228.6333     
1.7               97101.27985       -99864.50775     
1.705             97101.12341       -100232.363      
1.71              97100.98723       -99868.16109     
1.715             97100.86896       -100235.7039     
1.72              97100.768         -99871.09898     
1.725             97100.68456       -100238.5157     
1.73              97100.61895       -99873.82242     
1.735             97100.57105       -100241.2357     
1.74              97100.5401        -99876.45728     
1.745             97100.52461       -100243.8001     
1.75              97100.52257       -99878.85419     
1.755             97100.53159       -100245.9069     
1.76              97100.54908       -99880.62831     
1.765             97100.57257       -100247.4962     
1.77              97100.60001       -99881.93054     
1.775             97100.63001       -100248.6584     
1.78              97100.66197       -99882.57606     
1.785             97100.69618       -100248.782      
1.79              97100.73388       -99882.03538     
1.795             97100.77718       -100247.9844     
1.8               97100.82913       -99880.46764     
1.805             97100.89346       -100245.477      
1.81              97100.97462       -99876.23131     
1.815             97101.07749       -100240.2401     
1.82              97101.20749       -99869.22385     
1.825             97101.37034       -100232.1072     
1.83              97101.57215       -99858.5786      
1.835             97101.81933       -100219.6603     
1.84              97102.1187        -99842.74593     
1.845             97102.47713       -100201.8347     
1.85              97102.90187       -99820.80689     
1.855             97103.40003       -100177.4079     
1.86              97103.97904       -99791.16531     
1.865             97104.64625       -100144.9267     
1.87              97105.40914       -99752.89423     
1.875             97106.27463       -100103.861      
1.88              97107.24951       -99705.44908     
1.885             97108.33941       -100053.2206     
1.89              97109.54925       -99647.6393      
1.895             97110.88232       -99992.71732     
1.9               97112.34053       -99580.69397     
1.905             97113.92322       -99923.9604      
1.91              97115.62793       -99506.26125     
1.915             97117.44899       -99848.01882     
1.92              97119.37827       -99425.44627     
1.925             97121.40426       -99767.25988     
1.93              97123.51263       -99342.68414     
1.935             97125.68519       -99686.58634     
1.94              97127.90131       -99263.01528     
1.945             97130.13685       -99610.07143     
1.95              97132.36547       -99190.20249     
1.955             97134.55837       -99542.10087     
1.96              97136.68514       -99129.84649     
1.965             97138.71446       -99488.49687     
1.97              97140.61426       -99087.5275      
1.975             97142.35331       -99453.49009     
1.98              97143.90132       -99066.20393     
1.985             97145.23041       -99439.98004     
1.99              97146.31523       -99068.62473     
1.995             97147.13444       -99449.79218     
2                 97147.67068       -99094.65494     
2.005             97147.91219       -99482.13414     
2.01              97147.85224       -99143.14977     
2.015             97147.48991       -99535.94197     
2.02              97146.8302        -99211.41701     
2.025             97145.88376       -99605.93314     
2.03              97144.66684       -99291.26643     
2.035             97143.20085       -99686.02029     
2.04              97141.51173       -99378.62684     
2.045             97139.62891       -99772.84179     
2.05              97137.58467       -99469.56724     
2.055             97135.41291       -99860.17501     
2.06              97133.14868       -99555.65529     
2.065             97130.8266        -99941.63991     
2.07              97128.48083       -99633.18677     
2.075             97126.14311       -100014.8657     
2.08              97123.84315       -99700.47964     
2.085             97121.60681       -100077.2236     
2.09              97119.45836       -99754.76486     
2.095             97117.41506       -100127.5142     
2.1               97115.49318       -99797.15046     
2.105             97113.70261       -100166.9318     
2.11              97112.05126       -99829.0571      
2.115             97110.54324       -100196.476      
2.12              97109.179         -99851.44981     
2.125             97107.95623       -100217.6482     
2.13              97106.87014       -99866.94906     
2.135             97105.91384       -100232.921      
2.14              97105.07906       -99878.06516     
2.145             97104.35615       -100244.2647     
2.15              97103.73494       -99886.41083     
2.155             97103.205         -100252.9578     
2.16              97102.75586       -99892.81696     
2.165             97102.37743       -100259.8285     
2.17              97102.06011       -99898.15545     
2.175             97101.79508       -100265.6848     
2.18              97101.57433       -99903.23951     
2.185             97101.3907        -100271.2104     
2.19              97101.23795       -99908.18415     
2.195             97101.11071       -100276.021      
2.2               97101.0044        -99912.2878      
2.205             97100.91517       -100280.1331     
2.21              97100.83981       -99916.02927     
2.215             97100.77566       -100283.7399     
2.22              97100.72054       -99919.35474     
2.225             97100.67263       -100286.9292     
2.23              97100.63042       -99922.32242     
2.235             97100.59262       -100289.5054     
2.24              97100.55809       -99924.44725     
2.245             97100.52574       -100291.3461     
2.25              97100.49454       -99926.04286     
2.255             97100.46339       -100292.8068     
2.26              97100.43111       -99927.51326     
2.265             97100.39638       -100294.1215     
2.27              97100.35771       -99928.68438     
2.275             97100.31338       -100294.7428     
2.28              97100.26147       -99928.77043     
2.285             97100.19953       -100294.5728     
2.29              97100.12502       -99928.7345      
2.295             97100.03472       -100294.1371     
2.3               97099.9253        -99928.09629     
2.305             97099.79259       -100292.4296     
2.31              97099.6324        -99925.76954     
2.315             97099.43951       -100288.8489     
2.32              97099.20895       -99921.58416     
2.325             97098.93449       -100282.898      
2.33              97098.61166       -99914.55949     
2.335             97098.232         -100273.2882     
2.34              97097.78987       -99904.04861     
2.345             97097.27884       -100259.3232     
2.35              97096.69307       -99888.10168     
2.355             97096.02721       -100237.7811     
2.36              97095.27665       -99863.09176     
2.365             97094.43761       -100206.0216     
2.37              97093.50834       -99827.8653      
2.375             97092.4881        -100162.1316     
2.38              97091.37865       -99778.99718     
2.385             97090.18398       -100100.9805     
2.39              97088.91106       -99710.39061     
2.395             97087.56954       -100017.0404     
2.4               97086.17246       -99617.1765      
2.405             97084.73592       -99904.71187     
2.41              97083.27955       -99493.13967     
2.415             97081.82611       -99756.81922     
2.42              97080.40152       -99330.15304     
2.425             97079.03435       -99564.5638      
2.43              97077.75556       -99119.0578      
2.435             97076.59786       -99319.20265     
2.44              97075.59488       -98851.60416     
2.445             97074.78057       -99011.4271      
2.45              97074.188         -98517.10817     
2.455             97073.84838       -98630.62075     
2.46              97073.7903        -98105.44339     
2.465             97074.03836       -98167.05152     
2.47              97074.61238       -97606.80966     
2.475             97075.526         -97611.28231     
2.48              97076.78639       -97012.16632     
2.485             97078.3932        -96954.98325     
2.49              97080.33827       -96313.28408     
2.495             97082.60554       -96190.94158     
2.5               97085.17024       -95504.09977     
2.505             97088.00068       -95314.26456     
2.51              97091.0565        -94580.19221     
2.515             97094.29256       -94321.69299     
2.52              97097.65627       -93539.25831     
2.525             97101.09329       -93212.85508     
2.53              97104.54436       -92382.26425     
2.535             97107.95115       -91989.61054     
2.54              97111.25389       -91111.88956     
2.545             97114.3971        -90656.2413      
2.55              97117.32765       -89733.41022     
2.555             97119.99817       -89219.21072     
2.56              97122.36798       -88254.24361     
2.565             97124.40403       -87686.55713     
2.57              97126.08168       -86683.14627     
2.575             97127.38509       -86068.00674     
2.58              97128.30773       -85030.3356      
2.585             97128.85172       -84373.70742     
2.59              97129.02803       -83305.9471      
2.595             97128.85519       -82614.03735     
2.6               97128.35891       -81520.72913     
2.605             97127.57027       -80799.57908     
2.61              97126.52549       -79685.08588     
2.615             97125.26388       -78940.10289     
2.62              97123.82679       -77808.30562     
2.625             97122.25592       -77044.43678     
2.63              97120.59256       -75898.96892     
2.635             97118.87613       -75120.54346     
2.64              97117.1434        -73964.54765     
2.645             97115.42747       -73174.99868     
2.65              97113.75735       -72010.95651     
2.655             97112.15754       -71213.31909     
2.66              97110.64791       -70043.4903      
2.665             97109.24365       -69239.97582     
2.67              97107.95539       -68065.91659     
2.675             97106.78951       -67258.172       
2.68              97105.74853       -66081.0935      
2.685             97104.83169       -65270.59369     
2.69              97104.03541       -64091.5962      
2.695             97103.35398       -63279.14589     
2.7               97102.78004       -62098.74757     
2.705             97102.30517       -61284.9109      
2.71              97101.92038       -60103.54392     
2.715             97101.61663       -59288.73589     
2.72              97101.38514       -58106.6911      
2.725             97101.21784       -57291.07754     
2.73              97101.10757       -56108.61362     
2.735             97101.04835       -55292.46801     
2.74              97101.03552       -54109.49713     
2.745             97101.06585       -53292.778       
2.75              97101.13765       -52109.46158     
2.755             97101.25084       -51291.74459     
2.76              97101.40693       -50107.58721     
2.765             97101.60914       -49289.04769     
2.77              97101.86241       -48104.31491     
2.775             97102.17296       -47284.76705     
2.78              97102.54899       -46099.22336     
2.785             97103.00052       -45277.83478     
2.79              97103.53978       -44090.6941      
2.795             97104.18045       -43267.25262     
2.8               97104.93857       -42078.44156     
2.805             97105.83175       -41252.6899      
2.81              97106.88033       -40061.95292     
2.815             97108.10623       -39232.97418     
2.82              97109.53457       -38039.45341     
2.825             97111.19204       -37206.55094     
2.83              97113.10701       -36008.83481     
2.835             97115.31415       -35171.92491     
2.84              97117.84676       -33971.54247     
2.845             97120.74384       -33129.8128      
2.85              97124.04367       -31924.95446     
2.855             97127.7898        -31076.46574     
2.86              97132.02483       -29865.62846     
2.865             97136.79592       -29010.94984     
2.87              97142.14869       -27794.96267     
2.875             97148.13236       -26933.91195     
2.88              97154.79377       -25712.22205     
2.885             97162.18204       -24844.00323     
2.89              97170.34299       -23615.96392     
2.895             97179.32305       -22741.39894     
2.9               97189.16427       -21507.82934     
2.905             97199.90743       -20627.73093     
2.91              97211.58773       -19389.16465     
2.915             97224.23696       -18504.4822      
2.92              97237.88014       -17261.79373     
2.925             97252.53667       -16374.39596     
2.93              97268.21826       -15129.39561     
2.935             97284.92842       -14241.44261     
2.94              97302.66223       -12995.68924     
2.945             97321.40545       -12109.58744     
2.95              97341.13429       -10865.43682     
2.955             97361.81488       -9984.136929     
2.96              97383.40337       -8744.216054     
2.965             97405.84574       -7870.538176     
2.97              97429.07827       -6637.315049     
2.975             97453.02769       -5773.902369     
2.98              97477.61194       -4549.738101     
2.985             97502.74083       -3699.05083      
2.99              97528.31701       -2486.181567     
2.995             97554.23702       -1650.1363       
3                 97580.39242       -450.2582906     
3.005             97606.67131       370.0115774      
3.01              97632.9594        1555.88803       
3.015             97659.14189       2360.014065      
3.02              97685.10457       3531.551309      
3.025             97710.73485       4319.906828      
3.03              97735.92583       5477.461455      
3.035             97760.57466       6251.41654       
3.04              97784.58421       7396.226845      
3.045             97807.86511       8157.817199      
3.05              97830.33816       9291.719286      
3.055             97851.93277       10043.43875      
3.06              97872.58793       11168.69592      
3.065             97892.2539        11913.55936      
3.07              97910.89151       13032.90035      
3.075             97928.47282       13774.05773      
3.08              97944.98037       14890.29753      
3.085             97960.40733       15630.70641      
3.09              97974.75673       16746.47047      
3.095             97988.04086       17488.86992      
3.1               98000.28072       18606.60157      
3.105             98011.50466       19353.32939      
3.11              98021.74826       20475.09597      
3.115             98031.0528        21227.84117      
3.12              98039.46364       22355.07127      
3.125             98047.03059       23114.83014      
3.13              98053.8057        24248.39611      
3.135             98059.84335       25015.8104       
3.14              98065.1983        26156.29334      
3.145             98069.92592       26931.58302      
3.15              98074.08049       28079.10335      
3.155             98077.71546       28861.80476      
3.16              98080.88218       30015.84639      
3.165             98083.62855       30805.01902      
3.17              98086.00302       31964.90565      
3.175             98088.04943       32760.40369      
3.18              98089.80787       33925.75681      
3.185             98091.31617       34726.00222      
3.19              98092.60887       35895.25244      
3.195             98093.71768       36699.18754      
3.2               98094.6713        37871.6491       
3.205             98095.49571       38679.00092      
3.21              98096.21414       39854.3353       
3.215             98096.84761       40663.91672      
3.22              98097.41493       41840.96576      
3.225             98097.93291       42651.93525      
3.23              98098.41656       43830.08753      
3.235             98098.87967       44642.2682       
3.24              98099.3345        45821.10541      
3.245             98099.79215       46633.48049      
3.25              98100.26284       47812.19313      
3.255             98100.75602       48624.50559      
3.26              98101.28035       49802.88795      
3.265             98101.84384       50614.83197      
3.27              98102.45409       51792.24275      
3.275             98103.11802       52602.86223      
3.28              98103.84203       53778.41846      
3.285             98104.63191       54587.48542      
3.29              98105.49291       55760.86986      
3.295             98106.42954       56567.63647      
3.3               98107.44549       57737.7436       
3.305             98108.54347       58541.29458      
3.31              98109.72515       59707.01202      
3.315             98110.99101       60506.41355      
3.32              98112.34017       61666.53484      
3.325             98113.77024       62460.68177      
3.33              98115.27723       63613.59844      
3.335             98116.85537       64400.95267      
3.34              98118.49703       65544.65861      
3.345             98120.19256       66323.64142      
3.35              98121.9303        67455.94814      
3.355             98123.6964        68224.59915      
3.36              98125.47494       69342.82733      
3.365             98127.24788       70099.00952      
3.37              98128.99511       71200.17248      
3.375             98130.69468       71941.37371      
3.38              98132.32294       73022.08555      
3.385             98133.85482       73745.69606      
3.39              98135.26412       74802.32734      
3.395             98136.52405       75505.54996      
3.4               98137.60749       76534.1484       
3.405             98138.48763       77213.97884      
3.41              98139.13842       78210.37156      
3.415             98139.53518       78863.80066      
3.42              98139.65515       79823.74633      
3.425             98139.47814       80447.83312      
3.43              98138.98698       81367.14051      
3.435             98138.16798       81959.08081      
3.44              98137.01152       82833.70141      
3.445             98135.51261       83390.927        
3.45              98133.67131       84217.11036      
3.455             98131.49284       84737.39879      
3.46              98128.98771       85511.84254      
3.465             98126.17169       85993.36785      
3.47              98123.06586       86713.31135      
3.475             98119.69649       87155.0022       
3.48              98116.09473       87818.58928      
3.485             98112.29621       88219.78117      
3.49              98108.34039       88825.73667      
3.495             98104.26992       89186.23052      
3.5               98100.12987       89734.06922      
3.505             98095.96694       90054.59849      
3.51              98091.8286        90544.97314      
3.515             98087.76224       90826.76744      
3.52              98083.81419       91261.03007      
3.525             98080.0289        91505.7081       
3.53              98076.44812       91885.91963      
3.535             98073.11006       92095.9186       
3.54              98070.04877       92425.1993       
3.545             98067.29347       92603.62373      
3.55              98064.86811       92885.77653      
3.555             98062.79101       93035.25765      
3.56              98061.07459       93273.95911      
3.565             98059.72531       93396.89126      
3.57              98058.74378       93595.8524       
3.575             98058.12489       93696.2332       
3.58              98057.85815       93860.71262      
3.585             98057.92834       93941.78729      
3.59              98058.31501       94076.09301      
3.595             98058.99442       94140.47321      
3.6               98059.93996       94248.62271      
3.605             98061.12251       94299.2956       
3.61              98062.51106       94385.58173      
3.615             98064.07339       94425.05785      
3.62              98065.77698       94493.12813      
3.625             98067.58982       94523.56982      
3.63              98069.48089       94576.74095      
3.635             98071.4207        94600.02975      
3.64              98073.38163       94641.20002      
3.645             98075.3383        94659.01757      
3.65              98077.26783       94690.74772      
3.655             98079.15011       94704.37567      
3.66              98080.96782       94728.70801      
3.665             98082.7065        94739.13872      
3.67              98084.35452       94757.73393      
3.675             98085.90292       94765.78662      
3.68              98087.34527       94780.00195      
3.685             98088.67747       94786.25147      
3.69              98089.89751       94797.09058      
3.695             98091.00519       94801.96423      
3.7               98092.00187       94810.19503      
3.705             98092.89013       94814.00306      
3.71              98093.67355       94820.18178      
3.715             98094.35637       94823.12959      
3.72              98094.94327       94827.62999      
3.725             98095.43914       94829.75894      
3.73              98095.84884       94832.73809      
3.735             98096.17709       94834.06013      
3.74              98096.42826       94835.60609      
3.745             98096.60626       94836.14162      
3.75              98096.71447       94836.27929      
3.755             98096.7557        94835.94461      
3.76              98096.73212       94834.56142      
3.765             98096.6453        94833.27112      
3.77              98096.49607       94830.23639      
3.775             98096.28444       94827.90349      
3.78              98096.00983       94823.04209      
3.785             98095.67128       94819.55832      
3.79              98095.26746       94812.66189      
3.795             98094.79655       94807.93353      
3.8               98094.25618       94798.79744      
3.805             98093.64361       94792.7508       
3.81              98092.95597       94781.18226      
3.815             98092.19031       94773.77138      
3.82              98091.34361       94759.61105      
3.825             98090.41291       94750.83067      
3.83              98089.39545       94733.97364      
3.835             98088.28875       94723.88197      
3.84              98087.09072       94704.31032      
3.845             98085.79975       94693.02984      
3.85              98084.41482       94670.82317      
3.855             98082.93563       94658.54988      
3.86              98081.36264       94633.90879      
3.865             98079.69719       94620.9263       
3.87              98077.9416        94594.19422      
3.875             98076.09922       94580.86128      
3.88              98074.17452       94552.52013      
3.885             98072.17312       94539.26457      
3.89              98070.10187       94509.93922      
3.895             98067.96882       94497.24951      
3.9               98065.78323       94467.69949      
3.905             98063.55555       94456.10723      
3.91              98061.29743       94427.20467      
3.915             98059.02157       94417.25412      
3.92              98056.74171       94389.94816      
3.925             98054.4725        94382.1435       
3.93              98052.22935       94357.39899      
3.935             98050.02827       94352.19691      
3.94              98047.88573       94330.96978      
3.945             98045.81842       94328.75237      
3.95              98043.8431        94311.93262      
3.955             98041.9763        94312.95086      
3.96              98040.23418       94301.2879       
3.965             98038.63225       94305.64464      
3.97              98037.18515       94299.70552      
3.975             98035.90647       94307.35547      
3.98              98034.80851       94307.49062      
3.985             98033.90213       94318.22404      
3.99              98033.19654       94324.52986      
3.995             98032.69914       94337.97547      
4                 98032.41539       94350.28702      
4.005             98032.34898       94365.95229      
4.01              98032.50093       94383.85447      
4.015             98032.87024       94401.13094      
4.02              98033.45417       94423.95949      
4.025             98034.24789       94442.16785      
4.03              98035.24434       94469.07013      
4.035             98036.43433       94487.53113      
4.04              98037.80688       94517.53915      
4.045             98039.34945       94535.59712      
4.05              98041.04814       94567.65877      
4.055             98042.88791       94584.70895      
4.06              98044.85273       94617.74992      
4.065             98046.9258        94633.29553      
4.07              98049.08983       94666.3003       
4.075             98051.32735       94679.97264      
4.08              98053.62084       94712.03045      
4.085             98055.95296       94723.59154      
4.09              98058.30673       94753.92436      
4.095             98060.66568       94763.26359      
4.1               98063.01408       94791.26338      
4.105             98065.33714       94798.41952      
4.11              98067.62106       94823.68291      
4.115             98069.85328       94828.80636      
4.12              98072.02247       94851.11653      
4.125             98074.11874       94854.43637      
4.13              98076.13364       94873.728        
4.135             98078.06018       94875.50631      
4.14              98079.89283       94891.83932      
4.145             98081.62749       94892.38477      
4.15              98083.26141       94905.95587      
4.155             98084.79312       94905.58837      
4.16              98086.2223        94916.67942      
4.165             98087.54973       94915.67156      
4.17              98088.77712       94924.58808      
4.175             98089.90704       94923.17451      
4.18              98090.94279       94930.24895      
4.185             98091.88829       94928.621        
4.19              98092.74799       94934.18529      
4.195             98093.52676       94932.46343      
4.2               98094.22977       94936.80874      
4.205             98094.86246       94935.05206      
4.21              98095.4304        94938.43672      
4.215             98095.93926       94936.6345       
4.22              98096.39471       94939.26152      
4.225             98096.80241       94937.34516      
4.23              98097.16793       94939.37453      
4.235             98097.49673       94937.21796      
4.24              98097.79414       94938.75552      
4.245             98098.06538       94936.12893      
4.25              98098.31547       94937.19148      
4.255             98098.54927       94933.84228      
4.26              98098.77151       94934.44081      
4.265             98098.9867        94930.02883      
4.27              98099.19921       94930.08803      
4.275             98099.41323       94924.15218      
4.28              98099.63274       94923.51511      
4.285             98099.86156       94915.52795      
4.29              98100.10327       94914.00083      
4.295             98100.36125       94903.29627      
4.3               98100.63863       94900.57992      
4.305             98100.93831       94886.32577      
4.31              98101.26289       94882.01248      
4.315             98101.61468       94863.23888      
4.32              98101.99562       94856.83644      
4.325             98102.4073        94832.37083      
4.33              98102.85087       94823.24066      
4.335             98103.327         94791.67953      
4.34              98103.83585       94779.02427      
4.345             98104.37702       94738.73717      
4.35              98104.94946       94721.60064      
4.355             98105.55149       94670.70297      
4.36              98106.18073       94647.94061      
4.365             98106.8341        94584.27754      
4.37              98107.50773       94554.54106      
4.375             98108.19705       94475.70908      
4.38              98108.89672       94437.45826      
4.385             98109.60067       94340.8109       
4.39              98110.30215       94292.30348      
4.395             98110.99375       94174.94072      
4.4               98111.66751       94114.2146       
4.405             98112.31494       93972.97793      
4.41              98112.92718       93897.84531      
4.415             98113.49509       93729.49768      
4.42              98114.00938       93637.68405      
4.425             98114.46074       93438.93238      
4.43              98114.84004       93328.07055      
4.435             98115.13842       93095.51395      
4.44              98115.34753       92963.07955      
4.445             98115.45966       92693.39142      
4.45              98115.4679        92536.87746      
4.455             98115.36638       92226.92327      
4.46              98115.15036       92043.9011       
4.465             98114.81615       91690.72979      
4.47              98114.36142       91478.83875      
4.475             98113.78547       91079.79915      
4.48              98113.0894        90836.85974      
4.485             98112.27597       90389.78992      
4.49              98111.34943       90113.95098      
4.495             98110.31545       89617.11623      
4.5               98109.18128       89306.77788      
4.505             98107.9558        88758.9447       
4.51              98106.64935       88412.88845      
4.515             98105.27354       87813.54571      
4.52              98103.84108       87431.02038      
4.525             98102.36556       86780.15074      
4.53              98100.86128       86360.81918      
4.535             98099.34304       85659.06977      
4.54              98097.82591       85203.06794      
4.545             98096.32492       84451.68477      
4.55              98094.8549        83959.6215       
4.555             98093.43016       83160.41947      
4.56              98092.06432       82633.34565      
4.565             98090.77007       81788.41693      
4.57              98089.55898       81227.6018       
4.575             98088.44133       80339.90691      
4.58              98087.42597       79747.39778      
4.585             98086.52014       78819.95977      
4.59              98085.72948       78197.74885      
4.595             98085.05789       77233.74675      
4.6               98084.50753       76584.07458      
4.605             98084.07885       75586.92128      
4.61              98083.77076       74912.23297      
4.615             98083.58032       73885.4561       
4.62              98083.50307       73188.30962      
4.625             98083.53322       72135.36327      
4.63              98083.6639        71418.28316      
4.635             98083.88729       70342.41878      
4.64              98084.19452       69607.86138      
4.645             98084.57587       68512.27406      
4.65              98085.02103       67762.54282      
4.655             98085.51924       66650.07991      
4.66              98086.05956       65887.40429      
4.665             98086.63091       64760.717        
4.67              98087.22226       63987.063        
4.675             98087.82266       62848.4749       
4.68              98088.42142       62065.65111      
4.685             98089.00812       60917.35491      
4.69              98089.5727        60127.03939      
4.695             98090.10549       58970.63093      
4.7               98090.5972        58174.01588      
4.705             98091.0389        57010.84407      
4.71              98091.42203       56208.99961      
4.715             98091.73827       55040.46367      
4.72              98091.97957       54234.5018       
4.725             98092.138         53061.43028      
4.73              98092.2057        52251.92988      
4.735             98092.17474       51074.91566      
4.74              98092.03713       50262.36218      
4.745             98091.78458       49081.99845      
4.75              98091.40815       48266.84859      
4.755             98090.89869       47083.43362      
4.76              98090.24645       46265.87315      
4.765             98089.44115       45079.56838      
4.77              98088.4718        44259.80408      
4.775             98087.32647       43070.66184      
4.78              98085.99219       42248.58634      
4.785             98084.45517       41056.85606      
4.79              98082.70044       40232.62427      
4.795             98080.71216       39037.3868       
4.8               98078.47364       38210.29649      
4.805             98075.96729       37012.29895      
4.81              98073.17443       36183.04271      
4.815             98070.07553       34981.94261      
4.82              98066.65029       34149.90804      
4.825             98062.87768       32945.1077       
4.83              98058.73616       32109.95603      
4.835             98054.20439       30901.66644      
4.84              98049.2591        30063.76083      
4.845             98043.878         28852.70953      
4.85              98038.03925       28012.15106      
4.855             98031.72093       26797.40001      
4.86              98024.90162       25953.37473      
4.865             98017.56087       24735.44867      
4.87              98009.67921       23888.71534      
4.875             98001.23819       22668.37887      
4.88              97992.22116       21819.39183      
4.885             97982.6133        20596.61623      
4.89              97972.40184       19745.22879      
4.895             97961.57624       18520.67657      
4.9               97950.12844       17667.60546      
4.905             97938.05334       16442.30497      
4.91              97925.34876       15588.34237      
4.915             97912.0158        14362.9583       
4.92              97898.05889       13508.62246      
4.925             97883.48604       12284.1028       
4.93              97868.30885       11430.28129      
4.935             97852.54267       10207.76762      
4.94              97836.20659       9355.455382      
4.945             97819.32347       8135.966588      
4.95              97801.91994       7286.058512      
4.955             97784.02622       6070.621727      
4.96              97765.67613       5224.066015      
4.965             97746.90682       4013.714231      
4.97              97727.75866       3171.45876       
4.975             97708.27494       1967.061206      
4.98              97688.50181       1129.88593       
4.985             97668.48733       -67.81394111     
4.99              97648.28168       -899.150465      
4.995             97627.93707       -2089.671902     
5                 97607.50659       -2914.698847     
5.005             97587.04433       -4097.629055     
5.01              97566.60461       -4915.929401     
5.015             97546.24189       -6091.304779     
5.02              97526.01001       -6902.892131     
5.025             97505.96206       -8070.831606     
5.03              97486.14959       -8875.698109     
5.035             97466.6227        -10036.46263     
5.04              97447.42906       -10834.8392      
5.045             97428.61419       -11989.16634     
5.05              97410.22049       -12781.6937      
5.055             97392.28752       -13930.78902     
5.06              97374.85126       -14718.46132     
5.065             97357.94426       -15862.62036     
5.07              97341.59515       -16645.64121     
5.075             97325.82877       -17785.97453     
5.08              97310.66585       -18565.49654     
5.085             97296.12317       -19703.63124     
5.09              97282.2134        -20481.00979     
5.095             97268.94525       -21617.82136     
5.1               97256.32353       -22393.77983     
5.105             97244.34925       -23530.20723     
5.11              97233.01989       -24305.67384     
5.115             97222.3294        -25442.87983     
5.12              97212.26869       -26218.89809     
5.125             97202.82557       -27357.65346     
5.13              97193.98533       -28134.89176     
5.135             97185.73057       -29275.76516     
5.14              97178.0425        -30054.66043     
5.145             97170.89909       -31198.26765     
5.15              97164.27824       -31979.5875      
5.155             97158.15511       -33126.39803     
5.16              97152.50518       -33910.4083      
5.165             97147.30177       -35060.2999      
5.17              97142.51911       -35846.87328     
5.175             97138.12969       -36999.91088     
5.18              97134.10674       -37789.44373     
5.185             97130.42391       -38945.50363     
5.19              97127.05569       -39736.9337      
5.195             97123.97504       -40895.63439     
5.2               97121.15789       -41689.40047     
5.205             97118.57884       -42850.85569     
5.21              97116.21592       -43646.40277     
5.215             97114.04525       -44809.61138     
5.22              97112.04585       -45607.34769     
5.225             97110.19806       -46771.0526      
5.23              97108.48322       -47567.96958     
5.235             97106.88362       -48731.72926     
5.24              97105.38323       -49528.39823     
5.245             97103.96686       -50692.64754     
5.25              97102.62094       -51488.87921     
5.255             97101.33294       -52651.587       
5.26              97100.09192       -53445.25314     
5.265             97098.88797       -54605.42432     
5.27              97097.71277       -55395.5198      
5.275             97096.55902       -56552.68841     
5.28              97095.42094       -57338.53975     
5.285             97094.29382       -58491.38727     
5.29              97093.1744        -59271.27952     
5.295             97092.06046       -60418.32334     
5.3               97090.95114       -61190.60544     
5.305             97089.84657       -62330.81161     
5.31              97088.7481        -63094.08723     
5.315             97087.65805       -64225.93832     
5.32              97086.57973       -64978.21876     
5.325             97085.51734       -66099.96205     
5.33              97084.47591       -66839.10723     
5.335             97083.4612        -67949.27315     
5.34              97082.47967       -68673.35667     
5.345             97081.53822       -69770.0824      
5.35              97080.64441       -70476.57979     
5.355             97079.80603       -71557.95092     
5.36              97079.03133       -72244.27158     
5.365             97078.32866       -73308.38136     
5.37              97077.70657       -73972.02967     
5.375             97077.17351       -75017.06943     
5.38              97076.73792       -75655.41048     
5.385             97076.40788       -76679.04469     
5.39              97076.19116       -77289.0198      
5.395             97076.09494       -78289.03761     
5.4               97076.12577       -78867.74147     
5.405             97076.28935       -79841.88778     
5.41              97076.59047       -80386.33844     
5.415             97077.03298       -81331.65281     
5.42              97077.61961       -81838.31459     
5.425             97078.35104       -82750.68789     
5.43              97079.22674       -83215.24544     
5.435             97080.24562       -84088.64444     
5.44              97081.40522       -84505.42418     
5.445             97082.70144       -85330.48745     
5.45              97084.12824       -85691.44201     
5.455             97085.67822       -86454.17181     
5.46              97087.34254       -86748.03653     
5.465             97089.11138       -87429.03201     
5.47              97090.97343       -87640.89297     
5.475             97092.9166        -88215.72067     
5.48              97094.92738       -88327.44491     
5.485             97096.99164       -88769.02023     
5.49              97099.09452       -88761.28047     
5.495             97101.22074       -89044.30853     
5.5               97103.35438       -88899.61028     
5.505             97105.47964       -89006.32541     
5.51              97107.58066       -88713.7097      
5.515             97109.64189       -88638.9278      
5.52              97111.6483        -88196.63019     
5.525             97113.58531       -87949.81622     
5.53              97115.43917       -87366.79515     
5.535             97117.19699       -86970.83023     
5.54              97118.84729       -86265.31596     
5.545             97120.37954       -85751.22485     
5.55              97121.78463       -84946.2585      
5.555             97123.05486       -84346.41392     
5.56              97124.18403       -83466.10184     
5.565             97125.1675        -82808.73934     
5.57              97126.00214       -81872.40104     
5.575             97126.68649       -81177.10661     
5.58              97127.22073       -80199.38039     
5.585             97127.6064        -79479.73888     
5.59              97127.84646       -78469.87504     
5.595             97127.94568       -77732.29014     
5.6               97127.91019       -76696.03891     
5.605             97127.74716       -75944.70719     
5.61              97127.46478       -74885.99144     
5.615             97127.0721        -74122.86797     
5.62              97126.57895       -73043.9709      
5.625             97125.99577       -72270.9177      
5.63              97125.33356       -71174.78621     
5.635             97124.60343       -70393.5484      
5.64              97123.81676       -69282.58934     
5.645             97122.9848        -68494.10556     
5.65              97122.11864       -67370.01352     
5.655             97121.22946       -66575.73431     
5.66              97120.32794       -65440.70587     
5.665             97119.42428       -64641.68647     
5.67              97118.52835       -63497.60118     
5.675             97117.64925       -62694.85252     
5.68              97116.79579       -61542.82259     
5.685             97115.97589       -60736.59964     
5.69              97115.19701       -59578.05616     
5.695             97114.46603       -58769.52691     
5.7               97113.789         -57605.40204     
5.705             97113.17159       -56794.49099     
5.71              97112.61878       -55625.76695     
5.715             97112.13517       -54813.30142     
5.72              97111.72483       -53640.77494     
5.725             97111.39147       -52826.63096     
5.73              97111.13837       -51650.61044     
5.735             97110.9684        -50834.93824     
5.74              97110.8841        -49655.8024      
5.745             97110.88765       -48839.06871     
5.75              97110.98089       -47657.34581     
5.755             97111.16537       -46839.41671     
5.76              97111.44237       -45655.1482      
5.765             97111.81304       -44836.06455     
5.77              97112.27825       -43649.41926     
5.775             97112.83863       -42829.34833     
5.78              97113.49398       -41640.56168     
5.785             97114.24444       -40819.44443     
5.79              97115.09071       -39628.49624     
5.795             97116.03328       -38806.45873     
5.8               97117.07242       -37613.53848     
5.805             97118.208         -36790.70087     
5.81              97119.43966       -35595.94835     
5.815             97120.76719       -34772.32296     
5.82              97122.19062       -33575.78989     
5.825             97123.71031       -32751.64801     
5.83              97125.3271        -31553.66537     
5.835             97127.04251       -30729.32405     
5.84              97128.85924       -29530.21091     
5.845             97130.78154       -28705.31611     
5.85              97132.81613       -27504.85636     
5.855             97134.9727        -26680.09497     
5.86              97137.26543       -25479.14092     
5.865             97139.71341       -24654.78038     
5.87              97142.34334       -23453.57841     
5.875             97145.18939       -22629.46115     
5.88              97148.29763       -21428.12548     
5.885             97151.72433       -20604.8481      
5.89              97155.54219       -19404.00111     
5.895             97159.83877       -18582.11924     
5.9               97164.7216        -17382.65983     
5.905             97170.3154        -16562.0539      
5.91              97176.76762       -15363.9217      
5.915             97184.24397       -14544.74985     
5.92              97192.92675       -13348.21368     
5.925             97203.02543       -12530.98447     
5.93              97214.75677       -11337.41968     
5.935             97228.34071       -10522.24135     
5.94              97244.00074       -9331.238421     
5.945             97261.95363       -8517.712498     
5.95              97282.39577       -7329.491897     
5.955             97305.49387       -6518.135747     
5.96              97331.37258       -5333.44239      
5.965             97360.10291       -4524.183498     
5.97              97391.69123       -3342.984511     
5.975             97426.06999       -2535.397843     
5.98              97463.09094       -1357.488527     
5.985             97502.52162       -551.5765261     
5.99              97544.04553       622.8768118      
5.995             97587.26703       1427.289838      
6                 97631.71984       2598.458261      
6.005             97676.881         3401.831287      
6.01              97722.18687       4570.117299      
6.015             97767.0543        5372.72139       
6.02              97810.90064       6538.38773       
6.025             97853.16486       7340.483169      
6.03              97893.33798       8503.901879      
6.035             97930.97233       9305.982464      
6.04              97965.69589       10467.72593      
6.045             97997.23301       11270.01047      
6.05              98025.40362       12430.43845      
6.055             98050.12876       13233.32343      
6.06              98071.42457       14393.06497      
6.065             98089.3935        15196.82402      
6.07              98104.21403       16356.28608      
6.075             98116.12263       17161.15585      
6.08              98125.40175       18320.81386      
6.085             98132.35784       19127.01252      
6.09              98137.30931       20287.32736      
6.095             98140.5698        21094.98437      
6.1               98142.43995       22256.31641      
6.105             98143.19464       23065.42712      
6.11              98143.0803        24228.00935      
6.115             98142.30805       25038.5749       
6.12              98141.05713       26202.64259      
6.125             98139.47111       27014.60659      
6.13              98137.66778       28180.32324      
6.135             98135.73569       28993.93154      
6.14              98133.74031       30161.46198      
6.145             98131.73014       30976.1294       
6.15              98129.73914       32145.19137      
6.155             98127.7909        32961.11918      
6.16              98125.90088       34131.9159       
6.165             98124.07897       34948.90564      
6.17              98122.33126       36121.38765      
6.175             98120.66132       36939.35355      
6.18              98119.07092       38113.35818      
6.185             98117.56067       38932.26338      
6.19              98116.1303        40107.65833      
6.195             98114.77887       40927.34346      
6.2               98113.50488       42103.89462      
6.205             98112.30633       42924.63111      
6.21              98111.18081       44102.41016      
6.215             98110.12553       44923.94937      
6.22              98109.1374        46102.6787       
6.225             98108.21299       46925.44081      
6.23              98107.34857       48105.17589      
6.235             98106.54022       48929.13099      
6.24              98105.78386       50109.74233      
6.245             98105.07524       50935.41475      
6.25              98104.40999       52117.03892      
6.255             98103.78373       52944.82434      
6.26              98103.19202       54127.45535      
6.265             98102.63052       54957.73558      
6.27              98102.09496       56141.48782      
6.275             98101.58126       56975.02212      
6.28              98101.08556       58160.22949      
6.285             98100.60417       58997.72544      
6.29              98100.13353       60184.59804      
6.295             98099.67049       61026.85548      
6.3               98099.21228       62215.75778      
6.305             98098.75654       63063.81055      
6.31              98098.30121       64255.17766      
6.315             98097.84459       65110.12621      
6.32              98097.38535       66304.47115      
6.325             98096.92258       67167.49195      
6.33              98096.4558        68365.26934      
6.335             98095.98489       69237.51281      
6.34              98095.5101        70439.09551      
6.345             98095.03208       71321.81499      
6.35              98094.55179       72527.61266      
6.355             98094.07055       73421.98497      
6.36              98093.59003       74632.08643      
6.365             98093.11222       75538.92456      
6.37              98092.63943       76752.90543      
6.375             98092.17428       77672.84999      
6.38              98091.7197        78889.92296      
6.385             98091.2789        79823.16085      
6.39              98090.85533       81041.74131      
6.395             98090.45266       81987.70086      
6.4               98090.07474       83205.15754      
6.405             98089.72553       84162.58414      
6.41              98089.40906       85375.27947      
6.415             98089.12938       86342.12615      
6.42              98088.89046       87545.25256      
6.425             98088.69617       88518.55038      
6.43              98088.55019       89706.06931      
6.435             98088.45594       90682.04685      
6.44              98088.4165        91846.90241      
6.445             98088.43456       92821.23148      
6.45              98088.51246       93955.71727      
6.455             98088.65209       94923.78405      
6.46              98088.85478       96019.99461      
6.465             98089.12133       96977.30478      
6.47              98089.45196       98027.73336      
6.475             98089.84636       98970.37051      
6.48              98090.3036        99968.6794       
6.485             98090.82216       100893.9429      
6.49              98091.39984       101835.7525      
6.495             98092.03377       102742.3334      
6.5               98092.72059       103625.4986      
6.505             98093.45638       104513.7645      
6.51              98094.23675       105338.9002      
6.515             98095.05686       106211.1774      
6.52              98095.91147       106981.9091      
6.525             98096.79502       107842.1689      
6.53              98097.70166       108564.577       
6.535             98098.62536       109417.9159      
6.54              98099.55991       110099.9971      
6.545             98100.49904       110952.4589      
6.55              98101.43648       111603.7197      
6.555             98102.366         112461.6104      
6.56              98103.28152       113092.0322      
6.565             98104.17714       113961.1993      
6.57              98105.04726       114580.308       
6.575             98105.88662       115465.8756      
6.58              98106.69039       116082.3364      
6.585             98107.45423       116988.3789      
6.59              98108.17436       117609.4212      
6.595             98108.84762       118538.661       
6.6               98109.47151       119169.7394      
6.605             98110.04424       120123.6723      
6.61              98110.56477       120768.5749      
6.615             98111.03281       121747.6038      
6.62              98111.44882       122408.5869      
6.625             98111.81404       123412.1623      
6.63              98112.1304        124090.1662      
6.635             98112.40062       125117.0644      
6.64              98112.62806       125812.05        
6.645             98112.81677       126860.6099      
6.65              98112.97144       127571.8572      
6.655             98113.09737       128640.1752      
6.66              98113.20046       129366.5532      
6.665             98113.28717       130452.6568      
6.67              98113.36449       131192.8432      
6.675             98113.43992       132294.7634      
6.68              98113.5214        133047.3292      
6.685             98113.61732       134163.2217      
6.69              98113.73644       134926.7882      
6.695             98113.88792       136054.9387      
6.7               98114.08127       136828.1873      
6.705             98114.32637       137967.0536      
6.71              98114.63331       138748.7995      
6.715             98115.01259       139897.0073      
6.72              98115.47482       140686.1768      
6.725             98116.03095       141842.5533      
6.73              98116.69212       142638.2124      
6.735             98117.46968       143801.6955      
6.74              98118.37516       144603.0462      
6.745             98119.42042       145772.7857      
6.75              98120.61734       146579.135       
6.755             98121.97805       147754.3973      
6.76              98123.5147        148565.1968      
6.765             98125.23963       149745.3896      
6.77              98127.1652        150560.179       
6.775             98129.30377       151744.7659      
6.78              98131.66766       152563.1215      
6.785             98134.26924       153751.684       
6.79              98137.12055       154573.3042      
6.795             98140.23363       155765.5078      
6.8               98143.62016       156590.1581      
6.805             98147.29137       157785.7661      
6.81              98151.25798       158613.2672      
6.815             98155.53021       159811.9397      
6.82              98160.11746       160642.0261      
6.825             98165.0284        161843.498       
6.83              98170.27077       162676.0121      
6.835             98175.85122       163880.1345      
6.84              98181.77529       164714.9872      
6.845             98188.04737       165921.3648      
6.85              98194.67056       166758.2132      
6.855             98201.64685       167966.5033      
6.86              98208.97686       168805.1019      
6.865             98216.66009       170015.0115      
6.87              98224.69487       170855.1838      
6.875             98233.07856       172066.3429      
6.88              98241.80768       172907.7638      
6.885             98250.87808       174119.6318      
6.89              98260.28522       174961.8338      
6.895             98270.02443       176173.951       
6.9               98280.0911        177016.5743      
6.905             98290.48105       178228.4357      
6.91              98301.19078       179071.0503      
6.915             98312.21778       180282.1056      
6.92              98323.56068       181124.2482      
6.925             98335.21947       182333.8993      
6.93              98347.19559       183175.0112      
6.935             98359.49211       184382.6712      
6.94              98372.11337       185222.2297      
6.945             98385.06517       186427.3697      
6.95              98398.35429       187264.9027      
6.955             98411.98802       188467.026       
6.96              98425.97389       189302.1724      
6.965             98440.31919       190500.9782      
6.97              98455.02998       191333.4572      
6.975             98470.11071       192528.4452      
6.98              98485.56328       193357.7029      
6.985             98501.3864        194548.4776      
6.99              98517.57472       195374.285       
6.995             98534.11846       196560.7759      
7                 98551.00258       197382.8351      
7.005             98568.20654       198564.7963      
7.01              98585.70393       199382.8823      
7.015             98603.46213       200560.2683      
7.02              98621.44266       201374.2759      
7.025             98639.60143       202547.2172      
7.03              98657.88932       203357.2741      
7.035             98676.25209       204525.9946      
7.04              98694.63213       205332.1979      
7.045             98712.96902       206496.8356      
7.05              98731.20092       207299.2448      
7.055             98749.26465       208460.244       
7.06              98767.09817       209259.2938      
7.065             98784.64112       210417.108       
7.07              98801.83629       211213.0922      
7.075             98818.62961       212368.1346      
7.08              98834.97246       213161.448       
7.085             98850.82114       214314.2692      
7.09              98866.13841       215105.348       
7.095             98880.89308       216256.4635      
7.1               98895.06075       217045.796       
7.105             98908.62347       218195.7598      
7.11              98921.56973       218983.7909      
7.115             98933.89414       220133.054       
7.12              98945.59686       220920.1792      
7.125             98956.68336       222069.1721      
7.13              98967.16338       222855.7775      
7.135             98977.05088       224004.903       
7.14              98986.3627        224791.346       
7.145             98995.11873       225940.8949      
7.15              99003.34038       226727.3917      
7.155             99011.05103       227877.5199      
7.16              99018.27448       228664.1943      
7.165             99025.03555       229815.01        
7.17              99031.35875       230601.9333      
7.175             99037.26876       231753.4099      
7.18              99042.78956       232540.4934      
7.185             99047.94486       233692.505       
7.19              99052.75729       234479.5787      
7.195             99057.24898       235631.8573      
7.2               99061.44083       236418.5661      
7.205             99065.35316       237570.7161      
7.21              99069.005         238356.6163      
7.215             99072.41472       239508.1733      
7.22              99075.5995        240292.7065      
7.225             99078.5758        241443.0333      
7.23              99081.35893       242225.4526      
7.235             99083.9635        243373.8065      
7.24              99086.40298       244153.2603      
7.245             99088.69017       245298.8061      
7.25              99090.83676       246074.3137      
7.255             99092.85377       247216.0688      
7.26              99094.75112       247986.4867      
7.265             99096.53805       249123.3487      
7.27              99098.2228        249887.4         
7.275             99099.81285       251018.1638      
7.28              99101.31476       251774.4454      
7.285             99102.73432       252897.77        
7.29              99104.07643       253644.7262      
7.295             99105.34528       254759.1183      
7.3               99106.54422       255495.0372      
7.305             99107.67585       256598.8438      
7.31              99108.74217       257321.8798      
7.315             99109.74442       258413.2744      
7.32              99110.68325       259121.314       
7.325             99111.55873       260198.1276      
7.33              99112.37047       260888.8929      
7.335             99113.1176        261948.9126      
7.34              99113.79891       262620.1341      
7.345             99114.41287       263660.8186      
7.35              99114.95772       264309.8101      
7.355             99115.43151       265328.0409      
7.36              99115.83218       265951.7278      
7.365             99116.15764       266944.2449      
7.37              99116.40584       267539.5623      
7.375             99116.57474       268502.6096      
7.38              99116.66249       269066.0074      
7.385             99116.66737       269995.206       
7.39              99116.58791       270522.7961      
7.395             99116.42292       271413.4561      
7.4               99116.1715        271901.1344      
7.405             99115.83316       272747.9539      
7.41              99115.40778       273191.112       
7.415             99114.89566       273988.289       
7.42              99114.29748       274382.0632      
7.425             99113.61439       275123.534       
7.43              99112.8481        275462.8778      
7.435             99112.00105       276142.2315      
7.44              99111.07641       276421.834       
7.445             99110.07795       277032.5691      
7.45              99109.00991       277247.0963      
7.455             99107.8771        277782.8701      
7.46              99106.68499       277927.1654      
7.465             99105.43968       278382.0502      
7.47              99104.1479        278451.2233      
7.475             99102.81667       278819.934       
7.48              99101.45403       278809.6749      
7.485             99100.06767       279087.9222      
7.49              99098.66629       278994.6716      
7.495             99097.2579        279179.1959      
7.5               99095.85068       279000.1684      
7.505             99094.45299       279089.4115      
7.51              99093.07288       278823.4089      
7.515             99091.7179        278817.4921      
7.52              99090.39563       278464.4409      
7.525             99089.11304       278364.534       
7.53              99087.87651       277925.0199      
7.535             99086.69199       277734.2165      
7.54              99085.56499       277210.9104      
7.545             99084.50037       276934.174       
7.55              99083.5024        276330.9478      
7.555             99082.57471       275973.8421      
7.56              99081.72028       275295.142       
7.565             99080.94147       274864.5394      
7.57              99080.23994       274116.0337      
7.575             99079.61667       273619.5998      
7.58              99079.07202       272807.57        
7.585             99078.60556       272253.0484      
7.59              99078.21623       271383.9758      
7.595             99077.90228       270779.1414      
7.6               99077.66132       269859.5608      
7.605             99077.49042       269212.2283      
7.61              99077.38615       268249.048       
7.615             99077.34441       267566.2869      
7.62              99077.36059       266565.3612      
7.625             99077.4296        265853.214       
7.63              99077.54612       264820.0452      
7.635             99077.70449       264084.4771      
7.64              99077.89869       263024.5095      
7.645             99078.12242       262270.2803      
7.65              99078.36917       261187.8212      
7.655             99078.63235       260418.7494      
7.66              99078.90532       259317.5099      
7.665             99079.18127       258536.9715      
7.67              99079.45347       257420.2877      
7.675             99079.71511       256630.9157      
7.68              99079.95952       255501.5031      
7.685             99080.18004       254705.2676      
7.69              99080.37017       253565.2431      
7.695             99080.52342       252763.6589      
7.7               99080.63348       251614.7724      
7.705             99080.69411       250809.0489      
7.71              99080.69925       249652.7914      
7.715             99080.64285       248843.8387      
7.72              99080.51905       247681.3767      
7.725             99080.32195       246869.8326      
7.73              99080.04577       245702.0643      
7.735             99079.68457       244888.3704      
7.74              99079.23239       243716.0014      
7.745             99078.68302       242900.5301      
7.75              99078.03009       241724.2006      
7.755             99077.26685       240907.2898      
7.76              99076.38629       239727.5548      
7.765             99075.38091       238909.4215      
7.77              99074.24268       237726.6972      
7.775             99072.96261       236907.5209      
7.78              99071.53101       235722.1754      
7.785             99069.93676       234902.1446      
7.79              99068.16783       233714.5541      
7.795             99066.21085       232893.8034      
7.8               99064.05109       231704.1979      
7.805             99061.67221       230882.8973      
7.81              99059.05626       229691.6664      
7.815             99056.1831        228870.0604      
7.82              99053.03104       227677.5099      
7.825             99049.57598       226855.6549      
7.83              99045.7919        225661.8607      
7.835             99041.6507        224839.9551      
7.84              99037.12202       223645.5001      
7.845             99032.17346       222823.8309      
7.85              99026.7708        221628.8988      
7.855             99020.87748       220807.4344      
7.86              99014.45584       219612.216       
7.865             99007.46642       218791.2367      
7.87              98999.86923       217596.1787      
7.875             98991.62328       216775.9539      
7.88              98982.68796       215581.4229      
7.885             98973.02268       214761.9921      
7.89              98962.58821       213568.1476      
7.895             98951.34722       212749.662       
7.9               98939.26476       211556.863       
7.905             98926.30921       210739.589       
7.91              98912.45322       209548.2036      
7.915             98897.674         208732.1509      
7.92              98881.95474       207542.3161      
7.925             98865.2853        206727.5576      
7.93              98847.66271       205539.5741      
7.935             98829.09183       204726.3285      
7.94              98809.58621       203540.5045      
7.945             98789.16849       202728.5967      
7.95              98767.87058       201544.8524      
7.955             98745.73427       200734.3354      
7.96              98722.81081       199552.9621      
7.965             98699.16142       198743.9343      
7.97              98674.85654       197565.0248      
7.975             98649.97549       196757.2227      
7.98              98624.60572       195580.6218      
7.985             98598.84288       194774.0232      
7.99              98572.78846       193599.7977      
7.995             98546.55005       192794.2191      
8                 98520.23877       191622.1842      
8.005             98493.96918       190817.4331      
8.01              98467.85654       189647.487       
8.015             98442.01656       188843.4218      
8.02              98416.56264       187675.3493      
8.025             98391.60552       186871.6601      
8.03              98367.25073       185705.1435      
8.035             98343.59834       184899.723       
8.04              98320.74027       183731.5085      
8.045             98298.76049       182928.3175      
8.05              98277.73398       181765.8254      
8.055             98257.7241        180963.2636      
8.06              98238.78424       179800.2555      
8.065             98220.95648       178994.7947      
8.07              98204.27137       177830.7788      
8.075             98188.74789       177026.21        
8.08              98174.39392       175863.8806      
8.085             98161.20638       175058.7404      
8.09              98149.17194       173896.1347      
8.095             98138.26771       173089.1669      
8.1               98128.46219       171925.6053      
8.105             98119.71606       171118.0626      
8.11              98111.98327       169954.3173      
8.115             98105.21223       169145.8218      
8.12              98099.34684       167981.4497      
8.125             98094.32771       167171.4942      
8.13              98090.09278       166005.9792      
8.135             98086.57926       165194.9153      
8.14              98083.72374       164028.5953      
8.145             98081.46361       163216.392       
8.15              98079.73758       162049.1303      
8.155             98078.48629       161235.5911      
8.16              98077.65309       160067.0952      
8.165             98077.18417       159252.3144      
8.17              98077.02962       158082.874       
8.175             98077.14276       157266.8378      
8.18              98077.48075       156096.359       
8.185             98078.00456       155278.9196      
8.19              98078.67941       154107.4405      
8.195             98079.47453       153288.5393      
8.2               98080.36255       152116.0808      
8.205             98081.31976       151295.6563      
8.21              98082.3255        150122.3527      
8.215             98083.3621        149300.2208      
8.22              98084.41481       148126.0399      
8.225             98085.47141       147301.937       
8.23              98086.52207       146127.0009      
8.235             98087.55886       145300.8002      
8.24              98088.57563       144125.177       
8.245             98089.56776       143296.5526      
8.25              98090.53192       142120.2736      
8.255             98091.4659        141288.8568      
8.26              98092.36846       140112.0685      
8.265             98093.23912       139277.5823      
8.27              98094.07801       138100.3342      
8.275             98094.88576       137262.3469      
8.28              98095.66337       136084.9373      
8.285             98096.41213       135243.1508      
8.29              98097.13347       134065.7303      
8.295             98097.82894       133219.75        
8.3               98098.50009       132042.7015      
8.305             98099.14845       131192.2603      
8.31              98099.77545       130016.0481      
8.315             98100.3824        129160.886       
8.32              98100.97046       127986.1329      
8.325             98101.54059       127126.114       
8.33              98102.09358       125953.6385      
8.335             98102.62998       125088.7713      
8.34              98103.15015       123919.6506      
8.345             98103.65422       123050.0869      
8.35              98104.1421        121885.6254      
8.355             98104.61351       121011.6424      
8.36              98105.06796       119853.3971      
8.365             98105.50477       118975.481       
8.37              98105.92308       117825.3271      
8.375             98106.32187       116944.1695      
8.38              98106.69999       115804.2669      
8.385             98107.05618       114920.7038      
8.39              98107.38908       113793.4461      
8.395             98107.69723       112908.4455      
8.4               98107.97917       111796.4201      
8.405             98108.23338       110911.0589      
8.41              98108.45835       109817.0102      
8.415             98108.65263       108932.4573      
8.42              98108.81479       107859.2397      
8.425             98108.9435        106976.6419      
8.43              98109.03754       105927.0388      
8.435             98109.09583       105047.4241      
8.44              98109.11749       104024.0447      
8.445             98109.1018        103148.3106      
8.45              98109.04818       102153.5194      
8.455             98108.95623       101282.3268      
8.46              98108.82583       100318.085       
8.465             98108.65721       99451.75929      
8.47              98108.45082       98519.49947      
8.475             98108.20729       97658.03557      
8.48              98107.9273        96758.63608      
8.485             98107.61166       95901.59703      
8.49              98107.26136       95035.15813      
8.495             98106.87751       94181.629        
8.5               98106.46124       93347.52891      
8.505             98106.01369       92496.26134      
8.51              98105.536         91693.20882      
8.515             98105.02933       90842.5424       
8.52              98104.495         90068.52027      
8.525             98103.93454       89216.49564      
8.53              98103.34964       88468.93632      
8.535             98102.74243       87613.35677      
8.54              98102.11544       86888.97407      
8.545             98101.47159       86027.384        
8.55              98100.81414       85322.54909      
8.555             98100.14671       84452.58447      
8.56              98099.4732        83763.47925      
8.565             98098.79762       82882.84059      
8.57              98098.12388       82205.56467      
8.575             98097.45565       81312.05637      
8.58              98096.79614       80642.63798      
8.585             98096.14806       79734.34874      
8.59              98095.51347       79069.07121      
8.595             98094.89376       78144.40521      
8.6               98094.28966       77479.84486      
8.605             98093.70128       76537.58188      
8.61              98093.12819       75870.69223      
8.615             98092.56949       74909.99293      
8.62              98092.02384       74238.17384      
8.625             98091.48955       73258.59824      
8.63              98090.96459       72579.76701      
8.635             98090.44653       71581.21327      
8.64              98089.93259       70893.69534      
8.645             98089.41964       69876.46811      
8.65              98088.90411       69179.2553       
8.655             98088.38196       68143.97607      
8.66              98087.84874       67436.33709      
8.665             98087.29951       66383.70545      
8.67              98086.72891       65665.24425      
8.675             98086.13113       64596.26076      
8.68              98085.49999       63867.0038       
8.685             98084.82891       62782.79168      
8.69              98084.11099       62043.01668      
8.695             98083.33899       60944.7399       
8.7               98082.50543       60194.88429      
8.705             98081.60257       59083.75161      
8.71              98080.62244       58324.40974      
8.715             98079.5569        57201.6061       
8.72              98078.39764       56433.43823      
8.725             98077.13624       55300.08015      
8.73              98075.7642        54523.77208      
8.735             98074.27296       53380.95476      
8.74              98072.65399       52597.24105      
8.745             98070.89877       51445.97013      
8.75              98068.99888       50655.54282      
8.755             98066.94602       49496.72712      
8.76              98064.73205       48700.23827      
8.765             98062.34903       47534.7233       
8.77              98059.7891        46732.79795      
8.775             98057.04481       45561.28637      
8.78              98054.10885       44754.43215      
8.785             98050.97425       43577.67178      
8.79              98047.63437       42766.5405       
8.795             98044.08281       41585.20273      
8.8               98040.31355       40770.22694      
8.805             98036.32088       39584.72078      
8.81              98032.09932       38766.17212      
8.815             98027.64382       37577.03663      
8.82              98022.94957       36755.47244      
8.825             98018.01205       35563.41116      
8.83              98012.82697       34739.35116      
8.835             98007.39028       33544.58304      
8.84              98001.6981        32717.92989      
8.845             97995.74685       31520.22784      
8.85              97989.53267       30690.99405      
8.855             97983.0521        29491.83975      
8.86              97976.3015        28661.09731      
8.865             97969.2774        27460.35274      
8.87              97961.97609       26627.69064      
8.875             97954.39392       25425.47781      
8.88              97946.52714       24591.2616       
8.885             97938.37188       23388.41415      
8.89              97929.92407       22552.45241      
8.895             97921.17962       21348.49423      
8.9               97912.13433       20512.60325      
8.905             97902.78391       19310.25853      
8.91              97893.12419       18475.1763       
8.915             97883.15099       17272.5679       
8.92              97872.86035       16436.60881      
8.925             97862.2486        15234.69991      
8.93              97851.3124        14399.44347      
8.935             97840.04902       13199.61713      
8.94              97828.45635       12365.80345      
8.945             97816.5332        11167.42115      
8.95              97804.27928       10334.52302      
8.955             97791.69557       9138.077957      
8.96              97778.78433       8306.749237      
8.965             97765.54934       7112.89983       
8.97              97751.99603       6283.63287       
8.975             97738.13166       5092.292997      
8.98              97723.96541       4265.031565      
8.985             97709.50849       3076.484791      
8.99              97694.77434       2251.575524      
8.995             97679.77839       1066.176304      
9                 97664.53858       243.9366117      
9.005             97649.07477       -938.3956681     
9.01              97633.40918       -1757.961429     
9.015             97617.56626       -2937.175117     
9.02              97601.57228       -3753.953229     
9.025             97585.45558       -4929.918109     
9.03              97569.24601       -5743.79622      
9.035             97552.97509       -6916.693962     
9.04              97536.67542       -7727.7899       
9.045             97520.38071       -8897.680709     
9.05              97504.12525       -9705.941889     
9.055             97487.94385       -10872.90292     
9.06              97471.87124       -11678.40089     
9.065             97455.94206       -12842.69358     
9.07              97440.19028       -13645.62345     
9.075             97424.64906       -14807.43479     
9.08              97409.35032       -15607.90304     
9.085             97394.32466       -16767.42896     
9.09              97379.60073       -17565.5926      
9.095             97365.20546       -18723.10606     
9.1               97351.16338       -19519.17076     
9.105             97337.49683       -20674.89183     
9.11              97324.2255        -21469.01059     
9.115             97311.36659       -22623.12966     
9.12              97298.93449       -23415.43924     
9.125             97286.94104       -24568.15577     
9.13              97275.39503       -25358.71896     
9.135             97264.303         -26510.16524     
9.14              97253.66862       -27299.18998     
9.145             97243.49308       -28449.47487     
9.15              97233.77523       -29236.94178     
9.155             97224.51148       -30385.95057     
9.16              97215.69646       -31171.61615     
9.165             97207.32246       -32319.25764     
9.17              97199.38056       -33103.07564     
9.175             97191.85973       -34249.23945     
9.18              97184.74827       -35030.97747     
9.185             97178.03259       -36175.33548     
9.19              97171.69908       -36954.59682     
9.195             97165.73235       -38096.82049     
9.2               97160.11703       -38873.82011     
9.205             97154.83769       -40013.17358     
9.21              97149.87929       -40785.1977      
9.215             97145.22467       -41921.43455     
9.22              97140.85815       -42691.37494     
9.225             97136.76455       -43823.82781     
9.23              97132.92877       -44588.06694     
9.235             97129.33613       -45714.56333     
9.24              97125.9726        -46472.27424     
9.245             97122.8247        -47593.62005     
9.25              97119.87973       -48345.25272     
9.255             97117.1254        -49459.80719     
9.26              97114.55063       -50203.3773      
9.265             97112.14474       -51308.91611     
9.27              97109.89824       -52042.42086     
9.275             97107.80214       -53138.32973     
9.28              97105.84858       -53861.23463     
9.285             97104.03024       -54945.91797     
9.29              97102.34091       -55656.32122     
9.295             97100.77489       -56727.30445     
9.3               97099.32746       -57422.91527     
9.305             97097.99436       -58478.61355     
9.31              97096.77212       -59157.9536      
9.315             97095.65762       -60196.18223     
9.32              97094.64827       -60856.99676     
9.325             97093.74163       -61874.9548      
9.33              97092.93555       -62514.66332     
9.335             97092.22782       -63509.82775     
9.34              97091.61621       -64126.18548     
9.345             97091.0984        -65095.60666     
9.35              97090.67181       -65685.86565     
9.355             97090.33371       -66626.56693     
9.36              97090.08115       -67187.72755     
9.365             97089.91104       -68096.12779     
9.37              97089.82023       -68625.291       
9.375             97089.80561       -69497.89728     
9.38              97089.86415       -69991.7057      
9.385             97089.99305       -70824.55812     
9.39              97090.18974       -71279.59793     
9.395             97090.45193       -72068.97418     
9.4               97090.77737       -72481.92298     
9.405             97091.16423       -73223.72118     
9.41              97091.61046       -73590.91472     
9.415             97092.11422       -74281.05797     
9.42              97092.67373       -74598.95611     
9.425             97093.28716       -75233.54843     
9.43              97093.95221       -75498.69484     
9.435             97094.66632       -76073.80081     
9.44              97095.42637       -76282.69944     
9.445             97096.22906       -76794.62618     
9.45              97097.07066       -76944.00828     
9.455             97097.94744       -77389.44618     
9.46              97098.85536       -77476.33442     
9.465             97099.79047       -77852.31179     
9.47              97100.74853       -77873.98901     
9.475             97101.72536       -78178.0035      
9.48              97102.71669       -78132.23761     
9.485             97103.71842       -78362.42594     
9.49              97104.72616       -78247.24427     
9.495             97105.73572       -78402.3492      
9.5               97106.74282       -78216.68119     
9.505             97107.74365       -78296.3261      
9.51              97108.73386       -78039.3953      
9.515             97109.70992       -78043.43733     
9.52              97110.66794       -77715.03551     
9.525             97111.60434       -77644.75239     
9.53              97112.51568       -77245.80277     
9.535             97113.39897       -77102.88822     
9.54              97114.25131       -76634.3979      
9.545             97115.07022       -76420.88217     
9.55              97115.85348       -75884.77233     
9.555             97116.59925       -75604.06602     
9.56              97117.30591       -75002.69866     
9.565             97117.97238       -74658.13701     
9.57              97118.59788       -73994.65997     
9.575             97119.18207       -73590.48234     
9.58              97119.72498       -72868.16236     
9.585             97120.22706       -72408.46307     
9.59              97120.68919       -71630.93679     
9.595             97121.11267       -71120.59804     
9.6               97121.49922       -70292.25309     
9.605             97121.85097       -69736.01253     
9.61              97122.17029       -68860.67921     
9.615             97122.46023       -68263.12388     
9.62              97122.72425       -67345.16984     
9.625             97122.96595       -66711.28166     
9.63              97123.18919       -65755.04067     
9.635             97123.3981        -65089.09619     
9.64              97123.59731       -64098.50504     
9.645             97123.79182       -63404.82509     
9.65              97123.98696       -62383.93323     
9.655             97124.18817       -61666.51969     
9.66              97124.40119       -60619.03875     
9.665             97124.63187       -59881.49782     
9.67              97124.88642       -58810.78489     
9.675             97125.17113       -58056.28049     
9.68              97125.49244       -56965.68213     
9.685             97125.85714       -56197.24674     
9.69              97126.27216       -55089.34362     
9.695             97126.74466       -54309.15038     
9.7               97127.28224       -53186.67895     
9.705             97127.89311       -52397.30515     
9.71              97128.58548       -51262.4708      
9.715             97129.36794       -50465.31989     
9.72              97130.24914       -49319.93892     
9.725             97131.23804       -48516.59775     
9.73              97132.34419       -47362.32383     
9.735             97133.57749       -46554.33217     
9.74              97134.9484        -45392.75371     
9.745             97136.46782       -44580.86259     
9.75              97138.14704       -43412.93987     
9.755             97139.99768       -42598.05878     
9.76              97142.03193       -41424.97091     
9.765             97144.26242       -40607.84141     
9.77              97146.70246       -39430.44225     
9.775             97149.36578       -38611.56613     
9.78              97152.26683       -37430.58133     
9.785             97155.42045       -36610.49027     
9.79              97158.84229       -35426.62997     
9.795             97162.54831       -34605.67244     
9.8               97166.55525       -33419.46353     
9.805             97170.88011       -32598.11482     
9.81              97175.54056       -31410.20731     
9.815             97180.55435       -30588.72818     
9.82              97185.9398        -29399.52631     
9.825             97191.71513       -28577.92305     
9.83              97197.89898       -27387.66246     
9.835             97204.50958       -26566.475       
9.84              97211.56537       -25375.86061     
9.845             97219.08404       -24555.21556     
9.85              97227.08323       -23364.46413     
9.855             97235.57942       -22544.38748     
9.86              97244.5879        -21352.94439     
9.865             97254.12433       -20534.07477     
9.87              97264.20177       -19344.22715     
9.875             97274.83247       -18526.97357     
9.88              97286.02639       -17338.15202     
9.885             97297.79197       -16521.33202     
9.89              97310.13512       -15332.80432     
9.895             97323.05952       -14517.39719     
9.9               97336.56617       -13330.54509     
9.905             97350.65325       -12516.94112     
9.91              97365.31608       -11331.88371     
9.915             97380.54663       -10519.35884     
9.92              97396.33379       -9335.691848     
9.925             97412.66296       -8524.603554     
9.93              97429.51623       -7342.749886     
9.935             97446.87198       -6533.232734     
9.94              97464.70516       -5353.342036     
9.945             97482.98713       -4545.152839     
9.95              97501.68577       -3367.14226      
9.955             97520.76567       -2560.290123     
9.96              97540.18811       -1384.263004     
9.965             97559.91143       -578.7137833     
9.97              97579.89106       595.3324306      
9.975             97600.07965       1399.778858      
9.98              97620.42845       2571.949555      
9.985             97640.88636       3375.343122      
9.99              97661.40032       4545.652517      
9.995             97681.91627       5348.167551      
10                97702.38022       6516.7343        
10.005            97722.73756       7318.517802      
10.01             97742.93315       8485.509568      
10.015            97762.91326       9286.762226      
10.02             97782.62464       10452.32154      
10.025            97802.01612       11253.1829       
10.03             97821.03772       12417.47452      
10.035            97839.64196       13218.22892      
10.04             97857.78462       14381.48505      
10.045            97875.42382       15182.13289      
10.05             97892.52129       16344.38425      
10.055            97909.042         17145.13805      
10.06             97924.9549        18306.68491      
10.065            97940.23346       19107.61413      
10.07             97954.85337       20268.71828      
10.075            97968.79575       21070.64859      
10.08             97982.04628       22231.78448      
10.085            97994.59452       23034.07199      
10.09             98006.43425       24194.65876      
10.095            98017.56335       24997.54088      
10.1              98027.98362       26158.15163      
10.105            98037.70079       26962.24931      
10.11             98046.72412       28123.32091      
10.115            98055.06639       28928.37898      
10.12             98062.74338       30089.59654      
10.125            98069.77382       30895.3535       
10.13             98076.1789        32056.74046      
10.135            98081.98209       32864.03506      
10.14             98087.20868       34026.22826      
10.145            98091.88563       34834.63404      
10.15             98096.04098       35997.14015      
10.155            98099.70381       36806.72105      
10.16             98102.90342       37969.6864       
10.165            98105.67042       38780.86697      
10.17             98108.03478       39944.38507      
10.175            98110.02628       40756.67675      
10.18             98111.67427       41920.31431      
10.185            98113.0077        42734.17499      
10.19             98114.05443       43898.30025      
10.195            98114.84151       44713.86318      
10.2              98115.39473       45878.20487      
10.205            98115.73882       46695.13921      
10.21             98115.89698       47859.19841      
10.215            98115.89114       48677.77074      
10.22             98115.74176       49841.62837      
10.225            98115.46788       50662.05572      
10.23             98115.08693       51825.4617       
10.235            98114.61483       52647.57162      
10.24             98114.066         53810.01977      
10.245            98113.45345       54633.92434      
10.25             98112.78895       55795.1197       
10.255            98112.0832        56620.91961      
10.26             98111.34556       57780.44697      
10.265            98110.58414       58608.12973      
10.27             98109.80593       59765.35757      
10.275            98109.01699       60594.80461      
10.28             98108.22259       61749.1223       
10.285            98107.42728       62580.40036      
10.29             98106.63494       63731.11357      
10.295            98105.84889       64564.06478      
10.3              98105.07192       65710.3018       
10.305            98104.30638       66544.79488      
10.31             98103.55423       67685.58451      
10.315            98102.81707       68521.43037      
10.32             98102.09617       69655.73274      
10.325            98101.39252       70492.69386      
10.33             98100.70692       71619.35097      
10.335            98100.03997       72457.11736      
10.34             98099.39213       73574.798        
10.345            98098.7638        74412.99828      
10.35             98098.15533       75520.27941      
10.355            98097.56706       76358.56037      
10.36             98096.99942       77454.00087      
10.365            98096.45294       78291.91187      
10.37             98095.92828       79373.91418      
10.375            98095.42628       80211.01426      
10.38             98094.94788       81277.97108      
10.385            98094.49417       82113.85237      
10.39             98094.06636       83164.20065      
10.395            98093.66567       83998.49302      
10.4              98093.29329       85030.64457      
10.405            98092.95039       85862.97597      
10.41             98092.63812       86875.41324      
10.415            98092.35755       87705.54475      
10.42             98092.10958       88696.898        
10.425            98091.89497       89524.67008      
10.43             98091.71429       90493.70261      
10.435            98091.56798       91319.07825      
10.44             98091.45643       92264.76702      
10.445            98091.37994       93087.90742      
10.45             98091.33872       94009.51632      
10.455            98091.33279       94830.7688       
10.46             98091.36204       95727.8528       
10.465            98091.42628       96547.7107       
10.47             98091.5252        97420.10675      
10.475            98091.65843       98239.24189      
10.48             98091.82544       99087.13385      
10.485            98092.02562       99906.48643      
10.49             98092.25828       100730.5017      
10.495            98092.52264       101551.1521      
10.5              98092.81784       102352.196       
10.505            98093.14289       103175.3742      
10.51             98093.49667       103954.7316      
10.515            98093.8779        104781.8587      
10.52             98094.28528       105541.1299      
10.525            98094.71744       106373.6444      
10.53             98095.17306       107114.636       
10.535            98095.65076       107954.0652      
10.54             98096.14919       108678.8793      
10.545            98096.66702       109526.8255      
10.55             98097.20292       110237.7614      
10.555            98097.75563       111095.766       
10.56             98098.32393       111795.2445      
10.565            98098.9067        112664.769       
10.57             98099.50287       113355.2078      
10.575            98100.11146       114237.589       
10.58             98100.73161       114921.4286      
10.585            98101.36262       115817.9312      
10.59             98102.00392       116497.6259      
10.595            98102.65516       117409.2919      
10.6              98103.31624       118087.0955      
10.605            98103.98731       119014.7408      
10.61             98104.6688        119692.7591      
10.615            98105.36146       120637.0483      
10.62             98106.06633       121317.2292      
10.625            98106.78477       122278.552       
10.63             98107.51844       122962.541       
10.635            98108.26931       123941.0744      
10.64             98109.03965       124630.335       
10.645            98109.832         125626.0908      
10.65             98110.64917       126321.8388      
10.655            98111.49432       127334.5859      
10.66             98112.37084       128037.7332      
10.665            98113.28235       129067.0337      
10.67             98114.23273       129778.2339      
10.675            98115.22618       130823.5683      
10.68             98116.26705       131543.3253      
10.685            98117.36          132603.9978      
10.69             98118.50982       133332.5307      
10.695            98119.72154       134407.7246      
10.7              98121.00032       135145.077       
10.705            98122.35151       136233.9588      
10.71             98123.78056       136980.0558      
10.715            98125.29304       138081.6838      
10.72             98126.8946        138836.2657      
10.725            98128.59106       139949.7154      
10.73             98130.38821       140712.4662      
10.735            98132.29197       141836.7681      
10.74             98134.30819       142607.289       
10.745            98136.44286       143741.5202      
10.75             98138.70186       144519.3057      
10.755            98141.09112       145662.5132      
10.76             98143.6165        146447.0663      
10.765            98146.28389       147598.4114      
10.77             98149.09914       148389.2335      
10.775            98152.06803       149547.8567      
10.78             98155.19632       150344.4032      
10.785            98158.48978       151509.5081      
10.79             98161.95411       152311.2528      
10.795            98165.595         153482.0795      
10.8              98169.41809       154288.5062      
10.805            98173.42902       155464.3693      
10.81             98177.63337       156275.007       
10.815            98182.03667       157455.2194      
10.82             98186.64443       158269.5451      
10.825            98191.46219       159453.4681      
10.83             98196.4954        160271.0212      
10.835            98201.74952       161458.1105      
10.84             98207.22998       162278.4907      
10.845            98212.94219       163468.215       
10.85             98218.89149       164291.0153      
10.855            98225.08323       165482.8055      
10.86             98231.52267       166307.5423      
10.865            98238.21504       167500.9047      
10.87             98245.16543       168327.2151      
10.875            98252.37894       169521.7557      
10.88             98259.86038       170349.3295      
10.885            98267.61437       171544.5559      
10.89             98275.64534       172372.9614      
10.895            98283.95743       173568.4444      
10.9              98292.55444       174397.3254      
10.905            98301.43979       175592.7487      
10.91             98310.61644       176422.002       
10.915            98320.08685       177617.2419      
10.92             98329.85291       178446.7399      
10.925            98339.91585       179641.3037      
10.93             98350.27619       180470.5323      
10.935            98360.93366       181664.079       
10.94             98371.88713       182492.7725      
10.945            98383.13455       183685.1308      
10.95             98394.67283       184513.0796      
10.955            98406.4979        185703.9192      
10.96             98418.60447       186530.8042      
10.965            98430.98614       187719.8572      
10.97             98443.63528       188545.427       
10.975            98456.54298       189732.51        
10.98             98469.69913       190556.5589      
10.985            98483.09233       191741.4552      
10.99             98496.70984       192563.8339      
10.995            98510.53771       193746.451       
11                98524.56068       194566.8729      
11.005            98538.76238       195747.1152      
11.01             98553.12518       196565.571       
11.015            98567.63041       197743.3727      
11.02             98582.25838       198559.6578      
11.025            98596.98832       199734.9068      
11.03             98611.79875       200548.926       
11.035            98626.66725       201721.6808      
11.04             98641.57093       202533.4476      
11.045            98656.48625       203703.7263      
11.05             98671.38943       204513.1931      
11.055            98686.2563        205680.9613      
11.06             98701.06272       206488.0254      
11.065            98715.78456       207653.3388      
11.07             98730.39798       208458.0364      
11.075            98744.87931       209620.979       
11.08             98759.20546       210423.3036      
11.085            98773.354         211583.8557      
11.09             98787.30338       212383.7656      
11.095            98801.03274       213542.0389      
11.1              98814.52246       214339.596       
11.105            98827.7539        215495.5552      
11.11             98840.7098        216290.6244      
11.115            98853.37416       217444.2581      
11.12             98865.73242       218236.8662      
11.125            98877.77151       219388.1918      
11.13             98889.47989       220178.237       
11.135            98900.84754       221327.0923      
11.14             98911.86598       222114.3753      
11.145            98922.52832       223260.6105      
11.15             98932.82918       224044.9713      
11.155            98942.76477       225188.4807      
11.16             98952.33268       225969.7692      
11.165            98961.53204       227110.1505      
11.17             98970.36328       227887.8881      
11.175            98978.82811       229024.7656      
11.18             98986.92951       229798.6396      
11.185            98994.67161       230931.6834      
11.19             99002.05955       231701.2653      
11.195            99009.09946       232829.7768      
11.2              99015.79829       233594.344       
11.205            99022.16381       234717.673       
11.21             99028.20436       235476.6252      
11.215            99033.92896       236594.0654      
11.22             99039.34695       237346.651       
11.225            99044.46819       238457.2115      
11.23             99049.30269       239202.4522      
11.235            99053.86076       240305.0947      
11.24             99058.15269       241041.9952      
11.245            99062.18893       242135.5785      
11.25             99065.97974       242863.0161      
11.255            99069.53543       243946.1922      
11.26             99072.86599       244662.8679      
11.265            99075.98131       245734.1664      
11.27             99078.89093       246438.6831      
11.275            99081.60417       247496.4908      
11.28             99084.12994       248187.3157      
11.285            99086.47691       249229.8252      
11.29             99088.65327       249905.258       
11.295            99090.66697       250930.5212      
11.3              99092.52548       251588.7476      
11.305            99094.23582       252594.6811      
11.31             99095.80487       253233.7896      
11.315            99097.23897       254218.1279      
11.32             99098.54403       254835.9231      
11.325            99099.72565       255796.0946      
11.33             99100.78922       256390.317       
11.335            99101.73962       257323.9729      
11.34             99102.58137       257892.4891      
11.345            99103.31866       258796.8882      
11.35             99103.95549       259337.1069      
11.355            99104.49544       260209.2501      
11.36             99104.94189       260718.4322      
11.365            99105.29794       261555.5812      
11.37             99105.56655       262031.3141      
11.375            99105.75055       262830.3619      
11.38             99105.85263       263269.6886      
11.385            99105.87547       264027.5894      
11.39             99105.82177       264427.905       
11.395            99105.69437       265141.8433      
11.4              99105.49618       265500.4751      
11.405            99105.23036       266167.201       
11.41             99104.90021       266481.0584      
11.415            99104.50926       267097.6058      
11.42             99104.06108       267364.0798      
11.425            99103.55943       267927.8556      
11.43             99103.00824       268144.4835      
11.435            99102.4115        268652.7519      
11.44             99101.77359       268816.9308      
11.445            99101.09852       269267.2629      
11.45             99100.39002       269376.6953      
11.455            99099.65185       269766.8818      
11.46             99098.88779       269819.352       
11.465            99098.10152       270147.7733      
11.47             99097.2965        270141.9031      
11.475            99096.47597       270407.1224      
11.48             99095.64305       270341.046       
11.485            99094.80075       270541.6185      
11.49             99093.95203       270414.0205      
11.495            99093.09972       270549.7677      
11.5              99092.2465        270360.305       
11.505            99091.39502       270430.9474      
11.51             99090.54765       270178.9653      
11.515            99089.70672       270184.55        
11.52             99088.87432       269869.9323      
11.525            99088.05237       269809.3663      
11.53             99087.2426        269429.298       
11.535            99086.44653       269307.8847      
11.54             99085.66542       268871.534       
11.545            99084.90029       268690.2288      
11.55             99084.15204       268193.0283      
11.555            99083.42115       267949.7028      
11.56             99082.70797       267392.2246      
11.565            99082.01246       267093.3965      
11.57             99081.33444       266480.9291      
11.575            99080.6733        266128.4207      
11.58             99080.02829       265461.8249      
11.585            99079.39819       265057.1592      
11.59             99078.7815        264338.2358      
11.595            99078.17645       263885.9099      
11.6              99077.58095       263118.5234      
11.605            99076.99254       262621.955       
11.61             99076.40844       261809.0907      
11.615            99075.82554       261271.1263      
11.62             99075.2404        260415.1228      
11.625            99074.64926       259839.3289      
11.63             99074.04801       258943.7379      
11.635            99073.43227       258334.0951      
11.64             99072.79729       257402.453       
11.645            99072.13801       256761.9442      
11.65             99071.44911       255796.9543      
11.655            99070.72486       255128.8635      
11.66             99069.95927       254133.7649      
11.665            99069.14599       253441.5126      
11.67             99068.27844       252419.5147      
11.675            99067.34962       251705.9001      
11.68             99066.35231       250659.6848      
11.685            99065.27892       249927.4048      
11.69             99064.12161       248859.6655      
11.695            99062.87217       248111.3984      
11.7              99061.52239       247024.7981      
11.705            99060.06316       246262.8329      
11.71             99058.48535       245159.6624      
11.715            99056.77967       244386.0223      
11.72             99054.93655       243268.3862      
11.725            99052.94607       242485.0057      
11.73             99050.79799       241354.9419      
11.735            99048.48177       240563.4633      
11.74             99045.98673       239422.6877      
11.745            99043.30176       238624.4818      
11.75             99040.4157        237474.5139      
11.755            99037.317         236670.9156      
11.76             99033.99407       235513.2828      
11.765            99030.43499       234705.389       
11.77             99026.62784       233541.2867      
11.775            99022.56049       232729.9351      
11.78             99018.22087       231560.3764      
11.785            99013.59673       230746.4491      
11.79             99008.67593       229572.5078      
11.795            99003.44641       228756.7191      
11.8              98997.8963        227579.2599      
11.805            98992.01391       226762.0937      
11.81             98985.78788       225581.6659      
11.815            98979.20704       224763.524       
11.82             98972.26091       223580.9845      
11.825            98964.93921       222762.4915      
11.83             98957.23248       221578.2814      
11.835            98949.13181       220759.6835      
11.84             98940.62914       219574.5015      
11.845            98931.71729       218756.0593      
11.85             98922.38999       217570.1263      
11.855            98912.64207       216752.1076      
11.86             98902.46953       215566.187       
11.865            98891.86951       214749.2182      
11.87             98880.84062       213563.6602      
11.875            98869.3828        212747.2279      
11.88             98857.49756       211561.7824      
11.885            98845.18788       210746.3498      
11.89             98832.45848       209561.7638      
11.895            98819.31568       208747.6289      
11.9              98805.76758       207564.1931      
11.905            98791.82412       206751.056       
11.91             98777.49701       205568.5217      
11.915            98762.79981       204756.8074      
11.92             98747.748         203575.954       
11.925            98732.35894       202765.5681      
11.93             98716.65178       201586.0409      
11.935            98700.64752       200776.9523      
11.94             98684.36896       199599.2189      
11.945            98667.84055       198791.4826      
11.95             98651.08827       197615.307       
11.955            98634.13968       196808.9216      
11.96             98617.02367       195634.7082      
11.965            98599.77025       194829.5569      
11.97             98582.41043       193656.9319      
11.975            98564.9761        192852.9377      
11.98             98547.49974       191682.2093      
11.985            98530.0142        190879.2773      
11.99             98512.55247       189710.0912      
11.995            98495.14766       188908.0966      
12                98477.8327        187740.6672      
12.005            98460.64015       186939.4583      
12.01             98443.60211       185773.3895      
12.015            98426.75024       184972.9004      
12.02             98410.11575       183808.3125      
12.025            98393.72889       183008.2865      
12.03             98377.61934       181844.8812      
12.035            98361.81588       181045.2197      
12.04             98346.34639       179883.0405      
12.045            98331.23751       179083.6176      
12.05             98316.51456       177922.4248      
12.055            98302.20118       177122.9743      
12.06             98288.31921       175962.6732      
12.065            98274.88823       175163.1708      
12.07             98261.92559       174003.6113      
12.075            98249.44605       173203.8669      
12.08             98237.46186       172044.9823      
12.085            98225.98254       171244.7883      
12.09             98215.01513       170086.2783      
12.095            98204.56403       169285.7054      
12.1              98194.6314        168127.8559      
12.105            98185.21714       167326.7006      
12.11             98176.3191        166169.1199      
12.115            98167.93322       165367.2474      
12.12             98160.05368       164210.0522      
12.125            98152.67302       163407.5182      
12.13             98145.78216       162249.9308      
12.135            98139.37067       161446.0051      
12.14             98133.42676       160289.9477      
12.145            98127.93723       159486.7807      
12.15             98122.88781       158331.2968      
12.155            98118.26331       157525.3671      
12.16             98114.04762       156368.8899      
12.165            98110.22374       155562.7303      
12.17             98106.77409       154407.9444      
12.175            98103.68078       153601.3645      
12.18             98100.92547       152447.4954      
12.185            98098.48972       151639.2804      
12.19             98096.35499       150485.9125      
12.195            98094.50272       149676.9791      
12.2              98092.9146        148525.2845      
12.205            98091.57251       147715.8086      
12.21             98090.45867       146565.9102      
12.215            98089.55582       145755.3806      
12.22             98088.84724       144607.4554      
12.225            98088.31676       143796.2935      
12.23             98087.94868       142650.9013      
12.235            98087.7282        141839.1908      
12.24             98087.64097       140696.992       
12.245            98087.67338       139884.7465      
12.25             98087.81262       138746.2053      
12.255            98088.04665       137933.6144      
12.26             98088.36417       136799.4115      
12.265            98088.75458       135986.6806      
12.27             98089.20808       134857.6083      
12.275            98089.71554       134044.9156      
12.28             98090.26842       132921.7129      
12.285            98090.85884       132109.205       
12.29             98091.47954       130992.8159      
12.295            98092.12392       130180.7751      
12.3              98092.78601       129072.0975      
12.305            98093.46041       128260.7468      
12.31             98094.14223       127160.8016      
12.315            98094.82711       126350.4109      
12.32             98095.5112        125260.2517      
12.325            98096.19112       124451.0643      
12.33             98096.86389       123371.7794      
12.335            98097.52699       122564.0501      
12.34             98098.17825       121496.7633      
12.345            98098.81588       120690.7212      
12.35             98099.43833       119636.5623      
12.355            98100.04435       118832.4111      
12.36             98100.63287       117792.5019      
12.365            98101.20296       116990.4606      
12.37             98101.75375       115965.9787      
12.375            98102.28442       115166.2475      
12.38             98102.79416       114158.2833      
12.385            98103.28212       113360.8573      
12.39             98103.74744       112370.327       
12.395            98104.18924       111575.1819      
12.4              98104.6066        110602.9995      
12.405            98104.9986        109810.1177      
12.41             98105.36437       108857.124       
12.415            98105.70308       108066.3114      
12.42             98106.01391       107133.145       
12.425            98106.2962        106344.1179      
12.43             98106.54929       105431.3198      
12.435            98106.77266       104643.7046      
12.44             98106.96585       103751.4912      
12.445            98107.12848       102964.6295      
12.45             98107.26025       102093.0542      
12.455            98107.36091       101306.4402      
12.46             98107.43028       100455.5697      
12.465            98107.46825       99668.44784      
12.47             98107.47479       98837.91434      
12.475            98107.44992       98049.30408      
12.48             98107.39368       97238.47858      
12.485            98107.30615       96447.44488      
12.49             98107.18748       95655.6254       
12.495            98107.03797       94861.12123      
12.5              98106.85803       94087.34878      
12.505            98106.64814       93288.1824       
12.51             98106.40881       92531.239        
12.515            98106.14056       91726.19331      
12.52             98105.84391       90984.77934      
12.525            98105.51944       90172.77252      
12.53             98105.16767       89445.46985      
12.535            98104.78912       88625.09082      
12.54             98104.38434       87910.06641      
12.545            98103.95393       87080.21693      
12.55             98103.4986        86376.07027      
12.555            98103.01881       85535.53118      
12.56             98102.51502       84840.21336      
12.565            98101.98773       83987.81703      
12.57             98101.43738       83299.61029      
12.575            98100.86434       82434.42509      
12.58             98100.26891       81751.53105      
12.585            98099.65131       80872.54852      
12.59             98099.01168       80193.1279       
12.595            98098.34998       79299.55401      
12.6              98097.66602       78621.90739      
12.605            98096.95938       77713.08776      
12.61             98096.22939       77035.59201      
12.615            98095.47512       76110.96687      
12.62             98094.69532       75432.0805       
12.625            98093.88848       74491.28655      
12.63             98093.05281       73809.63987      
12.635            98092.18627       72852.51166      
12.64             98091.28662       72166.94433      
12.645            98090.35147       71193.34739      
12.65             98089.37835       70502.71459      
12.655            98088.36469       69512.80447      
12.66             98087.30794       68816.28307      
12.665            98086.20542       67810.30946      
12.67             98085.05445       67107.18358      
12.675            98083.8522        66085.42337      
12.68             98082.59574       65375.07027      
12.685            98081.28192       64338.12808      
12.69             98079.90742       63620.28018      
12.695            98078.46862       62568.69937      
12.7              98076.96176       61843.03943      
12.705            98075.3828        60777.39067      
12.71             98073.72757       60043.79819      
12.715            98071.99169       58964.9173       
12.72             98070.1707        58223.44487      
12.725            98068.25998       57132.07322      
12.73             98066.25485       56382.82655      
12.735            98064.15056       55279.76875      
12.74             98061.94224       54522.93706      
12.745            98059.62498       53409.07622      
12.75             98057.19378       52644.99646      
12.755            98054.64356       51521.12597      
12.76             98051.96917       50750.08814      
12.765            98049.16541       49617.03148      
12.77             98046.22701       48839.44482      
12.775            98043.1486        47698.04731      
12.78             98039.92481       46914.34298      
12.785            98036.55024       45765.43909      
12.79             98033.0193        44976.0846       
12.795            98029.32654       43820.41209      
12.8              98025.46631       43025.83046      
12.805            98021.43309       41864.21205      
12.81             98017.22114       41065.00001      
12.815            98012.82489       39898.22305      
12.82             98008.23871       39094.97556      
12.825            98003.457         37923.5921       
12.83             97998.47408       37116.15507      
12.835            97993.28443       35940.34763      
12.84             97987.88256       35129.4236       
12.845            97982.26304       33950.94641      
12.85             97976.42063       33137.8986       
12.855            97970.35037       31956.16113      
12.86             97964.04694       31140.04123      
12.865            97957.50575       29955.87054      
12.87             97950.722         29137.41731      
12.875            97943.69133       27951.84872      
12.88             97936.40969       27131.57922      
12.885            97928.87334       25943.94901      
12.89             97921.07875       25121.53042      
12.895            97913.02292       23932.96859      
12.9              97904.70318       23109.56657      
12.905            97896.11745       21920.72108      
12.91             97887.26413       21096.65045      
12.915            97878.14218       19907.3336       
12.92             97868.75123       19082.43391      
12.925            97859.09155       17893.2343       
12.93             97849.16419       17068.14233      
12.935            97838.9709        15879.55723      
12.94             97828.51428       15054.59475      
12.945            97817.79772       13866.65275      
12.95             97806.82547       13041.96554      
12.955            97795.60265       11855.05683      
12.96             97784.13524       11030.97892      
12.965            97772.43011       9845.390657      
12.97             97760.495         9022.216591      
12.975            97748.33857       7838.14177       
12.98             97735.97031       7016.05517       
12.985            97723.40062       5833.680792      
12.99             97710.64074       5012.895129      
12.995            97697.70275       3832.421043      
13                97684.59955       3013.160697      
13.005            97671.34485       1834.718033      
13.01             97657.95306       1017.137933      
13.015            97644.43938       -159.1573425     
13.02             97630.81954       -974.9019429     
13.025            97617.11001       -2148.924593     
13.03             97603.32764       -2962.67319      
13.035            97589.48986       -4134.333241     
13.04             97575.61439       -4945.956761     
13.045            97561.71931       -6115.175116     
13.05             97547.82285       -6924.552477     
13.055            97533.94346       -8091.247949     
13.06             97520.09956       -8898.253762     
13.065            97506.30962       -10062.34832     
13.07             97492.5919        -10866.87076     
13.075            97478.96455       -12028.2858      
13.08             97465.4454        -12830.20124     
13.085            97452.05194       -13988.84289     
13.09             97438.80121       -14788.01514     
13.095            97425.70983       -15943.77306     
13.1              97412.79372       -16740.06107     
13.105            97400.0683        -17892.80273     
13.11             97387.54816       -18686.03552     
13.115            97375.24725       -19835.58762     
13.12             97363.17859       -20625.56232     
13.125            97351.35442       -21771.71652     
13.13             97339.78595       -22558.19737     
13.135            97328.4836        -23700.68005     
13.14             97317.45647       -24483.29619     
13.145            97306.71314       -25621.82102     
13.15             97296.2607        -26400.41155     
13.155            97286.10555       -27534.70512     
13.16             97276.25277       -28308.89902     
13.165            97266.7066        -29438.38722     
13.17             97257.47019       -30207.52322     
13.175            97248.54573       -31331.62411     
13.18             97239.93449       -32095.24961     
13.185            97231.63679       -33213.46508     
13.19             97223.6521        -33971.01172     
13.195            97215.97904       -35082.58839     
13.2              97208.61549       -35833.27257     
13.205            97201.55846       -36937.40751     
13.21             97194.80426       -37679.87009     
13.215            97188.34869       -38773.05237     
13.22             97182.18686       -39506.16886     
13.225            97176.31345       -40592.95144     
13.23             97170.72256       -41319.86768     
13.235            97165.40798       -42395.64935     
13.24             97160.36309       -43110.84354     
13.245            97155.5809        -44173.44803     
13.25             97151.05432       -44876.32706     
13.255            97146.77582       -45927.00777     
13.26             97142.73806       -46618.11239     
13.265            97138.93322       -47653.86402     
13.27             97135.3538        -48330.31335     
13.275            97131.99199       -49348.97767     
13.28             97128.84041       -50009.0954      
13.285            97125.89144       -51009.91245     
13.29             97123.13794       -51653.01513     
13.295            97120.57268       -52633.84949     
13.3              97118.189         -53257.72468     
13.305            97115.98023       -54216.08942     
13.31             97113.94026       -54818.61777     
13.315            97112.06304       -55752.87367     
13.32             97110.34304       -56332.57409     
13.325            97108.77473       -57240.37577     
13.33             97107.35299       -57795.03518     
13.335            97106.07266       -58673.92328     
13.34             97104.92874       -59201.2482      
13.345            97103.91625       -60048.90611     
13.35             97103.03002       -60547.02872     
13.355            97102.26493       -61361.43187     
13.36             97101.61559       -61827.90734     
13.365            97101.07659       -62605.98815     
13.37             97100.6423        -63038.4356      
13.375            97100.30712       -63778.07353     
13.38             97100.06535       -64174.31055     
13.385            97099.91141       -64872.9202      
13.39             97099.83975       -65230.54836     
13.395            97099.84504       -65885.79633     
13.4              97099.92214       -66202.62239     
13.405            97100.0662        -66812.18626     
13.41             97100.27246       -67086.1026      
13.415            97100.53653       -67648.05229     
13.42             97100.85424       -67877.04138     
13.425            97101.22191       -68388.79443     
13.43             97101.63596       -68570.19653     
13.435            97102.09314       -69029.89713     
13.44             97102.58999       -69162.0818      
13.445            97103.12341       -69568.26505     
13.45             97103.69046       -69649.57548     
13.455            97104.28845       -70000.45033     
13.46             97104.91454       -70029.04291     
13.465            97105.566         -70323.4048      
13.47             97106.24006       -70298.03563     
13.475            97106.93423       -70535.03963     
13.48             97107.64599       -70454.7526      
13.485            97108.37308       -70633.62605     
13.49             97109.1132        -70497.31575     
13.495            97109.86448       -70617.70564     
13.5              97110.62467       -70424.97544     
13.505            97111.39214       -70486.9938      
13.51             97112.16528       -70237.57813     
13.515            97112.94259       -70241.35886     
13.52             97113.72275       -69935.1535      
13.525            97114.50478       -69881.40769     
13.53             97115.28781       -69518.83285     
13.535            97116.07119       -69408.51261     
13.54             97116.8545        -68990.20014     
13.545            97117.63759       -68824.52927     
13.55             97118.42053       -68351.34957     
13.555            97119.20362       -68131.86965     
13.56             97119.9874        -67605.0414      
13.565            97120.77271       -67333.67641     
13.57             97121.56059       -66754.69215     
13.575            97122.35243       -66433.29754     
13.58             97123.14986       -65803.87307     
13.585            97123.95478       -65434.8748      
13.59             97124.76932       -64756.72941     
13.595            97125.59595       -64342.51503     
13.6              97126.43741       -63618.19727     
13.605            97127.29669       -63161.51735     
13.61             97128.17703       -62393.03392     
13.615            97129.08193       -61896.11917     
13.62             97130.01518       -61085.80262     
13.625            97130.98074       -60551.91264     
13.63             97131.98291       -59702.56188     
13.635            97133.02616       -59134.36375     
13.64             97134.11528       -58248.35111     
13.645            97135.25537       -57648.42919     
13.65             97136.45186       -56728.46627     
13.655            97137.71044       -56099.80669     
13.66             97139.03728       -55148.27131     
13.665            97140.43893       -54493.36707     
13.67             97141.92246       -53513.12425     
13.675            97143.49531       -52833.85328     
13.68             97145.1654        -51826.02724     
13.685            97146.94114       -51127.07345     
13.69             97148.83122       -50097.7743      
13.695            97150.84487       -49380.10992     
13.7              97152.99115       -48328.07476     
13.705            97155.27955       -47592.74441     
13.71             97157.71926       -46521.0013      
13.715            97160.31935       -45772.16721     
13.72             97163.08873       -44684.06624     
13.725            97166.03597       -43922.74449     
13.73             97169.16938       -42819.39022     
13.735            97172.497         -42047.07162     
13.74             97176.02675       -40930.01389     
13.745            97179.76648       -40148.38341     
13.75             97183.72411       -39019.56291     
13.755            97187.90773       -38230.4591      
13.76             97192.32567       -37091.79748     
13.765            97196.9864        -36296.11016     
13.77             97201.89867       -35148.5491      
13.775            97207.07133       -34347.56544     
13.78             97212.51324       -33192.67238     
13.785            97218.23315       -32387.54278     
13.79             97224.23959       -31226.51197     
13.795            97230.54067       -30417.96274     
13.8              97237.14413       -29251.72158     
13.805            97244.0571        -28440.50546     
13.81             97251.28618       -27270.00914     
13.815            97258.8373        -26456.93311     
13.82             97266.7158        -25283.13845     
13.825            97274.92631       -24468.72489     
13.83             97283.47277       -23292.31821     
13.835            97292.35841       -22477.00908     
13.84             97301.58564       -21297.91359     
13.845            97311.15603       -20482.56845     
13.85             97321.07038       -19303.13587     
13.855            97331.32841       -18488.36407     
13.86             97341.929         -17308.38166     
13.865            97352.86979       -16493.24654     
13.87             97364.14748       -15312.21797     
13.875            97375.75729       -14497.90633     
13.88             97387.69351       -13317.41694     
13.885            97399.94889       -12504.4239      
13.89             97412.51521       -11324.72045     
13.895            97425.38269       -10512.49986     
13.9              97438.54069       -9333.321226     
13.905            97451.97708       -8521.870427     
13.91             97465.67883       -7342.82609      
13.915            97479.63179       -6532.900089     
13.92             97493.8207        -5356.292928     
13.925            97508.2297        -4548.747806     
13.93             97522.8418        -3374.030706     
13.935            97537.63916       -2567.00323      
13.94             97552.60321       -1392.882103     
13.945            97567.71467       -587.3903186     
13.95             97582.95351       584.6942612      
13.955            97598.29915       1388.329508      
13.96             97613.73023       2558.47288       
13.965            97629.22497       3361.232087      
13.97             97644.76092       4530.125887      
13.975            97660.31536       5331.67817       
13.98             97675.865         6498.807801      
13.985            97691.3865        7298.992928      
13.99             97706.85611       8464.319049      
13.995            97722.25034       9263.637716      
14                97737.54546       10427.54485      
14.005            97752.71824       11226.00918      
14.01             97767.74544       12388.38627      
14.015            97782.60465       13185.96744      
14.02             97797.27353       14346.80956      
14.025            97811.73058       15143.8816       
14.03             97825.95532       16303.43422      
14.035            97839.92782       17099.94507      
14.04             97853.62917       18258.10789      
14.045            97867.04136       19054.14266      
14.05             97880.14752       20211.03319      
14.055            97892.93185       21006.85349      
14.06             97905.37976       22162.65778      
14.065            97917.47791       22958.33253      
14.07             97929.21424       24113.02614      
14.075            97940.57801       24908.67011      
14.08             97951.55983       26062.32364      
14.085            97962.15168       26858.07521      
14.09             97972.34694       28010.71093      
14.095            97982.14039       28806.53273      
14.1              97991.52819       29958.13097      
14.105            98000.50781       30754.12804      
14.11             98009.07812       31904.64758      
14.115            98017.23928       32701.03247      
14.12             98024.99276       33850.50166      
14.125            98032.34121       34647.01613      
14.13             98039.28843       35795.1712       
14.135            98045.83956       36592.07884      
14.14             98052.00059       37739.0746       
14.145            98057.77882       38536.29353      
14.15             98063.18235       39681.80859      
14.155            98068.22026       40479.25933      
14.16             98072.90249       41623.05627      
14.165            98077.23977       42420.87421      
14.17             98081.24356       43562.8231       
14.175            98084.92583       44360.72847      
14.18             98088.29895       45500.4112       
14.185            98091.37565       46298.48086      
14.19             98094.16883       47435.65364      
14.195            98096.69154       48233.74687      
14.2              98098.95678       49367.90742      
14.205            98100.97746       50165.8117       
14.21             98102.76637       51296.46269      
14.215            98104.33613       52094.12332      
14.22             98105.6993        53220.84201      
14.225            98106.86809       54018.04046      
14.23             98107.85472       55140.12667      
14.235            98108.67097       55936.62024      
14.24             98109.32867       57053.48776      
14.245            98109.83922       57849.1192       
14.25             98110.21386       58960.10154      
14.255            98110.46357       59754.63699      
14.26             98110.59881       60858.95199      
14.265            98110.6298        61652.17454      
14.27             98110.56644       62749.06644      
14.275            98110.41807       63540.74833      
14.28             98110.19369       64629.36295      
14.285            98109.90159       65419.30016      
14.29             98109.54954       66498.89852      
14.295            98109.14492       67286.95577      
14.3              98108.69457       68356.64811      
14.305            98108.20472       69142.47973      
14.31             98107.68123       70201.23255      
14.315            98107.12937       70984.69896      
14.32             98106.55397       72031.72294      
14.325            98105.95934       72812.78527      
14.33             98105.34935       73847.24613      
14.335            98104.7276        74625.62051      
14.34             98104.09746       75646.45448      
14.345            98103.46217       76422.04931      
14.35             98102.82488       77428.47167      
14.355            98102.18866       78201.37644      
14.36             98101.55657       79192.63804      
14.365            98100.93157       79962.77211      
14.37             98100.3166        80938.03299      
14.375            98099.71448       81705.45632      
14.38             98099.12794       82664.03278      
14.385            98098.55951       83428.93208      
14.39             98098.01149       84370.24293      
14.395            98097.4859        85132.81436      
14.4              98096.98445       86056.3501       
14.405            98096.50851       86816.91337      
14.41             98096.05918       87722.29496      
14.415            98095.63727       88481.28156      
14.42             98095.2434        89368.29664      
14.425            98094.87801       90126.21502      
14.43             98094.54146       90994.76774      
14.435            98094.23407       91752.19269      
14.44             98093.95617       92602.31853      
14.445            98093.70805       93359.9452       
14.45             98093.49          94191.86438      
14.455            98093.30246       94950.46867      
14.46             98093.14597       95764.5336       
14.465            98093.02102       96524.93058      
14.47             98092.928         97321.62462      
14.475            98092.86719       98084.76475      
14.48             98092.8388        98864.82058      
14.485            98092.84296       99631.71366      
14.49             98092.87974       100395.9585      
14.495            98092.94911       101167.5977      
14.5              98093.05098       101916.966       
14.505            98093.18521       102694.4452      
14.51             98093.35155       103430.0555      
14.515            98093.54966       104214.4535      
14.52             98093.77919       104937.4767      
14.525            98094.03985       105729.8533      
14.53             98094.33142       106441.5693      
14.535            98094.65369       107243.0171      
14.54             98095.00641       107944.8094      
14.545            98095.38926       108756.3722      
14.55             98095.80202       109449.6673      
14.555            98096.24446       110272.3573      
14.56             98096.71651       110958.6368      
14.565            98097.21812       111793.3768      
14.57             98097.74929       112474.0932      
14.575            98098.3101        113321.752       
14.58             98098.90066       113998.3808      
14.585            98099.52115       114859.7378      
14.59             98100.17185       115533.7255      
14.595            98100.85313       116409.4588      
14.6              98101.56549       117082.1971      
14.605            98102.30951       117972.8668      
14.61             98103.08593       118645.6768      
14.615            98103.8956        119551.7385      
14.62             98104.73951       120225.8711      
14.625            98105.61882       121147.6577      
14.63             98106.5348        121824.2618      
14.635            98107.48888       122761.967       
14.64             98108.48262       123442.068       
14.645            98109.51777       124395.788       
14.65             98110.59614       125080.3293      
14.655            98111.71971       126050.021       
14.66             98112.89052       126739.7891      
14.665            98114.11075       127725.2952      
14.67             98115.38265       128420.9602      
14.675            98116.70865       129422.0145      
14.68             98118.09125       130124.1229      
14.685            98119.53317       131140.366       
14.69             98121.03721       131849.3478      
14.695            98122.60639       132880.3014      
14.7              98124.24385       133596.4355      
14.705            98125.95293       134641.5513      
14.71             98127.7371        135365.0158      
14.715            98129.60003       136423.7119      
14.72             98131.54552       137154.6138      
14.725            98133.57756       138226.2517      
14.73             98135.70026       138964.6002      
14.735            98137.91795       140048.4621      
14.74             98140.23501       140794.1535      
14.745            98142.65607       141889.488       
14.75             98145.18579       142642.3498      
14.755            98147.82903       143748.411       
14.76             98150.59071       144508.2087      
14.765            98153.47592       145624.1916      
14.77             98156.48976       146390.6211      
14.775            98159.63747       147515.7783      
14.78             98162.92429       148288.5391      
14.785            98166.35557       149422.1293      
14.79             98169.93662       150200.8764      
14.795            98173.67285       151342.1234      
14.8              98177.56961       152126.4456      
14.805            98181.63225       153274.5746      
14.81             98185.86608       154064.0371      
14.815            98190.27644       155218.3229      
14.82             98194.86855       156012.5006      
14.825            98199.64761       157172.255       
14.83             98204.6187        157970.7438      
14.835            98209.78682       159135.2876      
14.84             98215.15684       159937.6316      
14.845            98220.73349       161106.292       
14.85             98226.52135       161912.0512      
14.855            98232.5248        163084.231       
14.86             98238.74802       163892.9915      
14.865            98245.19496       165068.1082      
14.87             98251.86936       165879.4385      
14.875            98258.77464       167056.9461      
14.88             98265.9139        167870.4827      
14.885            98273.28992       169049.8724      
14.89             98280.90514       169865.1734      
14.895            98288.76159       171045.9216      
14.9              98296.86081       171862.6696      
14.905            98305.20396       173044.5613      
14.91             98313.79156       173862.7416      
14.915            98322.62376       175045.4048      
14.92             98331.69999       175864.5656      
14.925            98341.01918       177047.4512      
14.93             98350.57955       177867.2125      
14.935            98360.3787        179050.1339      
14.94             98370.41354       179870.3036      
14.945            98380.68036       181052.8955      
14.95             98391.17472       181873.0832      
14.955            98401.89145       183054.9133      
14.96             98412.82473       183874.7765      
14.965            98423.96806       185055.7184      
14.97             98435.31421       185875.1483      
14.975            98446.85531       187054.9144      
14.98             98458.58283       187873.5422      
14.985            98470.48756       189051.8242      
14.99             98482.5597        189869.4036      
14.995            98494.7888        191046.1124      
15                98507.16384       191862.5248      
15.005            98519.67321       193037.3635      
15.01             98532.30475       193852.363       
15.015            98545.04586       195025.2189      
15.02             98557.88345       195838.5608      
15.025            98570.80401       197009.2597      
15.03             98583.79367       197820.7537      
15.035            98596.83817       198989.1043      
15.04             98609.92303       199798.4449      
15.045            98623.03354       200964.2427      
15.05             98636.15484       201771.4845      
15.055            98649.27191       202934.6912      
15.06             98662.36971       203739.4841      
15.065            98675.43319       204899.7544      
15.07             98688.44743       205701.844       
15.075            98701.39751       206859.0908      
15.08             98714.26876       207658.3588      
15.085            98727.04662       208812.3609      
15.09             98739.71693       209608.5282      
15.095            98752.26573       210759.0147      
15.1              98764.67949       211551.8503      
15.105            98776.94509       212698.6104      
15.11             98789.04985       213487.8426      
15.115            98800.98162       214630.5055      
15.12             98812.72874       215415.773       
15.125            98824.28021       216554.0158      
15.13             98835.62562       217335.0177      
15.135            98846.7552        218468.5087      
15.14             98857.65987       219244.8731      
15.145            98868.33123       220373.0639      
15.15             98878.76163       221144.2787      
15.155            98888.94413       222266.6973      
15.16             98898.87257       223032.369       
15.165            98908.54156       224148.4646      
15.17             98917.94646       224907.9829      
15.175            98927.08327       226016.9388      
15.18             98935.94889       226769.5822      
15.185            98944.54083       227870.8274      
15.19             98952.85739       228616.137       
15.195            98960.89749       229708.8232      
15.2              98968.66076       230445.8831      
15.205            98976.14745       231528.9314      
15.21             98983.35843       232256.8326      
15.215            98990.29514       233329.3876      
15.22             98996.95956       234047.3578      
15.225            99003.3542        235108.2771      
15.23             99009.48206       235815.2209      
15.235            99015.34658       236863.2131      
15.24             99020.95162       237557.9863      
15.245            99026.30144       238591.8096      
15.25             99031.40061       239273.2796      
15.255            99036.25407       240291.5102      
15.26             99040.86696       240958.3596      
15.265            99045.24471       241959.451       
15.27             99049.3929        242610.2764      
15.275            99053.31731       243592.6454      
15.28             99057.02381       244225.9983      
15.285            99060.51839       245187.9457      
15.29             99063.80707       245802.2586      
15.295            99066.89588       246741.9907      
15.3              99069.79103       247335.637       
15.305            99072.49854       248251.312       
15.31             99075.02459       248822.5541      
15.315            99077.37509       249712.1784      
15.32             99079.55615       250259.1537      
15.325            99081.57356       251120.7366      
15.33             99083.43326       251641.6421      
15.335            99085.14083       252473.1946      
15.34             99086.70194       252966.1466      
15.345            99088.12189       253765.5548      
15.35             99089.40599       254228.5553      
15.355            99090.55927       254993.7356      
15.36             99091.58669       255424.82        
15.365            99092.49295       256153.7315      
15.37             99093.28258       256550.9322      
15.375            99093.96007       257239.4607      
15.38             99094.52975       257597.3104      
15.385            99094.99602       258247.2673      
15.39             99095.36319       258572.0139      
15.395            99095.63564       259181.3313      
15.4              99095.81778       259465.8522      
15.405            99095.91415       260028.261       
15.41             99095.92935       260269.2096      
15.415            99095.86797       260787.0018      
15.42             99095.73484       260986.1325      
15.425            99095.53462       261457.0157      
15.43             99095.27209       261611.1913      
15.435            99094.95189       262031.8388      
15.44             99094.57838       262138.3835      
15.445            99094.15574       262509.0387      
15.45             99093.68783       262568.1755      
15.455            99093.17832       262887.9647      
15.46             99092.63076       262898.2735      
15.465            99092.04851       263165.2216      
15.47             99091.4346        263124.6215      
15.475            99090.79171       263338.4624      
15.48             99090.12217       263246.7903      
15.485            99089.42795       263407.5961      
15.49             99088.71081       263264.4551      
15.495            99087.97257       263371.4597      
15.5              99087.21479       263175.856       
15.505            99086.43874       263229.1711      
15.51             99085.6455        262981.1126      
15.515            99084.83585       262981.335       
15.52             99084.01044       262681.0279      
15.525            99083.16968       262628.4962      
15.53             99082.3138        262275.9776      
15.535            99081.44278       262171.4903      
15.54             99080.55637       261767.303       
15.545            99079.65414       261611.9573      
15.55             99078.73541       261156.8686      
15.555            99077.79926       260951.844       
15.56             99076.84458       260446.7394      
15.565            99075.86997       260193.5433      
15.57             99074.87386       259639.6322      
15.575            99073.85434       259339.9684      
15.58             99072.80927       258738.6462      
15.585            99071.73629       258394.2174      
15.59             99070.63287       257746.8498      
15.595            99069.49608       257359.771       
15.6              99068.32294       256668.4189      
15.605            99067.1098        256240.7298      
15.61             99065.85292       255506.8292      
15.615            99064.54849       255040.6134      
15.62             99063.19243       254266.4468      
15.625            99061.78033       253764.3434      
15.63             99060.3075        252951.9861      
15.635            99058.76896       252415.8495      
15.64             99057.15958       251567.0825      
15.645            99055.47393       250999.4986      
15.65             99053.70644       250116.8736      
15.655            99051.85125       249520.2907      
15.66             99049.90237       248606.0359      
15.665            99047.85356       247982.7619      
15.67             99045.69847       247039.187       
15.675            99043.43051       246391.3393      
15.68             99041.04299       245420.2663      
15.685            99038.52903       244750.01        
15.69             99035.88162       243753.7414      
15.695            99033.0937        243063.4252      
15.7              99030.15811       242044.2271      
15.705            99027.06752       241335.7233      
15.71             99023.81464       240295.4391      
15.715            99020.39207       239570.656       
15.72             99016.79249       238511.3275      
15.725            99013.0085        237772.2758      
15.73             99009.03281       236695.9301      
15.735            99004.85815       235944.2247      
15.74             99000.47736       234852.4989      
15.745            98995.88345       234089.699       
15.75             98991.06957       232984.3282      
15.755            98986.02899       232212.0039      
15.76             98980.75524       231094.6038      
15.765            98975.24203       230314.0443      
15.77             98969.48341       229186.0601      
15.775            98963.47368       228398.5346      
15.78             98957.2075        227261.3822      
15.785            98950.67992       226468.0265      
15.79             98943.88643       225322.9502      
15.795            98936.82293       224524.7541      
15.8              98929.48589       223372.8893      
15.805            98921.87212       222570.7706      
15.81             98913.97913       221413.1969      
15.815            98905.80478       220607.964       
15.82             98897.34758       219445.7049      
15.825            98888.60651       218638.1133      
15.83             98879.58099       217471.8725      
15.835            98870.27084       216662.5499      
15.84             98860.67648       215493.3399      
15.845            98850.79867       214682.7672      
15.85             98840.63881       213511.0696      
15.855            98830.19881       212699.7663      
15.86             98819.48134       211526.4236      
15.865            98808.48984       210714.9215      
15.87             98797.22878       209540.4602      
15.875            98785.70367       208728.9607      
15.88             98773.92128       207553.7942      
15.885            98761.88959       206742.7088      
15.89             98749.61792       205567.4346      
15.895            98737.11686       204757.0099      
15.9              98724.39807       203581.8906      
15.905            98711.47424       202772.3818      
15.91             98698.35889       201597.891       
15.915            98685.06619       200789.4072      
15.92             98671.61075       199615.6924      
15.925            98658.00754       198808.3762      
15.93             98644.27174       197634.9929      
15.935            98630.41875       196828.2564      
15.94             98616.4641        195657.1706      
15.945            98602.42359       194853.6165      
15.95             98588.31328       193684.6109      
15.955            98574.14959       192880.66        
15.96             98559.9493        191711.5156      
15.965            98545.7295        190909.2544      
15.97             98531.50764       189742.6178      
15.975            98517.3015        188942.4884      
15.98             98503.12903       187777.9186      
15.985            98489.00839       186978.2564      
15.99             98474.95773       185814.6425      
15.995            98460.99511       185016.225       
16                98447.13843       183854.6143      
16.005            98433.4053        183057.8499      
16.01             98419.81313       181898.2262      
16.015            98406.37874       181102.0923      
16.02             98393.11864       179943.8143      
16.025            98380.04862       179148.5892      
16.03             98367.18404       177992.1193      
16.035            98354.53949       177198.0184      
16.04             98342.12898       176043.4309      
16.045            98329.96569       175249.8413      
16.05             98318.06203       174096.7442      
16.055            98306.42962       173303.8728      
16.06             98295.07932       172152.4267      
16.065            98284.021         171360.2386      
16.07             98273.26367       170210.7182      
16.075            98262.81546       169418.996       
16.08             98252.68362       168270.9222      
16.085            98242.87438       167479.5866      
16.09             98233.39305       166333.4531      
16.095            98224.24399       165542.7555      
16.1              98215.43063       164398.4435      
16.105            98206.95542       163608.0193      
16.11             98198.81986       162465.721       
16.115            98191.02457       161675.7546      
16.12             98183.56928       160535.4348      
16.125            98176.45285       159745.863       
16.13             98169.67335       158607.912       
16.135            98163.22809       157818.9538      
16.14             98157.11364       156683.6849      
16.145            98151.32593       155894.9862      
16.15             98145.86021       154762.1578      
16.155            98140.71109       153974.0591      
16.16             98135.87257       152844.3588      
16.165            98131.33812       152057.0561      
16.17             98127.10064       150930.762       
16.175            98123.1525        150144.2068      
16.18             98119.48551       149021.6726      
16.185            98116.09107       148235.9768      
16.19             98112.96015       147117.5447      
16.195            98110.08337       146332.9069      
16.2              98107.45102       145219.2516      
16.205            98105.05312       144435.8679      
16.21             98102.87957       143327.3399      
16.215            98100.92023       142545.3723      
16.22             98099.16482       141442.6782      
16.225            98097.60314       140662.2444      
16.23             98096.22502       139565.7935      
16.235            98095.02046       138787.2026      
16.24             98093.97954       137697.8375      
16.245            98093.09259       136921.2271      
16.25             98092.35009       135839.5064      
16.255            98091.74277       135065.0544      
16.26             98091.26151       133991.7071      
16.265            98090.8975        133219.6501      
16.27             98090.64216       132155.472       
16.275            98090.48727       131386.0184      
16.28             98090.42469       130331.648       
16.285            98090.44661       129564.8788      
16.29             98090.54546       128521.1133      
16.295            98090.7142        127757.2605      
16.3              98090.94601       126724.8707      
16.305            98091.23446       125964.0133      
16.31             98091.57329       124943.7262      
16.315            98091.95661       124185.9543      
16.32             98092.37878       123178.4846      
16.325            98092.83457       122423.8447      
16.33             98093.31914       121429.9273      
16.335            98093.82791       120678.4486      
16.34             98094.35651       119698.7838      
16.345            98094.90087       118950.4183      
16.35             98095.4572        117985.537       
16.355            98096.02203       117240.1492      
16.36             98096.59215       116290.6881      
16.365            98097.16461       115548.207       
16.37             98097.73664       114614.6771      
16.375            98098.30571       113874.8134      
16.38             98098.86945       112957.6063      
16.385            98099.42569       112220.1266      
16.39             98099.97241       111319.63        
16.395            98100.5077        110584.3262      
16.4              98101.02973       109701.2295      
16.405            98101.53676       108967.693       
16.41             98102.02705       108101.3316      
16.415            98102.4989        107368.1345      
16.42             98102.95059       106518.252       
16.425            98103.38042       105785.9973      
16.43             98103.78674       104953.7273      
16.435            98104.16797       104221.4161      
16.44             98104.52263       103405.7502      
16.445            98104.84941       102672.1052      
16.45             98105.14718       101872.5255      
16.455            98105.41504       101137.3787      
16.46             98105.65229       100353.931       
16.465            98105.85844       99616.24959      
16.47             98106.03317       98848.04039      
16.475            98106.17627       98106.66227      
16.48             98106.28762       97352.84124      
16.485            98106.36711       96607.06445      
16.49             98106.41466       95867.03006      
16.495            98106.43013       95115.85351      
16.5              98106.41336       94388.58932      
16.505            98106.36414       93630.87892      
16.51             98106.28225       92915.27741      
16.515            98106.16747       92150.13644      
16.52             98106.01961       91445.21644      
16.525            98105.83855       90671.67243      
16.53             98105.62429       89976.25017      
16.535            98105.3769        89193.26201      
16.54             98105.09643       88506.07249      
16.545            98104.78288       87712.74512      
16.55             98104.43624       87032.59347      
16.555            98104.05651       86228.04437      
16.56             98103.64354       85553.64813      
16.565            98103.19714       84737.02136      
16.57             98102.71726       84067.10307      
16.575            98102.20381       83237.6484       
16.58             98101.65657       82570.97075      
16.585            98101.07515       81728.00314      
16.59             98100.45907       81063.32543      
16.595            98099.80777       80206.25862      
16.6              98099.12063       79542.40549      
16.605            98098.39694       78670.71998      
16.61             98097.63588       78006.54918      
16.615            98096.8365        77119.85663      
16.62             98095.99778       76454.30526      
16.625            98095.1186        75552.31629      
16.63             98094.19774       74884.42216      
16.635            98093.23391       73966.86758      
16.64             98092.22572       73295.65893      
16.645            98091.17165       72362.51487      
16.65             98090.07011       71687.23605      
16.655            98088.91933       70738.48657      
16.66             98087.71747       70058.39926      
16.665            98086.46254       69094.13047      
16.67             98085.15243       68408.60353      
16.675            98083.78477       67429.01606      
16.68             98082.35707       66737.52701      
16.685            98080.86664       65742.89803      
16.69             98079.31063       65045.00259      
16.695            98077.68603       64035.65527      
16.7              98075.98969       63331.00469      
16.705            98074.2183        62307.41697      
16.71             98072.36849       61595.80688      
16.715            98070.43669       60558.45663      
16.72             98068.41926       59839.72945      
16.725            98066.31244       58789.16         
16.73             98064.11236       58063.21372      
16.735            98061.81503       57000.05558      
16.74             98059.41637       56266.97753      
16.745            98056.91219       55191.90278      
16.75             98054.29818       54451.76594      
16.755            98051.56995       53365.37963      
16.76             98048.72301       52618.27391      
16.765            98045.75278       51521.30557      
16.77             98042.65457       50767.48279      
16.775            98039.42367       49660.6831       
16.78             98036.05527       48900.42412      
16.785            98032.54452       47784.49601      
16.79             98028.88655       47018.0689       
16.795            98025.07648       45893.73402      
16.8              98021.10943       45121.4832       
16.805            98016.98062       43989.49057      
16.81             98012.68516       43211.78727      
16.815            98008.21842       42072.78583      
16.82             98003.5757        41289.94973      
16.825            97998.75255       40144.72152      
16.83             97993.74455       39357.28331      
16.835            97988.54753       38206.50002      
16.84             97983.15741       37414.77639      
16.845            97977.57039       36258.98755      
16.85             97971.78288       35463.34375      
16.855            97965.79155       34303.30857      
16.86             97959.5933        33504.2692       
16.865            97953.18535       32340.4462       
16.87             97946.56517       31538.00744      
16.875            97939.73065       30370.31832      
16.88             97932.67974       29564.67106      
16.885            97925.41087       28394.68138      
16.89             97917.92262       27586.89497      
16.895            97910.21391       26414.86594      
16.9              97902.28402       25604.70257      
16.905            97894.1325        24430.1381       
16.91             97885.7592        23617.50716      
16.915            97877.16444       22441.91239      
16.92             97868.34896       21628.32237      
16.925            97859.31394       20452.11009      
16.93             97850.06114       19637.51402      
16.935            97840.59288       18460.45628      
16.94             97830.91209       17644.73042      
16.945            97821.02234       16467.58816      
16.95             97810.92788       15651.51682      
16.955            97800.63358       14474.79759      
16.96             97790.14493       13658.6996       
16.965            97779.46799       12482.41834      
16.97             97768.60946       11666.40183      
16.975            97757.57652       10491.03013      
16.98             97746.37686       9675.508956      
16.985            97735.01869       8501.406103      
16.99             97723.51065       7686.728798      
16.995            97711.86186       6514.088374      
17                97700.08186       5700.428257      
17.005            97688.18063       4529.502763      
17.01             97676.16855       3717.141949      
17.015            97664.05641       2548.250592      
17.02             97651.85533       1737.505588      
17.025            97639.57683       570.8721135      
17.03             97627.23265       -238.0340765     
17.035            97614.83489       -1402.177938     
17.04             97602.39577       -2208.990772     
17.045            97589.92779       -3370.363422     
17.05             97577.44353       -4174.791533     
17.055            97564.95569       -5333.136295     
17.06             97552.477         -6134.921494     
17.065            97540.02026       -7289.978903     
17.07             97527.59819       -8088.846218     
17.075            97515.22349       -9240.311574     
17.08             97502.9087        -10035.95865     
17.085            97490.66629       -11183.51944     
17.09             97478.5085        -11975.63324     
17.095            97466.44736       -13118.95542     
17.1              97454.49463       -13907.20182     
17.105            97442.66177       -15045.90768     
17.11             97430.95991       -15829.91735     
17.115            97419.3998        -16963.59415     
17.12             97407.99173       -17742.97576     
17.125            97396.74564       -18871.17182     
17.13             97385.67088       -19645.48987     
17.135            97374.77643       -20767.69405     
17.14             97364.0706        -21536.47487     
17.145            97353.56133       -22652.13157     
17.15             97343.25579       -23414.74481     
17.155            97333.16095       -24523.23093     
17.16             97323.28288       -25279.2882      
17.165            97313.62738       -26380.03851     
17.17             97304.19942       -27128.90935     
17.175            97295.00367       -28221.01073     
17.18             97286.04397       -28961.83524     
17.185            97277.32388       -30044.50793     
17.19             97268.8462        -30776.58884     
17.195            97260.61335       -31849.00772     
17.2              97252.62709       -32571.57734     
17.205            97244.88874       -33632.73266     
17.21             97237.39901       -34344.76217     
17.215            97230.15821       -35393.61107     
17.22             97223.16605       -36095.17935     
17.225            97216.42172       -37130.20432     
17.23             97209.92406       -37818.40943     
17.235            97203.67143       -38838.31812     
17.24             97197.66187       -39512.98378     
17.245            97191.89302       -40517.47763     
17.25             97186.36218       -41178.06942     
17.255            97181.0663        -42165.01785     
17.26             97176.00212       -42809.30752     
17.265            97171.16601       -43777.15944     
17.27             97166.55414       -44404.05171     
17.275            97162.16243       -45351.79315     
17.28             97157.98689       -45960.10833     
17.285            97154.02297       -46885.79194     
17.29             97150.26627       -47472.13271     
17.295            97146.7122        -48371.58006     
17.3              97143.35626       -48936.27857     
17.305            97140.19357       -49814.4594      
17.31             97137.21965       -50359.21344     
17.315            97134.42969       -51208.63529     
17.32             97131.81923       -51726.08882     
17.325            97129.38359       -52545.66832     
17.33             97127.11839       -53036.37493     
17.335            97125.01907       -53826.86522     
17.34             97123.0812        -54290.58967     
17.345            97121.30043       -55048.01263     
17.35             97119.67224       -55480.76887     
17.355            97118.19202       -56203.46411     
17.36             97116.85503       -56604.27083     
17.365            97115.65638       -57291.41527     
17.37             97114.5909        -57659.03502     
17.375            97113.65329       -58308.10704     
17.38             97112.83798       -58640.11366     
17.385            97112.13929       -59249.53216     
17.39             97111.55139       -59544.52368     
17.395            97111.06847       -60113.03308     
17.4              97110.68473       -60369.55483     
17.405            97110.39454       -60895.32037     
17.41             97110.19246       -61111.52649     
17.415            97110.07337       -61593.15618     
17.42             97110.03237       -61767.64835     
17.425            97110.06499       -62203.98865     
17.43             97110.16701       -62335.46636     
17.435            97110.33449       -62725.23641     
17.44             97110.56367       -62812.30054     
17.445            97110.85118       -63154.48198     
17.45             97111.19387       -63196.00312     
17.455            97111.58893       -63489.81532     
17.46             97112.03363       -63484.81784     
17.465            97112.52538       -63729.58018     
17.47             97113.06164       -63677.26466     
17.475            97113.64029       -63872.46737     
17.48             97114.25908       -63772.02021     
17.485            97114.91618       -63917.05407     
17.49             97115.61          -63767.5148      
17.495            97116.33872       -63862.6393      
17.5              97117.10111       -63664.47843     
17.505            97117.89623       -63709.96765     
17.51             97118.7231        -63462.64266     
17.515            97119.5811        -63458.1391      
17.52             97120.46979       -63161.36676     
17.525            97121.38897       -63107.92487     
17.53             97122.3387        -62762.49796     
17.535            97123.3193        -62660.82935     
17.54             97124.33127       -62266.96575     
17.545            97125.37537       -62117.61259     
17.55             97126.45257       -61675.8226      
17.555            97127.56409       -61480.33866     
17.56             97128.71138       -60991.87042     
17.565            97129.89609       -60751.18136     
17.57             97131.12014       -60216.41157     
17.575            97132.38569       -59931.7552      
17.58             97133.6951        -59351.9048      
17.585            97135.05098       -59025.19591     
17.59             97136.45613       -58401.76261     
17.595            97137.91364       -58034.38276     
17.6              97139.42683       -57368.71425     
17.605            97140.99918       -56962.4511      
17.61             97142.63441       -56255.89603     
17.615            97144.33645       -55812.70803     
17.62             97146.10937       -55067.16893     
17.625            97147.95754       -54589.04347     
17.63             97149.8855        -53806.38959     
17.635            97151.89788       -53295.16169     
17.64             97153.99947       -52476.71244     
17.645            97156.19529       -51934.38397     
17.65             97158.49037       -51082.46397     
17.655            97160.8902        -50511.45105     
17.66             97163.40004       -49627.99223     
17.665            97166.02529       -49029.64005     
17.67             97168.77147       -48116.17535     
17.675            97171.64439       -47493.11149     
17.68             97174.64971       -46552.15828     
17.685            97177.79317       -45906.10627     
17.69             97181.08054       -44939.5952      
17.695            97184.5175        -44272.05844     
17.7              97188.10993       -43280.8079      
17.705            97191.86342       -42594.70624     
17.71             97195.78377       -41582.28603     
17.715            97199.87648       -40878.87293     
17.72             97204.14723       -39845.90843     
17.725            97208.60148       -39126.40573     
17.73             97213.24463       -38074.69528     
17.735            97218.08209       -37341.58317     
17.74             97223.1192        -36273.58035     
17.745            97228.36127       -35528.16696     
17.75             97233.8136        -34445.06358     
17.755            97239.48146       -33688.41979     
17.76             97245.37012       -32591.55124     
17.765            97251.48469       -31825.41217     
17.77             97257.83017       -30716.62665     
17.775            97264.41125       -29942.30553     
17.78             97271.23228       -28822.93729     
17.785            97278.29701       -28041.36802     
17.79             97285.60854       -26912.53915     
17.795            97293.16921       -26124.73453     
17.8              97300.98045       -24987.65496     
17.805            97309.04285       -24194.91064     
17.81             97317.35624       -23050.04839     
17.815            97325.91912       -22253.35272     
17.82             97334.72992       -21103.64959     
17.825            97343.78611       -20303.80488     
17.83             97353.08512       -19148.99197     
17.835            97362.62372       -18345.91855     
17.84             97372.39868       -17185.69067     
17.845            97382.40643       -16379.69405     
17.85             97392.64326       -15217.13053     
17.855            97403.10486       -14412.41402     
17.86             97413.78682       -13248.73647     
17.865            97424.68401       -12441.09491     
17.87             97435.7909        -11273.39913     
17.875            97447.10111       -10465.51496     
17.88             97458.60775       -9297.382576     
17.885            97470.30297       -8490.674171     
17.89             97482.17831       -7322.582651     
17.895            97494.22465       -6515.452941     
17.9              97506.43218       -5346.285099     
17.905            97518.79053       -4539.751039     
17.91             97531.28861       -3370.979694     
17.915            97543.91517       -2565.884689     
17.92             97556.65823       -1398.01984      
17.925            97569.50543       -593.7922552     
17.93             97582.44398       573.474349       
17.935            97595.46081       1376.564878      
17.94             97608.54246       2542.715552      
17.945            97621.67529       3344.247839      
17.95             97634.84529       4508.883927      
17.955            97648.03845       5309.084153      
17.96             97661.24043       6472.340157      
17.965            97674.43706       7271.196885      
17.97             97687.61388       8432.866308      
17.975            97700.75669       9230.170183      
17.98             97713.85109       10389.99664      
17.985            97726.88308       11185.89153      
17.99             97739.83839       12343.9391       
17.995            97752.70308       13138.60603      
18                97765.46354       14294.82965      
18.005            97778.10613       15087.99609      
18.01             97790.61756       16242.09495      
18.015            97802.98464       17033.9412       
18.02             97815.19459       18186.06275      
18.025            97827.23482       18976.73503      
18.03             97839.09319       20126.85844      
18.035            97850.75837       20915.83853      
18.04             97862.21823       22063.63689      
18.045            97873.46199       22852.33866      
18.05             97884.47964       23998.75748      
18.055            97895.26148       24785.97108      
18.06             97905.79861       25929.3713       
18.065            97916.08263       26715.05076      
18.07             97926.10594       27855.93599      
18.075            97935.86167       28641.45002      
18.08             97945.34382       29780.54157      
18.085            97954.54714       30564.46129      
18.09             97963.46713       31700.54363      
18.095            97972.10005       32483.52459      
18.1              97980.44298       33616.95217      
18.105            97988.4937        34398.90392      
18.11             97996.25066       35529.59393      
18.115            98003.71298       36310.54257      
18.12             98010.88045       37437.97208      
18.125            98017.75351       38217.49428      
18.13             98024.33315       39341.5613       
18.135            98030.62095       40120.12221      
18.14             98036.61911       41240.70507      
18.145            98042.33033       42017.96777      
18.15             98047.75791       43134.42357      
18.155            98052.90563       43910.00323      
18.16             98057.77777       45022.13427      
18.165            98062.37909       45796.48762      
18.17             98066.71482       46904.1476       
18.175            98070.79063       47676.76119      
18.18             98074.61255       48779.15812      
18.185            98078.18701       49549.89288      
18.19             98081.52071       50646.55321      
18.195            98084.62074       51415.35778      
18.2              98087.49436       52506.1928       
18.205            98090.149         53272.97463      
18.21             98092.59234       54357.13545      
18.215            98094.83213       55121.47207      
18.22             98096.87625       56198.38774      
18.225            98098.73263       56960.39751      
18.23             98100.40937       58029.61516      
18.235            98101.91449       58788.92689      
18.24             98103.2561        59849.81985      
18.245            98104.44231       60606.33059      
18.25             98105.48119       61658.18519      
18.255            98106.38069       62411.72645      
18.26             98107.14872       63453.96145      
18.265            98107.79299       64204.40913      
18.27             98108.3211        65236.34623      
18.275            98108.74034       65983.5119       
18.28             98109.05772       67004.48046      
18.285            98109.27992       67748.26481      
18.29             98109.4134        68757.5586       
18.295            98109.46423       69497.87447      
18.3              98109.43832       70494.98132      
18.305            98109.34127       71231.77991      
18.31             98109.17856       72215.92356      
18.315            98108.95548       72949.09775      
18.32             98108.67713       73919.69743      
18.325            98108.3487        74649.18993      
18.33             98107.97526       75605.08913      
18.335            98107.56192       76330.77124      
18.34             98107.11401       77272.45307      
18.345            98106.63655       77995.96794      
18.35             98106.13418       78923.71063      
18.355            98105.61125       79643.60348      
18.36             98105.0718        80555.09425      
18.365            98104.51959       81271.8067       
18.37             98103.95803       82167.67352      
18.375            98103.39023       82882.51745      
18.38             98102.81905       83762.99851      
18.385            98102.24713       84475.50713      
18.39             98101.67701       85339.67133      
18.395            98101.11112       86050.34247      
18.4              98100.55187       86898.38473      
18.405            98100.00162       87608.21308      
18.41             98099.46271       88440.50712      
18.415            98098.93746       89149.75495      
18.42             98098.42808       89966.10158      
18.425            98097.93667       90675.3608       
18.43             98097.4652        91476.06316      
18.435            98097.01549       92186.26501      
18.44             98096.58919       92971.83602      
18.445            98096.1878        93683.62403      
18.45             98095.81267       94454.37773      
18.455            98095.46501       95168.50358      
18.46             98095.14589       95924.96915      
18.465            98094.85628       96642.37395      
18.47             98094.59701       97385.28952      
18.475            98094.36886       98106.85701      
18.48             98094.17246       98836.94121      
18.485            98094.00834       99563.53639      
18.49             98093.87702       100281.5739      
18.495            98093.77903       101014.1559      
18.5              98093.71489       101721.0905      
18.505            98093.68501       102460.6248      
18.51             98093.68967       103157.4384      
18.515            98093.72914       103904.8005      
18.52             98093.80372       104592.4467      
18.525            98093.91371       105348.5458      
18.53             98094.05933       106028.0569      
18.535            98094.24069       106793.7346      
18.54             98094.45777       107466.1879      
18.545            98094.71058       108242.3715      
18.55             98094.99919       108908.9835      
18.555            98095.32374       109696.4755      
18.56             98095.68434       110358.3053      
18.565            98096.08107       111157.7777      
18.57             98096.51406       111815.937       
18.575            98096.98351       112628.1697      
18.58             98097.48971       113283.8201      
18.585            98098.03318       114109.4108      
18.59             98098.61451       114763.6246      
18.595            98099.23441       115603.1379      
18.6              98099.89367       116256.9683      
18.605            98100.59311       117110.8677      
18.61             98101.33364       117765.3237      
18.615            98102.11622       118633.9931      
18.62             98102.9419        119290.0253      
18.625            98103.81183       120173.7549      
18.63             98104.72724       120832.2445      
18.635            98105.68946       121731.2603      
18.64             98106.69993       122393.0468      
18.645            98107.76027       123307.4735      
18.65             98108.87215       123973.2952      
18.655            98110.03745       124903.1405      
18.66             98111.25811       125573.6585      
18.665            98112.5362        126518.8775      
18.67             98113.87385       127194.6749      
18.675            98115.2734        128155.1071      
18.68             98116.73727       128836.6655      
18.685            98118.26806       129812.1031      
18.69             98119.86848       130499.8674      
18.695            98121.54143       131490.0199      
18.7              98123.28987       132184.3063      
18.705            98125.11693       133188.7802      
18.71             98127.02585       133889.8227      
18.715            98129.01995       134908.2068      
18.72             98131.10268       135616.2007      
18.725            98133.27758       136648.0208      
18.73             98135.54829       137363.0569      
18.735            98137.91854       138407.7544      
18.74             98140.39212       139129.8366      
18.745            98142.97294       140186.8488      
18.75             98145.66493       140915.96        
18.755            98148.47213       141984.6849      
18.76             98151.39857       142720.7385      
18.765            98154.44835       143800.5256      
18.77             98157.62555       144543.35        
18.775            98160.93427       145633.532       
18.78             98164.37857       146382.926       
18.785            98167.96246       147482.8384      
18.79             98171.6899        148238.571       
18.795            98175.56481       149347.5253      
18.8              98179.59105       150109.3038      
18.805            98183.77244       151226.6103      
18.81             98188.11279       151994.1537      
18.815            98192.61592       153119.1173      
18.82             98197.28565       153892.0497      
18.825            98202.12587       155023.9964      
18.83             98207.14049       155801.9916      
18.835            98212.33346       156940.2626      
18.84             98217.70869       157722.965       
18.845            98223.27003       158866.8754      
18.85             98229.02118       159653.8565      
18.855            98234.9657        160802.7801      
18.86             98241.10678       161593.6843      
18.865            98247.44734       162747.0099      
18.87             98253.98989       163541.4302      
18.875            98260.7365        164698.5478      
18.88             98267.68881       165496.1061      
18.885            98274.84798       166656.4309      
18.89             98282.21476       167456.6891      
18.895            98289.78944       168619.6868      
18.9              98297.57194       169422.3519      
18.905            98305.56174       170587.6583      
18.91             98313.75794       171392.6276      
18.915            98322.1593        172559.8585      
18.92             98330.76412       173366.7624      
18.925            98339.57035       174535.2976      
18.93             98348.57551       175343.6483      
18.935            98357.7767        176513.1401      
18.94             98367.17058       177322.6951      
18.945            98376.75339       178492.7039      
18.95             98386.52088       179303.0419      
18.955            98396.46838       180473.085       
18.96             98406.59078       181283.8245      
18.965            98416.88248       182453.5968      
18.97             98427.3375        183264.4804      
18.975            98437.94942       184433.608       
18.98             98448.71141       185244.2769      
18.985            98459.61624       186412.3655      
18.99             98470.65631       187222.4633      
18.995            98481.82365       188389.207       
19                98493.10993       189198.4628      
19.005            98504.50647       190363.5102      
19.01             98516.00426       191171.5684      
19.015            98527.59402       192334.5563      
19.02             98539.2661        193141.1687      
19.025            98551.01064       194301.8374      
19.03             98562.81746       195106.5786      
19.035            98574.67621       196264.5338      
19.04             98586.57633       197067.1399      
19.045            98598.50714       198222.1493      
19.05             98610.45778       199022.3502      
19.055            98622.41735       200173.9633      
19.06             98634.37489       200971.2854      
19.065            98646.31946       202119.1792      
19.07             98658.24006       202913.3933      
19.075            98670.12579       204057.2293      
19.08             98681.9658        204847.9232      
19.085            98693.74935       205987.2254      
19.09             98705.4658        206774.02        
19.095            98717.10472       207908.4279      
19.1              98728.65584       208690.9458      
19.105            98740.10911       209819.9536      
19.11             98751.45466       210597.7032      
19.115            98762.68291       211720.7585      
19.12             98773.78457       212493.2523      
19.125            98784.75068       213609.9246      
19.13             98795.57254       214376.7966      
19.135            98806.24188       215486.4346      
19.14             98816.75077       216247.0005      
19.145            98827.09171       217348.9257      
19.15             98837.25756       218102.643       
19.155            98847.24164       219196.194       
19.16             98857.03767       219942.4149      
19.165            98866.63987       221026.8497      
19.17             98876.04288       221764.9331      
19.175            98885.24178       222839.3893      
19.18             98894.23219       223568.5125      
19.185            98903.01006       224632.1343      
19.19             98911.57194       225351.5675      
19.195            98919.91474       226403.4323      
19.2              98928.03591       227112.2912      
19.205            98935.93324       228151.3456      
19.21             98943.60507       228848.7111      
19.215            98951.05007       229873.9131      
19.22             98958.2674        230558.8114      
19.225            98965.25659       231568.9815      
19.23             98972.01757       232240.3398      
19.235            98978.55066       233234.2795      
19.24             98984.85653       233891.0161      
19.245            98990.93619       234867.4586      
19.25             98996.79102       235508.3974      
19.255            99002.42268       236465.9846      
19.26             99007.83314       237089.8802      
19.265            99013.02461       238027.2283      
19.27             99017.99968       238632.8236      
19.275            99022.7611        239548.5017      
19.28             99027.3118        240134.4081      
19.285            99031.65495       241026.8453      
19.29             99035.79405       241591.6413      
19.295            99039.7326        242459.4089      
19.3              99043.4744        243001.7934      
19.305            99047.02324       243843.3329      
19.31             99050.38314       244361.7206      
19.315            99053.55814       245175.2808      
19.32             99056.55247       245668.0598      
19.325            99059.37026       246452.2333      
19.33             99062.01578       246918.1171      
19.335            99064.4933        247669.3511      
19.34             99066.80699       248103.153       
19.345            99068.96099       248823.1078      
19.35             99070.95954       249231.1111      
19.355            99072.80665       249918.9221      
19.36             99074.50641       250295.4539      
19.365            99076.06271       250945.0068      
19.37             99077.47951       251286.1978      
19.375            99078.76072       251899.3471      
19.38             99079.9102        252206.9747      
19.385            99080.9319        252782.384       
19.39             99081.8298        253054.2926      
19.395            99082.60801       253588.6894      
19.4              99083.2707        253822.0462      
19.405            99083.82222       254315.2754      
19.41             99084.26695       254509.9664      
19.415            99084.60946       254961.17        
19.42             99084.85431       255115.8491      
19.425            99085.00613       255523.159       
19.43             99085.06947       255636.0305      
19.435            99085.04884       255998.8571      
19.44             99084.94855       256069.2579      
19.445            99084.77274       256386.9885      
19.45             99084.52531       256413.9932      
19.455            99084.20988       256685.6513      
19.46             99083.82979       256668.1617      
19.465            99083.38802       256893.3216      
19.47             99082.88721       256830.7407      
19.475            99082.32971       257009.1394      
19.48             99081.71747       256900.9382      
19.485            99081.05246       257032.3036      
19.49             99080.3364        256878.0007      
19.495            99079.5708        256962.3191      
19.5              99078.75669       256761.6673      
19.505            99077.89485       256799.08        
19.51             99076.98592       256551.9542      
19.515            99076.03043       256542.741       
19.52             99075.02865       256249.1705      
19.525            99073.98063       256193.8318      
19.53             99072.88614       255854.0556      
19.535            99071.74502       255753.2484      
19.54             99070.55638       255367.6371      
19.545            99069.31922       255222.0323      
19.55             99068.0326        254790.9959      
19.555            99066.69536       254601.5738      
19.56             99065.30603       254125.8642      
19.565            99063.86281       253893.7593      
19.57             99062.36374       253374.2186      
19.575            99060.80668       253100.6147      
19.58             99059.18934       252538.2048      
19.585            99057.50915       252224.4619      
19.59             99055.76334       251620.3249      
19.595            99053.94898       251267.7227      
19.6              99052.06304       250622.7946      
19.605            99050.10221       250233.0201      
19.61             99048.06302       249549.2267      
19.615            99045.94189       249124.3794      
19.62             99043.73502       248403.1801      
19.625            99041.43852       247944.0974      
19.63             99039.04829       247186.1469      
19.635            99036.56017       246694.8106      
19.64             99033.96981       245902.2249      
19.645            99031.27279       245380.7863      
19.65             99028.46461       244555.3884      
19.655            99025.54069       244005.2429      
19.66             99022.49634       243148.342       
19.665            99019.32683       242571.3572      
19.67             99016.02743       241684.8348      
19.675            99012.5933        241082.9839      
19.68             99009.01964       240168.6685      
19.685            99005.3016        239543.583       
19.69             99001.43437       238603.0942      
19.695            98997.41315       237956.5673      
19.7              98993.23318       236991.7017      
19.705            98988.88977       236325.4974      
19.71             98984.37829       235337.9816      
19.715            98979.69422       234653.7294      
19.72             98974.8332        233645.236       
19.725            98969.79097       232944.577       
19.73             98964.56349       231916.7877      
19.735            98959.14691       231201.2646      
19.74             98953.53761       230155.7723      
19.745            98947.73222       229426.8531      
19.75             98941.72764       228365.2082      
19.755            98935.52107       227624.327       
19.76             98929.10999       226548.0484      
19.765            98922.49218       225796.5354      
19.77             98915.6657        224707.0469      
19.775            98908.62885       223946.1357      
19.78             98901.38022       222844.802       
19.785            98893.91855       222075.6791      
19.79             98886.24285       220963.7812      
19.795            98878.35213       220187.5469      
19.8              98870.24573       219066.3238      
19.805            98861.92304       218283.9997      
19.81             98853.38376       217154.6585      
19.815            98844.62792       216367.1712      
19.82             98835.65596       215230.6929      
19.825            98826.46875       214438.9796      
19.83             98817.06797       213296.4032      
19.835            98807.45603       212501.1081      
19.84             98797.63631       211353.3319      
19.845            98787.61305       210555.2502      
19.85             98777.39152       209403.2632      
19.855            98766.97791       208603.0775      
19.86             98756.37914       207447.5817      
19.865            98745.60278       206645.8319      
19.87             98734.65697       205487.628       
19.875            98723.55015       204684.8057      
19.88             98712.29093       203523.6361      
19.885            98700.888         202719.5509      
19.89             98689.35008       201557.9569      
19.895            98677.68591       200755.6576      
19.9              98665.90429       199593.9376      
19.905            98654.01411       198790.1943      
19.91             98642.02449       197626.4411      
19.915            98629.94486       196823.5081      
19.92             98617.78498       195660.5998      
19.925            98605.555         194859.3155      
19.93             98593.26544       193697.3437      
19.935            98580.92721       192896.4323      
19.94             98568.55159       191734.6319      
19.945            98556.15015       190934.8999      
19.95             98543.73466       189774.3581      
19.955            98531.31706       188976.4727      
19.96             98518.90944       187817.7432      
19.965            98506.5239        187021.1587      
19.97             98494.17261       185863.7864      
19.975            98481.86768       185068.6196      
19.98             98469.62118       183913.0409      
19.985            98457.44512       183119.7811      
19.99             98445.35142       181966.3243      
19.995            98433.35179       181174.5716      
20                98421.45776       180023.3262      
