# Probe 0 (0 999 0)
# Probe 1 (0 500 0)
# Time            0                 1                
0.005             97481.96949       70985.84991      
0.01              96564.27826       73854.3655       
0.015             95488.54971       93168.16707      
0.02              94422.59108       111110.1375      
0.025             93380.81191       113195.9821      
0.03              92357.23201       100580.0745      
0.035             91345.88183       90482.30097      
0.04              90340.06681       86983.04935      
0.045             89335.22235       91892.65541      
0.05              88330.06898       103969.4051      
0.055             87324.84874       108564.1518      
0.06              86319.8398        103518.943       
0.065             85315.18479       96565.54797      
0.07              84311.04341       90251.22747      
0.075             83307.48672       90781.2401       
0.08              82304.44483       98541.30655      
0.085             81301.80893       103895.8323      
0.09              80299.50207       104538.4425      
0.095             79297.4865        100905.3029      
0.1               78295.71248       94260.30891      
0.105             77294.11229       92244.53993      
0.11              76292.6538        95602.3452       
0.115             75291.30597       99413.27652      
0.12              74290.05034       102312.8547      
0.125             73288.86943       101623.9684      
0.13              72287.74387       97343.05593      
0.135             71286.66927       94803.53258      
0.14              70285.62493       95038.86475      
0.145             69284.60217       97149.57733      
0.15              68283.59956       100460.5301      
0.155             67282.61083       101281.6294      
0.16              66281.63305       99161.32547      
0.165             65280.66521       97031.35266      
0.17              64279.70014       95749.65871      
0.175             63278.73326       96368.02542      
0.18              62277.76868       98730.44849      
0.185             61276.80967       99939.70823      
0.19              60275.84637       99547.19728      
0.195             59274.88067       98370.16375      
0.2               58273.91951       96782.13353      
0.205             57272.96392       96490.74514      
0.21              56272.00401       97720.07032      
0.215             55271.04963       98836.68319      
0.22              54270.09779       99363.31008      
0.225             53269.1507        98911.81848      
0.23              52268.20738       97624.78637      
0.235             51267.26483       97073.84034      
0.24              50266.32744       97454.78504      
0.245             49265.39628       98116.5198       
0.25              48264.47038       98844.05808      
0.255             47263.55091       98890.9754       
0.26              46262.64099       98173.57499      
0.265             45261.73754       97610.3879       
0.27              44260.84318       97439.89866      
0.275             43259.95634       97744.08572      
0.28              42259.07783       98425.98644      
0.285             41258.21071       98679.5747       
0.29              40257.3543        98407.8535       
0.295             39256.50673       98030.49181      
0.3               38255.67398       97681.97587      
0.305             37254.8545        97699.80585      
0.31              36254.04273       98107.7316       
0.315             35253.24485       98396.27948      
0.32              34252.45861       98436.53327      
0.325             33251.68258       98247.37663      
0.33              32250.91498       97897.69732      
0.335             31250.15025       97792.8136       
0.34              30249.38283       97969.92731      
0.345             29248.5967        98170.76722      
0.35              28247.76813       98327.06113      
0.355             27246.85089       98291.77112      
0.36              26245.77125       98062.63784      
0.365             25244.40685       97929.96833      
0.37              24242.5644        97946.54886      
0.375             23239.92921       98056.01361      
0.38              22236.03462       98224.38115      
0.385             21230.18141       98265.45404      
0.39              20221.33565       98151.97172      
0.395             19208.06097       98038.10626      
0.4               18188.35581       97971.39887      
0.405             17159.55421       98002.38637      
0.41              16118.20069       98122.39425      
0.415             15059.97717       98181.82204      
0.42              13979.66787       98156.4348       
0.425             12871.25613       98083.39162      
0.43              11728.14041       97982.37036      
0.435             10543.53827       97951.32156      
0.44              9311.081825       97999.07399      
0.445             8025.597811       98024.37227      
0.45              6684.050635       98000.54401      
0.455             5286.560571       97913.50962      
0.46              3837.391911       97775.54236      
0.465             2345.742984       97640.08386      
0.47              826.1825987       97524.02331      
0.475             -701.4498813      97377.59964      
0.48              -2212.776227      97191.09218      
0.485             -3680.264799      96925.11883      
0.49              -5075.344908      96589.7509       
0.495             -6370.918369      96198.60984      
0.5               -7544.091936      95774.27339      
0.505             -8578.781496      95290.5679       
0.51              -9467.799791      94757.86175      
0.515             -10214.08849      94143.13508      
0.52              -10830.87149      93462.32246      
0.525             -11340.5935       92717.60794      
0.53              -11772.83675      91932.34397      
0.535             -12161.41888      91101.87947      
0.54              -12541.06007      90241.12519      
0.545             -12944.10374      89338.58181      
0.55              -13397.71894      88405.16426      
0.555             -13921.92315      87445.99563      
0.56              -14528.62065      86472.32124      
0.565             -15221.67512      85488.94795      
0.57              -15997.87464      84501.32807      
0.575             -16848.52986      83507.0375       
0.58              -17761.38711      82507.53694      
0.585             -18722.54344      81504.9657       
0.59              -19718.1138       80501.09585      
0.595             -20735.49047      79498.55002      
0.6               -21764.13466      78497.81836      
0.605             -22795.92436      77497.41016      
0.61              -23825.14708      76496.64539      
0.615             -24848.2482       75495.39751      
0.62              -25863.45198      74493.76317      
0.625             -26870.34452      73492.78446      
0.63              -27869.48546      72492.61473      
0.635             -28862.06969      71492.72891      
0.64              -29849.67076      70492.81986      
0.645             -30834.02579      69492.59324      
0.65              -31816.86977      68492.04749      
0.655             -32799.80949      67491.65697      
0.66              -33784.22361      66491.54679      
0.665             -34771.18608      65491.54458      
0.67              -35761.41665      64491.55167      
0.675             -36755.26343      63491.36215      
0.68              -37752.71505      62490.96559      
0.685             -38753.44445      61490.55041      
0.69              -39756.87452      60490.19286      
0.695             -40762.2636       59489.87754      
0.7               -41768.79395      58489.58595      
0.705             -42775.66023      57489.222        
0.71              -43782.14316      56488.77533      
0.715             -44787.66615      55488.32352      
0.72              -45791.82521      54487.80219      
0.725             -46794.41215      53487.49145      
0.73              -47795.39241      52487.21507      
0.735             -48794.88278      51486.86388      
0.74              -49793.11979      50486.48854      
0.745             -50790.41585      49486.15557      
0.75              -51787.11818      48485.872        
0.755             -52783.57153      47485.63357      
0.76              -53780.08677      46485.42224      
0.765             -54776.91929      45485.21172      
0.77              -55774.25581      44484.99087      
0.775             -56772.2105       43484.75912      
0.78              -57770.82789      42484.5222       
0.785             -58770.09291      41484.26185      
0.79              -59769.94235      40483.97733      
0.795             -60770.28103      39483.65652      
0.8               -61770.99414      38483.3028       
0.805             -62771.96117      37482.88344      
0.81              -63773.06461      36482.40105      
0.815             -64774.19772      35481.79872      
0.82              -65775.26724      34481.08076      
0.825             -66776.19585      33480.15152      
0.83              -67776.92122      32479.01775      
0.835             -68777.39443      31477.48224      
0.84              -69777.57842      30475.55353      
0.845             -70777.44462      29472.86581      
0.85              -71776.97108      28469.45279      
0.855             -72776.13941      27464.68394      
0.86              -73774.93077      26458.64568      
0.865             -74773.32175      25450.29041      
0.87              -75771.2794       24439.81283      
0.875             -76768.75408      23425.57731      
0.88              -77765.67303      22407.97181      
0.885             -78761.9325       21384.60109      
0.89              -79757.39083      20356.17839      
0.895             -80751.86205      19319.41744      
0.9               -81745.11195      18275.52019      
0.905             -82736.8553       17220.30737      
0.91              -83726.75697      16155.65787      
0.915             -84714.43379      15076.71477      
0.92              -85699.46519      13986.19292      
0.925             -86681.41124      12879.06986      
0.93              -87659.82962      11758.96107      
0.935             -88634.28359      10621.50202      
0.94              -89604.35219      9471.088319      
0.945             -90569.65245      8305.092286      
0.95              -91529.87226      7128.307914      
0.955             -92484.79419      5940.973201      
0.96              -93434.31251      4747.599565      
0.965             -94378.4432       3552.180331      
0.97              -95317.33614      2358.015761      
0.975             -96251.28578      1173.150948      
0.98              -97180.73634      -1.335221603     
0.985             -98106.27794      -1153.883372     
0.99              -99028.63605      -2286.507169     
0.995             -99948.6567       -3385.571631     
1                 -100867.2818      -4456.593243     
1.005             -101785.5222      -5485.993686     
1.01              -102704.4228      -6482.543777     
1.015             -103625.0192      -7435.084905     
1.02              -104548.3155      -8354.589055     
1.025             -105475.236       -9234.210495     
1.03              -106406.5891      -10085.64297     
1.035             -107343.0405      -10907.35434     
1.04              -108285.0944      -11709.81047     
1.045             -109233.0797      -12496.55691     
1.05              -110187.1456      -13275.20949     
1.055             -111147.272       -14053.07858     
1.06              -112113.2798      -14833.93092     
1.065             -113084.8553      -15626.86162     
1.07              -114061.576       -16431.63337     
1.075             -115042.9417      -17257.07382     
1.08              -116028.3943      -18099.6404      
1.085             -117017.3625      -18966.38299     
1.09              -118009.2845      -19851.6396      
1.095             -119003.6186      -20760.0014      
1.1               -119999.8681      -21685.11253     
1.105             -120997.5938      -22629.14276     
1.11              -121996.4191      -23586.24749     
1.115             -122996.0359      -24556.74295     
1.12              -123996.1918      -25536.08342     
1.125             -124996.6902      -26523.56924     
1.13              -125997.3889      -27516.07982     
1.135             -126998.1879      -28512.59779     
1.14              -127999.022       -29511.38436     
1.145             -128999.8522      -30511.571       
1.15              -130000.6595      -31512.40366     
1.155             -131001.4378      -32513.34805     
1.16              -132002.1897      -33514.22539     
1.165             -133002.9221      -34514.81209     
1.17              -134003.6441      -35515.16761     
1.175             -135004.3641      -36515.293       
1.18              -136005.0896      -37515.29024     
1.185             -137005.8256      -38515.24129     
1.19              -138006.5756      -39515.19214     
1.195             -139007.3403      -40515.22152     
1.2               -140008.119       -41515.31428     
1.205             -141008.9092      -42515.50208     
1.21              -142009.7075      -43515.73977     
1.215             -143010.5097      -44515.99972     
1.22              -144011.3115      -45516.24291     
1.225             -145012.1086      -46516.41407     
1.23              -146012.8972      -47516.50284     
1.235             -147013.6742      -48516.45689     
1.24              -148014.4373      -49516.30086     
1.245             -149015.1852      -50516.00017     
1.25              -150015.9179      -51515.59711     
1.255             -151016.6361      -52515.08246     
1.26              -152017.3416      -53514.49967     
1.265             -153018.0372      -54513.83178     
1.27              -154018.7269      -55513.11057     
1.275             -155019.415       -56512.52451     
1.28              -156020.1074      -57512.10386     
1.285             -157020.8106      -58511.80901     
1.29              -158021.5329      -59511.58809     
1.295             -159022.2841      -60511.25218     
1.3               -160023.0738      -61510.86022     
1.305             -161023.923       -62510.29407     
1.31              -162024.8532      -63509.7705      
1.315             -163025.8898      -64509.28616     
1.32              -164027.0696      -65508.75177     
1.325             -165028.4393      -66507.76775     
1.33              -166030.0602      -67506.33398     
1.335             -167032.0097      -68504.41844     
1.34              -168034.3857      -69502.15472     
1.345             -169037.3068      -70499.20216     
1.35              -170040.9272      -71495.389       
1.355             -171045.4278      -72490.12453     
1.36              -172051.0219      -73483.65896     
1.365             -173057.9587      -74475.32764     
1.37              -174066.5347      -75465.21891     
1.375             -175077.0813      -76451.8975      
1.38              -176089.9621      -77435.96547     
1.385             -177105.5866      -78415.20369     
1.39              -178124.3841      -79390.65099     
1.395             -179146.8102      -80359.77541     
1.4               -180173.3223      -81323.78189     
1.405             -181204.3716      -82279.04738     
1.41              -182240.3873      -83226.99941     
1.415             -183281.7481      -84162.98532     
1.42              -184328.7587      -85089.16192     
1.425             -185381.623       -85999.93947     
1.43              -186440.4205      -86898.24479     
1.435             -187505.0783      -87777.04329     
1.44              -188575.3457      -88640.07953     
1.445             -189650.7746      -89479.19785     
1.45              -190730.7031      -90299.17133     
1.455             -191814.2485      -91090.72466     
1.46              -192900.3072      -91859.6991      
1.465             -193987.569       -92595.71912     
1.47              -195074.5296      -93305.70215     
1.475             -196159.5252      -93978.97785     
1.48              -197240.7953      -94623.5873      
1.485             -198316.516       -95228.61289     
1.49              -199384.8578      -95802.96044     
1.495             -200444.0609      -96336.24389     
1.5               -201492.506       -96838.00736     
1.505             -202528.7787      -97297.8624      
1.51              -203551.7334      -97725.62485     
1.515             -204560.5437      -98112.35501     
1.52              -205554.7481      -98468.08286     
1.525             -206534.2792      -98785.60658     
1.53              -207499.4752      -99074.657       
1.535             -208451.0633      -99328.77954     
1.54              -209390.1693      -99557.24319     
1.545             -210318.1915      -99754.89354     
1.55              -211236.8738      -99929.66813     
1.555             -212148.1488      -100078.5007     
1.56              -213054.0471      -100208.604      
1.565             -213956.7531      -100317.9106     
1.57              -214858.3507      -100412.3383     
1.575             -215760.7842      -100490.455      
1.58              -216665.8713      -100556.8792     
1.585             -217575.213       -100610.9944     
1.59              -218490.1437      -100656.0196     
1.595             -219411.7082      -100692.2265     
1.6               -220340.668       -100722.586      
1.605             -221277.4472      -100747.0053     
1.61              -222222.2099      -100767.1579     
1.615             -223174.8699      -100783.0446     
1.62              -224135.1246      -100796.1255     
1.625             -225102.4873      -100806.5873     
1.63              -226076.3655      -100815.9064     
1.635             -227056.0085      -100822.63       
1.64              -228040.6987      -100828.8265     
1.645             -229029.6572      -100833.9964     
1.65              -230022.1401      -100838.4194     
1.655             -231017.4648      -100842.2293     
1.66              -232014.9909      -100845.4862     
1.665             -233014.1495      -100848.3749     
1.67              -234014.4685      -100851.1163     
1.675             -235015.5607      -100853.6792     
1.68              -236017.1105      -100856.0949     
1.685             -237018.8714      -100858.2346     
1.69              -238020.6638      -100860.1407     
1.695             -239022.3671      -100861.9512     
1.7               -240023.9041      -100863.7455     
1.705             -241025.232       -100865.5439     
1.71              -242026.3348      -100867.3525     
1.715             -243027.2171      -100869.0246     
1.72              -244027.8954      -100870.5506     
1.725             -245028.3806      -100871.8936     
1.73              -246028.7376      -100873.2829     
1.735             -247028.972       -100874.6721     
1.74              -248029.0884      -100875.9874     
1.745             -249029.1154      -100877.2126     
1.75              -250029.0681      -100878.3338     
1.755             -251028.9807      -100879.3771     
1.76              -252028.8442      -100880.3496     
1.765             -253028.6372      -100881.1734     
1.77              -254028.3487      -100881.8745     
1.775             -255027.9028      -100882.2263     
1.78              -256027.4447      -100882.7731     
1.785             -257026.7578      -100882.9576     
1.79              -258025.7652      -100882.7425     
1.795             -259024.4802      -100882.2276     
1.8               -260022.8119      -100881.5237     
1.805             -261020.6128      -100880.221      
1.81              -262017.7442      -100878.3773     
1.815             -263014.0535      -100875.7612     
1.82              -264009.335       -100872.5518     
1.825             -265003.3339      -100868.3975     
1.83              -265995.759       -100863.4969     
1.835             -266986.2686      -100857.2853     
1.84              -267974.4497      -100850.0072     
1.845             -268959.809       -100841.104      
1.85              -269941.7708      -100830.9304     
1.855             -270919.668       -100818.7522     
1.86              -271892.7288      -100804.9883     
1.865             -272860.0634      -100788.9162     
1.87              -273820.6555      -100771.0607     
1.875             -274773.344       -100750.7018     
1.88              -275716.8279      -100728.4677     
1.885             -276649.6552      -100703.5318     
1.89              -277570.2057      -100676.4805     
1.895             -278476.6931      -100646.8035     
1.9               -279367.158       -100615.172      
1.905             -280239.4698      -100581.3567     
1.91              -281091.3301      -100545.9947     
1.915             -281920.2727      -100508.8077     
1.92              -282723.6939      -100470.2767     
1.925             -283498.863       -100430.8826     
1.93              -284242.9175      -100390.9883     
1.935             -284952.907       -100351.5187     
1.94              -285625.8217      -100312.567      
1.945             -286258.6244      -100275.1529     
1.95              -286848.2865      -100239.0387     
1.955             -287391.8199      -100205.8201     
1.96              -287886.3383      -100175.0027     
1.965             -288329.0921      -100148.6182     
1.97              -288717.4947      -100125.7688     
1.975             -289049.1917      -100108.354      
1.98              -289322.1422      -100095.2217     
1.985             -289534.4821      -100088.0838     
1.99              -289684.723       -100085.5072     
1.995             -289771.8144      -100089.44       
2                 -289795.0683      -100098.398      
2.005             -289754.1829      -100113.5719     
2.01              -289649.2045      -100133.0928     
2.015             -289480.6768      -100157.9669     
2.02              -289249.5516      -100186.9937     
2.025             -288957.1598      -100220.0443     
2.03              -288605.2093      -100255.8581     
2.035             -288195.7522      -100294.1473     
2.04              -287731.1376      -100334.101      
2.045             -287213.9731      -100375.45       
2.05              -286647.0844      -100417.8699     
2.055             -286033.4818      -100459.9212     
2.06              -285376.3032      -100501.4086     
2.065             -284678.7704      -100541.0929     
2.07              -283944.1254      -100579.2804     
2.075             -283175.5975      -100615.0858     
2.08              -282376.3603      -100649.1419     
2.085             -281549.4928      -100680.1747     
2.09              -280697.9498      -100708.815      
2.095             -279824.5368      -100734.31       
2.1               -278931.8806      -100757.4863     
2.105             -278022.3862      -100777.7089     
2.11              -277098.3546      -100796.0917     
2.115             -276161.7886      -100811.8598     
2.12              -275214.5294      -100825.6174     
2.125             -274258.2273      -100837.2908     
2.13              -273294.324       -100847.4487     
2.135             -272324.0906      -100856.1647     
2.14              -271348.6059      -100863.7864     
2.145             -270368.7979      -100870.3685     
2.15              -269385.4579      -100876.2472     
2.155             -268399.2499      -100881.4272     
2.16              -267410.7247      -100886.0463     
2.165             -266420.329       -100890.0891     
2.17              -265428.4471      -100893.7768     
2.175             -264435.3753      -100897.1894     
2.18              -263441.3496      -100900.3541     
2.185             -262446.5654      -100903.327      
2.19              -261451.1746      -100906.1794     
2.195             -260455.2916      -100908.7762     
2.2               -259458.9995      -100911.1126     
2.205             -258462.3612      -100913.2129     
2.21              -257465.4232      -100915.1518     
2.215             -256468.2179      -100916.9309     
2.22              -255470.7694      -100918.598      
2.225             -254473.0566      -100920.1158     
2.23              -253475.0972      -100921.5416     
2.235             -252476.8883      -100922.7729     
2.24              -251478.4034      -100923.8265     
2.245             -250479.6064      -100924.6862     
2.25              -249480.4507      -100925.3994     
2.255             -248480.881       -100926.0247     
2.26              -247480.8332      -100926.6093     
2.265             -246480.2334      -100927.1203     
2.27              -245478.9944      -100927.5582     
2.275             -244477.0006      -100927.6952     
2.28              -243474.1662      -100927.6049     
2.285             -242470.3327      -100927.3469     
2.29              -241465.3078      -100926.9568     
2.295             -240458.9237      -100926.3565     
2.3               -239450.9893      -100925.5572     
2.305             -238441.2777      -100924.2699     
2.31              -237429.5378      -100922.5018     
2.315             -236415.5066      -100920.0377     
2.32              -235398.8953      -100916.9707     
2.325             -234379.4062      -100912.9493     
2.33              -233356.7099      -100908.0953     
2.335             -232330.4751      -100902.0418     
2.34              -231300.3798      -100894.9265     
2.345             -230266.1066      -100886.0511     
2.35              -229227.3444      -100875.5915     
2.355             -228183.7901      -100862.3512     
2.36              -227135.1609      -100846.6301     
2.365             -226081.1989      -100827.4667     
2.37              -225021.7048      -100805.4186     
2.375             -223956.5217      -100779.0341     
2.38              -222885.5892      -100748.9489     
2.385             -221808.9109      -100712.8727     
2.39              -220726.5892      -100671.6378     
2.395             -219638.8211      -100622.7286     
2.4               -218545.9194      -100567.3837     
2.405             -217448.3096      -100502.5568     
2.41              -216346.5413      -100429.8581     
2.415             -215241.2824      -100345.4296     
2.42              -214133.326       -100251.2812     
2.425             -213023.596       -100142.7436     
2.43              -211913.1038      -100022.4011     
2.435             -210802.9566      -99885.18624     
2.44              -209694.3575      -99734.21695     
2.445             -208588.5603      -99563.64098     
2.45              -207486.87        -99377.15363     
2.455             -206390.603       -99167.99628     
2.46              -205301.0859      -98940.78604     
2.465             -204219.5949      -98688.26851     
2.47              -203147.3293      -98415.70573     
2.475             -202085.419       -98115.42402     
2.48              -201034.8647      -97793.39188     
2.485             -199996.5084      -97441.49216     
2.49              -198971.0251      -97066.2722      
2.495             -197958.9068      -96659.5535      
2.5               -196960.4401      -96228.49579     
2.505             -195975.6998      -95764.94779     
2.51              -195004.5395      -95276.48855     
2.515             -194046.6003      -94755.12897     
2.52              -193101.3096      -94208.85923     
2.525             -192167.9029      -93629.49705     
2.53              -191245.431       -93025.74085     
2.535             -190332.795       -92390.74259     
2.54              -189428.7609      -91732.07159     
2.545             -188531.9957      -91043.33304     
2.55              -187641.0955      -90332.29821     
2.555             -186754.623       -89593.51459     
2.56              -185871.1231      -88834.25964     
2.565             -184989.1759      -88049.7541      
2.57              -184107.429       -87246.8041      
2.575             -183224.6016      -86421.52033     
2.58              -182339.5129      -85580.0629      
2.585             -181451.1148      -84719.188       
2.59              -180558.4905      -83844.31189     
2.595             -179660.8699      -82952.94455     
2.6               -178757.6429      -82049.8205      
2.605             -177848.3484      -81133.09746     
2.61              -176932.6633      -80206.7597      
2.615             -176010.4092      -79269.40964     
2.62              -175081.5431      -78324.32152     
2.625             -174146.1367      -77370.53208     
2.63              -173204.3582      -76410.68258     
2.635             -172256.4627      -75444.07164     
2.64              -171302.7775      -74472.91499     
2.645             -170343.6726      -73496.77973     
2.65              -169379.552       -72517.166       
2.655             -168410.8449      -71533.82156     
2.66              -167437.9911      -70547.95555     
2.665             -166461.4267      -69559.45248     
2.67              -165481.5734      -68569.19186     
2.675             -164498.8323      -67577.0696      
2.68              -163513.5794      -66583.67052     
2.685             -162526.1611      -65589.00593     
2.69              -161536.8921      -64593.51838     
2.695             -160546.0545      -63597.17449     
2.7               -159553.8935      -62600.35866     
2.705             -158560.6354      -61602.76526     
2.71              -157566.4711      -60604.72327     
2.715             -156571.5626      -59606.32368     
2.72              -155576.0512      -58607.67055     
2.725             -154580.0583      -57608.67123     
2.73              -153583.6882      -56609.38471     
2.735             -152587.0234      -55609.99522     
2.74              -151590.148       -54610.23426     
2.745             -150593.1359      -53609.98171     
2.75              -149596.0521      -52609.51661     
2.755             -148598.9575      -51608.71458     
2.76              -147601.911       -50607.56977     
2.765             -146604.9723      -49605.92594     
2.77              -145608.2018      -48603.83177     
2.775             -144611.6629      -47601.13063     
2.78              -143615.4236      -46597.96804     
2.785             -142619.5571      -45593.90623     
2.79              -141624.1432      -44589.04205     
2.795             -140629.269       -43583.02375     
2.8               -139635.0305      -42576.02228     
2.805             -138641.5329      -41567.7611      
2.81              -137648.8912      -40558.4534      
2.815             -136657.2309      -39547.43974     
2.82              -135666.6886      -38535.03079     
2.825             -134677.4093      -37520.48445     
2.83              -133689.5554      -36503.86288     
2.835             -132703.3034      -35484.83599     
2.84              -131718.8321      -34464.44675     
2.845             -130736.3362      -33441.52879     
2.85              -129756.0249      -32416.35362     
2.855             -128778.1079      -31387.933       
2.86              -127802.8097      -30356.55638     
2.865             -126830.3548      -29321.79971     
2.87              -125860.9772      -28284.35302     
2.875             -124894.9092      -27243.5416      
2.88              -123932.3763      -26200.35508     
2.885             -122973.605       -25153.45795     
2.89              -122018.813       -24103.66688     
2.895             -121068.2067      -23050.39934     
2.9               -120121.9686      -21994.90642     
2.905             -119180.2653      -20936.57933     
2.91              -118243.2403      -19876.19215     
2.915             -117311.0065      -18813.54429     
2.92              -116383.645       -17749.39158     
2.925             -115461.2007      -16683.97582     
2.93              -114543.6791      -15617.92923     
2.935             -113631.0439      -14551.77236     
2.94              -112723.2142      -13485.86286     
2.945             -111820.0626      -12421.15544     
2.95              -110921.4146      -11357.74722     
2.955             -110027.0477      -10297.09174     
2.96              -109136.6917      -9238.953686     
2.965             -108250.0301      -8185.089165     
2.97              -107366.7023      -7134.858057     
2.975             -106486.306       -6090.277544     
2.98              -105608.4013      -5050.331011     
2.985             -104732.515       -4017.281614     
2.99              -103858.1459      -2989.764469     
2.995             -102984.7706      -1970.118679     
3                 -102111.8501      -956.6511611     
3.005             -101238.839       48.48085515      
3.01              -100365.1822      1046.968185      
3.015             -99490.33418      2036.906295      
3.02              -98613.76335      3020.457294      
3.025             -97734.95772      3995.840346      
3.03              -96853.42394      4964.909534      
3.035             -95968.70706      5926.545141      
3.04              -95080.38679      6882.728505      
3.045             -94188.08753      7832.421116      
3.05              -93291.46311      8777.661595      
3.055             -92390.22917      9717.954888      
3.06              -91484.16009      10654.8583       
3.065             -90573.07849      11588.33179      
3.07              -89656.8517       12519.64745      
3.075             -88735.39795      13449.24173      
3.08              -87808.68409      14377.94658      
3.085             -86876.74325      15306.50204      
3.09              -85939.64512      16235.30877      
3.095             -84997.47433      17165.42368      
3.1               -84050.36593      18096.81509      
3.105             -83098.50298      19030.64057      
3.11              -82142.09521      19966.5903       
3.115             -81181.36749      20905.86831      
3.12              -80216.56003      21847.84138      
3.125             -79247.92785      22793.62499      
3.13              -78275.73847      23742.43011      
3.135             -77300.25776      24695.34957      
3.14              -76321.74443      25651.47877      
3.145             -75340.48041      26611.71904      
3.15              -74356.72748      27575.06581      
3.155             -73370.72574      28542.34458      
3.16              -72382.70808      29512.53306      
3.165             -71392.9008       30486.18         
3.17              -70401.51702      31462.32696      
3.175             -69408.75262      32441.65105      
3.18              -68414.78624      33423.32922      
3.185             -67419.78058      34407.50984      
3.19              -66423.88294      35393.40867      
3.195             -65427.22517      36381.19326      
3.2               -64429.92401      37370.28695      
3.205             -63432.08185      38361.01475      
3.21              -62433.78762      39352.94143      
3.215             -61435.11775      40346.02639      
3.22              -60436.13703      41339.86205      
3.225             -59436.89958      42334.3792       
3.23              -58437.44965      43329.31415      
3.235             -57437.82258      44324.70289      
3.24              -56438.0454       45320.39809      
3.245             -55438.13748      46316.16589      
3.25              -54438.11114      47311.88391      
3.255             -53437.97185      48307.43278      
3.26              -52437.71847      49302.80875      
3.265             -51437.34368      50297.79921      
3.27              -50436.83364      51292.43922      
3.275             -49436.16831      52286.24891      
3.28              -48435.32124      53279.30646      
3.285             -47434.25944      54271.253        
3.29              -46432.94343      55262.29921      
3.295             -45431.32683      56251.81485      
3.3               -44429.35665      57240.05025      
3.305             -43426.97277      58226.17868      
3.31              -42424.10814      59210.51003      
3.315             -41420.6888       60192.16393      
3.32              -40416.63404      61171.67647      
3.325             -39411.85665      62147.57876      
3.33              -38406.26303      63120.66002      
3.335             -37399.75363      64089.36689      
3.34              -36392.2244       65054.45389      
3.345             -35383.56733      66014.00216      
3.35              -34373.67245      66969.09115      
3.355             -33362.43489      67917.40343      
3.36              -32349.73275      68860.2476       
3.365             -31335.46115      69794.85072      
3.37              -30319.53129      70722.85329      
3.375             -29301.85719      71641.0068       
3.38              -28282.3563       72551.28884      
3.385             -27260.96325      73449.95673      
3.39              -26237.63246      74339.38244      
3.395             -25212.34164      75215.30871      
3.4               -24185.09233      76080.53541      
3.405             -23155.91149      76930.26273      
3.41              -22124.8543       77767.74711      
3.415             -21092.0067       78587.69489      
3.42              -20057.48713      79393.85095      
3.425             -19021.44658      80180.46516      
3.43              -17984.06992      80951.7707       
3.435             -16945.57756      81701.60448      
3.44              -15906.20584      82434.7009       
3.445             -14866.25911      83144.48745      
3.45              -13826.03393      83836.19742      
3.455             -12785.87123      84502.98045      
3.46              -11746.13256      85150.62922      
3.465             -10707.18265      85772.27157      
3.47              -9669.407316      86373.62966      
3.475             -8633.196747      86947.90997      
3.48              -7598.940525      87501.43818      
3.485             -6567.02075       88027.35977      
3.49              -5537.805596      88532.15433      
3.495             -4511.642074      89009.12849      
3.5               -3488.848834      89464.8705       
3.505             -2469.712464      89893.07717      
3.51              -1454.479655      90300.37533      
3.515             -443.3530885      90680.79956      
3.52              563.5143247       91040.92516      
3.525             1566.020566       91375.24925      
3.53              2564.118702       91690.08852      
3.535             3557.814929       91980.72304      
3.54              4547.17352        92253.13176      
3.545             5532.313341       92502.91624      
3.55              6513.405485       92735.73039      
3.555             7490.652905       92947.76895      
3.56              8464.351928       93144.43988      
3.565             9434.8101         93322.29278      
3.57              10402.32726       93486.37043      
3.575             11367.2695        93633.38002      
3.58              12330.03412       93768.24129      
3.585             13291.04554       93888.97576      
3.59              14250.6992        93999.35592      
3.595             15209.38979       94097.19296      
3.6               16167.51706       94185.85157      
3.605             17125.4687        94264.08197      
3.61              18083.60991       94334.70511      
3.615             19042.27794       94396.6872       
3.62              20001.78301       94452.37486      
3.625             20962.40512       94500.99278      
3.63              21924.38795       94544.49258      
3.635             22887.9393        94582.31142      
3.64              23853.22799       94616.01858      
3.645             24820.3865        94645.24415      
3.65              25789.51076       94671.24763      
3.655             26760.66016       94693.76085      
3.66              27733.86256       94713.76724      
3.665             28709.11171       94731.06586      
3.67              29686.34923       94746.40441      
3.675             30665.55627       94759.68319      
3.68              31646.6212        94771.47585      
3.685             32629.43688       94781.68252      
3.69              33613.91376       94790.74877      
3.695             34599.91264       94798.5951       
3.7               35587.27876       94805.57169      
3.705             36575.8869        94811.58869      
3.71              37565.57537       94816.90792      
3.715             38556.17371       94821.44813      
3.72              39547.51744       94825.41443      
3.725             40539.43745       94828.68968      
3.73              41531.75937       94831.4482       
3.735             42524.30185       94833.5571       
3.74              43516.87966       94835.17009      
3.745             44509.30467       94836.14774      
3.75              45501.38151       94836.64208      
3.755             46492.90806       94836.47445      
3.76              47483.65225       94835.78703      
3.765             48473.39091       94834.37439      
3.77              49461.88516       94832.39975      
3.775             50448.87175       94829.63675      
3.78              51434.05774       94826.26107      
3.785             52417.12423       94822.01398      
3.79              53397.72644       94817.09038      
3.795             54375.48465       94811.21454      
3.8               55349.98308       94804.60327      
3.805             56320.76698       94796.96737      
3.81              57287.33956       94788.54266      
3.815             58249.15821       94779.03534      
3.82              59205.62975       94768.70018      
3.825             60156.10847       94757.24944      
3.83              61099.89003       94744.95352      
3.835             62036.21339       94731.54875      
3.84              62964.25682       94717.30823      
3.845             63883.13775       94702.00722      
3.85              64791.91046       94685.9175       
3.855             65689.56572       94668.86888      
3.86              66575.03065       94651.11717      
3.865             67447.16949       94632.56664      
3.87              68304.78501       94613.44494      
3.875             69146.62056       94593.74425      
3.88              69971.36299       94573.6485       
3.885             70777.64378       94553.24872      
3.89              71564.0501        94532.67152      
3.895             72329.12625       94512.12241      
3.9               73071.37833       94491.65456      
3.905             73789.28291       94471.58772      
3.91              74481.29464       94451.88706      
3.915             75145.85522       94432.98386      
3.92              75781.40312       94414.74903      
3.925             76386.38324       94397.71151      
3.93              76959.2578        94381.64254      
3.935             77498.5173        94367.15542      
3.94              78002.69179       94353.92092      
3.945             78470.36411       94342.61761      
3.95              78900.17662       94332.82118      
3.955             79290.84869       94325.23846      
3.96              79641.18596       94319.36423      
3.965             79950.09041       94315.90271      
3.97              80216.57091       94314.28405      
3.975             80439.75232       94315.17987      
3.98              80618.88539       94317.97862      
3.985             80753.35269       94323.2846       
3.99              80842.67697       94330.47096      
3.995             80886.52327       94340.04615      
4                 80884.70503       94351.39514      
4.005             80837.18471       94364.91334      
4.01              80744.07243       94380.02525      
4.015             80605.62749       94396.9895       
4.02              80422.25985       94415.29661      
4.025             80194.53224       94435.06525      
4.03              79923.15613       94455.87422      
4.035             79608.97923       94477.71515      
4.04              79252.9656        94500.27141      
4.045             78856.18216       94523.41196      
4.05              78419.7935        94546.93186      
4.055             77945.05319       94570.59052      
4.06              77433.33783       94594.29755      
4.065             76886.09286       94617.73325      
4.07              76304.82854       94640.91731      
4.075             75691.0688        94663.47589      
4.08              75046.41574       94685.52632      
4.085             74372.50285       94706.66497      
4.09              73670.9338        94727.09185      
4.095             72943.32248       94746.39683      
4.1               72191.29508       94764.84006      
4.105             71416.45464       94782.03781      
4.11              70620.36585       94798.29335      
4.115             69804.55337       94813.26008      
4.12              68970.49413       94827.26388      
4.125             68119.61588       94839.9967       
4.13              67253.2879        94851.7874       
4.135             66372.81428       94862.37377      
4.14              65479.4313        94872.07001      
4.145             64574.30502       94880.67306      
4.15              63658.52984       94888.4722       
4.155             62733.1265        94895.31859      
4.16              61799.0416        94901.46707      
4.165             60857.14198       94906.80682      
4.17              59908.24448       94911.55212      
4.175             58953.08671       94915.62754      
4.18              57992.33038       94919.20853      
4.185             57026.55371       94922.24981      
4.19              56056.29326       94924.89194      
4.195             55082.03972       94927.10194      
4.2               54104.21649       94928.98482      
4.205             53123.17608       94930.51045      
4.21              52139.23744       94931.76053      
4.215             51152.67866       94932.7061       
4.22              50163.72481       94933.41152      
4.225             49172.53239       94933.82865      
4.23              48179.25731       94933.99717      
4.235             47184.02584       94933.86279      
4.24              46186.92693       94933.47082      
4.245             45188.02183       94932.7219       
4.25              44187.3458        94931.65413      
4.255             43184.91402       94930.13953      
4.26              42180.72306       94928.23036      
4.265             41174.75889       94925.74731      
4.27              40166.97316       94922.76079      
4.275             39157.3064        94919.01942      
4.28              38145.69429       94914.61421      
4.285             37132.06646       94909.22049      
4.29              36116.35032       94902.96835      
4.295             35098.46729       94895.4354       
4.3               34078.34056       94886.8005       
4.305             33055.89892       94876.51308      
4.31              32031.07294       94864.81062      
4.315             31003.80215       94851.00503      
4.32              29974.03491       94835.41509      
4.325             28941.73164       94817.17923      
4.33              27906.86697       94796.71233      
4.335             26869.43159       94772.94397      
4.34              25829.43473       94746.40817      
4.345             24786.90623       94715.8013       
4.35              23741.89902       94681.80464      
4.355             22694.49085       94642.84436      
4.36              21644.78625       94599.77696      
4.365             20592.91751       94550.72581      
4.37              19539.05969       94496.75299      
4.375             18483.39289       94435.64879      
4.38              17426.13327       94368.71336      
4.385             16367.53134       94293.38181      
4.39              15307.86622       94211.21434      
4.395             14247.44248       94119.24707      
4.4               13186.59291       94019.35094      
4.405             12125.67249       93908.15955      
4.41              11065.05911       93787.87705      
4.415             10005.14751       93654.72512      
4.42              8946.347698       93511.26934      
4.425             7889.079212       93353.34858      
4.43              6833.759928       93183.90159      
4.435             5780.836565       92998.36099      
4.44              4730.735289       92800.06326      
4.445             3683.842121       92584.04965      
4.45              2640.543703       92354.06479      
4.455             1601.257069       92104.82552      
4.46              566.3297012       91840.4738       
4.465             -463.9293119      91555.43047      
4.47              -1489.228164      91254.23177      
4.475             -2509.308559      90931.05332      
4.48              -3523.962549      90590.78755      
4.485             -4533.027641      90227.4589       
4.49              -5536.391993      89846.28993      
4.495             -6533.989559      89441.20553      
4.5               -7525.809776      89017.71018      
4.505             -8511.889789      88569.69729      
4.51              -9492.324656      88102.88951      
4.515             -10467.25346      87611.26636      
4.52              -11436.87217      87100.71757      
4.525             -12401.41446      86565.34346      
4.53              -13361.16532      86011.1138       
4.535             -14316.44197      85432.35431      
4.54              -15267.60323      84835.04214      
4.545             -16215.03163      84213.79861      
4.55              -17159.13822      83574.58613      
4.555             -18100.35431      82911.88179      
4.56              -19039.12009      82232.07155      
4.565             -19975.88523      81530.50979      
4.57              -20911.10223      80812.41613      
4.575             -21845.21942      80073.49237      
4.58              -22778.676        79319.1733       
4.585             -23711.89748      78545.68483      
4.59              -24645.30514      77758.02437      
4.595             -25579.25604      76952.66863      
4.6               -26514.11567      76134.25635      
4.605             -27450.21874      75299.83603      
4.61              -28387.86033      74453.68469      
4.615             -29327.30168      73593.21477      
4.62              -30268.7534       72722.26067      
4.625             -31212.44363      71838.69828      
4.63              -32158.50767      70945.91351      
4.635             -33107.05721      70042.05285      
4.64              -34058.17831      69130.17416      
4.645             -35011.94237      68208.72651      
4.65              -35968.39139      67280.43467      
4.655             -36927.47382      66343.96899      
4.66              -37889.18015      65401.69161      
4.665             -38853.43751      64452.44135      
4.67              -39820.17652      63498.32226      
4.675             -40789.30976      62538.53652      
4.68              -41760.71293      61574.65209      
4.685             -42734.2505       60606.01253      
4.69              -43709.78023      59633.99066      
4.695             -44687.15208      58658.05538      
4.7               -45666.20755      57679.34711      
4.705             -46646.77979      56697.40664      
4.71              -47628.69809      55713.1293       
4.715             -48611.78911      54726.20669      
4.72              -49595.87792      53737.4165       
4.725             -50580.78742      52746.43001      
4.73              -51566.34192      51753.85276      
4.735             -52552.36393      50759.35934      
4.74              -53538.67809      49763.45303      
4.745             -54525.10833      48765.87515      
4.75              -55511.48452      47767.17348      
4.755             -56497.62917      46766.88841      
4.76              -57483.36084      45765.25988      
4.765             -58468.50713      44762.24823      
4.77              -59452.90051      43758.53129      
4.775             -60436.36049      42753.27376      
4.78              -61418.7063       41746.63208      
4.785             -62399.75892      40738.49522      
4.79              -63379.33713      39729.41253      
4.795             -64357.25732      38718.77711      
4.8               -65333.33388      37706.80737      
4.805             -66307.37938      36693.23974      
4.81              -67279.20438      35678.49644      
4.815             -68248.61831      34662.13603      
4.82              -69215.4296       33644.53527      
4.825             -70179.44595      32625.06745      
4.83              -71140.47618      31604.16753      
4.835             -72098.33034      30581.44296      
4.84              -73052.82172      29557.34556      
4.845             -74003.76706      28531.69395      
4.85              -74950.99114      27505.04211      
4.855             -75894.32081      26476.45092      
4.86              -76833.59285      25446.30577      
4.865             -77768.65401      24414.47378      
4.87              -78699.36078      23381.33528      
4.875             -79625.58947      22347.08401      
4.88              -80547.22684      21311.95064      
4.885             -81464.17848      20275.5139       
4.89              -82376.36604      19238.19597      
4.895             -83283.73593      18199.93044      
4.9               -84186.25408      17161.07648      
4.905             -85083.912        16121.81641      
4.91              -85976.72568      15082.39794      
4.915             -86864.73782      14042.98126      
4.92              -87748.01878      13003.6739       
4.925             -88626.66712      11964.83707      
4.93              -89500.81018      10926.50465      
4.935             -90370.60444      9889.23715       
4.94              -91236.23522      8852.942382      
4.945             -92097.91664      7818.275725      
4.95              -92955.89061      6784.99248       
4.955             -93810.42611      5753.875664      
4.96              -94661.81766      4724.547184      
4.965             -95510.38402      3697.922101      
4.97              -96356.46597      2673.487158      
4.975             -97200.42436      1652.218286      
4.98              -98042.63755      633.4648081      
4.985             -98883.49874      -381.7275428     
4.99              -99723.41331      -1394.12268      
4.995             -100562.7955      -2402.69161      
5                 -101402.0652      -3408.301188     
5.005             -101731.5951      -4409.994579     
5.01              -101625.6178      -5408.449737     
5.015             -101417.1196      -6402.87979      
5.02              -101233.4541      -7394.426654     
5.025             -101070.2157      -8381.951977     
5.03              -100906.4232      -9366.303627     
5.035             -100741.429       -10346.96901     
5.04              -100580.8987      -11325.19009     
5.045             -100425.9783      -12299.93239     
5.05              -100275.3868      -13271.98161     
5.055             -100128.9591      -14241.12503     
5.06              -99987.37393      -15208.28106     
5.065             -99850.97139      -16172.86942     
5.07              -99719.76436      -17135.73124     
5.075             -99593.82522      -18096.67299     
5.08              -99473.30142      -19056.23845     
5.085             -99358.27206      -20014.55464     
5.09              -99248.73557      -20972.11916     
5.095             -99144.67         -21929.13136     
5.1               -99046.04877      -22885.57297     
5.105             -98952.82325      -23841.97771     
5.11              -98864.92575      -24798.37892     
5.115             -98782.27477      -25755.09745     
5.12              -98704.77169      -26712.25017     
5.125             -98632.2946       -27670.25908     
5.13              -98564.699        -28629.00478     
5.135             -98501.82379      -29588.86873     
5.14              -98443.49565      -30549.64002     
5.145             -98389.53004      -31511.84696     
5.15              -98339.73228      -32475.21782     
5.155             -98293.90037      -33440.25537     
5.16              -98251.82813      -34406.60084     
5.165             -98213.30719      -35374.59029     
5.17              -98178.12814      -36343.80515     
5.175             -98146.08186      -37314.68821     
5.18              -98116.96151      -38286.84646     
5.185             -98090.56468      -39260.44615     
5.19              -98066.69514      -40235.01211     
5.195             -98045.16328      -41210.95661     
5.2               -98025.78792      -42187.92589     
5.205             -98008.39672      -43166.1086      
5.21              -97992.82662      -44145.17562     
5.215             -97978.92499      -45125.3141      
5.22              -97966.55046      -46106.21984     
5.225             -97955.57323      -47087.25967     
5.23              -97945.87495      -48068.14262     
5.235             -97937.34883      -49048.77818     
5.24              -97929.89958      -50029.18769     
5.245             -97923.4433       -51009.44436     
5.25              -97917.90719      -51989.60805     
5.255             -97913.22959      -52968.8373      
5.26              -97909.35954      -53947.09975     
5.265             -97906.25653      -54923.61041     
5.27              -97903.89013      -55898.62912     
5.275             -97902.2396       -56871.49379     
5.28              -97901.29321      -57842.63579     
5.285             -97901.04758      -58810.95165     
5.29              -97901.50684      -59776.92661     
5.295             -97902.68184      -60739.16863     
5.3               -97904.58935      -61698.36483     
5.305             -97907.25158      -62653.03909     
5.31              -97910.69558      -63604.09643     
5.315             -97914.95263      -64549.74476     
5.32              -97920.05741      -65491.0609      
5.325             -97926.04686      -66425.89497     
5.33              -97932.95896      -67355.56405     
5.335             -97940.83195      -68277.70944     
5.34              -97949.70306      -69193.89039     
5.345             -97959.60789      -70101.39408     
5.35              -97970.57948      -71002.01908     
5.355             -97982.64705      -71892.70709     
5.36              -97995.83444      -72775.57246     
5.365             -98010.15935      -73647.24607     
5.37              -98025.63183      -74510.08698     
5.375             -98042.25341      -75360.44518     
5.38              -98060.01649      -76200.99836     
5.385             -98078.90335      -77027.62201     
5.39              -98098.88559      -77843.27682     
5.395             -98119.92336      -78643.48637     
5.4               -98141.96455      -79431.55384     
5.405             -98164.94526      -80202.58642     
5.41              -98188.78903      -80960.16701     
5.415             -98213.40685      -81698.73503     
5.42              -98238.69795      -82422.12718     
5.425             -98264.54935      -83123.81107     
5.43              -98290.83683      -83807.92137     
5.435             -98317.42564      -84466.50053     
5.44              -98344.17092      -85104.07822     
5.445             -98370.91926      -85710.52863     
5.45              -98397.50971      -86291.0122      
5.455             -98423.7751       -86832.42413     
5.46              -98449.54375      -87341.03547     
5.465             -98474.64102      -87800.11134     
5.47              -98498.8914       -88217.76321     
5.475             -98522.12064      -88573.41037     
5.48              -98544.15642      -88877.87448     
5.485             -98564.83154      -89107.35355     
5.49              -98583.9862       -89276.16894     
5.495             -98601.46857      -89358.81253     
5.5               -98617.13726      -89373.43688     
5.505             -98630.86315      -89295.29138     
5.51              -98642.5311       -89145.97965     
5.515             -98652.04142      -88903.8506      
5.52              -98659.311        -88592.51246     
5.525             -98664.2745       -88195.2714      
5.53              -98666.88527      -87735.8364      
5.535             -98667.11592      -87203.18654     
5.54              -98664.95884      -86619.0256      
5.545             -98660.42638      -85977.21274     
5.55              -98653.55055      -85295.80853     
5.555             -98644.3825       -84572.15681     
5.56              -98632.99146      -83820.02002     
5.565             -98619.46397      -83038.23174     
5.57              -98603.90207      -82236.47804     
5.575             -98586.42203      -81413.79669     
5.58              -98567.15247      -80576.75714     
5.585             -98546.23255      -79724.34773     
5.59              -98523.81021      -78861.14133     
5.595             -98500.04068      -77985.6236      
5.6               -98475.08408      -77101.14766     
5.605             -98449.10404      -76206.28778     
5.61              -98422.2657       -75303.81169     
5.615             -98394.73319      -74392.16891     
5.62              -98366.66725      -73473.70522     
5.625             -98338.22223      -72547.29105     
5.63              -98309.54508      -71615.03055     
5.635             -98280.77303      -70676.02051     
5.64              -98252.0325       -69732.07282     
5.645             -98223.43786      -68782.22926     
5.65              -98195.08999      -67828.0029      
5.655             -98167.07499      -66868.78864     
5.66              -98139.463        -65905.93552     
5.665             -98112.30716      -64938.97589     
5.67              -98085.64299      -63969.02537     
5.675             -98059.48769      -62995.62996     
5.68              -98033.83968      -62019.69677     
5.685             -98008.67811      -61040.80345     
5.69              -97983.96247      -60059.71641     
5.695             -97959.63212      -59076.21459     
5.7               -97935.60598      -58090.96401     
5.705             -97911.78223      -57103.65589     
5.71              -97888.03805      -56114.81391     
5.715             -97864.22951      -55124.30869     
5.72              -97840.19142      -54132.60375     
5.725             -97815.73722      -53139.40656     
5.73              -97790.65879      -52145.07144     
5.735             -97764.72629      -51149.35436     
5.74              -97737.68779      -50152.5954      
5.745             -97709.26887      -49154.69909     
5.75              -97679.172        -48155.98384     
5.755             -97647.07593      -47156.21139     
5.76              -97612.63487      -46155.62652     
5.765             -97575.47765      -45154.01455     
5.77              -97535.20663      -44151.62148     
5.775             -97491.39709      -43148.244       
5.78              -97443.5949       -42144.22118     
5.785             -97391.31642      -41139.35535     
5.79              -97334.04798      -40133.80195     
5.795             -97271.24508      -39127.38118     
5.8               -97202.33183      -38120.31431     
5.805             -97126.70053      -37112.49054     
5.81              -97043.71128      -36104.12169     
5.815             -96952.69186      -35095.05035     
5.82              -96852.93478      -34085.53751     
5.825             -96743.70392      -33075.50465     
5.83              -96624.23369      -32064.84443     
5.835             -96493.72696      -31053.64773     
5.84              -96351.35819      -30042.2528      
5.845             -96196.27626      -29030.51786     
5.85              -96027.60728      -28018.44974     
5.855             -95844.45805      -27006.12668     
5.86              -95645.92036      -25993.64521     
5.865             -95431.07675      -24981.1309      
5.87              -95199.00511      -23968.73698     
5.875             -94948.78353      -22956.60208     
5.88              -94679.50608      -21944.30447     
5.885             -94390.27995      -20932.33106     
5.89              -94080.23856      -19920.65265     
5.895             -93748.54621      -18909.58958     
5.9               -93394.40363      -17899.1168      
5.905             -93017.05647      -16889.43508     
5.91              -92615.80444      -15880.33706     
5.915             -92190.00754      -14872.04208     
5.92              -91739.08573      -13864.34848     
5.925             -91262.51051      -12857.84711     
5.93              -90759.79178      -11852.36107     
5.935             -90230.46765      -10848.1919      
5.94              -89674.09672      -9845.007598     
5.945             -89090.24905      -8843.051833     
5.95              -88478.49121      -7841.991938     
5.955             -87838.36502      -6842.370628     
5.96              -87169.365        -5843.89722      
5.965             -86470.91925      -4846.966961     
5.97              -85742.37477      -3851.203219     
5.975             -84982.98806      -2856.837973     
5.98              -84191.92041      -1863.485819     
5.985             -83368.23991      -871.494572      
5.99              -82510.93195      119.4684206      
5.995             -81618.91815      1109.117269      
6                 -80691.08125      2097.809531      
6.005             -79726.30337      3085.367092      
6.01              -78723.51207      4072.108061      
6.015             -77681.70399      5057.8944        
6.02              -76599.98961      6043.005039      
6.025             -75477.65962      7027.36439       
6.03              -74314.21737      8011.141665      
6.035             -73109.38489      8994.389482      
6.04              -71863.14407      9977.306506      
6.045             -70575.74827      10959.88801      
6.05              -69247.72082      11942.20922      
6.055             -67879.8344       12924.42844      
6.06              -66473.09807      13906.63945      
6.065             -65028.72993      14888.98595      
6.07              -63548.12407      15871.44478      
6.075             -62032.80341      16854.20326      
6.08              -60484.38547      17837.2165       
6.085             -58904.54492      18820.71054      
6.09              -57294.9764       19804.58666      
6.095             -55657.36411      20789.07921      
6.1               -53993.35624      21774.05163      
6.105             -52304.54672      22759.7247       
6.11              -50592.46158      23745.93233      
6.115             -48858.55032      24732.90674      
6.12              -47104.18585      25720.46063      
6.125             -45330.65915      26708.81933      
6.13              -43539.18934      27697.78563      
6.135             -41730.9215       28687.65152      
6.14              -39906.9353       29678.22175      
6.145             -38068.24947      30669.56181      
6.15              -36215.82688      31661.43775      
6.155             -34350.57832      32654.08904      
6.16              -32473.36832      33647.34048      
6.165             -30585.01143      34641.36348      
6.17              -28686.28025      35635.97116      
6.175             -26777.90127      36631.30102      
6.18              -24860.55928      37627.18182      
6.185             -22934.89766      38623.75191      
6.19              -21001.5194       39620.85067      
6.195             -19060.98638      40618.55784      
6.2               -17113.81827      41616.72717      
6.205             -15160.49987      42615.5574       
6.21              -13201.47503      43614.92539      
6.215             -11237.1526       44614.90102      
6.22              -9267.903981      45615.3506       
6.225             -7294.069381      46616.4977       
6.23              -5315.955053      47618.22562      
6.235             -3333.83879       48620.68296      
6.24              -1347.970158      49623.73539      
6.245             641.4277026       50627.66017      
6.25              2634.154854       51632.32945      
6.255             4630.033209       52638.0342       
6.26              6628.904164       53644.60784      
6.265             8630.626363       54652.37955      
6.27              10635.07451       55661.14811      
6.275             12642.13514       56671.40663      
6.28              14651.70495       57682.93916      
6.285             16663.69115       58696.27676      
6.29              18678.00786       59711.11105      
6.295             20694.57398       60728.08773      
6.3               22713.31135       61746.8525       
6.305             24734.14308       62768.19802      
6.31              26756.99178       63791.68363      
6.315             28781.77781       64818.22552      
6.32              30808.418         65847.28171      
6.325             32836.82473       66879.88143      
6.33              34866.90316       67915.37693      
6.335             36898.55134       68954.89171      
6.34              38931.65923       69997.66074      
6.345             40966.1083        71044.91776      
6.35              43001.77059       72095.79164      
6.355             45038.50819       73151.55516      
6.36              47076.17381       74211.22774      
6.365             49114.61001       75275.97106      
6.37              51153.65094       76344.70385      
6.375             53193.12051       77418.47593      
6.38              55232.83463       78496.17242      
6.385             57272.60045       79578.56732      
6.39              59312.21848       80664.55345      
6.395             61351.48314       81754.41731      
6.4               63390.18472       82847.13781      
6.405             65428.10927       83942.40461      
6.41              67465.04205       85039.40617      
6.415             69500.7668        86137.07615      
6.42              71535.06982       87234.93228      
6.425             73567.73946       88330.98173      
6.43              75598.56977       89425.20565      
6.435             77627.36042       90514.60861      
6.44              79653.92043       91599.78361      
6.445             81678.06871       92676.74781      
6.45              83699.63593       93746.83423      
6.455             85718.46633       94805.15458      
6.46              87734.41902       95853.86568      
6.465             89747.36939       96887.35792      
6.47              91757.21048       97908.64303      
6.475             93763.85398       98911.69045      
6.48              95767.23142       99900.33041      
6.485             97767.29474       100868.5373      
6.49              99764.017         101820.8398      
6.495             101757.3926       102751.538       
6.5               103747.4376       103665.6352      
6.505             105734.1891       104558.1593      
6.51              107717.7054       105434.3326      
6.515             109698.065        106290.3201      
6.52              111675.3661       107131.2648      
6.525             113649.7251       107954.6317      
6.53              115621.2759       108765.1418      
6.535             117590.1679       109561.5862      
6.54              119556.5654       110347.978       
6.545             121520.6449       111124.5023      
6.55              123482.5942       111894.2707      
6.555             125442.6099       112658.6767      
6.56              127400.8965       113419.774       
6.565             129357.6634       114179.8486      
6.57              131313.1235       114939.8388      
6.575             133267.4908       115702.7054      
6.58              135220.9788       116468.3542      
6.585             137173.7981       117240.1397      
6.59              139126.1547       118017.0527      
6.595             141078.2482       118802.534       
6.6               143030.2695       119594.8267      
6.605             144982.4001       120397.2881      
6.61              146934.8098       121207.6282      
6.615             148887.6559       122028.9949      
6.62              150841.0819       122858.766       
6.625             152795.2168       123699.7835      
6.63              154750.174        124549.2666      
6.635             156706.0511       125409.7272      
6.64              158662.9286       126278.3745      
6.645             160620.8708       127157.3968      
6.65              162579.9248       128044.102       
6.655             164540.1213       128940.3802      
6.66              166501.4744       129843.7083      
6.665             168463.9821       130755.7187      
6.67              170427.6263       131674.0988      
6.675             172392.3739       132600.2416      
6.68              174358.1761       133532.0589      
6.685             176324.9706       134470.7528      
6.69              178292.6801       135414.4634      
6.695             180261.2154       136364.2205      
6.7               182230.4741       137318.3812      
6.705             184200.342        138277.8371      
6.71              186170.6942       139241.1477      
6.715             188141.3955       140209.0834      
6.72              190112.3009       141180.3848      
6.725             192083.2565       142155.7303      
6.73              194054.0979       143134.0195      
6.735             196024.6595       144115.8529      
6.74              197994.762        145100.2695      
6.745             199964.222        146087.7986      
6.75              201932.8506       147077.6023      
6.755             203900.4545       148070.1673      
6.76              205866.827        149064.7497      
6.765             207831.7641       150061.804       
6.77              209795.0445       151060.6724      
6.775             211756.4522       152061.7617      
6.78              213715.7549       153064.4835      
6.785             215672.7122       154069.2145      
6.79              217627.0741       155075.43        
6.795             219578.578        156083.4959      
6.8               221526.9466       157092.9356      
6.805             223471.8846       158104.1087      
6.81              225413.0758       159116.5732      
6.815             227350.1782       160130.6192      
6.82              229282.8207       161145.8272      
6.825             231210.5958       162162.4755      
6.83              233133.055        163180.184       
6.835             235049.7005       164199.2474      
6.84              236959.978        165219.3173      
6.845             238863.2686       166240.5739      
6.85              240758.8793       167262.6795      
6.855             242646.0343       168285.7799      
6.86              244523.864        169309.5847      
6.865             246391.3956       170334.2309      
6.87              248247.5418       171359.4716      
6.875             250091.0926       172385.372       
6.88              251920.7045       173411.7159      
6.885             253734.8931       174438.4495      
6.89              255532.0254       175465.3993      
6.895             257310.3232       176492.4803      
6.9               259067.8516       177519.5908      
6.905             260802.5196       178546.5706      
6.91              262512.0857       179573.3757      
6.915             264194.1646       180599.7677      
6.92              265846.2433       181625.7677      
6.925             267465.6963       182651.0422      
6.93              269049.8004       183675.6792      
6.935             270595.7599       184699.2725      
6.94              272100.7429       185721.9947      
6.945             273561.9063       186743.3893      
6.95              274976.4348       187763.6988      
6.955             276341.5819       188782.4372      
6.96              277654.7133       189799.9217      
6.965             278913.3476       190815.671       
6.97              280115.1997       191830.0583      
6.975             281258.2222       192842.4676      
6.98              282340.646        193853.308       
6.985             283361.0197       194861.9733      
6.99              284318.2424       195868.9475      
6.995             285211.5914       196873.6475      
7                 286040.7443       197876.6007      
7.005             286805.7914       198877.1804      
7.01              287507.2427       199875.9348      
7.015             288146.0261       200872.266       
7.02              288723.4777       201866.754       
7.025             289241.3242       202858.8824      
7.03              289701.6576       203849.2435      
7.035             290106.902        204837.3581      
7.04              290459.7752       205823.7986      
7.045             290763.2451       206808.0772      
7.05              291020.4805       207790.7386      
7.055             291234.8002       208771.4414      
7.06              291409.6237       209750.7191      
7.065             291548.4255       210728.2781      
7.07              291654.6974       211704.5955      
7.075             291731.8933       212679.4239      
7.08              291783.3901       213653.181       
7.085             291812.4318       214625.7169      
7.09              291822.089        215597.3956      
7.095             291815.242        216568.1396      
7.1               291794.577        217538.2464      
7.105             291762.57         218507.6953      
7.11              291721.4811       219476.7086      
7.115             291673.3387       220445.3027      
7.12              291619.9365       221413.6338      
7.125             291562.8443       222381.7679      
7.13              291503.4214       223349.8054      
7.135             291442.83         224317.8522      
7.14              291382.0473       225285.9494      
7.145             291321.8794       226254.1982      
7.15              291262.9771       227222.5885      
7.155             291205.853        228191.2065      
7.16              291150.8987       229160.0094      
7.165             291098.4033       230129.0781      
7.17              291048.5691       231098.3511      
7.175             291001.5265       232067.8593      
7.18              290957.3453       233037.529       
7.185             290916.0452       234007.3417      
7.19              290877.6048       234977.2319      
7.195             290841.9709       235947.0929      
7.2               290809.0667       236916.8796      
7.205             290778.7989       237886.3941      
7.21              290751.0634       238855.6336      
7.215             290725.7493       239824.3048      
7.22              290702.7422       240792.463       
7.225             290681.9265       241759.671       
7.23              290663.1882       242726.0527      
7.235             290646.4164       243691.0287      
7.24              290631.5049       244654.8156      
7.245             290618.3532       245616.6801      
7.25              290606.8665       246576.9449      
7.255             290596.957        247534.6901      
7.26              290588.5436       248490.363       
7.265             290581.5521       249442.8421      
7.27              290575.9152       250392.7153      
7.275             290571.5723       251338.6535      
7.28              290568.4694       252281.4003      
7.285             290566.5584       253219.3873      
7.29              290565.7972       254153.5335      
7.295             290566.149        255082.0039      
7.3               290567.5819       256005.9059      
7.305             290570.0684       256923.1222      
7.31              290573.585        257834.9743      
7.315             290578.1114       258739.0152      
7.32              290583.6301       259636.797       
7.325             290590.1254       260525.4905      
7.33              290597.5834       261406.8997      
7.335             290605.9904       262277.8774      
7.34              290615.3331       263140.5245      
7.345             290625.5974       263991.2398      
7.35              290636.7681       264832.4194      
7.355             290648.8282       265659.8898      
7.36              290661.7584       266476.3824      
7.365             290675.5356       267277.2595      
7.37              290690.1334       268065.6649      
7.375             290705.522        268836.3329      
7.38              290721.6657       269592.8319      
7.385             290738.5249       270329.1943      
7.39              290756.0551       271049.473       
7.395             290774.2077       271747.022       
7.4               290792.9279       272426.4529      
7.405             290812.1571       273080.3043      
7.41              290831.8319       273713.7827      
7.415             290851.8843       274318.5996      
7.42              290872.2419       274900.6375      
7.425             290892.8284       275450.8099      
7.43              290913.5639       275975.7364      
7.435             290934.3657       276465.4802      
7.44              290955.1483       276927.4294      
7.445             290975.8241       277350.8563      
7.45              290996.3037       277743.9632      
7.455             291016.4964       278095.3318      
7.46              291036.3117       278413.994       
7.465             291055.6565       278687.9394      
7.47              291074.4378       278927.0031      
7.475             291092.5636       279118.7439      
7.48              291109.9428       279273.751       
7.485             291126.4855       279379.3528      
7.49              291142.1046       279446.8078      
7.495             291156.7155       279463.3399      
7.5               291170.2375       279440.7468      
7.505             291182.5944       279366.549       
7.51              291193.7157       279252.9667      
7.515             291203.5372       279087.9905      
7.52              291212.0016       278884.0229      
7.525             291219.0595       278629.4202      
7.53              291224.6693       278336.5658      
7.535             291228.7983       277994.7368      
7.54              291231.4224       277616.1513      
7.545             291232.5265       277191.1712      
7.55              291232.1045       276731.6274      
7.555             291230.159        276228.722       
7.56              291226.7013       275693.6301      
7.565             291221.7509       275118.694       
7.57              291215.335        274514.3726      
7.575             291207.4881       273874.1391      
7.58              291198.251        273207.577       
7.585             291187.6707       272509.1334      
7.59              291175.7987       271787.4176      
7.595             291162.6911       271037.807       
7.6               291148.407        270267.9233      
7.605             291133.0076       269474.1614      
7.61              291116.5553       268663.1691      
7.615             291099.1117       267831.9525      
7.62              291080.7368       266986.1547      
7.625             291061.4874       266123.3113      
7.63              291041.416        265248.1858      
7.635             291020.5701       264359.0395      
7.64              290998.9906       263459.8808      
7.645             290976.7118       262549.2735      
7.65              290953.7593       261630.4681      
7.655             290930.1495       260702.2775      
7.66              290905.8881       259767.3458      
7.665             290880.9688       258824.8134      
7.67              290855.3726       257876.8443      
7.675             290829.0669       256922.7603      
7.68              290802.0033       255964.2938      
7.685             290774.1181       255000.8547      
7.69              290745.3302       254033.8255      
7.695             290715.543        253062.712       
7.7               290684.64         252088.6418      
7.705             290652.4879       251111.2311      
7.71              290618.9335       250131.4023      
7.715             290583.8038       249148.8239      
7.72              290546.906        248164.2382      
7.725             290508.0274       247177.3352      
7.73              290466.9344       246188.7289      
7.735             290423.3729       245198.1382      
7.74              290377.068        244206.0853      
7.745             290327.7234       243212.3376      
7.75              290275.024        242217.3367      
7.755             290218.6326       241220.8921      
7.76              290158.1913       240223.3844      
7.765             290093.3228       239224.6286      
7.77              290023.6303       238224.9463      
7.775             289948.6987       237224.1731      
7.78              289868.0949       236222.5913      
7.785             289781.3689       235220.0819      
7.79              289688.054        234216.8939      
7.795             289587.6686       233212.9049      
7.8               289479.7166       232208.3191      
7.805             289363.6894       231203.0712      
7.81              289239.0674       230197.3424      
7.815             289105.3213       229191.1104      
7.82              288961.9129       228184.5246      
7.825             288808.2945       227177.5125      
7.83              288643.9099       226170.18        
7.835             288468.1962       225162.5856      
7.84              288280.5858       224154.8277      
7.845             288080.5089       223146.9715      
7.85              287867.3933       222139.0663      
7.855             287640.6644       221131.1334      
7.86              287399.745        220123.183       
7.865             287144.0556       219115.3556      
7.87              286873.0154       218107.6554      
7.875             286586.0411       217100.2688      
7.88              286282.5473       216093.1537      
7.885             285961.9457       215086.4473      
7.89              285623.643        214080.0539      
7.895             285267.0401       213074.1773      
7.9               284891.5336       212068.709       
7.905             284496.5152       211063.9195      
7.91              284081.364        210059.683       
7.915             283645.4468       209056.2133      
7.92              283188.1265       208053.3244      
7.925             282708.75         207051.2702      
7.93              282206.6515       206049.8591      
7.935             281681.1538       205049.4168      
7.94              281131.5678       204049.7394      
7.945             280557.1931       203051.0307      
7.95              279957.3188       202053.0383      
7.955             279331.2263       201056.0489      
7.96              278678.191        200059.8305      
7.965             277997.4872       199064.6803      
7.97              277288.391        198070.3497      
7.975             276550.1855       197077.0195      
7.98              275782.1664       196084.4209      
7.985             274983.6475       195092.7868      
7.99              274153.9683       194101.8813      
7.995             273292.4988       193111.8728      
8                 272398.6492       192122.5261      
8.005             271471.8785       191134.0004      
8.01              270511.6945       190146.047       
8.015             269517.6731       189158.8226      
8.02              268489.4511       188172.1131      
8.025             267426.7434       187185.9815      
8.03              266329.3414       186200.2277      
8.035             265197.1202       185213.8696      
8.04              264030.0518       184226.7826      
8.045             262828.1893       183240.9263      
8.05              261591.6855       182256.6425      
8.055             260320.7855       181273.1542      
8.06              259015.8271       180289.9395      
8.065             257677.2439       179305.9362      
8.07              256305.559        178321.0055      
8.075             254901.3803       177336.1252      
8.08              253465.3957       176351.6496      
8.085             251998.3686       175367.2837      
8.09              250501.1307       174382.8897      
8.095             248974.5751       173397.8949      
8.1               247419.6477       172412.287       
8.105             245837.3393       171426.2439      
8.11              244228.6775       170439.9845      
8.115             242594.7176       169453.3722      
8.12              240936.5348       168466.4765      
8.125             239255.2154       167478.9531      
8.13              237551.8498       166490.8823      
8.135             235827.5245       165502.1991      
8.14              234083.3155       164513.0803      
8.145             232320.281        163523.387       
8.15              230539.4582       162533.2543      
8.155             228741.8588       161542.4359      
8.16              226928.4611       160551.0581      
8.165             225100.2096       159559.0077      
8.17              223258.012        158566.4515      
8.175             221402.7356       157573.226       
8.18              219535.2074       156579.4732      
8.185             217656.2107       155585.0066      
8.19              215766.4895       154589.9734      
8.195             213866.7431       153594.1949      
8.2               211957.6301       152597.8241      
8.205             210039.7696       151600.7039      
8.21              208113.7397       150602.9871      
8.215             206180.0797       149604.4609      
8.22              204239.2937       148605.2731      
8.225             202291.85         147605.2056      
8.23              200338.187        146604.4233      
8.235             198378.7097       145602.721       
8.24              196413.7945       144600.2744      
8.245             194443.7915       143596.8286      
8.25              192469.026        142592.559       
8.255             190489.8015       141587.1961      
8.26              188506.4003       140580.9332      
8.265             186519.0855       139573.4903      
8.27              184528.1042       138565.0826      
8.275             182533.6881       137555.4381      
8.28              180536.0553       136544.7865      
8.285             178535.4115       135532.8424      
8.29              176531.9514       134519.843       
8.295             174525.8612       133505.5216      
8.3               172517.3202       132490.1291      
8.305             170506.4971       131473.4419      
8.31              168493.5574       130455.7144      
8.315             166478.6629       129436.7819      
8.32              164461.9712       128416.8863      
8.325             162443.6365       127395.9536      
8.33              160423.8116       126374.2034      
8.335             158402.6478       125351.6963      
8.34              156380.2952       124328.6038      
8.345             154356.9038       123305.1397      
8.35              152332.6236       122281.4046      
8.355             150307.6045       121257.7976      
8.36              148281.997        120234.3264      
8.365             146255.9521       119211.6262      
8.37              144229.6215       118189.5789      
8.375             142203.1573       117169.0835      
8.38              140176.7117       116149.8621      
8.385             138150.4369       115133.0894      
8.39              136124.4847       114118.2966      
8.395             134099.0062       113106.9463      
8.4               132074.1507       112098.3515      
8.405             130050.066        111094.2696      
8.41              128026.8964       110093.7729      
8.415             126004.7833       109098.9167      
8.42              123983.864        108108.5159      
8.425             121964.2709       107124.8776      
8.43              119946.1313       106146.5457      
8.435             117929.5657       105176.0265      
8.44              115914.6874       104211.5971      
8.445             113901.6018       103255.9227      
8.45              111890.4054       102307.0362      
8.455             109881.1856       101367.6853      
8.46              107874.0197       100435.6867      
8.465             105868.9744       99513.77649      
8.47              103866.1052       98599.59428      
8.475             101865.4565       97695.79955      
8.48              99867.06079       96799.91894      
8.485             97870.93925       95914.41603      
8.49              95877.10148       95036.76454      
8.495             93885.54593       94169.14108      
8.5               91896.26033       93309.04264      
8.505             89909.22226       92458.32727      
8.51              87924.39974       91614.60503      
8.515             85941.75187       90779.32532      
8.52              83961.22943       89950.27615      
8.525             81982.77543       89128.47557      
8.53              80006.32553       88311.9638       
8.535             78031.80847       87501.25415      
8.54              76059.14604       86694.69565      
8.545             74088.25325       85892.30176      
8.55              72119.03873       85092.79398      
8.555             70151.4049        84295.75671      
8.56              68185.24823       83500.32673      
8.565             66220.4602        82705.67672      
8.57              64256.92786       81911.36068      
8.575             62294.53533       81116.14371      
8.58              60333.16499       80319.99356      
8.585             58372.69946       79521.37219      
8.59              56413.02268       78720.65964      
8.595             54454.02199       77916.07479      
8.6               52495.58935       77108.37222      
8.605             50537.62305       76295.59409      
8.61              48580.02826       75478.82574      
8.615             46622.71879       74655.99981      
8.62              44665.61717       73828.48193      
8.625             42708.65533       72994.16878      
8.63              40751.77576       72154.64967      
8.635             38794.93065       71307.81318      
8.64              36838.08348       70455.4092       
8.645             34881.20879       69595.42955      
8.65              32924.29271       68729.73781      
8.655             30967.33375       67856.41404      
8.66              29010.34191       66977.36152      
8.665             27053.33928       66090.73356      
8.67              25096.36113       65198.43067      
8.675             23139.45507       64298.77561      
8.68              21182.68285       63393.64935      
8.685             19226.11817       62481.5328       
8.69              17269.85003       61564.23349      
8.695             15313.97846       60640.36537      
8.7               13358.6193        59711.63604      
8.705             11403.90164       58776.80414      
8.71              9449.969244       57837.46499      
8.715             7496.980415       56892.51224      
8.72              5545.10864        55943.42632      
8.725             3594.542793       54989.21784      
8.73              1645.488008       54031.23973      
8.735             -301.8349619      53068.6215       
8.74              -2247.185165      52102.59847      
8.745             -4190.305232      51132.40131      
8.75              -6130.918343      50159.13984      
8.755             -8068.727094      49182.12813      
8.76              -10003.41179      48202.3666       
8.765             -11934.62957      47219.25457      
8.77              -13862.01285      46233.68777      
8.775             -15785.16761      45245.11207      
8.78              -17703.67194      44254.32847      
8.785             -19617.07367      43260.90071      
8.79              -21524.88885      42265.54975      
8.795             -23426.59929      41267.87706      
8.8               -25321.65066      40268.51091      
8.805             -27209.45027      39267.03468      
8.81              -29089.36514      38264.00168      
8.815             -30960.72009      37259.11916      
8.82              -32822.79561      36252.89976      
8.825             -34674.82594      35245.16543      
8.83              -36515.99788      34236.36159      
8.835             -38345.4485       33226.16764      
8.84              -40162.2636       32214.93725      
8.845             -41965.47735      31202.25832      
8.85              -43754.07257      30188.47094      
8.855             -45526.98087      29173.72043      
8.86              -47283.08316      28158.39074      
8.865             -49021.21453      27142.22854      
8.87              -50740.1533       26125.44582      
8.875             -52438.63932      25107.87219      
8.88              -54115.37108      24089.71744      
8.885             -55769.00889      23070.91353      
8.89              -57398.17969      22051.66619      
8.895             -59001.48459      21032.10643      
8.9               -60577.50337      20012.40125      
8.905             -62124.80269      18993.22352      
8.91              -63641.94346      17974.66477      
8.915             -65127.4959       16956.21314      
8.92              -66580.03778      15937.67487      
8.925             -67998.1685       14919.38175      
8.93              -69380.52167      13901.38739      
8.935             -70725.77154      12884.2998       
8.94              -72032.65715      11868.02271      
8.945             -73299.97415      10852.64965      
8.95              -74526.59817      9837.880993      
8.955             -75711.49163      8824.04118       
8.96              -76853.71554      7810.970339      
8.965             -77952.43806      6799.175575      
8.97              -79006.94528      5788.435035      
8.975             -80016.64806      4779.05566       
8.98              -80981.09091      3770.707042      
8.985             -81899.95729      2763.795449      
8.99              -82773.07575      1758.005184      
8.995             -83600.42341      753.8234585      
9                 -84382.12849      -249.0960332     
9.005             -85118.47043      -1250.370175     
9.01              -85809.87979      -2250.396662     
9.015             -86456.93531      -3248.769468     
9.02              -87060.36149      -4245.886        
9.025             -87621.02379      -5241.298477     
9.03              -88139.9236       -6235.407533     
9.035             -88618.18914      -7227.861419     
9.04              -89057.06636      -8219.07691      
9.045             -89457.90853      -9208.677301     
9.05              -89822.16484      -10197.05889     
9.055             -90151.36935      -11183.86375     
9.06              -90447.12848      -12169.48231     
9.065             -90711.10842      -13153.63099     
9.07              -90945.02158      -14136.69484     
9.075             -91150.61359      -15118.39438     
9.08              -91329.64972      -16099.08122     
9.085             -91483.90194      -17078.50129     
9.09              -91615.13777      -18056.98342     
9.095             -91725.10865      -19034.32126     
9.1               -91815.53798      -20010.81757     
9.105             -91888.11026      -20986.28153     
9.11              -91944.46189      -21960.98838     
9.115             -91986.1737       -22934.79322     
9.12              -92014.75931      -23907.93913     
9.125             -92031.66641      -24880.1222      
9.13              -92038.26879      -25851.60828     
9.135             -92035.86332      -26822.32468     
9.14              -92025.66753      -27792.47717     
9.145             -92008.81578      -28761.88203     
9.15              -91986.35688      -29730.71335     
9.155             -91959.25352      -30698.70255     
9.16              -91928.38392      -31666.0138      
9.165             -91894.54537      -32632.39425     
9.17              -91858.45826      -33598.04707     
9.175             -91820.76919      -34562.68534     
9.18              -91782.05346      -35526.52049     
9.185             -91742.81774      -36489.15015     
9.19              -91703.50362      -37450.79752     
9.195             -91664.49198      -38411.08104     
9.2               -91626.10761      -39370.38007     
9.205             -91588.62431      -40327.67271     
9.21              -91552.26991      -41283.17511     
9.215             -91517.23093      -42236.82115     
9.22              -91483.6568       -43189.15802     
9.225             -91451.66366      -44139.03982     
9.23              -91421.3382       -45086.80544     
9.235             -91392.74155      -46031.0872      
9.24              -91365.91289      -46972.47234     
9.245             -91340.87275      -47910.31599     
9.25              -91317.62593      -48845.47543     
9.255             -91296.16429      -49776.5127      
9.26              -91276.46934      -50704.17896     
9.265             -91258.51448      -51626.51574     
9.27              -91242.26691      -52544.47829     
9.275             -91227.68954      -53456.43178     
9.28              -91214.74229      -54363.6472      
9.285             -91203.38357      -55264.06217     
9.29              -91193.57151      -56159.04013     
9.295             -91185.26485      -57045.95955     
9.3               -91178.42379      -57926.35517     
9.305             -91173.01058      -58797.55283     
9.31              -91168.98992      -59661.44897     
9.315             -91166.32923      -60515.00601     
9.32              -91164.99864      -61360.29843     
9.325             -91164.97069      -62193.73184     
9.33              -91166.21993      -63017.69802     
9.335             -91168.72244      -63828.34226     
9.34              -91172.45503      -64628.40958     
9.345             -91177.39436      -65413.58246     
9.35              -91183.51613      -66186.90724     
9.355             -91190.79415      -66943.56398     
9.36              -91199.19938      -67687.00381     
9.365             -91208.69925      -68411.92464     
9.37              -91219.25703      -69122.1885      
9.375             -91230.83127      -69811.99115     
9.38              -91243.37557      -70485.62872     
9.385             -91256.83846      -71136.71638     
9.39              -91271.16371      -71770.007       
9.395             -91286.29096      -72378.68271     
9.4               -91302.15621      -72968.0054      
9.405             -91318.69259      -73530.56666     
9.41              -91335.83094      -74072.10915     
9.415             -91353.50032      -74584.72155     
9.42              -91371.62838      -75074.66547     
9.425             -91390.14138      -75533.58899     
9.43              -91408.96478      -75968.28236     
9.435             -91428.02339      -76369.90576     
9.44              -91447.24211      -76745.75206     
9.445             -91466.54587      -77086.58469     
9.45              -91485.85933      -77400.20238     
9.455             -91505.1068       -77677.05941     
9.46              -91524.21247      -77925.43076     
9.465             -91543.1016       -78135.49387     
9.47              -91561.6992       -78315.95595     
9.475             -91579.93044      -78456.82803     
9.48              -91597.72125      -78567.20357     
9.485             -91614.99899      -78636.97929     
9.49              -91631.69268      -78675.5698      
9.495             -91647.73345      -78672.9425      
9.5               -91663.0552       -78638.77633     
9.505             -91677.5944       -78563.14503     
9.51              -91691.29058      -78455.88348     
9.515             -91704.08667      -78307.17689     
9.52              -91715.9293       -78126.93017     
9.525             -91726.76906      -77905.82179     
9.53              -91736.56068      -77653.76907     
9.535             -91745.26296      -77361.74636     
9.54              -91752.83893      -77039.52454     
9.545             -91759.25612      -76678.50451     
9.55              -91764.48641      -76288.25504     
9.555             -91768.50587      -75860.82091     
9.56              -91771.29444      -75405.50084     
9.565             -91772.83584      -74914.89209     
9.57              -91773.11731      -74397.8947      
9.575             -91772.12931      -73847.74072     
9.58              -91769.86527      -73272.87222     
9.585             -91766.32112      -72667.06787     
9.59              -91761.49469      -72038.25357     
9.595             -91755.38518      -71381.02609     
9.6               -91747.99229      -70702.7885      
9.605             -91739.31576      -69998.63914     
9.61              -91729.35457      -69275.34589     
9.615             -91718.10617      -68528.61974     
9.62              -91705.56608      -67764.63313     
9.625             -91691.72656      -66979.77093     
9.63              -91676.57635      -66179.61115     
9.635             -91660.1002       -65360.9378      
9.64              -91642.2781       -64528.69627     
9.645             -91623.08493      -63680.21784     
9.65              -91602.48951      -62819.88613     
9.655             -91580.45293      -61945.48446     
9.66              -91556.92778      -61060.84469     
9.665             -91531.85717      -60164.07783     
9.67              -91505.17408      -59258.48342     
9.675             -91476.80086      -58342.53663     
9.68              -91446.64866      -57419.09445     
9.685             -91414.61791      -56486.87039     
9.69              -91380.59691      -55548.29228     
9.695             -91344.46161      -54602.31787     
9.7               -91306.07547      -53650.98116     
9.705             -91265.28888      -52693.52197     
9.71              -91221.93898      -51731.65751     
9.715             -91175.84948      -50764.64326     
9.72              -91126.83003      -49793.89959     
9.725             -91074.67768      -48818.83197     
9.73              -91019.17518      -47840.65324     
9.735             -90960.09148      -46859.03125     
9.74              -90897.18174      -45874.96999     
9.745             -90830.18921      -44887.97841     
9.75              -90758.84306      -43898.85753     
9.755             -90682.85896      -42907.37403     
9.76              -90601.9401       -41914.14261     
9.765             -90515.77564      -40919.04205     
9.77              -90424.04223      -39922.6085      
9.775             -90326.40455      -38924.61682     
9.78              -90222.51526      -37925.4799      
9.785             -90112.01538      -36925.10876     
9.79              -89994.53453      -35923.87027     
9.795             -89869.68863      -34921.78974     
9.8               -89737.08695      -33918.9794      
9.805             -89596.32664      -32915.5417      
9.81              -89446.995        -31911.53474     
9.815             -89288.66859      -30907.01533     
9.82              -89120.91336      -29902.25447     
9.825             -88943.28538      -28897.22903     
9.83              -88755.33082      -27891.97227     
9.835             -88556.58573      -26886.59955     
9.84              -88346.57615      -25881.18302     
9.845             -88124.81845      -24875.82732     
9.85              -87890.81807      -23870.63102     
9.855             -87644.0678       -22865.63548     
9.86              -87384.0562       -21860.3481      
9.865             -87110.25553      -20855.76029     
9.87              -86822.12972      -19851.7403      
9.875             -86519.13355      -18848.4199      
9.88              -86200.71025      -17845.70689     
9.885             -85866.29308      -16843.38222     
9.89              -85515.30562      -15841.23468     
9.895             -85147.16124      -14839.6977      
9.9               -84761.2642       -13838.7533      
9.905             -84357.0091       -12838.76933     
9.91              -83933.78195      -11839.57181     
9.915             -83490.96149      -10841.16789     
9.92              -83027.92046      -9843.305332     
9.925             -82544.02664      -8846.257864     
9.93              -82038.64383      -7849.855665     
9.935             -81511.13339      -6854.394936     
9.94              -80960.8561       -5859.670997     
9.945             -80387.17443      -4865.859105     
9.95              -79789.45458      -3872.719188     
9.955             -79167.06907      -2880.474724     
9.96              -78519.39915      -1888.907128     
9.965             -77845.83732      -898.2353653     
9.97              -77145.78998      91.75975444      
9.975             -76418.68131      1080.924387      
9.98              -75663.95847      2069.476527      
9.985             -74881.09664      3057.237752      
9.99              -74069.60173      4044.406812      
9.995             -73229.0102       5030.848682      
10                -72358.88936      6016.778673      
10.005            -71458.83784      7002.030436      
10.01             -70528.49747      7986.811042      
10.015            -69567.56162      8971.077481      
10.02             -68575.76655      9954.958281      
10.025            -67552.90694      10938.36311      
10.03             -66498.82889      11921.42868      
10.035            -65413.42994      12904.15844      
10.04             -64296.66306      13886.66696      
10.045            -63148.5394       14868.89289      
10.05             -61969.12901      15850.91115      
10.055            -60758.561        16832.7477       
10.06             -59517.02365      17814.47295      
10.065            -58244.76861      18796.11379      
10.07             -56942.0963       19777.71951      
10.075            -55609.36426      20759.54679      
10.08             -54246.98647      21741.61348      
10.085            -52855.42951      22723.75772      
10.09             -51435.21038      23705.89633      
10.095            -49986.8928       24688.14074      
10.1              -48511.08438      25670.49595      
10.105            -47008.43107      26653.24865      
10.11             -45479.6186       27636.3723       
10.115            -43925.36316      28619.89593      
10.12             -42346.41145      29603.70193      
10.125            -40743.5349       30587.79142      
10.13             -39117.52299      31572.07978      
10.135            -37469.18283      32556.9236       
10.14             -35799.33121      33542.28111      
10.145            -34108.79588      34528.15904      
10.15             -32398.41028      35514.39256      
10.155            -30669.0041       36501.09688      
10.16             -28921.40492      37488.17774      
10.165            -27156.43278      38475.86198      
10.17             -25374.89838      39464.05083      
10.175            -23577.59987      40452.71781      
10.18             -21765.31885      41441.72098      
10.185            -19938.82448      42431.28184      
10.19             -18098.85852      43421.32148      
10.195            -16246.14718      44411.98358      
10.2              -14381.38982      45403.14275      
10.205            -12505.26484      46394.75996      
10.21             -10618.42349      47386.70595      
10.215            -8721.492141      48379.10937      
10.22             -6815.072555      49371.90281      
10.225            -4899.739527      50365.19991      
10.23             -2976.041394      51358.91046      
10.235            -1044.501344      52352.99161      
10.24             894.382764        53347.35431      
10.245            2840.137343       54342.00276      
10.25             4792.312559       55336.89436      
10.255            6750.481716       56332.00367      
10.26             8714.241583       57327.29723      
10.265            10683.20925       58322.66417      
10.27             12657.02053       59318.10234      
10.275            14635.33183       60313.41985      
10.28             16617.81694       61308.63968      
10.285            18604.1657        62303.55137      
10.29             20594.08358       63298.2488       
10.295            22587.29001       64292.4039       
10.3              24583.51754       65286.13848      
10.305            26582.51062       66279.02089      
10.31             28584.02479       67271.23777      
10.315            30587.82584       68262.26207      
10.32             32593.68889       69252.36149      
10.325            34601.3975        70240.89488      
10.33             36610.74338       71228.22515      
10.335            38621.52428       72213.54476      
10.34             40633.54696       73197.30001      
10.345            42646.62393       74178.55987      
10.35             44660.5735        75157.86845      
10.355            46675.22042       76134.16574      
10.36             48690.39535       77108.12804      
10.365            50705.93564       78078.53194      
10.37             52721.68373       79046.17248      
10.375            54737.48876       80009.68063      
10.38             56753.20523       80969.98644      
10.385            58768.69351       81925.59934      
10.39             60783.81912       82877.58733      
10.395            62798.45395       83824.33314      
10.4              64812.47567       84767.0384       
10.405            66825.76671       85703.96967      
10.41             68838.21643       86636.45802      
10.415            70849.7183        87562.69998      
10.42             72860.17181       88484.15239      
10.425            74869.48253       89398.95364      
10.43             76877.56199       90308.67103      
10.435            78884.32769       91211.42366      
10.44             80889.70336       92108.87187      
10.445            82893.61923       92999.16478      
10.45             84896.01224       93884.02882      
10.455            86896.82612       94761.67632      
10.46             88896.01157       95633.87048      
10.465            90893.52627       96498.91092      
10.47             92889.33498       97358.5652       
10.475            94883.40959       98211.26607      
10.48             96875.72905       99058.75588      
10.485            98866.27934       99899.67615      
10.49             100855.0533       100735.7101      
10.495            102842.0506       101565.6987      
10.5              104827.2773       102391.2159      
10.505            106810.7457       103211.3441      
10.51             108792.4739       104027.5192      
10.515            110772.4857       104839.0998      
10.52             112750.8098       105647.3505      
10.525            114727.48         106451.8829      
10.53             116702.5342       107253.7548      
10.535            118676.0141       108052.8718      
10.54             120647.9652       108850.0707      
10.545            122618.4358       109645.5605      
10.55             124587.4767       110439.9341      
10.555            126555.1409       111233.6764      
10.56             128521.4825       112027.1164      
10.565            130486.5566       112820.9847      
10.57             132450.4185       113615.3424      
10.575            134413.1228       114411.1558      
10.58             136374.7228       115208.2261      
10.585            138335.2698       116007.7598      
10.59             140294.8124       116809.3076      
10.595            142253.3954       117614.2398      
10.6              144211.0597       118421.8587      
10.605            146167.8408       119233.6711      
10.61             148123.7687       120048.7595      
10.615            150078.867        120868.7602      
10.62             152033.1523       121692.5643      
10.625            153986.633        122521.8642      
10.63             155939.3099       123355.3794      
10.635            157891.1739       124194.8508      
10.64             159842.2069       125038.865       
10.645            161792.3803       125889.1872      
10.65             163741.6546       126744.2995      
10.655            165689.9788       127605.9356      
10.66             167637.2899       128472.4987      
10.665            169583.5123       129345.667       
10.67             171528.557        130223.8012      
10.675            173472.3215       131108.5435      
10.68             175414.6885       131998.2456      
10.685            177355.5258       132894.4567      
10.69             179294.6857       133795.533       
10.695            181232.004        134702.9252      
10.7              183167.2997       135615.0229      
10.705            185100.373        136533.1943      
10.71             187031.009        137455.8889      
10.715            188958.9726       138384.3568      
10.72             190884.0079       139317.1024      
10.725            192805.84         140255.2819      
10.73             194724.1729       141197.485       
10.735            196638.6892       142144.7629      
10.74             198549.0488       143095.7917      
10.745            200454.8891       144051.5177      
10.75             202355.8236       145010.7071      
10.755            204251.4414       145974.203       
10.76             206141.3068       146940.8657      
10.765            208024.9557       147911.4623      
10.77             209901.9031       148884.9568      
10.775            211771.6341       149862.0178      
10.78             213633.6042       150841.6882      
10.785            215487.2398       151824.553       
10.79             217331.9461       152809.7594      
10.795            219167.095        153797.8181      
10.8              220992.0282       154787.9549      
10.805            222806.0602       155780.6196      
10.81             224608.4766       156775.1261      
10.815            226398.5344       157771.8381      
10.82             228175.4628       158770.1457      
10.825            229938.4633       159770.3511      
10.83             231686.711        160771.924       
10.835            233419.3559       161775.1254      
10.84             235135.5234       162779.4981      
10.845            236834.3168       163785.2434      
10.85             238514.8186       164791.9668      
10.855            240176.0932       165799.7822      
10.86             241817.1891       166808.357       
10.865            243437.1405       167817.7709      
10.87             245034.9731       168827.763       
10.875            246609.7042       169838.392       
10.88             248160.3487       170849.455       
10.885            249685.9216       171860.9222      
10.89             251185.4428       172872.6347      
10.895            252657.9406       173884.522       
10.9              254102.4565       174896.4858      
10.905            255518.05         175908.4829      
10.91             256903.8027       176920.472       
10.915            258258.8238       177932.4258      
10.92             259582.2519       178944.3308      
10.925            260873.2681       179955.9897      
10.93             262131.0937       180967.3996      
10.935            263354.9961       181978.3536      
10.94             264544.295        182988.915       
10.945            265698.3663       183998.8978      
10.95             266816.6481       185008.4128      
10.955            267898.6431       186017.1971      
10.96             268943.9232       187025.3842      
10.965            269952.1326       188032.6884      
10.97             270922.9911       189039.2893      
10.975            271856.2973       190044.8992      
10.98             272751.9312       191049.7324      
10.985            273609.8557       192053.4795      
10.99             274430.1175       193056.3776      
10.995            275212.8469       194058.0888      
11                275958.2591       195058.8746      
11.005            276666.6529       196058.4285      
11.01             277338.4109       197057.0391      
11.015            277973.9966       198054.3652      
11.02             278573.9532       199050.7008      
11.025            279138.9002       200045.6927      
11.03             279669.53         201039.6511      
11.035            280166.6033       202032.2674      
11.04             280630.9462       203023.8681      
11.045            281063.4478       204014.1352      
11.05             281465.058        205003.3898      
11.055            281836.783        205991.284       
11.06             282179.675        206978.1367      
11.065            282494.8209       207963.6343      
11.07             282783.3349       208948.106       
11.075            283046.357        209931.2478      
11.08             283285.0522       210913.3835      
11.085            283500.6069       211894.1837      
11.09             283694.2199       212873.9637      
11.095            283867.0933       213852.4333      
11.1              284020.4262       214829.9121      
11.105            284155.4118       215806.057       
11.11             284273.2279       216781.1729      
11.115            284375.0378       217754.9333      
11.12             284461.9836       218727.6554      
11.125            284535.18         219698.9996      
11.13             284595.7118       220669.2839      
11.135            284644.6307       221638.1022      
11.14             284682.9522       222605.7722      
11.145            284711.6533       223571.8644      
11.15             284731.6691       224536.7196      
11.155            284743.8914       225499.9036      
11.16             284749.1669       226461.7837      
11.165            284748.2964       227421.7832      
11.17             284742.0341       228380.2815      
11.175            284731.0875       229336.6642      
11.18             284716.1172       230291.3674      
11.185            284697.7376       231243.7242      
11.19             284676.5178       232194.2215      
11.195            284652.9829       233142.0047      
11.2              284627.6159       234087.6061      
11.205            284600.858        235030.0941      
11.21             284573.1095       235970.0957      
11.215            284544.7315       236906.5615      
11.22             284516.0473       237840.2048      
11.225            284487.3454       238769.7702      
11.23             284458.8818       239696.0658      
11.235            284430.8822       240617.6782      
11.24             284403.5437       241535.5463      
11.245            284377.0372       242448.0777      
11.25             284351.5089       243356.3478      
11.255            284327.0828       244258.5294      
11.26             284303.8632       245155.8496      
11.265            284281.936        246046.2487      
11.27             284261.3705       246931.1283      
11.275            284242.2205       247808.1776      
11.28             284224.526        248678.9952      
11.285            284208.314        249540.9812      
11.29             284193.601        250395.9444      
11.295            284180.394        251240.9946      
11.3              284168.6918       252078.1723      
11.305            284158.486        252904.283       
11.31             284149.762        253721.621       
11.315            284142.4994       254526.6288      
11.32             284136.6729       255321.8704      
11.325            284132.2531       256103.4065      
11.33             284129.2073       256874.0984      
11.335            284127.4997       257629.7509      
11.34             284127.0923       258373.5553      
11.345            284127.9452       259100.8554      
11.35             284130.0166       259815.144       
11.355            284133.2637       260511.3067      
11.36             284137.6428       261193.189       
11.365            284143.1094       261855.4105      
11.37             284149.6187       262502.2146      
11.375            284157.1255       263127.7118      
11.38             284165.5846       263736.4913      
11.385            284174.9503       264322.3228      
11.39             284185.1767       264890.2031      
11.395            284196.2172       265433.5741      
11.4              284208.0248       265957.8212      
11.405            284220.5516       266455.8524      
11.41             284233.7484       266933.4178      
11.415            284247.5648       267383.141       
11.42             284261.9484       267811.2042      
11.425            284276.845        268209.9932      
11.43             284292.1977       268586.0775      
11.435            284307.9478       268931.4609      
11.44             284324.034        269253.0485      
11.445            284340.3931       269542.6022      
11.45             284356.9601       269807.3871      
11.455            284373.6685       270038.9289      
11.46             284390.4505       270244.8145      
11.465            284407.2381       270416.5757      
11.47             284423.9627       270562.1075      
11.475            284440.5565       270672.7109      
11.48             284456.9517       270756.4747      
11.485            284473.0816       270804.5723      
11.49             284488.88         270825.3079      
11.495            284504.2822       270810.1366      
11.5              284519.2251       270767.5616      
11.505            284533.6473       270688.9751      
11.51             284547.4894       270582.9141      
11.515            284560.6937       270440.8597      
11.52             284573.2048       270271.3999      
11.525            284584.9692       270065.2192      
11.53             284595.9354       269830.8794      
11.535            284606.0542       269562.4859      
11.54             284615.2782       269268.9683      
11.545            284623.5621       268942.1632      
11.55             284630.8621       268589.9633      
11.555            284637.1364       268203.8141      
11.56             284642.3449       267791.685       
11.565            284646.4485       267347.7569      
11.57             284649.4096       266880.3086      
11.575            284651.1915       266382.8314      
11.58             284651.7582       265862.7867      
11.585            284651.074        265313.6451      
11.59             284649.1034       264742.5594      
11.595            284645.8106       264144.2652      
11.6              284641.1593       263525.7683      
11.605            284635.1123       262882.119       
11.61             284627.6311       262219.7686      
11.615            284618.6753       261533.8563      
11.62             284608.2021       260830.3472      
11.625            284596.1664       260105.0788      
11.63             284582.5202       259363.6821      
11.635            284567.2121       258602.6173      
11.64             284550.1861       257827.0582      
11.645            284531.3812       257033.5907      
11.65             284510.7307       256226.8549      
11.655            284488.1623       255403.9266      
11.66             284463.5978       254569.0592      
11.665            284436.9533       253719.8186      
11.67             284408.1388       252860.0402      
11.675            284377.0578       251987.5052      
11.68             284343.6061       251105.5944      
11.685            284307.6712       250212.4015      
11.69             284269.132        249310.9335      
11.695            284227.8582       248399.639       
11.7              284183.7108       247481.174       
11.705            284136.5416       246554.1947      
11.71             284086.1936       245621           
11.715            284032.5005       244680.4449      
11.72             283975.2862       243734.5203      
11.725            283914.3649       242782.319       
11.73             283849.5402       241825.5608      
11.735            283780.6064       240863.4818      
11.74             283707.346        239897.5402      
11.745            283629.5307       238927.0908      
11.75             283546.9222       237953.3632      
11.755            283459.2714       236975.8955      
11.76             283366.318        235995.7341      
11.765            283267.7899       235012.5058      
11.77             283163.4067       234027.0675      
11.775            283052.8751       233039.0949      
11.78             282935.8901       232049.2862      
11.785            282812.1359       231057.45        
11.79             282681.2855       230064.1632      
11.795            282543.0005       229069.3015      
11.8              282396.9312       228073.3236      
11.805            282242.7164       227076.0985      
11.81             282079.9837       226077.9775      
11.815            281908.3486       225078.93        
11.82             281727.4156       224079.2361      
11.825            281536.7769       223078.9181      
11.83             281336.0135       222078.1773      
11.835            281124.6947       221077.0832      
11.84             280902.3787       220075.7662      
11.845            280668.6127       219074.2631      
11.85             280422.9329       218072.6375      
11.855            280164.8642       217071.0599      
11.86             279893.9199       216069.5687      
11.865            279609.6018       215068.4091      
11.87             279311.4021       214067.556       
11.875            278998.803        213066.9583      
11.88             278671.2787       212066.5085      
11.885            278328.2947       211066.4671      
11.89             277969.3061       210066.789       
11.895            277593.7634       209067.7472      
11.9              277201.1125       208069.2292      
11.905            276790.7894       207071.2999      
11.91             276362.226        206073.7821      
11.915            275914.8524       205077.0245      
11.92             275448.0958       204080.8887      
11.925            274961.3836       203085.5235      
11.93             274454.1432       202090.7201      
11.935            273925.8051       201096.743       
11.94             273375.8033       200103.4097      
11.945            272803.5783       199110.8982      
11.95             272208.5778       198118.9944      
11.955            271590.2592       197127.9669      
11.96             270948.0916       196137.6178      
11.965            270281.558        195148.0788      
11.97             269590.1569       194159.1279      
11.975            268873.406        193170.9885      
11.98             268130.843        192183.4708      
11.985            267362.0296       191196.6928      
11.99             266566.5533       190210.4507      
11.995            265744.0301       189224.9274      
12                264894.1073       188239.9493      
12.005            264016.4656       187255.588       
12.01             263110.8233       186271.6785      
12.015            262176.9295       185288.3247      
12.02             261214.5774       184305.4057      
12.025            260223.5971       183322.9745      
12.03             259203.8638       182340.8854      
12.035            258155.2865       181359.2072      
12.04             257077.8242       180377.851       
12.045            255971.4635       179396.8129      
12.05             254836.2389       178416.0115      
12.055            253672.2292       177435.4805      
12.06             252479.5466       176455.0976      
12.065            251258.3396       175474.8456      
12.07             250008.8045       174494.7339      
12.075            248731.1724       173514.7433      
12.08             247425.7145       172534.827       
12.085            246092.7447       171554.9077      
12.09             244732.6155       170574.9442      
12.095            243345.7165       169594.997       
12.1              241932.4722       168615.0779      
12.105            240493.3432       167635.0963      
12.11             239028.8221       166655.0273      
12.115            237539.4323       165674.8253      
12.12             236025.7246       164694.5075      
12.125            234488.2753       163713.9093      
12.13             232927.6831       162733.056       
12.135            231344.5667       161752.109       
12.14             229739.5618       160771.1439      
12.145            228113.3186       159790.4464      
12.15             226466.5001       158810.0186      
12.155            224799.7806       157828.9197      
12.16             223113.8423       156847.0136      
12.165            221409.3705       155864.9827      
12.17             219687.0489       154883.095       
12.175            217947.5576       153901.4069      
12.18             216191.5742       152919.8557      
12.185            214419.7789       151938.1003      
12.19             212632.8476       150956.0579      
12.195            210831.4487       149974.0185      
12.2              209016.2381       148992.061       
12.205            207187.861        148010.3744      
12.21             205346.9479       147028.9107      
12.215            203494.116        146047.6812      
12.22             201629.9687       145066.5827      
12.225            199755.0931       144085.8533      
12.23             197870.0608       143105.4264      
12.235            195975.4274       142125.6025      
12.24             194071.7291       141146.2569      
12.245            192159.4836       140167.6724      
12.25             190239.1932       139189.6661      
12.255            188311.34         138212.6203      
12.26             186376.39         137236.3182      
12.265            184434.7901       136261.2405      
12.27             182486.9694       135287.1179      
12.275            180533.3404       134314.4859      
12.28             178574.2973       133343.0038      
12.285            176610.2203       132373.298       
12.29             174641.4716       131404.9649      
12.295            172668.3993       130438.7262      
12.3              170691.3357       129474.1086      
12.305            168710.5991       128511.9259      
12.31             166726.4946       127551.6249      
12.315            164739.3142       126594.1186      
12.32             162749.3367       125638.7696      
12.325            160756.8307       124686.5853      
12.33             158762.0507       123736.8374      
12.335            156765.2406       122790.6273      
12.34             154766.6323       121847.1371      
12.345            152766.4493       120907.5624      
12.35             150764.9051       119971.0003      
12.355            148762.2025       119038.7303      
12.36             146758.535        118109.7558      
12.365            144754.0871       117185.4543      
12.37             142749.0343       116264.7336      
12.375            140743.5435       115349.0398      
12.38             138737.7737       114437.19        
12.385            136731.8761       113530.6447      
12.39             134725.9943       112628.1402      
12.395            132720.265        111731.1876      
12.4              130714.8185       110838.4594      
12.405            128709.7784       109951.5109      
12.41             126705.2622       109068.9567      
12.415            124701.3805       108192.3316      
12.42             122698.2376       107320.1958      
12.425            120695.9314       106454.0689      
12.43             118694.5536       105592.4811      
12.435            116694.1895       104736.8827      
12.44             114694.9179       103885.7887      
12.445            112696.811        103040.5417      
12.45             110699.9348       102199.668       
12.455            108704.3485       101364.499       
12.46             106710.1055       100533.6079      
12.465            104717.2525       99708.16726      
12.47             102725.8308       98886.78148      
12.475            100735.8752       98070.4336       
12.48             98747.41517       97257.79974      
12.485            96760.47464       96449.74404      
12.49             94775.07241       95645.05633      
12.495            92791.22243       94844.42353      
12.5              90808.93416       94046.75088      
12.505            88828.21283       93252.50337      
12.51             86849.05988       92460.71925      
12.515            84871.47325       91671.67419      
12.52             82895.44778       90884.57044      
12.525            80920.97557       90099.52203      
12.53             78948.04638       89315.90482      
12.535            76976.64825       88533.51637      
12.54             75006.76747       87751.89668      
12.545            73038.3893        86970.76245      
12.55             71071.49855       86189.8754       
12.555            69106.08004       85408.65033      
12.56             67142.11894       84627.01803      
12.565            65179.60172       83844.23347      
12.57             63218.51659       83060.44306      
12.575            61258.85412       82274.75116      
12.58             59300.60782       81487.50199      
12.585            57343.77493       80697.59645      
12.59             55388.35688       79905.55824      
12.595            53434.35996       79110.16343      
12.6              51481.79594       78312.12427      
12.605            49530.6826        77510.10163      
12.61             47581.04433       76704.97716      
12.615            45632.9127        75895.29961      
12.62             43686.327         75082.10098      
12.625            41741.33461       74263.86335      
12.63             39797.99216       73441.75531      
12.635            37856.36529       72614.2301       
12.64             35916.52971       71782.57195      
12.645            33978.5717        70945.15971      
12.65             32042.58883       70103.36166      
12.655            30108.6906        69255.59138      
12.66             28176.99919       68403.30112      
12.665            26247.64987       67544.91185      
12.67             24320.79324       66681.91991      
12.675            22396.59302       65812.73796      
12.68             20475.22944       64938.88573      
12.685            18556.89824       64058.88815      
12.69             16641.81133       63174.2893       
12.695            14730.19798       62283.62961      
12.7              12822.30449       61388.42837      
12.705            10918.39521       60487.27726      
12.71             9018.752439       59581.67562      
12.715            7123.676278       58670.33604      
12.72             5233.487756       57754.73021      
12.725            3348.524834       56833.62733      
12.73             1469.145142       55908.43248      
12.735            -404.2695158      54978.00331      
12.74             -2271.3206        54043.6869       
12.745            -4131.588862      53104.44829      
12.75             -5984.633831      52161.56856      
12.755            -7829.994233      51214.07329      
12.76             -9667.187907      50263.16169      
12.765            -11495.71149      49307.95869      
12.77             -13315.0405       48349.59303      
12.775            -15124.62976      47387.28586      
12.78             -16923.91363      46422.08117      
12.785            -18712.30651      45453.28601      
12.79             -20489.20329      44481.85534      
12.795            -22253.97993      43507.15537      
12.8              -24005.99412      42530.0566       
12.805            -25744.58615      41550.056        
12.81             -27469.07984      40567.94878      
12.815            -29178.78362      39583.32574      
12.82             -30872.99165      38596.88752      
12.825            -32550.98513      37608.11187      
12.83             -34212.03378      36617.59833      
12.835            -35855.39727      35624.92712      
12.84             -37480.3269       34630.67409      
12.845            -39086.06814      33634.96014      
12.85             -40671.86041      32638.32749      
12.855            -42236.94327      31640.20097      
12.86             -43780.55297      30640.88137      
12.865            -45301.93115      29640.19693      
12.87             -46800.32157      28638.54936      
12.875            -48274.97733      27635.96867      
12.88             -49725.16348      26632.78432      
12.885            -51150.1536       25628.61409      
12.89             -52549.23658      24623.65864      
12.895            -53921.72091      23618.06119      
12.9              -55266.93541      22612.09648      
12.905            -56584.23252      21605.88424      
12.91             -57872.99257      20599.56114      
12.915            -59132.62789      19592.99799      
12.92             -60362.58577      18586.23696      
12.925            -61562.3491       17579.41585      
12.93             -62731.43427      16572.64828      
12.935            -63869.39701      15566.07228      
12.94             -64975.83287      14559.69713      
12.945            -66050.38508      13553.63712      
12.95             -67092.74651      12547.84014      
12.955            -68102.66095      11542.50559      
12.96             -69079.92212      10537.56255      
12.965            -70024.37439      9533.250742      
12.97             -70935.91574      8529.45855       
12.975            -71814.49896      7526.417422      
12.98             -72660.13293      6523.972239      
12.985            -73472.88248      5522.37681       
12.99             -74252.86775      4521.450069      
12.995            -75000.26436      3521.483157      
13                -75715.30374      2522.273799      
13.005            -76398.2726       1524.11458       
13.01             -77049.5125       526.7743472      
13.015            -77669.41884      -469.4448018     
13.02             -78258.4383       -1464.79234      
13.025            -78817.06781      -2458.942076     
13.03             -79345.85184      -3452.161922     
13.035            -79845.38085      -4444.119793     
13.04             -80316.28905      -5435.100687     
13.045            -80759.25155      -6424.763223     
13.05             -81174.98235      -7413.408532     
13.055            -81564.23028      -8400.675466     
13.06             -81927.77685      -9386.881306     
13.065            -82266.43234      -10371.65345     
13.07             -82581.03287      -11355.32024     
13.075            -82872.43683      -12337.49568     
13.08             -83141.52139      -13318.51927     
13.085            -83389.17877      -14297.98625     
13.09             -83616.31329      -15276.24774     
13.095            -83823.83708      -16252.8756      
13.1              -84012.66736      -17228.2365      
13.105            -84183.72238      -18201.8767      
13.11             -84337.91869      -19174.17805     
13.115            -84476.16728      -20144.64841     
13.12             -84599.3709       -21113.68889     
13.125            -84708.42059      -22080.76755     
13.13             -84804.19336      -23046.31012     
13.135            -84887.55019      -24009.71011     
13.14             -84959.33425      -24971.42169     
13.145            -85020.36888      -25930.83128     
13.15             -85071.45334      -26888.58254     
13.155            -85113.36289      -27843.74703     
13.16             -85146.84467      -28796.86767     
13.165            -85172.61672      -29747.21776     
13.17             -85191.3688       -30695.37203     
13.175            -85203.76223      -31640.40232     
13.18             -85210.42857      -32582.94938     
13.185            -85211.9687       -33522.04227     
13.19             -85208.95226      -34458.40105     
13.195            -85201.91744      -35390.88446     
13.2              -85191.37113      -36320.28764     
13.205            -85177.78953      -37245.18775     
13.21             -85161.61841      -38166.57189     
13.215            -85143.27346      -39082.37232     
13.22             -85123.14083      -39993.55089     
13.225            -85101.57789      -40900.23985     
13.23             -85078.9138       -41803.87552     
13.235            -85055.45045      -42701.75556     
13.24             -85031.46378      -43594.68923     
13.245            -85007.20507      -44480.29189     
13.25             -84982.90186      -45359.991       
13.255            -84958.75902      -46232.40609     
13.26             -84934.9597       -47099.30735     
13.265            -84911.66674      -47957.99759     
13.27             -84889.024        -48810.06207     
13.275            -84867.15776      -49652.58611     
13.28             -84846.17786      -50487.49406     
13.285            -84826.17873      -51312.18157     
13.29             -84807.24055      -52128.90228     
13.295            -84789.43044      -52934.43958     
13.3              -84772.80388      -53731.1337      
13.305            -84757.40594      -54515.34282     
13.31             -84743.27252      -55289.63525     
13.315            -84730.43146      -56050.35394     
13.32             -84718.90353      -56800.44671     
13.325            -84708.70332      -57535.81177     
13.33             -84699.83995      -58259.60025     
13.335            -84692.31759      -58967.3183      
13.34             -84686.13593      -59662.42933     
13.345            -84681.29032      -60340.21132     
13.35             -84677.77221      -61004.42332     
13.355            -84675.56937      -61650.03445     
13.36             -84674.66608      -62281.1087      
13.365            -84675.04288      -62892.13553     
13.37             -84676.67636      -63487.47024     
13.375            -84679.53884      -64061.45191     
13.38             -84683.59819      -64618.80532     
13.385            -84688.81785      -65153.46992     
13.39             -84695.15692      -65670.45835     
13.395            -84702.57036      -66163.44802     
13.4              -84711.00907      -66637.78663     
13.405            -84720.42027      -67086.88773     
13.41             -84730.74776      -67516.40894     
13.415            -84741.93235      -67919.57324     
13.42             -84753.91233      -68302.33877     
13.425            -84766.62408      -68657.40615     
13.43             -84780.00219      -68990.9892      
13.435            -84793.97997      -69295.76799     
13.44             -84808.48987      -69578.31604     
13.445            -84823.46392      -69831.20727     
13.45             -84838.83321      -70061.26569     
13.455            -84854.52884      -70260.75476     
13.46             -84870.48281      -70436.69149     
13.465            -84886.62729      -70581.31723     
13.47             -84902.89426      -70701.89544     
13.475            -84919.21573      -70790.66887     
13.48             -84935.52362      -70855.07689     
13.485            -84951.74989      -70887.23967     
13.49             -84967.82691      -70894.70816     
13.495            -84983.68753      -70869.6867      
13.5              -84999.26557      -70819.84542     
13.505            -85014.49589      -70737.497       
13.51             -85029.31429      -70630.37802     
13.515            -85043.65754      -70490.83314     
13.52             -85057.46339      -70326.59432     
13.525            -85070.67062      -70130.22471     
13.53             -85083.21915      -69909.44854     
13.535            -85095.04982      -69657.01391     
13.54             -85106.10435      -69380.57268     
13.545            -85116.32567      -69073.09391     
13.55             -85125.65738      -68742.1205      
13.555            -85134.04398      -68380.89722     
13.56             -85141.43064      -67996.82126     
13.565            -85147.76311      -67583.46435     
13.57             -85152.98749      -67148.03309     
13.575            -85157.05015      -66684.36499     
13.58             -85159.89755      -66199.43441     
13.585            -85161.47594      -65687.42833     
13.59             -85161.73117      -65155.07416     
13.595            -85160.60837      -64597.00272     
13.6              -85158.05169      -64019.6665      
13.605            -85154.00402      -63418.0046      
13.61             -85148.40655      -62798.13365     
13.615            -85141.19816      -62155.25675     
13.62             -85132.31533      -61495.15304     
13.625            -85121.69166      -60813.62522     
13.63             -85109.2572       -60116.16299     
13.635            -85094.93866      -59398.79873     
13.64             -85078.65912      -58666.61147     
13.645            -85060.33784      -57915.99325     
13.65             -85039.89059      -57151.65372     
13.655            -85017.22832      -56370.36081     
13.66             -84992.25685      -55576.49815     
13.665            -84964.87635      -54767.19718     
13.67             -84934.98215      -53946.45695     
13.675            -84902.46408      -53111.27423     
13.68             -84867.20723      -52265.29025     
13.685            -84829.09229      -51407.24706     
13.69             -84787.99509      -50540.64134     
13.695            -84743.78767      -49662.8332      
13.7              -84696.33604      -48776.56259     
13.705            -84645.50173      -47879.76031     
13.71             -84591.13983      -46975.13414     
13.715            -84533.09867      -46061.7748      
13.72             -84471.21921      -45142.19961     
13.725            -84405.33387      -44214.983       
13.73             -84335.2655       -43282.10507     
13.735            -84260.82638      -42342.30487     
13.74             -84181.8175       -41397.38583     
13.745            -84098.02702      -40446.48811     
13.75             -84009.23351      -39491.10526     
13.755            -83915.20072      -38530.77246     
13.76             -83815.68011      -37566.94512     
13.765            -83710.41215      -36598.82883     
13.77             -83599.12457      -35627.60382     
13.775            -83481.53514      -34652.65701     
13.78             -83357.35273      -33674.99196     
13.785            -83226.27382      -32694.51863     
13.79             -83087.98682      -31711.86183     
13.795            -82942.16919      -30726.67991     
13.8              -82788.48741      -29739.75357     
13.805            -82626.59774      -28750.88733     
13.81             -82456.14593      -27760.61194     
13.815            -82276.7668       -26768.79647     
13.82             -82088.08423      -25775.88382     
13.825            -81889.71151      -24781.78917     
13.83             -81681.24809      -23787.01284     
13.835            -81462.2853       -22791.31168     
13.84             -81232.40449      -21794.75743     
13.845            -80991.17545      -20797.86254     
13.85             -80738.15789      -19800.89945     
13.855            -80472.90202      -18803.96536     
13.86             -80194.94918      -17807.10754     
13.865            -79903.83208      -16810.02559     
13.87             -79599.07509      -15812.66055     
13.875            -79280.19544      -14815.42844     
13.88             -78946.70286      -13818.41472     
13.885            -78598.10097      -12821.9718      
13.89             -78233.88695      -11826.00996     
13.895            -77853.55319      -10830.51843     
13.9              -77456.58705      -9835.324479     
13.905            -77042.47236      -8840.386031     
13.91             -76610.69026      -7845.600667     
13.915            -76160.72029      -6851.654395     
13.92             -75692.04054      -5858.48803      
13.925            -75204.13398      -4866.577088     
13.93             -74696.48404      -3875.629608     
13.935            -74168.57768      -2885.247065     
13.94             -73619.90831      -1895.105716     
13.945            -73049.97745      -905.6930731     
13.95             -72458.29698      83.05872238      
13.955            -71844.39036      1070.780488      
13.96             -71207.79355      2057.679507      
13.965            -70548.05626      3043.845528      
13.97             -69864.74365      4029.551202      
13.975            -69157.44033      5014.537743      
13.98             -68425.75224      5998.952188      
13.985            -67669.30774      6982.52609       
13.99             -66887.75732      7965.441616      
13.995            -66080.77417      8947.660282      
14                -65248.05665      9929.424957      
14.005            -64389.32767      10910.53027      
14.01             -63504.33935      11891.16564      
14.015            -62592.87398      12871.20167      
14.02             -61654.74159      13850.73969      
14.025            -60689.78033      14829.73018      
14.03             -59697.86397      15808.35483      
14.035            -58678.89819      16786.4825       
14.04             -57632.82029      17764.23159      
14.045            -56559.60076      18741.50273      
14.05             -55459.24922      19718.4154       
14.055            -54331.79771      20694.96701      
14.06             -53177.31578      21671.2835       
14.065            -51995.90918      22647.28987      
14.07             -50787.71574      23623.06554      
14.075            -49552.90727      24598.55377      
14.08             -48291.68711      25573.8319       
14.085            -47004.28979      26548.86363      
14.09             -45690.98143      27523.72539      
14.095            -44352.05829      28498.35249      
14.1              -42987.84457      29472.81329      
14.105            -41598.69484      30447.05074      
14.11             -40184.99065      31421.12441      
14.115            -38747.13979      32395.02021      
14.12             -37285.57101      33368.80645      
14.125            -35800.73529      34342.34728      
14.13             -34293.10659      35315.68065      
14.135            -32763.17954      36288.79386      
14.14             -31211.46579      37261.76762      
14.145            -29638.4934       38234.48417      
14.15             -28044.80541      39206.99784      
14.155            -26430.95515      40179.15765      
14.16             -24797.51305      41151.03774      
14.165            -23145.05334      42122.53936      
14.17             -21474.16112      43093.76715      
14.175            -19785.42945      44064.48121      
14.18             -18079.45127      45034.78267      
14.185            -16356.82308      46004.47903      
14.19             -14618.14173      46973.72023      
14.195            -12864.00191      47942.22139      
14.2              -11094.99517      48910.14259      
14.205            -9311.710673      49877.13073      
14.21             -7514.73025       50843.37194      
14.215            -5704.628086      51808.5158       
14.22             -3881.971369      52772.82525      
14.225            -2047.318021      53735.83779      
14.23             -201.2172731      54697.83809      
14.235            1655.793283       55658.28801      
14.24             3523.185551       56617.5303       
14.245            5400.44276        57575.0014       
14.25             7287.059874       58531.11305      
14.255            9182.544685       59485.19388      
14.26             11086.41616       60437.69325      
14.265            12998.20393       61387.88393      
14.27             14917.45164       62336.29712      
14.275            16843.7192        63282.121        
14.28             18776.5823        64225.94398      
14.285            20715.62912       65166.90168      
14.29             22660.45805       66105.65596      
14.295            24610.67859       67041.26947      
14.3              26565.9144        67974.48376      
14.305            28525.80389       68904.20353      
14.31             30489.99971       69831.22849      
14.315            32458.16739       70754.47424      
14.32             34429.98427       71674.8213       
14.325            36405.13955       72591.14024      
14.33             38383.33551       73504.38893      
14.335            40364.2863        74413.28968      
14.34             42347.71874       75318.85075      
14.345            44333.37089       76219.78195      
14.35             46320.99329       77117.17891      
14.355            48310.34853       78009.7506       
14.36             50301.20979       78898.65757      
14.365            52293.36148       79782.51535      
14.37             54286.59832       80662.52398      
14.375            56280.7255        81537.2879       
14.38             58275.55673       82408.06814      
14.385            60270.91466       83273.48337      
14.39             62266.63093       84134.84018      
14.395            64262.5453        84990.75224      
14.4              66258.50537       85842.55096      
14.405            68254.36649       86688.87871      
14.41             70249.99179       87531.08419      
14.415            72245.25243       88367.86425      
14.42             74240.0277        89200.57056      
14.425            76234.20515       90027.95849      
14.43             78227.68063       90851.36453      
14.435            80220.35827       91669.61353      
14.44             82212.15038       92484.01224      
14.445            84202.97718       93293.48991      
14.45             86192.76642       94099.31112      
14.455            88181.45285       94900.51367      
14.46             90168.9776        95698.29901      
14.465            92155.28755       96491.8158       
14.47             94140.33477       97282.18697      
14.475            96124.07594       98068.72709      
14.48             98106.47184       98852.4714       
14.485            100087.4869       99632.8845       
14.49             102067.0888       100410.8875      
14.495            104045.2481       101186.0854      
14.5              106021.938        101959.2726      
14.505            107997.1337       102730.2395      
14.51             109970.8128       103499.6501      
14.515            111942.954        104267.4556      
14.52             113913.5379       105034.1708      
14.525            115882.5455       105799.9136      
14.53             117849.9589       106565.0458      
14.535            119815.7603       107329.8698      
14.54             121779.9317       108094.5904      
14.545            123742.4547       108859.6767      
14.55             125703.31         109625.1666      
14.555            127662.4768       110391.6976      
14.56             129619.9325       111159.1416      
14.565            131575.652        111928.2786      
14.57             133529.6073       112698.8127      
14.575            135481.7671       113471.6733      
14.58             137432.0955       114246.4053      
14.585            139380.5524       115024.0715      
14.59             141327.092        115804.0609      
14.595            143271.6631       116587.5518      
14.6              145214.2077       117373.7839      
14.605            147154.6612       118164.033       
14.61             149092.9515       118957.4013      
14.615            151028.9983       119755.253       
14.62             152962.713        120556.5659      
14.625            154893.9979       121362.7713      
14.63             156822.7457       122172.7338      
14.635            158748.8389       122987.9276      
14.64             160672.1494       123807.1191      
14.645            162592.5364       124631.8233      
14.65             164509.8509       125460.7328      
14.655            166423.928        126295.371       
14.66             168334.5908       127134.3549      
14.665            170241.6495       127979.2096      
14.67             172144.9009       128828.5083      
14.675            174044.1292       129683.7623      
14.68             175939.0993       130543.505       
14.685            177829.5664       131409.2228      
14.69             179715.2674       132279.438       
14.695            181595.9223       133155.5809      
14.7              183471.238        134036.1764      
14.705            185340.9049       134922.611       
14.71             187204.5974       135813.4216      
14.715            189061.9728       136709.9419      
14.72             190912.6725       137610.7309      
14.725            192756.3213       138517.0575      
14.73             194592.5275       139427.5152      
14.735            196420.8831       140343.2937      
14.74             198240.9666       141263.0361      
14.745            200052.3366       142187.852       
14.75             201854.5366       143116.4349      
14.755            203647.0949       144049.824       
14.76             205429.5254       144986.7799      
14.765            207201.327        145928.2515      
14.77             208961.9844       146873.0644      
14.775            210710.9687       147822.1017      
14.78             212447.7379       148774.2614      
14.785            214171.7371       149730.3477      
14.79             215882.3999       150689.3289      
14.795            217579.1485       151651.9165      
14.8              219261.3955       152617.1542      
14.805            220928.539        153585.6683      
14.81             222579.9789       154556.5881      
14.815            224215.1017       155530.4678      
14.82             225833.2919       156506.5098      
14.825            227433.9299       157485.2072      
14.83             229016.3931       158465.8423      
14.835            230580.0512       159448.8292      
14.84             232124.2827       160433.5282      
14.845            233648.4611       161420.2772      
14.85             235151.9662       162408.5057      
14.855            236634.1842       163398.5001      
14.86             238094.5059       164389.7622      
14.865            239532.3353       165382.5158      
14.87             240947.0844       166376.3318      
14.875            242338.1767       167371.3831      
14.88             243705.0527       168367.3102      
14.885            245047.1661       169364.2193      
14.89             246363.9959       170361.814       
14.895            247655.0368       171360.1559      
14.9              248919.8025       172359.0028      
14.905            250157.8393       173358.4943      
14.91             251368.7133       174358.4515      
14.915            252552.0195       175358.8867      
14.92             253707.3845       176359.6357      
14.925            254834.4641       177360.6139      
14.93             255932.9479       178361.7046      
14.935            257002.5592       179362.8714      
14.94             258043.0572       180364.0634      
14.945            259054.2373       181365.1565      
14.95             260035.9324       182366.1273      
14.955            260988.0138       183366.7893      
14.96             261910.3927       184367.168       
14.965            262803.0208       185367.1359      
14.97             263665.8905       186366.7728      
14.975            264499.0354       187365.8592      
14.98             265302.53         188364.4873      
14.985            266076.4899       189362.4011      
14.99             266821.072        190359.7332      
14.995            267536.4742       191356.2658      
15                268222.9346       192352.1733      
15.005            268880.7313       193347.1637      
15.01             269510.1812       194341.4233      
15.015            270111.6392       195334.6503      
15.02             270685.4974       196327.0646      
15.025            271232.1836       197318.3438      
15.03             271752.16         198308.7336      
15.035            272245.9218       199297.8596      
15.04             272713.9957       200285.9896      
15.045            273156.9376       201272.7833      
15.05             273575.3314       202258.5434      
15.055            273969.786        203242.8793      
15.06             274340.9339       204226.1031      
15.065            274689.4299       205207.7463      
15.07             275015.9494       206188.1419      
15.075            275321.1871       207166.8571      
15.08             275605.8526       208144.2683      
15.085            275870.6665       209119.8802      
15.09             276116.3577       210094.0832      
15.095            276343.6635       211066.339       
15.1              276553.3253       212037.0666      
15.105            276746.0872       213005.6956      
15.11             276922.6988       213972.6817      
15.115            277083.9081       214937.3754      
15.12             277230.4587       215900.2646      
15.125            277363.0896       216860.6667      
15.13             277482.5331       217819.1156      
15.135            277589.5124       218774.8693      
15.14             277684.7399       219728.5009      
15.145            277768.9152       220679.1465      
15.15             277842.7238       221627.4278      
15.155            277906.8358       222572.4466      
15.16             277961.9047       223514.8983      
15.165            278008.5659       224453.771       
15.17             278047.4358       225389.8155      
15.175            278079.1106       226321.8547      
15.18             278104.1657       227250.7127      
15.185            278123.1552       228175.207       
15.19             278136.6111       229096.2707      
15.195            278145.0432       230012.5178      
15.2              278148.9395       230924.9491      
15.205            278148.7657       231831.994       
15.21             278144.9648       232734.7652      
15.215            278137.9567       233631.6303      
15.22             278128.1379       234523.8426      
15.225            278115.8818       235409.5494      
15.23             278101.5395       236290.1129      
15.235            278085.4405       237163.4723      
15.24             278067.8931       238031.1348      
15.245            278049.1843       238890.8891      
15.25             278029.5806       239744.4091      
15.255            278009.3283       240589.2551      
15.26             277988.6544       241427.2599      
15.265            277967.7672       242255.7507      
15.27             277946.8572       243076.7437      
15.275            277926.0979       243887.3456      
15.28             277905.6467       244689.7745      
15.285            277885.6454       245480.8915      
15.29             277866.2208       246263.1149      
15.295            277847.4855       247033.0489      
15.3              277829.5386       247793.3335      
15.305            277812.4665       248540.3133      
15.31             277796.3438       249276.8579      
15.315            277781.2338       249999.0136      
15.32             277767.1898       250709.8881      
15.325            277754.2556       251405.2803      
15.33             277742.4663       252088.5641      
15.335            277731.8487       252755.2758      
15.34             277722.4221       253409.0447      
15.345            277714.1983       254045.0947      
15.35             277707.1828       254667.3114      
15.355            277701.3755       255270.6544      
15.36             277696.7711       255859.2892      
15.365            277693.3602       256427.9192      
15.37             277691.1298       256980.9847      
15.375            277690.0635       257511.7712      
15.38             277690.1419       258024.9477      
15.385            277691.3427       258516.6669      
15.39             277693.641        258992.364       
15.395            277697.009        259445.6495      
15.4              277701.4161       259881.3602      
15.405            277706.8289       260291.8717      
15.41             277713.2111       260682.4781      
15.415            277720.5231       261047.7611      
15.42             277728.7223       261393.8652      
15.425            277737.7628       261714.1192      
15.43             277747.5952       262014.3914      
15.435            277758.1673       262287.2041      
15.44             277769.4235       262538.6571      
15.445            277781.3054       262762.1854      
15.45             277793.7521       262964.3833      
15.455            277806.7008       263138.3569      
15.46             277820.0869       263290.6894      
15.465            277833.8447       263413.8666      
15.47             277847.9074       263514.556       
15.475            277862.2074       263585.6571      
15.48             277876.6768       263634.141       
15.485            277891.2468       263653.0183      
15.49             277905.8486       263649.3113      
15.495            277920.4137       263615.697       
15.5              277934.8741       263559.1874      
15.505            277949.1622       263472.6796      
15.51             277963.2109       263363.3028      
15.515            277976.9533       263224.1562      
15.52             277990.3229       263062.3846      
15.525            278003.2534       262871.0703      
15.53             278015.679        262657.2656      
15.535            278027.534        262414.2276      
15.54             278038.7535       262149.001       
15.545            278049.2729       261855.0847      
15.55             278059.0277       261539.4419      
15.555            278067.9536       261195.7365      
15.56             278075.9865       260830.7923      
15.565            278083.0621       260438.5361      
15.57             278089.1159       260025.6493      
15.575            278094.0833       259586.3305      
15.58             278097.8992       259127.0795      
15.585            278100.4978       258642.2983      
15.59             278101.8126       258138.2726      
15.595            278101.7762       257609.8295      
15.6              278100.32         257063.0512      
15.605            278097.3743       256492.9236      
15.61             278092.8677       255905.2436      
15.615            278086.7274       255295.3854      
15.62             278078.8789       254668.9075      
15.625            278069.2458       254021.5674      
15.63             278057.7497       253358.6359      
15.635            278044.3093       252675.9663      
15.64             278028.8404       251978.4992      
15.645            278011.2549       251262.6076      
15.65             277991.4608       250532.9933      
15.655            277969.3625       249786.3198      
15.66             277944.8595       249026.9509      
15.665            277917.8478       248251.8311      
15.67             277888.22         247464.997       
15.675            277855.8638       246663.5572      
15.68             277820.662        245851.2365      
15.685            277782.4917       245025.5021      
15.69             277741.2239       244189.8177      
15.695            277696.7232       243341.9949      
15.7              277648.8479       242485.2036      
15.705            277597.4496       241617.3836      
15.71             277542.3728       240741.3905      
15.715            277483.4546       239855.4371      
15.72             277420.5244       238962.1278      
15.725            277353.4035       238059.9662      
15.73             277281.905        237151.2986      
15.735            277205.8338       236234.7422      
15.74             277124.9862       235312.3703      
15.745            277039.151        234383.0068      
15.75             276948.1063       233448.5062      
15.755            276851.6209       232507.8958      
15.76             276749.4539       231562.8105      
15.765            276641.3547       230612.399       
15.77             276527.062        229658.0876      
15.775            276406.3046       228699.194       
15.78             276278.8005       227736.964       
15.785            276144.2572       226770.8309      
15.79             276002.37         225801.8564      
15.795            275852.8268       224829.5691      
15.8              275695.3022       223854.8739      
15.805            275529.4594       222877.4213      
15.81             275354.9496       221897.9778      
15.815            275171.4173       220916.289       
15.82             274978.494        219932.9893      
15.825            274775.8          218947.8735      
15.83             274562.9475       217961.4543      
15.835            274339.5392       216973.6532      
15.84             274105.1703       215984.8842      
15.845            273859.4283       214995.0467      
15.85             273601.8945       214004.4468      
15.855            273332.1437       213013.1179      
15.86             273049.7456       212021.3027      
15.865            272754.2649       211029.077       
15.87             272445.2626       210036.5924      
15.875            272122.2962       209043.8943      
15.88             271784.918        208051.0646      
15.885            271432.6812       207058.2584      
15.89             271065.132        206065.5244      
15.895            270681.8085       205073.0027      
15.9              270282.2489       204080.6643      
15.905            269865.9897       203088.7131      
15.91             269432.5602       202097.0914      
15.915            268981.4884       201105.9645      
15.92             268512.3025       200115.2232      
15.925            268024.5326       199124.9184      
15.93             267517.7115       198134.9212      
15.935            266991.3778       197145.6016      
15.94             266445.077        196156.8731      
15.945            265878.3634       195169.4561      
15.95             265290.8023       194183.1786      
15.955            264681.9704       193197.2394      
15.96             264051.4578       192211.231       
15.965            263398.8689       191225.9241      
15.97             262723.8231       190241.3603      
15.975            262025.956        189257.9703      
15.98             261304.9208       188275.524       
15.985            260560.388        187293.725       
15.99             259792.0482       186312.2457      
15.995            258999.6102       185331.4655      
16                258182.8079       184351.2827      
16.005            257341.3953       183372.0626      
16.01             256475.1498       182393.6193      
16.015            255583.8716       181415.8646      
16.02             254667.382        180438.5325      
16.025            253725.5307       179461.8505      
16.03             252758.1913       178485.6826      
16.035            251765.2649       177510.3047      
16.04             250746.6861       176535.569       
16.045            249702.4117       175561.443       
16.05             248632.4254       174587.7238      
16.055            247536.7463       173614.6244      
16.06             246415.4098       172641.9571      
16.065            245268.4862       171669.9556      
16.07             244096.0733       170698.4987      
16.075            242898.2976       169727.6288      
16.08             241675.3117       168757.1566      
16.085            240427.296        167787.2664      
16.09             239154.4577       166817.8277      
16.095            237857.0308       165849.0375      
16.1              236535.2741       164880.7438      
16.105            235189.4715       163913.0766      
16.11             233819.9303       162945.8703      
16.115            232426.9802       161979.3061      
16.12             231010.9729       161013.232       
16.125            229572.2807       160047.8798      
16.13             228111.2955       159083.0852      
16.135            226628.4275       158119.1474      
16.14             225124.1031       157155.8834      
16.145            223598.7644       156193.4         
16.15             222052.8674       155231.4687      
16.155            220486.8807       154270.4599      
16.16             218901.2842       153310.1922      
16.165            217296.5677       152351.038       
16.17             215673.2294       151392.7538      
16.175            214031.7752       150435.6889      
16.18             212372.7147       149479.5534      
16.185            210696.5651       148524.7399      
16.19             209003.849        147570.9421      
16.195            207295.0932       146618.6753      
16.2              205570.8253       145667.6074      
16.205            203831.57         144718.2542      
16.21             202077.8496       143770.2214      
16.215            200310.1863       142824.1147      
16.22             198529.1036       141879.5009      
16.225            196735.1246       140936.9839      
16.23             194928.7667       139996.0744      
16.235            193110.5405       139057.5321      
16.24             191280.949        138120.833       
16.245            189440.4893       137186.7332      
16.25             187589.6514       136254.6303      
16.255            185728.9176       135325.3563      
16.26             183858.7602       134398.2585      
16.265            181979.6414       133474.2599      
16.27             180092.0137       132552.6508      
16.275            178196.3204       131634.3907      
16.28             176292.995        130718.7017      
16.285            174382.4588       129806.5996      
16.29             172465.1224       128897.2463      
16.295            170541.3848       127991.7415      
16.3              168611.635        127089.1894      
16.305            166676.2508       126190.7202      
16.31             164735.5971       125295.3694      
16.315            162790.028        124404.3182      
16.32             160839.887        123516.5517      
16.325            158885.5049       122633.2984      
16.33             156927.2017       121753.4865      
16.335            154965.2859       120878.3871      
16.34             153000.0553       120006.8783      
16.345            151031.7966       119140.2306      
16.35             149060.7847       118277.2718      
16.355            147087.2844       117419.3019      
16.36             145111.5501       116565.1172      
16.365            143133.8261       115716.0415      
16.37             141154.3461       114870.8398      
16.375            139173.3344       114030.7968      
16.38             137191.0053       113194.647       
16.385            135207.5641       112363.6843      
16.39             133223.2067       111536.6366      
16.395            131238.1204       110714.8803      
16.4              129252.4834       109897.1393      
16.405            127266.4658       109084.5121      
16.41             125280.2288       108275.6808      
16.415            123293.9262       107471.5055      
16.42             121307.7034       106670.7327      
16.425            119321.6981       105874.8121      
16.43             117336.0402       105082.6392      
16.435            115350.8517       104295.1045      
16.44             113366.2475       103510.9744      
16.445            111382.3351       102730.9374      
16.45             109399.2157       101953.8665      
16.455            107416.982        101180.6878      
16.46             105435.7214       100410.4295      
16.465            103455.5162       99643.70064      
16.47             101476.4427       98879.53638      
16.475            99498.57224       98118.34405      
16.48             97521.97224       97359.27125      
16.485            95546.70614       96602.73823      
16.49             93572.83413       95848.04138      
16.495            91600.41349       95095.39289      
16.5              89629.4991        94344.17919      
16.505            87660.14376       93594.41383      
16.51             85692.39854       92845.6131       
16.515            83726.3131        92097.71177      
16.52             81761.93639       91350.38138      
16.525            79799.31692       90603.38677      
16.53             77838.50297       89856.52709      
16.535            75879.54333       89109.3851       
16.54             73922.48787       88361.9016       
16.545            71967.38785       87613.54676      
16.55             70014.2964        86864.41828      
16.555            68063.26898       86113.83816      
16.56             66114.36456       85362.04555      
16.565            64167.64532       84608.22202      
16.57             62223.17756       83852.75052      
16.575            60281.0317        83094.69998      
16.58             58341.28307       82334.59649      
16.585            56404.01231       81571.39183      
16.59             54469.30585       80805.74567      
16.595            52537.25799       80036.51631      
16.6              50607.96792       79264.492        
16.605            48681.54194       78488.43414      
16.61             46758.09455       77709.24595      
16.615            44837.74812       76925.61906      
16.62             42920.63353       76138.56771      
16.625            41006.89048       75346.73431      
16.63             39096.6681        74551.23387      
16.635            37190.12524       73750.62931      
16.64             35287.43101       72946.11257      
16.645            33388.76513       72136.25051      
16.65             31494.31835       71322.31662      
16.655            29604.29293       70502.84193      
16.66             27718.90274       69679.15425      
16.665            25838.37448       68849.77539      
16.67             23962.946         68016.07949      
16.675            22092.86999       67176.59891      
16.68             20228.40965       66332.74184      
16.685            18369.84248       65483.05155      
16.69             16517.45843       64628.958        
16.695            14671.56103       63769.0241       
16.7              12832.46627       62904.68836      
16.705            11000.50529       62034.57613      
16.71             9176.020238       61160.12791      
16.715            7359.367692       60279.99893      
16.72             5550.917797       59395.6107       
16.725            3751.049958       58505.65669      
16.73             1960.162215       57611.53352      
16.735            178.6613945       56712.02568      
16.74             -1593.034329      55808.49899      
16.745            -3354.493955      54899.79798      
16.75             -5105.275521      53987.24169      
16.755            -6844.925089      53069.71129      
16.76             -8572.979603      52148.47242      
16.765            -10288.96519      51222.50925      
16.77             -11992.39924      50293.04172      
16.775            -13682.79037      49359.13528      
16.78             -15359.63937      48421.9422       
16.785            -17022.43983      47480.58197      
16.79             -18670.67893      46536.13574      
16.795            -20303.83833      45587.80609      
16.8              -21921.39504      44636.61026      
16.805            -23522.8224       43681.83604      
16.81             -25107.59104      42724.42962      
16.815            -26675.17001      41763.72264      
16.82             -28225.02782      40800.58429      
16.825            -29756.63362      39834.47757      
16.83             -31269.45842      38866.20871      
16.835            -32762.97633      37895.2709       
16.84             -34236.66593      36922.38159      
16.845            -35690.01136      35947.07532      
16.85             -37122.50437      34970.00055      
16.855            -38533.64419      33990.82741      
16.86             -39922.93764      33010.14836      
16.865            -41289.90451      32027.56039      
16.87             -42634.08217      31043.56493      
16.875            -43955.02584      30057.69657      
16.88             -45252.30932      29070.4146       
16.885            -46525.51201      28081.78633      
16.89             -47774.22616      27092.30282      
16.895            -48998.07718      26101.71249      
16.9              -50196.70837      25110.31354      
16.905            -51369.786        24117.66815      
16.91             -52517.00045      23124.03842      
16.915            -53638.06395      22129.67856      
16.92             -54732.71969      21134.9298       
16.925            -55800.7331       20139.85         
16.93             -56841.89921      19144.52063      
16.935            -57856.04163      18148.74569      
16.94             -58843.01326      17152.63073      
16.945            -59802.69699      16156.34259      
16.95             -60735.00698      15160.01138      
16.955            -61639.88861      14163.80745      
16.96             -62517.31911      13167.76476      
16.965            -63367.30812      12171.94162      
16.97             -64189.89793      11176.30168      
16.975            -64985.16448      10181.0456       
16.98             -65753.21581      9186.138496      
16.985            -66494.19342      8191.828406      
16.99             -67208.26999      7198.026262      
16.995            -67895.65051      6204.957413      
17                -68556.57061      5212.474239      
17.005            -69191.29609      4220.855422      
17.01             -69800.12204      3229.928743      
17.015            -70383.37258      2240.033153      
17.02             -70941.40169      1250.96669       
17.025            -71474.5924       263.0766792      
17.03             -71983.35471      -723.8823139     
17.035            -72468.12245      -1709.531885     
17.04             -72929.35138      -2694.147194     
17.045            -73367.51936      -3677.298107     
17.05             -73783.12599      -4659.291253     
17.055            -74176.69229      -5639.664444     
17.06             -74548.75731      -6618.761238     
17.065            -74899.8769       -7596.085961     
17.07             -75230.62182      -8572.016005     
17.075            -75541.57664      -9546.002049     
17.08             -75833.33833      -10518.45804     
17.085            -76106.51446      -11488.78815     
17.09             -76361.72121      -12457.44508     
17.095            -76599.58193      -13423.78253     
17.1              -76820.7256       -14388.29541     
17.105            -77025.78499      -15350.27314     
17.11             -77215.39549      -16310.25758     
17.115            -77390.19286      -17267.47362     
17.12             -77550.81225      -18222.51052     
17.125            -77697.88632      -19174.52432     
17.13             -77832.04387      -20124.15578     
17.135            -77953.90827      -21070.47951     
17.14             -78064.09627      -22014.19648     
17.145            -78163.21718      -22954.27066     
17.15             -78251.87197      -23891.46767     
17.155            -78330.6522       -24824.70391     
17.16             -78400.13836      -25754.82183     
17.165            -78460.89676      -26680.80563     
17.17             -78513.48141      -27603.29323     
17.175            -78558.43156      -28520.91038     
17.18             -78596.27132      -29434.77922     
17.185            -78627.50998      -30343.45192     
17.19             -78652.64128      -31248.01257     
17.195            -78672.14248      -32146.88288     
17.2              -78686.47361      -33041.27661     
17.205            -78696.07716      -33929.37881     
17.21             -78701.3776       -34812.58284     
17.215            -78702.7814       -35689.18935     
17.22             -78700.67683      -36560.62342     
17.225            -78695.43385      -37424.44633     
17.23             -78687.40417      -38282.16816     
17.235            -78676.9214       -39131.56629     
17.24             -78664.3012       -39974.44986     
17.245            -78649.84151      -40808.72995     
17.25             -78633.82292      -41636.35403     
17.255            -78616.50914      -42454.45654     
17.26             -78598.14704      -43264.9925      
17.265            -78578.96671      -44065.05031     
17.27             -78559.1819       -44856.87722     
17.275            -78538.99075      -45637.54647     
17.28             -78518.57654      -46409.51477     
17.285            -78498.10811      -47169.0896      
17.29             -78477.74036      -47918.83875     
17.295            -78457.61486      -48654.89298     
17.3              -78437.86076      -49380.19431     
17.305            -78418.59549      -50092.90393     
17.31             -78399.92546      -50796.29435     
17.315            -78381.94674      -51484.76827     
17.32             -78364.74591      -52161.03338     
17.325            -78348.40074      -52820.83215     
17.33             -78332.98095      -53467.84338     
17.335            -78318.54898      -54098.47169     
17.34             -78305.16009      -54716.59765     
17.345            -78292.86301      -55316.91472     
17.35             -78281.69999      -55903.14625     
17.355            -78271.70715      -56470.2762      
17.36             -78262.91449      -57022.57139     
17.365            -78255.34587      -57555.151       
17.37             -78249.01891      -58072.53511     
17.375            -78243.94491      -58569.1206      
17.38             -78240.12869      -59049.5131      
17.385            -78237.5684       -59508.07799     
17.39             -78236.25544      -59949.74264     
17.395            -78236.17454      -60368.80166     
17.4              -78237.30392      -60770.41966     
17.405            -78239.61564      -61148.51973     
17.41             -78243.07607      -61508.43118     
17.415            -78247.64636      -61843.97601     
17.42             -78253.28302      -62160.72489     
17.425            -78259.9383       -62452.41145     
17.43             -78267.5608       -62724.81033     
17.435            -78276.09595      -62971.45386     
17.44             -78285.48645      -63198.27372     
17.445            -78295.67257      -63398.71875     
17.45             -78306.59254      -63578.89738     
17.455            -78318.18247      -63732.20908     
17.46             -78330.37737      -63864.91138     
17.465            -78343.11104      -63970.35093     
17.47             -78356.31611      -64054.90409     
17.475            -78369.92455      -64111.85657     
17.48             -78383.86749      -64147.67926     
17.485            -78398.0754       -64155.50848     
17.49             -78412.47815      -64141.89301     
17.495            -78427.00532      -64100.33376     
17.5              -78441.58641      -64037.50925     
17.505            -78456.15072      -63946.82537     
17.51             -78470.62759      -63834.90548     
17.515            -78484.94638      -63695.01534     
17.52             -78499.03641      -63533.76982     
17.525            -78512.82729      -63344.88857     
17.53             -78526.24858      -63135.04931     
17.535            -78539.22979      -62897.97318     
17.54             -78551.70036      -62640.21452     
17.545            -78563.58952      -62355.5463      
17.55             -78574.82652      -62050.445       
17.555            -78585.34045      -61719.11178     
17.56             -78595.0603       -61367.96258     
17.565            -78603.91475      -60991.1169      
17.57             -78611.83221      -60594.79282     
17.575            -78618.74078      -60173.38855     
17.58             -78624.56805      -59733.02756     
17.585            -78629.24087      -59268.49557     
17.59             -78632.68525      -58785.76262     
17.595            -78634.82619      -58279.72243     
17.6              -78635.58744      -57756.11066     
17.605            -78634.8913       -57210.06013     
17.61             -78632.65838      -56647.11396     
17.615            -78628.80729      -56062.77115     
17.62             -78623.25476      -55462.36559     
17.625            -78615.91553      -54841.66594     
17.63             -78606.70169      -54205.7554      
17.635            -78595.52289      -53550.51751     
17.64             -78582.28616      -52880.75457     
17.645            -78566.8956       -52192.77071     
17.65             -78549.25209      -51491.1649      
17.655            -78529.25274      -50772.57977     
17.66             -78506.7911       -50041.32635     
17.665            -78481.75568      -49294.03599     
17.67             -78454.03068      -48534.70655     
17.675            -78423.49492      -47760.57437     
17.68             -78390.02185      -46975.46778     
17.685            -78353.47961      -46176.71726     
17.69             -78313.7306       -45367.80631     
17.695            -78270.63115      -44545.99477     
17.7              -78224.03119      -43714.50023     
17.705            -78173.77374      -42871.56682     
17.71             -78119.69456      -42020.28937     
17.715            -78061.62183      -41158.50982     
17.72             -77999.37587      -40288.87318     
17.725            -77932.769        -39409.44375     
17.73             -77861.60546      -38522.71208     
17.735            -77785.68084      -37627.42371     
17.74             -77704.78338      -36725.85757     
17.745            -77618.6933       -35816.59579     
17.75             -77527.18281      -34901.65255     
17.755            -77430.01531      -33979.70989     
17.76             -77326.94839      -33052.56686     
17.765            -77217.73221      -32119.28894     
17.77             -77102.10843      -31181.65373     
17.775            -76979.81388      -30238.59185     
17.78             -76850.57753      -29291.52796     
17.785            -76714.12034      -28339.78787     
17.79             -76570.15555      -27384.65529     
17.795            -76418.3882       -26425.44633     
17.8              -76258.51431      -25463.2056      
17.805            -76090.22047      -24497.31674     
17.81             -75913.18138      -23528.81115     
17.815            -75727.06263      -22557.7212      
17.82             -75531.51991      -21584.70242     
17.825            -75326.19629      -20609.44617     
17.83             -75110.72328      -19632.5632      
17.835            -74884.7223       -18653.35191     
17.84             -74647.80522      -17672.33399     
17.845            -74399.57536      -16689.6062      
17.85             -74139.62893      -15705.7448      
17.855            -73867.55594      -14721.58434     
17.86             -73582.94109      -13737.52222     
17.865            -73285.36517      -12752.22543     
17.87             -72974.40527      -11765.5981      
17.875            -72649.63596      -10778.24299     
17.88             -72310.62908      -9790.581083     
17.885            -71956.95384      -8803.131064     
17.89             -71588.18137      -7816.054839     
17.895            -71203.88006      -6828.881573     
17.9              -70803.6177       -5841.452276     
17.905            -70386.96137      -4854.059185     
17.91             -69953.4828       -3866.841373     
17.915            -69502.75241      -2880.183238     
17.92             -69034.34281      -1894.024305     
17.925            -68547.83112      -908.3832537     
17.93             -68042.80004      76.91176782      
17.935            -67518.83867      1061.644354      
17.94             -66975.5433       2045.92726       
17.945            -66412.51758      3029.424991      
17.95             -65829.37323      4012.280624      
17.955            -65225.7305       4994.356046      
17.96             -64601.22172      5975.825978      
17.965            -63955.49061      6956.505027      
17.97             -63288.19435      7936.597876      
17.975            -62599.00449      8915.799806      
17.98             -61887.60733      9894.319837      
17.985            -61153.70582      10871.92878      
17.99             -60397.02176      11848.83528      
17.995            -59617.29374      12824.91156      
18                -58814.28136      13800.40312      
18.005            -57987.7615       14774.93564      
18.01             -57137.5343       15748.67989      
18.015            -56263.41794      16721.53634      
18.02             -55365.25183      17693.70604      
18.025            -54442.89932      18664.982        
18.03             -53496.24783      19635.66882      
18.035            -52525.2029       20605.20522      
18.04             -51529.69879      21573.92852      
18.045            -50509.69735      22542.07425      
18.05             -49465.1714       23509.88053      
18.055            -48396.11847      24476.69917      
18.06             -47302.56221      25442.63077      
18.065            -46184.54955      26407.38593      
18.07             -45042.14938      27371.24933      
18.075            -43875.45641      28334.40102      
18.08             -42684.58553      29297.15068      
18.085            -41469.67486      30258.88355      
18.09             -40230.88772      31219.71396      
18.095            -38968.40879      32179.46019      
18.1              -37682.44548      33138.42083      
18.105            -36373.22696      34096.3563       
18.11             -35041.00344      35053.52538      
18.115            -33686.0461       36009.57495      
18.12             -32308.64622      36964.75193      
18.125            -30909.10789      37918.64674      
18.13             -29487.76421      38871.53676      
18.135            -28044.96532      39823.16609      
18.14             -26581.07677      40773.86259      
18.145            -25096.46856      41723.1518       
18.15             -23591.52434      42671.3349       
18.155            -22066.64002      43617.90006      
18.16             -20522.23354      44563.19744      
18.165            -18958.73536      45506.88249      
18.17             -17376.58297      46449.37151      
18.175            -15776.22066      47390.03602      
18.18             -14158.09998      48329.26106      
18.185            -12522.67967      49266.42529      
18.19             -10870.42564      50201.99642      
18.195            -9201.80794       51135.41749      
18.2              -7517.302571      52067.20861      
18.205            -5817.385908      52996.67551      
18.21             -4102.535335      53924.34955      
18.215            -2373.230383      54849.41633      
18.22             -629.9539039      55772.4527       
18.225            1126.814967       56692.73812      
18.23             2896.600854       57610.92784      
18.235            4678.928289       58526.14712      
18.24             6473.323728       59439.0715       
18.245            8279.319477       60348.78853      
18.25             10096.45303       61256.03961      
18.255            11924.26627       62159.87003      
18.26             13762.30551       63061.07527      
18.265            15610.12329       63958.64141      
18.27             17467.27909       64853.42332      
18.275            19333.33902       65744.33218      
18.28             21207.87737       66632.27591      
18.285            23090.47605       67516.1308       
18.29             24980.72295       68396.84933      
18.295            26878.21431       69273.29181      
18.3              28782.55578       70146.47642      
18.305            30693.36248       71015.18921      
18.31             32610.25647       71880.49985      
18.315            34532.87137       72741.13307      
18.32             36460.8477        73598.18166      
18.325            38393.83803       74450.271        
18.33             40331.50336       75298.55904      
18.335            42273.51329       76141.86336      
18.34             44219.54844       76981.41894      
18.345            46169.29865       77816.43652      
18.35             48122.46568       78648.15195      
18.355            50078.75933       79474.76693      
18.36             52037.89926       80297.33968      
18.365            53999.61922       81114.65507      
18.37             55963.65622       81928.03919      
18.375            57929.76322       82736.57297      
18.38             59897.69997       83541.56593      
18.385            61867.23771       84341.63959      
18.39             63838.15518       85137.94171      
18.395            65810.24195       85929.31262      
18.4              67783.29544       86716.98046      
18.405            69757.12264       87500.03928      
18.41             71731.53931       88279.71003      
18.415            73706.37002       89054.93346      
18.42             75681.44733       89826.81973      
18.425            77656.61173       90594.43288      
18.43             79631.71148       91358.86828      
18.435            81606.60247       92119.3876       
18.44             83581.14777       92877.04122      
18.445            85555.21733       93631.10171      
18.45             87528.68754       94382.51576      
18.455            89501.44081       95130.66578      
18.46             91473.36522       95876.42816      
18.465            93444.35399       96619.35994      
18.47             95414.30504       97360.25663      
18.475            97383.12053       98098.78106      
18.48             99350.70649       98835.61429      
18.485            101316.9723       99570.52918      
18.49             103281.8302       100304.0948      
18.495            105245.1952       101036.2451      
18.5              107206.9843       101767.4395      
18.505            109167.1162       102497.7543      
18.51             111125.5109       103227.5214      
18.515            113082.0891       103956.9213      
18.52             115036.7723       104686.1523      
18.525            116989.4817       105415.5356      
18.53             118940.138        106145.1466      
18.535            120888.6601       106875.4339      
18.54             122834.9674       107606.3457      
18.545            124778.9761       108338.5045      
18.55             126720.5996       109071.7268      
18.555            128659.7489       109806.7254      
18.56             130596.3314       110543.1733      
18.565            132530.2508       111281.8846      
18.57             134461.4067       112022.406       
18.575            136389.6937       112765.7028      
18.58             138315.0002       113511.2036      
18.585            140237.2127       114259.9571      
18.59             142156.2094       115011.2609      
18.595            144071.8614       115766.2499      
18.6              145984.0342       116524.1081      
18.605            147892.5861       117286.0524      
18.61             149797.3677       118051.1632      
18.615            151698.2218       118820.7288      
18.62             153594.9832       119593.7319      
18.625            155487.4782       120371.5141      
18.63             157375.524        121152.9669      
18.635            159258.929        121939.4848      
18.64             161137.4925       122729.8819      
18.645            163011.0041       123525.5825      
18.65             164879.2437       124325.3316      
18.655            166741.9812       125130.5699      
18.66             168598.9765       125939.986       
18.665            170449.9793       126755.037       
18.67             172294.7287       127574.3678      
18.675            174132.9533       128399.4259      
18.68             175964.371        129228.8208      
18.685            177788.6892       130064.0023      
18.69             179605.6043       130903.5605      
18.695            181414.8022       131748.9192      
18.7              183215.9581       132598.6537      
18.705            185008.7366       133454.1479      
18.71             186792.7919       134313.9759      
18.715            188567.7678       135179.4979      
18.72             190333.2979       136049.3011      
18.725            192089.0061       136924.6986      
18.73             193834.5065       137804.2934      
18.735            195569.4036       138689.3354      
18.74             197293.2934       139578.4533      
18.745            199005.7626       140472.8531      
18.75             200706.3902       141371.2019      
18.755            202394.7471       142274.6467      
18.76             204070.3971       143181.8951      
18.765            205732.8976       144094.0192      
18.77             207381.7997       145009.7727      
18.775            209016.6496       145930.1611      
18.78             210636.9893       146853.9941      
18.785            212242.3573       147782.2141      
18.79             213832.2896       148713.6902      
18.795            215406.3214       149649.2885      
18.8              216963.9867       150587.9379      
18.805            218504.8214       151530.4396      
18.81             220028.3627       152475.7887      
18.815            221534.1512       153424.7021      
18.82             223021.7313       154376.2401      
18.825            224490.6523       155331.0599      
18.83             225940.4696       156288.2946      
18.835            227370.7453       157248.5348      
18.84             228781.0481       158210.9802      
18.845            230170.9562       159176.1335      
18.85             231540.055        160143.2611      
18.855            232887.941        161112.8152      
18.86             234214.2206       162084.1385      
18.865            235518.5119       163057.6132      
18.87             236800.4462       164032.649       
18.875            238059.6678       165009.5639      
18.88             239295.8368       165987.835       
18.885            240508.6297       166967.7078      
18.89             241697.7377       167948.7242      
18.895            242862.8688       168931.1019      
18.9              244003.7546       169914.4537      
18.905            245120.1533       170899.0216      
18.91             246211.849        171884.4738      
18.915            247278.6445       172870.9674      
18.92             248320.3563       173858.2001      
18.925            249336.8223       174846.1936      
18.93             250327.908        175834.6876      
18.935            251293.5082       176823.7267      
18.94             252233.5433       177813.1318      
18.945            253147.9575       178802.8737      
18.95             254036.7202       179792.8172      
18.955            254899.8275       180782.8646      
18.96             255737.3025       181772.9309      
18.965            256549.1944       182762.9183      
18.97             257335.5787       183752.802       
18.975            258096.5574       184742.4204      
18.98             258832.2588       185731.7873      
18.985            259542.8374       186720.6826      
18.99             260228.4734       187709.1656      
18.995            260889.3726       188697.0004      
19                261525.7646       189684.2979      
19.005            262137.9029       190670.7613      
19.01             262726.0647       191656.5398      
19.015            263290.5523       192641.3045      
19.02             263831.6929       193625.2503      
19.025            264349.8367       194607.9943      
19.03             264845.353        195589.7718      
19.035            265318.6283       196570.1575      
19.04             265770.0676       197549.4319      
19.045            266200.0945       198527.1579      
19.05             266609.152        199503.6612      
19.055            266997.6994       200478.3875      
19.06             267366.2111       201451.6929      
19.065            267715.1751       202423.0258      
19.07             268045.0922       203392.8046      
19.075            268356.4747       204360.4109      
19.08             268649.8454       205326.3018      
19.085            268925.7356       206289.7813      
19.09             269184.6857       207251.3536      
19.095            269427.2377       208210.2849      
19.1              269653.9416       209167.1371      
19.105            269865.3528       210121.08        
19.11             270062.0288       211072.7252      
19.115            270244.5285       212021.1608      
19.12             270413.4103       212967.0629      
19.125            270569.2304       213909.4977      
19.13             270712.5423       214849.2117      
19.135            270843.8967       215785.1129      
19.14             270963.8405       216718.0003      
19.145            271072.9155       217646.704       
19.15             271171.6565       218572.1122      
19.155            271260.591        219492.9606      
19.16             271340.238        220410.2207      
19.165            271411.1078       221322.5231      
19.17             271473.7006       222230.926       
19.175            271528.506        223133.9037      
19.18             271576.0026       224032.6055      
19.185            271616.6564       224925.4074      
19.19             271650.9215       225813.5727      
19.195            271679.2386       226695.3304      
19.2              271702.0355       227572.0511      
19.205            271719.7267       228441.8046      
19.21             271732.713        229306.0807      
19.215            271741.3811       230162.8056      
19.22             271746.1028       231013.6019      
19.225            271747.2349       231856.2139      
19.23             271745.1185       232692.3997      
19.235            271740.0802       233519.7425      
19.24             271732.4321       234340.152       
19.245            271722.4718       235151.0266      
19.25             271710.4824       235954.4303      
19.255            271696.7329       236747.5621      
19.26             271681.4773       237532.6496      
19.265            271664.9555       238306.7092      
19.27             271647.3936       239072.1432      
19.275            271629.0038       239825.7561      
19.28             271609.9852       240570.1285      
19.285            271590.5238       241301.8364      
19.29             271570.7932       242023.6495      
19.295            271550.9547       242731.9985      
19.3              271531.1574       243429.857       
19.305            271511.5384       244113.3946      
19.31             271492.2232       244785.7667      
19.315            271473.3266       245442.8817      
19.32             271454.9528       246088.1026      
19.325            271437.1963       246717.2443      
19.33             271420.1423       247333.9017      
19.335            271403.8669       247932.4801      
19.34             271388.4377       248516.7166      
19.345            271373.9146       249083.7309      
19.35             271360.3499       249637.9603      
19.355            271347.7885       250174.5171      
19.36             271336.2685       250697.2638      
19.365            271325.8219       251199.7099      
19.37             271316.4752       251685.9893      
19.375            271308.2498       252151.6938      
19.38             271301.1624       252601.8058      
19.385            271295.225        253031.1254      
19.39             271290.4449       253444.4227      
19.395            271286.8251       253835.4784      
19.4              271284.364        254209.163       
19.405            271283.0554       254559.9619      
19.41             271282.8887       254893.2169      
19.415            271283.8486       255203.1932      
19.42             271285.9147       255495.2853      
19.425            271289.0615       255763.2411      
19.43             271293.2582       256012.5489      
19.435            271298.4689       256237.1546      
19.44             271304.6527       256442.8091      
19.445            271311.7641       256623.3944      
19.45             271319.7537       256784.7625      
19.455            271328.5682       256920.5663      
19.46             271338.1511       257036.7431      
19.465            271348.4431       257127.0013      
19.47             271359.3825       257197.4178      
19.475            271370.9057       257241.7107      
19.48             271382.9477       257266.0348      
19.485            271395.4417       257264.0608      
19.49             271408.3196       257241.9862      
19.495            271421.5126       257193.529       
19.5              271434.9512       257124.9408      
19.505            271448.5648       257029.9921      
19.51             271462.2822       256914.9502      
19.515            271476.0317       256773.6501      
19.52             271489.7411       256612.3729      
19.525            271503.3375       256425.0461      
19.53             271516.7475       256217.8947      
19.535            271529.8972       255984.9765      
19.54             271542.7123       255732.4961      
19.545            271555.1184       255454.6042      
19.55             271567.0405       255157.4216      
19.555            271578.4035       254835.2863      
19.56             271589.132        254494.2429      
19.565            271599.15         254128.8127      
19.57             271608.3803       253744.9281      
19.575            271616.7453       253337.2774      
19.58             271624.1661       252911.6549      
19.585            271630.5626       252462.9644      
19.59             271635.8537       251996.8566      
19.595            271639.9568       251508.3493      
19.6              271642.7879       251002.9197      
19.605            271644.2613       250476.0089      
19.61             271644.2897       249932.9516      
19.615            271642.7838       249369.4544      
19.62             271639.6523       248790.6134      
19.625            271634.8013       248191.9342      
19.63             271628.1349       247578.2458      
19.635            271619.5543       246945.6322      
19.64             271608.9574       246298.8373      
19.645            271596.2387       245634.276       
19.65             271581.2885       244956.4368      
19.655            271563.993        244261.7226      
19.66             271544.2344       243554.3243      
19.665            271521.8909       242830.9959      
19.67             271496.8365       242095.7504      
19.675            271468.9413       241345.6415      
19.68             271438.0694       240584.4472      
19.685            271404.0803       239809.3613      
19.69             271366.8283       239023.8924      
19.695            271326.1616       238225.5016      
19.7              271281.9222       237417.4804      
19.705            271233.9462       236597.5222      
19.71             271182.0632       235768.6812      
19.715            271126.096        234928.8401      
19.72             271065.8606       234080.8145      
19.725            271001.1658       233222.7077      
19.73             270931.8131       232357.1171      
19.735            270857.5964       231482.3342      
19.74             270778.3019       230600.736       
19.745            270693.709        229710.7944      
19.75             270603.5872       228814.6748      
19.755            270507.6978       227911.0336      
19.76             270405.7948       227001.8314      
19.765            270297.6233       226085.8817      
19.77             270182.9201       225164.9524      
19.775            270061.4132       224238.013       
19.78             269932.8218       223306.6474      
19.785            269796.8563       222369.9659      
19.79             269653.2194       221429.3722      
19.795            269501.6059       220484.1105      
19.8              269341.7036       219535.4222      
19.805            269173.1941       218582.6882      
19.81             268995.7531       217626.9989      
19.815            268809.0513       216667.8167      
19.82             268612.7547       215706.0816      
19.825            268406.5252       214741.3908      
19.83             268190.0204       213774.5578      
19.835            267962.893        212805.2275      
19.84             267724.7908       211834.0804      
19.845            267475.3554       210860.9066      
19.85             267214.2226       209886.2851      
19.855            266941.0218       208910.0513      
19.86             266655.376        207932.6655      
19.865            266356.9013       206954.0391      
19.87             266045.206        205974.5398      
19.875            265719.8943       204993.9368      
19.88             265380.5629       204012.5035      
19.885            265026.8044       203030.4441      
19.89             264658.207        202048.0292      
19.895            264274.3615       201065.8795      
19.9              263874.8612       200084.1271      
19.905            263459.297        199101.89        
19.91             263027.2634       198119.0014      
19.915            262578.3606       197136.121       
19.92             262112.1939       196153.4696      
19.925            261628.3748       195171.4943      
19.93             261126.5199       194190.1326      
19.935            260606.2521       193209.1572      
19.94             260067.2005       192228.3518      
19.945            259509.0036       191248.0589      
19.95             258931.3101       190268.2258      
19.955            258333.7804       189289.3154      
19.96             257716.0849       188311.1894      
19.965            257077.9052       187333.9132      
19.97             256418.9344       186357.2275      
19.975            255738.8785       185381.3813      
19.98             255037.4552       184406.1839      
19.985            254314.3949       183432.0305      
19.99             253569.4427       182458.7178      
19.995            252802.3607       181486.4723      
20                252012.9306       180515.0212      
