# Probe 0 (0 0 0)
# Probe 1 (0 500 0)
# Time            0                 1                
0.005             (-1.455192904e-21 -4.365587302e-14 -1.455194761e-15) (-2.546449338e-21 8.424184672e-15 -1.455191121e-15)
0.01              (5.017899262e-16 -7.498649098e-14 1.003589341e-16) (5.017879253e-16 2.072160172e-14 -9.032177657e-16)
0.015             (-9.024976014e-13 -8.252591128e-14 9.04228781e-13) (1.556538099e-10 -0.003202558851 1.719706754e-10)
0.02              (3.368751502e-11 -8.198060471e-14 -3.368879459e-11) (3.145727491e-10 -0.009102354109 -2.985920912e-11)
0.025             (-3.042967654e-12 -9.084546245e-14 3.042340413e-12) (1.0560282e-10 -0.008119028973 1.777342883e-10)
0.03              (-5.013679362e-12 -1.063892474e-13 5.015460723e-12) (1.448794262e-10 -0.0001741590796 7.939507389e-11)
0.035             (-9.016597619e-12 -1.241420924e-13 9.015543856e-12) (7.609791412e-11 0.006262843144 -4.183201234e-11)
0.04              (-2.781943387e-13 -1.185616188e-13 2.755599326e-13) (-5.904691832e-11 0.008192451822 -4.99980957e-11)
0.045             (4.057495716e-11 -9.516322397e-14 -4.057207186e-11) (7.251419315e-10 0.004729224758 -2.853656798e-10)
0.05              (5.795966621e-12 -8.310806796e-14 -5.794611784e-12) (-4.052205326e-10 -0.002596112422 -1.98978596e-10)
0.055             (6.440366341e-12 -9.294593135e-14 -6.440817953e-12) (-2.035203726e-10 -0.006049939619 -8.682581039e-11)
0.06              (-1.667837159e-12 -1.054033047e-13 1.667385549e-12) (5.237687428e-10 -0.003410073165 3.351384393e-10)
0.065             (8.93153526e-12 -1.154838315e-13 -8.93198687e-12) (4.017152996e-10 0.001450646166 4.06670975e-10)
0.07              (6.765575888e-13 -1.141434984e-13 -6.745002392e-13) (2.807363853e-10 0.005361309356 3.025505021e-10)
0.075             (5.396736783e-12 -9.891019697e-14 -5.398568318e-12) (6.341543423e-10 0.004504299585 -1.973052025e-10)
0.08              (2.824893597e-11 -7.93991204e-14 -2.824951302e-11) (-5.864183854e-11 -9.612421332e-05 2.598180276e-10)
0.085             (1.064417182e-11 -7.438433845e-14 -1.064617898e-11) (-1.251635293e-10 -0.00352045623 -4.240389823e-10)
0.09              (-2.707128249e-12 -6.20206588e-14 2.706777006e-12) (2.153316355e-11 -0.004231461192 9.923138165e-13)
0.095             (-8.725468299e-12 -3.835372687e-14 8.722959356e-12) (2.209408546e-11 -0.002215730545 -1.914131967e-11)
0.1               (-4.943664012e-12 -2.454308354e-14 4.939574433e-12) (5.518778907e-11 0.001610291476 2.387027169e-10)
0.105             (-3.538370823e-12 -3.182886511e-14 3.537292001e-12) (9.732954434e-12 0.003219011541 -1.081938485e-10)
0.11              (-1.394691055e-12 -5.063037647e-14 1.392959912e-12) (-3.612035003e-10 0.001543506538 -4.400286627e-10)
0.115             (3.997713947e-12 -6.986272314e-14 -3.998341144e-12) (-2.073599015e-10 -0.001037299217 -3.048839816e-10)
0.12              (1.163267547e-12 -8.359966553e-14 -1.163493305e-12) (-4.953958908e-11 -0.002786879133 -2.290515507e-10)
0.125             (5.06359454e-12 -8.2757204e-14 -5.064547891e-12) (3.765904379e-10 -0.002053855899 4.662827261e-10)
0.13              (7.619339831e-13 -6.81056674e-14 -7.63614927e-13) (2.540568064e-10 0.0004580469023 1.87054486e-11)
0.135             (3.760308874e-13 -5.094830798e-14 -3.789412153e-13) (3.318295999e-11 0.002080809463 1.561973839e-10)
0.14              (-2.956042226e-12 -3.597374289e-14 2.95518925e-12) (6.489966373e-12 0.002128897297 -1.227930448e-10)
0.145             (-2.063988337e-13 -2.732253846e-14 2.031623517e-13) (-1.767164207e-10 0.0008848344611 -7.333270658e-11)
0.15              (5.544428894e-13 -2.731469773e-14 -5.562492609e-13) (-2.993664283e-10 -0.001067657724 -2.716623598e-10)
0.155             (1.3660157e-12 -3.491919536e-14 -1.364460065e-12) (-6.593237146e-11 -0.001672776815 -5.81188337e-12)
0.16              (-2.142913995e-12 -4.311604253e-14 2.143867481e-12) (1.540728922e-10 -0.0005540989426 4.642572981e-11)
0.165             (6.288745594e-14 -4.823667073e-14 -6.110601171e-14) (7.053623246e-11 0.0008330377113 1.3573026e-10)
0.17              (-1.05397559e-12 -5.091537621e-14 1.054929078e-12) (9.148972194e-11 0.001603418968 -2.281739862e-13)
0.175             (2.280481087e-12 -5.413350786e-14 -2.278699644e-12) (-4.242526759e-11 0.001089848431 1.108663271e-11)
0.18              (1.061494136e-11 -5.774836866e-14 -1.061348608e-11) (-1.115788967e-10 -0.0002893449099 -6.383837018e-11)
0.185             (-7.413096575e-13 -5.976220003e-14 7.408079493e-13) (-1.079626474e-11 -0.001084486412 -5.050435255e-11)
0.19              (-2.490957083e-12 -5.240154133e-14 2.49027975e-12) (3.570004928e-11 -0.0009512327906 5.640013382e-11)
0.195             (1.022237882e-12 -3.500387059e-14 -1.024194782e-12) (5.720721453e-11 -0.0002208004552 3.713190584e-11)
0.2               (-1.08942745e-12 -8.974596849e-15 1.090305675e-12) (5.508384811e-11 0.0007267868786 5.173425815e-11)
0.205             (6.955213017e-13 1.575354646e-14 -6.960731808e-13) (5.640788087e-12 0.0009019307009 -3.747596673e-11)
0.21              (-6.878934411e-13 3.339897694e-14 6.869903107e-13) (-8.280637373e-11 0.0002189763935 -9.136225248e-11)
0.215             (3.375182092e-13 4.353595558e-14 -3.384715169e-13) (-4.282340721e-11 -0.000493139968 -8.699303421e-11)
0.22              (-5.926781557e-13 4.476730583e-14 5.930044196e-13) (6.324799371e-12 -0.0008148042921 -3.906369515e-11)
0.225             (1.299854811e-12 4.024451542e-14 -1.302363663e-12) (-9.273276712e-12 -0.0005088289539 7.041163347e-12)
0.23              (-6.099144762e-13 3.467305856e-14 6.068285719e-13) (5.205920038e-11 0.0002383873164 6.876752902e-11)
0.235             (6.079092396e-13 2.813486843e-14 -6.08034568e-13) (5.720816957e-11 0.0006280564684 3.781048211e-11)
0.24              (-9.814408637e-13 2.188873681e-14 9.814409845e-13) (-1.498054884e-11 0.0004441579519 -2.526866743e-11)
0.245             (1.620926757e-12 1.718796713e-14 -1.621378248e-12) (-3.706517638e-11 2.497726287e-06 -5.883378857e-11)
0.25              (1.050489922e-12 1.745689637e-14 -1.048432456e-12) (-2.44843415e-11 -0.0004373765991 -3.933236385e-11)
0.255             (-2.762223877e-13 2.018186126e-14 2.784052991e-13) (1.370978497e-11 -0.0004410257917 -2.611181795e-11)
0.26              (-6.97275677e-13 1.463941426e-14 7.025195153e-13) (6.37342965e-11 -3.211691224e-05 2.013167446e-11)
0.265             (4.299747543e-13 -1.268746122e-14 -4.24655649e-13) (5.932065466e-11 0.0003286267026 2.864596707e-11)
0.27              (4.722006896e-13 -7.269666381e-14 -4.71573338e-13) (1.020191355e-10 0.0004489568827 4.661463653e-11)
0.275             (2.339500266e-13 -1.907071179e-13 -2.331219594e-13) (8.023669318e-12 0.0002677681664 -2.157956165e-11)
0.28              (-6.889703887e-13 -4.509810353e-13 6.912034734e-13) (-1.467861638e-11 -0.0001264600911 -4.718963645e-11)
0.285             (2.02889445e-13 -1.067605143e-12 -2.014341365e-13) (-3.433286251e-11 -0.0003176254331 -4.785951943e-11)
0.29              (-3.050240551e-13 -2.550805261e-12 3.075331265e-13) (-1.670245801e-11 -0.0001851593697 -5.800695657e-11)
0.295             (1.076509169e-12 -6.122485583e-12 -1.074326263e-12) (-5.981915568e-12 7.024543665e-05 -3.58415911e-11)
0.3               (7.904748237e-14 -1.463420032e-11 -7.932335454e-14) (1.452400009e-11 0.0002824482509 1.181048368e-12)
0.305             (-4.950272775e-13 -3.45570514e-11 4.963571429e-13) (-2.572918987e-11 0.0002444952407 -6.097083068e-11)
0.31              (7.508362313e-14 -8.021056397e-11 -7.563547342e-14) (1.064111016e-11 4.830215879e-06 -6.138352958e-11)
0.315             (6.283998368e-14 -1.825588202e-10 -6.474666876e-14) (4.744092924e-11 -0.0001766398075 1.737981412e-11)
0.32              (-1.314037851e-15 -4.069945034e-10 -1.094438551e-15) (6.891041484e-12 -0.0002154781634 -2.64635578e-11)
0.325             (6.445672697e-13 -8.888597635e-10 -6.396746828e-13) (3.720118405e-11 -0.0001092680112 1.561139312e-11)
0.33              (-1.109370683e-12 -1.901772015e-09 1.119657517e-12) (5.974028855e-11 9.320997478e-05 2.006093846e-11)
0.335             (8.584308746e-13 -3.986331727e-09 -8.492480026e-13) (3.285264378e-11 0.0001782265006 2.707181622e-11)
0.34              (-7.387325122e-14 -8.187137846e-09 8.416004384e-14) (5.909089424e-12 8.921425545e-05 -1.618869614e-11)
0.345             (-2.025968773e-12 -1.647792339e-08 2.034148019e-12) (-4.386492358e-11 -4.728284875e-05 -1.108640157e-10)
0.35              (-1.23690114e-12 -3.250527737e-08 1.239209403e-12) (-6.438119071e-11 -0.0001393940827 -9.978534013e-11)
0.355             (1.060693014e-13 -6.285399645e-08 -1.017789809e-13) (2.705864244e-12 -9.981921042e-05 -2.846709582e-11)
0.36              (1.128570377e-12 -1.191510167e-07 -1.145054259e-12) (-5.134441532e-11 3.454780299e-05 -8.140017149e-11)
0.365             (2.844561821e-13 -2.214621431e-07 -2.804920708e-13) (-3.855212815e-11 0.0001187614311 -4.512617557e-11)
0.37              (-4.973856034e-13 -4.03634371e-07 4.343354023e-13) (1.055354113e-11 0.0001159044829 -1.301673171e-11)
0.375             (-4.461275552e-13 -7.214434595e-07 5.047869359e-13) (-4.95402498e-11 4.853131909e-05 -8.274853392e-11)
0.38              (8.614916396e-13 -1.264652576e-06 -9.735669124e-13) (4.244251397e-12 -5.17050232e-05 -3.539192572e-11)
0.385             (-3.712101089e-13 -2.174312104e-06 3.209054077e-13) (1.674742089e-11 -8.120463099e-05 -3.440298358e-11)
0.39              (-3.210308927e-13 -3.66666957e-06 -1.713523803e-13) (3.531267505e-11 -2.150792763e-05 -9.056856596e-11)
0.395             (4.321981067e-14 -6.06517508e-06 -3.661479787e-13) (4.348705741e-11 5.123799248e-05 -8.845679821e-12)
0.4               (-1.675327318e-13 -9.841201406e-06 -5.852553579e-13) (4.77631164e-11 9.100382675e-05 1.967494819e-11)
0.405             (2.580367514e-13 -1.566343324e-05 -6.164668374e-13) (8.99335755e-12 6.417481535e-05 1.436659141e-12)
0.41              (-7.964440349e-14 -2.445428589e-05 1.742137325e-14) (3.218456814e-11 -6.956254495e-06 -1.007026345e-11)
0.415             (-3.571212503e-12 -3.744898084e-05 -8.237326795e-13) (9.618857784e-11 -4.689608059e-05 -1.007132376e-11)
0.42              (-1.155160931e-12 -5.625042232e-05 -1.286560876e-12) (4.964245463e-12 -3.88689299e-05 -2.465539533e-11)
0.425             (-1.499724565e-13 -8.286821773e-05 -1.730145259e-12) (-3.967030122e-11 5.710246313e-06 -1.526400139e-11)
0.43              (-8.941551711e-13 -0.0001197273796 -2.735710969e-12) (2.8826432e-11 6.509128822e-05 1.907081245e-11)
0.435             (-6.859406427e-12 -0.0001696292429 -1.104537359e-12) (-1.912755063e-11 8.234406948e-05 -5.824091282e-11)
0.44              (4.691789499e-12 -0.000235645931 1.554758232e-12) (-6.540259894e-11 5.151122216e-05 -6.645364171e-11)
0.445             (-5.679068554e-12 -0.0003209312646 -4.422938126e-12) (-1.878306728e-12 3.232092137e-05 2.014593693e-10)
0.45              (3.576706207e-12 -0.0004284375672 1.119201698e-12) (-3.311051699e-11 4.335453938e-05 1.186495224e-10)
0.455             (1.901549344e-12 -0.0005605387652 1.530997166e-12) (4.426290402e-11 9.004224581e-05 6.223797021e-11)
0.46              (-1.173102508e-13 -0.0007185770512 4.777857781e-13) (-1.042526858e-11 0.0001533691289 -1.177236832e-11)
0.465             (2.656742692e-12 -0.0009023690228 -1.142449846e-12) (6.348249141e-12 0.0002122248849 -2.64857877e-11)
0.47              (1.062936879e-11 -0.001109728488 1.090452789e-11) (8.699942122e-11 0.0002552181818 4.72025826e-11)
0.475             (6.305384018e-12 -0.001336081662 -1.956711101e-12) (3.571662135e-11 0.000321776198 1.950409889e-11)
0.48              (-2.41262437e-12 -0.001574260026 -5.520070525e-14) (3.378964428e-11 0.0004076044627 1.192354281e-11)
0.485             (1.085562059e-12 -0.001814553946 -2.185810605e-12) (-2.367911357e-11 0.0005452672307 2.651848537e-11)
0.49              (-1.138751441e-12 -0.002045090001 5.160420922e-12) (1.984740588e-11 0.000708062109 6.940152661e-12)
0.495             (1.679260625e-12 -0.002252559972 -2.840294938e-12) (-2.428849272e-11 0.0009111980848 -4.463243675e-12)
0.5               (-3.41489973e-12 -0.002423277654 2.648451912e-13) (5.570324544e-11 0.001120750234 7.241698246e-12)
0.505             (6.154188331e-13 -0.002544472162 4.661651869e-13) (2.187661865e-11 0.001383428204 -4.616338836e-12)
0.51              (5.78965406e-13 -0.002605665335 1.441373287e-12) (5.751030658e-11 0.001663514976 3.664912892e-11)
0.515             (-8.257001071e-12 -0.00259994491 6.573737549e-12) (-5.57987618e-11 0.002016078317 -2.556565749e-11)
0.52              (6.87415301e-12 -0.002524941384 2.580849463e-12) (6.442463969e-11 0.002389855577 3.559562214e-11)
0.525             (1.676800639e-11 -0.002383344554 3.160836129e-11) (6.186749422e-10 0.002829701375 6.277336528e-10)
0.53              (9.24595934e-12 -0.002182853336 6.609477852e-12) (3.323379625e-11 0.003274931579 8.389149657e-11)
0.535             (-3.357673841e-12 -0.001935529986 1.028950664e-11) (1.639975656e-12 0.003782771838 -9.287643614e-11)
0.54              (-4.822569971e-11 -0.001656622427 5.720791612e-11) (-8.638744737e-11 0.004290971004 4.627045298e-11)
0.545             (-6.374000651e-12 -0.001363001674 1.137217698e-11) (-5.559596141e-11 0.004863768183 -2.069213606e-10)
0.55              (1.709700082e-11 -0.001071426243 -1.33751678e-11) (7.754374798e-12 0.005433313838 4.705738021e-11)
0.555             (-3.514636042e-12 -0.000796882619 4.394860541e-12) (-7.457747486e-11 0.006058112705 -4.105680176e-11)
0.56              (-1.230166549e-11 -0.0005512458124 7.132828364e-12) (9.309053797e-11 0.006667448795 4.715917946e-11)
0.565             (-1.012125584e-11 -0.0003424445044 7.087735098e-12) (-7.222312488e-12 0.007323364472 -1.260360675e-10)
0.57              (-4.314222614e-12 -0.0001742212567 -2.661632286e-12) (1.10201272e-10 0.007957219171 1.228474014e-10)
0.575             (6.945099717e-11 -4.647041447e-05 -5.332579703e-11) (-1.905011838e-10 0.008635578113 1.073657799e-10)
0.58              (-1.797201411e-12 4.397062703e-05 -4.258008904e-12) (1.051368594e-12 0.009290000815 -1.00761704e-10)
0.585             (-3.874821836e-12 0.0001021945042 8.622709934e-12) (-5.14024436e-10 0.009984831762 4.280174073e-10)
0.59              (3.206838156e-12 0.0001344757654 3.625874419e-13) (-1.151789631e-11 0.01065142937 8.344433998e-11)
0.595             (1.026759685e-11 0.0001474712324 -1.465476335e-11) (-1.016149548e-11 0.01135485794 2.302880461e-11)
0.6               (3.61464232e-11 0.0001472251721 -3.102494529e-11) (4.972913021e-10 0.01202790919 -9.290062481e-10)
0.605             (1.333797273e-11 0.000138661977 -1.178695298e-11) (-1.506570296e-10 0.01273796671 6.769782827e-10)
0.61              (-2.57553065e-12 0.0001255903013 1.36200668e-11) (-4.582075943e-11 0.01341814656 -2.066142974e-10)
0.615             (-5.913587251e-11 0.0001108175947 4.750289997e-11) (-5.978667609e-10 0.01413493247 8.195066652e-11)
0.62              (4.156136691e-11 9.62582151e-05 -2.986401397e-11) (-1.012752287e-09 0.01482104695 4.257081585e-10)
0.625             (-5.790553606e-11 8.307691863e-05 4.740117939e-11) (1.110812214e-09 0.01554268023 -1.446529679e-09)
0.63              (7.523023372e-11 7.183156644e-05 -5.959576094e-11) (2.866879267e-10 0.01623289207 -8.474544188e-10)
0.635             (1.762101703e-11 6.256730855e-05 -2.00316116e-11) (2.393280136e-09 0.01695881029 -3.375178927e-09)
0.64              (1.070621847e-10 5.493035907e-05 -1.050846668e-10) (1.944336859e-10 0.01765362016 -4.337509333e-10)
0.645             (-2.506110531e-11 4.837417138e-05 2.905639693e-11) (-7.101751645e-10 0.01838415579 9.037648782e-10)
0.65              (5.711969023e-11 4.239828248e-05 -5.673231283e-11) (-9.693350842e-11 0.01908335368 -3.148887309e-10)
0.655             (-3.076580928e-11 3.669035367e-05 3.487195988e-11) (-1.943357585e-09 0.01981773899 1.556464961e-09)
0.66              (1.181978524e-10 3.11304897e-05 -1.235921561e-10) (1.198065817e-11 0.02052034582 2.923559639e-10)
0.665             (4.161272001e-10 2.573059266e-05 -4.076530124e-10) (-5.581084133e-09 0.02125809866 2.339952014e-09)
0.67              (-5.092952399e-11 2.058537874e-05 5.27974918e-11) (-2.372317017e-10 0.02196413274 1.003255466e-11)
0.675             (-6.412890855e-12 1.584488019e-05 8.642846085e-12) (2.532383737e-10 0.02270532507 -4.605513793e-10)
0.68              (-1.644353531e-10 1.168265412e-05 1.677062954e-10) (-6.156913971e-10 0.02341471647 7.504446197e-10)
0.685             (4.145235377e-11 8.254409875e-06 -3.935508264e-11) (9.325340198e-10 0.02415900749 -5.749041827e-10)
0.69              (-1.952271015e-10 5.666125021e-06 1.991280832e-10) (7.062332294e-10 0.02487126604 -2.738621373e-10)
0.695             (-3.753029998e-10 3.965004648e-06 3.7694777e-10) (5.571843416e-10 0.02561834486 1.473418994e-10)
0.7               (1.009471694e-10 3.147102626e-06 -9.845435067e-11) (2.81267383e-10 0.02633337076 2.308286131e-11)
0.705             (4.224868508e-10 3.167677293e-06 -4.212790252e-10) (6.727839747e-10 0.02708321951 -8.705783752e-11)
0.71              (-6.407208725e-11 3.948295984e-06 6.661831246e-11) (5.796432563e-10 0.02780097988 1.262264837e-10)
0.715             (-1.975754693e-10 5.381121394e-06 1.987335835e-10) (-1.033123614e-09 0.02855344932 -2.438077589e-10)
0.72              (5.230034857e-12 7.330837818e-06 -3.236868147e-12) (5.073194879e-10 0.02927370304 9.532199987e-10)
0.725             (6.527242905e-11 9.635519021e-06 -6.365425549e-11) (-3.849149965e-11 0.03002859268 7.811821108e-11)
0.73              (9.369080438e-12 1.211118861e-05 -7.601452125e-12) (7.41919903e-10 0.03075122602 5.933575924e-10)
0.735             (4.707683007e-12 1.456418668e-05 -2.334571503e-12) (1.565971406e-09 0.03150848631 1.488240692e-09)
0.74              (-1.242108208e-11 1.680997365e-05 1.417550564e-11) (7.342861836e-10 0.03223345316 6.107543673e-10)
0.745             (-4.823002472e-12 1.869279344e-05 6.138329442e-12) (7.43555591e-10 0.0329929631 9.227771542e-10)
0.75              (-4.880509496e-12 2.010063201e-05 6.402947502e-12) (5.39152937e-10 0.03372009824 6.946734922e-10)
0.755             (6.324022541e-12 2.097282001e-05 -4.831068179e-12) (5.941567383e-10 0.03448173883 6.45922939e-10)
0.76              (-1.591072466e-11 2.129991579e-05 2.412984334e-11) (-1.056596625e-09 0.0352109535 -1.078280341e-09)
0.765             (1.218218746e-11 2.111739965e-05 -8.545510061e-12) (2.615286666e-09 0.03597464984 2.559830655e-09)
0.77              (-2.235074883e-11 2.049528333e-05 2.711098501e-11) (-5.618205572e-10 0.03670588216 -7.621164077e-10)
0.775             (1.717905212e-11 1.952599637e-05 -1.488560246e-11) (2.757429849e-09 0.03747152712 2.548594808e-09)
0.78              (-2.46170444e-11 1.83126602e-05 2.633307923e-11) (-3.673434883e-10 0.03820464913 -5.399539246e-10)
0.785             (1.426737722e-11 1.695906665e-05 -1.293325906e-11) (2.487234387e-09 0.03897215162 2.355057111e-09)
0.79              (-1.713927088e-11 1.556194338e-05 1.687460231e-11) (-3.871009825e-10 0.03970710352 -3.843530666e-10)
0.795             (1.39680803e-11 1.420563498e-05 -1.335672348e-11) (2.128367553e-09 0.04047639468 2.202611429e-09)
0.8               (-1.542264433e-11 1.295909474e-05 1.454390272e-11) (-4.219780215e-10 0.04121309009 -2.526234482e-10)
0.805             (2.384459382e-11 1.187495405e-05 -2.345350366e-11) (2.02898558e-09 0.04198409197 2.180055912e-09)
0.81              (-1.822844179e-11 1.099026113e-05 1.759070578e-11) (-4.879703456e-10 0.04272247083 -3.408299412e-10)
0.815             (2.670776413e-11 1.032836789e-05 -2.627061434e-11) (1.980008967e-09 0.0434951439 2.103554286e-09)
0.82              (-2.013525405e-11 9.901471528e-06 2.006631941e-11) (-6.289910097e-10 0.04423517253 -4.793679812e-10)
0.825             (2.667363899e-11 9.713591414e-06 -2.595323231e-11) (1.867690644e-09 0.04500949168 1.988597022e-09)
0.83              (-2.397148051e-11 9.764168625e-06 2.507126466e-11) (-7.101363928e-10 0.04575114544 -5.65926712e-10)
0.835             (2.888279947e-11 1.005279283e-05 -2.750936531e-11) (1.711156489e-09 0.04652711611 1.936985328e-09)
0.84              (-2.687788654e-11 1.058559668e-05 3.015717398e-11) (-8.129652949e-10 0.0472704154 -4.88657921e-10)
0.845             (3.272739992e-11 1.138355551e-05 -3.037763368e-11) (1.605543305e-09 0.04804810099 1.937308198e-09)
0.85              (-2.723014722e-11 1.249249852e-05 3.356775113e-11) (-8.360215887e-10 0.04879312059 -4.08086997e-10)
0.855             (3.46618296e-11 1.399432411e-05 -3.112997142e-11) (1.464503562e-09 0.04957265662 1.910894848e-09)
0.86              (-2.460816246e-11 1.601897291e-05 3.471216142e-11) (-8.937556298e-10 0.0503195487 -3.444954069e-10)
0.865             (3.428841853e-11 1.875708879e-05 -2.915424267e-11) (1.349883401e-09 0.05110118757 1.834374158e-09)
0.87              (-2.201294815e-11 2.247386307e-05 3.707592583e-11) (-9.094562938e-10 0.05185023593 -3.472854491e-10)
0.875             (3.549138653e-11 2.752492869e-05 -2.813528026e-11) (1.276389212e-09 0.05263439954 1.785681259e-09)
0.88              (-1.940599177e-11 3.43753119e-05 4.145671777e-11) (-9.229408513e-10 0.05338606387 -4.562690354e-10)
0.885             (3.839063679e-11 4.362215542e-05 -2.818982602e-11) (1.361694515e-09 0.05417338414 1.623834801e-09)
0.89              (-1.572991768e-11 5.60216315e-05 4.72377098e-11) (-7.51379558e-10 0.0549283397 -6.698374266e-10)
0.895             (4.1283364e-11 7.251992971e-05 -2.765637197e-11) (1.543206209e-09 0.0557196898 1.463783152e-09)
0.9               (-1.051437122e-11 9.428807356e-05 5.378734693e-11) (-5.84282223e-10 0.05647885464 -9.381732586e-10)
0.905             (4.241678451e-11 0.0001227597638 -2.527539553e-11) (1.752336416e-09 0.05727533956 1.272975587e-09)
0.91              (-4.72620457e-12 0.0001596713877 6.061615652e-11) (-4.972354724e-10 0.05803984591 -1.254515398e-09)
0.915             (4.263165072e-11 0.0002071023351 -2.290156923e-11) (1.850471336e-09 0.05884271512 1.169410786e-09)
0.92              (-7.46168664e-13 0.0002675135234 6.630858427e-11) (-6.092525796e-10 0.05961379828 -1.378277451e-09)
0.925             (4.295763963e-11 0.0003437807672 -2.292000954e-11) (1.786575629e-09 0.06042426183 1.230471197e-09)
0.93              (4.934323901e-13 0.0004392197 6.829972149e-11) (-9.771856062e-10 0.06120305005 -1.2400003e-09)
0.935             (4.162887071e-11 0.0005575984416 -2.437942043e-11) (1.466506919e-09 0.06202198935 1.556087943e-09)
0.94              (-1.303709572e-12 0.0007031350333 6.461230772e-11) (-1.444926259e-09 0.06280918784 -8.912952069e-10)
0.945             (3.889608917e-11 0.0008804773457 -2.850630442e-11) (1.157473817e-09 0.06363678263 1.811481293e-09)
0.95              (-8.069920374e-12 0.001094664072 5.830865567e-11) (-1.691476072e-09 0.06443229138 -8.584396905e-10)
0.955             (3.598451926e-11 0.001351066469 -3.541396497e-11) (1.065068956e-09 0.06526764298 1.679071955e-09)
0.96              (-1.984752661e-11 0.001655310628 5.02242233e-11) (-1.560944984e-09 0.06607020412 -1.173637714e-09)
0.965             (2.885524101e-11 0.002013180741 -4.341916714e-11) (1.090177829e-09 0.06691106954 1.183232639e-09)
0.97              (-3.745748157e-11 0.002430503779 3.96022081e-11) (-1.35199102e-09 0.0677180611 -1.565208358e-09)
0.975             (1.975450428e-11 0.002913016726 -5.344044013e-11) (1.057723931e-09 0.0685608245 7.072644592e-10)
0.98              (-6.200811554e-11 0.003466218899 2.623803072e-11) (-1.152268337e-09 0.06936832928 -1.747763316e-09)
0.985             (8.215971105e-12 0.004095212917 -6.226651511e-11) (9.220830572e-10 0.07020831396 2.723564418e-10)
0.99              (-8.639197352e-11 0.004804541334 7.494975199e-12) (-8.348111664e-10 0.07101154505 -1.718092483e-09)
0.995             (-1.867759554e-12 0.005598025914 -6.877691521e-11) (8.837832708e-10 0.07184368091 2.044903627e-11)
1                 (-1.134672889e-10 0.006478620708 -9.173342141e-12) (-2.865025262e-10 0.07263774119 -1.467585674e-09)
1.005             (-8.86852187e-12 0.007448287391 -7.379580886e-11) (8.91659816e-10 0.07345748464 -3.305196794e-10)
1.01              (-1.383019959e-10 0.008507903817 -1.719515283e-11) (4.560387362e-10 0.07423831904 -1.317777042e-09)
1.015             (-3.043369701e-12 0.009657211838 -8.023775717e-11) (1.233936705e-09 0.07504261028 -5.198028359e-10)
1.02              (-1.466538109e-10 0.01089480973 -1.35128885e-11) (1.268790202e-09 0.07580790574 -1.029504793e-09)
1.025             (2.596273875e-12 0.01221818994 -7.792639505e-11) (1.313270817e-09 0.07659589224 -4.663319206e-10)
1.03              (-1.267279782e-10 0.01362381969 -1.213196792e-11) (9.86273111e-10 0.07734565703 -4.094775363e-11)
1.035             (-2.514369113e-11 0.01510725973 -4.203467369e-11) (1.446921245e-10 0.07811895753 -9.774064425e-11)
1.04              (-8.074091684e-11 0.01666331296 3.657336351e-11) (9.173046291e-10 0.07885559314 1.656724707e-09)
1.045             (1.647418773e-11 0.01828619513 -6.106758268e-11) (-6.296647012e-10 0.07961796974 6.994102391e-10)
1.05              (-4.28689207e-11 0.01996971739 2.810185919e-11) (-8.632616781e-10 0.08034572781 1.738558499e-09)
1.055             (4.28402697e-11 0.02170747183 -7.788208872e-11) (-9.314224529e-10 0.08110227699 1.111413386e-09)
1.06              (1.405312501e-11 0.02349301134 -3.081121623e-10) (-2.021101803e-09 0.08182637211 -3.676254082e-09)
1.065             (-1.290501395e-10 0.02532001546 1.049125109e-10) (8.811122515e-10 0.0825824711 -8.296099281e-11)
1.07              (2.808879927e-11 0.02718243624 3.096375076e-11) (-1.42862257e-09 0.0833079791 6.683150216e-10)
1.075             (-6.529446208e-11 0.0290746184 6.703505045e-11) (-5.201398655e-10 0.08406822815 1.868245883e-09)
1.08              (-4.271800189e-10 0.03099139061 -3.50126573e-11) (4.706949325e-09 0.08479913897 -2.010327976e-10)
1.085             (1.661187699e-10 0.03292812713 -1.720030348e-10) (1.917629308e-09 0.08556663574 3.909475119e-10)
1.09              (-1.197058705e-11 0.03488077924 4.769549541e-11) (-1.579346685e-09 0.08630530828 7.82742864e-10)
1.095             (3.976566652e-11 0.03684587988 -2.286576626e-11) (-7.810173846e-11 0.08708136845 2.041449855e-09)
1.1               (9.36000373e-12 0.03882052458 8.433655344e-11) (-2.167834995e-09 0.08782841911 -6.72380875e-10)
1.105             (5.744526857e-11 0.04080233433 -2.606588684e-11) (4.048458353e-10 0.08861276908 1.249970397e-09)
1.11              (-1.247103999e-11 0.04278940464 8.468616224e-11) (-1.671226522e-09 0.08936745041 -1.349495522e-09)
1.115             (5.503248618e-11 0.04478024691 -2.8211767e-11) (9.243310068e-10 0.09015875108 8.468710425e-10)
1.12              (-4.023662386e-11 0.04677372604 8.979609894e-11) (-1.061195687e-09 0.09091949816 -1.697676967e-09)
1.125             (5.359572077e-11 0.04876899897 -3.305442839e-11) (1.347159872e-09 0.09171595142 6.578277672e-10)
1.13              (2.088076666e-10 0.05076545667 -3.4249859e-10) (3.110320518e-09 0.09248099487 7.96471082e-09)
1.135             (-1.002946876e-10 0.05276267228 1.041489913e-10) (1.177976099e-09 0.09328089345 2.510629184e-09)
1.14              (6.161918144e-11 0.0547603563 -4.857430891e-11) (8.421241219e-10 0.09404871093 -1.766040303e-09)
1.145             (-3.413566323e-11 0.05675831942 4.059237177e-11) (2.365784325e-09 0.09485079281 4.742100972e-10)
1.15              (-2.098773953e-10 0.05875644286 1.79545146e-10) (3.476619944e-09 0.09562038771 5.295330503e-09)
1.155             (1.373104596e-10 0.06075465561 -1.318735788e-10) (9.435079155e-10 0.09642394894 2.503400916e-09)
1.16              (-1.947728349e-11 0.06275291764 1.141762785e-11) (7.632455421e-10 0.09719483692 8.287655061e-09)
1.165             (1.017378411e-10 0.06475120798 -9.730435144e-11) (2.060779681e-09 0.09799962691 1.944596343e-09)
1.17              (6.471048039e-11 0.06674951677 -5.852947494e-11) (1.584440426e-10 0.0987717028 -1.12972795e-09)
1.175             (-1.87288654e-10 0.06874784002 1.915252893e-10) (1.474910859e-09 0.09957776086 2.419696719e-09)
1.18              (-9.293242874e-10 0.0707461766 9.329910122e-10) (7.034142258e-09 0.1003511319 3.531141437e-10)
1.185             (1.045775363e-10 0.0727445265 -1.005867036e-10) (2.995698255e-09 0.1011586015 2.055705271e-09)
1.19              (-9.119143427e-11 0.07474289002 9.460558335e-11) (-8.202779833e-10 0.1019334022 7.147619534e-10)
1.195             (-9.224964884e-12 0.07674126741 1.205778951e-11) (2.371595931e-09 0.1027423897 1.709876009e-09)
1.2               (8.461355232e-10 0.07873965887 -8.454210603e-10) (-4.151265279e-09 0.1035186923 1.125333937e-08)
1.205             (-5.157023669e-11 0.08073806456 5.134796073e-11) (2.35914041e-09 0.1043292015 3.401485179e-09)
1.21              (5.224963686e-11 0.08273648474 -5.292243912e-11) (5.299157251e-10 0.1051069601 -4.686392138e-10)
1.215             (-6.929188095e-11 0.08473491983 6.8404596e-11) (2.066506338e-09 0.1059188698 3.333112808e-09)
1.22              (-1.254178931e-10 0.08673337056 1.240720289e-10) (2.997220446e-09 0.1066979274 4.513147142e-09)
1.225             (-2.207036705e-10 0.08873183802 2.193784892e-10) (1.038234697e-08 0.1075110325 5.586098312e-09)
1.23              (1.658640701e-10 0.09073032377 -1.670238516e-10) (5.011418337e-10 0.1082911783 -2.242863118e-10)
1.235             (-1.709355031e-10 0.09272882997 1.696405479e-10) (2.28918585e-09 0.1091052557 3.223740191e-09)
1.24              (-1.488473813e-09 0.09472735953 1.486449688e-09) (2.084432677e-09 0.1098862819 4.336086589e-09)
1.245             (-2.386815797e-11 0.09672591638 2.243028623e-11) (3.375740675e-09 0.1107011362 3.232559246e-09)
1.25              (3.383008115e-11 0.09872450573 -3.672956243e-11) (4.073597495e-10 0.1114828768 2.672009766e-10)
1.255             (-1.119631789e-10 0.1007231345 1.07824609e-10) (1.216318186e-08 0.1122983426 9.66513461e-09)
1.26              (1.361735912e-10 0.1027218119 -1.388536143e-10) (1.444976533e-09 0.1130807188 1.141135207e-09)
1.265             (1.651749276e-09 0.1047205502 -1.656366406e-09) (1.086757171e-08 0.1138968265 8.973251799e-09)
1.27              (-4.539031127e-11 0.1067193655 4.298511931e-11) (8.114042356e-10 0.1146797097 5.990232154e-10)
1.275             (-2.638637734e-11 0.1087182792 2.217682838e-11) (-5.724202914e-10 0.1154963665 -1.120975229e-09)
1.28              (-2.662742673e-10 0.1107173194 2.632215884e-10) (-1.587029934e-09 0.1162799844 -1.400838465e-09)
1.285             (-5.959743796e-10 0.1127165228 5.87137002e-10) (1.195098931e-08 0.1170973896 1.004993479e-08)
1.29              (-2.530437093e-11 0.1147159372 2.033818358e-11) (-3.177896115e-10 0.1178817768 -4.965841462e-10)
1.295             (2.538873247e-09 0.1167156238 -2.550330004e-09) (2.685212441e-08 0.1186998889 2.289799424e-08)
1.3               (7.750988525e-11 0.1187156613 -8.253053947e-11) (-6.742446378e-10 0.1194848893 -7.833509371e-10)
1.305             (3.919513019e-12 0.1207161488 -7.8439137e-12) (9.186310261e-10 0.1203037549 9.588475907e-10)
1.31              (7.800919137e-10 0.122717211 -7.993987426e-10) (-6.012610761e-10 0.1210896643 4.295854854e-09)
1.315             (-4.881621397e-11 0.1247190027 4.446328717e-11) (3.544056428e-09 0.1219094746 3.163028092e-09)
1.32              (1.181552996e-11 0.1267217144 -1.844635256e-11) (8.498687826e-10 0.1226962879 5.451448253e-10)
1.325             (5.691976157e-10 0.1287255778 -5.91238564e-10) (2.808028975e-08 0.1235169519 2.31145078e-08)
1.33              (-2.340428463e-10 0.1307308714 2.372291703e-10) (2.81638746e-09 0.1243044893 2.015562828e-09)
1.335             (-1.140045327e-09 0.1327379276 1.115038968e-09) (2.766102055e-08 0.125126065 2.085538844e-08)
1.34              (9.093089525e-11 0.1347471373 -8.061464927e-11) (8.216672098e-09 0.1259147644 5.64565098e-09)
1.345             (-1.368273774e-10 0.1367589555 1.437948809e-10) (-1.196340299e-08 0.1267377032 -1.02475842e-08)
1.35              (3.191436598e-11 0.1387739038 -1.686284732e-11) (5.946669535e-09 0.127527671 6.03001959e-09)
1.355             (-2.373493255e-10 0.1407925746 2.395311224e-10) (-8.427259428e-09 0.128351852 -9.352414481e-09)
1.36              (-1.408693782e-10 0.1428156275 1.572921068e-10) (6.159058353e-09 0.1291432041 5.186783693e-09)
1.365             (-5.767906196e-10 0.1448437889 5.747296533e-10) (-8.358766328e-09 0.1299692363 -9.64852957e-09)
1.37              (-9.36653657e-11 0.1468778431 4.770409238e-11) (-2.04914875e-09 0.1307628016 1.121263153e-09)
1.375             (-3.210218654e-10 0.1489186198 3.132469937e-10) (-6.096096992e-09 0.1315914452 -6.59910764e-09)
1.38              (-9.477953479e-10 0.1509669772 8.98502051e-10) (-8.529981656e-09 0.1323876963 -4.855441204e-09)
1.385             (3.992924087e-10 0.1530237801 -4.142367668e-10) (-1.32672187e-08 0.1332196312 -1.247025503e-08)
1.39              (7.044673278e-10 0.1550898725 -7.528347089e-10) (-8.225529826e-09 0.1340195731 -2.855768485e-09)
1.395             (2.766729682e-10 0.1571660435 -2.985685336e-10) (-6.473380112e-09 0.134856293 -8.342925802e-09)
1.4               (7.854616726e-10 0.1592529894 -8.546485284e-10) (-1.014461845e-08 0.135661606 -8.443265515e-09)
1.405             (-2.183123977e-10 0.1613512701 1.879469091e-10) (-1.485849593e-08 0.1365049184 -1.460827331e-08)
1.41              (-4.142849396e-10 0.1634612636 6.740536543e-10) (1.56447928e-08 0.1373173062 1.919736768e-08)
1.415             (7.024853559e-11 0.1655831174 -1.166622057e-10) (-1.071113596e-08 0.1381693768 -1.147342797e-08)
1.42              (6.189423818e-10 0.1677167032 -4.874983591e-10) (4.81990028e-09 0.1389912399 6.297265964e-09)
1.425             (-2.505277697e-10 0.1698615704 1.796666308e-10) (-5.785421455e-09 0.1398550883 -5.633135646e-09)
1.43              (-4.005518881e-10 0.1720169123 4.761627628e-10) (4.234503561e-10 0.1406896004 6.601556398e-09)
1.435             (1.714267142e-10 0.1741815307 -2.657711602e-10) (-1.064172958e-08 0.1415687838 -1.380601154e-08)
1.44              (1.628649467e-10 0.1763538282 -1.995462665e-10) (3.832808335e-09 0.142419392 5.701131039e-09)
1.445             (2.414068934e-10 0.1785317913 -3.124044672e-10) (-5.659071423e-09 0.1433178674 -7.188775032e-09)
1.45              (-1.77970783e-10 0.180713015 7.638218449e-11) (-2.884350257e-10 0.1441886229 -1.144667556e-09)
1.455             (1.628690355e-10 0.1828947279 -2.257749439e-10) (-1.563063415e-08 0.1451110497 -1.800906319e-08)
1.46              (-1.303449929e-10 0.1850738481 5.970601526e-11) (6.223561763e-10 0.1460065279 -8.394458723e-10)
1.465             (1.325282662e-10 0.1872470545 -1.728158325e-10) (-1.604872412e-08 0.1469577428 -1.772482901e-08)
1.47              (-1.057784649e-10 0.1894108756 7.747003235e-11) (3.942843618e-10 0.147882394 -1.135784671e-09)
1.475             (9.400315687e-11 0.1915617932 -1.552596617e-10) (-1.271617791e-08 0.1488671474 -1.438769309e-08)
1.48              (-6.218232347e-11 0.1936963568 6.709420461e-11) (3.548392948e-09 0.1498255365 1.555812641e-09)
1.485             (3.756501963e-11 0.1958113084 2.523389325e-10) (1.967151659e-08 0.1508484121 1.7920737e-08)
1.49              (8.192167421e-11 0.1979036968 -6.452193325e-12) (5.723518857e-09 0.151844692 4.026535189e-09)
1.495             (2.281116312e-10 0.1999710132 1.18017346e-10) (1.773041015e-08 0.1529097737 1.597392183e-08)
1.5               (2.194964859e-10 0.2020112849 -7.745240332e-11) (-6.749876013e-09 0.1539475533 -6.38364154e-09)
1.505             (3.067176308e-10 0.2040231757 3.12478858e-10) (2.259917975e-08 0.1550580499 2.114446452e-08)
1.51              (-1.113789671e-10 0.2060060398 2.474838297e-10) (1.499415867e-08 0.1561396877 1.051575181e-08)
1.515             (3.673550726e-10 0.2079599788 3.657976938e-10) (1.169392987e-08 0.1572973004 9.191976618e-09)
1.52              (1.510637203e-10 0.2098858365 3.111969221e-10) (-1.530739956e-08 0.1584240615 -1.891803875e-08)
1.525             (2.393181337e-10 0.2117851922 2.458694264e-10) (5.231110001e-09 0.1596296071 2.993178612e-09)
1.53              (2.534550488e-10 0.2136602972 2.967833725e-10) (-3.059451356e-08 0.160801967 -3.399192958e-08)
1.535             (1.894506411e-10 0.2155139993 1.515418825e-10) (-3.312317288e-09 0.1620547873 -5.527662602e-09)
1.54              (1.761512289e-10 0.2173496353 -2.249397991e-11) (1.230944197e-08 0.1632713043 1.02199795e-08)
1.545             (2.118828588e-10 0.2191708989 2.130517399e-10) (4.245305419e-09 0.164569182 2.739143568e-09)
1.55              (1.053132868e-10 0.220981703 -6.898457393e-11) (1.021295051e-08 0.1658275156 8.192852616e-09)
1.555             (1.481899449e-10 0.2227860379 1.069867469e-10) (2.368814301e-09 0.167167577 9.3631353e-10)
1.56              (1.405846713e-10 0.2245878274 3.080271831e-11) (-1.500403283e-08 0.1684647604 -1.680857359e-08)
1.565             (1.422415297e-10 0.2263907963 6.561740435e-11) (-8.188752014e-09 0.1698431223 -9.810845154e-09)
1.57              (2.814508342e-10 0.2281983518 -1.317388396e-10) (1.24259867e-08 0.1711752105 9.216384379e-09)
1.575             (8.307628571e-10 0.2300134873 -8.532241358e-11) (-1.09682376e-08 0.1725874011 -1.754970947e-08)
1.58              (-1.638499736e-11 0.2318387084 2.868178246e-10) (1.208370187e-08 0.1739500741 6.702937183e-09)
1.585             (5.634950341e-11 0.2336759889 4.034090285e-10) (-1.145699787e-08 0.1753915637 -1.177445764e-08)
1.59              (-2.422701363e-10 0.2355267528 1.995082337e-10) (-1.642869601e-08 0.1767805949 -1.243928436e-08)
1.595             (-2.174587878e-10 0.2373918805 -8.210101411e-11) (-3.256650044e-09 0.178247176 -5.94172203e-09)
1.6               (-3.652349085e-10 0.2392717409 3.255249887e-10) (7.316147788e-09 0.1796589616 4.887492239e-09)
1.605             (-4.067554153e-10 0.241166241 -2.71393326e-10) (1.437206955e-09 0.1811467572 1.089879727e-09)
1.61              (-5.545406095e-10 0.2430748921 -3.155009254e-10) (-4.277700617e-09 0.1825774003 -3.816858945e-09)
1.615             (-3.452994921e-10 0.2449968837 -1.645852192e-10) (8.21399525e-09 0.1840826803 8.316568693e-09)
1.62              (-5.34048117e-10 0.2469311639 4.026101694e-10) (-8.536507456e-09 0.185529174 -8.725217443e-09)
1.625             (-2.444436299e-10 0.2488765172 -9.427598796e-11) (4.882437829e-09 0.1870492006 4.664596773e-09)
1.63              (-6.220061588e-11 0.2508316399 -1.010857389e-10) (4.461387381e-09 0.1885090407 4.364011002e-09)
1.635             (-2.092354932e-10 0.2527952067 3.95127342e-10) (-1.920926147e-08 0.1900413117 -1.87409811e-08)
1.64              (-1.827125386e-10 0.2547659272 5.854561495e-11) (3.837052908e-09 0.1915122325 1.585949059e-09)
1.645             (-1.926419485e-11 0.2567425898 -1.883300387e-10) (4.796419817e-09 0.193054832 7.457609523e-09)
1.65              (4.726703439e-10 0.2587240943 -6.748536545e-10) (2.896280827e-09 0.1945353688 -8.640340146e-09)
1.655             (2.830293811e-11 0.2607094718 -2.442184586e-10) (7.13611231e-09 0.1960868367 3.785503246e-09)
1.66              (-1.904196382e-10 0.2626978941 4.390092954e-11) (-4.387439178e-09 0.1975754705 -7.982513995e-09)
1.665             (-5.247711664e-10 0.2646886733 6.40054802e-10) (-4.084617365e-08 0.1991346378 -7.579918137e-08)
1.67              (2.05848228e-10 0.2666812552 -2.739233587e-10) (3.554957315e-09 0.2006306419 5.252478275e-09)
1.675             (3.791327085e-11 0.2686752054 -2.378448925e-10) (5.360989939e-09 0.2021967259 7.122808794e-09)
1.68              (-9.713647546e-11 0.2706701933 -1.714461888e-10) (-7.667455864e-08 0.203699186 -6.25068087e-08)
1.685             (-3.974359527e-11 0.2726659747 -7.342599303e-11) (-1.108946151e-08 0.2052713574 -5.61503695e-09)
1.69              (-6.462184012e-11 0.2746623733 -2.210176363e-11) (-1.489085532e-08 0.2067795866 9.184306665e-09)
1.695             (-2.461515096e-11 0.2766592644 -6.160870938e-11) (5.356332865e-10 0.2083573208 3.340689336e-09)
1.7               (1.864701132e-10 0.27865656 -2.550931376e-10) (-2.965760419e-08 0.2098709169 1.091767123e-09)
1.705             (7.786568967e-12 0.2806541964 -7.382792112e-11) (-9.527446254e-10 0.2114537951 6.025329565e-09)
1.71              (-5.408120921e-11 0.282652125 -2.652560569e-12) (-1.136395384e-08 0.2129723365 -1.351063134e-08)
1.715             (-2.036191997e-10 0.284650305 1.401506717e-10) (3.454925811e-08 0.2145599384 4.547558066e-08)
1.72              (-2.62039395e-11 0.286648699 -2.090351865e-11) (-1.461554746e-08 0.2160829813 -1.559843184e-08)
1.725             (1.588555065e-11 0.288647271 -5.646472832e-11) (6.006333316e-09 0.2176749442 -1.881518749e-11)
1.73              (-8.989786283e-11 0.2906459852 5.551097195e-11) (-1.147195714e-08 0.2192022399 -1.443003532e-08)
1.735             (-5.739545088e-11 0.2926448062 2.449437916e-11) (1.09492379e-08 0.2207983477 1.053605489e-08)
1.74              (1.680201207e-10 0.2946437001 -1.982133876e-10) (-1.157000968e-08 0.2223296704 -9.972541642e-09)
1.745             (2.430648881e-11 0.2966426358 -5.332236979e-11) (2.413867611e-09 0.2239296896 1.324927477e-09)
1.75              (-3.567805247e-10 0.2986415856 3.292720061e-10) (-1.004851009e-08 0.2254648086 -5.60288494e-09)
1.755             (-7.194309788e-11 0.3006405266 4.525410771e-11) (1.216802131e-09 0.2270684854 8.520990494e-10)
1.76              (-2.25048085e-10 0.3026394402 1.98167786e-10) (-1.976504241e-08 0.2286071387 -1.599272807e-08)
1.765             (1.047482925e-10 0.3046383131 -1.328074774e-10) (1.464108779e-08 0.230214296 1.339438362e-08)
1.77              (1.016442836e-10 0.3066371357 -1.214630642e-10) (-4.470551615e-08 0.2317564187 -4.575066996e-08)
1.775             (-3.049295254e-11 0.3086359016 7.336017576e-12) (7.872789158e-09 0.2333670968 5.808930796e-09)
1.78              (-4.243451639e-10 0.3106346056 4.036367635e-10) (1.245747918e-08 0.234912692 1.198883327e-08)
1.785             (-1.183117576e-10 0.3126332425 9.96425758e-11) (1.030359473e-08 0.2365267201 7.729976796e-09)
1.79              (-9.407003609e-11 0.3146318054 7.834553029e-11) (-1.194114138e-08 0.2380755418 -1.555040292e-08)
1.795             (-9.761815855e-10 0.3166302833 9.48544667e-10) (-3.123708206e-09 0.2396928754 5.105538448e-09)
1.8               (7.30256684e-12 0.3186286601 -2.467135109e-11) (8.499338882e-09 0.2412451615 5.968356641e-09)
1.805             (2.427117449e-11 0.3206269123 -4.841863927e-11) (1.801511295e-08 0.2428660948 1.685394348e-08)
1.81              (2.064791671e-10 0.3226250085 -2.293798107e-10) (1.349385816e-08 0.244421835 9.237250194e-09)
1.815             (8.483912258e-11 0.3246229078 -9.607358692e-11) (1.398333721e-08 0.2460462935 1.151402346e-08)
1.82              (1.074553047e-10 0.3266205586 -1.115964045e-10) (2.209804434e-09 0.2476056814 7.51646703e-10)
1.825             (7.888761963e-11 0.3286178984 -8.090355061e-11) (1.606244537e-08 0.2492341311 1.353043303e-08)
1.83              (-2.386887367e-11 0.3306148529 2.150339528e-11) (1.294400641e-08 0.2507975976 9.597947403e-09)
1.835             (-2.457608839e-10 0.3326113347 2.17047269e-10) (-1.094802537e-09 0.2524303769 -5.304634459e-09)
1.84              (5.949511208e-11 0.3346072436 -4.876730691e-11) (-7.48389323e-09 0.2539982001 -1.299509448e-08)
1.845             (1.315848927e-10 0.3366024652 -7.919049028e-11) (1.105370019e-08 0.2556357883 7.274144278e-09)
1.85              (2.138961698e-10 0.3385968714 -1.957926359e-10) (6.161971784e-09 0.2572086087 3.823168973e-09)
1.855             (8.15091247e-11 0.3405903196 -5.589847611e-11) (1.203018584e-08 0.2588517785 1.008622023e-08)
1.86              (-2.089207894e-11 0.3425826524 1.299169762e-11) (1.143497386e-08 0.2604302609 3.625781045e-09)
1.865             (-5.581347851e-11 0.3445736982 -1.684020594e-10) (-2.714382081e-08 0.262079671 -7.859010116e-08)
1.87              (-5.979961606e-11 0.34656327 1.933598573e-11) (7.185218935e-09 0.2636644629 2.581617293e-09)
1.875             (1.245438967e-11 0.3485511672 1.008502925e-10) (1.422396994e-08 0.2653209073 6.927700558e-09)
1.88              (-3.743522229e-11 0.3505371756 8.479813266e-11) (2.008155786e-08 0.2669128589 1.715865776e-08)
1.885             (4.538181683e-11 0.3525210693 7.341048529e-11) (1.479763421e-08 0.2685771813 1.399051527e-08)
1.89              (7.935584687e-11 0.3545026124 -2.954918308e-11) (5.74703842e-09 0.2701769009 1.202267651e-08)
1.895             (6.454975519e-11 0.3564815618 1.287393581e-10) (1.410396439e-08 0.2718496636 3.199674061e-08)
1.9               (1.081969958e-10 0.35845767 8.819574096e-11) (-1.648643132e-08 0.2734577041 -2.905555493e-08)
1.905             (1.402785976e-10 0.3604306895 1.053903026e-10) (1.709338605e-08 0.2751393774 1.656581623e-09)
1.91              (7.39387215e-11 0.3624003769 7.008893262e-12) (1.279176217e-08 0.276756083 -1.409247707e-08)
1.915             (1.10433423e-10 0.3643664987 9.208168671e-11) (1.325274241e-08 0.2784466785 9.327591032e-09)
1.92              (4.666119219e-11 0.3663288361 8.787644127e-11) (1.770743823e-08 0.2800716867 -6.281454223e-09)
1.925             (1.226923535e-10 0.3682871916 1.356055113e-10) (1.761537943e-08 0.2817705752 7.636314725e-09)
1.93              (1.271124903e-10 0.3702413947 1.504660089e-10) (-1.412503931e-08 0.2834032344 -3.222510463e-08)
1.935             (-6.108143689e-11 0.372191309 -4.076575367e-11) (1.264560582e-08 0.2851094492 -1.805642745e-10)
1.94              (-3.772516651e-11 0.3741368377 3.325544271e-11) (1.713897431e-08 0.2867486462 -3.108400373e-09)
1.945             (1.123586261e-10 0.3760779301 1.486793898e-10) (1.347654235e-08 0.2884604631 9.997480936e-09)
1.95              (-3.63232778e-10 0.3780145863 -3.516756947e-10) (3.520691817e-08 0.2901040933 5.083413405e-08)
1.955             (1.397551306e-10 0.3799468623 1.520226727e-10) (1.243007901e-08 0.2918189033 9.920729432e-09)
1.96              (-8.109888486e-11 0.3818748735 -8.521129997e-11) (1.143184592e-08 0.2934644299 8.373368441e-09)
1.965             (2.446300935e-11 0.3837987966 3.212334737e-11) (2.087607067e-08 0.2951794271 1.513578995e-08)
1.97              (2.271441699e-11 0.3857188715 1.764783726e-11) (6.46663327e-09 0.2968241584 6.923757419e-09)
1.975             (-2.26696118e-11 0.3876354002 -5.908158233e-12) (2.599277758e-08 0.2985361875 1.89150432e-08)
1.98              (-3.725529405e-12 0.3895487449 -9.897093368e-12) (8.377728407e-09 0.3001768512 7.983641974e-09)
1.985             (-3.247266277e-11 0.3914593246 -2.802494469e-11) (2.382644087e-08 0.3018824598 1.504705437e-08)
1.99              (-1.3051266e-11 0.3933676095 -2.049667334e-11) (6.094999312e-09 0.303516033 7.164114895e-09)
1.995             (-3.575556031e-11 0.3952741142 -1.25945478e-11) (2.970879824e-08 0.3052122771 1.502787915e-08)
2                 (-5.872016151e-11 0.39717939 -8.112105751e-11) (2.796352662e-09 0.3068360691 -2.864925886e-09)
2.005             (-3.57661521e-11 0.3990840141 -9.590215596e-12) (2.183287249e-08 0.3085204808 2.110444237e-08)
2.01              (-1.061635081e-11 0.4009885801 -1.773803729e-11) (1.289538828e-08 0.3101325626 9.729536616e-09)
2.015             (-3.517870778e-11 0.4028936865 2.071847104e-11) (2.015479824e-08 0.3118037483 1.805422608e-08)
2.02              (4.756623596e-11 0.4047999255 -4.719559376e-11) (1.77635226e-08 0.3134031627 1.462577163e-08)
2.025             (-4.123573607e-11 0.4067078715 -8.523314072e-11) (2.245699844e-08 0.3150603884 2.169775968e-08)
2.03              (1.950788593e-10 0.4086180698 4.613022986e-11) (3.591706728e-08 0.3166465982 4.360671343e-08)
2.035             (-4.55729871e-11 0.4105310266 -8.899768179e-11) (2.432787079e-08 0.3182904306 2.796153168e-08)
2.04              (-7.383215088e-11 0.4124471995 -1.259470135e-10) (-1.054891241e-08 0.3198647544 -8.235962853e-09)
2.045             (8.663029585e-11 0.4143669901 -1.60004885e-11) (2.048257144e-08 0.3214973228 1.476305288e-08)
2.05              (-4.267081874e-11 0.4162907384 -5.479218607e-11) (9.220793114e-09 0.3230621524 5.517519964e-09)
2.055             (-3.184887458e-10 0.4182187181 -1.519226652e-11) (3.666615141e-08 0.3246859717 1.559053244e-08)
2.06              (-6.979218942e-11 0.4201511348 -7.573839407e-11) (6.011730065e-09 0.3262434133 5.618924348e-09)
2.065             (-1.732536235e-10 0.4220881252 6.376350265e-11) (4.009957628e-08 0.3278612546 -5.402980574e-08)
2.07              (1.655462129e-10 0.4240297585 -2.051421375e-10) (2.76296315e-09 0.3294144135 8.703907338e-09)
2.075             (-1.488729355e-10 0.4259760398 -2.701542595e-10) (1.816151809e-08 0.3310299502 1.687418547e-08)
2.08              (1.956274494e-10 0.4279269142 -1.974411254e-10) (2.074126223e-08 0.3325823495 1.992479962e-08)
2.085             (3.219245004e-10 0.4298822732 -4.135382465e-10) (4.669699469e-08 0.3341987747 -4.613115574e-08)
2.09              (7.846063374e-11 0.4318419595 3.808942981e-10) (-3.995589663e-09 0.3357529285 -1.854178543e-08)
2.095             (-2.176836998e-10 0.4338057771 9.810776457e-11) (2.103219266e-08 0.3373728422 9.967865401e-09)
2.1               (2.104727958e-10 0.4357734972 2.116169689e-10) (4.659491746e-09 0.3389313171 -1.421413727e-08)
2.105             (1.775749579e-10 0.4377448671 -3.164806654e-10) (3.004899692e-08 0.3405570489 1.943752197e-08)
2.11              (-1.190453045e-09 0.439719617 1.129164087e-09) (8.975537156e-11 0.3421216186 -4.531202119e-09)
2.115             (8.291468883e-11 0.4416974665 -5.890060087e-11) (1.622682862e-08 0.3437543925 2.152401852e-08)
2.12              (5.988817528e-11 0.4436781317 -6.89326542e-11) (1.68712779e-08 0.3453259441 1.340471455e-08)
2.125             (9.280759966e-11 0.4456613312 -8.40707709e-11) (2.491256135e-08 0.346966549 3.061031576e-08)
2.13              (-6.34211652e-10 0.4476467914 6.499999311e-10) (4.785794397e-08 0.3485456275 4.417373106e-08)
2.135             (-2.958679398e-10 0.4496342505 2.638316123e-10) (3.204355269e-08 0.3501941156 2.736096259e-08)
2.14              (6.926052694e-11 0.4516234621 -4.624562552e-11) (1.688706586e-08 0.3517805803 1.06735229e-08)
2.145             (3.474901397e-10 0.4536141978 -2.15347646e-10) (1.906499958e-08 0.3534365013 8.607952752e-09)
2.15              (-1.130571721e-09 0.4556062486 1.141557085e-09) (8.014379027e-09 0.355029746 2.694660551e-09)
2.155             (-3.326804357e-10 0.4575994262 4.711819606e-10) (1.706888493e-08 0.3566922608 1.279979928e-08)
2.16              (-7.448917433e-10 0.4595935624 7.998925033e-10) (3.743153469e-08 0.3582914978 3.558533776e-08)
2.165             (-3.08039861e-10 0.4615885095 3.200407901e-10) (2.524921129e-08 0.3599598395 2.239157527e-08)
2.17              (-4.292673038e-10 0.4635841387 4.715764136e-10) (5.266974312e-09 0.3615643246 3.44304513e-09)
2.175             (-4.878732886e-10 0.4655803394 5.171650439e-10) (1.087567558e-08 0.3632375576 1.257758709e-08)
2.18              (1.286711015e-12 0.4675770174 2.498085111e-11) (-5.675652736e-10 0.3648464191 -5.240620962e-09)
2.185             (4.733943267e-10 0.469574093 -4.642828021e-10) (1.199339589e-08 0.366523781 3.704775883e-08)
2.19              (-7.269403805e-10 0.4715714998 7.796688e-10) (1.559612057e-08 0.3681363945 8.869792806e-09)
2.195             (-8.238851116e-11 0.4735691826 1.311195742e-10) (1.703384192e-08 0.3698171306 3.091153181e-08)
2.2               (-6.537061898e-10 0.4755670958 6.979810895e-10) (2.559909614e-08 0.3714327347 1.201145622e-08)
2.205             (4.988339468e-11 0.4775652022 -1.595295568e-11) (-5.148369258e-08 0.3731163269 5.67181449e-08)
2.21              (-1.681178579e-10 0.4795634714 1.980920783e-10) (-3.763006188e-10 0.3747346496 -6.877281235e-09)
2.215             (-2.789223915e-10 0.4815618788 3.19713379e-10) (3.155718666e-08 0.3764207603 2.201937533e-08)
2.22              (4.669236531e-11 0.4835604043 -1.268042953e-11) (1.956330833e-08 0.3780413455 1.730988366e-08)
2.225             (1.215309671e-10 0.4855590321 -9.125603589e-11) (1.66435901e-08 0.3797295808 1.36336227e-08)
2.23              (-4.774226303e-10 0.4875577495 5.051311677e-10) (8.629251998e-09 0.3813522379 -1.4061642e-08)
2.235             (-9.895711534e-11 0.4895565466 1.30266812e-10) (2.079710072e-08 0.3830424292 3.525116261e-08)
2.24              (-8.211264448e-10 0.491555416 8.545877751e-10) (2.837768466e-08 0.3846669267 1.681565169e-08)
2.245             (-6.104296159e-11 0.4935543525 9.184102689e-11) (2.643858656e-08 0.3863589096 3.273890589e-08)
2.25              (8.984211888e-11 0.4955533533 -6.442552514e-11) (1.745887017e-08 0.3879851789 9.258462349e-09)
2.255             (-5.22882763e-10 0.4975524174 5.535914341e-10) (1.075046381e-08 0.3896788706 3.236238303e-08)
2.26              (8.845554428e-10 0.4995515466 -8.51775096e-10) (2.944722645e-08 0.3913067513 1.667215174e-08)
2.265             (5.22151222e-11 0.501550745 -2.342422453e-11) (2.963794434e-08 0.3930019553 2.700537563e-08)
2.27              (6.228633742e-11 0.5035500197 -4.036404312e-11) (1.835376551e-08 0.394631389 3.225191584e-09)
2.275             (-1.385888713e-10 0.5055493812 1.648533509e-10) (1.826637869e-08 0.3963280644 4.877059804e-08)
2.28              (1.136400094e-10 0.5075488437 -7.375277372e-11) (-2.70265928e-09 0.3979587981 9.059153727e-09)
2.285             (-6.695714382e-10 0.5095484262 6.892692106e-10) (1.28748863e-08 0.3996566965 4.684277412e-08)
2.29              (6.508965463e-11 0.5115481523 -1.976828799e-11) (-5.136035445e-09 0.4012887283 7.160431383e-09)
2.295             (-4.725903629e-10 0.5135480523 4.890075618e-10) (2.247987377e-08 0.4029878343 3.840230433e-08)
2.3               (-2.440096532e-10 0.5155481626 2.931299055e-10) (-1.787514688e-10 0.4046209803 1.211370636e-08)
2.305             (-1.978179271e-09 0.5175485277 1.982283529e-09) (3.13537332e-08 0.4063209316 3.295538841e-08)
2.31              (-2.184327978e-10 0.5195492005 2.774582872e-10) (6.246630367e-09 0.4079548104 2.126366256e-09)
2.315             (-2.381613098e-10 0.5215502435 2.482600271e-10) (2.887520545e-08 0.4096553237 3.067570457e-08)
2.32              (-2.992874593e-10 0.5235517295 3.748702264e-10) (4.601370289e-09 0.4112897325 3.867557252e-09)
2.325             (-3.814908181e-11 0.5255537429 9.519478788e-11) (3.702192439e-08 0.4129904711 3.569733181e-08)
2.33              (3.157037427e-10 0.527556378 -3.29589718e-10) (2.578823268e-08 0.4146249543 2.843456304e-08)
2.335             (-1.344274698e-09 0.5295597434 1.354265441e-09) (-1.849464248e-08 0.4163252624 3.331907542e-08)
2.34              (3.827495833e-10 0.5315639608 -2.262511716e-10) (-2.777931173e-08 0.417959165 -6.013011619e-09)
2.345             (1.032883885e-10 0.5335691639 -1.047081595e-10) (9.088211215e-09 0.4196583888 1.638094166e-08)
2.35              (-5.395325537e-11 0.5355754983 2.884255054e-11) (1.407991964e-08 0.4212911874 1.134398025e-08)
2.355             (2.113722804e-11 0.5375831206 -3.194958953e-11) (1.960062654e-08 0.4229885709 3.801343801e-08)
2.36              (-4.069068028e-11 0.5395921966 1.66645827e-11) (1.607555008e-08 0.4246191346 1.604722193e-08)
2.365             (1.305814268e-10 0.5416028999 -1.267901499e-11) (2.626186585e-08 0.4263133293 4.50792171e-08)
2.37              (3.330774666e-11 0.5436154086 1.830011637e-10) (3.73415772e-08 0.4279405503 4.439227366e-08)
2.375             (-1.464947048e-10 0.5456299026 1.866124621e-10) (1.172408852e-08 0.4296303471 3.716008335e-08)
2.38              (3.354423796e-10 0.5476465593 -3.143134119e-10) (4.417497977e-08 0.4312529549 4.328065384e-08)
2.385             (-1.75708117e-10 0.5496655496 1.748616495e-10) (3.294254429e-08 0.4329365461 2.033041925e-08)
2.39              (3.997622502e-10 0.5516870315 -4.258954408e-10) (3.361991197e-08 0.4345525289 3.500491387e-08)
2.395             (-6.542554998e-10 0.5537111454 5.415568605e-10) (6.327249847e-08 0.43622789 -2.887511518e-08)
2.4               (4.184689253e-12 0.5557380073 -1.011685036e-10) (1.027991924e-08 0.4378354806 6.641799788e-09)
2.405             (1.620479912e-10 0.557767703 3.989380094e-12) (3.054561147e-08 0.4395005035 2.947060281e-08)
2.41              (6.761229015e-10 0.5598002811 -4.004145235e-10) (9.304651721e-09 0.4410974191 2.367810641e-08)
2.415             (6.150939324e-11 0.5618357463 -1.298616555e-10) (2.863889873e-08 0.4427493963 1.18692122e-08)
2.42              (-7.61836318e-11 0.5638740538 -1.483146874e-11) (1.473503351e-09 0.444333066 3.743275546e-09)
2.425             (6.180149573e-11 0.5659151038 7.947413914e-11) (2.158354359e-08 0.445969258 2.046115612e-08)
2.43              (-1.130494064e-11 0.5679587361 2.558543925e-11) (-1.741240243e-08 0.4475368468 -3.877331755e-09)
2.435             (-7.463858306e-11 0.5700047268 -6.181106359e-12) (1.994362325e-08 0.4491541395 1.13070054e-08)
2.44              (-7.487144912e-11 0.572052786 -8.523123152e-11) (4.115665434e-10 0.4507029238 -7.686400767e-09)
2.445             (2.522093688e-11 0.5741025569 -5.34958313e-11) (1.384635317e-08 0.4522984639 2.274283281e-08)
2.45              (-3.212346841e-10 0.5761536169 2.837948793e-10) (3.154539843e-09 0.4538254088 -2.677841451e-08)
2.455             (-1.322575586e-10 0.5782054808 1.014078376e-10) (2.742520882e-08 0.4553958297 2.532897984e-08)
2.46              (1.179172732e-09 0.5802576055 -1.217579412e-09) (3.291398385e-08 0.4568979405 2.450189043e-08)
2.465             (1.523473744e-10 0.5823093975 -1.854503153e-10) (3.494980979e-08 0.4584404363 4.207697345e-08)
2.47              (-3.80117734e-10 0.5843602216 5.022468712e-10) (-3.737108876e-08 0.4599150735 -3.556153622e-08)
2.475             (-1.69540859e-10 0.5864094126 1.64594031e-10) (-1.152337531e-09 0.4614268707 1.653942812e-08)
2.48              (-7.433500065e-11 0.5884562877 5.846383498e-11) (2.1170351e-09 0.4628715375 -3.501281298e-09)
2.485             (3.749711701e-11 0.590500161 -1.97179748e-10) (-5.715972494e-11 0.4643504433 6.049354018e-09)
2.49              (-2.221112913e-10 0.5925403585 2.239403915e-10) (2.934689679e-09 0.4657632092 1.725705135e-09)
2.495             (4.768769504e-10 0.5945762338 -5.320243106e-10) (3.236699036e-08 0.4672073897 1.756928551e-08)
2.5               (-1.579713112e-10 0.5966071848 1.730936628e-10) (-1.134722972e-08 0.4685866604 -1.715291163e-08)
2.505             (1.732535588e-10 0.5986326685 -2.937459211e-10) (1.808768238e-08 0.4699949143 2.105770774e-08)
2.51              (-1.36299775e-10 0.6006522163 2.12070902e-10) (-2.963050568e-10 0.4713398074 5.860006146e-09)
2.515             (4.224623478e-11 0.602665447 -1.367222725e-10) (2.851399217e-08 0.4727115887 1.608291533e-08)
2.52              (-1.489119329e-10 0.6046720781 1.976695832e-10) (9.584641071e-09 0.4740217545 -3.752258456e-10)
2.525             (-8.149487129e-11 0.606671934 8.269797943e-11) (2.361963507e-08 0.4753572971 1.808621133e-08)
2.53              (5.983125877e-11 0.6086649533 -5.646637117e-11) (9.592891606e-09 0.4766332158 8.267097298e-09)
2.535             (1.273904767e-09 0.6106511903 -1.219067949e-09) (1.26301217e-08 0.4779332306 -4.162019482e-09)
2.54              (1.22266871e-10 0.6126308159 -1.239111408e-10) (7.305833849e-09 0.4791757649 1.117983569e-08)
2.545             (-1.315811897e-10 0.6146041133 1.199640238e-10) (-4.01900579e-08 0.4804417296 -4.167243352e-08)
2.55              (-1.083319308e-10 0.6165714721 1.11682669e-10) (2.245266974e-08 0.4816524195 1.690755859e-08)
2.555             (-3.214288622e-10 0.6185333779 3.328695667e-10) (7.437619542e-09 0.4828863298 7.836701476e-09)
2.56              (5.570597525e-11 0.620490401 -5.553208436e-11) (1.350659689e-08 0.484067362 1.625530766e-08)
2.565             (1.309156409e-10 0.6224431813 -1.448214636e-10) (1.798784975e-08 0.4852715791 2.010426216e-08)
2.57              (4.788739503e-11 0.6243924123 -4.454365264e-11) (1.385158831e-08 0.4864251154 1.28812755e-08)
2.575             (-2.016982202e-11 0.6263388242 1.981568654e-11) (4.68495092e-09 0.4876022185 3.453692254e-09)
2.58              (2.999045498e-11 0.6282831654 -2.358205872e-11) (1.227295319e-08 0.4887308923 1.275469422e-08)
2.585             (8.318290857e-11 0.6302261857 -9.048756524e-11) (-5.107047161e-09 0.4898837037 -4.95998288e-09)
2.59              (-1.590236093e-11 0.6321686186 2.271959476e-11) (1.174683572e-08 0.4909901201 1.204498954e-08)
2.595             (-1.160477106e-10 0.6341111658 1.021608699e-10) (-2.82654911e-09 0.4921214128 -2.48679421e-09)
2.6               (1.513049547e-11 0.6360544829 -1.028282031e-11) (1.04586736e-08 0.4932082158 1.054389752e-08)
2.605             (1.086325498e-10 0.6379991678 -1.239819123e-10) (-1.191601755e-10 0.4943207282 -2.983965055e-11)
2.61              (-9.499475322e-12 0.6399457499 1.26686338e-11) (9.596447376e-09 0.495390457 9.795465298e-09)
2.615             (-1.250001944e-10 0.6418946834 1.13684219e-10) (1.943580468e-09 0.4964867191 2.171077238e-09)
2.62              (1.100590839e-11 0.6438463425 -9.048268727e-12) (9.409831343e-09 0.4975416607 9.744675348e-09)
2.625             (5.268940821e-11 0.6458010193 -8.297731115e-11) (-3.953677619e-08 0.4986239564 -3.936680222e-08)
2.63              (-6.957344118e-11 0.6477589246 7.051544162e-11) (8.096325039e-09 0.499666214 8.173584e-09)
2.635             (-1.162544251e-10 0.6497201902 9.94581003e-11) (-2.880369734e-08 0.5007366095 -2.873568366e-08)
2.64              (6.164119773e-11 0.6516848737 -6.040558348e-11) (7.589415752e-09 0.5017680481 7.587358741e-09)
2.645             (1.119633757e-10 0.6536529652 -1.139857912e-10) (-1.641426073e-08 0.5028282799 -1.64190718e-08)
2.65              (-7.520663398e-11 0.655624395 7.811483782e-11) (7.221640627e-09 0.503850413 7.29460071e-09)
2.655             (-1.033827979e-10 0.6575990418 1.086306912e-10) (-1.091404238e-08 0.5049019668 -1.08494496e-08)
2.66              (1.833792438e-10 0.659576742 -1.810410342e-10) (4.255178811e-09 0.5059161795 4.264378073e-09)
2.665             (7.213978329e-11 0.6615572991 -6.313395014e-11) (-3.628861736e-09 0.5069603158 -3.559207569e-09)
2.67              (4.275669991e-11 0.663540492 -3.532053958e-11) (7.486645105e-09 0.5079676705 7.530095278e-09)
2.675             (2.65808e-10 0.6655260844 -2.537959621e-10) (-8.730534077e-09 0.5090053502 -8.755071189e-09)
2.68              (-2.603210063e-11 0.6675138319 3.499871999e-11) (6.955860813e-09 0.5100067055 7.05337621e-09)
2.685             (-7.1762692e-11 0.6695034892 8.31906623e-11) (-3.368748703e-09 0.5110387851 -3.223819843e-09)
2.69              (-2.489627563e-10 0.6714948161 2.571186248e-10) (5.843729754e-09 0.5120349528 5.997781743e-09)
2.695             (-1.109219229e-10 0.6734875816 1.228214235e-10) (-4.051051112e-09 0.5130621159 -3.753027348e-09)
2.7               (-1.344343761e-10 0.6754815681 1.442887577e-10) (6.7987061e-09 0.5140536328 7.065858155e-09)
2.705             (-1.715221152e-10 0.6774765734 1.836994549e-10) (-4.691193345e-09 0.5150763595 -4.495652255e-09)
2.71              (2.406158208e-10 0.6794724127 -2.312064566e-10) (6.443389845e-09 0.5160636789 6.629451005e-09)
2.715             (7.394815617e-11 0.6814689184 -6.424894522e-11) (-1.489695219e-09 0.5170824004 -1.4307407e-09)
2.72              (1.041558419e-10 0.6834659406 -9.484781658e-11) (7.153489439e-09 0.5180659137 7.19276743e-09)
2.725             (6.544391236e-11 0.6854633453 -5.761929804e-11) (3.867244741e-09 0.5190808986 3.945523534e-09)
2.73              (5.08654368e-10 0.6874610133 -5.013685156e-10) (5.438636233e-09 0.5200608975 5.760223935e-09)
2.735             (3.052622713e-11 0.6894588376 -2.36677636e-11) (3.41126217e-09 0.5210726126 3.784821683e-09)
2.74              (6.840787536e-11 0.6914567213 -6.156758894e-11) (8.450252778e-09 0.5220494511 8.698527953e-09)
2.745             (5.538186671e-11 0.6934545748 -4.903553157e-11) (3.846407713e-09 0.5230580262 4.066491289e-09)
2.75              (-2.270699134e-10 0.6954523125 2.326825914e-10) (9.768110731e-10 0.5240318814 1.633604614e-09)
2.755             (-6.935636403e-11 0.6974498501 7.667243981e-11) (3.169291988e-09 0.5250374684 2.678852655e-10)
2.76              (2.487151597e-10 0.6994471011 -2.420621637e-10) (-4.791925409e-09 0.5260083089 7.904021981e-09)
2.765             (-4.335819502e-13 0.7014439737 6.0579928e-12) (3.383502127e-09 0.5270109714 4.295822112e-09)
2.77              (-1.758435554e-10 0.7034403672 1.805657338e-10) (1.17613545e-09 0.5279790941 6.239558051e-09)
2.775             (1.39471144e-11 0.7054361692 -1.033510979e-11) (3.554350131e-09 0.528979099 4.206037431e-09)
2.78              (-1.280422384e-10 0.7074312522 1.317383107e-10) (4.77956222e-10 0.5299446106 -3.629099369e-09)
2.785             (-2.85744856e-10 0.7094254692 3.06862874e-10) (-9.630917106e-09 0.530941862 1.231498188e-08)
2.79              (2.130178921e-10 0.7114186506 -2.077071413e-10) (-3.028640282e-09 0.5319046138 -2.162748565e-09)
2.795             (7.340449057e-12 0.7134106001 -3.571186126e-12) (3.18366838e-09 0.5328991317 3.061504276e-09)
2.8               (1.245558363e-10 0.7154010908 -1.17997017e-10) (-4.571185575e-09 0.5338592744 -3.139950547e-10)
2.805             (1.554765941e-10 0.7173898615 -1.197489474e-10) (3.048779673e-09 0.5348511677 -2.211980015e-09)
2.81              (2.172343415e-10 0.7193766119 -2.122591436e-10) (-1.226260656e-09 0.5358087589 -2.823154677e-09)
2.815             (2.21555882e-12 0.7213609986 2.584832187e-12) (2.809057123e-09 0.5367979393 3.352639966e-09)
2.82              (1.437361831e-10 0.7233426298 -1.391115517e-10) (-8.13786534e-10 0.5377528064 -2.396775286e-09)
2.825             (6.085846248e-12 0.7253210615 1.903276816e-13) (2.988219872e-09 0.538739146 3.238013764e-09)
2.83              (-2.161444549e-10 0.7272957935 2.030290102e-10) (9.913100322e-09 0.5396911717 1.137445298e-08)
2.835             (-1.001282024e-12 0.7292662603 7.188576351e-12) (3.093383905e-09 0.5406746467 3.643929477e-09)
2.84              (2.748060277e-10 0.7312318291 -2.912163282e-10) (9.589958769e-09 0.5416240562 9.392974327e-09)
2.845             (1.353321166e-11 0.7331917925 -9.62524481e-12) (3.336854565e-09 0.5426047943 3.574008016e-09)
2.85              (-1.25462145e-10 0.735145366 1.096585783e-10) (6.280704596e-09 0.5435514934 6.762226061e-09)
2.855             (-1.472108162e-10 0.7370916818 2.285349922e-10) (-3.365912975e-10 0.5445292262 -6.314951415e-10)
2.86              (-9.268094139e-11 0.7390297863 7.867720235e-11) (5.000651041e-09 0.5454728438 4.836508419e-09)
2.865             (2.386771356e-10 0.7409586346 -1.452139767e-10) (-1.00420647e-09 0.5464475852 -1.778003077e-09)
2.87              (4.406981488e-11 0.7428770902 -5.632914503e-11) (3.762026627e-09 0.5473885395 3.747657384e-09)
2.875             (2.282684814e-12 0.7447839205 5.885763578e-13) (2.885333448e-09 0.5483606164 3.390922753e-09)
2.88              (4.978452269e-11 0.7466777987 -6.475518592e-11) (2.930221806e-09 0.549298978 3.365318252e-09)
2.885             (1.819295581e-10 0.7485573013 -6.846309242e-11) (-2.012004208e-09 0.5502682867 -1.458308731e-09)
2.89              (-3.944763883e-11 0.7504209119 2.975758222e-11) (1.984217239e-09 0.5512039115 2.343115425e-09)
2.895             (3.616927775e-12 0.7522670223 -2.948858857e-12) (3.047391307e-09 0.5521706626 3.300669563e-09)
2.9               (-8.829060796e-11 0.7540939381 7.908539566e-11) (1.532029822e-09 0.553104031 1.88882455e-09)
2.905             (9.74856161e-12 0.7558998836 -6.851443402e-12) (2.878738506e-09 0.5540687208 3.26651319e-09)
2.91              (-9.543611844e-11 0.7576830098 8.699504961e-11) (1.226944371e-09 0.5550001857 1.527202563e-09)
2.915             (5.620526309e-12 0.7594414028 5.896132172e-13) (2.964593582e-09 0.5559631402 3.242848021e-09)
2.92              (-8.771871873e-11 0.7611730955 8.167951699e-11) (9.596612855e-10 0.5568930207 1.307741348e-09)
2.925             (1.401019741e-11 0.7628760793 -4.270967358e-12) (2.92222536e-09 0.5578547503 3.28669565e-09)
2.93              (1.787810903e-11 0.7645483183 -6.692320979e-11) (9.324835938e-09 0.5587836362 9.480140015e-09)
2.935             (2.016286245e-11 0.7661877652 -6.007917726e-12) (3.141635606e-09 0.5597447883 3.412446786e-09)
2.94              (5.80610327e-12 0.7677923779 8.222079891e-12) (2.407698555e-10 0.5606732654 6.670399104e-10)
2.945             (1.885873762e-11 0.7693601379 -4.26040547e-12) (3.113558873e-09 0.5616344648 3.492637352e-09)
2.95              (1.57575184e-12 0.7708890687 1.197337152e-11) (3.292863084e-10 0.5625631423 5.937626568e-10)
2.955             (1.639123116e-11 0.7723772556 -2.01845499e-12) (3.203273926e-09 0.5635250602 3.341486156e-09)
2.96              (-9.985616339e-13 0.7738228657 1.767015935e-11) (5.629358807e-10 0.5644545886 6.835725397e-10)
2.965             (2.064615588e-11 0.7752241679 -1.626664311e-12) (3.176424168e-09 0.5654178582 3.39471871e-09)
2.97              (2.652706015e-12 0.7765795524 1.873886574e-11) (6.22178142e-10 0.5663488033 8.878870441e-10)
2.975             (-1.859158367e-11 0.7778875497 1.113567059e-10) (1.817445881e-10 0.567313973 5.039393919e-10)
2.98              (2.745570123e-11 0.7791468485 8.058293853e-12) (6.127493031e-10 0.5682468274 9.091991274e-10)
2.985             (4.298676641e-12 0.7803563121 2.439158914e-11) (3.338501625e-09 0.5692143545 3.685708199e-09)
2.99              (2.72239304e-11 0.7815149934 9.083981886e-12) (7.861251871e-10 0.5701495297 1.089721806e-09)
2.995             (1.523637956e-10 0.7826221472 -7.483548645e-11) (8.424147473e-10 0.5711197356 1.065390545e-09)
3                 (1.239747832e-11 0.7836772412 3.202372929e-11) (6.169894589e-10 0.5720574805 8.469874213e-10)
3.005             (-2.977803647e-11 0.7846799634 9.988774914e-11) (7.644609351e-10 0.5730304888 1.012179654e-09)
3.01              (4.466775789e-11 0.7856302275 6.886296028e-12) (6.889787329e-10 0.5739708574 1.037150091e-09)
3.015             (-5.469649482e-11 0.7865281751 9.647140528e-11) (3.158125381e-09 0.5749466084 3.607542909e-09)
3.02              (1.029673945e-11 0.7873741751 3.424375542e-11) (6.290557394e-10 0.5758895044 1.051888051e-09)
3.025             (5.505034428e-11 0.7881688211 -6.760113968e-11) (1.904249849e-09 0.5768678136 2.20423439e-09)
3.03              (1.325371161e-11 0.7889129226 2.767037753e-11) (6.111464406e-10 0.5778130409 8.481462822e-10)
3.035             (-2.94694871e-11 0.7896074957 9.060931202e-11) (1.332819438e-09 0.578793538 1.701674012e-09)
3.04              (2.965916027e-11 0.7902537531 1.542094693e-11) (3.814921351e-10 0.5797406572 8.181491107e-10)
3.045             (-5.103017477e-11 0.7908530899 7.649137389e-11) (2.434536302e-09 0.5807228338 2.64086209e-09)
3.05              (2.664567329e-11 0.7914070646 2.800029504e-11) (6.625317203e-10 0.5816713864 9.714746783e-10)
3.055             (8.373459353e-12 0.7919173814 1.803730945e-11) (2.481772354e-09 0.5826547222 2.975823636e-09)
3.06              (1.10223319e-11 0.7923858716 2.306992321e-11) (3.695634467e-10 0.583604204 8.591998016e-10)
3.065             (5.016039202e-11 0.7928144726 2.213027017e-11) (1.384071859e-09 0.5845881272 1.996426522e-09)
3.07              (1.217486865e-11 0.7932052062 2.047410717e-11) (1.310569905e-10 0.5855379791 5.434051337e-10)
3.075             (6.297758071e-12 0.793560157 1.20144258e-14) (2.286524213e-09 0.5865219094 2.723460694e-09)
3.08              (2.898772982e-12 0.7938814509 1.265418678e-11) (-1.414562751e-10 0.5874716019 3.82329376e-10)
3.085             (1.294535588e-11 0.7941712345 6.192942856e-11) (1.158405231e-09 0.5884550372 1.476440006e-09)
3.09              (1.819487916e-11 0.7944316546 -1.296939033e-12) (-3.322986147e-10 0.5894041295 8.435494986e-13)
3.095             (2.54815679e-12 0.7946648399 -3.992178383e-12) (2.138981467e-09 0.5903866447 2.523973165e-09)
3.1               (1.155853255e-11 0.7948728832 -2.722133535e-12) (-2.475923445e-10 0.5913347513 1.72208029e-10)
3.105             (8.225137111e-11 0.7950578258 -1.024320163e-11) (8.35596824e-10 0.5923160045 1.293442222e-09)
3.11              (-2.094314142e-12 0.7952216434 1.157966107e-11) (-4.299481699e-10 0.5932628338 9.663942679e-12)
3.115             (1.42580925e-12 0.7953662334 -1.271907372e-11) (1.934237105e-09 0.5942426418 2.36240099e-09)
3.12              (3.701437346e-12 0.7954934061 2.066177811e-12) (-3.266948483e-10 0.5951880749 8.082262139e-11)
3.125             (2.76256025e-12 0.7956048761 -6.429129542e-12) (2.185732132e-09 0.5961663489 2.598172196e-09)
3.13              (1.012318094e-13 0.7957022559 4.470793631e-12) (-2.936163132e-10 0.5971103232 1.151464839e-10)
3.135             (2.860433067e-12 0.795787052 -4.762652837e-12) (2.187914211e-09 0.5980870518 2.659074272e-09)
3.14              (-4.966818262e-13 0.7958606622 5.598794101e-12) (-3.636417296e-10 0.5990295651 4.398394047e-11)
3.145             (-1.633969645e-12 0.7959243751 2.253019225e-12) (1.484995107e-09 0.6000047722 1.888225948e-09)
3.15              (-2.49504646e-12 0.7959793705 7.225571699e-12) (-5.367569052e-10 0.6009458482 -8.851006926e-11)
3.155             (-3.02940715e-12 0.7960267217 1.042067661e-11) (2.096046534e-09 0.6019196416 2.637745323e-09)
3.16              (-6.544029042e-11 0.7960673985 6.456438317e-11) (2.049821555e-09 0.6028594489 2.648786493e-09)
3.165             (6.595810571e-12 0.7961022732 -1.858329991e-11) (1.758350978e-09 0.603832012 2.315638896e-09)
3.17              (4.879327779e-12 0.796132122 -1.401874821e-12) (-6.946710565e-10 0.6047707056 -2.088515663e-10)
3.175             (1.022083137e-10 0.7961576307 -1.03007813e-10) (2.028914139e-09 0.6057421983 2.615451756e-09)
3.18              (1.783711167e-12 0.7961794029 1.420531462e-12) (-9.516604557e-10 0.606679843 -3.255055148e-10)
3.185             (1.220741372e-10 0.7961979654 -1.22858742e-10) (2.092248428e-09 0.6076503302 2.4918415e-09)
3.19              (1.488920632e-12 0.7962137736 5.497783613e-13) (-1.130077024e-09 0.6085871225 -7.580708937e-10)
3.195             (2.064577891e-10 0.796227218 -2.136668889e-10) (2.068689186e-09 0.6095568667 2.192680301e-09)
3.2               (-2.298846434e-12 0.7962386297 3.256732382e-12) (1.534367074e-09 0.6104930164 1.783390569e-09)
3.205             (-7.144141422e-11 0.7962482858 6.913690014e-11) (2.503010298e-09 0.6114620436 2.732275269e-09)
3.21              (-1.479275668e-11 0.7962564153 1.504901109e-11) (1.755217555e-09 0.6123974344 2.041045625e-09)
3.215             (-2.637112469e-11 0.7962632036 2.376382872e-11) (2.431538202e-09 0.6133658083 2.79582029e-09)
3.22              (-1.305295732e-10 0.7962687969 1.289883585e-10) (3.855161098e-09 0.6143006811 5.053708749e-09)
3.225             (-3.490471261e-11 0.7962733061 2.042567294e-11) (6.670579814e-09 0.6152686046 6.224789649e-09)
3.23              (-1.108631147e-11 0.7962768111 1.006429732e-11) (-1.626899011e-10 0.6162030322 -2.571072741e-10)
3.235             (-1.270489362e-10 0.7962793631 1.198768091e-10) (4.007197918e-09 0.617170434 5.173316898e-09)
3.24              (8.804647499e-11 0.7962809875 -8.95660952e-11) (5.581974459e-09 0.6181043259 4.921659896e-09)
3.245             (5.038190294e-11 0.7962816867 -5.239967921e-11) (2.23936474e-09 0.6190712181 3.256932196e-09)
3.25              (-6.64144246e-12 0.796281442 7.104070452e-12) (1.820236795e-09 0.6200046791 2.393010588e-09)
3.255             (7.966644187e-12 0.7962802152 -1.59545689e-11) (4.141868401e-09 0.6209711514 4.386312118e-09)
3.26              (2.615539091e-11 0.7962779499 -2.699248345e-11) (2.308698202e-09 0.621904158 1.797149446e-09)
3.265             (2.297373301e-10 0.7962745736 -2.223806675e-10) (-4.053807483e-10 0.6228700669 1.902277041e-09)
3.27              (1.433920569e-11 0.7962699979 -1.396889346e-11) (2.378716641e-09 0.623802453 2.655182207e-09)
3.275             (-2.543404194e-11 0.7962641204 2.440317237e-11) (2.072849326e-09 0.6247677373 2.978227304e-09)
3.28              (5.803871923e-11 0.7962568253 -5.767506253e-11) (1.96253591e-09 0.6256995901 2.511114233e-09)
3.285             (1.203111238e-10 0.7962479851 -1.133862922e-10) (-7.609827237e-11 0.6266642403 3.14345215e-09)
3.29              (6.826640141e-11 0.7962374613 -6.761286672e-11) (3.455962481e-10 0.6275953074 7.808450932e-10)
3.295             (2.486840753e-11 0.7962251063 -2.313005256e-11) (1.982640816e-09 0.6285589839 2.393467281e-09)
3.3               (-1.549698278e-10 0.7962107644 1.550728651e-10) (3.074632302e-09 0.6294890778 -1.933750066e-09)
3.305             (-6.416272016e-11 0.796194274 6.426813719e-11) (2.127679639e-09 0.6304516493 2.625378362e-09)
3.31              (-6.404126327e-12 0.7961754699 7.490517144e-12) (2.353606387e-09 0.6313805734 3.055706275e-09)
3.315             (-7.617761424e-12 0.7961541852 8.843946826e-12) (2.715587243e-09 0.6323417172 3.193063191e-09)
3.32              (-4.96506016e-11 0.7961302539 5.096103309e-11) (2.487848546e-09 0.6332690967 2.4213303e-09)
3.325             (-1.692471963e-11 0.7961035142 1.746482103e-11) (2.275917297e-09 0.6342283533 3.041097941e-09)
3.33              (9.500279422e-11 0.7960738115 -9.429695503e-11) (3.195928419e-09 0.6351537331 5.761744637e-10)
3.335             (-9.63186727e-11 0.7960410015 1.0272125e-10) (4.108133816e-10 0.6361106167 -4.186095583e-10)
3.34              (4.83477403e-12 0.7960049543 -3.07058922e-12) (2.310938283e-09 0.6370335066 3.33791646e-09)
3.345             (3.352802781e-11 0.7959655582 -3.199238923e-11) (2.595307147e-09 0.6379873603 2.936704853e-09)
3.35              (-1.129513154e-10 0.7959227235 1.149890418e-10) (4.395235977e-10 0.6389070386 3.550269305e-09)
3.355             (-7.793994391e-13 0.7958763871 3.530617765e-12) (2.391273495e-09 0.6398570485 3.291772728e-09)
3.36              (-1.408870104e-11 0.7958265164 1.707053661e-11) (2.613660784e-09 0.6407727155 2.820564512e-09)
3.365             (3.481597244e-11 0.7957731135 -3.298986993e-11) (1.396071993e-09 0.6417179147 2.648105408e-09)
3.37              (-5.140081443e-11 0.7957162196 5.436098541e-11) (1.896569486e-09 0.642628573 3.298766887e-09)
3.375             (-1.617852766e-12 0.7956559182 3.70008259e-12) (2.174164029e-09 0.6435678448 2.860518309e-09)
3.38              (-7.316488044e-11 0.7955923393 7.49953553e-11) (3.075780057e-09 0.6444723785 2.586654039e-09)
3.385             (4.862738276e-11 0.7955256615 -4.585585382e-11) (2.146270699e-09 0.6454044102 2.299655161e-09)
3.39              (2.537201199e-12 0.795456115 -6.715538781e-14) (2.448270058e-09 0.64630147 3.180434976e-09)
3.395             (-3.580393317e-11 0.7953839829 4.06463431e-11) (3.837885531e-09 0.6472247107 3.551296411e-09)
3.4               (-6.585493866e-11 0.7953096019 6.945232074e-11) (2.38349949e-09 0.6481127843 3.114636331e-09)
3.405             (2.335374935e-12 0.7952333618 1.241250863e-12) (2.267429781e-09 0.64902557 3.009177123e-09)
3.41              (-8.876406965e-11 0.7951557047 9.197545914e-11) (2.384928526e-09 0.6499030194 3.255786724e-09)
3.415             (2.83319742e-11 0.7950771223 -2.668031093e-11) (1.883462669e-09 0.6508035042 2.636847334e-09)
3.42              (1.864690067e-10 0.7949981525 -1.837117523e-10) (1.964630202e-09 0.6516685227 3.662344636e-09)
3.425             (-4.435601961e-11 0.7949193743 4.661576583e-11) (1.878204671e-09 0.6525547155 2.640191283e-09)
3.43              (1.402818695e-10 0.7948414027 -1.378410335e-10) (2.673533969e-09 0.653405371 2.915282042e-09)
3.435             (6.358228619e-12 0.7947648816 -4.088435014e-12) (2.497025414e-09 0.6542751682 3.252055642e-09)
3.44              (-3.438054907e-12 0.7946904761 5.329265367e-12) (2.58820636e-09 0.6551094477 3.31534275e-09)
3.445             (4.976713862e-12 0.7946188637 -2.67695077e-12) (2.502793159e-09 0.655960693 3.243848784e-09)
3.45              (4.354664038e-12 0.7945507243 -1.960093883e-12) (2.55682358e-09 0.6567765538 3.331166888e-09)
3.455             (1.738343272e-12 0.7944867304 5.08417786e-13) (2.481802393e-09 0.6576070926 3.200736456e-09)
3.46              (3.279511049e-11 0.7944275366 -3.130663743e-11) (2.731718196e-09 0.6584025157 3.219075779e-09)
3.465             (1.056941833e-11 0.7943737691 -8.061385508e-12) (2.326774101e-09 0.659210267 3.031936368e-09)
3.47              (3.938563389e-11 0.7943260154 -3.620154412e-11) (2.492863866e-09 0.659983338 3.205421002e-09)
3.475             (-3.909015612e-12 0.7942848136 4.661817756e-12) (2.919946394e-09 0.660766301 3.51734609e-09)
3.48              (-1.932712156e-11 0.7942506426 1.98418199e-11) (2.567994727e-09 0.6615151441 3.554119956e-09)
3.485             (-6.111483119e-12 0.7942239134 7.485119384e-12) (2.663736804e-09 0.6622714918 3.38310113e-09)
3.49              (-1.080295605e-12 0.7942049609 3.268309474e-12) (2.647375632e-09 0.6629945224 3.347709686e-09)
3.495             (-4.549293577e-11 0.7941940374 4.86036373e-11) (2.539730046e-09 0.6637227896 3.326498572e-09)
3.5               (7.891185175e-12 0.7941913071 -4.829841514e-12) (2.682033815e-09 0.6644187513 3.438029535e-09)
3.505             (-1.922893254e-11 0.7941968428 2.087326103e-11) (2.627394837e-09 0.6651177276 3.298378347e-09)
3.51              (-2.905527182e-11 0.7942106234 3.102593507e-11) (2.536629007e-09 0.6657855431 3.272410778e-09)
3.515             (-2.610695005e-12 0.794232534 3.42640468e-12) (2.653275011e-09 0.6664543263 3.353726831e-09)
3.52              (1.616188586e-11 0.7942623674 -1.456780079e-11) (2.66698808e-09 0.6670933172 3.2870588e-09)
3.525             (2.645937859e-11 0.7942998269 -2.555546134e-11) (2.579872217e-09 0.6677314889 3.336250067e-09)
3.53              (7.633986239e-11 0.7943445318 -7.357274644e-11) (2.642276212e-09 0.668341443 3.197049347e-09)
3.535             (-1.037521632e-10 0.7943960233 1.044860401e-10) (2.65405053e-09 0.6689489552 3.222756894e-09)
3.54              (-3.933503186e-12 0.7944537729 6.963322701e-12) (2.517832486e-09 0.6695298907 3.252830958e-09)
3.545             (8.116623009e-12 0.7945171911 -6.107629498e-12) (2.606618323e-09 0.6701069154 3.326727126e-09)
3.55              (4.751648395e-11 0.794585638 -4.515491152e-11) (2.561902035e-09 0.6706591027 3.417198363e-09)
3.555             (-8.031016399e-11 0.7946584338 8.255391037e-11) (2.541682643e-09 0.6712063642 3.473719438e-09)
3.56              (7.057702579e-11 0.7947348705 -6.817805558e-11) (2.589854029e-09 0.6717307521 3.345210672e-09)
3.565             (-4.670865933e-11 0.7948142238 4.804869316e-11) (2.796102666e-09 0.6722495869 3.121216896e-09)
3.57              (6.708934094e-11 0.7948957644 -6.500989679e-11) (2.587508026e-09 0.6727475946 3.364982079e-09)
3.575             (1.19008675e-11 0.7949787696 -1.024506606e-11) (2.649284681e-09 0.67323931 3.360341262e-09)
3.58              (-3.964010953e-12 0.7950625341 5.881993518e-12) (2.628253155e-09 0.6737119421 3.346874717e-09)
3.585             (9.673935231e-12 0.7951463799 -7.883312581e-12) (2.621132732e-09 0.6741778858 3.359933315e-09)
3.59              (2.424596599e-11 0.7952296661 -2.217384333e-11) (2.517465863e-09 0.6746266841 3.385515816e-09)
3.595             (5.292432778e-12 0.7953117963 -3.501469235e-12) (2.636331203e-09 0.6750687643 3.351771107e-09)
3.6               (-3.135061492e-11 0.795392225 3.326112533e-11) (2.611943019e-09 0.6754956027 3.353725985e-09)
3.605             (-2.861678661e-10 0.7954704629 2.873962863e-10) (2.481552241e-09 0.6759157256 3.476684154e-09)
3.61              (1.807180213e-11 0.795546081 -1.635444072e-11) (2.691984687e-09 0.6763222928 3.311015551e-09)
3.615             (-1.152165216e-10 0.7956187133 1.167026778e-10) (2.418245112e-09 0.6767223195 3.605458789e-09)
3.62              (-1.817384715e-11 0.7956880578 1.932949415e-11) (2.63641243e-09 0.6771104367 3.343336097e-09)
3.625             (5.321955773e-11 0.7957538761 -4.950472666e-11) (2.706896773e-09 0.6774923209 3.33955081e-09)
3.63              (1.643743586e-11 0.7958159917 -1.480519611e-11) (2.606263777e-09 0.677863787 3.333596783e-09)
3.635             (7.530333032e-11 0.7958742876 -7.23321641e-11) (2.632699342e-09 0.6782293835 3.277936284e-09)
3.64              (7.366349307e-11 0.795928703 -7.461077317e-11) (2.81793281e-09 0.6785858986 3.182484253e-09)
3.645             (1.458076979e-10 0.7959792284 -1.453853665e-10) (2.676754581e-09 0.6789369201 3.382095204e-09)
3.65              (-1.758465213e-11 0.7960259017 1.851672372e-11) (2.546479398e-09 0.6792800274 3.300507163e-09)
3.655             (3.729839645e-11 0.7960688023 -3.479366452e-11) (2.719174704e-09 0.6796180558 3.309661369e-09)
3.66              (1.276892717e-11 0.796108046 -1.165541768e-11) (2.746983154e-09 0.6799492091 3.365774678e-09)
3.665             (8.909216102e-12 0.796143779 -7.613083413e-12) (2.7423075e-09 0.6802757034 3.311882042e-09)
3.67              (6.036805783e-12 0.7961761726 -5.396418353e-12) (2.660643737e-09 0.6805962152 3.393299103e-09)
3.675             (8.561387895e-11 0.7962054178 -8.524918051e-11) (2.884708629e-09 0.680912449 3.233340928e-09)
3.68              (4.520153404e-12 0.7962317203 -2.991202579e-12) (2.689139507e-09 0.681223445 3.407711036e-09)
3.685             (-2.226891918e-12 0.7962552953 4.96191944e-12) (2.601735446e-09 0.6815305211 3.458870569e-09)
3.69              (-6.169597959e-12 0.7962763638 8.573738394e-12) (2.656631222e-09 0.6818329928 3.452716512e-09)
3.695             (-8.326325982e-12 0.7962951485 9.859351034e-12) (2.579647976e-09 0.6821318595 3.424436307e-09)
3.7               (-1.581150556e-11 0.7963118706 1.729439661e-11) (2.654994125e-09 0.6824266395 3.430574154e-09)
3.705             (-2.874135158e-11 0.7963267471 3.162940504e-11) (2.726019833e-09 0.6827180799 3.329860227e-09)
3.71              (-4.596417597e-11 0.7963399889 4.721904248e-11) (2.598153182e-09 0.6830058555 3.5332089e-09)
3.715             (-9.032551456e-12 0.796351799 1.025080749e-11) (2.645526042e-09 0.6832905096 3.442938088e-09)
3.72              (-9.993346418e-11 0.7963623717 1.014264211e-10) (2.520692559e-09 0.6835718413 3.427230789e-09)
3.725             (-4.217880726e-11 0.7963718916 4.278025056e-11) (2.663798182e-09 0.6838502433 3.306794534e-09)
3.73              (6.999070566e-12 0.7963805341 -5.502084435e-12) (2.702252239e-09 0.6841256134 3.420151189e-09)
3.735             (9.085258872e-11 0.7963884651 -9.116105416e-11) (2.75379377e-09 0.684398197 3.207082955e-09)
3.74              (6.092082657e-11 0.7963958417 -6.146182684e-11) (2.57281803e-09 0.6846679733 3.360851148e-09)
3.745             (-3.061515732e-11 0.7964028132 3.27249681e-11) (2.637020156e-09 0.6849350474 3.483610568e-09)
3.75              (-5.262020716e-11 0.7964095215 5.284470636e-11) (2.498744895e-09 0.6851994864 3.468162421e-09)
3.755             (3.420537724e-11 0.7964161031 -3.338156762e-11) (2.637252838e-09 0.685461282 3.331078782e-09)
3.76              (3.213342429e-11 0.7964226895 -3.119302802e-11) (2.583573296e-09 0.6857205962 3.392942574e-09)
3.765             (6.186419304e-12 0.7964294086 -4.767594267e-12) (2.672841667e-09 0.6859772857 3.2981329e-09)
3.77              (-3.626381358e-11 0.7964363867 3.800204945e-11) (2.602306297e-09 0.6862316117 3.400389405e-09)
3.775             (-4.059149253e-11 0.7964437491 4.210020415e-11) (2.573739796e-09 0.686483289 3.401343716e-09)
3.78              (-2.506259297e-11 0.7964516223 2.712116339e-11) (2.598725336e-09 0.6867327009 3.428252614e-09)
3.785             (-2.112726415e-14 0.7964601339 1.807395685e-12) (2.696349749e-09 0.6869794099 3.448022935e-09)
3.79              (2.620521783e-11 0.7964694139 -2.396985022e-11) (2.6763365e-09 0.687223942 3.381915156e-09)
3.795             (-8.508340674e-12 0.7964795959 1.059193685e-11) (2.734030172e-09 0.6874656844 3.423687965e-09)
3.8               (-2.632687587e-12 0.7964908179 2.288911268e-12) (2.720207557e-09 0.6877053295 3.434664975e-09)
3.805             (4.669107906e-12 0.7965032231 -2.835162358e-12) (2.718236121e-09 0.687942069 3.445763821e-09)
3.81              (-5.393425838e-12 0.79651696 7.678277193e-12) (2.705883023e-09 0.6881767899 3.433009334e-09)
3.815             (3.989953156e-12 0.7965321829 -2.862764152e-12) (2.724574176e-09 0.6884084679 3.441038743e-09)
3.82              (4.448467341e-11 0.7965490522 -3.389896277e-11) (2.814836973e-09 0.6886382112 3.379004574e-09)
3.825             (6.064353848e-12 0.796567734 -5.235561039e-12) (2.725859704e-09 0.688864759 3.445136841e-09)
3.83              (-1.84450718e-14 0.7965884 1.500967507e-12) (2.723463301e-09 0.6890894671 3.444790471e-09)
3.835             (2.536373475e-12 0.7966112268 -5.228038538e-14) (2.725947901e-09 0.6893108179 3.455157695e-09)
3.84              (-3.869004058e-12 0.7966363956 3.221506872e-12) (2.761281458e-09 0.6895304385 3.456098788e-09)
3.845             (4.420516294e-12 0.7966640907 -2.150502676e-12) (2.733442324e-09 0.6897465435 3.45589117e-09)
3.85              (8.38295837e-12 0.7966944989 -5.575059499e-12) (2.747062642e-09 0.6899610501 3.487315334e-09)
3.855             (2.110002921e-12 0.7967278078 1.884678601e-13) (2.74258091e-09 0.6901718991 3.454565749e-09)
3.86              (8.745118712e-13 0.7967642046 1.49540766e-12) (2.739166418e-09 0.6903813071 3.461421537e-09)
3.865             (2.918028687e-12 0.7968038743 2.876361112e-12) (2.783650405e-09 0.6905869431 3.444327009e-09)
3.87              (-9.71841368e-13 0.7968469975 -1.742327694e-11) (2.837131825e-09 0.6907913236 3.535789576e-09)
3.875             (9.138639745e-13 0.796893749 -5.403417232e-13) (2.756192259e-09 0.6909918622 3.461554135e-09)
3.88              (-2.059579099e-12 0.796944295 1.195841459e-11) (2.700631013e-09 0.6911913625 3.462185235e-09)
3.885             (1.333712568e-12 0.7969987913 -2.150440208e-12) (2.758809193e-09 0.691387011 3.459773247e-09)
3.89              (4.800616365e-12 0.7970573807 -1.963999107e-12) (2.772531599e-09 0.6915818699 3.490719802e-09)
3.895             (-5.754700613e-12 0.7971201904 5.742043026e-12) (2.752328601e-09 0.6917729396 3.471992431e-09)
3.9               (-5.598142513e-11 0.7971873301 4.169427091e-11) (2.723770533e-09 0.6919634957 3.504396423e-09)
3.905             (-2.282643879e-13 0.7972588892 -2.661630874e-13) (2.751740691e-09 0.6921504075 3.473426919e-09)
3.91              (1.360003717e-11 0.7973349346 -1.352295083e-11) (2.747898582e-09 0.6923371031 3.493452578e-09)
3.915             (2.987213812e-12 0.7974155086 -2.78119329e-12) (2.756532969e-09 0.69252039 3.478384573e-09)
3.92              (-5.539573522e-13 0.7975006265 1.185019399e-12) (2.76002491e-09 0.6927037718 3.48126388e-09)
3.925             (5.112877219e-12 0.7975902751 -3.014626935e-12) (2.765256837e-09 0.6928840807 3.488425853e-09)
3.93              (2.919142893e-12 0.7976844112 -4.881618757e-12) (2.758970473e-09 0.6930648019 3.49323679e-09)
3.935             (1.956796789e-11 0.7977829596 -2.253929429e-11) (2.754423667e-09 0.6932428774 3.48677253e-09)
3.94              (2.770987849e-12 0.7978858131 -3.185157112e-12) (2.759815877e-09 0.6934216685 3.489615565e-09)
3.945             (-1.283483704e-11 0.7979928311 1.049895803e-11) (2.778960621e-09 0.6935983213 3.476838013e-09)
3.95              (-4.125486792e-12 0.7981038399 5.00501525e-12) (2.772223754e-09 0.693775964 3.499539219e-09)
3.955             (2.527163542e-11 0.7982186328 -2.614737366e-11) (2.779254985e-09 0.6939520484 3.484576039e-09)
3.96              (4.23067499e-12 0.7983369707 -2.876175021e-12) (2.7750989e-09 0.6941293577 3.500818621e-09)
3.965             (8.057982529e-14 0.7984585833 5.639087477e-13) (2.774197024e-09 0.6943057397 3.497612045e-09)
3.97              (3.456685242e-12 0.7985831708 -3.747084909e-12) (2.769793022e-09 0.6944835224 3.50599656e-09)
3.975             (4.873595841e-12 0.7987104058 -7.951672638e-12) (2.794159443e-09 0.6946610292 3.487373818e-09)
3.98              (-3.389295709e-11 0.7988399355 3.186681317e-11) (2.805301342e-09 0.6948400368 3.471497012e-09)
3.985             (4.927307199e-13 0.7989713849 -1.382289799e-12) (2.777072699e-09 0.6950194139 3.509357362e-09)
3.99              (-3.135524991e-12 0.7991043597 2.733105984e-12) (2.787061752e-09 0.6952003099 3.513166055e-09)
3.995             (1.040186315e-12 0.7992384498 -1.422206569e-12) (2.773688055e-09 0.6953821903 3.492387586e-09)
4                 (-1.218589117e-11 0.7993732332 1.180168938e-11) (2.778581116e-09 0.6955655192 3.510515189e-09)
4.005             (2.425101993e-11 0.7995082794 -2.481308063e-11) (2.791694993e-09 0.6957503819 3.499912825e-09)
4.01              (5.804725617e-12 0.7996431547 -7.703909362e-12) (2.792176987e-09 0.6959365277 3.519094433e-09)
4.015             (-1.417286035e-11 0.7997774256 1.385038345e-11) (2.78624145e-09 0.696124667 3.511103594e-09)
4.02              (-3.426109008e-12 0.7999106631 2.397988868e-12) (2.78480192e-09 0.6963138373 3.512649517e-09)
4.025             (-2.195798203e-11 0.8000424467 1.887981847e-11) (2.783309929e-09 0.6965053529 3.513920969e-09)
4.03              (-9.407814311e-13 0.8001723687 6.275172521e-13) (2.767106025e-09 0.6966975713 3.489044476e-09)
4.035             (1.906384797e-12 0.8003000385 -1.313313483e-12) (2.800639567e-09 0.6968923623 3.525344479e-09)
4.04              (1.824642001e-12 0.8004250861 -1.636066383e-12) (2.761190743e-09 0.6970874623 3.481347028e-09)
4.045             (1.979243019e-12 0.8005471654 -9.211390924e-13) (2.796249004e-09 0.6972852332 3.524678723e-09)
4.05              (-5.994329963e-12 0.8006659571 6.271067439e-12) (2.809310773e-09 0.6974828758 3.511714332e-09)
4.055             (2.92913415e-12 0.8007811708 1.719739703e-12) (2.806336937e-09 0.6976831642 3.523636067e-09)
4.06              (-1.848673919e-11 0.8008925476 1.942889965e-11) (2.798155519e-09 0.6978828665 3.541150398e-09)
4.065             (-5.073581962e-11 0.8009998616 5.318766856e-11) (2.826918531e-09 0.6980850711 3.518809314e-09)
4.07              (-9.927686104e-13 0.8011029206 3.514470113e-13) (2.792850952e-09 0.6982862292 3.521806209e-09)
4.075             (-1.241768941e-11 0.8012015673 1.155823926e-11) (2.772556956e-09 0.6984896448 3.55033024e-09)
4.08              (-2.020436029e-12 0.8012956789 2.529199202e-13) (2.806215395e-09 0.6986915756 3.528651791e-09)
4.085             (3.45400657e-11 0.8013851675 -3.519661267e-11) (2.775009656e-09 0.6988954409 3.577558034e-09)
4.09              (3.819266595e-12 0.8014699789 -4.366245921e-12) (2.813126687e-09 0.6990974279 3.536966414e-09)
4.095             (-5.139760106e-11 0.8015500922 5.120390968e-11) (2.79499309e-09 0.6993009755 3.56424695e-09)
4.1               (-2.915979108e-12 0.8016255181 1.730146253e-12) (2.816534434e-09 0.69950231 3.535176588e-09)
4.105             (1.847262078e-11 0.8016962973 -1.865537103e-11) (2.788840401e-09 0.6997047991 3.56545304e-09)
4.11              (-4.601046347e-12 0.8017624985 4.080615716e-12) (2.81270275e-09 0.6999048111 3.540056664e-09)
4.115             (-2.878359675e-11 0.8018242164 2.907629462e-11) (2.823466376e-09 0.7001055728 3.574129053e-09)
4.12              (-3.238252843e-12 0.8018815687 2.717671754e-12) (2.835522653e-09 0.7003036738 3.560607802e-09)
4.125             (2.780025432e-11 0.8019346938 -2.716257432e-11) (2.784276841e-09 0.7005021385 3.595685936e-09)
4.13              (2.144416292e-12 0.8019837478 -2.511499049e-12) (2.823893767e-09 0.7006978366 3.549763517e-09)
4.135             (-1.242131928e-11 0.8020289017 7.792344455e-12) (2.833190864e-09 0.7008935509 3.544604148e-09)
4.14              (9.412156697e-14 0.8020703383 -4.269550673e-13) (2.823827093e-09 0.7010864727 3.556667713e-09)
4.145             (3.695556226e-12 0.8021082498 -3.646375931e-12) (2.827629876e-09 0.7012791104 3.558175733e-09)
4.15              (2.109215729e-12 0.8021428345 -8.970590743e-13) (2.829323433e-09 0.7014689965 3.562479342e-09)
4.155             (-1.210614541e-11 0.8021742946 8.942550247e-12) (2.791172267e-09 0.7016583546 3.588521404e-09)
4.16              (8.438489866e-12 0.8022028338 -8.423210211e-12) (2.814172246e-09 0.7018450603 3.566997223e-09)
4.165             (2.601947856e-12 0.802228655 -4.804262812e-12) (2.834643057e-09 0.7020310609 3.55491725e-09)
4.17              (-1.006892259e-11 0.8022519583 1.016935473e-11) (2.779466229e-09 0.7022145605 3.517524405e-09)
4.175             (-9.075324455e-12 0.8022729394 1.522929727e-11) (2.865433099e-09 0.7023972397 3.580867185e-09)
4.18              (7.705822019e-12 0.8022917878 -7.724365789e-12) (2.830469588e-09 0.7025776014 3.575561631e-09)
4.185             (1.769925796e-12 0.8023086858 -7.821004531e-13) (2.84920658e-09 0.7027570832 3.585004059e-09)
4.19              (8.131365821e-12 0.8023238072 -8.455449616e-12) (2.845653372e-09 0.7029344507 3.565381351e-09)
4.195             (-5.967101746e-12 0.8023373165 2.849418736e-12) (2.843343308e-09 0.7031109324 3.567794571e-09)
4.2               (-1.489036283e-12 0.8023493679 1.609717453e-12) (2.792458763e-09 0.7032855147 3.527638315e-09)
4.205             (-1.81866852e-11 0.8023601052 1.384184526e-11) (2.85617665e-09 0.7034592511 3.581049606e-09)
4.21              (-1.166519765e-11 0.8023696612 8.367998795e-12) (2.764850421e-09 0.703631302 3.531457735e-09)
4.215             (1.549464196e-12 0.8023781574 9.924786248e-14) (2.833875471e-09 0.7038025895 3.572838172e-09)
4.22              (5.276873474e-12 0.8023857041 -7.513861563e-12) (2.792713724e-09 0.7039724011 3.540746186e-09)
4.225             (1.366986471e-12 0.8023924002 -1.364628844e-12) (2.843810887e-09 0.7041415686 3.590309179e-09)
4.23              (-6.192262796e-15 0.8023983338 1.378107839e-13) (2.832887392e-09 0.7043094561 3.568772371e-09)
4.235             (-1.151355756e-11 0.8024035816 1.208133299e-11) (2.859135975e-09 0.7044768512 3.571192678e-09)
4.24              (-4.633464958e-12 0.8024082098 1.851629157e-12) (2.804039524e-09 0.7046431469 3.550033892e-09)
4.245             (2.218953352e-12 0.8024122741 -3.62369731e-12) (2.865380917e-09 0.7048091461 3.592628591e-09)
4.25              (-1.184072588e-11 0.8024158202 9.122290489e-12) (2.812711088e-09 0.7049742185 3.563506558e-09)
4.255             (4.051615332e-11 0.8024188837 -3.803592607e-11) (2.821114532e-09 0.7051392185 3.616561891e-09)
4.26              (-2.612307734e-11 0.8024214908 1.970929512e-11) (2.796082125e-09 0.7053034381 3.578664833e-09)
4.265             (-7.171956285e-12 0.8024236586 7.377283869e-12) (2.874476691e-09 0.7054678515 3.594334392e-09)
4.27              (1.797448203e-13 0.8024253953 -4.335264743e-12) (2.826012601e-09 0.7056316226 3.581216985e-09)
4.275             (1.039331467e-11 0.8024267007 -8.491882031e-12) (2.898695447e-09 0.7057959121 3.628582636e-09)
4.28              (1.839796218e-12 0.8024275664 2.401917338e-12) (2.827475516e-09 0.7059596899 3.558682823e-09)
4.285             (-1.740657847e-11 0.8024279763 1.102292534e-11) (2.830681251e-09 0.7061243611 3.587276694e-09)
4.29              (-4.863347403e-13 0.8024279071 1.265158572e-13) (2.854820822e-09 0.7062886336 3.593971177e-09)
4.295             (5.331803017e-13 0.8024273285 -2.414986306e-13) (2.870148609e-09 0.7064542465 3.609677907e-09)
4.3               (-4.753214094e-13 0.802426204 1.040578906e-12) (2.812301973e-09 0.706619571 3.589814565e-09)
4.305             (-1.033891595e-12 0.8024244908 1.203761075e-12) (2.881115312e-09 0.7067867706 3.622027822e-09)
4.31              (3.526140481e-12 0.8024221412 -3.308953285e-12) (2.883520433e-09 0.7069537866 3.616702595e-09)
4.315             (-4.114706196e-13 0.8024191024 5.389614973e-13) (2.887190673e-09 0.7071232991 3.626815792e-09)
4.32              (1.503566982e-12 0.8024153176 -1.420059101e-12) (2.86934776e-09 0.7072927186 3.641297383e-09)
4.325             (3.616485911e-12 0.8024107267 -3.137140892e-12) (2.871743992e-09 0.7074653637 3.634636266e-09)
4.33              (5.448025554e-12 0.802405267 -6.40744316e-12) (2.896954976e-09 0.7076380005 3.629471052e-09)
4.335             (-3.392905036e-13 0.8023988743 9.665625341e-13) (2.877158251e-09 0.7078147136 3.605436756e-09)
4.34              (-1.198005771e-11 0.8023914838 1.248742493e-11) (2.865573036e-09 0.7079914914 3.651318476e-09)
4.345             (1.721918437e-12 0.8023830311 -1.078968904e-12) (2.876469278e-09 0.7081733214 3.621250132e-09)
4.35              (-4.356367197e-13 0.8023734535 1.014932086e-12) (2.893380427e-09 0.7083552685 3.625266724e-09)
4.355             (-2.616910627e-13 0.8023626917 -6.763403813e-14) (2.913613378e-09 0.7085433788 3.654999198e-09)
4.36              (-9.342215525e-12 0.8023506902 9.167918463e-12) (2.883340336e-09 0.7087316347 3.648027189e-09)
4.365             (-3.002025875e-13 0.8023373997 -9.200534588e-13) (2.930856672e-09 0.7089273074 3.676930232e-09)
4.37              (3.852802226e-12 0.802322778 -3.981785809e-12) (2.889989797e-09 0.7091231218 3.64612875e-09)
4.375             (-6.617244059e-11 0.8023067916 6.521447201e-11) (2.821490784e-09 0.7093277443 3.639604338e-09)
4.38              (-6.24966709e-12 0.8022894173 6.253683922e-12) (2.874446449e-09 0.7095324589 3.607592302e-09)
4.385             (8.587042145e-11 0.8022706435 -8.600843592e-11) (2.896756894e-09 0.7097475077 3.630484786e-09)
4.39              (-7.920832557e-13 0.8022504717 -7.072409903e-13) (3.370757333e-09 0.7099625432 4.112596887e-09)
4.395             (-4.083662142e-11 0.8022289178 4.07107273e-11) (2.89868252e-09 0.7101895732 3.653353499e-09)
4.4               (-6.582455192e-12 0.802206013 6.478464744e-12) (2.89168075e-09 0.710416423 3.634931769e-09)
4.405             (5.298627573e-11 0.8021818053 -5.279408331e-11) (2.891223839e-09 0.7106570633 3.651617156e-09)
4.41              (-4.516630077e-12 0.8021563601 4.036697895e-12) (2.919204083e-09 0.7108972907 3.665116318e-09)
4.415             (-2.24861939e-11 0.8021297608 2.258141569e-11) (2.90451094e-09 0.7111531941 3.656112938e-09)
4.42              (-1.436386422e-11 0.8021021089 1.416724394e-11) (2.921147759e-09 0.7114083492 3.665927574e-09)
4.425             (-2.923508914e-11 0.8020735247 2.910864451e-11) (2.919860194e-09 0.7116811346 3.643684327e-09)
4.43              (-1.239302314e-11 0.8020441466 1.252352101e-11) (2.876423926e-09 0.7119527297 3.633626348e-09)
4.435             (1.205028393e-11 0.8020141308 -1.215030918e-11) (2.912116854e-09 0.7122439816 3.674612892e-09)
4.44              (2.43622465e-11 0.8019836501 -2.438233637e-11) (2.843485948e-09 0.7125335074 3.61826559e-09)
4.445             (4.687882135e-11 0.8019528932 -4.69600295e-11) (2.909774928e-09 0.7128447385 3.66749695e-09)
4.45              (3.108827515e-12 0.8019220628 -3.172974773e-12) (2.886867772e-09 0.7131535794 3.638969282e-09)
4.455             (-3.778742722e-11 0.801891374 3.768868138e-11) (2.927538928e-09 0.7134861538 3.671270606e-09)
4.46              (3.424046861e-11 0.8018610517 -3.375776334e-11) (2.949106434e-09 0.7138155452 3.695190189e-09)
4.465             (3.77193391e-11 0.8018313289 -3.769587381e-11) (2.950140695e-09 0.7141706731 3.690009271e-09)
4.47              (-7.195040578e-12 0.8018024439 6.873925326e-12) (2.859576257e-09 0.7145217165 3.613351972e-09)
4.475             (-1.041609132e-11 0.8017746372 9.907732556e-12) (2.863499781e-09 0.7149004378 3.610342865e-09)
4.48              (2.179434953e-12 0.8017481481 -2.403001897e-12) (2.906367085e-09 0.7152740514 3.634336479e-09)
4.485             (4.410877878e-12 0.8017232112 -4.638208466e-12) (3.025866418e-09 0.7156771667 3.763501051e-09)
4.49              (-6.842530364e-12 0.8017000539 6.830367729e-12) (2.927910298e-09 0.7160740223 3.70691149e-09)
4.495             (1.209170579e-12 0.8016788932 -1.740688521e-12) (3.355571263e-09 0.7165020863 4.094403748e-09)
4.5               (-3.188281789e-11 0.8016599323 3.233320512e-11) (2.923067326e-09 0.7169226483 3.743439862e-09)
4.505             (6.893766368e-11 0.8016433577 -6.971215074e-11) (2.984624823e-09 0.7173759908 3.799852468e-09)
4.51              (8.847542125e-12 0.8016293364 -8.011680305e-12) (2.974893309e-09 0.7178204933 3.736866366e-09)
4.515             (5.722895775e-14 0.8016180127 -3.738044504e-12) (2.189746049e-09 0.7182991353 3.000667849e-09)
4.52              (9.190944056e-12 0.8016095068 -1.036528331e-11) (2.840511482e-09 0.7187675144 3.674983571e-09)
4.525             (2.399555828e-11 0.8016039122 -2.63205549e-11) (2.510279968e-09 0.7192712482 3.376006511e-09)
4.53              (-4.722637538e-12 0.8016012944 3.057323295e-12) (2.799337314e-09 0.719763257 3.41920017e-09)
4.535             (-8.455540475e-12 0.8016016899 6.983016192e-12) (2.451957258e-09 0.7202916318 3.276856604e-09)
4.54              (-3.549208005e-11 0.8016051056 3.439778254e-11) (2.58987939e-09 0.7208067745 3.326706062e-09)
4.545             (-1.675927409e-12 0.8016115182 -4.68543611e-13) (3.21368312e-09 0.7213591028 4.014937273e-09)
4.55              (-6.18447535e-12 0.8016208751 5.675420289e-12) (2.764888907e-09 0.7218966788 3.298381127e-09)
4.555             (-2.001541091e-11 0.801633095 2.061636981e-11) (2.826365092e-09 0.7224720709 3.572604132e-09)
4.56              (7.624136262e-12 0.8016480692 -8.090187499e-12) (2.970860119e-09 0.7230312001 3.83158105e-09)
4.565             (-1.350967686e-11 0.8016656632 1.264823915e-11) (2.848210968e-09 0.7236286574 3.596504194e-09)
4.57              (4.555603452e-11 0.8016857187 -4.566521054e-11) (2.558186197e-09 0.7242084085 3.517031303e-09)
4.575             (3.65890204e-12 0.8017080565 -4.620772497e-12) (3.287397599e-09 0.7248267351 4.051271074e-09)
4.58              (9.179146147e-13 0.8017324789 -1.617548413e-12) (3.08866535e-09 0.7254258649 3.772519514e-09)
4.585             (-2.431581354e-11 0.8017587727 2.420899596e-11) (3.340662522e-09 0.7260637226 4.029984656e-09)
4.59              (-1.430885272e-11 0.8017867127 1.442849325e-11) (2.74702643e-09 0.7266810417 3.568960397e-09)
4.595             (-1.018587768e-11 0.8018160649 8.830801848e-12) (4.936472774e-09 0.7273371544 5.457929844e-09)
4.6               (-1.210344738e-11 0.8018465899 1.233468528e-11) (3.374572357e-09 0.7279714555 4.148801764e-09)
4.605             (-4.107367954e-12 0.8018780462 4.705615534e-12) (1.901275752e-09 0.7286444896 2.643363782e-09)
4.61              (-4.376103609e-11 0.8019101938 4.437704617e-11) (3.808036685e-09 0.7292945148 3.740289543e-09)
4.615             (8.643667192e-14 0.8019427973 1.656731669e-13) (1.943812812e-09 0.7299831174 2.678722249e-09)
4.62              (-4.971456614e-11 0.8019756291 5.011134178e-11) (3.794623157e-09 0.7306476045 4.211616314e-09)
4.625             (1.882876404e-11 0.802008472 -1.856875252e-11) (2.47747204e-09 0.7313504536 3.310900468e-09)
4.63              (5.036486915e-11 0.8020411221 -5.030442083e-11) (3.113715776e-09 0.7320281917 3.749233789e-09)
4.635             (7.681099672e-12 0.80207339 -7.469737965e-12) (2.061830249e-09 0.7327440908 2.889431534e-09)
4.64              (-4.548401726e-11 0.8021051036 4.583871527e-11) (3.911665981e-09 0.7334339832 4.456831841e-09)
4.645             (4.342780482e-12 0.8021361096 -4.339713614e-12) (4.032818047e-09 0.7341617236 3.757750619e-09)
4.65              (5.219587722e-11 0.8021662746 -5.119557499e-11) (4.987132604e-09 0.7348626934 6.828589213e-09)
4.655             (-1.385319707e-11 0.8021954865 1.390139905e-11) (3.703995704e-09 0.7356012816 4.49898735e-09)
4.66              (4.504308367e-11 0.8022236546 -4.418862814e-11) (6.063619317e-09 0.7363123862 6.53820177e-09)
4.665             (3.263198673e-11 0.8022507101 -3.273374595e-11) (3.358463464e-09 0.7370608144 4.152389872e-09)
4.67              (4.928499528e-11 0.8022766062 -4.800193494e-11) (8.228109595e-09 0.7377811656 9.718508585e-09)
4.675             (3.201839315e-10 0.802301318 -3.200846236e-10) (2.040914092e-09 0.7385386017 3.332550589e-09)
4.68              (6.446660032e-11 0.802324842 -6.472020291e-11) (2.477860809e-09 0.7392674403 3.516380607e-09)
4.685             (1.149479252e-11 0.8023471957 -1.227128734e-11) (3.089097822e-09 0.7400330865 4.038577308e-09)
4.69              (2.886557166e-10 0.8023684167 -2.863758735e-10) (2.549761063e-08 0.7407696677 2.698587848e-08)
4.695             (-7.068265471e-12 0.8023885622 7.189023076e-12) (3.633258506e-09 0.7415428721 4.401347963e-09)
4.7               (3.52351891e-11 0.8024077084 -3.52947013e-11) (-2.622881575e-08 0.742286667 -2.5670689e-08)
4.705             (-1.204170415e-11 0.8024259494 1.25661506e-11) (2.568395914e-09 0.7430669279 3.343040837e-09)
4.71              (-3.081115099e-11 0.8024433966 3.14802626e-11) (-2.262953211e-09 0.7438174696 -1.745978935e-09)
4.715             (-1.116457151e-11 0.8024601785 1.156489707e-11) (2.737925359e-09 0.7446042651 3.244424107e-09)
4.72              (-3.51951043e-11 0.8024764396 3.572712392e-11) (-1.876063935e-09 0.7453610223 -1.137515999e-09)
4.725             (-3.812808447e-10 0.8024923407 3.816867378e-10) (1.935510766e-09 0.7461539129 2.902251059e-09)
4.73              (8.040048376e-11 0.8025080583 -8.000058818e-11) (1.942389358e-09 0.746916566 2.700304457e-09)
4.735             (-1.325160468e-10 0.8025237848 1.329270309e-10) (2.436491787e-09 0.7477152778 3.184117859e-09)
4.74              (-1.868847783e-10 0.8025397287 1.866629014e-10) (2.782320881e-09 0.7484835626 3.96792186e-09)
4.745             (-1.274894319e-10 0.8025561149 1.245658319e-10) (8.352851247e-09 0.7492878086 9.666355476e-09)
4.75              (-7.707676403e-11 0.8025731861 7.641805057e-11) (2.855107851e-09 0.750061413 3.696216105e-09)
4.755             (-1.505106006e-10 0.8025912031 1.484707544e-10) (6.002567467e-09 0.7508708981 4.305845086e-09)
4.76              (6.598674462e-11 0.8026104459 -6.373070214e-11) (2.139665399e-09 0.7516496323 3.086273974e-09)
4.765             (-7.435531371e-11 0.8026312149 7.270104271e-11) (2.016372068e-09 0.7524642408 2.614565619e-09)
4.77              (-2.487320689e-10 0.8026538321 2.538949392e-10) (2.827829042e-09 0.7532479606 3.078412811e-09)
4.775             (-9.538390825e-11 0.8026786428 9.571198809e-11) (2.559850809e-09 0.7540675191 3.094539741e-09)
4.78              (2.143212024e-11 0.802706018 -1.952608216e-11) (3.400383596e-09 0.7548560417 3.99679536e-09)
4.785             (5.090730732e-10 0.8027363556 -5.151327052e-10) (5.413162172e-09 0.7556802812 6.557379848e-09)
4.79              (1.953723871e-10 0.8027700827 -1.93691781e-10) (3.028420709e-09 0.7564733157 2.862408592e-09)
4.795             (-8.712598796e-11 0.8028076576 8.376592031e-11) (2.035978881e-09 0.7573022662 2.534210848e-09)
4.8               (7.664039036e-11 0.8028495714 -7.25162346e-11) (3.176379879e-09 0.7581000868 3.878339892e-09)
4.805             (-2.090756238e-11 0.8028963499 2.227329132e-11) (2.921313207e-09 0.7589336642 3.803090954e-09)
4.81              (7.431927233e-11 0.8029485555 -6.875931911e-11) (2.558237921e-09 0.7597357698 3.2014997e-09)
4.815             (7.246161045e-11 0.8030067891 -7.690407253e-11) (2.621026788e-09 0.7605735844 3.197281196e-09)
4.82              (3.613975912e-11 0.8030716917 -3.380657526e-11) (2.107248415e-09 0.7613799087 2.963087925e-09)
4.825             (-1.071066089e-11 0.8031439458 9.67155308e-12) (3.104576265e-09 0.762222076 3.133468222e-09)
4.83              (2.719316324e-11 0.8032242764 -4.080436049e-11) (1.093315816e-09 0.7630327025 1.728477085e-09)
4.835             (-5.485828555e-12 0.8033134515 1.447011591e-11) (2.204010914e-09 0.7638790169 3.003980798e-09)
4.84              (1.913880296e-11 0.803412284 -2.998040789e-11) (8.283175799e-10 0.7646935743 1.723650184e-09)
4.845             (4.578986767e-11 0.8035216319 -4.361544428e-11) (3.165095499e-09 0.765543756 4.012736815e-09)
4.85              (-1.896034382e-11 0.803642397 2.790743716e-12) (1.169841941e-09 0.7663620233 1.219225915e-09)
4.855             (1.358642669e-11 0.8037755247 -1.357665062e-11) (3.042590672e-09 0.7672159034 3.983312179e-09)
4.86              (-5.211242451e-11 0.8039220032 5.622926448e-11) (3.211216304e-09 0.768037853 3.981007929e-09)
4.865             (1.981052755e-11 0.8040828621 -1.808718665e-11) (3.160231719e-09 0.7688952957 4.036102733e-09)
4.87              (-2.760139867e-11 0.8042591704 1.961388977e-11) (1.420662052e-09 0.7697206086 2.400106019e-09)
4.875             (-9.053137703e-12 0.8044520341 -4.496253998e-12) (3.158057036e-09 0.7705812216 4.886284864e-09)
4.88              (1.27606911e-10 0.8046625935 -1.430302603e-10) (2.20412253e-09 0.771409557 3.078780767e-09)
4.885             (1.217039608e-11 0.8048920195 -8.179742531e-12) (3.129387731e-09 0.7722731183 4.123242081e-09)
4.89              (3.167358976e-11 0.8051415095 -4.782531167e-11) (1.740376121e-09 0.7731043525 3.045001536e-09)
4.895             (-2.641355935e-11 0.8054122829 1.444823773e-11) (4.703009773e-09 0.773970627 5.776052157e-09)
4.9               (1.805383186e-11 0.8057055768 -2.272194434e-11) (1.513509751e-09 0.77480443 2.445410851e-09)
4.905             (-2.524212501e-11 0.80602264 1.627062015e-11) (4.8036605e-09 0.7756730149 5.534713931e-09)
4.91              (1.923570398e-11 0.8063647271 -2.356611027e-11) (1.7087188e-09 0.7765089897 2.313344305e-09)
4.915             (-3.503634989e-11 0.8067330924 2.69909762e-11) (4.921479836e-09 0.7773795539 5.486343495e-09)
4.92              (1.80118843e-11 0.8071289833 -2.091961241e-11) (1.699692293e-09 0.7782174589 2.389247122e-09)
4.925             (-2.87095836e-11 0.8075536332 2.197609203e-11) (4.77562322e-09 0.7790897187 5.552646057e-09)
4.93              (2.048260687e-11 0.8080082544 -2.38662112e-11) (1.633063184e-09 0.7799292336 2.558935187e-09)
4.935             (-3.372858333e-11 0.8084940305 2.627885795e-11) (4.780528316e-09 0.7808028274 5.682849557e-09)
4.94              (2.059571063e-11 0.8090121096 -2.369023297e-11) (1.702259774e-09 0.7816436074 2.582580097e-09)
4.945             (-3.015908852e-11 0.8095635961 2.236287621e-11) (4.869512192e-09 0.7825182259 5.63347361e-09)
4.95              (2.475257961e-11 0.8101495434 -2.76112582e-11) (1.825435233e-09 0.7833600123 2.518967872e-09)
4.955             (-2.982808358e-11 0.810770947 2.05256201e-11) (4.961217154e-09 0.7842354033 5.59503701e-09)
4.96              (2.597057951e-11 0.811428737 -2.924985568e-11) (1.876632146e-09 0.7850779546 2.519341741e-09)
4.965             (-2.923263328e-11 0.8121237712 1.816617611e-11) (4.958675024e-09 0.7859538758 5.609036981e-09)
4.97              (2.698379931e-11 0.8128568292 -3.04709604e-11) (1.860885186e-09 0.7867969643 2.570468532e-09)
4.975             (-2.848383426e-11 0.8136286057 1.526417158e-11) (4.926378718e-09 0.7876732253 5.660810726e-09)
4.98              (-4.852632103e-11 0.8144397053 1.747792383e-10) (5.296651502e-09 0.7885167148 6.126615128e-09)
4.985             (1.498473206e-11 0.8152906379 -2.064870978e-11) (4.844248615e-09 0.7893931987 5.909916793e-09)
4.99              (-2.045929731e-11 0.8161818148 1.328721187e-11) (1.671753515e-09 0.7902369338 2.845179025e-09)
4.995             (-2.725312198e-12 0.8171135442 -2.025145617e-11) (4.764104264e-09 0.7911135574 5.899286094e-09)
5                 (1.991120337e-10 0.8180860294 -2.785778072e-10) (6.74826045e-09 0.7919575557 7.238254559e-09)
5.005             (-6.384891095e-12 0.8190993664 -2.285529083e-11) (5.407145895e-09 0.792834342 5.442967669e-09)
5.01              (3.788769705e-12 0.8201535429 -1.406466446e-11) (2.238914283e-09 0.7936785581 2.305068456e-09)
5.015             (-1.725242151e-11 0.8212484387 -1.25084986e-11) (5.283134207e-09 0.7945555212 5.643375809e-09)
5.02              (-2.994265651e-10 0.8223838254 2.238312143e-10) (6.778711269e-09 0.7954000484 7.003517059e-09)
5.025             (-1.139057852e-11 0.8235593688 -2.181533591e-11) (5.358926981e-09 0.7962773225 6.14652049e-09)
5.03              (6.041580537e-11 0.8247746308 -1.336043067e-10) (7.694801437e-09 0.7971222555 7.084460936e-09)
5.035             (-4.834728382e-13 0.8260290729 -3.771047859e-11) (5.543226067e-09 0.7979999325 5.644643426e-09)
5.04              (-2.017684283e-10 0.8273220598 1.526714661e-10) (5.081639558e-09 0.7988453547 8.087834299e-09)
5.045             (-4.107464319e-11 0.8286528646 7.181194305e-12) (5.117831612e-09 0.7997236082 6.618600894e-09)
5.05              (6.02328937e-11 0.8300206736 -6.653658668e-11) (2.980261718e-09 0.8005697354 3.210418034e-09)
5.055             (1.229758665e-11 0.8314245929 -3.77787764e-11) (5.715398349e-09 0.8014488927 6.19694026e-09)
5.06              (2.97971546e-10 0.8328636544 -3.604965141e-10) (7.894237891e-09 0.8022960791 5.434784093e-09)
5.065             (7.089613864e-12 0.8343368232 -3.3753568e-11) (5.851156133e-09 0.803176263 6.487276916e-09)
5.07              (-2.059624484e-11 0.8358430049 1.077298074e-11) (2.891739897e-09 0.8040244043 4.066252696e-09)
5.075             (4.189501367e-11 0.8373810532 -2.700139035e-11) (2.751042858e-09 0.8049056508 2.813261881e-09)
5.08              (4.126417515e-11 0.8389497779 -3.808673978e-11) (3.343886171e-09 0.8057549703 3.520216564e-09)
5.085             (-2.843916202e-11 0.8405479529 5.557173255e-11) (1.965199069e-09 0.8066376639 3.00072399e-09)
5.09              (7.969846636e-11 0.8421743242 -1.390122835e-10) (8.266903743e-09 0.8074885521 4.789305688e-09)
5.095             (3.403455418e-11 0.8438276178 -2.993102297e-11) (4.503445851e-09 0.8083729017 4.611403205e-09)
5.1               (-3.129019518e-11 0.8455065479 2.896080422e-11) (3.039032433e-09 0.8092253949 4.080477357e-09)
5.105             (7.483970273e-11 0.847209824 -6.304720384e-11) (3.968550732e-09 0.8101114316 3.582412375e-09)
5.11              (1.295062435e-11 0.8489361582 -1.446201185e-11) (3.132687257e-09 0.8109656087 3.742231498e-09)
5.115             (-6.369786697e-12 0.8506842726 2.317449988e-11) (2.229642757e-09 0.8118534898 4.054775296e-09)
5.12              (-3.127609682e-11 0.8524529052 2.876043922e-11) (2.643278612e-09 0.8127095312 3.898982839e-09)
5.125             (5.334142492e-11 0.8542408163 -3.808040424e-11) (3.336966682e-09 0.8135993613 3.088350929e-09)
5.13              (6.543723938e-12 0.8560467939 -8.577486096e-12) (2.966266659e-09 0.8144572936 3.43397495e-09)
5.135             (8.36084243e-11 0.8578696588 -7.594711344e-11) (3.087814923e-09 0.8153490497 1.038145751e-09)
5.14              (-8.443708603e-11 0.8597082682 9.061014401e-11) (1.520265812e-09 0.8162088688 3.366084479e-09)
5.145             (-1.885580466e-10 0.8615615211 2.268957692e-10) (3.546924713e-09 0.8171025898 1.499433174e-09)
5.15              (3.053291025e-11 0.8634283604 -2.332097722e-11) (2.040695262e-09 0.8179643112 3.460431878e-09)
5.155             (2.312951431e-11 0.8653077769 -3.496607582e-11) (5.050484411e-09 0.8188599925 7.685187165e-09)
5.16              (3.156395961e-11 0.86719881 -2.468586442e-11) (2.632044282e-09 0.8197236288 3.471996382e-09)
5.165             (-3.107223783e-11 0.8691005512 2.98883772e-11) (6.212734723e-09 0.8206212147 6.448942702e-09)
5.17              (4.680355994e-11 0.8710121436 -3.996851685e-11) (3.180816526e-09 0.8214866647 3.677502548e-09)
5.175             (1.142815301e-11 0.8729327842 -1.297307676e-11) (6.227855078e-09 0.8223861061 7.456285619e-09)
5.18              (1.677073333e-11 0.8748617236 -4.301085163e-12) (2.33505145e-09 0.8232533923 3.370573635e-09)
5.185             (-2.315896054e-11 0.8767982652 2.220420111e-11) (7.016755718e-09 0.8241547049 7.774190163e-09)
5.19              (-1.100806429e-10 0.8787417638 1.239456363e-10) (5.703688344e-09 0.8250237562 6.780039593e-09)
5.195             (2.937057671e-12 0.8806916272 -3.462770855e-12) (8.705174582e-09 0.8259267926 9.399550349e-09)
5.2               (4.623214641e-11 0.8826473127 -3.27763022e-11) (7.21505615e-09 0.8267974862 7.734660591e-09)
5.205             (1.335454038e-10 0.8846083278 -1.361411992e-10) (9.022762891e-09 0.827702241 1.202946615e-08)
5.21              (3.992375328e-11 0.8865742258 -2.352546476e-11) (9.558877237e-09 0.8285746378 1.080524599e-08)
5.215             (1.977044257e-11 0.8885446065 -1.858256641e-11) (4.72219513e-09 0.8294810791 5.368973959e-09)
5.22              (1.38401785e-10 0.8905191132 -1.681958036e-10) (8.003009647e-09 0.8303553157 6.754546392e-09)
5.225             (-1.715766868e-11 0.8924974295 1.67632748e-11) (5.3747831e-09 0.8312635689 5.728424466e-09)
5.23              (-3.10933035e-10 0.8944792768 2.999346319e-10) (6.926411599e-09 0.8321393344 1.560816365e-09)
5.235             (1.70720831e-11 0.8964644124 -1.776159962e-11) (6.33446427e-09 0.8330491541 6.729189381e-09)
5.24              (-5.963610247e-11 0.8984526268 6.767633189e-11) (4.104422572e-09 0.8339265317 5.060236548e-09)
5.245             (-3.783164604e-11 0.9004437411 6.237754452e-11) (-3.848090279e-08 0.8348382601 -3.761455792e-08)
5.25              (2.36300798e-11 0.9024376049 -1.436369239e-11) (3.05349742e-09 0.8357176756 4.566972423e-09)
5.255             (1.055996761e-10 0.9044340933 -1.082164175e-10) (2.598756199e-08 0.8366312596 2.841756364e-08)
5.26              (2.820187139e-11 0.9064331044 -2.037953642e-11) (3.850632657e-09 0.8375123522 5.65677914e-09)
5.265             (-5.995056638e-11 0.9084345564 6.146819777e-11) (1.616195677e-08 0.8384277812 1.680833553e-08)
5.27              (-9.153532784e-11 0.9104383855 9.863398413e-11) (5.370835479e-09 0.8393108245 5.484211431e-09)
5.275             (-9.549664815e-11 0.912444543 9.716748323e-11) (1.774837319e-08 0.8402284792 1.773661544e-08)
5.28              (-1.789810304e-10 0.9144529928 1.857575177e-10) (6.360421203e-09 0.8411138556 5.836732018e-09)
5.285             (-4.62797336e-12 0.9164637087 1.030505153e-11) (5.60259686e-09 0.8420340104 5.949793317e-09)
5.29              (7.194452513e-11 0.918476672 -6.683101668e-11) (5.375721198e-09 0.8429218793 6.67596348e-09)
5.295             (-1.500032429e-11 0.9204918692 1.963434094e-11) (6.130968674e-09 0.8438447309 7.017546353e-09)
5.3               (-7.296101919e-11 0.9225092893 7.722237534e-11) (5.712596276e-09 0.8447353332 6.156271169e-09)
5.305             (2.145258518e-11 0.9245289217 -1.747883374e-11) (6.57091079e-09 0.845661309 7.420596164e-09)
5.31              (8.147637566e-11 0.926550754 -7.640854528e-11) (6.199490649e-09 0.8465551726 7.394209407e-09)
5.315             (-1.023750785e-11 0.9285747697 1.348859759e-11) (6.455586492e-09 0.8474848017 7.311341118e-09)
5.32              (-5.171543037e-11 0.9306009464 5.632409146e-11) (6.510735659e-09 0.848382365 7.259326203e-09)
5.325             (1.877482523e-11 0.9326292539 -1.659777392e-11) (6.759892226e-09 0.8493161129 7.776910565e-09)
5.33              (4.187202734e-11 0.9346596525 -6.459498138e-11) (-3.428886689e-09 0.8502178538 -1.839237216e-09)
5.335             (-1.73434501e-11 0.9366920916 2.002925662e-11) (4.687091226e-09 0.8511563873 6.289688307e-09)
5.34              (-7.580066618e-11 0.9387265081 5.895288177e-11) (-7.15329538e-09 0.8520631187 -5.882487542e-09)
5.345             (-3.832540408e-11 0.9407628256 3.412033253e-11) (3.504795121e-09 0.8530072346 4.076236956e-09)
5.35              (-8.564333188e-11 0.9428009528 7.399919323e-11) (-7.194029686e-09 0.8539195457 -5.430635869e-09)
5.355             (-6.374317462e-11 0.9448407833 6.160687596e-11) (1.694842995e-10 0.8548700246 1.513283852e-09)
5.36              (-4.587251115e-11 0.9468821945 3.759774245e-11) (-5.087800303e-09 0.8557888032 -6.530158469e-09)
5.365             (5.976965133e-12 0.9489250472 -7.252880077e-12) (2.969262364e-09 0.8567466046 2.042936504e-09)
5.37              (-5.968972727e-11 0.9509691854 5.213072755e-11) (-6.119123135e-09 0.8576727748 -3.471266068e-09)
5.375             (-1.178395864e-11 0.9530144361 8.810220913e-12) (-7.278581932e-10 0.8586389988 1.31014469e-09)
5.38              (1.871809526e-11 0.9550606098 -2.492504601e-11) (-6.65790415e-09 0.8595736705 -3.371683588e-09)
5.385             (-1.540502986e-11 0.9571075006 1.223769703e-11) (1.497840613e-09 0.8605494134 6.620553855e-09)
5.39              (-5.912096606e-11 0.9591548868 5.542914523e-11) (-3.182558253e-09 0.8614935562 -5.219277401e-09)
5.395             (3.088796164e-11 0.9612025324 -3.457074049e-11) (4.410676293e-09 0.8624799111 3.625309861e-10)
5.4               (-7.158715218e-11 0.963250188 7.210006821e-11) (-6.508797225e-09 0.8634346339 -4.679321097e-09)
5.405             (-3.787100773e-12 0.9652975923 -9.146096469e-14) (2.146775903e-09 0.8644327925 6.3507942e-09)
5.41              (1.538423959e-10 0.967344474 -1.484182255e-10) (-3.383643107e-09 0.8653992102 -5.573908335e-09)
5.415             (-7.997698614e-11 0.9693905538 7.763253556e-11) (2.998168789e-09 0.8664101702 1.654142235e-09)
5.42              (-2.162380503e-11 0.9714355465 3.125487727e-11) (-1.884345123e-09 0.867389096 -5.943428072e-09)
5.425             (-1.658605971e-11 0.9734791646 1.420575172e-11) (4.231004499e-09 0.8684133829 3.117276433e-09)
5.43              (-1.37445218e-10 0.9755211201 1.533674747e-10) (-3.460128731e-09 0.8694051025 -7.085924489e-09)
5.435             (-2.855940781e-12 0.9775611267 4.697918243e-12) (4.658300776e-09 0.8704424425 7.385431763e-10)
5.44              (-3.623338573e-12 0.9795989027 2.845845009e-11) (-6.942688683e-09 0.8714463286 -5.474528534e-09)
5.445             (8.87840321e-12 0.9816341741 -9.855559866e-13) (2.756103754e-09 0.8724950644 6.618261754e-09)
5.45              (1.307785626e-10 0.9836666775 -9.979981135e-11) (-5.646917712e-09 0.8735089206 -7.495218287e-09)
5.455             (-3.886105091e-11 0.9856961637 5.382682265e-11) (4.779800853e-09 0.8745653191 3.377252001e-09)
5.46              (-7.144722749e-11 0.9877223999 9.141616699e-11) (1.437886239e-10 0.8755847599 -5.010817075e-09)
5.465             (1.022351861e-11 0.9897451723 3.242083147e-12) (6.886292116e-09 0.8766424926 3.914294233e-09)
5.47              (2.572379577e-10 0.9917642885 -2.406389907e-10) (2.088135961e-09 0.8776605428 -4.229440418e-09)
5.475             (-1.690369206e-11 0.9937795802 2.258839396e-11) (1.042866108e-08 0.8787105584 8.856353831e-09)
5.48              (-3.051984048e-11 0.9957909049 4.287686653e-11) (5.089364325e-09 0.8797177107 7.22892331e-09)
5.485             (7.976333767e-11 0.9977981477 -9.515500737e-11) (1.033743399e-08 0.8807488179 8.175737618e-09)
5.49              (7.813829501e-11 0.9998012231 -6.432321204e-11) (5.740270394e-09 0.8817340414 8.790649722e-09)
5.495             (-1.846935836e-11 1.001800075 1.50150292e-11) (5.901508529e-09 0.8827347032 9.688350631e-09)
5.5               (-2.809120185e-11 1.003794681 6.046478274e-11) (8.129841934e-09 0.8836871947 8.889433597e-09)
5.505             (-6.465213837e-10 1.005785046 6.335061325e-10) (7.290090351e-09 0.8846474498 7.472515108e-09)
5.51              (-1.084203762e-10 1.00777121 1.029358625e-10) (3.170431744e-09 0.8855589915 2.996851729e-09)
5.515             (5.779387726e-10 1.009753242 -7.453448611e-10) (-1.559529412e-09 0.8864733379 4.006646718e-09)
5.52              (-2.868297655e-10 1.011731243 4.381810569e-10) (1.244247537e-08 0.8873406696 1.434896466e-08)
5.525             (-1.787487564e-10 1.013705342 1.856049354e-10) (7.449846104e-09 0.888209447 1.029126858e-08)
5.53              (-3.247849103e-10 1.015675696 3.371017802e-10) (-3.533291499e-09 0.8890350991 -4.138807028e-09)
5.535             (-2.975619905e-10 1.017642488 3.729357987e-10) (1.616661158e-08 0.8898646116 1.755286826e-08)
5.54              (-3.49100652e-11 1.019605925 8.183952118e-11) (2.497109094e-08 0.8906565235 2.34794845e-08)
5.545             (2.978487356e-11 1.021566236 -2.528127162e-11) (5.392540547e-08 0.891457658 5.103179117e-08)
5.55              (-3.85687375e-11 1.023523667 5.465473054e-11) (1.684050787e-08 0.8922270365 1.741852979e-08)
5.555             (-3.055914916e-10 1.025478484 3.198705172e-10) (1.738938541e-08 0.8930119831 1.522181463e-08)
5.56              (-9.702940951e-11 1.027430961 1.087439253e-10) (5.887815624e-09 0.8937704766 5.132490493e-09)
5.565             (5.369016941e-11 1.029381388 -6.327599275e-11) (2.783418278e-08 0.8945510825 3.126297879e-08)
5.57              (1.299535707e-10 1.031330057 -1.185929478e-10) (7.916663741e-09 0.8953089908 1.18307017e-08)
5.575             (5.313760928e-10 1.033277266 -5.246794567e-10) (1.041490782e-08 0.8960935963 9.886879716e-09)
5.58              (2.093590397e-10 1.035223316 -2.052594507e-10) (6.024252915e-09 0.8968574207 5.614879152e-09)
5.585             (5.493066224e-11 1.037168501 -5.69643753e-11) (-1.67034989e-08 0.8976516566 -1.079852433e-08)
5.59              (2.467060893e-10 1.039113114 -2.405532083e-10) (5.111845503e-09 0.8984257744 1.020289251e-08)
5.595             (1.207680199e-10 1.041057437 -1.172133136e-10) (1.665596693e-08 0.8992320186 2.252424899e-08)
5.6               (-1.825200373e-10 1.043001743 1.872276422e-10) (7.003172981e-09 0.9000175268 6.297491037e-09)
5.605             (-4.910223496e-10 1.044946289 4.965711649e-10) (3.648857318e-08 0.9008363154 4.143290407e-08)
5.61              (-2.602189656e-10 1.046891319 2.631857393e-10) (7.444474546e-09 0.9016336737 1.204849867e-08)
5.615             (3.948467288e-10 1.048837058 -3.840025377e-10) (2.657282372e-08 0.9024650272 2.383862692e-08)
5.62              (-8.943942037e-11 1.050783711 9.203498257e-11) (3.421386602e-08 0.9032736928 3.332688716e-08)
5.625             (-1.855158501e-11 1.052731465 2.215114042e-11) (6.220329902e-08 0.9041166731 6.723869185e-08)
5.63              (1.758078803e-10 1.054680484 -1.781016128e-10) (7.363644854e-09 0.9049358729 4.643316457e-09)
5.635             (-5.803120064e-11 1.056630911 6.158928038e-11) (-2.538656397e-08 0.9057896982 -2.575429043e-08)
5.64              (-4.737637685e-10 1.058582865 4.767021927e-10) (8.406292997e-09 0.9066187886 6.932583309e-09)
5.645             (8.504880258e-11 1.060536444 -8.420035931e-11) (1.033894222e-08 0.9074826323 1.096279947e-08)
5.65              (1.180151675e-11 1.062491723 -1.044936472e-11) (1.197598678e-08 0.9083206898 1.76925371e-08)
5.655             (1.221123565e-10 1.064448755 -1.215067605e-10) (5.231884252e-10 0.9091937449 4.853365944e-09)
5.66              (9.950725031e-11 1.066407572 -1.035490665e-10) (5.187955876e-09 0.9100402403 7.271401362e-09)
5.665             (2.500441125e-10 1.068368184 -2.50709607e-10) (3.470745033e-08 0.910921628 3.68767838e-08)
5.67              (1.599819605e-10 1.070330583 -1.628924341e-10) (7.82714536e-09 0.9117755633 8.566461403e-09)
5.675             (-4.047433543e-11 1.072294742 4.510019302e-11) (-3.412635004e-08 0.9126645735 -3.272464294e-08)
5.68              (-6.629143096e-10 1.074260614 6.615206035e-10) (5.428800075e-09 0.9135254095 4.497890442e-09)
5.685             (6.341159332e-11 1.076228138 -6.243461832e-11) (1.206920126e-08 0.9144210394 1.100095842e-08)
5.69              (8.56264763e-11 1.078197238 -8.51516313e-11) (1.200496969e-08 0.9152877893 1.406975164e-08)
5.695             (-9.91629204e-12 1.080167823 1.124723312e-11) (1.300673247e-08 0.9161896751 1.462359591e-08)
5.7               (2.511314944e-10 1.082139788 -2.500853821e-10) (1.480261588e-08 0.9170622151 1.263642089e-08)
5.705             (5.501718996e-12 1.084113019 -4.554119733e-12) (1.28519008e-08 0.9179695494 1.413975134e-08)
5.71              (8.48712291e-12 1.086087391 -8.706953523e-12) (1.221237847e-08 0.9188468787 1.546926183e-08)
5.715             (5.148095414e-10 1.088062767 -5.096735531e-10) (1.56142251e-08 0.9197590834 9.679418782e-09)
5.72              (-2.940034205e-10 1.090039006 2.959001536e-10) (1.664367063e-08 0.92064099 1.637088877e-08)
5.725             (-2.249148984e-11 1.092015954 2.501788725e-11) (1.19755372e-08 0.9215576924 1.387267501e-08)
5.73              (2.206492649e-10 1.093993455 -2.167476402e-10) (-7.520020411e-09 0.9224437054 -5.66593689e-10)
5.735             (5.189425927e-12 1.095971344 -2.720703915e-12) (1.145169292e-08 0.923364404 1.33981345e-08)
5.74              (-3.229351843e-10 1.097949451 3.264121738e-10) (2.893220156e-09 0.9242540391 -8.592511957e-09)
5.745             (-3.915550852e-11 1.099927604 4.081474739e-11) (1.120605186e-08 0.9251784517 1.25039305e-08)
5.75              (6.62118318e-11 1.101905623 -6.460441078e-11) (5.423474715e-09 0.9260716156 7.13542275e-09)
5.755             (-8.790895033e-12 1.103883328 1.082646257e-11) (1.083154287e-08 0.9269995088 1.22864005e-08)
5.76              (-4.552227416e-10 1.105860534 4.610822097e-10) (-4.402126805e-09 0.927895865 -6.539199648e-09)
5.765             (-1.885005961e-11 1.107837056 2.132520711e-11) (1.118077079e-08 0.928826957 1.224376085e-08)
5.77              (-4.981654479e-11 1.109812704 5.164387108e-11) (5.620296878e-09 0.9297263297 7.33755635e-09)
5.775             (-1.306302459e-11 1.11178729 1.575069162e-11) (1.102927466e-08 0.9306605021 1.223606432e-08)
5.78              (8.204055503e-11 1.113760624 -7.383644129e-11) (-4.315743728e-09 0.9315628105 -7.194001093e-09)
5.785             (2.995355781e-13 1.115732516 2.621952919e-12) (1.109763803e-08 0.932499946 1.236061728e-08)
5.79              (-7.628975621e-10 1.117702773 7.708532257e-10) (4.049365428e-09 0.9334050454 -1.554230858e-08)
5.795             (-2.981130331e-11 1.119671205 3.315134994e-11) (1.150550252e-08 0.9343450402 1.215785849e-08)
5.8               (-2.678469725e-11 1.121637616 2.888046866e-11) (5.192762171e-09 0.935252883 8.775341863e-09)
5.805             (-1.680028991e-11 1.123601817 2.019501997e-11) (1.136973112e-08 0.9361956989 1.274362598e-08)
5.81              (4.657724034e-10 1.125563613 -4.528869042e-10) (3.307928854e-10 0.9371062416 -1.482453525e-08)
5.815             (1.255449517e-11 1.127522813 -8.810929163e-12) (1.167624475e-08 0.9380518034 1.276972518e-08)
5.82              (6.68015949e-11 1.129479225 -6.479097394e-11) (5.601112529e-09 0.9389649522 9.135457779e-09)
5.825             (1.418302054e-11 1.131432657 -1.031898525e-11) (1.153794565e-08 0.9399132136 1.330718502e-08)
5.83              (2.012947797e-11 1.133382915 -2.076745325e-11) (1.18484415e-08 0.9408289719 1.562350636e-08)
5.835             (3.443209212e-10 1.135329801 -3.277716861e-10) (1.673593179e-08 0.9417799415 4.627628305e-09)
5.84              (-8.123898873e-11 1.137273114 8.451184948e-11) (7.78206755e-09 0.942698301 6.241314356e-09)
5.845             (-9.641512741e-12 1.139212643 1.331715691e-11) (1.174307754e-08 0.9436517821 1.403793969e-08)
5.85              (-5.111908895e-11 1.141148166 4.377095419e-11) (1.511004405e-08 0.9445724137 6.830741436e-09)
5.855             (-7.470415424e-12 1.143079443 1.159159129e-11) (1.200779525e-08 0.9455282759 1.377404415e-08)
5.86              (-3.658858545e-10 1.145006205 3.632234213e-10) (2.69286366e-09 0.9464512739 1.450990988e-08)
5.865             (-1.583008728e-11 1.14692815 1.979700255e-11) (1.195935771e-08 0.9474095233 1.398985864e-08)
5.87              (1.43939101e-11 1.148844923 -1.316688567e-11) (1.212465365e-08 0.9483347322 3.403283836e-09)
5.875             (-2.840126103e-12 1.150756105 7.13821469e-12) (1.207646715e-08 0.9492950425 1.368636743e-08)
5.88              (-2.54835435e-10 1.152661191 2.580023034e-10) (2.064435895e-09 0.9502220959 1.314325873e-08)
5.885             (-8.821209391e-12 1.154559566 1.442585473e-11) (1.192294217e-08 0.951184244 1.401133258e-08)
5.89              (4.377604513e-12 1.15645048 -4.595791697e-11) (1.235342191e-08 0.9521130754 2.065410581e-08)
5.895             (3.290541798e-12 1.158333014 -7.02072131e-13) (1.225357149e-08 0.9530769547 1.436989981e-08)
5.9               (-1.913711589e-10 1.160206043 1.58336393e-10) (1.348580867e-08 0.9540073755 1.566876143e-08)
5.905             (-2.776400106e-12 1.162068204 9.335224635e-12) (1.239027247e-08 0.9549725959 1.452363188e-08)
5.91              (-3.399513615e-10 1.163917851 3.413344212e-10) (9.79983503e-09 0.9559041366 1.684512931e-08)
5.915             (-6.214144874e-12 1.165753018 2.030019458e-11) (1.239787047e-08 0.9568702949 1.445644081e-08)
5.92              (-3.735806047e-11 1.167571383 -6.430379935e-12) (1.20778109e-08 0.9578026522 1.242125126e-08)
5.925             (-4.672924579e-12 1.169370228 6.476442049e-12) (1.254232813e-08 0.9587694529 1.469314628e-08)
5.93              (1.06615579e-10 1.171146405 4.586464548e-12) (7.314697709e-09 0.9597023612 6.834522023e-09)
5.935             (-2.617049487e-11 1.172896336 3.454990516e-11) (1.324351404e-08 0.9606694311 1.406905161e-08)
5.94              (1.297898369e-11 1.174616003 -1.526170606e-11) (8.854867813e-09 0.9616024625 1.130359066e-08)
5.945             (-7.994602536e-12 1.176300959 -8.064676678e-12) (1.257149917e-08 0.9625693173 1.522791963e-08)
5.95              (3.817081901e-12 1.177946362 -1.589916057e-11) (9.618761257e-09 0.963501996 1.179642953e-08)
5.955             (-1.412538165e-11 1.179547028 6.361715451e-12) (1.328847115e-08 0.9644682559 1.486855923e-08)
5.96              (1.477106868e-11 1.18109751 -1.304141524e-11) (1.018806749e-08 0.9654003465 1.159845058e-08)
5.965             (-1.063693734e-12 1.182592198 6.303969794e-12) (1.35152658e-08 0.9663656891 1.506813743e-08)
5.97              (2.201597751e-11 1.18402544 -9.156491326e-13) (1.019885823e-08 0.9672967937 1.196258225e-08)
5.975             (7.253642811e-12 1.185391682 2.700575979e-11) (1.338352302e-08 0.9682607603 1.543718854e-08)
5.98              (3.033606839e-11 1.186685627 1.584476107e-11) (1.015957451e-08 0.9691904454 1.225049094e-08)
5.985             (2.381225508e-11 1.187902395 4.683981752e-11) (1.351246413e-08 0.9701527086 1.559331668e-08)
5.99              (4.087450084e-11 1.189037686 2.886518289e-11) (1.038461356e-08 0.9710807674 1.234285497e-08)
5.995             (4.223978581e-11 1.190087943 6.203123879e-11) (1.372356826e-08 0.9720411183 1.55827678e-08)
6                 (5.084906494e-11 1.191050489 3.606072389e-11) (1.05693096e-08 0.9729673291 1.235788741e-08)
6.005             (5.486852782e-11 1.191923645 7.090582301e-11) (1.380013288e-08 0.9739255114 1.558371694e-08)
6.01              (5.397075383e-11 1.192706822 4.167529247e-11) (1.061791798e-08 0.9748496265 1.243197417e-08)
6.015             (5.500490637e-11 1.193400564 7.211352652e-11) (1.371195723e-08 0.9758054746 1.56416432e-08)
6.02              (5.041901266e-11 1.194006561 4.347809919e-11) (1.059273035e-08 0.9767274128 1.253599824e-08)
6.025             (4.557139218e-11 1.194527617 -3.082795915e-11) (1.188146599e-08 0.9776809053 1.36625705e-08)
6.03              (3.749877448e-11 1.194967564 3.830536053e-11) (1.062587478e-08 0.9786006693 1.24360301e-08)
6.035             (-1.293955694e-10 1.195331146 -8.589120152e-11) (9.161686573e-09 0.9795517943 1.134944305e-08)
6.04              (2.991426864e-11 1.195623883 2.066456439e-11) (1.038147757e-08 0.9804693461 1.244319579e-08)
6.045             (2.078098364e-12 1.195851892 -5.067757284e-11) (9.13900889e-09 0.9814181664 1.17236297e-08)
6.05              (1.386358454e-11 1.1960217 1.602676528e-11) (1.025634725e-08 0.9823336635 1.258338944e-08)
6.055             (2.371695411e-11 1.196140051 5.85028664e-11) (8.669886713e-09 0.9832803811 1.238246316e-08)
6.06              (1.909773875e-11 1.19621372 4.985411677e-12) (1.012631555e-08 0.9841939807 1.239490728e-08)
6.065             (-9.336816799e-12 1.196249333 -1.4461329e-11) (1.334813738e-08 0.9851387929 1.452534934e-08)
6.07              (7.193738893e-12 1.19625322 -5.781812112e-12) (1.045184044e-08 0.9860507171 1.206503952e-08)
6.075             (1.935318135e-10 1.196231284 1.297382239e-10) (1.022458522e-08 0.9869938826 1.023813785e-08)
6.08              (1.03730192e-11 1.19618891 3.848243502e-12) (1.032066797e-08 0.987904379 1.154796008e-08)
6.085             (-3.967300558e-11 1.196130899 -4.282532124e-11) (1.251992708e-08 0.9888461923 1.633470788e-08)
6.09              (6.858088581e-13 1.196061442 3.960283116e-12) (9.569158085e-09 0.989755552 1.213463685e-08)
6.095             (-1.844181386e-11 1.195984109 -5.776249472e-11) (1.454851834e-08 0.9906963469 1.422066914e-08)
6.1               (1.707085545e-12 1.195901878 -4.225433718e-12) (1.00361792e-08 0.9916048907 1.133209801e-08)
6.105             (-2.072465877e-11 1.195817169 -2.132613023e-11) (1.215230276e-08 0.9925450299 1.603958335e-08)
6.11              (-5.342276898e-12 1.195731899 -1.518161783e-12) (9.094330471e-09 0.9934531101 1.159156055e-08)
6.115             (-2.512116932e-12 1.195647545 -3.359842482e-11) (1.416332078e-08 0.9943929524 1.400767337e-08)
6.12              (-2.713868278e-13 1.195565208 -5.299966285e-12) (8.219133155e-09 0.9953008841 9.54950129e-09)
6.125             (-9.155481021e-12 1.19548568 -1.123110998e-11) (1.282305791e-08 0.9962407435 1.441807579e-08)
6.13              (-5.117534275e-12 1.195409498 -6.59720465e-12) (1.338551324e-08 0.9971488258 1.511655953e-08)
6.135             (-5.601593661e-13 1.195337003 -8.06679523e-12) (1.396535112e-08 0.9980889677 1.509067806e-08)
6.14              (2.037767516e-12 1.195268384 -8.675188077e-12) (1.237193651e-08 0.9989973787 1.46430743e-08)
6.145             (5.784973058e-12 1.195203721 -9.032033558e-12) (1.386541157e-08 0.9999380621 1.507365091e-08)
6.15              (1.450847212e-11 1.195143012 -2.017123112e-11) (1.409304108e-08 1.000847116 1.471691099e-08)
6.155             (6.126943458e-12 1.195086197 -1.105161482e-11) (1.57317133e-08 1.001788555 1.596558537e-08)
6.16              (-1.875530725e-12 1.19503318 -3.424502836e-12) (1.287713916e-08 1.002698368 1.4709711e-08)
6.165             (-8.520282925e-12 1.194983836 1.285387349e-11) (1.19359873e-08 1.003640658 1.449008583e-08)
6.17              (-1.589360132e-12 1.194938026 1.919830015e-12) (1.360667876e-08 1.004551293 1.59669557e-08)
6.175             (5.173286655e-12 1.194895599 -3.716470657e-12) (1.321877472e-08 1.005494542 1.491849695e-08)
6.18              (-1.383652496e-12 1.194856398 -1.195192397e-12) (1.28629585e-08 1.006406152 1.469360085e-08)
6.185             (3.763700808e-12 1.194820267 -5.052039411e-13) (1.304917165e-08 1.007350383 1.488353411e-08)
6.19              (-4.297962972e-12 1.194787045 6.742625402e-12) (1.446453867e-08 1.008262845 1.60911354e-08)
6.195             (-9.721545264e-14 1.194756576 2.08102872e-12) (1.27237611e-08 1.009207944 1.49566913e-08)
6.2               (5.760114669e-13 1.194728703 -1.395912467e-12) (1.282224494e-08 1.010121261 1.478299746e-08)
6.205             (-1.257612839e-11 1.194703276 8.046377359e-12) (1.353938533e-08 1.011067123 1.478754166e-08)
6.21              (-1.854319378e-12 1.194680147 9.404520465e-13) (1.295957195e-08 1.011981035 1.48026054e-08)
6.215             (-8.27537393e-12 1.194659175 7.805589351e-12) (1.241501773e-08 1.012927438 1.46794486e-08)
6.22              (-1.4798851e-12 1.194640223 6.866930109e-13) (1.289898781e-08 1.013841844 1.483543703e-08)
6.225             (-1.721474501e-12 1.194623162 5.925806668e-13) (1.398985808e-08 1.014788564 1.593155738e-08)
6.23              (-6.541060674e-12 1.194607871 6.588338729e-12) (1.289788103e-08 1.015703124 1.49754524e-08)
6.235             (8.591974205e-12 1.194594235 -4.621616057e-12) (1.30554635e-08 1.016649804 1.47835717e-08)
6.24              (4.32300327e-12 1.194582148 -2.605317728e-12) (1.230001568e-08 1.017564218 1.415908888e-08)
6.245             (-8.995180007e-12 1.194571511 1.088219116e-11) (1.221573773e-08 1.018510448 1.431737173e-08)
6.25              (-1.456067949e-11 1.194562236 1.556616402e-11) (1.261786703e-08 1.019424256 1.46549109e-08)
6.255             (1.505582234e-11 1.194554242 -1.133150897e-11) (1.332469332e-08 1.020369509 1.54953637e-08)
6.26              (-7.343207449e-11 1.194547457 7.562679641e-11) (1.385866722e-08 1.021282224 1.670654418e-08)
6.265             (9.332484871e-12 1.194541817 -7.226132675e-12) (1.271197256e-08 1.022226001 1.476508605e-08)
6.27              (3.170261035e-11 1.19453727 -2.941371068e-11) (1.4392949e-08 1.023137142 1.643588561e-08)
6.275             (3.12394477e-13 1.194533767 2.267740867e-12) (1.298269934e-08 1.024078828 1.500838074e-08)
6.28              (2.897067398e-11 1.19453127 -2.639315248e-11) (1.330338507e-08 1.02498774 1.764186648e-08)
6.285             (-1.199280077e-11 1.194529749 1.467544298e-11) (1.323670291e-08 1.025926615 1.492653985e-08)
6.29              (2.21760313e-11 1.19452918 -2.159321656e-11) (-1.408960536e-08 1.026832629 -1.445086796e-08)
6.295             (-4.784118682e-11 1.194529544 4.965403959e-11) (1.177515745e-08 1.02776796 1.656296827e-08)
6.3               (4.336446215e-11 1.194530831 -4.112398691e-11) (-7.365826407e-09 1.028670336 -4.311643307e-09)
6.305             (-3.066653959e-11 1.194533034 3.225681394e-11) (1.230440194e-08 1.029601248 1.642027322e-08)
6.31              (-5.217330833e-14 1.194536149 1.163107053e-12) (1.531053594e-08 1.030499131 1.700959727e-08)
6.315             (2.320037833e-11 1.194540179 -2.18926967e-11) (1.361491348e-08 1.031424687 1.457158135e-08)
6.32              (8.299792398e-12 1.194545127 -6.589001607e-12) (1.388239935e-08 1.032317152 1.560581554e-08)
6.325             (3.017693184e-11 1.194550999 -2.803598533e-11) (1.26005462e-08 1.033236314 1.617554504e-08)
6.33              (7.045130194e-13 1.194557803 1.038256518e-12) (1.382491121e-08 1.034122338 1.593240344e-08)
6.335             (-2.626995917e-11 1.194565547 2.781067746e-11) (1.271345684e-08 1.035033954 1.631320707e-08)
6.34              (-8.028730926e-13 1.194574238 2.230633665e-12) (1.37985489e-08 1.035912407 1.591447549e-08)
6.345             (4.34944719e-12 1.194583882 -3.129884587e-12) (1.418481761e-08 1.036815208 1.546681053e-08)
6.35              (-1.558179516e-13 1.194594485 1.906948646e-12) (1.307434696e-08 1.037684823 1.552205504e-08)
6.355             (-4.195495254e-12 1.194606048 5.865255452e-12) (1.364545098e-08 1.038577367 1.615687828e-08)
6.36              (1.032618086e-11 1.194618572 -8.411325508e-12) (1.383521988e-08 1.039436688 1.574925836e-08)
6.365             (8.31429369e-12 1.19463205 -6.171955967e-12) (1.431116586e-08 1.040317344 1.49834168e-08)
6.37              (-3.924742545e-13 1.194646476 2.165187169e-12) (1.410036819e-08 1.041164765 1.581426358e-08)
6.375             (1.763095247e-12 1.194661833 1.505660503e-13) (1.361416277e-08 1.042031675 1.594906834e-08)
6.38              (6.833021166e-12 1.194678104 -5.176808831e-12) (1.418830612e-08 1.042865287 1.567121815e-08)
6.385             (3.746318596e-13 1.194695262 1.451859033e-12) (1.356619394e-08 1.043716256 1.592059974e-08)
6.39              (3.448983384e-13 1.194713274 1.098771364e-12) (1.402053681e-08 1.044533844 1.600621829e-08)
6.395             (1.742712402e-12 1.194732101 -3.942116141e-13) (1.415014416e-08 1.045366356 1.571633e-08)
6.4               (9.035136541e-13 1.194751695 2.566858292e-13) (1.408475726e-08 1.046165391 1.606822009e-08)
6.405             (5.232343772e-12 1.194772001 -3.983130362e-12) (1.402758897e-08 1.046976519 1.582730776e-08)
6.41              (1.206263077e-11 1.194792957 -1.090389426e-11) (1.359195876e-08 1.047754018 1.671729648e-08)
6.415             (1.138433088e-11 1.194814491 -1.010132955e-11) (1.389423894e-08 1.048540329 1.588237476e-08)
6.42              (3.095304886e-12 1.194836523 -1.875558353e-12) (1.396242107e-08 1.049292841 1.604389241e-08)
6.425             (5.071107531e-13 1.194858968 7.061336455e-13) (1.394814123e-08 1.050050415 1.601013608e-08)
6.43              (1.573591812e-12 1.194881731 -3.793441476e-13) (1.424561294e-08 1.050774036 1.594359719e-08)
6.435             (1.943886903e-12 1.194904711 -7.625642543e-13) (1.405623398e-08 1.051498472 1.612348575e-08)
6.44              (1.803307733e-12 1.1949278 -3.928457501e-13) (1.39817349e-08 1.05218886 1.61287977e-08)
6.445             (9.248039009e-12 1.194950886 -8.052322657e-12) (1.407202225e-08 1.052875326 1.609935754e-08)
6.45              (-7.942722833e-12 1.19497385 1.029581809e-11) (1.416802999e-08 1.053527775 1.605039056e-08)
6.455             (-6.453331076e-12 1.194996572 7.73233712e-12) (1.414356458e-08 1.054171146 1.628309959e-08)
6.46              (-2.698779752e-13 1.195018925 2.160714963e-12) (1.407122893e-08 1.054780762 1.613911157e-08)
6.465             (-2.250602645e-12 1.195040783 3.642730044e-12) (1.413179011e-08 1.055375832 1.612819606e-08)
6.47              (4.144129695e-12 1.195062019 -3.074357023e-12) (1.408174856e-08 1.055937763 1.614321081e-08)
6.475             (-7.898473802e-12 1.195082505 9.093615462e-12) (1.409738422e-08 1.056479552 1.615240256e-08)
6.48              (1.489386092e-11 1.195102117 -1.375946486e-11) (1.395521289e-08 1.056989278 1.626247464e-08)
6.485             (9.308614498e-12 1.19512073 -8.076322519e-12) (1.404752016e-08 1.057473281 1.62191801e-08)
6.49              (-1.127829049e-12 1.195138226 2.193321817e-12) (1.379587623e-08 1.0579268 1.587216787e-08)
6.495             (-4.17368935e-13 1.195154492 1.113614645e-12) (1.42437833e-08 1.058349273 1.62954707e-08)
6.5               (-3.22030322e-13 1.195169419 1.811906279e-12) (1.409805824e-08 1.058743476 1.632887818e-08)
6.505             (1.312153247e-12 1.195182909 6.332081148e-15) (1.411871311e-08 1.059101814 1.625272673e-08)
6.51              (-1.518280296e-12 1.19519487 2.743704785e-12) (1.417876089e-08 1.05943476 1.62178758e-08)
6.515             (8.218742766e-13 1.19520522 4.525466394e-13) (1.421866212e-08 1.059727704 1.625345795e-08)
6.52              (-3.699414864e-14 1.195213886 1.16473807e-12) (1.425441452e-08 1.059998748 1.637940786e-08)
6.525             (8.724768146e-13 1.195220809 2.915936645e-13) (1.413421214e-08 1.060226486 1.631214097e-08)
6.53              (-2.356566663e-13 1.195225939 9.655988293e-13) (1.439711445e-08 1.06043636 1.630509863e-08)
6.535             (-2.172398675e-12 1.195229237 3.025578283e-12) (1.401628394e-08 1.060600555 1.605336827e-08)
6.54              (-1.138088103e-11 1.195230679 1.180567885e-11) (1.405728732e-08 1.060751369 1.61663718e-08)
6.545             (8.232753776e-12 1.195230252 -7.321546629e-12) (1.419949626e-08 1.060855027 1.627828502e-08)
6.55              (-9.562347909e-13 1.195227955 1.608765812e-12) (1.398551289e-08 1.060950004 1.632280741e-08)
6.555             (2.872284407e-12 1.195223801 -1.765985935e-12) (1.411032806e-08 1.060997174 1.65355268e-08)
6.56              (3.463356922e-11 1.195217813 -3.29612028e-11) (1.392539457e-08 1.061040417 1.717791868e-08)
6.565             (8.723375618e-13 1.195210027 -2.49496421e-13) (1.407372867e-08 1.061035937 1.617240549e-08)
6.57              (-1.106580013e-12 1.195200491 1.46818603e-12) (1.414964409e-08 1.061032205 1.636315253e-08)
6.575             (6.434897327e-12 1.195189263 -5.399337709e-12) (1.489449744e-08 1.060981371 1.635794402e-08)
6.58              (-2.07830283e-12 1.19517641 2.381996514e-12) (1.387687301e-08 1.06093566 1.668881403e-08)
6.585             (1.770413553e-12 1.195162009 -5.449817056e-13) (1.460295266e-08 1.060843806 1.698849872e-08)
6.59              (6.955486127e-13 1.195146146 2.363817476e-13) (1.367578643e-08 1.060761044 1.687430909e-08)
6.595             (-2.19758361e-12 1.19512891 3.228564625e-12) (1.387176067e-08 1.060633294 1.673845359e-08)
6.6               (-5.339152826e-12 1.195110399 5.590321159e-12) (1.368468587e-08 1.060518145 1.616746886e-08)
6.605             (-1.907249599e-12 1.195090713 2.803192152e-12) (1.447949008e-08 1.060359194 1.647989028e-08)
6.61              (3.004061064e-12 1.195069955 -2.039852813e-12) (1.471478469e-08 1.060215837 1.636898527e-08)
6.615             (1.638357845e-12 1.195048229 -8.021345459e-13) (1.455522789e-08 1.060029791 1.633853853e-08)
6.62              (2.737606426e-12 1.195025639 -2.012206699e-12) (1.448395299e-08 1.059861847 1.636774391e-08)
6.625             (2.041870678e-12 1.195002286 -1.379247589e-12) (1.411876775e-08 1.059652219 1.613452428e-08)
6.63              (-3.042435542e-12 1.194978269 2.568497848e-12) (1.302059304e-08 1.059462772 1.493083174e-08)
6.635             (4.346371798e-12 1.194953681 -3.621155179e-12) (1.451580524e-08 1.059232499 1.654467657e-08)
6.64              (-6.448650989e-12 1.194928608 7.318907998e-12) (1.419760467e-08 1.059024104 1.638494424e-08)
6.645             (6.737139082e-11 1.194903131 -6.612190712e-11) (1.469611037e-08 1.058775597 1.658574146e-08)
6.65              (-3.395939092e-11 1.194877318 3.516080051e-11) (1.57810914e-08 1.058550355 1.732359494e-08)
6.655             (2.254133466e-11 1.194851231 -2.22625218e-11) (1.351495134e-08 1.058285594 1.650979502e-08)
6.66              (-3.958934569e-11 1.194824918 4.142368562e-11) (1.418109018e-08 1.058045249 1.681662746e-08)
6.665             (4.248940985e-12 1.194798416 -3.707921556e-12) (1.441664866e-08 1.057765878 1.638980995e-08)
6.67              (-1.079286016e-12 1.194771746 8.270207147e-13) (1.37097797e-08 1.057511872 1.595472602e-08)
6.675             (6.339679319e-12 1.194744917 -5.740054816e-12) (1.434744964e-08 1.057219265 1.589275627e-08)
6.68              (1.810634372e-11 1.194717921 -1.767587539e-11) (1.34687545e-08 1.056952845 1.598501943e-08)
6.685             (4.591556626e-11 1.194690734 -4.548808569e-11) (1.390063688e-08 1.056648186 1.639576977e-08)
6.69              (4.6367664e-12 1.194663314 -4.499273308e-12) (1.31514501e-08 1.056370405 1.519253251e-08)
6.695             (1.640014478e-12 1.194635603 -1.005649124e-12) (1.451435989e-08 1.056054705 1.626449056e-08)
6.7               (-3.213431092e-11 1.194607521 3.579866894e-11) (1.479517971e-08 1.055766495 1.48286808e-08)
6.705             (-2.595057614e-12 1.194578971 3.129889009e-12) (1.418508667e-08 1.055440655 1.661657137e-08)
6.71              (5.441488237e-12 1.194549835 -5.308543554e-12) (1.512915089e-08 1.055142834 1.622202495e-08)
6.715             (1.759100094e-13 1.194519975 9.424013429e-13) (1.43092064e-08 1.054807643 1.60336668e-08)
6.72              (-1.004977917e-11 1.194489231 1.146550065e-11) (1.470397297e-08 1.054500946 1.647970367e-08)
6.725             (2.244881492e-11 1.194457422 -2.323691412e-11) (1.490274988e-08 1.054157107 1.47756299e-08)
6.73              (4.501226612e-12 1.194424344 -4.589792669e-13) (1.4683289e-08 1.053842187 1.647237605e-08)
6.735             (2.402140246e-11 1.194389771 -2.489724258e-11) (1.254644492e-08 1.053490354 1.68115906e-08)
6.74              (7.313878677e-13 1.194353455 7.709111774e-12) (1.430082569e-08 1.053167809 1.714284963e-08)
6.745             (-3.711025811e-12 1.194315122 5.583068203e-12) (1.610151889e-08 1.052808532 1.695045442e-08)
6.75              (-1.835052455e-12 1.194274477 1.735507214e-13) (1.411224078e-08 1.052478874 1.690297135e-08)
6.755             (8.212324827e-12 1.1942312 -1.280428987e-11) (1.283781396e-08 1.052112665 1.494735993e-08)
6.76              (7.686697532e-12 1.194184945 -1.041046709e-11) (1.434008072e-08 1.051776386 1.682593911e-08)
6.765             (8.598702006e-12 1.194135344 -2.260291729e-12) (1.667198727e-08 1.051403722 1.905476594e-08)
6.77              (-2.84635889e-11 1.194082003 3.813467109e-11) (1.497833793e-08 1.051061263 1.67095438e-08)
6.775             (5.055544312e-11 1.194024504 -5.046467231e-11) (1.463162026e-08 1.050682577 1.738344741e-08)
6.78              (2.733342007e-11 1.193962404 -2.918217691e-11) (1.469464568e-08 1.050334358 1.670633381e-08)
6.785             (5.688576572e-11 1.193895234 -5.288185243e-11) (1.557083262e-08 1.049950052 1.788361356e-08)
6.79              (2.124846625e-10 1.193822503 -1.852809111e-10) (1.293437999e-08 1.049596442 1.759144163e-08)
6.795             (2.407422116e-12 1.193743696 4.983805965e-12) (1.24434187e-08 1.049206889 1.437171975e-08)
6.8               (-7.72824425e-12 1.193658272 6.940440912e-12) (1.410494515e-08 1.04884827 1.617199354e-08)
6.805             (9.567564272e-12 1.193565669 -7.218443527e-12) (1.497911481e-08 1.048453843 1.714839423e-08)
6.81              (-3.242458003e-11 1.193465304 4.114697903e-11) (1.476687751e-08 1.048090541 1.682895429e-08)
6.815             (-3.77480631e-12 1.193356572 9.493097705e-12) (1.470494375e-08 1.047691569 1.664220459e-08)
6.82              (1.515152106e-10 1.193238851 -1.164023645e-10) (1.232021469e-08 1.047323929 1.828100766e-08)
6.825             (1.663123018e-12 1.193111497 8.861822163e-12) (1.214486239e-08 1.046920768 1.409916207e-08)
6.83              (-8.544877307e-12 1.192973855 5.670927488e-12) (1.428715543e-08 1.046549145 1.627519779e-08)
6.835             (8.440071463e-12 1.192825253 -6.941508109e-12) (1.453985304e-08 1.046142143 1.677279409e-08)
6.84              (-5.361659829e-12 1.192665009 5.275113587e-13) (1.47128573e-08 1.045766842 1.633130259e-08)
6.845             (-3.244938002e-11 1.19249243 2.706356261e-11) (1.43306464e-08 1.045356329 1.71269011e-08)
6.85              (-4.622243093e-11 1.192306817 6.087559283e-11) (1.47672908e-08 1.044977714 1.513033182e-08)
6.855             (2.714301037e-11 1.192107466 -8.912024126e-12) (1.306932536e-08 1.044564061 1.450794434e-08)
6.86              (5.363314533e-11 1.191893672 -3.708547245e-11) (1.479651665e-08 1.044182465 1.474350783e-08)
6.865             (2.324885346e-11 1.191664729 -3.659275888e-11) (1.315071823e-08 1.043766006 1.633986577e-08)
6.87              (-3.005570911e-13 1.191419935 -3.404778246e-12) (1.524014529e-08 1.043381771 1.623329673e-08)
6.875             (3.614547461e-12 1.191158589 8.617522904e-12) (1.207287158e-08 1.04296287 1.354499531e-08)
6.88              (-1.864378224e-11 1.190880002 3.319056018e-11) (1.56625511e-08 1.042576336 1.643254501e-08)
6.885             (-6.12913643e-11 1.190583487 3.411365073e-11) (1.21528089e-08 1.042155344 2.248031064e-08)
6.89              (-4.063816952e-11 1.19026837 6.18441364e-11) (1.510623938e-08 1.041766877 1.797505682e-08)
6.895             (1.33177871e-11 1.189933983 2.545628123e-11) (1.264739306e-08 1.041344155 1.406150447e-08)
6.9               (2.057780173e-12 1.189579669 3.784899168e-12) (1.551924531e-08 1.040954072 1.66991091e-08)
6.905             (-3.149685504e-11 1.189204778 -5.32422636e-12) (1.156742093e-08 1.04052994 2.10201816e-08)
6.91              (4.647353017e-12 1.188808669 -2.371307324e-12) (1.490634641e-08 1.040138575 1.71304468e-08)
6.915             (1.423408485e-11 1.188390703 4.708196497e-12) (1.146012235e-08 1.039713396 1.34841654e-08)
6.92              (4.48665842e-12 1.187950248 3.673076228e-12) (1.536259678e-08 1.039321093 1.620329232e-08)
6.925             (-4.191311379e-11 1.187486671 -1.157414262e-11) (1.330600012e-08 1.038895193 2.236364246e-08)
6.93              (-1.92648861e-12 1.186999335 3.476567374e-12) (1.526324848e-08 1.038502262 1.712526456e-08)
6.935             (1.718050803e-11 1.186487601 1.573829396e-11) (1.285208547e-08 1.038075946 1.538411059e-08)
6.94              (3.191248077e-11 1.185950821 4.632811926e-12) (1.290427985e-08 1.03768268 1.58303546e-08)
6.945             (-9.017908336e-12 1.185388335 -3.657634708e-11) (1.074244642e-08 1.037256233 1.950226573e-08)
6.95              (-1.438998037e-11 1.184799473 9.608188969e-12) (1.511480078e-08 1.036862902 1.612685854e-08)
6.955             (-1.926644715e-10 1.184183548 8.509792542e-11) (1.622815326e-08 1.036436588 2.024023063e-08)
6.96              (-8.679241686e-12 1.18353986 -1.424592299e-11) (1.32700028e-08 1.036043392 1.699733049e-08)
6.965             (3.046382685e-11 1.182867697 2.230358486e-11) (1.196762819e-08 1.035617251 1.434110861e-08)
6.97              (-1.193748387e-11 1.18216633 9.000957856e-11) (1.248350257e-08 1.035224034 9.604841163e-09)
6.975             (-1.267596403e-10 1.181435024 5.273102932e-11) (1.250187237e-08 1.034797847 2.220110143e-08)
6.98              (-2.321320159e-11 1.18067304 2.633273169e-11) (1.767161489e-08 1.034404432 1.983570011e-08)
6.985             (-9.540948571e-12 1.179879637 1.367946604e-11) (1.354385371e-08 1.033978075 1.589501164e-08)
6.99              (1.561958232e-10 1.179054087 -1.119822835e-10) (1.148102728e-08 1.03358426 2.063890313e-08)
6.995             (7.480838169e-12 1.178195676 -9.165648162e-12) (1.284675602e-08 1.033157352 1.687560858e-08)
7                 (-2.114197486e-11 1.17730372 -2.787105219e-11) (1.327357278e-08 1.032762808 1.708452175e-08)
7.005             (-1.198582679e-11 1.176377571 -5.401849158e-12) (1.254117715e-08 1.032335124 1.740694636e-08)
7.01              (-8.242837783e-12 1.175416632 5.923232376e-12) (1.265646919e-08 1.031939607 1.360865041e-08)
7.015             (-2.820845216e-11 1.174420367 1.815125467e-11) (1.451445351e-08 1.031510823 1.661312172e-08)
7.02              (6.29251989e-11 1.173388315 -4.927953956e-11) (1.333593883e-08 1.031114014 1.905898628e-08)
7.025             (8.304796054e-12 1.172320096 -1.54789792e-11) (1.265394041e-08 1.030683824 1.758819581e-08)
7.03              (-2.909828375e-12 1.171215428 2.652915969e-12) (1.159993188e-08 1.030285429 1.385790275e-08)
7.035             (-4.185357639e-11 1.170074133 3.72770625e-11) (1.461897187e-08 1.029853513 1.59844536e-08)
7.04              (4.462480167e-11 1.168896144 -4.149910907e-11) (1.497151128e-08 1.029453184 1.687794958e-08)
7.045             (6.634424562e-12 1.167681514 -1.09783662e-11) (1.404181731e-08 1.029019184 1.681427785e-08)
7.05              (-2.504667112e-11 1.166430416 2.353412734e-11) (1.303363521e-08 1.028616636 1.419444751e-08)
7.055             (-7.717894972e-12 1.16514315 5.23090808e-12) (1.502747977e-08 1.028180265 1.641587197e-08)
7.06              (8.123525735e-11 1.163820136 -8.027829701e-11) (1.488672827e-08 1.02777515 1.699242005e-08)
7.065             (-4.327176564e-11 1.162461919 4.804927277e-11) (1.436171211e-08 1.027336014 1.685191123e-08)
7.07              (-1.572177189e-11 1.161069155 3.815981564e-11) (1.315311358e-08 1.026928003 1.64881653e-08)
7.075             (-5.65970348e-11 1.159642612 6.079412273e-11) (1.363920041e-08 1.026485835 1.752844445e-08)
7.08              (-3.963651597e-11 1.158183156 6.019139844e-11) (1.366003386e-08 1.026074661 1.653262081e-08)
7.085             (-2.608504328e-11 1.156691744 2.371442904e-11) (1.339391711e-08 1.025629131 1.812913998e-08)
7.09              (6.600160377e-12 1.15516941 -9.397950415e-12) (1.248289252e-08 1.025214472 1.546973345e-08)
7.095             (-1.602713473e-11 1.153617253 1.506368264e-11) (1.437268152e-08 1.024765307 1.697009399e-08)
7.1               (3.679259317e-11 1.152036426 -6.013258348e-11) (1.4151366e-08 1.02434692 1.640248096e-08)
7.105             (6.204828208e-12 1.150428121 -1.110981419e-11) (1.498000589e-08 1.023893848 1.680358523e-08)
7.11              (9.507690432e-11 1.148793558 -8.088392474e-11) (1.010831628e-08 1.023471458 1.399469843e-08)
7.115             (-1.09562869e-10 1.147133971 1.115654409e-10) (1.426425743e-08 1.023014229 1.736830448e-08)
7.12              (1.100468579e-11 1.145450598 3.99757411e-11) (6.435643116e-09 1.022587615 1.39287499e-08)
7.125             (1.401056457e-10 1.143744669 -1.321530421e-10) (1.337434704e-08 1.022126015 1.712542983e-08)
7.13              (1.049879047e-09 1.142017398 -1.009717319e-09) (4.471664544e-09 1.021694976 2.124858993e-08)
7.135             (9.380776236e-12 1.140269976 -4.380430884e-12) (1.286371462e-08 1.021228813 1.645738345e-08)
7.14              (-6.124031605e-11 1.138503559 3.978597519e-11) (1.502144687e-08 1.020793159 1.845031927e-08)
7.145             (-1.266962623e-11 1.13671927 -1.941621884e-13) (1.366896065e-08 1.020322247 1.781544279e-08)
7.15              (-5.602121826e-11 1.134918187 8.352717341e-11) (5.462947433e-09 1.019881806 1.516431229e-08)
7.155             (1.751991492e-10 1.133101347 -1.793307359e-10) (1.307981766e-08 1.019405997 1.702877669e-08)
7.16              (1.288693562e-09 1.131269735 -1.253197731e-09) (2.94590742e-09 1.018960637 2.517414245e-08)
7.165             (2.69441041e-11 1.129424293 -2.728861747e-11) (1.31889195e-08 1.018479797 1.658199057e-08)
7.17              (-7.900623787e-12 1.12756591 2.061515195e-11) (1.243132085e-08 1.018029372 2.217285037e-08)
7.175             (1.677017367e-10 1.125695428 -1.685152506e-10) (1.337171799e-08 1.017543364 1.732158866e-08)
7.18              (1.158203381e-09 1.123813641 -1.130019e-09) (7.870903685e-09 1.017087764 2.581101255e-08)
7.185             (6.051929432e-11 1.121921294 -5.785980608e-11) (1.385309802e-08 1.016596486 1.70473491e-08)
7.19              (1.924050364e-10 1.120019089 -1.805244043e-10) (1.07510517e-08 1.016135592 2.361737588e-08)
7.195             (8.860092705e-11 1.11810768 -9.253888774e-11) (1.374565126e-08 1.015638918 1.745271921e-08)
7.2               (8.656702689e-10 1.116187681 -8.501653953e-10) (7.816694936e-09 1.015172612 2.616648515e-08)
7.205             (5.627570298e-11 1.114259666 -5.777236987e-11) (1.410945084e-08 1.014670433 1.710616568e-08)
7.21              (1.983894034e-10 1.112324167 -1.888275173e-10) (9.098448279e-09 1.014198612 2.540842531e-08)
7.215             (3.925625639e-11 1.11038168 -4.272174909e-11) (1.39831561e-08 1.01369081 1.734395952e-08)
7.22              (4.061426224e-10 1.108432669 -3.95511291e-10) (6.86803681e-09 1.013213341 2.754626185e-08)
7.225             (3.215430157e-11 1.106477559 -3.425828155e-11) (1.425432571e-08 1.01269978 1.712618729e-08)
7.23              (-4.541082987e-11 1.104516748 5.331618157e-11) (7.89969041e-09 1.01221654 2.703887419e-08)
7.235             (-5.689418909e-12 1.102550604 3.113128955e-12) (1.431291405e-08 1.011697086 1.716376551e-08)
7.24              (-8.568876252e-11 1.100579465 9.276267147e-11) (7.400559331e-09 1.011207933 2.773043133e-08)
7.245             (-1.155859313e-11 1.098603645 7.569458768e-12) (1.450802445e-08 1.010682419 1.706325776e-08)
7.25              (-2.487315353e-10 1.096623433 2.543741076e-10) (9.181829055e-09 1.010187182 2.652656649e-08)
7.255             (-2.974786257e-11 1.094639096 2.576497285e-11) (1.480478653e-08 1.009655427 1.688335871e-08)
7.26              (-2.423105999e-10 1.09265088 2.481184091e-10) (9.928154124e-09 1.00915393 2.616087419e-08)
7.265             (-3.126165369e-11 1.090659013 2.737392545e-11) (1.507272944e-08 1.008615738 1.682546411e-08)
7.27              (-2.155061259e-10 1.088663705 2.221523492e-10) (1.159508941e-08 1.008107784 2.549679969e-08)
7.275             (-3.278543243e-11 1.086665151 2.878948863e-11) (1.549628144e-08 1.007562932 1.675430189e-08)
7.28              (-2.119960095e-10 1.084663532 2.220042795e-10) (1.314965676e-08 1.007048298 2.586979228e-08)
7.285             (-2.547517652e-11 1.082659017 2.164702592e-11) (1.592615018e-08 1.006496541 1.684036819e-08)
7.29              (-2.800701572e-10 1.080651765 2.811334662e-10) (5.135070267e-09 1.005974992 3.077126979e-08)
7.295             (-3.392281818e-11 1.078641926 2.990393305e-11) (1.617178198e-08 1.005416082 1.701782566e-08)
7.3               (-1.860667219e-10 1.076629642 1.801855127e-10) (1.178293302e-08 1.00488738 2.19808889e-08)
7.305             (1.336251978e-10 1.07461505 -1.466118713e-10) (1.173796483e-08 1.004321077 9.182955836e-09)
7.31              (-2.24075478e-10 1.072598284 2.194727327e-10) (7.783794978e-09 1.003785003 2.80251396e-08)
7.315             (-3.216793906e-11 1.070579472 2.18964109e-11) (1.267182426e-08 1.003211055 1.18366693e-08)
7.32              (3.271612028e-11 1.068558742 -4.630629331e-11) (1.536176167e-08 1.002667379 1.329272265e-08)
7.325             (-1.021938149e-10 1.066536222 9.51947459e-11) (1.152347336e-08 1.002085606 1.306331983e-08)
7.33              (-4.914999227e-10 1.06451204 4.890499178e-10) (1.579424243e-08 1.00153418 1.658793323e-08)
7.335             (-3.286787876e-11 1.062486324 2.433014371e-11) (1.528907165e-08 1.000944461 1.353514604e-08)
7.34              (2.229976358e-10 1.060459206 -2.264066622e-10) (2.210565956e-08 1.000385196 1.120006641e-08)
7.345             (-2.583581936e-13 1.05843082 -8.440023851e-12) (1.514522978e-08 0.9997874835 1.279807344e-08)
7.35              (1.758612069e-10 1.056401304 -1.830600095e-10) (2.252986366e-08 0.9992203488 1.236260498e-08)
7.355             (-8.371956704e-12 1.054370798 -1.795234795e-13) (1.356847047e-08 0.9986147182 1.15158361e-08)
7.36              (2.893571242e-11 1.052339448 -4.012395209e-11) (1.471747058e-08 0.9980398925 1.171170084e-08)
7.365             (2.351362e-11 1.050307402 -3.33467196e-11) (1.619054721e-08 0.9974266108 1.247758831e-08)
7.37              (-4.295905827e-11 1.048274815 3.265126447e-11) (1.45691763e-08 0.9968443449 1.326019923e-08)
7.375             (-1.028177485e-10 1.046241843 9.549879707e-11) (1.84321025e-08 0.996223784 1.715519705e-08)
7.38              (-4.88741153e-10 1.044208647 4.803473126e-10) (2.755532675e-08 0.9956345325 8.92690338e-09)
7.385             (-1.861746349e-11 1.042175392 1.024657892e-11) (2.119164361e-08 0.9950073737 1.896666951e-08)
7.39              (1.586386081e-10 1.040142246 -1.670934204e-10) (2.499862611e-08 0.9944118961 1.917249352e-08)
7.395             (-1.607841039e-11 1.038109379 7.910845306e-12) (2.266104587e-08 0.9937790567 2.027460898e-08)
7.4               (-3.785752697e-10 1.036076962 3.688538541e-10) (2.482928785e-08 0.9931782547 2.07583815e-08)
7.405             (-1.152716498e-11 1.034045168 3.772006052e-13) (2.498871938e-08 0.992540836 2.327110352e-08)
7.41              (2.244110148e-10 1.032014173 -2.408181666e-10) (2.925794318e-08 0.9919358664 2.293085265e-08)
7.415             (-4.110455373e-11 1.029984147 2.351765267e-11) (2.47916531e-08 0.991295269 2.209792518e-08)
7.42              (-4.657052749e-10 1.027955265 4.466186573e-10) (2.962363681e-08 0.9906875438 2.205053807e-08)
7.425             (-1.08570647e-11 1.025927695 4.107288226e-12) (1.754219349e-08 0.9900453605 1.577430658e-08)
7.43              (2.949636755e-10 1.023901605 -3.132212335e-10) (2.830781507e-08 0.9894364303 2.102855017e-08)
7.435             (-7.07094704e-12 1.021877158 4.638522907e-12) (1.628309164e-08 0.9887944093 1.476728134e-08)
7.44              (-5.034403791e-10 1.019854508 4.913629134e-10) (2.550911913e-08 0.9881859963 2.028771121e-08)
7.445             (-4.622878462e-11 1.017833807 4.440265262e-11) (1.787294089e-08 0.9875460086 1.708284004e-08)
7.45              (3.588475711e-10 1.015815194 -3.7327909e-10) (2.680605166e-08 0.9869399023 2.013146985e-08)
7.455             (-1.946497776e-11 1.013798803 1.884118631e-11) (1.748420566e-08 0.986303829 1.605182716e-08)
7.46              (-4.902755483e-10 1.011784754 4.752233893e-10) (2.665457193e-08 0.9857017835 2.051709197e-08)
7.465             (-5.846631516e-10 1.009773157 5.862610449e-10) (1.379941115e-08 0.9850713813 2.125190648e-08)
7.47              (-3.541484392e-11 1.007764108 1.723300666e-11) (1.652493578e-08 0.9844750244 1.722076157e-08)
7.475             (9.746597358e-11 1.005757691 -1.079775772e-10) (1.491427956e-08 0.9838518829 1.215756899e-08)
7.48              (-4.963591467e-11 1.003753972 3.370709592e-11) (1.798261928e-08 0.9832626639 1.586544818e-08)
7.485             (-5.562089382e-10 1.001753003 5.271537977e-10) (1.927096484e-08 0.982648113 1.424187466e-08)
7.49              (-9.085111883e-11 0.9997548193 6.885032351e-11) (1.869379774e-08 0.9820671071 1.520854358e-08)
7.495             (4.017421671e-10 0.9977594405 -4.336276952e-10) (2.424576955e-08 0.9814619831 9.121157624e-09)
7.5               (3.11065455e-11 0.9957668686 -4.546014288e-11) (1.808130241e-08 0.9808899013 1.946070668e-08)
7.505             (4.807361991e-10 0.9937770896 -5.207270963e-10) (1.461011568e-08 0.9802946661 2.009773357e-08)
7.51              (3.645824883e-11 0.9917900736 -8.73989367e-11) (1.537223108e-08 0.9797318249 1.471280047e-08)
7.515             (2.491309692e-11 0.989805775 -5.969417584e-11) (7.27214803e-09 0.9791464794 2.108395246e-08)
7.52              (-6.240190458e-11 0.9878241334 5.669805319e-11) (1.627217244e-08 0.9785926209 1.931216562e-08)
7.525             (1.556772319e-10 0.9858450745 -1.418398307e-10) (8.982403164e-09 0.9780165136 2.630058785e-08)
7.53              (8.685565899e-11 0.9838685105 -9.777511343e-11) (1.472795753e-08 0.9774709803 1.647662194e-08)
7.535             (-2.653591422e-11 0.9818943416 2.373915546e-11) (1.630316257e-08 0.9769031558 1.717167981e-08)
7.54              (1.517836983e-10 0.9799224565 -1.321364635e-10) (4.32538485e-09 0.976364876 2.675967653e-08)
7.545             (7.792179298e-11 0.9779527342 -7.068827559e-11) (2.150485136e-08 0.9758038169 1.75195581e-08)
7.55              (2.087612737e-11 0.9759850444 -2.563847525e-11) (2.197676484e-08 0.9752711953 2.449805516e-08)
7.555             (-7.597156933e-11 0.9740192496 4.692539384e-11) (-3.238025722e-08 0.9747151389 -4.574440623e-08)
7.56              (2.706342133e-11 0.9720552057 -1.528373193e-11) (2.078168995e-08 0.9741865762 2.154954421e-08)
7.565             (2.224544441e-11 0.9700927635 -1.947612007e-11) (1.113886187e-08 0.9736336312 1.924662416e-08)
7.57              (-1.214981992e-12 0.9681317702 -2.231880231e-12) (2.053737962e-08 0.9731072015 1.308985294e-08)
7.575             (2.230114765e-12 0.9661720705 -3.843711675e-11) (-7.666259249e-08 0.9725551885 -7.395852215e-08)
7.58              (-4.066727623e-13 0.9642135081 -6.231337559e-12) (1.371270564e-08 0.9720288751 1.292927546e-08)
7.585             (-1.184795146e-10 0.9622559271 1.145215841e-10) (1.952308366e-08 0.9714757774 9.282353474e-09)
7.59              (-8.148353861e-11 0.9602991731 7.601795885e-11) (1.072283418e-08 0.9709476986 2.235085975e-08)
7.595             (-2.206093571e-10 0.9583430949 2.152739751e-10) (-2.276893118e-08 0.9703915236 -1.617002135e-08)
7.6               (1.253076727e-11 0.9563875458 -1.822055489e-11) (2.000209242e-08 0.9698599596 2.179637289e-08)
7.605             (1.412997567e-11 0.9544323845 -1.56979917e-11) (1.682021738e-08 0.9692990998 1.55193817e-08)
7.61              (-1.340117341e-10 0.952477476 1.299453814e-10) (6.290117387e-09 0.9687625281 1.692260658e-08)
7.615             (-1.000846127e-11 0.9505226934 6.908389814e-12) (1.120421067e-08 0.9681954217 9.590638789e-09)
7.62              (6.516052662e-11 0.9485679185 -6.777591205e-11) (7.422532562e-09 0.9676524804 1.342589835e-08)
7.625             (5.477437596e-13 0.9466130431 -2.828379303e-12) (1.146959469e-08 0.9670780044 9.229580512e-09)
7.63              (7.393203629e-11 0.9446579692 -7.602121018e-11) (9.892303494e-09 0.9665278444 1.521538868e-08)
7.635             (9.481108215e-12 0.9427026098 -1.065278022e-11) (1.239525937e-08 0.965945179 8.877948849e-09)
7.64              (-1.576709619e-11 0.94074689 1.555745904e-11) (1.370466722e-08 0.9653869795 1.236520432e-08)
7.645             (1.528620869e-11 0.9387907471 -1.494151661e-11) (1.222994339e-08 0.9647954818 8.192506379e-09)
7.65              (2.218382039e-10 0.9368341313 -2.220297749e-10) (1.328212379e-08 0.9642288331 1.508224717e-08)
7.655             (3.468499365e-11 0.9348770059 -3.469305825e-11) (1.311494021e-08 0.9636282976 7.873370073e-09)
7.66              (-9.465805977e-11 0.9329193471 9.372657555e-11) (7.585203397e-09 0.9630530707 1.882629105e-08)
7.665             (1.134362428e-11 0.930961145 -1.201595628e-11) (1.412596762e-08 0.9624434199 1.157904792e-08)
7.67              (9.842280277e-11 0.929002403 -9.939876646e-11) (1.1919811e-08 0.9618595638 1.534873538e-08)
7.675             (9.752513309e-12 0.9270431379 -1.097663572e-11) (1.435305499e-08 0.961240902 1.149833932e-08)
7.68              (-1.237502627e-10 0.92508338 1.227607299e-10) (9.818696174e-09 0.9606485906 1.713372408e-08)
7.685             (3.543932189e-12 0.9231231731 -4.398907772e-12) (1.464458747e-08 0.9600212066 1.163178166e-08)
7.69              (2.815496767e-10 0.9211625736 -2.828310725e-10) (1.006226533e-08 0.9594207366 1.853549371e-08)
7.695             (2.160268029e-11 0.9192016514 -2.303551446e-11) (1.496738042e-08 0.9587849901 1.153887031e-08)
7.7               (-9.583524851e-11 0.9172404889 9.503878849e-11) (8.96303453e-09 0.9581767145 1.522421388e-08)
7.705             (2.016512802e-11 0.9152791808 -2.092382586e-11) (1.57340339e-08 0.9575330227 1.22354091e-08)
7.71              (1.987978055e-10 0.9133178343 -2.006434816e-10) (1.673275411e-08 0.9569173336 1.581675756e-08)
7.715             (1.095516039e-11 0.9113565687 -1.192892207e-11) (1.455870056e-08 0.9562661344 1.149341427e-08)
7.72              (-2.364768437e-10 0.9093955151 2.339752296e-10) (4.920323904e-09 0.9556434418 2.154049596e-08)
7.725             (-1.155207485e-12 0.9074348163 -9.74025178e-13) (1.116894347e-08 0.9549851849 1.142979059e-08)
7.73              (2.590274623e-10 0.9054746269 -2.592745244e-10) (1.012724069e-08 0.9543559023 1.570851878e-08)
7.735             (-1.983804284e-11 0.9035151133 1.694398347e-11) (1.071799892e-08 0.953691023 1.201614582e-08)
7.74              (-1.544806133e-10 0.9015564539 1.519796589e-10) (8.653047941e-09 0.9530555532 1.883290992e-08)
7.745             (1.698576646e-11 0.8995988394 -2.096941164e-11) (1.279520506e-08 0.9523844675 9.28117833e-09)
7.75              (2.546209184e-10 0.8976424731 -2.554412952e-10) (1.367881704e-08 0.9517431812 1.277238459e-08)
7.755             (1.146777156e-11 0.8956875718 -1.637418253e-11) (1.320762109e-08 0.9510662578 9.022994076e-09)
7.76              (-1.537213213e-10 0.8937343659 1.525914685e-10) (1.161877617e-08 0.9504194804 1.481775487e-08)
7.765             (2.253139583e-11 0.891783101 -2.873126935e-11) (1.332629952e-08 0.9497370634 8.902715068e-09)
7.77              (3.337021803e-10 0.8898340383 -3.354663927e-10) (1.319319309e-08 0.9490851172 1.46327898e-08)
7.775             (1.198870959e-11 0.8878874568 -1.837883296e-11) (1.322038845e-08 0.9483975338 9.037510045e-09)
7.78              (-2.478398713e-11 0.8859436545 2.16245753e-11) (1.47881937e-08 0.9477407153 1.189055733e-08)
7.785             (-3.177960853e-11 0.8840029512 2.770026523e-11) (1.244095935e-08 0.9470482594 1.14372683e-08)
7.79              (-1.626227647e-10 0.8820656895 1.516795458e-10) (1.375551299e-08 0.9463868143 1.28704585e-08)
7.795             (9.297013357e-12 0.8801322385 -1.565852301e-11) (1.358298159e-08 0.945689726 9.273203216e-09)
7.8               (-1.856816232e-15 0.8782029961 -1.95603975e-11) (3.927708001e-08 0.9450238918 3.786317868e-08)
7.805             (2.00088783e-11 0.876278392 -2.647909195e-11) (1.323019556e-08 0.9443224248 1.072718071e-08)
7.81              (6.36019452e-11 0.874358891 -1.060659979e-10) (6.652743112e-08 0.9436524324 6.730118253e-08)
7.815             (-2.221415574e-11 0.8724449967 1.203618793e-11) (1.444156937e-08 0.9429468008 1.032533267e-08)
7.82              (-1.574539096e-10 0.8705372555 1.209331303e-10) (4.839903513e-08 0.9422728055 4.881325822e-08)
7.825             (1.3500774e-11 0.8686362606 1.73754173e-11) (1.599993042e-08 0.9415631318 1.041070575e-08)
7.83              (4.112433376e-12 0.866742656 -8.007895444e-12) (1.145048633e-08 0.9408853738 6.586079199e-09)
7.835             (7.926873182e-12 0.8648571406 2.409643735e-11) (1.428834343e-08 0.9401720477 8.880748091e-09)
7.84              (4.855099015e-11 0.8629804729 -4.79981799e-11) (1.596128078e-08 0.939490751 7.421182852e-09)
7.845             (2.882195426e-11 0.8611134748 1.280791415e-11) (1.298465362e-08 0.9387738386 8.194154641e-09)
7.85              (-1.574038947e-10 0.8592570353 7.964305402e-11) (7.224285806e-08 0.9380891176 6.197362875e-08)
7.855             (2.052947953e-11 0.857412115 2.641904815e-11) (1.408162257e-08 0.9373688734 8.888251671e-09)
7.86              (4.843589789e-11 0.8555797491 -8.399666875e-11) (3.818525643e-08 0.9366809946 2.939061337e-08)
7.865             (4.800254406e-11 0.8537610502 -3.994894744e-12) (1.360096579e-08 0.9359576385 8.610419017e-09)
7.87              (-8.520891022e-11 0.8519572102 3.461360625e-11) (4.088753936e-08 0.9352667851 3.700105778e-08)
7.875             (2.208200253e-11 0.8501695021 3.562727191e-11) (1.259870366e-08 0.9345405291 7.513122558e-09)
7.88              (3.075503219e-11 0.8483992798 -1.10561631e-10) (5.129299785e-08 0.9338469004 4.573093418e-08)
7.885             (6.260073419e-11 0.8466479779 1.672110947e-12) (1.274330346e-08 0.9331179804 6.710674476e-09)
7.89              (1.730627453e-12 0.8449171096 -1.554882545e-12) (8.794993548e-09 0.9324218323 4.393363752e-09)
7.895             (5.790877432e-11 0.8432082634 -4.145630859e-12) (1.12563529e-08 0.9316905214 5.383866491e-09)
7.9               (-1.200077578e-11 0.8415230984 9.862956275e-12) (9.903351223e-09 0.9309921102 4.950173038e-09)
7.905             (2.024829853e-11 0.8398633383 2.033629351e-11) (9.965773862e-09 0.9302586505 5.045049106e-09)
7.91              (1.633161164e-11 0.8382307632 -1.056378803e-10) (4.673120038e-08 0.929558176 4.167298409e-08)
7.915             (4.888095773e-11 0.836627201 2.022198806e-11) (9.877554461e-09 0.92882281 5.430899937e-09)
7.92              (-2.723696003e-12 0.8350545157 -3.503786617e-12) (8.551928354e-09 0.9281205368 3.951448738e-09)
7.925             (4.348792877e-11 0.8335145955 9.078909676e-12) (9.156513786e-09 0.927383566 4.927430283e-09)
7.93              (-8.867484039e-12 0.8320093376 -6.952480616e-11) (3.993318181e-08 0.926679804 3.450183824e-08)
7.935             (4.753326858e-11 0.8305406342 7.157985212e-12) (9.038664255e-09 0.925941512 4.699134956e-09)
7.94              (-1.290173243e-10 0.8291103545 5.280194161e-11) (3.998300897e-08 0.9252364449 3.414278991e-08)
7.945             (1.294120995e-11 0.8277203281 4.681577286e-11) (8.388564524e-09 0.9244970545 5.222464281e-09)
7.95              (1.441419822e-11 0.8263723258 -5.87292e-11) (2.524738043e-08 0.9237909938 1.833636737e-08)
7.955             (8.267625179e-11 0.8250680405 -3.971533567e-11) (8.555441579e-09 0.9230508382 3.687611205e-09)
7.96              (2.290272377e-10 0.8238090687 -2.853437546e-10) (3.200491214e-08 0.9223440281 3.095998961e-08)
7.965             (-9.174264568e-12 0.8225968903 5.649901887e-11) (7.896318213e-09 0.9216032892 3.137908782e-09)
7.97              (-1.811909462e-11 0.8214328503 -3.710380907e-13) (6.34930963e-09 0.9208958781 1.440293768e-09)
7.975             (1.918240693e-11 0.820318141 4.772755882e-12) (7.641131105e-09 0.9201547844 1.475383421e-09)
7.98              (-2.96154152e-11 0.8192537852 -2.300245805e-11) (3.235091244e-08 0.9194470722 3.466434574e-08)
7.985             (-5.268464548e-12 0.8182406205 4.658303077e-11) (7.219002808e-09 0.9187058715 1.702548624e-09)
7.99              (9.775568656e-11 0.8172792857 -1.416226628e-10) (3.307368578e-08 0.9179979744 3.044778396e-08)
7.995             (1.680774914e-12 0.8163702095 1.090016183e-11) (7.343873672e-09 0.917256764 6.007069367e-10)
8                 (-5.294393995e-11 0.8155136014 8.849807109e-12) (1.505049382e-08 0.9165488371 2.042944509e-08)
8.005             (3.181147176e-13 0.8147094456 7.837989556e-11) (7.288130928e-09 0.9158078116 8.972224185e-10)
8.01              (1.234126694e-10 0.8139574975 -1.818155591e-10) (3.229690934e-08 0.9151000066 3.052149998e-08)
8.015             (4.539411055e-11 0.8132572828 -5.501575513e-11) (5.811291487e-09 0.9143592431 -8.310794361e-11)
8.02              (-1.662708434e-10 0.8126081005 1.233619504e-10) (1.328202214e-08 0.9136515984 1.548359097e-08)
8.025             (1.052352493e-10 0.812009028 -2.735915684e-11) (5.959487589e-09 0.9129111521 -5.547117554e-10)
8.03              (1.117773945e-09 0.8114589299 -1.16493312e-09) (3.104984871e-08 0.9122037481 2.468743677e-08)
8.035             (-1.018181694e-09 0.8109564689 1.003316802e-09) (-6.579447263e-09 0.9114649739 -9.436681104e-10)
8.04              (-9.779370682e-11 0.8105001197 6.300525189e-11) (1.436020722e-08 0.9107616048 5.106847554e-09)
8.045             (1.294539811e-10 0.8100881855 -1.642262269e-10) (3.866119562e-09 0.9100265388 -6.73021817e-10)
8.05              (3.785183919e-10 0.8097188155 -3.481744664e-10) (5.061945526e-09 0.9093237475 -1.667327127e-09)
8.055             (1.612624881e-10 0.8093900252 -1.945608713e-10) (3.966893183e-09 0.9085880742 1.353313474e-10)
8.06              (-1.18162968e-09 0.8090997182 1.125463142e-09) (2.614631387e-08 0.9078854042 2.413500787e-08)
8.065             (-9.297020497e-11 0.8088457073 6.231377895e-11) (3.747453798e-09 0.9071510732 4.555453967e-11)
8.07              (1.484322454e-10 0.8086257374 -1.877561202e-10) (1.376072085e-08 0.9064497805 6.792838478e-09)
8.075             (-3.266870204e-10 0.8084375083 2.938249686e-10) (3.212576237e-09 0.905715818 4.03891988e-11)
8.08              (5.708395311e-10 0.8082786972 -5.748224425e-10) (2.110259554e-09 0.9050140048 -3.128001569e-09)
8.085             (2.084617361e-11 0.8081469802 -8.634007369e-11) (2.591186936e-09 0.9042797781 3.031235803e-10)
8.09              (-1.184472962e-11 0.8080400533 5.801858368e-12) (2.892547571e-09 0.9035780593 -7.77232596e-10)
8.095             (1.003878814e-11 0.8079556518 -1.248397083e-11) (2.800165985e-09 0.9028443122 -1.385597851e-09)
8.1               (-4.614033914e-12 0.8078915677 1.75493287e-11) (3.691557815e-09 0.9021429579 -8.338806691e-10)
8.105             (1.15441027e-10 0.8078456661 -1.865247076e-10) (2.437483448e-09 0.9014091172 5.69252331e-10)
8.11              (-2.241240828e-10 0.8078158989 2.453967126e-10) (2.746081549e-09 0.9007073714 -4.753114018e-10)
8.115             (1.595010596e-10 0.8078003167 -2.137485126e-10) (1.614076597e-09 0.8999732299 5.10380252e-10)
8.12              (3.50722207e-11 0.8077970785 -3.793011194e-11) (2.701531692e-09 0.8992711642 -4.540607419e-10)
8.125             (-9.082956954e-11 0.8078044589 4.547875732e-11) (1.762707681e-09 0.8985367613 -1.200472239e-10)
8.13              (-1.019922726e-12 0.807820854 -3.301846328e-12) (2.27020888e-09 0.8978344224 -9.553661775e-10)
8.135             (3.634203498e-15 0.8078447836 -1.551652965e-11) (2.070364946e-09 0.8970996419 -7.980556671e-10)
8.14              (-2.408939469e-11 0.8078748932 1.848579247e-11) (3.141145899e-09 0.8963967493 -9.025445776e-10)
8.145             (-5.92851704e-12 0.8079099532 8.243023267e-12) (2.401827803e-09 0.8956613922 -3.16789322e-10)
8.15              (-2.38631621e-10 0.8079488567 2.38795053e-10) (2.748029915e-09 0.8949578698 2.678380403e-09)
8.155             (-2.140433386e-11 0.8079906157 1.399498235e-11) (3.043877529e-09 0.8942218731 -1.024140089e-09)
8.16              (1.333892284e-10 0.8080343566 -1.495712723e-10) (8.81589467e-09 0.8935177822 8.40064573e-09)
8.165             (1.403272666e-11 0.8080793148 -2.058332047e-11) (2.935139487e-09 0.8927812567 -9.117050613e-10)
8.17              (-2.865153382e-10 0.8081248274 2.692247768e-10) (1.060892492e-08 0.8920765278 9.238203176e-09)
8.175             (-1.279901223e-11 0.808170327 7.318555316e-12) (2.97060495e-09 0.8913393558 -1.004936211e-09)
8.18              (1.020622853e-10 0.8082153338 -1.108746829e-10) (6.971799288e-09 0.8906340213 6.141117432e-09)
8.185             (9.790478576e-11 0.8082594479 -1.17433166e-10) (2.861419921e-09 0.8898963763 -5.834468758e-10)
8.19              (6.145073752e-11 0.8083023417 -7.001465895e-11) (1.195387727e-09 0.8891905776 -7.834915643e-10)
8.195             (2.732190084e-12 0.8083437518 -5.614391702e-12) (2.492707233e-09 0.8884525644 -1.794743511e-09)
8.2               (3.067838219e-11 0.8083834716 -3.246112572e-11) (8.693769864e-10 0.8877464392 -2.718997443e-11)
8.205             (-1.379559885e-11 0.8084213449 1.143422133e-11) (2.460954743e-09 0.8870082694 -2.059138127e-09)
8.21              (2.082832986e-10 0.8084572584 -2.071189544e-10) (2.070310078e-09 0.8863020151 -1.729772254e-09)
8.215             (1.424617291e-12 0.8084911365 -3.344529519e-12) (2.160999743e-09 0.8855639164 -2.148659483e-09)
8.22              (8.735959862e-11 0.8085229349 -8.646648513e-11) (2.226714136e-09 0.884857796 -2.509812161e-09)
8.225             (4.763228753e-11 0.8085526356 -4.786022232e-11) (2.192453386e-09 0.8841201589 -2.068846713e-09)
8.23              (1.683027478e-10 0.8085802421 -1.693188673e-10) (1.187430414e-09 0.883414558 -1.52136881e-09)
8.235             (-5.810858817e-10 0.8086057752 5.799980104e-10) (-2.440051417e-09 0.882677743 3.113503941e-09)
8.24              (9.547527478e-11 0.8086292691 -1.026373309e-10) (1.491725298e-10 0.881973042 -3.241118967e-09)
8.245             (1.239435764e-11 0.8086507688 -1.300363518e-11) (2.5410841e-09 0.8812375475 -2.459545173e-09)
8.25              (-3.60377814e-11 0.8086703268 3.449156321e-11) (3.063279918e-09 0.8805342656 -1.812589729e-09)
8.255             (7.859101019e-11 0.8086880008 -8.02214743e-11) (2.416768291e-09 0.8798007289 -1.723785198e-09)
8.26              (2.102565291e-10 0.8087038519 -2.116455511e-10) (4.787575608e-09 0.879099442 -3.429582332e-09)
8.265             (-4.282304501e-11 0.8087179428 4.184406699e-11) (2.449737441e-09 0.8783684123 -2.222748622e-09)
8.27              (-1.775146618e-11 0.8087303364 1.574434685e-11) (2.823658407e-09 0.8776697538 -1.613667235e-09)
8.275             (3.67422708e-11 0.8087410949 -3.884349592e-11) (2.651187353e-09 0.8769421189 -1.076176944e-09)
8.28              (1.485134283e-10 0.8087502787 -1.5020057e-10) (3.135118057e-09 0.8762468905 -2.029816828e-09)
8.285             (3.007058928e-11 0.808757946 -3.132440426e-11) (2.241763287e-09 0.8755234087 -1.720486999e-09)
8.29              (-8.77446757e-12 0.8087641524 6.619389099e-12) (2.424288778e-09 0.8748324256 -1.784824594e-09)
8.295             (6.757084544e-11 0.8087689503 -6.931063603e-11) (3.590492554e-09 0.8741141275 -1.122236181e-09)
8.3               (1.861934873e-11 0.8087723894 -1.984324234e-11) (3.013533571e-09 0.8734283894 -6.286803774e-10)
8.305             (1.037674174e-10 0.8087745162 -1.052097866e-10) (2.930802269e-09 0.8727163437 -2.040295249e-09)
8.31              (2.727310911e-10 0.8087753744 -2.74137377e-10) (2.784128307e-09 0.8720369147 -7.94091937e-10)
8.315             (4.032006705e-11 0.8087750049 -4.167049911e-11) (2.530105915e-09 0.8713323545 -2.105676046e-09)
8.32              (5.909922176e-11 0.8087734465 -5.97624455e-11) (5.347867793e-09 0.870660461 -1.152815937e-09)
8.325             (-2.202549156e-12 0.8087707356 5.640222806e-13) (2.674925691e-09 0.8699647472 -2.029064628e-09)
8.33              (9.342662045e-11 0.8087669074 -9.493502859e-11) (2.266913039e-09 0.8693017334 -1.086378545e-09)
8.335             (2.498884521e-12 0.8087619955 -4.256528865e-12) (2.595580232e-09 0.8686163741 -1.895239631e-09)
8.34              (6.212577286e-11 0.8087560328 -6.362391183e-11) (3.703757054e-09 0.8679637274 -2.382366231e-09)
8.345             (4.006712849e-11 0.8087490518 -4.124956146e-11) (2.330154618e-09 0.8672903812 -1.855974288e-09)
8.35              (1.387855759e-10 0.8087410851 -1.403959582e-10) (2.326790508e-09 0.8666497413 -1.500282989e-09)
8.355             (5.00751549e-11 0.8087321655 -5.19347232e-11) (3.203731656e-09 0.8659902502 -1.277262331e-09)
8.36              (-4.32402788e-11 0.808722327 4.187420155e-11) (3.093803862e-09 0.865363443 -1.761717593e-09)
8.365             (3.29991819e-11 0.8087116046 -3.488684272e-11) (3.901970504e-09 0.8647198305 -1.720709631e-09)
8.37              (1.524621401e-11 0.808700035 -1.666574963e-11) (2.670647672e-09 0.8641088328 -1.851311907e-09)
8.375             (-5.575248007e-11 0.8086876567 5.391302359e-11) (2.82467769e-09 0.8634832747 -1.938381099e-09)
8.38              (-2.317587782e-11 0.8086745104 2.175742833e-11) (2.822826614e-09 0.8628902158 -1.733799268e-09)
8.385             (2.506922056e-11 0.8086606395 -2.715030766e-11) (8.800528823e-10 0.8622850652 -3.988372759e-09)
8.39              (2.184545836e-11 0.8086460897 -2.332554602e-11) (2.405768071e-09 0.8617122464 -1.894100288e-09)
8.395             (-2.759947286e-11 0.8086309097 2.589348193e-11) (1.609614136e-09 0.8611300229 -3.158535117e-09)
8.4               (-1.51744539e-11 0.8086151511 1.374211847e-11) (2.306660251e-09 0.8605798834 -1.956739072e-09)
8.405             (-1.691704957e-11 0.8085988685 1.538752051e-11) (2.79124742e-09 0.8600232341 -2.12697509e-09)
8.41              (4.404305045e-11 0.8085821194 -4.545309955e-11) (2.434032362e-09 0.8594983337 -2.126800107e-09)
8.415             (4.671737288e-11 0.8085649643 -4.820903511e-11) (2.438018049e-09 0.8589700222 -1.938619858e-09)
8.42              (1.712108984e-11 0.8085474664 -1.855765208e-11) (2.436774908e-09 0.8584730095 -2.159571454e-09)
8.425             (2.221788892e-11 0.8085296919 -2.369225791e-11) (2.590894116e-09 0.8579758679 -2.130933683e-09)
8.43              (1.68548382e-11 0.808511709 -1.826750867e-11) (2.369507613e-09 0.8575094401 -2.175565661e-09)
8.435             (-7.380819591e-13 0.8084935887 -7.184168163e-13) (2.467327794e-09 0.8570463257 -2.180648015e-09)
8.44              (1.563959942e-11 0.8084754033 -1.690252906e-11) (2.494238045e-09 0.8566131852 -2.084128383e-09)
8.445             (-1.915883233e-11 0.8084572269 1.798575122e-11) (2.519375926e-09 0.8561869149 -2.098299636e-09)
8.45              (-2.190741681e-12 0.8084391351 1.024989351e-12) (2.528126158e-09 0.8557896916 -2.05458057e-09)
8.455             (1.661066931e-11 0.8084212038 -1.761381345e-11) (2.523498869e-09 0.855402968 -2.139197138e-09)
8.46              (2.053631145e-11 0.8084035098 -2.155603729e-11) (2.305905865e-09 0.8550441593 -1.952256572e-09)
8.465             (-3.967210032e-12 0.8083861294 2.879820055e-12) (2.484523053e-09 0.8546995113 -2.043281118e-09)
8.47              (-2.904639943e-12 0.808369138 1.923807867e-12) (2.544629879e-09 0.8543814284 -1.967296466e-09)
8.475             (1.144243403e-12 0.8083526101 -1.740650415e-12) (2.748079163e-09 0.8540811249 -2.293849428e-09)
8.48              (-1.915566699e-11 0.8083366191 1.822935926e-11) (2.603924785e-09 0.8538057733 -2.228093899e-09)
8.485             (8.197755621e-11 0.8083212365 -8.17323285e-11) (3.099627789e-09 0.8535517202 -2.248691938e-09)
8.49              (-2.619013818e-11 0.8083065322 2.613870864e-11) (2.846593036e-09 0.8533207755 -2.841845776e-09)
8.495             (-5.117189764e-12 0.8082925738 4.283594377e-12) (2.548565706e-09 0.8531145205 -2.171578685e-09)
8.5               (6.937977125e-11 0.8082794268 -7.20137181e-11) (2.711886379e-09 0.8529292912 -3.393491282e-09)
8.505             (4.351593091e-12 0.8082671544 -5.358778884e-12) (2.438712851e-09 0.8527719142 -2.22350902e-09)
8.51              (2.581470784e-11 0.8082558176 -2.475621547e-11) (2.188431686e-09 0.8526332246 -2.282524626e-09)
8.515             (1.393167527e-11 0.8082454752 -1.494051274e-11) (2.285337512e-09 0.8525253021 -2.125294672e-09)
8.52              (1.535252336e-11 0.808236183 -1.682930451e-11) (2.486421989e-09 0.8524334646 -2.134275954e-09)
8.525             (-8.777563916e-13 0.8082279942 -1.104279571e-13) (2.475230334e-09 0.8523748919 -2.178386688e-09)
8.53              (1.18533959e-10 0.8082209585 -1.187535721e-10) (1.26357387e-09 0.8523295566 -6.401188452e-10)
8.535             (1.199678391e-11 0.8082151215 -1.259429483e-11) (2.544365304e-09 0.852319748 -2.000750297e-09)
8.54              (-7.258822407e-11 0.8082105238 7.408132969e-11) (-8.570037235e-10 0.8523202901 -5.193876274e-09)
8.545             (-1.364186093e-11 0.8082072008 1.239039339e-11) (2.351060199e-09 0.8523583178 -2.339979006e-09)
8.55              (2.125920917e-10 0.8082051811 -2.133690879e-10) (1.967694502e-09 0.8524036874 -1.272418932e-09)
8.555             (9.789369783e-12 0.8082044866 -1.10070625e-11) (2.491683388e-09 0.8524881117 -2.24589e-09)
8.56              (8.48420436e-14 0.8082051316 -8.730742793e-13) (3.065224569e-09 0.8525767754 -1.735351405e-09)
8.565             (1.495172851e-11 0.8082071226 -1.601762526e-11) (2.654456128e-09 0.8527057078 -2.298748128e-09)
8.57              (-5.23736249e-11 0.8082104583 5.222111631e-11) (2.052448104e-09 0.8528357393 -2.470236324e-09)
8.575             (-1.32230993e-11 0.8082151301 1.22787148e-11) (2.747399798e-09 0.8530069121 -2.30879189e-09)
8.58              (-1.680060156e-10 0.808221123 1.6760417e-10) (3.143836982e-09 0.8531760839 -2.610640297e-09)
8.585             (-1.155776545e-11 0.8082284163 1.060149172e-11) (2.423444873e-09 0.853386936 -1.902045004e-09)
8.59              (9.378800023e-11 0.8082369847 -9.441336571e-11) (3.573677375e-09 0.8535927159 -3.035307427e-09)
8.595             (2.873272279e-11 0.8082468002 -2.991111127e-11) (2.707276698e-09 0.8538404392 -1.924804998e-09)
8.6               (-9.973879496e-11 0.8082578325 9.872931155e-11) (3.134573096e-09 0.8540801433 -2.365402254e-09)
8.605             (3.30764062e-12 0.8082700509 -4.429799251e-12) (2.328730901e-09 0.8543618119 -1.877405045e-09)
8.61              (1.063092605e-10 0.8082834252 -1.074329975e-10) (4.156579995e-09 0.8546326559 -2.820955387e-09)
8.615             (4.434667635e-11 0.8082979265 -4.74490515e-11) (4.877506598e-09 0.8549452896 8.494577133e-10)
8.62              (7.194298999e-11 0.8083135283 -7.300098773e-11) (1.647762448e-09 0.8552444722 -1.924037061e-09)
8.625             (1.626399457e-11 0.8083302072 -1.567450772e-11) (8.182559046e-10 0.8555851121 -3.329903598e-09)
8.63              (-1.468840524e-11 0.8083479437 1.302708153e-11) (1.294661726e-09 0.8559098552 -3.325570097e-09)
8.635             (-1.917710754e-11 0.8083667229 1.982038986e-11) (2.142829627e-10 0.8562756184 -4.407695912e-09)
8.64              (-1.786886098e-10 0.8083865351 1.785644786e-10) (2.665221441e-09 0.8566232826 -2.183535212e-09)
8.645             (-8.811732707e-12 0.8084073769 8.243291648e-12) (1.672077285e-09 0.857011365 -2.930806272e-09)
8.65              (5.695871888e-11 0.8084292515 -5.702780025e-11) (3.836861833e-09 0.8573792028 -1.155153192e-09)
8.655             (-5.744433338e-12 0.8084521702 5.042342645e-12) (3.423647456e-09 0.8577868467 -1.2426952e-09)
8.66              (-1.209661886e-10 0.8084761528 1.210078296e-10) (3.295620706e-09 0.8581724457 -8.507391224e-10)
8.665             (1.015687874e-11 0.8085012287 -1.077296038e-11) (3.111375859e-09 0.8585972969 -1.07207153e-09)
8.67              (-3.060251479e-11 0.8085274378 3.058196057e-11) (3.233116171e-09 0.8589985195 -5.6515636e-10)
8.675             (-6.62793066e-11 0.8085548314 6.607557442e-11) (3.200134734e-09 0.859438421 -3.097541298e-09)
8.68              (-9.124605314e-11 0.8085834726 9.350210536e-11) (7.341840522e-09 0.8598532965 3.764162035e-09)
8.685             (3.988036373e-12 0.8086134377 -4.327099947e-12) (2.997058979e-09 0.8603063119 -1.688921399e-09)
8.69              (5.994855835e-11 0.8086448166 -5.712575538e-11) (8.40763606e-09 0.8607330898 5.70336052e-09)
8.695             (-1.27069548e-12 0.8086777131 1.308680277e-12) (2.854239341e-09 0.8611975086 -1.687395122e-09)
8.7               (-1.178152247e-10 0.8087122462 1.2381111e-10) (1.508281054e-08 0.8616346452 1.320215813e-08)
8.705             (2.8209719e-12 0.8087485498 -2.429699001e-12) (2.940891808e-09 0.862108957 -1.562288204e-09)
8.71              (1.905353482e-11 0.8087867738 -1.706846902e-11) (9.984672744e-09 0.8625550774 5.929050933e-09)
8.715             (-5.787250188e-11 0.8088270842 5.738343466e-11) (2.74165546e-09 0.863037948 -2.220204724e-09)
8.72              (-1.859421943e-11 0.8088696636 1.184331851e-11) (-1.520908813e-08 0.8634918466 -1.949936841e-08)
8.725             (1.799530249e-10 0.808914711 -1.771975045e-10) (2.831726227e-09 0.8639821179 -7.145820122e-09)
8.73              (2.60829774e-11 0.8089624427 -2.720286938e-11) (-3.655157288e-09 0.8644427457 -8.118927058e-09)
8.735             (2.093599671e-11 0.8090130918 -2.199481986e-11) (2.22249188e-09 0.8649393946 -2.175882352e-09)
8.74              (4.885872622e-11 0.8090669085 -4.977895358e-11) (-2.506901782e-09 0.865405806 -5.987735997e-09)
8.745             (4.241253741e-12 0.80912416 -4.832956714e-12) (1.754525482e-09 0.8659079202 -3.079735185e-09)
8.75              (-7.043269141e-11 0.8091851305 6.959255253e-11) (-1.588116167e-09 0.8663792818 -4.810512017e-09)
8.755             (1.417314724e-11 0.8092501205 -1.432465142e-11) (2.472201178e-09 0.8668860579 -1.87738624e-09)
8.76              (-2.522365638e-11 0.8093194473 2.437699632e-11) (2.27018156e-09 0.8673616327 -4.774159753e-09)
8.765             (-2.690186463e-10 0.8093934438 2.457800812e-10) (8.205805324e-09 0.8678723624 9.180293363e-09)
8.77              (3.980250784e-11 0.8094724588 -4.698353147e-11) (5.526513723e-10 0.8683514548 -2.659400069e-09)
8.775             (-3.806685074e-11 0.8095568562 4.352884912e-11) (3.894375521e-09 0.8688654363 -5.727985196e-09)
8.78              (-1.484674432e-10 0.8096470145 1.542200033e-10) (1.995217375e-09 0.8693474521 3.13816527e-09)
8.785             (4.845877547e-11 0.8097433265 -5.174556794e-11) (1.44778704e-09 0.8698641296 -3.086882402e-09)
8.79              (2.047931868e-10 0.8098461983 -1.988842431e-10) (2.932183218e-09 0.8703485022 1.823281086e-09)
8.795             (-5.761348248e-11 0.8099560491 5.957056208e-11) (1.402887446e-09 0.8708672881 -1.326934674e-09)
8.8               (9.97333656e-12 0.8100733102 -1.885490739e-11) (2.705704409e-09 0.8713534281 -3.37480558e-09)
8.805             (5.285671481e-11 0.8101984246 -6.438935e-11) (3.279290131e-09 0.8718737585 3.494768495e-09)
8.81              (-1.022368754e-11 0.8103318463 7.304586378e-12) (2.120926333e-09 0.8723611738 -2.41745534e-09)
8.815             (1.252657533e-11 0.8104740399 -1.267899579e-11) (1.945858153e-09 0.872882554 -2.267299729e-09)
8.82              (4.05237226e-11 0.8106254795 -3.246978843e-11) (2.327774244e-09 0.8733707668 -3.485299151e-09)
8.825             (-3.401906786e-12 0.8107866487 3.667052895e-12) (2.269479874e-09 0.8738927022 -2.163678202e-09)
8.83              (-4.981827851e-11 0.8109580396 6.046602269e-11) (2.574537736e-09 0.8743811619 -3.164059341e-09)
8.835             (1.210787654e-11 0.8111401528 -9.961768206e-12) (2.434772176e-09 0.874903133 -1.963396901e-09)
8.84              (4.639036635e-11 0.8113334966 -2.750262911e-11) (3.080688539e-09 0.8753915312 -3.559872763e-09)
8.845             (9.304734186e-12 0.8115385868 -3.890662815e-12) (1.222404445e-09 0.8759134913 -4.194214249e-09)
8.85              (1.985518095e-11 0.8117559468 -1.10744154e-11) (1.974934344e-09 0.8764020534 -3.073134942e-09)
8.855             (-2.072091339e-11 0.8119861072 8.282381276e-12) (3.928043636e-09 0.8769241778 4.411116794e-10)
8.86              (1.384461269e-11 0.8122296057 6.090802256e-12) (3.548771522e-09 0.8774128881 -1.5199432e-09)
8.865             (-2.190876779e-12 0.8124869871 -4.734399066e-13) (2.385055542e-09 0.8779352706 -2.09420562e-09)
8.87              (5.343449513e-12 0.8127588038 9.660042698e-12) (2.988979866e-09 0.8784244938 -1.615909733e-09)
8.875             (6.039885237e-12 0.8130456151 -4.06153872e-11) (9.166469579e-09 0.8789475693 1.260627945e-09)
8.88              (3.113811478e-12 0.8133479881 -1.614098794e-11) (2.429452309e-09 0.8794376661 -2.96213433e-09)
8.885             (-7.414761707e-12 0.8136664975 5.750661672e-12) (1.882888545e-09 0.8799616271 -2.383771804e-09)
8.89              (8.525837263e-13 0.814001726 -5.889981019e-12) (1.257551667e-09 0.8804531375 -3.701106298e-09)
8.895             (8.41491111e-13 0.8143542644 2.57246106e-12) (2.171049409e-09 0.8809791885 -2.865010066e-09)
8.9               (4.671012893e-12 0.814724712 -5.733076401e-12) (1.189097465e-09 0.8814730049 -3.747643547e-09)
8.905             (-1.087429743e-12 0.8151136763 5.321412102e-13) (4.495589516e-09 0.8820009447 -5.076875787e-10)
8.91              (2.323371576e-12 0.8155217735 -3.404244936e-12) (1.342217e-09 0.8824964065 -3.783525661e-09)
8.915             (-4.07892015e-12 0.8159496278 5.840111203e-12) (4.697240087e-09 0.8830263265 -4.850666939e-10)
8.92              (1.240372951e-12 0.8163978716 -3.595963935e-12) (1.431523197e-09 0.8835243855 -3.804018581e-09)
8.925             (-6.557976889e-12 0.8168671446 8.354071351e-13) (4.420207519e-09 0.8840569683 -5.372631764e-10)
8.93              (4.008404454e-12 0.8173580932 -3.228658623e-12) (1.184370937e-09 0.8845576043 -3.480415142e-09)
8.935             (-7.549596059e-12 0.8178713697 2.775805977e-12) (4.288688948e-09 0.8850925148 -2.492276605e-10)
8.94              (3.649019173e-12 0.8184076307 -3.47812877e-12) (1.171843306e-09 0.8855955583 -3.316769653e-09)
8.945             (-7.349608405e-12 0.8189675358 3.053293627e-12) (4.421740473e-09 0.8861331705 -1.44909266e-10)
8.95              (5.318078584e-12 0.8195517452 -3.666705028e-12) (1.298343753e-09 0.8866392961 -3.407911182e-09)
8.955             (-7.731698719e-12 0.8201609181 3.688459785e-12) (4.551022511e-09 0.8871800238 -2.804581352e-10)
8.96              (5.993891946e-12 0.8207957096 -4.316000392e-12) (1.379670387e-09 0.8876893271 -3.518061981e-09)
8.965             (-7.979533754e-12 0.8214567683 3.397294133e-12) (4.583560212e-09 0.8882331657 -3.060120088e-10)
8.97              (6.256405079e-12 0.8221447325 -4.180015334e-12) (1.323072984e-09 0.8887456989 -3.519346187e-09)
8.975             (-8.876762134e-12 0.822860227 3.475122224e-12) (4.598393063e-09 0.8892928961 -1.93381802e-10)
8.98              (7.040757758e-12 0.8236038594 -4.88608637e-12) (1.308515731e-09 0.8898090197 -3.421939282e-09)
8.985             (-8.972276521e-12 0.824376216 2.244303033e-12) (4.640448721e-09 0.8903598489 -8.047608207e-11)
8.99              (-5.217049587e-11 0.8251778574 2.768294526e-11) (1.862680424e-09 0.8908797296 -2.91450733e-09)
8.995             (-5.154905644e-15 0.8260093147 -6.850307384e-12) (4.634510422e-09 0.8914342991 -4.945376781e-11)
9                 (3.573384544e-11 0.8268710844 -2.221836718e-11) (2.667461893e-09 0.8919580177 -1.65415027e-09)
9.005             (-7.676535766e-12 0.8277636246 -7.662564706e-13) (4.727318901e-09 0.8925165176 3.02967969e-10)
9.01              (-1.311866782e-10 0.8286873503 5.82202119e-11) (6.314012306e-09 0.8930443321 1.585699371e-09)
9.015             (-2.325600821e-11 0.8296426291 9.067718394e-12) (5.154205486e-09 0.8936070099 2.640072736e-10)
9.02              (-2.015877134e-10 0.8306297775 1.283779149e-10) (6.415527281e-09 0.8941391325 2.822810716e-09)
9.025             (4.640593989e-11 0.8316490563 -6.910433627e-11) (4.896227345e-09 0.8947061311 8.163132386e-10)
9.03              (1.722300151e-09 0.832700668 -1.77768782e-09) (5.269509014e-09 0.895242644 3.404103703e-09)
9.035             (5.552376418e-11 0.8337847531 -8.330505917e-11) (5.118515201e-09 0.8958141084 7.473586385e-10)
9.04              (-4.968688496e-11 0.8349013881 4.114805205e-11) (2.671514406e-09 0.8963552227 -3.003647758e-09)
9.045             (5.788335501e-11 0.8360505827 -7.431691939e-11) (5.338367457e-09 0.8969313606 5.036865123e-10)
9.05              (-4.38524107e-10 0.8372322788 3.786014422e-10) (8.276691869e-09 0.8974772208 -2.270171883e-10)
9.055             (2.249693032e-12 0.8384463492 -2.542852959e-11) (5.997466619e-09 0.8980581476 5.490026425e-10)
9.06              (-4.590925755e-11 0.8396925976 3.952375658e-11) (2.228802578e-09 0.8986088591 -2.181327384e-09)
9.065             (5.152604119e-11 0.8409707587 -3.455030572e-11) (2.208966895e-09 0.8991947144 -3.981208645e-09)
9.07              (-5.142183878e-11 0.8422804991 5.323005809e-11) (2.682428092e-09 0.8997504283 -3.102346698e-09)
9.075             (2.826387001e-11 0.8436214189 -3.735181257e-12) (1.162205472e-09 0.9003413454 -3.637627207e-09)
9.08              (1.305205498e-10 0.8449930537 -1.867983021e-10) (8.365184953e-09 0.9009021557 -7.840856718e-10)
9.085             (-7.349262652e-11 0.8463948779 7.836076793e-11) (3.350623156e-09 0.9014982181 -1.969558963e-09)
9.09              (1.150088876e-11 0.8478263071 -1.27700457e-11) (2.143782153e-09 0.9020641992 -2.193510208e-09)
9.095             (5.864842418e-12 0.8492867025 1.160452168e-11) (2.30391026e-09 0.9026654968 -3.413956281e-09)
9.1               (6.401142169e-12 0.850775375 -1.018242397e-11) (2.19789131e-09 0.9032367374 -2.776680001e-09)
9.105             (-2.087411332e-11 0.8522915896 3.529697547e-11) (1.131820849e-09 0.9038433474 -2.441363742e-09)
9.11              (1.210056802e-11 0.8538345704 -1.988453704e-11) (1.808977268e-09 0.9044198999 -2.460356909e-09)
9.115             (-5.394506987e-12 0.8554035058 1.941883568e-11) (2.084782465e-09 0.9050318652 -3.25365989e-09)
9.12              (-2.240311791e-10 0.8569975536 1.820409368e-10) (1.415955974e-09 0.9056137629 4.569718554e-09)
9.125             (-2.721615454e-12 0.8586158466 7.08841827e-12) (3.315626646e-09 0.9062311147 -1.051680493e-09)
9.13              (-1.501870506e-11 0.860257498 1.630811945e-11) (1.892781864e-09 0.9068184076 -3.183803905e-09)
9.135             (3.605317984e-12 0.8619216065 2.240546875e-11) (1.334074886e-09 0.9074411951 -3.7589226e-09)
9.14              (-2.804617564e-11 0.8636072617 3.253965865e-11) (1.143906669e-09 0.9080338609 -2.604891369e-09)
9.145             (-2.130632436e-11 0.8653135492 5.450578101e-11) (1.651838717e-09 0.9086620384 -3.518053849e-09)
9.15              (2.047678738e-11 0.8670395554 -1.168516109e-11) (1.659887308e-09 0.9092600778 -2.515148507e-09)
9.155             (-3.256457722e-11 0.8687843721 2.193009697e-11) (5.203345654e-09 0.9098936808 8.133429551e-10)
9.16              (2.878329212e-11 0.8705471006 -1.917790871e-11) (2.629631589e-09 0.9104970767 -2.153108842e-09)
9.165             (6.513211053e-13 0.8723268562 -2.592526701e-12) (5.278234461e-09 0.9111360487 6.949478202e-10)
9.17              (-4.218633929e-11 0.8741227709 5.668592019e-11) (4.798134665e-09 0.9117447768 -1.058257511e-10)
9.175             (7.215549653e-12 0.8759339974 -8.074186357e-12) (5.899593765e-09 0.9123891251 7.024263807e-10)
9.18              (4.827263372e-11 0.877759711 -3.290760832e-11) (5.18669462e-09 0.9130031718 2.757577459e-10)
9.185             (-8.369610649e-12 0.879599113 7.598465067e-12) (6.275640602e-09 0.9136528411 1.477743975e-09)
9.19              (-3.358774026e-11 0.8814514318 5.120475988e-11) (5.960742886e-09 0.9142721293 8.309031216e-10)
9.195             (8.036594168e-12 0.8833159249 -6.944036888e-12) (7.065365747e-09 0.9149270701 1.645950596e-09)
9.2               (9.95974974e-12 0.8851918807 6.872179014e-12) (1.554437701e-09 0.9155516623 -3.42835981e-09)
9.205             (-1.109422862e-12 0.8870786181 3.946366322e-13) (7.116280725e-09 0.9162119177 2.479778077e-09)
9.21              (5.598923023e-11 0.8889754862 -3.589970341e-11) (8.298429489e-09 0.9168414975 3.667267616e-09)
9.215             (1.268662596e-11 0.8908818668 -1.068931574e-11) (8.696434534e-09 0.9175067608 3.755082756e-09)
9.22              (1.486258406e-11 0.8927971741 -6.360512625e-11) (6.561796158e-09 0.9181416834 7.699623393e-10)
9.225             (6.194410096e-12 0.8947208527 -3.892483415e-12) (-4.025753243e-09 0.9188123777 -9.432664297e-09)
9.23              (-1.034947445e-09 0.8966523772 1.013265982e-09) (3.645753655e-09 0.9194524408 2.062016247e-09)
9.235             (-3.39193987e-11 0.8985912518 3.456284992e-11) (9.429717181e-09 0.9201280331 7.138560814e-09)
9.24              (1.648911172e-11 0.9005370092 -1.846800533e-11) (5.878610986e-09 0.9207727896 -2.225262225e-09)
9.245             (-2.518377066e-11 0.9024892092 4.473028266e-11) (-1.227430271e-08 0.9214533959 -1.859748928e-08)
9.25              (-8.386040846e-11 0.9044474373 9.724079494e-11) (2.992101966e-09 0.9221033059 -1.97319222e-09)
9.255             (-1.363739042e-10 0.9064113041 1.269907101e-10) (3.300092939e-08 0.9227889936 2.730529942e-08)
9.26              (-1.534763427e-10 0.9083804428 1.67037978e-10) (4.671242052e-09 0.923443836 -1.83751091e-09)
9.265             (-2.226851657e-10 0.9103545083 2.232157076e-10) (2.36067889e-08 0.9241342783 1.651516516e-08)
9.27              (-1.35121082e-10 0.9123331751 1.464141411e-10) (5.400859163e-09 0.9247936638 -1.151818205e-09)
9.275             (-1.912620452e-11 0.914316136 2.889853546e-11) (4.303801701e-09 0.9254887753 -8.091169521e-10)
9.28              (2.526994038e-10 0.9163031004 -2.390798786e-10) (2.742332789e-09 0.9261529257 1.645936931e-09)
9.285             (-1.166273108e-11 0.9182937923 2.153281963e-11) (3.640227614e-09 0.9268527948 9.549835753e-10)
9.29              (-7.471527281e-11 0.9202879492 8.597585765e-11) (4.677342222e-09 0.9275215622 -1.273469284e-09)
9.295             (-5.924163361e-11 0.9222853201 6.984859054e-11) (5.509317833e-09 0.9282258224 1.258687891e-09)
9.3               (-7.951994316e-11 0.9242856642 9.093935742e-11) (2.363528031e-09 0.9288987748 8.272595011e-10)
9.305             (6.690710516e-11 0.9262887494 -5.679312148e-11) (5.839683795e-09 0.9296071965 1.423450386e-09)
9.31              (5.33902133e-11 0.9282943513 -4.298578594e-11) (5.197805797e-09 0.9302843121 -1.84199749e-09)
9.315             (6.277098327e-11 0.930302252 -5.40129028e-11) (5.757394808e-09 0.9309967784 1.210971722e-09)
9.32              (9.811641668e-11 0.932312239 -8.785975112e-11) (2.47873675e-09 0.93167779 9.805889423e-10)
9.325             (8.164817932e-12 0.9343241052 -4.988965411e-13) (4.543802875e-09 0.9323938569 8.97472872e-10)
9.33              (-8.499162004e-11 0.9363376479 7.710267327e-11) (-2.340969359e-09 0.9330782797 -8.718865796e-09)
9.335             (-5.11254584e-11 0.9383526689 5.754096977e-11) (2.36318635e-09 0.9337975241 -3.57210855e-09)
9.34              (-2.861585437e-10 0.9403689747 2.755804471e-10) (-1.018519829e-08 0.9344851096 -1.400292679e-08)
9.345             (-2.319384456e-10 0.9423863763 2.340621075e-10) (-4.447332743e-09 0.9352070999 -7.319955493e-09)
9.35              (1.628000756e-10 0.9444046898 -1.659950704e-10) (-4.87504773e-09 0.9358972326 -1.137227582e-08)
9.355             (5.000555916e-11 0.9464237368 -4.677812447e-11) (1.748276782e-09 0.9366215127 -4.266289039e-09)
9.36              (1.5753259e-11 0.9484433445 -1.723615898e-11) (-7.871560051e-09 0.937313796 -1.124220708e-08)
9.365             (-7.956066035e-13 0.9504633464 4.722117509e-12) (-4.51096661e-10 0.9380396052 -2.573663967e-09)
9.37              (-1.341441269e-10 0.9524835819 1.351994975e-10) (-6.515985173e-09 0.9387332449 -1.224317268e-08)
9.375             (5.88145034e-11 0.9545038967 -5.463307745e-11) (5.690572022e-10 0.9394599166 -5.475862423e-09)
9.38              (1.994551291e-10 0.9565241426 -1.960103197e-10) (-6.265199453e-09 0.9401543221 -1.1179112e-08)
9.385             (-1.995448145e-12 0.958544177 6.152892379e-12) (2.603642746e-10 0.9408810758 -3.179217871e-09)
9.39              (-1.309268169e-10 0.9605638625 1.371246126e-10) (-7.224830087e-09 0.9415754061 -1.203355395e-08)
9.395             (-5.301453097e-11 0.9625830663 5.680903144e-11) (2.922693723e-09 0.9423014177 -2.71018419e-09)
9.4               (1.480382785e-10 0.9646016605 -1.384604835e-10) (-9.003121937e-09 0.9429949729 -9.971527585e-09)
9.405             (-1.348606391e-11 0.9666195211 1.679282377e-11) (8.702580255e-10 0.9437194414 3.36397085e-10)
9.41              (1.05663654e-10 0.968636528 -9.235365293e-11) (-8.576545479e-09 0.9444113657 -1.112866781e-08)
9.415             (2.400683777e-10 0.9706525647 -2.384330628e-10) (4.723365459e-09 0.9451333659 7.617718735e-10)
9.42              (4.221857845e-10 0.9726675186 -4.05796537e-10) (-6.509832202e-09 0.9458228111 -1.061411648e-08)
9.425             (-5.660700733e-11 0.9746812809 5.807758072e-11) (4.34314283e-09 0.9465415134 1.546923696e-09)
9.43              (-2.192662439e-10 0.976693747 2.356957788e-10) (-4.004720289e-09 0.9472277173 -6.414886663e-09)
9.435             (-9.414974931e-12 0.9787048177 1.00616472e-11) (5.42417602e-09 0.9479423093 2.222042055e-09)
9.44              (1.44634642e-10 0.9807143995 -1.287002376e-10) (-1.013598173e-09 0.9486244843 -3.386046704e-09)
9.445             (-1.446797911e-11 0.9827224055 2.230225503e-11) (6.936330411e-09 0.9493341926 3.759634462e-09)
9.45              (-5.497763046e-11 0.9847287558 6.758214701e-11) (1.479537219e-09 0.9500116466 -2.958156899e-10)
9.455             (-2.563202301e-11 0.9867333781 3.579991399e-11) (7.039272556e-09 0.9507158379 3.668192122e-09)
9.46              (-2.013444311e-10 0.9887362076 2.073784417e-10) (9.680867581e-10 0.9513880158 2.273422457e-09)
9.465             (-1.417299529e-11 0.9907371876 2.489102224e-11) (2.021717697e-08 0.9520861815 1.759871116e-08)
9.47              (3.297283943e-11 0.9927362698 -2.545779446e-11) (6.963145261e-09 0.9527526177 6.381774837e-10)
9.475             (-3.643485084e-11 0.994733414 3.061357906e-11) (5.815408042e-09 0.9534443327 3.395823213e-09)
9.48              (-3.335997342e-11 0.9967285887 2.934336207e-11) (5.046474694e-09 0.9541047359 1.547409647e-10)
9.485             (-4.136759352e-11 0.9987217705 -2.642391799e-11) (2.251080991e-08 0.9547899428 2.037587192e-08)
9.49              (1.116474826e-12 1.000712945 -1.378121046e-11) (1.036024178e-08 0.9554442423 5.945419706e-09)
9.495             (1.302349472e-11 1.002702105 1.73722257e-11) (6.71828658e-09 0.9561228286 1.064936714e-09)
9.5               (1.432643689e-11 1.004689254 4.917427243e-11) (1.890555014e-08 0.9567709817 1.325203607e-08)
9.505             (2.139101059e-11 1.006674402 -9.367067775e-13) (1.469878496e-08 0.9574432122 9.816282341e-09)
9.51              (-7.554627728e-11 1.008657566 1.363693546e-10) (2.093950462e-08 0.9580856027 1.549525642e-08)
9.515             (-5.225971712e-12 1.010638774 3.695524249e-11) (1.607096872e-08 0.9587518778 9.347958174e-09)
9.52              (1.061537541e-12 1.012618058 3.155186441e-12) (1.251430825e-08 0.9593887942 6.882663487e-09)
9.525             (1.28683326e-10 1.01459546 -1.392394072e-10) (5.612766769e-09 0.9600496261 6.857809343e-09)
9.53              (-9.817892209e-13 1.016571027 1.637829957e-11) (1.33829158e-08 0.9606817598 9.182099621e-09)
9.535             (-3.912209402e-11 1.018544813 1.294377873e-11) (-1.874612075e-08 0.9613380694 -2.343825321e-08)
9.54              (4.397954865e-11 1.020516878 -4.859216458e-11) (1.638318568e-08 0.9619662223 1.038394862e-08)
9.545             (-1.520289496e-11 1.022487288 2.407239583e-11) (1.063136674e-08 0.962618671 5.52030755e-09)
9.55              (-1.92723619e-11 1.024456111 2.918810836e-11) (7.077589389e-09 0.9632435191 -3.067455738e-09)
9.555             (9.560470218e-12 1.026423421 -1.634623291e-11) (2.046712811e-08 0.963893329 1.311272799e-08)
9.56              (-3.619235332e-11 1.028389296 4.653892246e-11) (8.675615249e-09 0.964516089 -3.874274391e-09)
9.565             (2.101485191e-11 1.030353814 -3.430899695e-11) (1.839343625e-08 0.9651641991 1.100776068e-08)
9.57              (2.797058522e-10 1.032317057 -2.844675923e-10) (3.517933143e-09 0.9657856815 -3.082334833e-09)
9.575             (6.028544845e-11 1.034279107 -7.122816212e-11) (1.495971631e-08 0.9664332735 8.655551449e-09)
9.58              (1.46502461e-10 1.036240045 -1.428979691e-10) (7.728954885e-09 0.9670547383 1.90057203e-11)
9.585             (3.674128741e-11 1.038199953 -4.264169592e-11) (1.963563668e-08 0.9677029894 1.41951427e-08)
9.59              (3.763891538e-11 1.040158912 -4.021713221e-11) (5.88510523e-09 0.9683253536 -2.675679666e-09)
9.595             (-4.339574929e-12 1.042116999 4.387070894e-13) (-2.393986862e-09 0.9689752424 -7.446770122e-09)
9.6               (3.90625954e-11 1.044074289 -4.140331586e-11) (5.079982914e-09 0.9695996121 -4.621757067e-09)
9.605             (-2.898849325e-11 1.046030851 3.146721093e-11) (2.336959659e-08 0.9702523976 1.622898573e-08)
9.61              (-1.434711435e-10 1.047986752 1.415345154e-10) (6.670959734e-09 0.9708797677 -3.936697383e-09)
9.615             (-1.214382678e-12 1.049942053 -2.30133605e-12) (6.426901284e-09 0.9715362343 2.061522054e-09)
9.62              (-1.700872191e-11 1.051896806 1.506434024e-11) (5.483494885e-09 0.9721673341 -4.99722881e-10)
9.625             (5.954716476e-11 1.053851059 -5.220129007e-11) (4.628812429e-08 0.9728284032 4.197164882e-08)
9.63              (5.009153605e-11 1.05580485 -4.748243232e-11) (5.12210024e-09 0.9734641638 4.842090918e-10)
9.635             (1.22421684e-11 1.05775821 -1.854559971e-11) (-1.14565075e-08 0.9741305974 -1.48043565e-08)
9.64              (4.131794139e-11 1.059711162 -3.757295947e-11) (1.326408458e-09 0.9747715521 -4.64702877e-09)
9.645             (2.120358603e-12 1.061663717 -3.325860724e-12) (8.323431097e-09 0.9754438642 3.306925481e-09)
9.65              (-4.841884362e-12 1.063615876 3.355780036e-12) (1.373326174e-09 0.976090552 -5.145022546e-09)
9.655             (5.34686358e-11 1.065567632 -4.082838335e-11) (3.984184832e-08 0.9767692655 3.38849489e-08)
9.66              (-4.607724507e-12 1.067518963 1.582726468e-12) (1.134286333e-08 0.9774221191 5.555696e-09)
9.665             (-1.796585995e-11 1.069469838 1.226872026e-11) (1.177537931e-09 0.9781076087 -4.126127686e-09)
9.67              (-3.681433032e-11 1.071420213 3.882075736e-11) (8.058579897e-09 0.9787668882 3.3047592e-09)
9.675             (-1.258167517e-11 1.07337003 -1.094519429e-11) (-4.695764303e-08 0.9794591939 -5.179530652e-08)
9.68              (5.161599801e-11 1.075319221 -5.718208792e-11) (9.538253612e-09 0.980124957 5.740754813e-09)
9.685             (5.150207265e-12 1.077267703 -6.11157297e-12) (1.139731092e-08 0.9808244072 6.948792318e-09)
9.69              (-2.864224128e-11 1.079215379 3.197634219e-11) (4.661099852e-09 0.9814969849 -1.033351386e-10)
9.695             (2.149815827e-12 1.081162139 -6.239581345e-12) (9.430210608e-09 0.9822033969 4.549383692e-09)
9.7               (9.18566493e-11 1.083107856 -9.595100473e-11) (9.632263207e-09 0.9828824554 5.88148145e-09)
9.705             (5.52649625e-12 1.085052389 -5.920106845e-12) (9.92472334e-09 0.983595839 5.286637487e-09)
9.71              (-2.799352809e-11 1.086995579 2.452639121e-11) (1.034841697e-08 0.9842815521 5.131672218e-09)
9.715             (3.512842905e-11 1.088937252 -1.955899449e-11) (8.246692451e-09 0.9850017623 4.838918046e-09)
9.72              (1.953661606e-12 1.090877214 -2.346814616e-12) (2.466664336e-09 0.9856938707 -1.961897514e-09)
9.725             (-1.919798096e-12 1.092815256 1.510689588e-12) (8.990509803e-09 0.9864206272 4.448080875e-09)
9.73              (2.453522453e-12 1.094751149 -3.854446837e-12) (2.684921012e-09 0.9871188159 -1.312509175e-09)
9.735             (1.307350486e-11 1.096684644 9.065025924e-12) (8.145127952e-09 0.9878519189 3.167988321e-09)
9.74              (-8.60413649e-13 1.098615472 1.288527168e-12) (2.412847662e-09 0.9885561504 -2.153645557e-09)
9.745             (1.611350296e-13 1.100543341 1.091407352e-13) (8.672938026e-09 0.989295383 4.139585518e-09)
9.75              (-2.927847855e-12 1.102467939 2.710558099e-12) (2.830932574e-09 0.9900052822 -1.91020475e-09)
9.755             (1.310376391e-11 1.10438893 1.830327767e-11) (7.222261297e-09 0.9907502729 2.677021228e-09)
9.76              (-4.816039574e-12 1.106305954 2.846344322e-11) (-9.3787281e-09 0.9914656005 -1.063484771e-08)
9.765             (-3.648653155e-13 1.108218625 2.181371109e-12) (8.447532385e-09 0.9922161152 3.666534099e-09)
9.77              (3.814462492e-12 1.110126532 -2.648377974e-12) (2.956019751e-09 0.9929366225 -1.877764174e-09)
9.775             (1.421013814e-12 1.112029236 1.494370351e-12) (8.463534357e-09 0.9936923525 3.776207552e-09)
9.78              (1.853386237e-11 1.11392627 2.765212593e-11) (-1.000776743e-08 0.9944177466 -1.380491033e-08)
9.785             (2.581911818e-12 1.115817138 2.335202155e-12) (8.514436349e-09 0.9951784087 3.8512692e-09)
9.79              (-5.988523068e-12 1.117701312 3.422287076e-12) (3.955846352e-09 0.9959084502 -8.685521906e-10)
9.795             (2.453818852e-11 1.119578233 2.326092436e-11) (7.902471497e-09 0.9966737661 1.02626996e-09)
9.8               (-2.9863442e-12 1.121447309 3.903763732e-12) (3.014719685e-09 0.9974081732 -1.102025517e-09)
9.805             (1.41204198e-12 1.123307914 1.773882286e-12) (9.049832304e-09 0.9981778873 4.002080419e-09)
9.81              (-9.802912878e-12 1.125159387 2.072850731e-12) (5.531780949e-09 0.9989164673 -4.559949904e-10)
9.815             (3.471976698e-12 1.127001033 2.35714126e-12) (9.13301572e-09 0.9996903413 4.070475838e-09)
9.82              (-8.287800324e-12 1.128832119 8.837186025e-12) (3.545075368e-09 1.000432829 -9.350180896e-10)
9.825             (3.17943276e-12 1.130651875 3.284151511e-12) (9.236871426e-09 1.001210519 3.989601328e-09)
9.83              (-1.117641582e-11 1.132459498 6.65852812e-12) (4.655941928e-09 1.001956564 -5.179700537e-10)
9.835             (4.635383838e-12 1.134254143 4.16958707e-12) (9.206220308e-09 1.002737838 4.058590403e-09)
9.84              (-1.088660577e-11 1.136034933 1.324733346e-11) (3.633277887e-09 1.003487342 -9.568175987e-10)
9.845             (3.557057689e-12 1.137800952 5.387006885e-12) (9.272182917e-09 1.004272017 4.119915612e-09)
9.85              (-7.997987155e-12 1.139551252 6.93859705e-12) (4.514595599e-09 1.005024705 -8.404596916e-10)
9.855             (5.676251712e-12 1.141284848 6.048941946e-12) (9.274015416e-09 1.005812454 4.107078948e-09)
9.86              (9.442575504e-12 1.143000726 -1.749851509e-11) (1.548233093e-08 1.006567969 1.033612098e-08)
9.865             (5.543898283e-12 1.144697842 6.081851714e-12) (9.699908261e-09 1.00735853 4.645391628e-09)
9.87              (-1.408950101e-11 1.146375121 2.823485624e-12) (1.168936862e-08 1.008116874 6.719656208e-09)
9.875             (4.010617068e-11 1.148031468 4.848765833e-11) (6.852297433e-09 1.008910259 1.816293695e-09)
9.88              (-4.622078303e-12 1.149665762 -5.190307567e-12) (9.888676132e-09 1.009671308 4.741931491e-09)
9.885             (5.387168786e-12 1.151276868 7.197909301e-12) (9.597391344e-09 1.010467115 4.681857263e-09)
9.89              (-1.636919276e-12 1.152863637 -3.567760184e-13) (8.386225438e-09 1.011230266 3.451354077e-09)
9.895             (4.85023138e-11 1.154424909 3.177351034e-11) (6.58129597e-09 1.012028186 1.89710976e-09)
9.9               (-2.240685629e-12 1.155959525 -8.524092055e-13) (7.793316616e-09 1.012793532 2.767568113e-09)
9.905             (5.53930382e-12 1.157466325 6.157352094e-12) (9.573435641e-09 1.013593616 4.474612738e-09)
9.91              (-1.048545573e-12 1.158944157 2.758615323e-12) (7.302048578e-09 1.01436102 2.190571409e-09)
9.915             (3.532544181e-12 1.160391884 3.799660021e-12) (9.59306984e-09 1.015162858 4.699675566e-09)
9.92              (3.857352884e-11 1.161808389 3.269449237e-11) (-3.165575498e-09 1.015931788 -8.009111289e-09)
9.925             (8.138687455e-12 1.163192582 1.00238038e-11) (9.324052524e-09 1.016735086 4.266425137e-09)
9.93              (4.479221827e-12 1.164543408 4.390812749e-12) (6.132682198e-09 1.017505534 1.165813425e-09)
9.935             (5.657834492e-12 1.165859852 6.749864268e-12) (9.514072323e-09 1.018310277 4.634126749e-09)
9.94              (4.060231634e-12 1.167140946 4.148901024e-12) (6.229086671e-09 1.019082106 1.428029941e-09)
9.945             (4.439946207e-11 1.16838578 3.762642387e-11) (6.454328746e-09 1.019888007 1.616277662e-09)
9.95              (7.489977075e-12 1.169593504 8.337477971e-12) (6.108239952e-09 1.020660907 8.998081017e-10)
9.955             (5.957534831e-12 1.170763336 5.294940212e-12) (9.729805887e-09 1.021467736 4.672546228e-09)
9.96              (5.934057794e-12 1.171894571 7.335632357e-12) (6.344085853e-09 1.022241564 1.378310846e-09)
9.965             (3.250266041e-11 1.172986585 4.058649708e-11) (6.495688337e-09 1.02304919 1.455807862e-09)
9.97              (8.608815506e-12 1.17403884 6.086698881e-12) (6.147022046e-09 1.023823808 1.035926357e-09)
9.975             (-2.089837626e-11 1.175050892 -3.345151617e-11) (8.868206784e-09 1.02463205 3.914068958e-09)
9.98              (6.807529907e-12 1.176022393 6.477894469e-12) (6.345213891e-09 1.025407274 1.427183644e-09)
9.985             (-1.204189227e-11 1.176953096 5.666667407e-11) (6.640872992e-09 1.026215977 2.330203597e-09)
9.99              (2.641355664e-11 1.177842856 -9.644999084e-12) (6.482394834e-09 1.026991681 1.003335855e-09)
9.995             (4.695876534e-11 1.178691639 -1.058099022e-10) (8.9697303e-09 1.027800713 3.968969605e-09)
10                (1.954226417e-11 1.179499515 2.652784161e-12) (6.586075649e-09 1.028576778 1.760249627e-09)
10.005            (1.32726184e-11 1.180266665 3.444020092e-11) (7.521267514e-09 1.029386032 9.084369879e-10)
10.01             (7.056811064e-12 1.180993378 1.405768131e-11) (6.781237135e-09 1.030162354 1.307859446e-09)
10.015            (4.858549909e-12 1.181680052 -6.13187432e-12) (9.700969997e-09 1.030971724 4.183222504e-09)
10.02             (3.361792846e-12 1.182327191 9.448481973e-12) (6.581683531e-09 1.031748213 1.379502072e-09)
10.025            (5.628728734e-11 1.182935401 -1.099738325e-11) (7.044014101e-09 1.032557636 1.474549323e-09)
10.03             (2.829074947e-11 1.18350539 -1.086749818e-11) (6.673123617e-09 1.033334245 9.240844284e-10)
10.035            (-1.158575782e-11 1.184037961 3.513153203e-12) (7.642535026e-09 1.034143664 2.659194315e-09)
10.04             (9.843132023e-12 1.184534008 5.620021269e-12) (6.5930878e-09 1.034920315 1.652494633e-09)
10.045            (-3.269354944e-11 1.184994509 9.492619629e-13) (7.521045952e-09 1.035729679 2.426377369e-09)
10.05             (2.584869694e-12 1.18542052 8.802872297e-12) (6.746988745e-09 1.036506373 1.158940536e-09)
10.055            (-4.590714857e-12 1.185813171 -1.100271012e-11) (8.475210904e-09 1.037315688 3.194857543e-09)
10.06             (7.512039937e-12 1.186173654 1.719010717e-12) (6.46878911e-09 1.038092403 1.397815032e-09)
10.065            (5.098659342e-11 1.186503218 -8.547727215e-11) (9.409632242e-09 1.038901636 3.99852801e-09)
10.07             (6.887424862e-12 1.18680316 3.250911094e-12) (6.430287319e-09 1.03967837 1.047945295e-09)
10.075            (1.448556691e-11 1.187074821 -1.209480275e-10) (1.780140165e-08 1.040487542 1.226032016e-08)
10.08             (3.074979907e-12 1.187319571 5.441391455e-12) (6.310005892e-09 1.041264218 1.013953061e-09)
10.085            (-5.181739786e-11 1.187538804 4.39349891e-11) (8.182206845e-09 1.042073277 2.901756909e-09)
10.09             (6.79328114e-12 1.187733928 -1.09958392e-12) (6.201611343e-09 1.042850012 6.468683808e-10)
10.095            (-2.015087129e-11 1.187906361 6.026153867e-12) (8.883498808e-09 1.043659088 3.297121836e-09)
10.1              (9.568262421e-12 1.188057516 -6.323378724e-12) (5.563334892e-09 1.044435893 -2.799804832e-11)
10.105            (3.439715195e-12 1.188188799 -2.86163906e-11) (9.87289899e-09 1.045244883 4.625028089e-09)
10.11             (3.037537781e-12 1.188301601 -4.213134716e-12) (9.587574736e-09 1.046021628 3.850019977e-09)
10.115            (-9.793548654e-11 1.188397287 5.199729428e-11) (1.342249384e-08 1.046830577 6.491551122e-09)
10.12             (-3.312045359e-12 1.188477196 6.783626306e-12) (8.956849039e-09 1.047607405 4.030842898e-09)
10.125            (-1.968104012e-11 1.188542627 3.601497681e-12) (7.865751916e-09 1.048416391 3.771505471e-09)
10.13             (-5.367349335e-12 1.188594843 6.519247318e-12) (9.11307811e-09 1.049193345 3.800697654e-09)
10.135            (-1.312333623e-10 1.18863506 1.004309895e-10) (1.230469083e-08 1.050002289 5.686795553e-09)
10.14             (-1.57923902e-12 1.188664444 4.9084972e-12) (9.25857266e-09 1.050779134 4.003802571e-09)
10.145            (-1.440821836e-10 1.188684109 1.377850724e-10) (6.086521846e-09 1.051587898 5.995960985e-09)
10.15             (-5.448497486e-12 1.188695115 9.839151164e-12) (9.150250221e-09 1.052364691 3.900642753e-09)
10.155            (-1.749521366e-11 1.188698463 1.061673004e-11) (9.348857516e-09 1.053173338 3.82281155e-09)
10.16             (4.018785684e-10 1.188695098 -4.033444984e-10) (1.294021578e-09 1.053950055 -6.905019632e-09)
10.165            (5.008868082e-12 1.188685903 -1.495819164e-12) (1.085964294e-08 1.05475839 5.136269094e-09)
10.17             (-1.661374297e-11 1.188671701 1.939399771e-11) (9.209569338e-09 1.055534704 4.130218718e-09)
10.175            (1.207119617e-10 1.188653257 -1.234207109e-10) (8.329710683e-09 1.056342521 4.878001217e-09)
10.18             (1.351841564e-11 1.188631276 -8.962153263e-12) (9.19131261e-09 1.057118449 4.310902958e-09)
10.185            (-3.754976659e-10 1.188606405 3.713792724e-10) (1.010051063e-08 1.05792566 5.310377294e-09)
10.19             (-1.811730646e-11 1.188579237 2.051545257e-11) (9.358685744e-09 1.058700908 4.237871249e-09)
10.195            (1.057919903e-10 1.188550307 -1.095546973e-10) (9.088928783e-09 1.059507138 5.801612657e-09)
10.2              (-3.904667547e-12 1.188520101 4.721534291e-12) (9.364798799e-09 1.060281387 4.350752869e-09)
10.205            (-3.086990873e-10 1.188489053 3.036812159e-10) (1.002402704e-08 1.061086371 5.874501791e-09)
10.21             (-1.590098879e-11 1.188457551 1.598089254e-11) (9.47468666e-09 1.061859419 4.402113394e-09)
10.215            (1.434331514e-10 1.188425937 -1.454139086e-10) (9.243960839e-09 1.062662813 6.288185383e-09)
10.22             (2.497495679e-12 1.188394512 -2.620522131e-12) (9.479595535e-09 1.063434199 4.5764229e-09)
10.225            (-1.539840624e-10 1.188363539 1.434412513e-10) (1.07231957e-08 1.064235455 5.950208733e-09)
10.23             (-1.348163258e-11 1.188333243 1.248109217e-11) (9.571471754e-09 1.065004665 4.547974472e-09)
10.235            (4.870080268e-11 1.188303819 -5.757869954e-11) (1.068391662e-08 1.065803297 6.362928594e-09)
10.24             (3.325773972e-12 1.188275431 -3.322862659e-12) (9.216723475e-09 1.066569897 4.233593711e-09)
10.245            (-7.194690903e-11 1.188248215 6.612817905e-11) (1.08214175e-08 1.067365331 6.280042315e-09)
10.25             (-1.070916835e-11 1.188222284 1.0382145e-11) (9.300147909e-09 1.068128677 4.290078208e-09)
10.255            (-3.62803287e-11 1.188197728 3.691897572e-11) (9.689027756e-09 1.068920176 4.12844568e-09)
10.26             (-3.168055453e-11 1.188174617 3.116394895e-11) (9.307667786e-09 1.069679553 4.526626667e-09)
10.265            (1.076309658e-10 1.188153007 -1.049820709e-10) (7.684284178e-09 1.070466321 2.538463361e-09)
10.27             (3.016353957e-11 1.188132935 -3.081746645e-11) (9.168847067e-09 1.071220972 4.334251902e-09)
10.275            (-1.154555341e-10 1.188114428 1.147356943e-10) (1.002403888e-08 1.072002208 4.460569882e-09)
10.28             (-7.45634147e-12 1.1880975 7.431154814e-12) (9.760485685e-09 1.072751294 4.664353688e-09)
10.285            (-4.999611771e-11 1.188082158 4.998568094e-11) (9.452644993e-09 1.073525951 4.596242444e-09)
10.29             (-4.010489381e-12 1.188068399 3.476103598e-12) (9.287061784e-09 1.074268464 4.200551945e-09)
10.295            (1.715156958e-13 1.188056212 5.510834074e-13) (9.53651678e-09 1.075035512 4.146645319e-09)
10.3              (-2.91082128e-11 1.188045581 2.892111001e-11) (9.341375274e-09 1.075770439 4.318898493e-09)
10.305            (-1.087382278e-10 1.188036486 1.08791003e-10) (9.636403771e-09 1.076528687 4.119548826e-09)
10.31             (2.115865628e-11 1.188028902 -2.081421785e-11) (9.780201489e-09 1.077254842 4.426333302e-09)
10.315            (2.770455122e-11 1.188022799 -2.754738496e-11) (9.813785987e-09 1.078002985 4.098240183e-09)
10.32             (5.788072385e-11 1.188018147 -5.759863971e-11) (9.723476587e-09 1.078719105 4.478353332e-09)
10.325            (1.098309697e-10 1.188014912 -1.099119599e-10) (1.028299571e-08 1.079455768 4.544814301e-09)
10.33             (-2.573719523e-11 1.188013058 2.617921969e-11) (9.784590682e-09 1.080160509 4.33608381e-09)
10.335            (-1.419029457e-10 1.188012548 1.42752146e-10) (1.008700213e-08 1.080884196 4.326753503e-09)
10.34             (3.02169592e-11 1.188013346 -2.964758646e-11) (9.565106384e-09 1.081576092 4.144998987e-09)
10.345            (-1.519422245e-11 1.188015412 1.589408289e-11) (9.493769988e-09 1.08228519 4.666576075e-09)
10.35             (-1.47602994e-11 1.188018707 1.529697405e-11) (9.750538874e-09 1.082962675 4.282792493e-09)
10.355            (1.873588431e-10 1.18802319 -1.873297341e-10) (9.472559633e-09 1.083655468 4.758292068e-09)
10.36             (3.397798231e-12 1.188028821 -2.872796782e-12) (9.501145862e-09 1.084316876 4.591805316e-09)
10.365            (-1.554120598e-11 1.188035557 1.512363899e-11) (9.430170043e-09 1.084991569 4.30006198e-09)
10.37             (-3.632662709e-11 1.188043356 3.568766712e-11) (9.218215579e-09 1.085635179 4.444624916e-09)
10.375            (-7.391850875e-11 1.188052172 7.317108404e-11) (9.313503473e-09 1.086289898 3.645970445e-09)
10.38             (-8.48565893e-13 1.188061958 3.467408013e-13) (9.715156927e-09 1.086913905 4.505319365e-09)
10.385            (3.095542164e-11 1.188072666 -3.042137553e-11) (9.459596784e-09 1.087546705 4.244626022e-09)
10.39             (1.723788623e-12 1.188084244 -9.92766935e-13) (9.572344515e-09 1.088149228 4.37153487e-09)
10.395            (-3.676060695e-11 1.188096639 3.735488738e-11) (9.788574592e-09 1.088758085 4.425158306e-09)
10.4              (-1.000935901e-11 1.188109795 1.053105208e-11) (9.727080112e-09 1.089337206 4.375124728e-09)
10.405            (4.915234238e-11 1.188123654 -4.84482262e-11) (9.555122899e-09 1.089920103 4.31426953e-09)
10.41             (1.054232023e-11 1.188138155 -9.811085542e-12) (9.61129116e-09 1.09047391 4.392080784e-09)
10.415            (-2.475211035e-11 1.188153236 2.549513383e-11) (9.661163827e-09 1.091028813 4.450198628e-09)
10.42             (-2.800899021e-11 1.188168832 2.891152992e-11) (9.341511917e-09 1.091555374 4.135201775e-09)
10.425            (6.874219417e-12 1.188184877 -5.87009541e-12) (9.443077814e-09 1.092080267 4.242280322e-09)
10.43             (2.169717143e-11 1.188201304 -2.063273547e-11) (9.446849436e-09 1.092577699 4.211398484e-09)
10.435            (-5.493765179e-11 1.188218044 5.579118129e-11) (9.693414558e-09 1.093070636 4.488575082e-09)
10.44             (-1.453794235e-11 1.188235028 1.537764412e-11) (9.794912507e-09 1.093537125 4.365643204e-09)
10.445            (-3.134455582e-11 1.188252186 3.227435094e-11) (9.71598193e-09 1.093996239 4.392278341e-09)
10.45             (-6.791457398e-12 1.188269448 7.690915824e-12) (9.604559359e-09 1.09443005 4.386955562e-09)
10.455            (2.250126527e-12 1.188286744 -1.36334173e-12) (1.009998746e-08 1.094853584 4.883310647e-09)
10.46             (3.771114001e-13 1.188304003 5.241718303e-13) (9.698734297e-09 1.095253109 4.45842303e-09)
10.465            (-1.616917345e-11 1.188321156 1.719316657e-11) (9.763781454e-09 1.095639479 4.379374459e-09)
10.47             (-8.470376105e-13 1.188338132 1.823457599e-12) (9.761495089e-09 1.096003297 4.484242759e-09)
10.475            (5.332141136e-13 1.188354863 3.862743949e-13) (9.665493505e-09 1.096351133 4.489811333e-09)
10.48             (-1.170722076e-12 1.188371282 2.238562182e-12) (1.006099973e-08 1.096678036 4.09227466e-09)
10.485            (-2.29124988e-12 1.188387321 3.429187155e-12) (9.700127019e-09 1.096986182 4.420556741e-09)
10.49             (-5.193715463e-12 1.188402916 6.110811067e-12) (9.61388068e-09 1.097275133 4.283544414e-09)
10.495            (8.17268647e-12 1.188418002 -7.282414689e-12) (9.551033019e-09 1.097542647 4.335776546e-09)
10.5              (2.529885131e-12 1.188432517 -1.619921141e-12) (9.741543618e-09 1.097792864 4.446762729e-09)
10.505            (-1.590667434e-11 1.188446402 1.683986822e-11) (9.489056052e-09 1.098019109 4.584216522e-09)
10.51             (-4.088559388e-11 1.188459598 4.196485634e-11) (9.944238267e-09 1.098230092 4.226151922e-09)
10.515            (7.312466068e-11 1.188472049 -7.197452323e-11) (1.00306504e-08 1.0984147 4.131394121e-09)
10.52             (1.896465421e-12 1.188483704 -8.848757314e-13) (9.80333841e-09 1.098586184 4.384665498e-09)
10.525            (1.24420442e-11 1.18849451 -1.130787e-11) (9.615926897e-09 1.09872907 4.631998432e-09)
10.53             (2.075046209e-13 1.188504421 -2.407313864e-12) (9.162348919e-09 1.0988611 3.857158408e-09)
10.535            (-3.220147231e-11 1.188513392 3.366202996e-11) (9.856082342e-09 1.098962507 5.335469625e-09)
10.54             (4.372725598e-12 1.188521379 -2.139913542e-12) (1.071010914e-08 1.099055404 5.765661387e-09)
10.545            (-1.66372732e-11 1.188528345 1.773987127e-11) (1.015201051e-08 1.099115842 4.532029044e-09)
10.55             (-3.659031874e-12 1.188534251 5.617106574e-12) (1.220917102e-08 1.099170191 7.180951799e-09)
10.555            (4.520147491e-12 1.188539063 -3.455415875e-12) (9.881455701e-09 1.099190478 4.605166724e-09)
10.56             (6.447076233e-12 1.188542749 -5.595383534e-12) (9.700038895e-09 1.099207137 4.538077563e-09)
10.565            (7.025790616e-12 1.18854528 -5.585725464e-12) (9.804989363e-09 1.099188343 4.619716003e-09)
10.57             (1.556407672e-11 1.188546628 -1.44276742e-11) (9.48647911e-09 1.099168412 4.597617909e-09)
10.575            (-1.17867026e-10 1.188546767 1.192658877e-10) (8.535256515e-09 1.099111863 5.753725591e-09)
10.58             (-1.55618132e-11 1.188545675 1.655321685e-11) (9.777398857e-09 1.099056682 4.271668065e-09)
10.585            (7.253905338e-12 1.188543327 -5.767136458e-12) (1.002977242e-08 1.098963931 4.851421504e-09)
10.59             (-5.442849961e-11 1.188539704 5.554953418e-11) (9.906600796e-09 1.098875012 4.164497469e-09)
10.595            (1.759485519e-11 1.188534785 -1.697975473e-11) (9.52023471e-09 1.098747776 3.966859404e-09)
10.6              (-8.2393252e-14 1.18852855 1.364798756e-12) (9.712399764e-09 1.098626799 4.832588624e-09)
10.605            (9.941749234e-12 1.188520979 -9.160761539e-12) (9.218468419e-09 1.098466958 4.178870227e-09)
10.61             (-3.451125802e-12 1.188512051 4.308182676e-12) (9.649371697e-09 1.098315736 4.521050955e-09)
10.615            (6.714797732e-12 1.188501744 -5.649098527e-12) (9.60178722e-09 1.098125263 4.441240004e-09)
10.62             (9.681216137e-11 1.188490033 -9.587590174e-11) (9.954930767e-09 1.097945661 5.317145349e-09)
10.625            (-6.022047032e-11 1.188476893 6.104086393e-11) (9.427554818e-09 1.097726578 4.36943457e-09)
10.63             (7.58884932e-11 1.188462294 -7.468164684e-11) (1.026570661e-08 1.097520532 3.871531313e-09)
10.635            (-3.40355742e-11 1.188446201 3.49285224e-11) (9.990061974e-09 1.097274915 3.96646694e-09)
10.64             (-5.013566283e-11 1.188428578 5.178593752e-11) (9.301322156e-09 1.097044375 4.505839143e-09)
10.645            (-2.277436047e-11 1.188409381 2.377865132e-11) (9.444959965e-09 1.096774285 4.226354066e-09)
10.65             (-4.037121894e-11 1.188388562 3.917334457e-11) (8.88390413e-09 1.096521181 4.056672299e-09)
10.655            (3.518951568e-11 1.188366067 -3.382466653e-11) (9.705333281e-09 1.096228638 4.702072702e-09)
10.66             (1.023944679e-11 1.188341835 -8.904030581e-12) (9.857982473e-09 1.095954849 4.584299942e-09)
10.665            (2.729256189e-11 1.188315798 -2.524189492e-11) (9.97361675e-09 1.095641815 4.614270434e-09)
10.67             (-4.619064376e-12 1.188287881 4.584106423e-12) (9.654300265e-09 1.095349177 4.250233917e-09)
10.675            (-6.932300632e-11 1.188257999 6.962236512e-11) (9.245936303e-09 1.095017531 4.203515272e-09)
10.68             (-2.065983032e-10 1.18822606 2.072500927e-10) (1.037263612e-08 1.094707758 4.966151372e-09)
10.685            (7.567413679e-12 1.188191963 -6.925813165e-12) (9.820860096e-09 1.094359259 4.327897089e-09)
10.69             (8.197712438e-12 1.188155596 -4.962152491e-12) (9.88430666e-09 1.094033984 4.42008719e-09)
10.695            (-2.895570429e-11 1.18811684 2.91735364e-11) (9.014881315e-09 1.093670302 4.370690311e-09)
10.7              (4.720278853e-11 1.188075562 -4.51732143e-11) (1.026487616e-08 1.093331068 4.178553094e-09)
10.705            (-5.26719166e-11 1.18803162 5.366762202e-11) (9.692388561e-09 1.092953738 4.137286441e-09)
10.71             (-1.92890883e-11 1.187984863 1.959287046e-11) (9.848688139e-09 1.09260193 4.372223141e-09)
10.715            (8.645735424e-11 1.187935127 -8.654030527e-11) (9.901939717e-09 1.092212356 3.953241553e-09)
10.72             (1.647580887e-10 1.187882238 -1.644868775e-10) (9.785290729e-09 1.091849279 4.807799494e-09)
10.725            (2.393893854e-12 1.187826007 -2.422304391e-12) (9.612676111e-09 1.091448755 4.073810153e-09)
10.73             (-8.348849461e-11 1.187766239 8.025651886e-11) (9.627096441e-09 1.091075588 5.22560418e-09)
10.735            (-3.358043228e-11 1.187702723 3.44099575e-11) (8.873229173e-09 1.090665304 4.20488579e-09)
10.74             (1.13363114e-10 1.187635238 -1.135582743e-10) (9.697464193e-09 1.090283129 4.775630694e-09)
10.745            (-3.427266031e-11 1.18756355 3.466311446e-11) (9.893775008e-09 1.089864132 4.919846237e-09)
10.75             (-4.495475144e-11 1.187487416 4.697279131e-11) (9.407042938e-09 1.089473911 4.404224502e-09)
10.755            (-5.96982944e-11 1.187406576 5.896909822e-11) (9.846266234e-09 1.089047174 4.558152736e-09)
10.76             (-2.649111757e-11 1.187320764 2.766401281e-11) (9.418449011e-09 1.088649801 4.426211141e-09)
10.765            (-2.517579428e-11 1.187229699 2.258291806e-11) (9.263026748e-09 1.088216178 3.70200182e-09)
10.77             (-1.507698417e-11 1.187133089 3.437175992e-11) (1.002666714e-08 1.087812425 5.74366209e-09)
10.775            (1.280053289e-11 1.187030629 -1.188707029e-11) (9.94665052e-09 1.087372697 4.621134202e-09)
10.78             (2.634283608e-11 1.186922005 -2.754156877e-11) (9.829425744e-09 1.086963298 4.846960853e-09)
10.785            (5.401609043e-12 1.18680689 -7.427019637e-12) (9.416281316e-09 1.086518178 3.929959532e-09)
10.79             (2.940258568e-11 1.186684946 -3.226061588e-11) (8.797664584e-09 1.086103784 3.646616798e-09)
10.795            (3.563283132e-11 1.186555823 -4.566394712e-11) (8.86828079e-09 1.085653914 4.062789714e-09)
10.8              (-2.088377501e-11 1.186419161 3.36503617e-11) (1.027578435e-08 1.085235136 4.292391964e-09)
10.805            (1.623365857e-12 1.186274587 6.66763618e-12) (8.106396026e-09 1.084781125 2.591206418e-09)
10.81             (1.467333156e-12 1.186121717 -2.066024974e-12) (9.711098283e-09 1.084358509 4.173682472e-09)
10.815            (-2.194285805e-11 1.185960158 2.197024991e-11) (1.038677742e-08 1.083900889 4.893061911e-09)
10.82             (-5.543027934e-11 1.185789504 5.343690547e-11) (9.318128811e-09 1.083474951 4.378184995e-09)
10.825            (-6.617005461e-12 1.185609338 1.138770736e-11) (1.18987538e-08 1.083014237 6.376924339e-09)
10.83             (1.267954504e-11 1.185419232 -2.266034359e-11) (9.95147177e-09 1.082585454 4.332839083e-09)
10.835            (1.01289916e-10 1.185218749 -1.11024385e-10) (9.514394601e-09 1.082122109 4.392878727e-09)
10.84             (6.478921363e-12 1.185007439 -5.05113417e-12) (9.796191149e-09 1.081690925 4.367331328e-09)
10.845            (-1.943139687e-11 1.184784842 2.266766489e-11) (9.755568587e-09 1.081225409 4.412055709e-09)
10.85             (3.168725788e-12 1.184550487 -2.598252133e-12) (9.754195088e-09 1.080792244 4.338631533e-09)
10.855            (2.265796314e-11 1.184303892 -2.442604217e-11) (1.075021662e-08 1.080324952 4.983658769e-09)
10.86             (9.288107705e-11 1.184044565 -5.925169041e-11) (9.701195887e-09 1.079890212 3.053054646e-09)
10.865            (-1.49593921e-12 1.183772005 1.774112547e-11) (7.426835472e-09 1.079421574 1.801841184e-09)
10.87             (-1.828594046e-11 1.183485697 2.690915988e-11) (1.083996867e-08 1.078985662 5.580310079e-09)
10.875            (1.002139536e-10 1.183185119 -1.212856863e-10) (9.974143331e-09 1.078516048 3.07881714e-09)
10.88             (-7.331415395e-11 1.182869738 6.968680814e-11) (9.609685886e-09 1.078079299 4.124264844e-09)
10.885            (-1.686249434e-10 1.182539012 1.127597984e-10) (1.243530072e-08 1.077609072 4.880202582e-09)
10.89             (3.524363837e-12 1.182192391 -8.180751079e-13) (9.749911037e-09 1.077171865 4.620369989e-09)
10.895            (1.595266175e-11 1.181829314 -6.62563861e-12) (1.000317081e-08 1.076701388 4.905568439e-09)
10.9              (3.201430726e-11 1.181449214 -4.068020953e-11) (9.07191099e-09 1.076264044 4.762562193e-09)
10.905            (6.709255188e-11 1.181051518 -1.388168622e-10) (1.058429962e-08 1.075793572 6.825615788e-09)
10.91             (-5.387118669e-11 1.180635645 4.813607072e-11) (9.922856968e-09 1.075356204 4.177112671e-09)
10.915            (1.262143597e-12 1.180201009 2.877807063e-11) (8.805376903e-09 1.074885679 3.370109822e-09)
10.92             (-6.391784041e-11 1.179747021 6.15154783e-11) (1.009266034e-08 1.074448078 4.107521995e-09)
10.925            (-6.457686474e-11 1.179273088 2.537214961e-11) (9.18353755e-09 1.073977296 3.398901546e-09)
10.93             (-4.294577826e-11 1.178778617 3.984035602e-11) (1.009424873e-08 1.073539315 4.027939941e-09)
10.935            (-1.87496473e-10 1.178263014 9.553059288e-11) (1.222972018e-08 1.073068104 5.978737638e-09)
10.94             (6.183623236e-11 1.177725686 -7.591942128e-11) (8.687025389e-09 1.07262951 3.293507936e-09)
10.945            (6.84360714e-11 1.177166047 -7.106370106e-11) (9.057733002e-09 1.07215758 3.902053951e-09)
10.95             (-4.227015644e-11 1.176583513 4.960060682e-11) (1.035523086e-08 1.071718076 5.122965431e-09)
10.955            (4.571087827e-11 1.175977509 -3.878545042e-11) (7.707365754e-09 1.071245182 2.231453241e-09)
10.96             (2.520058908e-10 1.17534747 -2.053978791e-10) (5.324627509e-09 1.070804553 4.706363981e-10)
10.965            (-7.806972796e-12 1.174692843 2.173910968e-11) (8.378569588e-09 1.070330469 2.92770483e-09)
10.97             (7.952519563e-11 1.174013089 -1.020609299e-10) (8.458361473e-09 1.069888473 3.220490999e-09)
10.975            (1.338699971e-10 1.173307688 -1.912964329e-10) (1.224815066e-08 1.069412935 5.990486687e-09)
10.98             (3.399629963e-10 1.172576137 -3.256550868e-10) (1.044341164e-08 1.068969299 3.065627865e-09)
10.985            (-3.722066428e-11 1.171817956 4.597883599e-11) (9.117467065e-09 1.068492084 3.772306307e-09)
10.99             (1.77113484e-12 1.171032691 -2.507161186e-11) (8.82200192e-09 1.068046535 3.50198597e-09)
10.995            (-6.045781248e-11 1.170219912 4.366390856e-11) (1.034666993e-08 1.067567243 4.100586269e-09)
11                (7.646674072e-11 1.169379223 -7.073962081e-11) (1.016280339e-08 1.0671195 3.825314547e-09)
11.005            (-6.994390299e-13 1.168510256 -1.985365186e-11) (9.762394171e-09 1.066637966 3.529434347e-09)
11.01             (8.93384566e-11 1.16761268 -9.308708158e-11) (9.964561663e-09 1.066187787 4.187222723e-09)
11.015            (-8.326107041e-12 1.166686199 4.496929756e-13) (8.667720414e-09 1.065703677 3.050506838e-09)
11.02             (3.505659221e-11 1.165730557 5.136232343e-14) (4.947478319e-09 1.065250766 -2.217102094e-09)
11.025            (-6.985643965e-11 1.164745538 6.020677861e-11) (8.178608614e-09 1.064763838 2.65936577e-09)
11.03             (-1.20619987e-10 1.163730969 1.268913739e-10) (1.041652599e-08 1.064307963 4.532043704e-09)
11.035            (2.22133421e-10 1.162686721 -2.296169887e-10) (9.048229326e-09 1.063817945 4.737510438e-09)
11.04             (2.97309943e-10 1.161612709 -2.620040866e-10) (1.020583394e-08 1.063358828 -4.511998176e-09)
11.045            (-2.129110986e-11 1.160508898 1.971765454e-11) (8.287021996e-09 1.062865464 3.525190113e-09)
11.05             (-1.127669899e-12 1.159375296 -5.103243438e-11) (7.814177679e-09 1.062402859 3.215081452e-09)
11.055            (-5.459588294e-11 1.158211961 3.045003151e-11) (8.951161316e-09 1.061905894 1.752507808e-09)
11.06             (8.18895729e-11 1.157019001 -9.854733558e-11) (9.16606077e-09 1.06143957 4.374548825e-09)
11.065            (-3.079942134e-11 1.155796569 1.453065728e-12) (7.985052262e-09 1.060938773 3.858922545e-09)
11.07             (2.595161525e-11 1.154544868 -5.38369167e-12) (5.745822046e-09 1.060468496 -2.194140648e-09)
11.075            (-4.049684079e-11 1.153264146 2.641877394e-11) (7.594015118e-09 1.059963619 3.427096508e-09)
11.08             (1.303841419e-11 1.151954699 -3.937185475e-11) (9.419480079e-09 1.059489144 4.185423781e-09)
11.085            (7.548841357e-12 1.150616868 -2.445805723e-11) (8.339787631e-09 1.058979972 2.596087118e-09)
11.09             (2.71308987e-10 1.149251038 -2.541932304e-10) (5.143245638e-09 1.058501141 -3.334567802e-09)
11.095            (-9.332218815e-11 1.147857635 8.095403252e-11) (7.84807519e-09 1.057987509 3.14220561e-09)
11.1              (4.122252109e-11 1.146437124 -4.354534724e-11) (1.098915565e-08 1.057504103 3.29127136e-09)
11.105            (-5.636909232e-11 1.144990011 4.844832065e-11) (8.674058394e-09 1.056985775 3.682792758e-09)
11.11             (4.476160749e-10 1.143516834 -4.33814403e-10) (1.200637841e-08 1.056497627 -5.086432713e-09)
11.115            (2.261756842e-11 1.142018165 -3.873810098e-11) (8.075008102e-09 1.055974488 2.506913829e-09)
11.12             (1.357483723e-10 1.140494606 -2.106086745e-10) (1.688355912e-08 1.055481465 8.93767476e-09)
11.125            (-9.984801276e-11 1.138946786 7.780376812e-11) (8.425775722e-09 1.054953342 2.558923452e-09)
11.13             (-5.265716807e-10 1.137375357 5.419286496e-10) (6.115077054e-09 1.054455283 -2.102165953e-09)
11.135            (-2.631216588e-11 1.135780994 1.013319434e-11) (7.731469248e-09 1.053922049 2.496680406e-09)
11.14             (-1.720626579e-10 1.134164388 9.924519884e-11) (1.566964331e-08 1.053418837 9.207599952e-09)
11.145            (-2.120704935e-11 1.132526246 -1.800474027e-13) (7.85213303e-09 1.052880376 2.605543647e-09)
11.15             (-2.16475648e-10 1.130867285 2.32705059e-10) (5.391909252e-09 1.052371934 -3.587182737e-09)
11.155            (-1.231186848e-10 1.129188232 1.050268898e-10) (8.097811962e-09 1.051828175 2.018854183e-09)
11.16             (-1.022653695e-09 1.12748982 1.041253378e-09) (1.016199881e-08 1.051314384 -7.236767838e-09)
11.165            (-1.859248076e-11 1.125772784 5.740777338e-12) (7.731504349e-09 1.05076522 2.252488509e-09)
11.17             (-6.18239415e-11 1.124037859 7.274045256e-11) (1.467882422e-08 1.050246044 9.273374577e-11)
11.175            (-6.312047148e-11 1.122285777 5.798519123e-11) (8.282118116e-09 1.049691483 2.761189911e-09)
11.18             (-3.716276336e-10 1.120517267 3.822536272e-10) (1.49114571e-08 1.049166914 3.72897999e-10)
11.185            (4.354138951e-12 1.118733047 -9.805757529e-12) (8.242896906e-09 1.048606898 3.542709168e-09)
11.19             (-2.353485393e-11 1.116933828 3.674895177e-11) (1.377625157e-08 1.048076851 1.515656734e-09)
11.195            (-3.265712562e-11 1.115120309 2.896404788e-11) (8.611544205e-09 1.047511354 3.370524294e-09)
11.2              (-1.099354808e-10 1.113293176 1.215600373e-10) (1.342615538e-08 1.046975875 2.384533016e-09)
11.205            (1.734049653e-11 1.1114531 -2.182880782e-11) (8.09204872e-09 1.046404956 3.994098753e-09)
11.21             (5.341403682e-11 1.109600734 -4.014688648e-11) (1.238529795e-08 1.045864068 3.408357508e-09)
11.215            (-8.119465454e-12 1.107736715 5.371321897e-12) (8.423893911e-09 1.045287737 3.64581279e-09)
11.22             (7.982053369e-12 1.105861663 4.164049407e-12) (1.237411843e-08 1.044741455 3.68583603e-09)
11.225            (1.457348971e-12 1.103976175 -3.408745532e-12) (8.175567596e-09 1.044159783 3.9587776e-09)
11.23             (3.653678705e-11 1.102080833 -2.275170737e-11) (1.170194245e-08 1.043608214 4.437523147e-09)
11.235            (4.335518373e-12 1.100176193 -5.990883278e-12) (8.173047256e-09 1.043021317 3.899821217e-09)
11.24             (5.073561753e-11 1.098262796 -3.869669748e-11) (1.181326178e-08 1.042464558 4.488523501e-09)
11.245            (-2.665675977e-13 1.096341158 -2.614674941e-12) (8.072482938e-09 1.041872543 4.021002305e-09)
11.25             (5.51166967e-12 1.094411777 5.831615403e-12) (1.138708393e-08 1.041310707 5.066894658e-09)
11.255            (5.476379055e-12 1.09247513 -7.684245682e-12) (8.059963996e-09 1.040713729 4.048609916e-09)
11.26             (6.802627906e-11 1.090531673 -5.635997083e-11) (1.163619576e-08 1.040146988 5.106111302e-09)
11.265            (-2.836629497e-12 1.088581843 -1.234779148e-13) (8.017691477e-09 1.039545244 4.151181216e-09)
11.27             (-3.179978626e-11 1.086626057 4.326589914e-11) (1.140388485e-08 1.038973788 5.702015365e-09)
11.275            (3.513687759e-12 1.084664715 -6.357436224e-12) (8.072897428e-09 1.038367497 4.230135414e-09)
11.28             (8.208437684e-11 1.082698196 -6.964178616e-11) (1.190992505e-08 1.03779155 5.910316718e-09)
11.285            (-3.59811112e-12 1.080726865 4.126582541e-13) (8.128153818e-09 1.03718098 4.40416299e-09)
11.29             (-1.097845381e-10 1.078751067 1.145410321e-10) (1.174882465e-08 1.036600817 4.901943585e-09)
11.295            (-4.996959214e-14 1.076771134 -2.56922082e-12) (8.502479007e-09 1.035986278 4.857608123e-09)
11.3              (2.032743279e-11 1.074787381 -3.695174675e-11) (8.884484623e-09 1.035402208 5.221365793e-09)
11.305            (5.389682695e-11 1.072800108 -6.956181729e-11) (3.038455967e-09 1.034784051 -4.991300757e-10)
11.31             (4.6905445e-10 1.070809604 -4.463234011e-10) (2.005819042e-08 1.034196417 -8.21488289e-10)
11.315            (3.192997696e-11 1.068816141 -3.968663603e-11) (1.304436455e-09 1.033575001 -2.526913402e-09)
11.32             (-7.997386754e-10 1.066819984 7.925953548e-10) (4.063993987e-09 1.032984154 6.666991902e-09)
11.325            (6.395635262e-10 1.064821381 -6.525456416e-10) (5.690218335e-09 1.032359928 -8.287318727e-10)
11.33             (5.944471144e-11 1.062820573 -6.824203809e-11) (5.738896719e-09 1.03176634 1.22999268e-08)
11.335            (-3.393098536e-11 1.060817789 2.426473363e-11) (4.175952119e-09 1.03113977 6.346041739e-10)
11.34             (-5.2586318e-11 1.05881325 3.777926497e-11) (9.804356817e-09 1.030543874 4.020619609e-09)
11.345            (3.036099722e-11 1.056807168 -4.216759051e-11) (3.018674938e-09 1.029915465 -2.186348733e-09)
11.35             (8.477637051e-12 1.054799747 -1.512634496e-11) (7.259693031e-09 1.029317719 3.215105906e-09)
11.355            (9.5268418e-11 1.052791182 -1.029479847e-10) (9.894048339e-09 1.028687953 7.894675356e-09)
11.36             (1.017494072e-10 1.050781663 -1.081882985e-10) (9.168116877e-09 1.028088952 3.849782384e-09)
11.365            (-6.875319252e-11 1.048771374 6.074569765e-11) (7.640148457e-09 1.027458479 6.845093505e-09)
11.37             (1.065784874e-10 1.04676049 -1.119137976e-10) (1.554530816e-08 1.026858664 3.423391532e-09)
11.375            (-3.668990754e-12 1.044749183 -2.749915999e-12) (-7.787995544e-09 1.026227909 -1.221095654e-08)
11.38             (-1.345614853e-10 1.042737619 1.283393014e-10) (1.34978126e-08 1.025627835 8.303517158e-09)
11.385            (6.377550198e-12 1.040725957 -1.369439682e-11) (1.363017801e-09 1.024997476 -2.873113858e-09)
11.39             (2.868474431e-10 1.038714354 -2.938336902e-10) (1.439415394e-08 1.024397764 3.402687135e-09)
11.395            (-3.091477012e-12 1.036702956 -3.780142328e-12) (3.879194592e-09 1.023768348 8.961485112e-10)
11.4              (-2.068901296e-10 1.034691909 1.994082507e-10) (1.158364477e-08 1.02316944 7.512972745e-09)
11.405            (-4.163485347e-14 1.032681349 -6.140159653e-12) (4.066215372e-09 1.022541451 6.351301263e-10)
11.41             (2.638256392e-10 1.030671406 -2.715632459e-10) (1.480924497e-08 1.021943894 5.902594202e-09)
11.415            (-2.864893945e-12 1.028662204 1.586405121e-12) (-1.84953825e-10 1.021317894 -3.519277902e-09)
11.42             (-2.040187353e-10 1.026653859 1.982552207e-10) (1.106585892e-08 1.020722176 6.022323249e-09)
11.425            (4.088795642e-12 1.024646481 4.828324168e-14) (-2.571742403e-09 1.020098581 -5.699772698e-09)
11.43             (2.588654857e-10 1.022640171 -2.61857457e-10) (1.058219118e-08 1.019505049 3.348664695e-09)
11.435            (-5.911411728e-11 1.020635023 6.362846496e-11) (-7.975492921e-09 1.018884236 -1.118343058e-08)
11.44             (-9.663723454e-11 1.018631121 8.952879695e-11) (1.213337493e-08 1.018293325 3.312600514e-09)
11.445            (-1.314713932e-11 1.016628542 1.597692911e-11) (7.609830414e-09 1.017675707 3.947484695e-09)
11.45             (1.643226349e-10 1.014627355 -1.683731581e-10) (1.539082736e-08 1.017087657 6.983661507e-09)
11.455            (1.633941208e-11 1.012627623 -2.200283792e-11) (7.794957394e-09 1.016473317 5.565932601e-09)
11.46             (-3.6327348e-11 1.010629399 3.754184831e-11) (5.508372367e-09 1.015888327 5.315129508e-09)
11.465            (-4.55799267e-11 1.00863273 3.577789799e-11) (5.755261868e-09 1.015277565 7.918960639e-09)
11.47             (2.394710011e-11 1.006637656 -3.004283957e-11) (6.157103097e-09 1.014695797 4.306710432e-09)
11.475            (-6.246732181e-12 1.00464421 -2.095367163e-12) (7.799631239e-09 1.014088525 5.879402762e-09)
11.48             (6.022446624e-12 1.002652419 -1.815009782e-11) (6.53573229e-09 1.013509863 4.02800817e-09)
11.485            (-4.151012642e-10 1.000662304 4.220559649e-10) (2.454588615e-09 1.012906043 6.241793033e-09)
11.49             (-4.983808088e-11 0.9986738801 2.860755005e-11) (5.876093576e-09 1.01233055 3.164016559e-09)
11.495            (2.183995526e-11 0.9966871552 -1.19060741e-10) (1.49438935e-08 1.011730029 8.354687256e-09)
11.5              (-2.516709018e-10 0.9947021334 1.633528223e-10) (-1.34425836e-08 1.011157352 -8.962717272e-09)
11.505            (4.210457425e-11 0.992718813 -1.273352566e-10) (4.052878908e-09 1.010559728 -6.79497513e-09)
11.51             (1.826438643e-13 0.9907371875 -6.054999218e-11) (5.410882035e-09 1.009989604 -2.758222004e-09)
11.515            (4.840178876e-11 0.9887572454 -7.922794782e-11) (4.542262604e-09 1.009394596 4.478122782e-10)
11.52             (-7.46584988e-11 0.9867789713 2.870763007e-11) (4.629069043e-11 1.008826719 -2.295014309e-09)
11.525            (-2.08474532e-10 0.9848023455 1.79957716e-10) (1.727385345e-08 1.008235078 1.719104941e-08)
11.53             (-5.646810877e-11 0.9828273449 1.963376983e-11) (7.383912604e-10 1.007672623 5.733246058e-10)
11.535            (-1.246149144e-10 0.9808539435 9.749685994e-11) (6.359112978e-09 1.007085945 3.65833292e-10)
11.54             (1.183240879e-11 0.9788821121 -3.206657635e-11) (5.412244801e-09 1.006525147 -1.042002236e-09)
11.545            (-2.321376566e-11 0.9769118196 -1.52531174e-11) (5.511811079e-09 1.005938445 -2.564340787e-10)
11.55             (-7.662895978e-11 0.9749430333 4.945486489e-11) (-1.216021794e-08 1.005378016 -9.8966178e-10)
11.555            (-6.883522237e-12 0.9729757187 -2.528410439e-11) (3.836437915e-09 1.004792607 -1.017373744e-09)
11.56             (-1.30040636e-11 0.9710098411 -1.741768654e-11) (9.882851141e-10 1.004233476 -2.769154765e-09)
11.565            (-8.489244425e-12 0.9690453653 -1.360118264e-11) (-6.332802468e-10 1.003647851 -2.381759699e-09)
11.57             (1.506637602e-10 0.9670822565 -1.457842062e-10) (7.436366045e-09 1.003087404 2.710099147e-09)
11.575            (-1.784495491e-10 0.9651204809 1.687284324e-10) (1.673386111e-08 1.002500104 1.808163908e-08)
11.58             (-4.278164458e-11 0.9631600059 2.811091309e-11) (9.550551049e-09 1.001938225 7.551613641e-09)
11.585            (1.180179176e-10 0.9612008014 -1.305089357e-10) (-3.501037063e-09 1.001349442 -5.140115268e-09)
11.59             (-1.999309709e-12 0.95924284 -8.631134071e-12) (8.212853591e-09 1.000786015 5.556817283e-09)
11.595            (-3.266190487e-11 0.9572860974 1.857050979e-11) (6.862114897e-09 1.000194703 1.859091889e-09)
11.6              (-7.193700963e-12 0.9553305538 1.759038628e-14) (8.015287671e-09 0.9996283891 4.758243101e-09)
11.605            (-1.858746447e-11 0.9533761937 6.566253391e-12) (6.774318834e-09 0.9990336504 3.093316373e-09)
11.61             (-4.546983785e-12 0.9514230071 -4.62728999e-13) (7.283106574e-09 0.9984639439 4.489093004e-09)
11.615            (-2.471341737e-12 0.94947099 -3.667109129e-12) (6.371765049e-09 0.9978652731 3.143429115e-09)
11.62             (-1.374086492e-11 0.9475201451 7.260783821e-12) (7.541841771e-09 0.9972916965 4.028015826e-09)
11.625            (-2.291561808e-12 0.9455704824 -3.492271388e-12) (6.314323933e-09 0.9966885277 3.155965727e-09)
11.63             (-1.024157724e-12 0.9436220199 -2.606755182e-12) (7.130460073e-09 0.9961105055 3.587731616e-09)
11.635            (-1.667597739e-11 0.9416747842 8.95416927e-12) (4.755233842e-09 0.995502194 1.602837922e-09)
11.64             (-2.547827004e-11 0.9397288113 2.204043795e-11) (6.684477903e-09 0.9949190703 4.347281549e-09)
11.645            (-1.082010932e-10 0.9377841467 9.902468295e-11) (4.917163846e-09 0.9943051368 2.234874955e-09)
11.65             (-1.892171442e-10 0.9358408469 1.822777509e-10) (7.683600169e-09 0.993716667 4.923444317e-09)
11.655            (-7.00780569e-12 0.9338989793 4.501594153e-12) (6.765150034e-09 0.9930968513 3.738857217e-09)
11.66             (1.178348841e-10 0.9319586233 -1.175271712e-10) (6.10473911e-09 0.9925026925 3.368808273e-09)
11.665            (5.778987541e-12 0.9300198705 -6.873677264e-12) (7.362492439e-09 0.9918765915 4.062467258e-09)
11.67             (-1.436133106e-10 0.9280828258 1.388885909e-10) (7.612059681e-09 0.991276375 5.24861434e-09)
11.675            (-5.820859121e-12 0.9261476076 3.913526192e-12) (6.874531853e-09 0.9906437669 3.975592865e-09)
11.68             (7.775188002e-11 0.9242143489 -7.707245112e-11) (6.939110062e-09 0.9900373813 3.815506272e-09)
11.685            (6.886475853e-12 0.9222831974 -5.40510787e-12) (8.452293049e-09 0.989398169 4.325358522e-09)
11.69             (-1.376445206e-10 0.9203543164 1.33428451e-10) (7.914916371e-09 0.9887855028 5.50274142e-09)
11.695            (-9.58202854e-12 0.9184278855 3.058024055e-12) (5.135577681e-09 0.9881395758 2.708762374e-09)
11.7              (4.124774995e-11 0.9165041006 -3.822163485e-11) (6.688690932e-09 0.9875205213 2.828095926e-09)
11.705            (-5.627374068e-14 0.9145831757 -3.130839133e-12) (6.77338498e-09 0.9868678522 4.015201354e-09)
11.71             (-1.302679017e-10 0.9126653422 1.168080462e-10) (8.883262869e-09 0.9862424348 6.878650384e-09)
11.715            (-1.165338628e-11 0.9107508503 5.007334474e-12) (6.324412624e-09 0.9855831043 2.710103056e-09)
11.72             (5.287819061e-12 0.9088399693 -4.692967329e-12) (7.308725486e-09 0.9849514119 3.98332683e-09)
11.725            (-4.365715163e-12 0.9069329882 3.151361513e-12) (7.024900097e-09 0.9842855212 3.812265504e-09)
11.73             (2.459587456e-11 0.9050302161 -2.858947153e-11) (8.277101395e-09 0.9836476295 4.465318829e-09)
11.735            (-2.651895098e-12 0.9031319831 7.516977301e-13) (6.54900432e-09 0.9829752984 3.599824879e-09)
11.74             (-3.690145854e-11 0.9012386404 2.741942205e-11) (5.955259864e-09 0.9823313387 3.264115114e-09)
11.745            (6.154553234e-14 0.8993505614 -8.630796261e-12) (5.371294492e-09 0.9816527544 2.845623565e-09)
11.75             (2.194697339e-11 0.8974681416 -3.223706434e-11) (6.316016934e-09 0.9810029329 2.366898286e-09)
11.755            (-7.857372917e-12 0.8955917993 -3.919070167e-12) (5.210398504e-09 0.9803183289 2.365190971e-09)
11.76             (-3.389484506e-11 0.8937219761 2.196041727e-11) (5.737147345e-09 0.9796628401 2.999357463e-09)
11.765            (8.727466113e-13 0.891859137 -5.867625112e-12) (6.144948356e-09 0.9789724372 3.183044717e-09)
11.77             (1.623215288e-11 0.8900037711 -2.857129692e-11) (6.255971216e-09 0.9783114938 2.706600812e-09)
11.775            (-9.692418587e-12 0.8881563914 -2.609012663e-12) (5.18350013e-09 0.9776155452 2.758645194e-09)
11.78             (-3.630401636e-11 0.8863175349 2.26692531e-11) (5.63790984e-09 0.9769494023 3.127055068e-09)
11.785            (-4.274573602e-12 0.8844877633 -9.488194452e-12) (5.219591573e-09 0.9762481664 2.422197434e-09)
11.79             (7.742750817e-13 0.8826676623 -7.745221119e-12) (6.806791685e-09 0.9755770398 3.923830003e-09)
11.795            (-1.936401879e-12 0.880857842 -1.122100289e-11) (5.342740644e-09 0.974870764 2.357192221e-09)
11.8              (4.847511674e-12 0.8790589359 -6.906076712e-12) (1.787581366e-08 0.9741948916 1.477682609e-08)
11.805            (2.440321548e-11 0.8772716013 7.051192373e-12) (6.912929741e-09 0.9734838121 4.296613336e-09)
11.81             (-1.230671638e-11 0.8754965182 -4.694296695e-11) (6.633157841e-08 0.9728034868 6.382298673e-08)
11.815            (-1.725522861e-12 0.8737343889 8.769740577e-12) (7.662960389e-09 0.9720880478 4.792279213e-09)
11.82             (-4.21424614e-11 0.8719859372 -4.600196067e-12) (4.384372745e-08 0.9714035192 4.018231935e-08)
11.825            (1.668411237e-11 0.8702519074 2.971032865e-11) (7.617553773e-09 0.9706837142 4.644791599e-09)
11.83             (4.014575352e-12 0.8685330632 -4.556741703e-11) (4.31696577e-08 0.9699951795 4.127122753e-08)
11.835            (3.085046913e-11 0.8668301862 1.845126659e-11) (6.523812576e-09 0.9692715311 3.82408661e-09)
11.84             (4.044040798e-12 0.8651440748 5.161315646e-12) (2.029914094e-09 0.9685792982 -7.310514608e-10)
11.845            (1.94984585e-11 0.8634755421 1.448690305e-11) (4.708226369e-09 0.9678519137 1.8165161e-09)
11.85             (1.480700618e-11 0.8618254142 2.308421921e-12) (4.070331537e-09 0.9671562015 9.1005016e-10)
11.855            (1.789063502e-11 0.860194528 2.797296295e-11) (3.887359798e-09 0.9664250794 1.023553855e-09)
11.86             (-7.334364411e-11 0.8585837293 7.723519407e-12) (4.932906231e-08 0.9657252236 4.801254511e-08)
11.865            (3.820455763e-11 0.8569938701 8.230025312e-12) (4.647081544e-09 0.9649896618 1.690911896e-09)
11.87             (-1.798955373e-11 0.8554258058 -2.413172976e-11) (2.814872946e-08 0.9642854232 2.518997919e-08)
11.875            (1.57692895e-11 0.853880393 3.134010294e-11) (4.439448064e-09 0.9635456765 1.304613446e-09)
11.88             (-2.48025522e-11 0.8523584859 -3.951976814e-11) (4.333000711e-08 0.9628375715 4.064471164e-08)
11.885            (3.148336398e-11 0.8508609338 1.901673334e-11) (3.403882037e-09 0.9620940359 1.353104919e-09)
11.89             (-2.57513418e-11 0.8493885773 -5.656878022e-12) (2.077718493e-08 0.9613821976 1.696007572e-08)
11.895            (2.346235113e-11 0.8479422456 2.655165449e-11) (2.608785456e-09 0.9606349641 2.2882381e-10)
11.9              (-2.345939325e-11 0.8465227524 4.569631969e-11) (-3.601620694e-10 0.9599195292 2.217584442e-09)
11.905            (5.742948065e-11 0.845130893 2.562946962e-12) (2.249268456e-09 0.9591689146 -1.856013753e-09)
11.91             (-1.080818826e-11 0.8437674399 -2.006930476e-11) (1.939101116e-08 0.9584503715 1.694015527e-08)
11.915            (-5.188556081e-12 0.84243314 5.726111583e-11) (1.371363959e-09 0.9576967254 -1.258253549e-09)
11.92             (2.631563175e-11 0.84112871 1.286164317e-12) (2.961733817e-09 0.9569750758 -1.26697482e-09)
11.925            (4.218943822e-11 0.8398548334 2.630426815e-11) (2.926931811e-10 0.9562184158 -1.15003989e-09)
11.93             (-2.573253962e-11 0.8386121564 4.222346821e-12) (1.711868714e-08 0.9554939869 1.388847323e-08)
11.935            (3.458822798e-11 0.8374012842 2.255433334e-11) (9.392935227e-10 0.9547347666 -1.911057997e-09)
11.94             (3.560689789e-11 0.8362227778 -9.000812878e-12) (-6.047397138e-10 0.9540077629 1.859913138e-09)
11.945            (3.867985265e-11 0.8350771503 3.208395462e-11) (1.312021409e-09 0.953246026 -3.027115706e-09)
11.95             (-1.98692196e-12 0.8339648638 -1.924892459e-11) (1.452244005e-08 0.9525166346 1.233126425e-08)
11.955            (6.515623633e-12 0.8328863264 5.395695074e-11) (5.549694632e-10 0.951752691 -2.326646231e-09)
11.96             (-2.415258039e-11 0.8318418894 4.257876224e-11) (2.494177334e-09 0.9510210606 -9.63335471e-10)
11.965            (1.074594263e-10 0.8308318449 1.010566396e-11) (-3.243960633e-10 0.95025498 -1.133262685e-09)
11.97             (-1.588515914e-11 0.8298564239 -2.993159332e-12) (1.247491105e-08 0.9495213328 9.6447659e-09)
11.975            (1.809549991e-11 0.8289157941 2.780471095e-11) (-9.581741338e-11 0.9487534235 -2.71983952e-09)
11.98             (3.555175947e-11 0.828010059 -1.72942955e-11) (-1.739576321e-09 0.9480178945 1.888838505e-09)
11.985            (5.830912502e-11 0.8271392567 5.19792765e-11) (1.599556785e-09 0.9472481918 -4.173454853e-09)
11.99             (7.221740797e-12 0.8263033598 -2.32587579e-11) (1.102920986e-08 0.9465109485 9.061128841e-09)
11.995            (-1.670158012e-11 0.8255022747 3.794131626e-11) (-8.863931853e-10 0.9457397164 -3.962849226e-09)
12                (-1.303949149e-10 0.8247358421 1.42376601e-10) (1.43952601e-09 0.9450008793 -2.080934101e-09)
12.005            (1.268586813e-10 0.8240038376 -2.52472217e-11) (-1.534163784e-09 0.9442281481 -2.081984612e-09)
12.01             (2.140147548e-12 0.8233059725 -2.383902253e-11) (1.008052964e-08 0.9434878695 7.898147318e-09)
12.015            (-6.176369615e-11 0.8226418942 2.596772794e-11) (2.023551696e-10 0.942713804 -4.737108952e-09)
12.02             (-4.434676332e-11 0.822011188 5.061737413e-11) (-2.594762433e-09 0.9419721642 2.805879093e-09)
12.025            (-1.803710318e-11 0.8214133778 -7.766697944e-12) (-1.128985818e-09 0.9411969073 -4.048659288e-09)
12.03             (5.670741215e-12 0.8208479282 -2.595730718e-11) (7.286282929e-09 0.9404540701 5.276834824e-09)
12.035            (-1.38539772e-11 0.8203142454 -1.979531682e-12) (-1.15712663e-09 0.9396777383 -3.939115186e-09)
12.04             (-1.117968119e-10 0.8198116797 6.934559486e-11) (2.445503484e-08 0.9389337593 1.638712982e-08)
12.045            (-1.384971157e-11 0.8193395274 -5.721977344e-12) (-7.837661092e-10 0.9381563745 -4.086909819e-09)
12.05             (-3.834750974e-11 0.8188970336 1.441460919e-11) (8.919115797e-09 0.9374113054 5.385302301e-09)
12.055            (-3.607492262e-11 0.8184833953 1.739124977e-11) (-7.547901377e-10 0.9366330004 -4.764364079e-09)
12.06             (1.286564065e-10 0.8180977648 -1.21920461e-10) (-1.202355674e-09 0.9358869811 -8.164900956e-10)
12.065            (-4.69552518e-12 0.8177392544 -1.08254941e-11) (-1.607880323e-09 0.9351078273 -4.82268196e-09)
12.07             (-3.915610003e-11 0.8174069403 2.192811759e-11) (6.145523508e-09 0.9343609241 3.610729397e-09)
12.075            (-4.437988961e-12 0.8170998679 -9.944276157e-12) (-1.79218577e-09 0.9335810213 -4.91526827e-09)
12.08             (3.075772333e-11 0.8168170566 -2.248664949e-11) (1.323531314e-09 0.9328332807 -6.452244479e-09)
12.085            (-5.14189516e-12 0.8165575051 -6.484021662e-12) (-1.964223197e-09 0.9320526566 -5.131512187e-09)
12.09             (6.032071326e-12 0.8163201966 -2.683753303e-11) (8.835510288e-09 0.9313042188 3.998474617e-09)
12.095            (2.661052064e-12 0.8161041036 -1.29266477e-11) (-1.642384882e-09 0.9305230335 -5.400364472e-09)
12.1              (-1.783583392e-10 0.8159081929 1.827069557e-10) (-4.965404634e-09 0.9297738965 4.967083831e-10)
12.105            (-1.237059923e-11 0.81573143 4.468978241e-12) (-2.205137641e-09 0.9289921168 -5.193483521e-09)
12.11             (4.694037965e-11 0.8155727833 -6.365971882e-11) (-3.89919525e-09 0.9282424059 -4.9484599e-09)
12.115            (-6.480025819e-12 0.8154312279 -3.329227262e-12) (-2.611987539e-09 0.9274602586 -5.318301468e-09)
12.12             (2.992294976e-11 0.8153057492 -2.251983872e-11) (-2.304713485e-09 0.9267101292 -5.052273938e-09)
12.125            (1.903252927e-11 0.8151953467 -5.136567448e-11) (-7.350969979e-10 0.9259276668 -6.637670768e-09)
12.13             (1.828590391e-11 0.8150990367 -1.003156738e-11) (2.200011552e-09 0.9251780861 -9.168801431e-11)
12.135            (-4.420808976e-12 0.8150158555 4.725534242e-13) (-2.101099196e-10 0.9243979247 -2.748461639e-09)
12.14             (-1.331429645e-11 0.8149448622 -4.17201633e-12) (1.222043079e-08 0.9236504513 5.519194033e-09)
12.145            (-1.559880456e-12 0.8148851409 -3.288275976e-13) (-5.772114581e-10 0.9228708299 -4.343985607e-09)
12.15             (5.22722454e-12 0.814835804 -9.686423245e-12) (-4.512250014e-10 0.9221229354 -4.398228193e-09)
12.155            (3.18066136e-12 0.8147959932 -8.243778568e-12) (-9.624675708e-10 0.9213439018 -4.723995612e-09)
12.16             (4.182060351e-11 0.8147648819 -5.15244052e-11) (3.267703546e-11 0.9205974602 -3.534511528e-09)
12.165            (2.347170922e-12 0.8147416768 -4.72683263e-12) (-1.538085566e-09 0.9198198215 -4.904952996e-09)
12.17             (-3.513592806e-11 0.8147256194 4.316579676e-11) (-9.349099397e-10 0.9190740765 -4.220955721e-09)
12.175            (-4.46937876e-12 0.8147159862 3.487504669e-12) (-1.851675944e-09 0.9182972767 -5.181740337e-09)
12.18             (-8.017251096e-12 0.8147120905 9.193948909e-12) (-1.411009999e-09 0.9175526033 -3.975508401e-09)
12.185            (-1.181174455e-10 0.8147132818 1.014909872e-10) (-1.025799926e-09 0.9167775954 -5.392185948e-09)
12.19             (-3.740503689e-11 0.8147189469 3.62884023e-11) (-3.009531824e-09 0.9160348396 -6.606385834e-09)
12.195            (1.683204327e-10 0.8147285094 -1.790529648e-10) (-2.107631021e-09 0.9152619342 -3.918635733e-09)
12.2              (-5.811569393e-10 0.8147414295 5.939551938e-10) (-6.415367777e-10 0.9145210336 -5.656829752e-09)
12.205            (-2.821854437e-11 0.8147572038 2.929207083e-11) (-2.128871218e-09 0.9137503213 -5.340083622e-09)
12.21             (3.723366782e-11 0.8147753645 -3.444071237e-11) (-1.749389767e-09 0.9130117182 -4.677504535e-09)
12.215            (3.000573119e-12 0.8147954785 -8.451046844e-13) (-1.773817529e-09 0.9122440304 -4.582101632e-09)
12.22             (2.612982646e-10 0.8148171465 -2.581183225e-10) (-7.414513419e-10 0.91150846 -5.444292134e-09)
12.225            (6.924233888e-12 0.8148400018 -5.153256105e-12) (-2.130918216e-09 0.9107442045 -5.471961074e-09)
12.23             (-2.257925237e-10 0.8148637093 2.280084569e-10) (-1.272682654e-10 0.9100120397 -4.929212496e-09)
12.235            (-1.538959017e-11 0.814887964 1.769944956e-11) (-2.190107409e-09 0.9092518788 -5.603229458e-09)
12.24             (7.201923486e-12 0.81491249 -3.288573721e-12) (-1.841498055e-09 0.9085237797 -5.038112577e-09)
12.245            (-2.348796878e-11 0.8149370389 2.691657669e-11) (-1.624750894e-09 0.9077684238 -4.935580797e-09)
12.25             (1.648020177e-10 0.8149613885 -1.606234423e-10) (-1.581835803e-09 0.9070451216 -4.850915789e-09)
12.255            (7.987793394e-11 0.814985341 -7.673469043e-11) (-1.270688437e-09 0.9062953452 -5.312550538e-09)
12.26             (-3.452043205e-10 0.8150087215 3.488276435e-10) (-2.332434151e-09 0.9055775988 -4.26865777e-09)
12.265            (-1.043129102e-10 0.8150313771 1.071783926e-10) (-1.48620845e-09 0.9048342687 -5.134139022e-09)
12.27             (1.187357023e-09 0.8150531747 -1.183623299e-09) (-1.456176503e-09 0.9041229244 -3.988525426e-09)
12.275            (7.744144413e-11 0.8150740001 -7.378031431e-11) (-2.212962453e-09 0.9033869697 -5.694502307e-09)
12.28             (-3.809140465e-11 0.8150937565 4.098982669e-11) (-2.127383732e-09 0.9026829826 -5.634268127e-09)
12.285            (1.624166879e-10 0.8151123633 -1.584691033e-10) (-2.880339501e-09 0.9019555272 -7.003456252e-09)
12.29             (-2.770898252e-10 0.8151297548 2.799949036e-10) (-1.482357282e-09 0.9012599311 -4.358611008e-09)
12.295            (-2.398787131e-10 0.815145879 2.418643504e-10) (-1.793260273e-09 0.9005420177 -5.192098064e-09)
12.3              (-1.638475516e-11 0.8151606961 1.810807294e-11) (-2.922582751e-09 0.8998558762 -6.235610417e-09)
12.305            (1.683990913e-10 0.8151741777 -1.642803537e-10) (-2.512000903e-09 0.8991487417 -5.302112822e-09)
12.31             (1.524841261e-10 0.8151863052 -1.484386341e-10) (-1.075159753e-09 0.8984732569 -4.397114765e-09)
12.315            (3.821324621e-12 0.8151970694 -1.542549346e-12) (-1.081583052e-09 0.8977781895 -4.537449859e-09)
12.32             (-1.677088311e-11 0.815206469 1.924301639e-11) (-1.680669177e-09 0.8971146109 -5.185082668e-09)
12.325            (-6.422741578e-11 0.8152145097 6.545557575e-11) (-1.595142313e-09 0.8964329868 -4.921387867e-09)
12.33             (-8.189390264e-12 0.8152212036 1.010474779e-11) (-1.78967566e-09 0.8957826551 -5.133011274e-09)
12.335            (-4.519267479e-10 0.815226568 4.538883387e-10) (-1.502473512e-09 0.8951159243 -5.359274336e-09)
12.34             (4.617585879e-12 0.8152306248 -1.18068464e-12) (-1.767766046e-09 0.8944802405 -5.233700528e-09)
12.345            (-9.253448864e-12 0.8152333999 1.224743641e-11) (-1.765877018e-09 0.8938299253 -5.342054367e-09)
12.35             (-1.856482444e-11 0.8152349224 2.038940573e-11) (-1.76582809e-09 0.8932103623 -5.321728534e-09)
12.355            (1.031030713e-11 0.815235224 -9.275751369e-12) (-2.732010413e-09 0.8925780483 -6.261981214e-09)
12.36             (3.771573891e-11 0.815234339 -3.6057962e-11) (-1.572064304e-09 0.8919761376 -5.423860585e-09)
12.365            (-2.167719128e-11 0.8152323033 2.286601475e-11) (-1.51392002e-09 0.8913634662 -5.279801492e-09)
12.37             (1.683324753e-12 0.8152291551 -8.955923272e-14) (-1.961110559e-09 0.8907807703 -5.340241561e-09)
12.375            (-2.277907461e-11 0.815224934 2.343870092e-11) (-1.460525798e-09 0.8901893939 -5.455288677e-09)
12.38             (-1.294508351e-11 0.8152196812 1.410045133e-11) (-2.000547107e-09 0.889627491 -5.335222812e-09)
12.385            (-1.041105943e-11 0.81521344 1.20510542e-11) (-1.798498835e-09 0.8890591127 -5.351423545e-09)
12.39             (-8.814633556e-12 0.8152062549 1.031936674e-11) (-1.921144693e-09 0.8885196482 -5.47766511e-09)
12.395            (7.11818621e-10 0.8151981727 -7.103397336e-10) (-6.927209559e-10 0.8879759993 -6.672847778e-09)
12.4              (6.502714397e-11 0.8151892415 -6.403374331e-11) (-1.636840352e-09 0.8874606036 -5.166125686e-09)
12.405            (-8.514225312e-11 0.8151795116 8.622870779e-11) (-2.06236931e-09 0.8869433731 -6.232510105e-09)
12.41             (7.912061896e-11 0.8151690348 -7.76604584e-11) (-1.917617294e-09 0.8864536365 -5.385493639e-09)
12.415            (-1.172543176e-10 0.8151578647 1.184026362e-10) (-1.214148836e-09 0.885964495 -5.673772123e-09)
12.42             (-2.488244863e-11 0.8151460566 2.6258778e-11) (-1.973421246e-09 0.8855019944 -5.532799335e-09)
12.425            (-1.88624766e-11 0.815133667 1.998547292e-11) (-1.991199005e-09 0.8850425499 -5.604163684e-09)
12.43             (-1.584713372e-11 0.8151207539 1.705259613e-11) (-1.773578189e-09 0.8846087154 -5.42120105e-09)
12.435            (1.150857226e-11 0.8151073762 -1.032491606e-11) (-2.212188317e-09 0.8841803523 -5.823021872e-09)
12.44             (6.080338317e-12 0.8150935939 -4.898567144e-12) (-1.826065915e-09 0.8837764828 -5.446068663e-09)
12.445            (9.003160522e-13 0.8150794679 2.317995685e-13) (-1.901220895e-09 0.8833806357 -5.580083033e-09)
12.45             (-1.046084481e-12 0.8150650596 2.171849217e-12) (-1.850564721e-09 0.8830081424 -5.491375937e-09)
12.455            (1.590361333e-11 0.815050431 -1.482948606e-11) (-2.057364192e-09 0.8826461931 -5.447995533e-09)
12.46             (-7.608945565e-12 0.8150356446 8.718170182e-12) (-1.824728659e-09 0.8823062711 -5.762080576e-09)
12.465            (5.910094844e-13 0.8150207629 4.979398099e-13) (-1.886640752e-09 0.8819793875 -5.596039166e-09)
12.47             (-6.981129133e-12 0.8150058488 7.930527427e-12) (-1.866362822e-09 0.8816731245 -5.74346213e-09)
12.475            (-3.674220874e-12 0.814990965 4.573286967e-12) (-1.967573227e-09 0.8813823886 -5.712965262e-09)
12.48             (4.174931386e-12 0.8149761743 -3.322408892e-12) (-1.920991651e-09 0.8811107629 -5.697047991e-09)
12.485            (2.783963981e-12 0.8149615392 -1.926802298e-12) (-2.033055684e-09 0.8808570587 -5.759546693e-09)
12.49             (2.911884879e-11 0.8149471221 -2.823288663e-11) (-2.241766374e-09 0.8806208174 -5.396208331e-09)
12.495            (1.889320845e-11 0.8149329847 -1.809842423e-11) (-1.341000834e-09 0.8804048201 -5.936544893e-09)
12.5              (-1.433549861e-12 0.814919188 2.411159447e-12) (-1.87707177e-09 0.880204546 -5.476753481e-09)
12.505            (-2.080998849e-11 0.8149057921 2.168766388e-11) (-2.296657904e-09 0.8800267524 -6.030071201e-09)
12.51             (-1.253692139e-11 0.8148928562 1.329699963e-11) (-2.795277176e-09 0.8798628495 -4.980444365e-09)
12.515            (1.541926171e-12 0.8148804384 -7.346064241e-13) (-2.069554381e-09 0.8797235672 -5.728955695e-09)
12.52             (5.448153315e-13 0.8148685959 2.916563285e-13) (-2.005359719e-09 0.8795962545 -5.73014743e-09)
12.525            (8.698506204e-13 0.8148573845 -1.095279509e-13) (-2.037954502e-09 0.8794954904 -5.70256247e-09)
12.53             (1.832816465e-11 0.8148468592 -1.791473253e-11) (-1.231711631e-09 0.8794046276 -5.633301749e-09)
12.535            (-6.727343114e-13 0.814837074 1.368723476e-12) (-1.876748589e-09 0.8793421937 -5.775914358e-09)
12.54             (-1.498206906e-12 0.8148280816 1.730714399e-12) (-1.616961208e-09 0.8792876974 -6.046103475e-09)
12.545            (3.705397878e-11 0.8148199336 -3.684824319e-11) (-2.140472962e-09 0.8792633384 -5.867432241e-09)
12.55             (-1.088510213e-11 0.8148126803 1.202860949e-11) (-1.703615424e-09 0.8792446586 -5.171609213e-09)
12.555            (-2.318582415e-11 0.814806371 2.332526975e-11) (-2.259012112e-09 0.879257613 -5.755013398e-09)
12.56             (-2.996933019e-12 0.8148010539 3.599882188e-12) (-2.059147276e-09 0.8792741571 -6.07610174e-09)
12.565            (2.868893484e-11 0.8147967764 -2.8518381e-11) (-2.197742515e-09 0.8793237519 -5.816157988e-09)
12.57             (-9.76618848e-11 0.814793585 9.856006038e-11) (-2.604349485e-09 0.879374718 -5.935272404e-09)
12.575            (-7.925301113e-12 0.8147915252 8.136672953e-12) (-2.101285759e-09 0.8794598899 -5.933095098e-09)
12.58             (1.147055732e-11 0.8147906422 -1.138483563e-11) (-2.452026721e-09 0.8795442134 -6.333575837e-09)
12.585            (-3.618194886e-11 0.8147909804 3.639547554e-11) (-2.115647845e-09 0.8796637964 -5.887234086e-09)
12.59             (2.395475419e-10 0.8147925842 -2.387276766e-10) (-1.884275776e-09 0.8797803479 -5.730896885e-09)
12.595            (1.009849492e-11 0.8147954977 -9.94227582e-12) (-1.935838278e-09 0.8799330288 -5.786973666e-09)
12.6              (-8.570848438e-11 0.8147997655 8.599993499e-11) (-1.701982729e-09 0.8800804944 -5.99706455e-09)
12.605            (-1.171988341e-11 0.8148054329 1.174036516e-11) (-2.001383012e-09 0.8802647979 -5.769419656e-09)
12.61             (6.154987108e-11 0.8148125465 -6.05638432e-11) (-1.98720841e-09 0.8804417475 -5.656814924e-09)
12.615            (3.518462334e-11 0.8148211545 -3.520654606e-11) (-2.005058921e-09 0.8806561119 -5.744962946e-09)
12.62             (-1.977369704e-11 0.8148313074 1.991651084e-11) (-1.951302536e-09 0.8808610463 -5.829313994e-09)
12.625            (-4.691746978e-11 0.8148430588 4.684734675e-11) (-2.005144056e-09 0.8811038291 -5.680961953e-09)
12.63             (-1.627987513e-10 0.8148564654 1.624688749e-10) (-1.907113485e-09 0.8813351745 -5.697487189e-09)
12.635            (-2.257802081e-11 0.8148715879 2.118457049e-11) (-1.389213495e-09 0.8816046585 -4.960566489e-09)
12.64             (2.976302814e-11 0.8148884915 -2.92010226e-11) (-2.171027166e-09 0.8818607303 -5.954604183e-09)
12.645            (-5.232195499e-11 0.8149072458 5.188376265e-11) (-1.742917136e-09 0.8821551531 -5.459482957e-09)
12.65             (1.268499445e-09 0.8149279253 -1.270420484e-09) (-2.112715475e-09 0.8824343486 -5.930971332e-09)
12.655            (-4.80192325e-12 0.8149506097 2.165453306e-12) (-9.249816061e-10 0.8827519807 -4.65319159e-09)
12.66             (-1.284482063e-11 0.8149753835 1.50015154e-11) (-2.14984363e-09 0.8830526114 -5.536392938e-09)
12.665            (3.34894515e-11 0.8150023367 -3.386218677e-11) (-2.848791433e-09 0.8833916638 -6.475320463e-09)
12.67             (1.658881381e-10 0.8150315647 -1.692924453e-10) (-2.601822025e-09 0.8837120444 -6.173073419e-09)
12.675            (7.257535234e-11 0.8150631682 -7.822058286e-11) (-7.27474531e-10 0.8840708041 -4.594237669e-09)
12.68             (-2.399019148e-10 0.8150972542 2.38512058e-10) (-1.11044377e-09 0.8844093782 -4.169316316e-09)
12.685            (7.586942141e-11 0.8151339354 -7.825947148e-11) (-1.457667364e-09 0.8847861689 -4.898526199e-09)
12.69             (1.368699091e-10 0.8151733314 -1.373763798e-10) (-1.573965282e-10 0.8851413046 -2.833449811e-09)
12.695            (-3.003262229e-11 0.8152155689 2.862611617e-11) (-2.376850178e-09 0.885534477 -5.97942226e-09)
12.7              (-3.182346524e-10 0.8152607817 3.190242416e-10) (1.698384372e-09 0.8859046736 -1.413875312e-09)
12.705            (-3.400555631e-12 0.815309112 2.65790113e-12) (-1.613647105e-09 0.8863127117 -5.235294365e-09)
12.71             (2.240847442e-10 0.8153607097 -2.199051447e-10) (5.756732616e-09 0.8866965451 3.028515128e-09)
12.715            (-2.891219294e-11 0.8154157337 2.881381841e-11) (-1.243868012e-09 0.8871179282 -4.921640488e-09)
12.72             (-4.008922023e-10 0.8154743516 4.126389774e-10) (1.810884299e-08 0.8875139662 1.532107533e-08)
12.725            (1.360394981e-11 0.81553674 -1.089858379e-11) (-1.198177485e-09 0.8879472849 -4.66209541e-09)
12.73             (3.817317986e-11 0.8156030851 -4.017870929e-11) (-3.085176274e-09 0.8883542413 -6.725853857e-09)
12.735            (-4.28105006e-10 0.8156735824 4.31106607e-10) (-2.804471135e-09 0.8887981925 -8.01533016e-09)
12.74             (-6.058356161e-11 0.8157484368 5.503229839e-11) (-1.168979613e-08 0.8892148699 -1.518928259e-08)
12.745            (-3.973611679e-11 0.8158278635 3.816795256e-11) (-2.047086343e-09 0.8896682269 -5.461832882e-09)
12.75             (-1.306663838e-10 0.8159120872 1.282057337e-10) (-7.92911017e-09 0.8900934522 -1.121387286e-08)
12.755            (-2.413624746e-10 0.8160013429 2.393470413e-10) (-2.767511494e-09 0.8905550552 -6.494936917e-09)
12.76             (-6.732530742e-11 0.8160958759 6.566316215e-11) (-6.96442984e-09 0.8909877898 -1.030007123e-08)
12.765            (-2.759699081e-11 0.8161959417 2.109662221e-11) (-2.601567245e-09 0.8914566049 -5.916927401e-09)
12.77             (1.737124489e-10 0.8163018065 -1.768193968e-10) (-3.588782447e-09 0.89189587 -7.062809766e-09)
12.775            (-7.576146128e-11 0.816413747 7.415981574e-11) (-2.515484028e-09 0.8923709072 -5.912831846e-09)
12.78             (1.061653211e-10 0.8165320507 -1.093840385e-10) (-3.329291169e-09 0.8928157917 -7.532128678e-09)
12.785            (2.186681182e-10 0.8166570159 -2.377750407e-10) (2.090561249e-09 0.8932961511 -1.726800003e-09)
12.79             (-9.103842619e-11 0.816788952 8.720647736e-11) (-3.741477183e-09 0.8937457881 -7.26935718e-09)
12.795            (-3.632411589e-10 0.8169281793 3.530947891e-10) (6.766611348e-10 0.8942305909 -3.94764947e-09)
12.8              (1.053315323e-10 0.8170750292 -1.111073932e-10) (-3.170554965e-09 0.8946842241 -7.429179995e-09)
12.805            (1.609336972e-10 0.8172298444 -1.717757468e-10) (6.07988242e-10 0.8951727543 -3.594785977e-09)
12.81             (-2.232941043e-10 0.8173929787 2.352557816e-10) (-1.647555461e-09 0.8956296613 -5.182901172e-09)
12.815            (-1.709870851e-10 0.8175647975 1.727493175e-10) (-2.996490703e-09 0.8961212195 -6.958103824e-09)
12.82             (-4.458764609e-11 0.8177456771 4.532436839e-11) (-2.258819559e-09 0.8965808219 -6.26262813e-09)
12.825            (-3.825538181e-11 0.8179360051 2.585915907e-11) (1.08995644e-11 0.8970746723 -1.871182034e-09)
12.83             (8.937942306e-12 0.8181361803 -2.843283052e-12) (-3.099499406e-09 0.8975360725 -7.214473314e-09)
12.835            (-5.530271606e-12 0.8183466128 7.212199647e-12) (-2.518011903e-09 0.8980315763 -5.821379156e-09)
12.84             (2.474262872e-11 0.8185677236 -4.702070875e-12) (-2.718791554e-09 0.8984945817 -7.118885435e-09)
12.845            (3.092379951e-11 0.8187999446 -3.085194832e-11) (-2.598168257e-09 0.8989913452 -6.123736846e-09)
12.85             (-2.695515682e-11 0.8190437182 3.665654241e-11) (-2.683223229e-09 0.8994550343 -6.216686157e-09)
12.855            (-1.473782902e-11 0.8192994969 2.144946199e-11) (-3.761366767e-09 0.8999522744 -7.446828547e-09)
12.86             (5.003787956e-12 0.8195677436 1.984640742e-11) (-1.052774385e-09 0.9004165461 -4.765027849e-09)
12.865            (9.996965131e-12 0.8198489309 -3.777756024e-12) (-2.175774023e-09 0.9009144281 -6.056620091e-09)
12.87             (3.963135945e-11 0.8201435407 -2.567537704e-11) (-3.036017105e-09 0.9013793642 -6.537403109e-09)
12.875            (2.934414644e-12 0.8204520639 5.189358588e-13) (-2.101427459e-09 0.9018778016 -5.614820366e-09)
12.88             (-4.34752614e-11 0.8207749998 5.442866676e-11) (-2.92131469e-09 0.9023433182 -6.700209807e-09)
12.885            (-4.943740192e-12 0.8211128551 1.333965993e-12) (-2.32688572e-09 0.9028425385 -5.682204908e-09)
12.89             (-1.551898792e-12 0.8214661439 -2.1156367e-11) (-4.753215483e-09 0.9033091572 -7.551099292e-09)
12.895            (2.166556458e-12 0.8218353863 -6.234327353e-12) (-2.568344358e-09 0.9038095124 -6.059522793e-09)
12.9              (4.97278738e-11 0.8222211082 -6.244211311e-11) (-3.133815125e-09 0.904277299 -6.3224248e-09)
12.905            (-1.914539616e-11 0.8226238397 1.790244824e-11) (-2.603409191e-09 0.9047788169 -6.106911537e-09)
12.91             (-1.057117617e-11 0.8230441146 -2.292242749e-12) (-3.420370617e-09 0.9052479138 -7.105505929e-09)
12.915            (6.315375992e-12 0.8234824689 -3.799577252e-12) (-3.032793239e-09 0.905750939 -6.576696536e-09)
12.92             (1.386586254e-11 0.8239394398 -1.889854718e-11) (-3.99717439e-09 0.906221821 -7.153713874e-09)
12.925            (3.650905203e-12 0.8244155642 1.090106366e-12) (-3.095053094e-09 0.9067266565 -6.755117478e-09)
12.93             (-9.231955368e-12 0.8249113775 4.01550129e-12) (-3.710413083e-09 0.9071994346 -7.509056723e-09)
12.935            (-6.362891041e-12 0.8254274119 4.630168119e-12) (-8.080757403e-10 0.9077061735 -4.893619332e-09)
12.94             (-1.213482313e-12 0.8259641948 -4.916501139e-12) (-3.613885362e-09 0.908181036 -7.675940571e-09)
12.945            (7.588807157e-13 0.8265222475 -6.06432916e-12) (-4.763634924e-10 0.9086900086 -4.322789795e-09)
12.95             (-1.599771906e-12 0.827102083 2.536731117e-12) (-3.65651124e-09 0.90916731 -7.296451607e-09)
12.955            (-1.26510658e-12 0.8277042048 -3.876952405e-12) (-4.086168708e-10 0.9096787602 -4.054563145e-09)
12.96             (-4.485360731e-12 0.8283291051 6.102180191e-12) (-3.58018767e-09 0.9101586875 -7.215003184e-09)
12.965            (2.59710177e-12 0.8289772625 -5.30305322e-12) (-2.429036858e-10 0.9106728265 -4.005859874e-09)
12.97             (-3.33940226e-12 0.8296491409 6.155939474e-12) (-3.451947617e-09 0.9111556088 -7.274638192e-09)
12.975            (4.791003441e-12 0.8303451874 -7.921561786e-12) (-1.028873981e-10 0.9116726755 -4.020457172e-09)
12.98             (-2.627668049e-12 0.8310658308 5.37527017e-12) (-3.355096686e-09 0.9121585496 -7.297872955e-09)
12.985            (5.061738662e-12 0.8318114793 -8.184657497e-12) (2.3479021e-11 0.9126787714 -3.926759225e-09)
12.99             (-3.654616607e-12 0.8325825195 7.196368142e-12) (-3.335245519e-09 0.9131679532 -7.159055068e-09)
12.995            (2.774264439e-12 0.8333793142 -6.515251264e-12) (4.350787409e-11 0.9136915418 -3.736807657e-09)
13                (-4.161707265e-12 0.834202201 7.70783997e-12) (-3.397924153e-09 0.9141842328 -7.049596782e-09)
13.005            (1.36053689e-12 0.8350514905 -6.133768399e-12) (4.862583615e-11 0.914711398 -3.586000483e-09)
13.01             (-6.19274887e-12 0.8359274651 -7.178696462e-11) (1.391071694e-09 0.9152078076 -2.272447468e-09)
13.015            (-4.496875079e-12 0.8368303771 -2.414252319e-12) (4.056129075e-10 0.9157387555 -3.436605711e-09)
13.02             (-5.283330896e-11 0.837760448 -1.854969326e-11) (1.75035381e-09 0.9162390753 -1.600756378e-09)
13.025            (-5.50309104e-12 0.8387178668 -4.360832985e-12) (6.335414848e-10 0.9167739884 -3.047407379e-09)
13.03             (8.207389914e-12 0.8397027888 -1.483764469e-12) (-3.066190454e-09 0.917278386 -7.023401516e-09)
13.035            (-1.532927224e-12 0.8407153353 -8.402452826e-12) (7.262533303e-10 0.9178174341 -3.031855814e-09)
13.04             (-7.177727575e-12 0.8417555922 -6.196076318e-11) (1.823711872e-09 0.9183260738 -2.287187724e-09)
13.045            (-2.953203948e-12 0.8428236095 -6.320767619e-12) (1.164849569e-09 0.9188694188 -2.962034991e-09)
13.05             (-9.482546553e-13 0.8439194009 9.281615813e-12) (-2.961847178e-09 0.9193824488 -6.468778616e-09)
13.055            (-1.011934326e-11 0.8450429437 3.385120136e-12) (8.479801309e-10 0.9199302322 -2.674197512e-09)
13.06             (-1.195389614e-10 0.8461941779 6.424683091e-11) (1.071649416e-09 0.9204477807 -1.599983553e-09)
13.065            (1.058080473e-11 0.8473730073 -2.179999095e-12) (-1.967501633e-09 0.9210001262 -5.620777375e-09)
13.07             (2.352732526e-12 0.8485792986 -3.758247241e-12) (-2.060224429e-09 0.9215223066 -6.297064284e-09)
13.075            (5.698195146e-12 0.8498128825 1.008367603e-11) (-3.34801473e-09 0.9220793236 -6.825295061e-09)
13.08             (-2.220822808e-11 0.8510735538 1.902672915e-11) (-2.949500936e-09 0.922606233 -6.153627329e-09)
13.085            (1.987789865e-11 0.8523610724 -5.953247387e-12) (-3.658259066e-09 0.9231680113 -7.166587915e-09)
13.09             (-2.584024513e-11 0.8536751635 -3.877393545e-11) (8.921634934e-10 0.9236997265 -2.318098683e-09)
13.095            (-3.127858076e-11 0.8550155193 3.209572659e-11) (-1.65456333e-09 0.9242663357 -5.273495492e-09)
13.1              (1.362206792e-11 0.8563817996 -1.558605927e-11) (-2.321041491e-09 0.9248029148 -6.407010733e-09)
13.105            (-2.881634165e-11 0.8577736332 4.001718672e-11) (-2.775528179e-09 0.9253744062 -5.918658453e-09)
13.11             (-3.18117806e-12 0.859190619 2.485432181e-12) (-3.46920759e-09 0.9259158903 -5.71103593e-09)
13.115            (2.274364399e-12 0.8606323281 1.152935162e-11) (-3.088471031e-09 0.9264922951 -6.558290673e-09)
13.12             (2.079027799e-11 0.8620983048 -2.689972612e-11) (-2.409591359e-09 0.9270387036 -6.917138729e-09)
13.125            (-2.053834553e-11 0.8635880684 3.154126938e-11) (-2.919033916e-09 0.9276200318 -6.403473825e-09)
13.13             (-1.365706066e-10 0.8651011155 9.375001095e-11) (6.160477887e-10 0.9281713662 -3.704312406e-09)
13.135            (-1.127033224e-11 0.866636921 1.456418775e-11) (-1.221826972e-09 0.9287575961 -5.138684239e-09)
13.14             (-1.917285226e-11 0.8681949412 2.207827061e-11) (-3.379170835e-09 0.9293138434 -6.547923287e-09)
13.145            (-1.591461171e-11 0.8697746148 4.452691636e-11) (-3.543747946e-09 0.9299049674 -7.497326633e-09)
13.15             (-2.202084577e-12 0.8713753653 8.586142604e-12) (-3.23051989e-09 0.9304660652 -6.329723463e-09)
13.155            (-3.638838432e-11 0.8729966032 8.033059645e-11) (-2.782124706e-09 0.9310620027 -7.836477669e-09)
13.16             (3.502289188e-11 0.8746377278 -2.164054267e-11) (-2.714600905e-09 0.9316279189 -5.928634974e-09)
13.165            (2.453918319e-12 0.8762981297 1.345454416e-11) (-2.82316077e-09 0.9322286439 -6.995613113e-09)
13.17             (-2.89809686e-11 0.8779771922 4.183655957e-11) (-6.166493714e-10 0.9327992849 -3.833632369e-09)
13.175            (2.373060784e-11 0.8796742937 -1.202943463e-12) (-4.094382026e-09 0.9334046433 -7.870935865e-09)
13.18             (2.699502864e-11 0.8813888095 -1.617805799e-11) (-4.825565753e-10 0.933979884 -3.268049024e-09)
13.185            (-3.296591669e-11 0.8831201138 2.679687718e-11) (1.187292754e-11 0.9345897931 -2.243028636e-09)
13.19             (-3.388119336e-11 0.8848675809 4.575269734e-11) (9.454128317e-10 0.9351695461 -2.942230796e-09)
13.195            (7.063210001e-12 0.8866305877 -7.975839007e-12) (1.598620669e-09 0.9357838543 -3.001334497e-09)
13.2              (3.871394253e-11 0.8884085145 -2.51618327e-11) (1.909151784e-09 0.9363679256 -1.612595278e-09)
13.205            (-3.072944921e-12 0.8902007473 3.890620571e-12) (1.016772696e-09 0.9369864292 -1.766826717e-09)
13.21             (1.493642008e-11 0.8920066789 -1.625496739e-11) (-4.826977884e-09 0.9375737826 -8.17464183e-09)
13.215            (-9.740979695e-14 0.89382571 -3.23015256e-12) (2.376508767e-10 0.9381937011 -2.91210291e-09)
13.22             (1.76819089e-11 0.8956572508 -8.395430641e-12) (-4.772743337e-09 0.938782086 -7.278123466e-09)
13.225            (-9.930071899e-12 0.8975007216 7.508392808e-12) (3.142134737e-09 0.9394046564 1.526935502e-09)
13.23             (9.912867774e-12 0.8993555543 2.35168183e-15) (-2.580238975e-09 0.9399972446 -4.569996732e-09)
13.235            (-2.587087229e-12 0.9012211929 5.94710649e-13) (-6.421814996e-09 0.9406235101 -9.028385614e-09)
13.24             (-3.658098629e-11 0.9030970942 2.420498272e-11) (-1.112071035e-09 0.9412188291 -3.816909404e-09)
13.245            (3.402842886e-11 0.9049827288 -2.34501336e-11) (9.752727975e-10 0.9418472461 -2.286301023e-09)
13.25             (-3.112107528e-11 0.9068775815 3.716458513e-11) (-1.83397149e-09 0.942444814 -4.984926228e-09)
13.255            (-1.863661558e-11 0.9087811516 1.165078175e-10) (-1.181559377e-07 0.9430759859 -1.222120721e-07)
13.26             (-1.584994486e-11 0.9106929533 2.811860299e-11) (-3.228445204e-09 0.9436766891 -7.728467728e-09)
13.265            (5.999747814e-11 0.912612516 -8.460981382e-11) (3.294346573e-08 0.9443103733 2.852128224e-08)
13.27             (1.326964281e-11 0.9145393843 -5.37729398e-12) (-3.073382323e-09 0.9449131755 -7.058036444e-09)
13.275            (-3.766747377e-11 0.9164731182 2.761867646e-11) (2.138316854e-08 0.9455485236 1.796676586e-08)
13.28             (-4.977858636e-11 0.9184132925 5.854485144e-11) (-2.329738689e-09 0.9461529793 -5.118714617e-09)
13.285            (-3.653175145e-11 0.9203594974 3.227375644e-11) (1.658802706e-08 0.9467898752 1.384836837e-08)
13.29             (1.453991768e-10 0.9223113372 -1.168167397e-10) (-4.875781793e-09 0.94739602 1.244213414e-09)
13.295            (1.53774603e-11 0.9242684308 -1.399742005e-11) (-4.710375637e-09 0.9480342033 -6.908003577e-09)
13.3              (-2.332332535e-11 0.9262304108 2.95205091e-11) (-5.185307925e-10 0.9486415208 -5.200054896e-09)
13.305            (2.661285589e-11 0.9281969228 -2.172628717e-11) (-2.410795257e-09 0.9492803631 -5.21422835e-09)
13.31             (4.239107997e-11 0.9301676253 -3.517379684e-11) (-2.096321124e-09 0.9498882769 -4.618591947e-09)
13.315            (6.407349479e-12 0.9321421887 -1.538661884e-12) (-1.316055698e-09 0.9505274036 -4.088294577e-09)
13.32             (-5.887863872e-11 0.9341202949 6.351913063e-11) (-1.939102438e-09 0.9511357196 -5.420836175e-09)
13.325            (1.120626191e-10 0.9361016367 -9.166410123e-11) (6.329605701e-09 0.9517747686 9.705357352e-10)
13.33             (1.586169736e-12 0.9380859179 -2.956335935e-11) (-7.72648474e-09 0.9523830028 -1.084010787e-08)
13.335            (-2.151441311e-11 0.940072852 2.071733575e-11) (-6.500830167e-09 0.9530215129 -9.043534253e-09)
13.34             (9.634224475e-11 0.9420621631 -1.289555812e-10) (-1.328427538e-08 0.953629258 -1.745790037e-08)
13.345            (2.316689946e-10 0.9440535854 -2.400778704e-10) (-7.846883528e-09 0.9542666433 -1.061066575e-08)
13.35             (4.231374585e-10 0.9460468631 -4.344441317e-10) (-6.049808734e-09 0.954873332 -1.006230262e-08)
13.355            (-1.049483831e-10 0.9480417509 9.907682641e-11) (-4.727110733e-09 0.9555094276 -9.372824335e-09)
13.36             (-1.977750787e-10 0.950038014 1.849457253e-10) (-5.873500119e-09 0.9561149533 -1.153075293e-08)
13.365            (-7.435574215e-11 0.9520354286 6.943448863e-11) (-4.101020753e-09 0.9567491358 -7.944333559e-09)
13.37             (-3.176791279e-10 0.9540337819 3.051942123e-10) (-1.07033292e-08 0.9573527314 -1.441568213e-08)
13.375            (-3.90554827e-11 0.9560328723 3.529974851e-11) (-3.584512244e-09 0.9579845685 -7.752644078e-09)
13.38             (-1.199194063e-11 0.9580325094 3.511934553e-12) (-6.464905468e-09 0.9585860585 -1.216938366e-08)
13.385            (-3.007482792e-11 0.9600325143 2.784171045e-11) (-3.704882567e-09 0.9592152634 -7.542539911e-09)
13.39             (-2.84975394e-10 0.9620327187 2.791268635e-10) (-1.021489676e-08 0.9598142161 -1.375688652e-08)
13.395            (-7.548465276e-11 0.9640329654 7.377181896e-11) (-3.404259779e-09 0.9604403685 -6.818569834e-09)
13.4              (2.339725773e-11 0.9660331074 -2.694823275e-11) (-1.09767127e-08 0.9610364836 -1.322156125e-08)
13.405            (-2.662950321e-11 0.9680330075 2.446635945e-11) (-2.22193677e-09 0.9616595337 -4.13304118e-09)
13.41             (-5.327161243e-11 0.9700325382 5.376588317e-11) (-1.295278619e-08 0.9622531896 -1.622023976e-08)
13.415            (-1.184527065e-11 0.972031581 9.40673977e-12) (-3.691213582e-10 0.9628736865 -3.699343536e-09)
13.42             (1.100567065e-10 0.9740300256 -1.063303718e-10) (-1.279928327e-08 0.9634652069 -1.418532908e-08)
13.425            (5.49495943e-11 0.9760277696 -5.855141104e-11) (4.662524013e-10 0.9640830873 -1.085561012e-09)
13.43             (1.854797034e-11 0.9780247176 -1.149965229e-11) (-1.196453725e-08 0.9646721185 -1.622948203e-08)
13.435            (-4.700470589e-12 0.9800207815 1.193784626e-12) (2.188482862e-09 0.9652870804 -2.616258786e-09)
13.44             (-2.285152937e-11 0.9820158795 3.158094216e-11) (-1.183116586e-08 0.9658735043 -1.471034049e-08)
13.445            (-4.513263817e-11 0.9840099365 4.155694461e-11) (3.276556614e-10 0.9664855701 -7.289240608e-10)
13.45             (1.682218872e-10 0.9860028832 -1.636341761e-10) (-7.487337952e-09 0.9670694158 -1.023214302e-08)
13.455            (3.006127351e-11 0.9879946557 -2.89438386e-11) (-1.48924009e-10 0.967678537 -4.998592587e-09)
13.46             (-1.033398764e-10 0.9899851963 1.021908961e-10) (-5.214234803e-09 0.9682596779 -1.11995273e-08)
13.465            (-1.878393159e-11 0.9919744523 1.155275381e-11) (1.762000945e-09 0.9688658418 -3.286677409e-09)
13.47             (1.412242564e-11 0.9939623768 -1.351192287e-11) (-1.063173734e-09 0.9694443535 -3.932641456e-09)
13.475            (1.170342217e-10 0.9959489281 -1.042399564e-10) (-6.017389031e-09 0.9700477078 -4.508177572e-09)
13.48             (-2.946217809e-10 0.9979340692 3.012452776e-10) (-5.716948989e-09 0.9706238044 -1.078527184e-08)
13.485            (-2.844376462e-11 0.9999177679 -6.968425458e-12) (2.145002519e-09 0.9712246462 -4.723746341e-09)
13.49             (7.176224837e-10 1.001899997 -7.033349382e-10) (-4.938202573e-10 0.9717984953 -4.405002007e-09)
13.495            (1.732244644e-11 1.003880732 -4.586832544e-11) (5.128541063e-09 0.9723969932 2.576425173e-09)
13.5              (9.117725186e-12 1.005859954 -5.173275984e-11) (4.076507814e-09 0.9729688464 2.168350134e-09)
13.505            (-4.677707886e-10 1.007837648 3.62160704e-10) (-1.207385202e-09 0.9735654233 -8.582554003e-10)
13.51             (-3.062071029e-11 1.0098138 1.17666805e-11) (4.317609136e-09 0.9741357042 2.190530174e-09)
13.515            (3.959342896e-10 1.011788402 -4.163593236e-10) (7.147124502e-09 0.974730766 3.82712668e-09)
13.52             (-1.128549875e-10 1.013761447 1.39236228e-10) (6.111686593e-09 0.9752998126 2.226736979e-09)
13.525            (2.39847963e-12 1.01573293 1.408950609e-11) (2.354014662e-09 0.9758938345 -3.078116601e-11)
13.53             (1.632670143e-10 1.017702849 -1.619834233e-10) (6.149388536e-09 0.9764621801 -3.229596445e-09)
13.535            (1.612859164e-10 1.019671201 -1.980236452e-10) (9.835008921e-09 0.9770557221 -8.227713488e-09)
13.54             (-1.418965943e-10 1.021637988 1.297888464e-10) (5.767281263e-09 0.977623846 5.284137325e-09)
13.545            (-1.468013966e-11 1.023603208 2.064809428e-12) (8.558450994e-10 0.9782174638 -3.263130808e-09)
13.55             (2.321530137e-10 1.025566863 -2.183697144e-10) (-6.406796499e-09 0.9787859248 -9.774227829e-09)
13.555            (-4.526696417e-11 1.027528951 4.084440701e-11) (2.232319057e-08 0.9793802283 2.155693704e-08)
13.56             (-3.647605303e-11 1.029489472 2.357719609e-11) (1.047043503e-08 0.9799495596 8.402242052e-09)
13.565            (-8.510529109e-12 1.031448422 -7.702712169e-12) (2.101488593e-09 0.9805451756 -1.940291171e-10)
13.57             (3.369417613e-11 1.033405797 -3.036059905e-11) (-5.157912197e-09 0.9811160102 -1.078772529e-08)
13.575            (-1.682848024e-12 1.035361589 -8.94042529e-12) (-1.41691583e-09 0.9817134888 -4.595412988e-09)
13.58             (2.034259533e-10 1.037315789 -1.986157072e-10) (-3.020247637e-09 0.9822863702 -4.985844546e-09)
13.585            (2.332884161e-11 1.039268381 -3.260621515e-11) (5.59208102e-09 0.9828865489 2.611635488e-09)
13.59             (-1.650233703e-10 1.041219349 1.677388524e-10) (-2.813990491e-09 0.9834621627 -8.536726701e-10)
13.595            (-1.137714937e-10 1.043168668 1.013584869e-10) (1.30690796e-09 0.9840654235 4.728044899e-09)
13.6              (4.42778517e-10 1.04511631 -4.35754906e-10) (-4.239591787e-09 0.9846441866 -8.696883446e-09)
13.605            (6.958517801e-11 1.047062243 -7.965898947e-11) (6.291875792e-09 0.9852512665 -1.545572775e-09)
13.61             (-2.755243066e-10 1.049006424 2.84586185e-10) (-6.75147132e-09 0.9858339181 -4.240200053e-09)
13.615            (1.327570609e-10 1.050948808 -1.398102505e-10) (-6.576676287e-09 0.9864452939 -1.02752334e-08)
13.62             (1.727133233e-10 1.052889339 -1.768209473e-10) (-4.041753634e-09 0.9870321246 -3.92924722e-09)
13.625            (4.722310891e-10 1.054827954 -4.828382854e-10) (-1.708662389e-08 0.9876483481 -2.64874429e-08)
13.63             (3.706879023e-12 1.056764584 -5.145783291e-12) (-1.703274787e-08 0.9882400313 -1.898369444e-08)
13.635            (-3.130002376e-11 1.058699148 2.395527068e-11) (-1.090193205e-08 0.9888616574 -1.189103529e-08)
13.64             (-4.344652634e-11 1.060631558 5.403945526e-11) (-7.091975748e-09 0.9894585202 -5.252625723e-09)
13.645            (-1.698343634e-10 1.062561714 1.819313052e-10) (2.768361341e-08 0.9900857279 1.945639087e-08)
13.65             (-1.14719063e-10 1.064489506 1.103188492e-10) (-3.148095861e-09 0.9906880787 -4.549504354e-09)
13.655            (-9.16615441e-11 1.066414814 7.844049001e-11) (-1.624903516e-08 0.9913215027 -1.584031843e-08)
13.66             (-2.837395571e-10 1.068337505 3.061655354e-10) (-1.490610245e-08 0.991929822 -4.59282819e-09)
13.665            (-1.855042932e-11 1.070257431 2.203708038e-12) (-1.865875324e-08 0.9925695311 -1.972736128e-08)
13.67             (7.16589557e-11 1.072174434 -7.481329079e-11) (-5.582446071e-09 0.993183874 -4.777688542e-09)
13.675            (3.721271929e-10 1.074088339 -3.787267693e-10) (3.289699708e-09 0.9938293089 7.470244696e-10)
13.68             (-3.419027347e-11 1.075998956 2.554974543e-11) (3.859341e-09 0.9944476267 -3.841191061e-09)
13.685            (3.119958563e-11 1.077906079 -3.421200201e-11) (2.491614816e-09 0.9950977278 -3.69636488e-09)
13.69             (8.171561614e-11 1.079809483 -8.71967651e-11) (8.614224604e-10 0.9957221776 -3.204938314e-09)
13.695            (-2.125746261e-10 1.081708926 2.376977253e-10) (1.640873219e-11 0.9963794688 -2.669417935e-09)
13.7              (-1.337730934e-11 1.08360415 9.429812306e-12) (1.530484789e-09 0.9970101364 -3.314306168e-09)
13.705            (7.043873859e-11 1.085494876 -3.847631162e-11) (-3.411286875e-09 0.9976734158 -2.864816394e-10)
13.71             (-3.727934686e-11 1.087380805 3.644097992e-11) (-6.012709634e-09 0.9983098452 -9.374860851e-09)
13.715            (7.424654031e-12 1.089261625 -6.687909517e-12) (4.597311453e-10 0.9989797438 -3.842013445e-09)
13.72             (3.905968073e-10 1.091137 -3.586565008e-10) (-1.132594978e-08 0.9996226974 -2.358717262e-08)
13.725            (7.839296308e-12 1.093006582 -3.818550035e-12) (4.159763784e-10 1.000299251 -4.004421563e-09)
13.73             (3.26435934e-11 1.094870004 -3.209538936e-11) (-5.500030723e-09 1.000948429 -8.386534055e-09)
13.735            (2.49329231e-10 1.096726881 -2.099503706e-10) (-5.330081656e-09 1.001631654 9.275343952e-10)
13.74             (-4.826423795e-11 1.098576816 4.952099889e-11) (-5.959952156e-09 1.002287314 -8.142750397e-09)
13.745            (6.316012268e-12 1.100419393 -1.979491108e-12) (6.723885234e-10 1.002977247 -3.598733733e-09)
13.75             (5.600382591e-10 1.10225418 -5.178335447e-10) (-1.028346061e-08 1.003639122 -2.727696288e-08)
13.755            (1.003723417e-11 1.104080731 -5.508122215e-12) (6.216192855e-10 1.004335445 -3.627574431e-09)
13.76             (4.864671468e-11 1.105898583 -4.87253701e-11) (-5.666011319e-09 1.005003401 -7.381349496e-09)
13.765            (4.603094166e-10 1.107707254 -4.174869935e-10) (-1.079574543e-08 1.005705887 6.405673417e-09)
13.77             (-4.434129258e-11 1.109506247 4.570071801e-11) (-5.884438884e-09 1.006379539 -7.521100072e-09)
13.775            (6.190171908e-12 1.111295046 -2.513553339e-12) (1.041411736e-09 1.007087853 -3.095535519e-09)
13.78             (-9.477132037e-11 1.113073118 9.102005145e-11) (-6.857235593e-09 1.007767044 -4.888685426e-09)
13.785            (5.537308782e-12 1.114839913 -2.023637575e-12) (5.193716613e-10 1.008481043 -1.85455892e-09)
13.79             (-1.218712654e-10 1.116594862 1.087785439e-10) (-1.388769412e-10 1.00916559 -9.203807674e-09)
13.795            (2.720345566e-12 1.118337383 -3.208885241e-13) (1.289847819e-09 1.009884976 -2.482899267e-09)
13.8              (-9.850295168e-11 1.120066875 9.24883788e-11) (-6.102835034e-09 1.010574556 -5.278209695e-09)
13.805            (5.204516943e-12 1.121782724 -2.56889751e-12) (8.539230598e-10 1.011299014 -1.587042728e-09)
13.81             (-1.025859087e-10 1.123484303 9.266788875e-11) (-1.600435275e-09 1.011993369 -8.299438192e-09)
13.815            (5.070137032e-12 1.125170972 -1.051859485e-12) (1.197548843e-09 1.012722663 -2.01808391e-09)
13.82             (-1.130370338e-10 1.12684208 1.093775116e-10) (-5.64316325e-09 1.013421592 -5.84629362e-09)
13.825            (5.556475236e-12 1.128496966 -1.031769698e-12) (8.805706571e-10 1.014155455 -1.55691272e-09)
13.83             (-1.110192238e-10 1.130134962 1.039056343e-10) (-2.404461416e-09 1.014858668 -8.101472094e-09)
13.835            (6.713182607e-12 1.131755391 -8.927803863e-13) (1.321363436e-09 1.015596783 -1.969236656e-09)
13.84             (1.783023056e-10 1.133357574 -1.870615597e-10) (5.993291858e-09 1.01630394 4.682209554e-09)
13.845            (-1.253639606e-12 1.134940826 5.682180618e-12) (1.420224706e-09 1.017046022 -1.209784766e-09)
13.85             (-1.00001185e-10 1.136504459 8.520247605e-11) (3.30650405e-09 1.017757054 -3.078429064e-10)
13.855            (-1.491918476e-10 1.138047787 2.137999782e-10) (-2.076514974e-09 1.018503039 -2.934614523e-09)
13.86             (-2.72781566e-11 1.139570126 1.395161734e-11) (8.076112623e-10 1.019217783 -1.412861526e-09)
13.865            (-1.179903508e-11 1.141070795 1.263532583e-11) (1.544278592e-09 1.019967241 -2.145817912e-09)
13.87             (-1.430095706e-11 1.142549118 2.349324687e-12) (1.413387931e-10 1.020685074 -3.150704232e-09)
13.875            (3.987733275e-10 1.144004431 -3.44410231e-10) (-9.513870534e-10 1.021437689 -4.698617605e-09)
13.88             (-1.519453192e-11 1.145436077 5.637943955e-12) (-4.271310248e-10 1.022158707 -3.776115692e-09)
13.885            (-3.20043521e-12 1.146843415 4.887824338e-12) (1.027178295e-09 1.022914511 -1.94316897e-09)
13.89             (-6.629030014e-11 1.14822582 6.274038013e-11) (-1.013909504e-09 1.023638539 -4.277477246e-09)
13.895            (1.209706293e-11 1.149582684 -5.276277701e-12) (1.186912818e-09 1.024397104 -2.357412787e-09)
13.9              (5.977688769e-10 1.150913421 -5.990257948e-10) (8.763113659e-09 1.025123695 5.219325124e-09)
13.905            (2.864487497e-10 1.152217468 -2.187108762e-10) (-2.48915373e-09 1.025884997 -5.192227799e-09)
13.91             (1.106134528e-11 1.153494287 -2.973915914e-12) (-3.245640638e-09 1.02661419 -6.414294525e-09)
13.915            (-6.799115078e-12 1.154743369 1.73957643e-11) (8.240353135e-10 1.02737767 -2.515479488e-09)
13.92             (-6.248599094e-11 1.155964232 3.020767537e-11) (5.042705261e-09 1.028108859 1.844122119e-09)
13.925            (-7.882736374e-11 1.157156428 1.528226382e-10) (-2.367328449e-09 1.028874471 -4.908247826e-09)
13.93             (1.392105711e-11 1.158319542 2.38793288e-12) (-3.436911969e-09 1.029607921 -6.532498039e-09)
13.935            (-3.429860209e-12 1.159453192 1.410146956e-11) (6.236165863e-10 1.030375442 -2.649113753e-09)
13.94             (1.278863489e-11 1.160557034 -7.672786906e-13) (-3.083056777e-09 1.0311104 -6.136940281e-09)
13.945            (1.73127986e-10 1.161630763 -1.026851211e-10) (-1.736640161e-09 1.031879448 -5.906853569e-09)
13.95             (2.441007317e-12 1.162674112 1.557731636e-11) (-3.331236038e-09 1.032616154 -6.567146422e-09)
13.955            (1.202505964e-11 1.163686856 -1.214601335e-12) (2.888126196e-10 1.033386985 -2.762960071e-09)
13.96             (-3.29136162e-13 1.164668811 1.675288963e-11) (-2.93328828e-09 1.034125402 -6.252699205e-09)
13.965            (-9.959701262e-11 1.165619837 1.703298552e-10) (-2.581013626e-09 1.034897599 -5.179070277e-09)
13.97             (2.107163202e-11 1.166539838 2.071015737e-13) (-3.29895802e-09 1.035637183 -6.573151898e-09)
13.975            (-1.55499885e-12 1.167428764 1.194983773e-11) (4.386895034e-10 1.036410499 -3.083047581e-09)
13.98             (1.835465082e-11 1.16828661 1.453310748e-13) (-2.907213857e-09 1.037151298 -6.276864733e-09)
13.985            (1.826264989e-10 1.169113419 -1.163121768e-10) (-1.779108917e-09 1.037925785 -5.899479507e-09)
13.99             (9.94819513e-14 1.16990928 2.21109406e-11) (-3.168405433e-09 1.038667747 -6.661614096e-09)
13.995            (6.334323059e-12 1.170674329 1.628068076e-12) (2.511207094e-10 1.039443175 -3.117622702e-09)
14                (2.893083558e-12 1.171408751 1.610852969e-11) (-2.838231495e-09 1.040185994 -6.386238568e-09)
14.005            (-1.217670868e-10 1.172112774 1.807941713e-10) (-2.114825516e-09 1.040962161 -5.354206711e-09)
14.01             (2.181311294e-11 1.172786677 9.552164657e-14) (-3.179663844e-09 1.041705762 -6.655593844e-09)
14.015            (1.229690486e-11 1.17343078 -6.899630329e-12) (1.852887195e-10 1.042482624 -3.398056605e-09)
14.02             (1.622671261e-11 1.17404545 2.088795806e-12) (-2.896854982e-09 1.043226946 -6.469509992e-09)
14.025            (9.771531483e-11 1.174631097 -9.27478666e-11) (7.786938356e-10 1.044004357 -2.821181192e-09)
14.03             (7.815099297e-12 1.175188172 8.634282551e-12) (-2.771121095e-09 1.044749198 -6.460570834e-09)
14.035            (4.773108381e-10 1.175717166 -5.030658065e-10) (-2.512075929e-10 1.045526993 -3.669578176e-09)
14.04             (9.90131409e-12 1.17621861 6.26691124e-12) (-3.053240941e-09 1.046272269 -6.674903632e-09)
14.045            (-6.886202053e-11 1.17669307 3.178493619e-11) (2.484077204e-09 1.047050385 -8.975579924e-10)
14.05             (-4.12982862e-12 1.177141145 2.068973747e-11) (-3.095469382e-09 1.047796018 -6.691718855e-09)
14.055            (-2.931839478e-11 1.17756347 1.042829462e-11) (-7.64414454e-10 1.048574327 -3.265781797e-09)
14.06             (-1.290788328e-11 1.177960707 2.814992977e-11) (-3.293248196e-09 1.049320162 -6.941919158e-09)
14.065            (1.371123321e-11 1.178333546 -1.806753459e-11) (-4.972972159e-10 1.05009853 -4.185261769e-09)
14.07             (-9.200448992e-12 1.178682701 2.258471015e-11) (-3.519764957e-09 1.050844468 -6.946595086e-09)
14.075            (-3.115654096e-11 1.179008911 2.283139355e-11) (-5.41336274e-10 1.051622779 -4.09482628e-09)
14.08             (1.215257389e-11 1.179312932 -1.747473158e-12) (-4.349574671e-09 1.052368688 -7.90430205e-09)
14.085            (1.24910442e-11 1.179595537 -3.299550014e-11) (7.448614027e-10 1.05314679 -2.811721864e-09)
14.09             (-4.710972577e-12 1.179857514 -9.984598218e-13) (4.365372059e-11 1.05389254 -3.517697154e-09)
14.095            (-8.796166804e-11 1.180099663 9.476673458e-11) (-5.110491343e-10 1.054670333 -4.169072736e-09)
14.1              (-1.280896951e-11 1.18032279 4.871000891e-12) (3.531347838e-09 1.055415801 1.332304407e-10)
14.105            (-1.492268256e-11 1.18052771 2.011867756e-11) (-7.51619878e-10 1.05619312 -4.463194299e-09)
14.11             (-3.33434341e-12 1.180715239 9.252828972e-12) (-2.147115571e-12 1.056938179 -4.047492783e-09)
14.115            (-7.29864024e-11 1.180886193 3.828605393e-11) (2.860235969e-09 1.057714849 -1.215921913e-09)
14.12             (-2.623286645e-12 1.181041389 7.975568513e-12) (-7.454725544e-11 1.05845925 -3.800025175e-09)
14.125            (-6.826116277e-11 1.181181636 3.722965455e-11) (1.907513509e-09 1.059235064 -1.571963933e-09)
14.13             (1.61050578e-10 1.181307738 -1.63848864e-10) (-4.761818187e-09 1.059978731 -8.769188594e-09)
14.135            (-2.620992884e-12 1.18142049 8.049011901e-12) (1.284838213e-09 1.060753549 -2.660705533e-09)
14.14             (1.06546429e-10 1.181520673 -1.100115866e-10) (-6.292522201e-09 1.061496186 -9.98753595e-09)
14.145            (3.558142534e-11 1.181609057 -3.803843053e-11) (5.405943093e-11 1.062269677 -4.057602203e-09)
14.15             (-6.199991148e-12 1.181686396 9.576641625e-12) (3.166081509e-10 1.063011031 -3.660524478e-09)
14.155            (5.822865067e-11 1.181753425 -8.365567254e-11) (1.071331144e-10 1.063782955 -4.113792601e-09)
14.16             (4.626522214e-12 1.181810862 -1.241201835e-13) (2.077715058e-10 1.064522808 -3.878452352e-09)
14.165            (2.806171669e-12 1.1818594 3.185897217e-12) (1.53599755e-09 1.065292862 -2.361585466e-09)
14.17             (5.945479347e-12 1.181899715 -2.21556776e-12) (2.568651863e-10 1.066030851 -3.661389468e-09)
14.175            (8.247974081e-12 1.181932455 -9.832141634e-12) (-2.966574389e-10 1.066798678 -4.182378676e-09)
14.18             (1.771515146e-11 1.181958247 -1.400597273e-11) (2.335782807e-10 1.067534506 -3.657000123e-09)
14.185            (1.954392887e-11 1.18197769 -2.271559924e-11) (-2.412843991e-10 1.068299728 -4.151214682e-09)
14.19             (3.813395613e-11 1.181991359 -3.518284327e-11) (2.770624434e-10 1.069032963 -3.661286167e-09)
14.195            (1.033112852e-10 1.181999803 -1.08011773e-10) (-3.357833506e-10 1.069795095 -4.224933956e-09)
14.2              (1.193609789e-11 1.182003546 -9.313917578e-12) (2.971739685e-10 1.070525283 -3.661927021e-09)
14.205            (-4.444043803e-12 1.182003084 3.450258719e-12) (-2.295567438e-12 1.071283846 -3.939726021e-09)
14.21             (2.333740594e-11 1.181998888 -2.20419702e-11) (3.500059799e-10 1.072010528 -3.550892753e-09)
14.215            (5.552365736e-11 1.181991405 -5.228704392e-11) (2.279874347e-10 1.072764979 -3.656139665e-09)
14.22             (9.169408382e-12 1.181981057 -9.55613616e-12) (-3.737672862e-11 1.073487581 -3.897153118e-09)
14.225            (-3.957276419e-11 1.181968239 6.116524116e-11) (-2.24528146e-09 1.074237278 -6.15699388e-09)
14.23             (-2.380736855e-11 1.181953323 2.73204089e-11) (4.613139258e-11 1.074955221 -3.676008169e-09)
14.235            (1.662220042e-10 1.181936658 -1.512114122e-10) (-1.707338e-09 1.075699563 -5.897843788e-09)
14.24             (-3.683228827e-11 1.181918569 4.03058803e-11) (4.207722732e-11 1.076412202 -4.440339934e-09)
14.245            (-5.427451911e-11 1.181899356 5.203367782e-11) (6.435415869e-10 1.077150424 -2.483057577e-09)
14.25             (-4.079686641e-11 1.181879299 3.949703257e-11) (-7.81563846e-09 1.077857018 -1.152844386e-08)
14.255            (1.597256938e-11 1.181858654 -1.58818909e-11) (2.927104755e-12 1.078588311 -3.951914903e-09)
14.26             (8.805199338e-12 1.181837658 -9.076014797e-12) (3.012287258e-11 1.079288092 -3.696883076e-09)
14.265            (-4.206768163e-11 1.181816526 4.21882355e-11) (3.656900496e-10 1.080011621 -3.504155887e-09)
14.27             (-2.92215851e-11 1.181795451 2.949405325e-11) (3.136277376e-10 1.080703749 -3.394327886e-09)
14.275            (6.41281187e-11 1.181774612 -5.786094816e-11) (-1.709185341e-09 1.081418561 -5.304390113e-09)
14.28             (5.760723328e-12 1.181754166 -5.281874968e-12) (8.316201101e-11 1.082102132 -3.529234849e-09)
14.285            (1.898294285e-13 1.181734253 -2.416542884e-13) (1.239592727e-10 1.082807277 -3.639713261e-09)
14.29             (2.639725941e-12 1.181715 -2.819787083e-12) (-6.690194762e-11 1.083481347 -3.787245069e-09)
14.295            (1.257244143e-11 1.181696516 -1.199414815e-11) (1.316284563e-10 1.084175747 -3.67657381e-09)
14.3              (2.063545493e-11 1.181678897 -1.98261656e-11) (-3.786838739e-10 1.08483926 -4.019275364e-09)
14.305            (7.614476182e-11 1.181662228 -7.582514969e-11) (-8.161536515e-10 1.085521797 -2.47614907e-09)
14.31             (-1.350573905e-11 1.181646578 1.429484902e-11) (-5.538152537e-11 1.086173704 -3.730785169e-09)
14.315            (-8.764913731e-11 1.18163201 8.790388585e-11) (2.103609117e-10 1.086843226 -2.643815785e-09)
14.32             (1.408985116e-11 1.181618573 -1.330762255e-11) (-1.438073227e-10 1.087482392 -3.593181225e-09)
14.325            (-7.160807068e-12 1.181606309 8.040304579e-12) (3.360989977e-10 1.088137645 -3.687983243e-09)
14.33             (-1.556436505e-11 1.181595251 1.610525028e-11) (2.022114596e-10 1.088762844 -3.614864005e-09)
14.335            (4.372193124e-11 1.181585426 -4.328760469e-11) (-3.550719104e-10 1.089402555 -4.847295088e-09)
14.34             (-3.358560628e-12 1.181576853 3.880722738e-12) (2.395308441e-10 1.090012618 -3.452888311e-09)
14.345            (4.885325234e-12 1.181569543 -4.260775487e-12) (1.57638384e-10 1.090635516 -3.313269291e-09)
14.35             (1.687967775e-11 1.181563504 -1.648919148e-11) (-4.930527166e-11 1.091229178 -3.25464762e-09)
14.355            (-1.734405406e-11 1.181558735 1.787353377e-11) (5.800655607e-10 1.091833863 -4.260449299e-09)
14.36             (5.970546669e-12 1.18155523 -5.617223664e-12) (3.976672104e-10 1.092409788 -3.462280009e-09)
14.365            (2.232986031e-11 1.181552975 -2.193712427e-11) (5.034682927e-10 1.092994901 -4.626556256e-09)
14.37             (-1.213528391e-11 1.181551955 1.275181627e-11) (1.04136086e-10 1.093551825 -3.804623858e-09)
14.375            (-2.139974043e-11 1.181552143 2.164436707e-11) (1.925673879e-10 1.094116006 -4.109614156e-09)
14.38             (2.914705848e-12 1.181553511 -2.39402103e-12) (2.450774057e-10 1.094652614 -3.140175587e-09)
14.385            (1.649336269e-12 1.181556025 -1.095360137e-12) (4.35914648e-10 1.095194459 -3.271645613e-09)
14.39             (-1.527708014e-11 1.181559645 1.604928284e-11) (-7.553840772e-11 1.095709427 -4.015695481e-09)
14.395            (-2.917221293e-12 1.181564328 4.121062497e-12) (4.754477435e-11 1.096227575 -3.741051373e-09)
14.4              (1.589480103e-11 1.181570027 -1.530545663e-11) (1.854313146e-11 1.096719626 -3.74478682e-09)
14.405            (4.848204293e-12 1.181576692 -4.457546717e-12) (1.73244257e-10 1.097212733 -3.586741309e-09)
14.41             (-2.936368857e-12 1.181584271 3.505034717e-12) (6.015683919e-11 1.097680596 -3.684895838e-09)
14.415            (-1.039149007e-11 1.18159271 1.059683136e-11) (1.302674471e-09 1.098147344 -1.956947021e-09)
14.42             (-1.423047345e-11 1.181601953 1.468389839e-11) (1.882063247e-10 1.098589789 -3.582987339e-09)
14.425            (-1.158813836e-11 1.181611943 1.201755028e-11) (9.662491593e-10 1.099028921 -2.895801036e-09)
14.43             (-8.741047334e-12 1.181622625 9.230119942e-12) (6.067487488e-11 1.099444778 -3.860795894e-09)
14.435            (-2.12953261e-11 1.181633938 2.18818444e-11) (1.305110734e-10 1.099855108 -3.581537157e-09)
14.44             (2.279222555e-11 1.181645825 -2.224163776e-11) (3.104206921e-10 1.100243285 -3.665865071e-09)
14.445            (-1.544126112e-12 1.181658227 2.217776147e-12) (1.59416605e-10 1.100623709 -3.600184353e-09)
14.45             (-3.025140229e-12 1.181671083 3.567117949e-12) (1.854915273e-10 1.100983186 -3.612085426e-09)
14.455            (7.407361149e-12 1.181684332 -6.919277937e-12) (1.352529766e-10 1.10133269 -3.580557385e-09)
14.46             (1.574055539e-12 1.181697913 -1.091970754e-12) (1.944344251e-10 1.101662546 -3.636296996e-09)
14.465            (-1.235000801e-12 1.181711763 2.013466949e-12) (1.74705719e-10 1.101980244 -3.607405833e-09)
14.47             (-1.243682554e-11 1.181725818 1.287883841e-11) (2.239959757e-10 1.102279699 -3.676623642e-09)
14.475            (-2.823473446e-12 1.181740015 3.228728258e-12) (1.649288363e-10 1.102564839 -3.592925861e-09)
14.48             (3.159612335e-13 1.181754288 1.286322807e-13) (-3.957043997e-12 1.102833201 -3.854742893e-09)
14.485            (-1.065217909e-11 1.181768572 1.105963832e-11) (1.261096834e-10 1.103085126 -3.640845929e-09)
14.49             (-1.405211946e-11 1.181782803 1.445601435e-11) (1.779413763e-10 1.103321821 -3.734255117e-09)
14.495            (-5.604228782e-12 1.181796916 5.996831759e-12) (1.846383568e-10 1.103540032 -3.678674603e-09)
14.5              (-1.058421141e-11 1.181810844 1.097121781e-11) (8.479311165e-11 1.103744652 -3.450560551e-09)
14.505            (3.695547844e-15 1.181824525 3.965816356e-13) (2.055960114e-10 1.103928803 -3.573585411e-09)
14.51             (-2.02256393e-11 1.181837892 2.104325507e-11) (5.727396356e-10 1.104101051 -3.579449607e-09)
14.515            (6.80375191e-12 1.181850884 -6.352445774e-12) (4.570293884e-10 1.104250926 -3.969167438e-09)
14.52             (4.579207619e-12 1.181863436 -3.133125821e-12) (2.194087092e-10 1.10439066 -3.591035261e-09)
14.525            (-6.323398847e-12 1.181875486 6.767727119e-12) (6.880725648e-11 1.104506224 -3.929754027e-09)
14.53             (4.603593647e-12 1.181886973 -5.285262619e-12) (2.741538836e-11 1.104613468 -3.773445969e-09)
14.535            (1.057486484e-11 1.181897834 -1.034417732e-11) (1.192328971e-10 1.104694838 -3.81247944e-09)
14.54             (-1.149822739e-13 1.181908008 2.46378164e-12) (1.750054163e-09 1.104769747 -2.006471898e-09)
14.545            (-1.343444422e-12 1.181917436 1.716888617e-12) (5.327817823e-10 1.104817195 -3.432597135e-09)
14.55             (3.710827623e-12 1.181926057 -2.599726002e-12) (1.574638627e-09 1.104860086 -2.290517899e-09)
14.555            (-5.842860845e-11 1.181933811 5.933206691e-11) (9.47544452e-10 1.104874044 -3.171534856e-09)
14.56             (-4.941139442e-12 1.18194064 6.038714551e-12) (3.386340603e-09 1.104885361 -2.881919616e-10)
14.565            (6.686466181e-11 1.181946484 -6.672556035e-11) (4.189130659e-10 1.104866397 -4.103651854e-09)
14.57             (8.317323572e-12 1.181951283 -7.516034013e-12) (2.039893455e-10 1.104846738 -3.617249815e-09)
14.575            (-3.816628457e-11 1.181954979 3.880336082e-11) (3.099698042e-10 1.104795577 -3.27351846e-09)
14.58             (-3.10488934e-11 1.181957513 3.172741602e-11) (-2.408823618e-10 1.104745666 -4.511973971e-09)
14.585            (-1.866312944e-12 1.181958823 2.017024763e-12) (-1.076796655e-10 1.104663162 -3.901200408e-09)
14.59             (6.877430236e-11 1.181958851 -6.826408289e-11) (-2.120135551e-10 1.104583852 -4.249170162e-09)
14.595            (4.209903688e-12 1.181957534 -3.650685791e-12) (3.493694309e-10 1.104470983 -3.666281514e-09)
14.6              (-1.422085884e-11 1.181954811 1.494727245e-11) (-2.360342439e-10 1.104363231 -4.57773213e-09)
14.605            (-1.483633126e-11 1.18195062 1.548446378e-11) (3.059923939e-10 1.10422108 -3.547649838e-09)
14.61             (-1.676358758e-11 1.181944894 1.761062904e-11) (-4.448809064e-10 1.104085943 -4.425123351e-09)
14.615            (7.97417014e-12 1.181937569 -6.752793951e-12) (4.96001437e-10 1.103915687 -3.539164903e-09)
14.62             (1.24820228e-12 1.181928576 -1.024264294e-12) (2.084090171e-11 1.103754302 -3.703656958e-09)
14.625            (5.948941253e-13 1.181917846 -5.439246791e-13) (-7.193654775e-12 1.10355719 -3.796222419e-09)
14.63             (3.556619617e-12 1.181905305 -3.307141767e-12) (5.84026206e-10 1.103370755 -2.883558017e-09)
14.635            (-1.449995626e-11 1.181890877 1.496410013e-11) (5.187282044e-11 1.103148101 -3.738991023e-09)
14.64             (-7.511163461e-11 1.181874485 7.578424746e-11) (-6.950486764e-11 1.102937882 -3.575484984e-09)
14.645            (-2.133370895e-13 1.181856047 3.318709015e-13) (-3.691125397e-11 1.102691048 -3.897224438e-09)
14.65             (5.399588043e-11 1.181835476 -5.376359058e-11) (-9.531688435e-10 1.102458333 -3.031351518e-09)
14.655            (1.467988641e-12 1.181812685 -3.410787985e-13) (4.698449217e-11 1.102188705 -3.829920534e-09)
14.66             (-1.627890551e-11 1.181787579 1.551845201e-11) (-1.010506802e-10 1.101934816 -4.020991785e-09)
14.665            (-9.987714222e-12 1.18176006 9.787187081e-12) (-1.878296038e-10 1.101643799 -4.015809177e-09)
14.67             (-4.405418003e-11 1.181730028 4.468590206e-11) (-1.20935357e-09 1.10137006 -2.762305218e-09)
14.675            (-1.568266894e-11 1.181697374 1.487013591e-11) (9.959534844e-12 1.101059059 -3.965300125e-09)
14.68             (-8.936754498e-12 1.181661988 1.008138616e-11) (-1.797930318e-11 1.100766798 -3.76467743e-09)
14.685            (-1.237264676e-11 1.181623751 1.115085526e-11) (-3.656072555e-10 1.100437207 -3.869901007e-09)
14.69             (8.46732452e-13 1.181582542 3.997406545e-13) (1.049161823e-10 1.10012773 -3.848517624e-09)
14.695            (1.925293119e-11 1.181538232 -1.988225593e-11) (2.276202153e-10 1.099780925 -4.338294609e-09)
14.7              (-6.526589002e-11 1.181490686 6.730045098e-11) (3.365946596e-10 1.09945553 -3.041272647e-09)
14.705            (-2.585120114e-12 1.181439762 2.087337751e-12) (4.346727033e-10 1.099092857 -4.124524527e-09)
14.71             (-1.799765348e-11 1.181385313 1.597595546e-11) (8.505058243e-11 1.098752799 -4.643992475e-09)
14.715            (-1.529128854e-11 1.181327183 1.509806963e-11) (-4.476053592e-11 1.098375546 -3.891361897e-09)
14.72             (7.776955666e-11 1.181265209 -7.715143016e-11) (2.041656088e-10 1.09802202 -4.020821983e-09)
14.725            (9.350564098e-11 1.18119922 -9.338318486e-11) (-1.27425542e-09 1.097631425 -4.122857945e-09)
14.73             (2.076497119e-10 1.181129037 -2.038120656e-10) (2.490862129e-10 1.09726559 -3.430248336e-09)
14.735            (6.002469632e-11 1.181054474 -5.960334906e-11) (-7.932719606e-10 1.096862853 -4.700112487e-09)
14.74             (-2.739842096e-10 1.180975333 2.715276805e-10) (1.053208733e-09 1.096485833 -3.929373018e-09)
14.745            (-4.623401203e-11 1.180891409 4.968369571e-11) (-4.551110222e-10 1.096072106 -3.746250155e-09)
14.75             (-7.968859154e-11 1.180802488 8.456903253e-11) (3.166277681e-10 1.095684971 -3.825205444e-09)
14.755            (5.21028529e-11 1.180708346 -5.369218865e-11) (2.733766066e-11 1.095261328 -4.263499807e-09)
14.76             (1.314356263e-11 1.180608749 -1.100947769e-11) (-1.57277983e-10 1.094865071 -3.550946102e-09)
14.765            (1.060266709e-10 1.180503452 -1.092063837e-10) (-6.556473412e-10 1.094432534 -4.477347768e-09)
14.77             (3.686098712e-10 1.180392201 -3.690601629e-10) (-4.211963803e-10 1.094028107 -3.238012165e-09)
14.775            (-1.152530058e-10 1.180274732 1.131723181e-10) (-2.902702082e-10 1.093587628 -4.323687889e-09)
14.78             (-2.821604036e-11 1.18015077 2.916033042e-11) (-3.249053075e-10 1.09317591 -3.917480651e-09)
14.785            (5.387056564e-11 1.18002003 -4.569914857e-11) (1.794159445e-09 1.092728372 -2.264000032e-09)
14.79             (-1.495770362e-10 1.179882213 1.49898222e-10) (-1.905204144e-10 1.092310183 -4.008015388e-09)
14.795            (-2.590249894e-11 1.179737015 2.93983957e-11) (5.408810777e-10 1.091856423 -3.546208852e-09)
14.8              (-2.563033373e-10 1.179584117 2.802960435e-10) (6.382583334e-10 1.091432548 -2.549274792e-09)
14.805            (-1.734884236e-11 1.17942319 1.952306386e-11) (2.45322539e-10 1.090973355 -3.963903649e-09)
14.81             (7.883236463e-11 1.179253895 -8.10703747e-11) (1.843927201e-10 1.090544528 -3.53117101e-09)
14.815            (-3.027028476e-11 1.179075883 2.959146774e-11) (-2.479830933e-10 1.090080629 -4.433084356e-09)
14.82             (-3.032265935e-10 1.178888794 3.0296434e-10) (-1.917832409e-10 1.089647522 -3.926321448e-09)
14.825            (-5.899116779e-11 1.178692256 6.128767578e-11) (2.353567827e-10 1.089179594 -4.127182124e-09)
14.83             (-1.184269597e-10 1.17848589 1.134641309e-10) (-5.142039688e-10 1.088742846 -5.274716762e-09)
14.835            (-1.755600273e-10 1.178269303 1.660003653e-10) (-5.124482448e-10 1.088271522 -3.571914719e-09)
14.84             (4.42043653e-11 1.178042096 -5.267231679e-11) (-9.995751523e-10 1.087831729 -5.269151761e-09)
14.845            (1.388834268e-11 1.177803857 -3.13708786e-12) (-2.175552264e-09 1.087357616 -6.472482919e-09)
14.85             (2.732359056e-11 1.177554169 -2.17962121e-11) (-5.217628607e-10 1.086915334 -4.991018046e-09)
14.855            (2.437669212e-11 1.177292602 -2.575489714e-11) (1.6811921e-10 1.086438968 -3.042185297e-09)
14.86             (-2.720897785e-10 1.177018719 3.043940163e-10) (2.942445674e-09 1.085994701 -6.936646396e-09)
14.865            (1.844889179e-11 1.176732076 -8.317652354e-12) (-3.058752059e-09 1.085516588 -7.205141489e-09)
14.87             (8.13862914e-12 1.176432221 -1.084505083e-11) (-7.400755005e-10 1.085070824 -5.04011253e-09)
14.875            (-1.827816209e-10 1.176118694 1.411710624e-10) (6.341963637e-10 1.084591458 -1.416643011e-09)
14.88             (-7.681183333e-10 1.175791029 7.877080016e-10) (7.810384036e-10 1.084144655 -3.785996749e-09)
14.885            (-2.878274184e-11 1.175448755 4.27292648e-11) (-1.824068996e-09 1.083664475 -6.008765161e-09)
14.89             (2.133647104e-11 1.175091395 -2.663410246e-11) (-6.258935658e-10 1.083217055 -4.779849443e-09)
14.895            (4.755654079e-13 1.174718468 -3.389224657e-12) (7.694851154e-12 1.082736491 -4.142075865e-09)
14.9              (1.427264909e-10 1.174329491 -1.561152872e-10) (-5.957543838e-11 1.082288827 -4.928752909e-09)
14.905            (8.43807531e-12 1.173923976 2.321756184e-12) (8.536625135e-10 1.081808102 -3.207607125e-09)
14.91             (-9.717549887e-12 1.173501436 3.585603969e-11) (9.518441694e-10 1.081360176 -4.152815029e-09)
14.915            (-3.447377628e-14 1.173061382 1.997829472e-11) (-3.687322356e-09 1.080879131 -7.831912302e-09)
14.92             (2.134591771e-11 1.172603326 7.539035468e-13) (1.286466082e-09 1.080430775 -3.617865262e-09)
14.925            (-8.654501528e-12 1.172126782 -3.748605932e-11) (1.053498028e-09 1.079949316 -1.11273023e-09)
14.93             (-1.202985068e-11 1.171631267 6.713735e-12) (-8.66388327e-11 1.079500426 -3.871148577e-09)
14.935            (1.946315132e-11 1.171116303 4.077901426e-12) (-2.833842224e-09 1.07901834 -7.103500022e-09)
14.94             (5.348395235e-11 1.170581417 -2.339054661e-11) (-2.266339828e-09 1.078568634 -8.265202293e-09)
14.945            (1.913666455e-10 1.170026144 -2.256667841e-10) (-1.960044136e-09 1.078085663 -5.704820079e-09)
14.95             (-4.936919845e-11 1.169450026 4.100131819e-11) (-4.82356149e-10 1.077634906 -4.043022832e-09)
14.955            (8.227970639e-11 1.168852617 -1.500073982e-10) (-2.561961965e-10 1.077150845 -7.676598451e-10)
14.96             (-2.001065419e-10 1.16823348 1.907929239e-10) (-2.312010955e-10 1.07669887 -4.328514799e-09)
14.965            (-6.944372788e-11 1.167592192 9.879895273e-11) (-1.727940416e-09 1.076213513 -5.533014833e-09)
14.97             (-3.778886781e-10 1.166928343 3.817060717e-10) (6.260615518e-10 1.075760036 -4.404888343e-09)
14.975            (-1.031910762e-09 1.16624154 9.426893191e-10) (1.055493814e-09 1.075273085 -2.100054861e-09)
14.98             (-2.773479747e-11 1.165531404 1.417115049e-11) (-3.47362222e-10 1.07481785 -3.968614742e-09)
14.985            (1.668616015e-11 1.164797577 -7.053874967e-12) (-1.680733402e-09 1.074329088 -5.599831573e-09)
14.99             (-7.749541497e-10 1.164039719 8.069837315e-10) (-1.214747645e-09 1.073871892 -7.265544093e-09)
14.995            (-1.779481155e-10 1.163257509 9.381169069e-11) (9.203456669e-10 1.073381071 -1.795729666e-09)
15                (-2.724370058e-10 1.16245065 2.504502468e-10) (-1.207973385e-09 1.072921609 -4.862008154e-09)
15.005            (5.758765168e-10 1.161618866 -5.671396947e-10) (-6.951165759e-10 1.072428491 -4.842562867e-09)
15.01             (-2.068353558e-10 1.160761906 2.065702011e-10) (-6.609265427e-10 1.071966554 -3.929838003e-09)
15.015            (6.829597083e-11 1.159879543 -7.269557587e-11) (-7.422526094e-10 1.071470842 -3.829702006e-09)
15.02             (-2.054394523e-10 1.158971578 2.142664967e-10) (-4.799489508e-10 1.071006182 -3.719346655e-09)
15.025            (-2.297222328e-11 1.158037835 2.368552941e-11) (-7.513611037e-10 1.070507673 -4.791238302e-09)
15.03             (6.216387132e-11 1.15707817 -2.360415452e-11) (-5.885783993e-09 1.070040041 -6.944892599e-09)
15.035            (4.52504621e-11 1.156092464 -2.677022904e-11) (-1.764336023e-09 1.069538426 -5.021623339e-09)
15.04             (-1.081759302e-10 1.155080627 1.03311453e-10) (-3.531852627e-10 1.06906761 -3.812896747e-09)
15.045            (4.532407876e-12 1.154042599 -1.070715215e-12) (-1.77944566e-09 1.068562848 -5.165345621e-09)
15.05             (-8.300784419e-11 1.15297835 1.132910438e-10) (-6.126608315e-09 1.06808867 -7.250561342e-09)
15.055            (7.578723764e-10 1.151887879 -7.725428216e-10) (-2.164349036e-09 1.067580376 -4.903128187e-09)
15.06             (1.110616961e-10 1.150771216 -1.301739205e-10) (-7.78698999e-10 1.067102568 -4.169848305e-09)
15.065            (3.384500733e-10 1.14962842 -3.423919334e-10) (-2.18670671e-09 1.066590636 -5.171059425e-09)
15.07             (5.718050091e-10 1.148459579 -5.418914248e-10) (-6.69234864e-09 1.066109093 -1.006728346e-08)
15.075            (2.420854823e-10 1.147264814 -2.500273753e-10) (-1.515775521e-09 1.065593343 -5.481321582e-09)
15.08             (3.861026187e-10 1.146044273 -3.573325185e-10) (-5.983296887e-09 1.065107848 -1.041357827e-08)
15.085            (1.021543687e-11 1.144798133 -9.928301296e-12) (-2.079666254e-09 1.064588084 -5.551012881e-09)
15.09             (3.753267262e-11 1.1435266 -3.223750954e-11) (5.241699781e-10 1.064098495 -3.047437084e-09)
15.095            (-1.463966686e-10 1.142229909 1.447343409e-10) (-1.006554029e-09 1.063574623 -4.102448149e-09)
15.1              (4.386171684e-11 1.14090832 -1.415312604e-11) (-5.704065227e-09 1.06308085 -9.09958049e-09)
15.105            (-1.285872076e-11 1.139562123 9.491301135e-12) (-1.436218671e-09 1.062552743 -5.27313985e-09)
15.11             (1.413742088e-11 1.13819163 -5.387504292e-12) (2.295853685e-09 1.062054641 -3.22958012e-09)
15.115            (-2.793375955e-11 1.136797179 1.792865368e-11) (-2.253941947e-09 1.061522195 -5.406959512e-09)
15.12             (-8.648688949e-13 1.135379132 -6.728052313e-11) (5.081602692e-09 1.061019703 8.256656183e-10)
15.125            (-1.097879955e-11 1.133937872 -1.26050992e-11) (-2.05361833e-09 1.06048287 -5.456636104e-09)
15.13             (2.767608371e-10 1.132473806 -2.611311967e-10) (-5.016015213e-09 1.05997594 -1.106010719e-08)
15.135            (4.670418334e-11 1.130987357 -6.67289365e-11) (-1.682203096e-09 1.059434659 -6.394477935e-09)
15.14             (1.047824008e-09 1.12947897 -1.029020175e-09) (-1.423519355e-09 1.058923206 -1.338453774e-08)
15.145            (2.731667743e-11 1.127949105 -4.198901173e-11) (-2.230406768e-09 1.058377438 -6.268111684e-09)
15.15             (8.85964936e-11 1.126398239 -1.557474462e-10) (5.968125848e-09 1.057861493 1.964319623e-09)
15.155            (4.242725751e-11 1.124826863 -2.990332975e-11) (-2.121978052e-09 1.057311303 -5.46882514e-09)
15.16             (-9.243042255e-12 1.123235479 1.308473483e-11) (-4.822848777e-09 1.056790905 -1.052766485e-08)
15.165            (2.168568302e-11 1.121624603 -5.574808945e-12) (-1.88262075e-09 1.056236301 -5.521079597e-09)
15.17             (-3.428816424e-10 1.11999476 3.708496815e-10) (4.086209007e-09 1.055711432 -9.2922933e-09)
15.175            (-3.174328428e-11 1.118346483 2.470489409e-11) (-1.530192459e-09 1.055152466 -5.928324899e-09)
15.18             (-7.370474083e-11 1.11668031 8.183720025e-11) (1.514592067e-09 1.054623273 -4.231544009e-09)
15.185            (-2.602653578e-11 1.114996788 1.906023601e-11) (-1.398285398e-09 1.054060098 -5.356892271e-09)
15.19             (-1.371625376e-10 1.113296465 1.479326471e-10) (2.125766554e-09 1.053526642 -5.027263631e-09)
15.195            (-2.016416276e-11 1.111579893 1.307004065e-11) (-1.531871722e-09 1.052959314 -5.136974601e-09)
15.2              (-2.684577224e-11 1.109847625 3.52871001e-11) (1.331567399e-09 1.052421704 -4.090305668e-09)
15.205            (-1.129548997e-11 1.108100212 3.67062801e-12) (-1.644285255e-09 1.05185042 -5.045776444e-09)
15.21             (-2.257501413e-11 1.106338208 3.135909361e-11) (1.384005978e-09 1.05130888 -4.198337531e-09)
15.215            (-1.219872822e-11 1.10456216 4.540499169e-12) (-1.732842896e-09 1.050733829 -4.945832132e-09)
15.22             (-4.874136353e-11 1.102772613 5.756134679e-11) (1.097079902e-09 1.050188482 -3.793449837e-09)
15.225            (1.371499115e-12 1.100970109 1.285263206e-11) (-1.152403685e-09 1.049609835 -4.161199787e-09)
15.23             (4.347714987e-11 1.099155182 -3.281116448e-11) (1.220629493e-09 1.049060905 -3.626440729e-09)
15.235            (6.961882449e-12 1.097328361 8.103512523e-12) (-1.050019688e-09 1.048478941 -4.322870954e-09)
15.24             (-6.649581022e-11 1.095490166 7.659671416e-11) (1.250537119e-09 1.047926698 -3.498979374e-09)
15.245            (-1.490808431e-12 1.09364111 1.269804419e-11) (-1.133151421e-09 1.047341674 -4.419429038e-09)
15.25             (8.726575345e-11 1.091781697 -7.733782614e-11) (1.134639728e-09 1.046786348 -3.413796021e-09)
15.255            (8.844312426e-12 1.08991242 8.179244862e-13) (-1.274053181e-09 1.046198535 -4.541169443e-09)
15.26             (-8.500181048e-11 1.088033765 9.297773851e-11) (1.087526318e-09 1.045640413 -3.334256855e-09)
15.265            (-7.190966748e-12 1.086146204 1.231791308e-11) (-1.438199481e-09 1.045050138 -4.652692418e-09)
15.27             (1.283489537e-10 1.0842502 -1.205849291e-10) (9.449721724e-10 1.044489538 -3.283025819e-09)
15.275            (9.284851864e-12 1.082346204 -5.357433869e-12) (-1.613920043e-09 1.043897127 -4.821473328e-09)
15.28             (-9.146448712e-11 1.080434654 9.955051536e-11) (1.070351312e-09 1.043334358 -3.118629637e-09)
15.285            (-1.347350101e-11 1.078515979 1.503881802e-11) (-1.736722003e-09 1.042740148 -4.960945524e-09)
15.29             (1.949657295e-10 1.076590594 -1.868938179e-10) (8.154215004e-10 1.042175544 -3.148211411e-09)
15.295            (-1.282001718e-10 1.074658902 1.019058773e-10) (-4.185388321e-09 1.041579905 -8.090250674e-09)
15.3              (-8.483975543e-11 1.072721294 8.341252868e-11) (-1.413182422e-09 1.041013824 -4.879884829e-09)
15.305            (-6.025524119e-11 1.07077815 3.013854853e-11) (-5.686738461e-09 1.040417116 -9.069336403e-09)
15.31             (-1.113640132e-10 1.068829836 9.853357918e-11) (-4.428061546e-10 1.039849896 -4.11429817e-09)
15.315            (1.319567693e-10 1.066876706 -1.608879794e-10) (-6.663142505e-09 1.039252477 -9.759097818e-09)
15.32             (-7.39180461e-11 1.064919104 3.86271061e-11) (-1.529449125e-09 1.038684475 -4.552850956e-09)
15.325            (1.315150062e-10 1.06295736 -1.598574677e-10) (-6.06701804e-09 1.038086733 -9.65245522e-09)
15.33             (-3.926117229e-10 1.060991795 3.815573725e-10) (-1.69973404e-09 1.037518322 -2.798531516e-09)
15.335            (5.250008699e-10 1.059022714 -5.494662998e-10) (-4.719278604e-09 1.036920625 -9.147932528e-09)
15.34             (1.51032222e-10 1.057050416 -1.726345396e-10) (-1.172110273e-09 1.036352144 -2.596194213e-09)
15.345            (1.961672289e-10 1.055075185 -2.191309134e-10) (-5.683397576e-09 1.035754849 -9.646279868e-09)
15.35             (-4.642286755e-10 1.053097297 4.570992114e-10) (-4.217134826e-09 1.035186651 -4.937067651e-09)
15.355            (3.691240021e-10 1.051117017 -3.898318701e-10) (-5.471358274e-09 1.034590108 -8.609604415e-09)
15.36             (4.68126202e-11 1.0491346 -7.0695757e-11) (-2.811144317e-09 1.034022517 -3.176641222e-09)
15.365            (-1.122893211e-10 1.04715029 9.604431755e-11) (-2.463651028e-09 1.033427032 -5.022800941e-09)
15.37             (-1.092607681e-09 1.045164325 1.08414382e-09) (-3.761694641e-09 1.032860338 -1.645057106e-09)
15.375            (9.744825619e-10 1.043176932 -9.881546266e-10) (-5.353985401e-09 1.032267507 -1.819705214e-08)
15.38             (6.149125647e-10 1.041188328 -6.287102118e-10) (1.933510216e-09 1.0317057 1.247691896e-10)
15.385            (-1.550630889e-10 1.039198723 1.403701358e-10) (-4.221973988e-09 1.031117944 -8.387990915e-09)
15.39             (-5.102732553e-10 1.037208319 5.025964083e-10) (3.252923474e-09 1.030558253 -1.978880553e-09)
15.395            (-1.090339876e-11 1.035217308 -3.412035679e-12) (-7.008050738e-09 1.029971636 -1.09629394e-08)
15.4              (3.6836868e-10 1.033225872 -3.867050324e-10) (4.287831663e-09 1.029413404 3.424116373e-10)
15.405            (1.025872462e-10 1.031234186 -1.209338475e-10) (-3.233229256e-09 1.028829894 -7.955883091e-09)
15.41             (-4.126331602e-10 1.029242415 3.997083248e-10) (-3.191788276e-09 1.028274971 -5.058154015e-09)
15.415            (2.379720134e-10 1.027250715 -2.549620508e-10) (-8.162950908e-09 1.027694177 -1.154911064e-08)
15.42             (-6.112584609e-11 1.025259232 4.835485406e-11) (-4.337633999e-09 1.027140865 -4.566595528e-09)
15.425            (-8.200622034e-12 1.023268104 -6.815425146e-12) (-1.169066615e-09 1.026562044 -4.331185298e-09)
15.43             (6.432194088e-10 1.021277457 -6.561884679e-10) (3.141931628e-09 1.026010794 -3.924997811e-10)
15.435            (-8.869395888e-12 1.019287411 -7.954816616e-12) (2.254064449e-09 1.025434819 -1.308558253e-09)
15.44             (-8.512958e-10 1.017298075 8.436242125e-10) (1.086052209e-09 1.024886354 3.053885485e-10)
15.445            (5.600814954e-11 1.015309549 -6.159294039e-11) (-8.733788726e-10 1.024313086 -4.355412025e-09)
15.45             (1.057698907e-10 1.013321927 -1.12020941e-10) (-7.381887243e-10 1.023766735 -4.79537975e-09)
15.455            (-1.394553777e-11 1.011335295 3.048063232e-13) (1.614487308e-09 1.02319574 -2.371219169e-09)
15.46             (2.370613336e-10 1.009349731 -2.480698947e-10) (-3.559468089e-10 1.022651413 -3.281642813e-09)
15.465            (1.07321188e-10 1.007365306 -1.273273135e-10) (2.380409812e-09 1.022082779 -1.705923719e-09)
15.47             (-4.312873933e-10 1.005382087 4.19798598e-10) (-1.570382731e-10 1.021540664 -3.018080863e-09)
15.475            (1.642934403e-09 1.003400133 -1.623415527e-09) (-9.942282565e-09 1.020974263 -8.802889728e-09)
15.48             (4.425509899e-10 1.001419499 -4.704823326e-10) (-3.419531363e-09 1.020433972 -6.079158247e-09)
15.485            (-1.103761427e-09 0.9994402358 1.078107708e-09) (3.181222654e-09 1.019869315 -1.952162785e-09)
15.49             (1.911609343e-11 0.9974623911 -1.452376384e-11) (-6.908950517e-10 1.019330428 -2.55053081e-09)
15.495            (3.692851444e-10 0.995486008 -3.579512905e-10) (-2.800630488e-09 1.018767271 -3.843878402e-09)
15.5              (-1.318246208e-10 0.9935111268 1.201106367e-10) (2.618352103e-09 1.018229724 -5.487320089e-10)
15.505            (-2.106672106e-11 0.9915377851 1.796134651e-12) (8.235336317e-10 1.017667836 -1.891893087e-09)
15.51             (7.592956897e-11 0.989566018 -7.251387692e-11) (2.497796025e-09 1.017131243 -1.413410529e-09)
15.515            (6.926105075e-10 0.9875958593 -7.223872957e-10) (9.467082816e-10 1.016570092 -6.100909062e-09)
15.52             (3.183086746e-10 0.9856273409 -3.351727488e-10) (-3.553262449e-09 1.016033947 -6.84765614e-09)
15.525            (1.633120281e-11 0.9836604941 -3.430402992e-11) (-3.02148889e-09 1.015473095 -4.309470785e-09)
15.53             (9.626528484e-11 0.9816953494 -1.045221056e-10) (-2.375197839e-09 1.01493707 -4.275382764e-09)
15.535            (-1.593501305e-10 0.9797319373 1.537123219e-10) (-2.096641697e-09 1.014376091 -4.536474953e-09)
15.54             (-3.560806732e-10 0.9777702887 3.51476821e-10) (-1.527707499e-09 1.013839713 -3.365291228e-09)
15.545            (1.961587535e-10 0.9758104351 -1.97199524e-10) (-2.940819581e-09 1.013278061 -4.346502478e-09)
15.55             (-2.13717127e-11 0.9738524094 1.380814686e-11) (-2.833372983e-09 1.012740827 -5.303404088e-09)
15.555            (-2.919325161e-10 0.9718962461 2.74832308e-10) (-3.27210937e-09 1.012177997 -4.216641621e-09)
15.56             (-9.261107927e-10 0.9699419817 9.174913035e-10) (-4.576614989e-09 1.011639454 -2.290587428e-09)
15.565            (2.670574955e-11 0.9679896555 -3.94295964e-11) (-4.251805885e-09 1.011074924 -6.563854415e-09)
15.57             (1.24993648e-10 0.9660393097 -1.289876402e-10) (-3.937941681e-09 1.010534583 -5.327315912e-09)
15.575            (-3.815975204e-11 0.9640909904 3.71433483e-11) (-2.425070416e-10 1.00996784 -4.150471711e-09)
15.58             (2.375161604e-11 0.9621447474 -3.199591328e-11) (-6.032946348e-11 1.009425149 -5.535339086e-09)
15.585            (1.309748415e-13 0.9602006354 -4.855546472e-12) (-6.550028571e-09 1.008855568 -9.777299507e-09)
15.59             (-8.510509184e-11 0.9582587139 7.679139753e-11) (-1.50809361e-09 1.008310095 -8.042482414e-09)
15.595            (3.926302288e-13 0.9563190482 -6.900464056e-12) (-2.881818012e-09 1.007737356 -6.432173981e-09)
15.6              (-3.515740924e-12 0.9543817095 -3.539399524e-13) (-2.314832401e-09 1.007188626 -5.689927795e-09)
15.605            (-3.700322865e-11 0.9524467761 3.15229824e-11) (-2.618100717e-09 1.00661201 -6.311323881e-09)
15.61             (-2.243355591e-10 0.950514333 2.207051247e-10) (-3.117757148e-09 1.006059493 -5.190181463e-09)
15.615            (-4.457086687e-11 0.9485844732 4.002853522e-11) (-2.601160535e-09 1.005478741 -6.277094677e-09)
15.62             (4.045166422e-10 0.9466572977 -4.089276725e-10) (-3.761288558e-09 1.0049222 -3.308286785e-09)
15.625            (2.323172558e-12 0.944732916 -7.574243855e-12) (-2.450500522e-09 1.00433679 -5.996191313e-09)
15.63             (-1.319195757e-09 0.9428114472 1.307131296e-09) (-1.358880802e-09 1.003775592 -3.219790831e-09)
15.635            (-3.732881124e-11 0.9408930198 2.895847e-11) (-4.332736227e-09 1.003185085 -6.047698317e-09)
15.64             (4.1119579e-10 0.9389777724 -4.065249732e-10) (-3.430083778e-09 1.002619059 -6.312807269e-09)
15.645            (1.008516559e-10 0.9370658547 -1.122508983e-10) (-3.422129264e-09 1.002023226 -7.369269261e-09)
15.65             (-3.054514137e-10 0.9351574269 2.862340474e-10) (-1.145674125e-09 1.001451986 -1.059604662e-09)
15.655            (-2.215780704e-11 0.9332526611 8.657233811e-12) (-3.675596532e-09 1.000850298 -6.452443265e-09)
15.66             (5.697192784e-11 0.9313517413 -5.689329562e-11) (-3.523479746e-09 1.00027306 -5.657335925e-09)
15.665            (4.820631294e-11 0.9294548635 -5.775792749e-11) (-3.93725731e-09 0.9996645226 -6.012262213e-09)
15.67             (3.451980461e-10 0.9275622367 -3.613399784e-10) (3.789277082e-10 0.9990804827 -5.286170335e-09)
15.675            (-4.648858568e-12 0.9256740826 -9.109154659e-12) (-3.248563671e-09 0.9984646584 -7.908674745e-09)
15.68             (-1.030305353e-10 0.9237906364 1.091133012e-10) (-4.774252518e-09 0.9978736535 -5.747816686e-09)
15.685            (-1.200229463e-11 0.9219121469 -6.710177776e-13) (-4.068571045e-09 0.9972504656 -7.339094395e-09)
15.69             (-1.239794688e-12 0.9200388769 -1.74229242e-12) (-1.909091592e-09 0.9966523905 -5.947010394e-09)
15.695            (6.225381349e-12 0.918171103 -8.148436462e-12) (-2.799779052e-09 0.9960216866 -6.486824482e-09)
15.7              (4.567763188e-10 0.9163091163 -4.065916387e-10) (-4.259895701e-09 0.9954163788 -1.101441103e-08)
15.705            (2.289646251e-11 0.9144532224 -3.10805285e-11) (-3.591374445e-09 0.9947780969 -8.005300127e-09)
15.71             (-4.134612727e-11 0.9126037414 6.466516618e-11) (-4.263485303e-09 0.9941655852 -9.182708336e-09)
15.715            (-7.596383277e-13 0.9107610082 -8.135675942e-12) (-4.004436399e-09 0.9935197779 -7.469267888e-09)
15.72             (-2.342211567e-10 0.9089253723 1.995515372e-10) (4.945519378e-10 0.9929000918 -3.028705585e-09)
15.725            (9.177155222e-12 0.9070971979 -2.534622325e-11) (-3.572278499e-09 0.992246769 -7.278901535e-09)
15.73             (8.660568625e-10 0.9052768639 -8.830350657e-10) (-1.609931171e-09 0.9916198874 -6.393996277e-09)
15.735            (4.986178686e-11 0.9034647637 -5.62475255e-11) (-3.202911702e-09 0.9909590917 -6.369885737e-09)
15.74             (-4.587119418e-11 0.9016613051 4.062309401e-11) (-2.132493685e-09 0.9903251221 -5.73783972e-09)
15.745            (-1.306051134e-11 0.8998669099 1.206231457e-12) (-3.277438125e-09 0.9896570042 -7.622495349e-09)
15.75             (-4.879327666e-10 0.8980820136 4.723028102e-10) (-2.187309416e-09 0.9890160636 -6.020067675e-09)
15.755            (-4.507423682e-11 0.8963070653 3.0123862e-11) (-4.054414187e-09 0.9883407205 -7.492026846e-09)
15.76             (-6.159643853e-11 0.8945425271 5.014408346e-11) (-2.811850586e-09 0.9876928902 -7.939980216e-09)
15.765            (1.176601427e-10 0.892788874 -1.322890559e-10) (-3.96039956e-09 0.9870104773 -8.18941666e-09)
15.77             (1.152772723e-09 0.8910465927 -1.167169552e-09) (-2.884597223e-09 0.9863559557 -7.578235859e-09)
15.775            (4.765665733e-11 0.8893161817 -6.372482197e-11) (-4.484472945e-09 0.9856666998 -7.916655798e-09)
15.78             (-2.1715568e-11 0.8875981502 -1.792270486e-11) (2.674543129e-08 0.985005669 2.271012915e-08)
15.785            (-4.338758071e-11 0.8858930177 2.860060811e-11) (-3.451211097e-09 0.9843097501 -7.553233657e-09)
15.79             (-6.323312846e-10 0.8842013128 5.927785691e-10) (4.511287317e-08 0.9836423811 3.967939148e-08)
15.795            (-7.556149558e-12 0.8825235724 -1.330892575e-11) (-3.318292823e-09 0.98294001 -7.182742813e-09)
15.8              (3.76644945e-10 0.8808603411 -4.319625609e-10) (4.066785252e-08 0.9822665157 3.544659409e-08)
15.805            (-3.471159492e-11 0.8792121698 1.428762736e-11) (-3.672360435e-09 0.9815579262 -7.659602543e-09)
15.81             (-3.00515851e-10 0.8775796149 2.459565981e-10) (3.69959202e-08 0.9808785143 3.217506578e-08)
15.815            (6.168264194e-11 0.8759632374 -5.910582588e-11) (-3.263863179e-09 0.9801639507 -7.540310021e-09)
15.82             (1.990348311e-10 0.8743636013 -2.088715735e-10) (-7.358629587e-09 0.9794788604 -1.249993574e-08)
15.825            (4.037034022e-11 0.8727812735 2.996403312e-12) (-5.035296623e-09 0.9787585352 -9.772046428e-09)
15.83             (-3.354140598e-10 0.871216822 2.679357041e-10) (5.27149969e-08 0.9780680558 4.808889369e-08)
15.835            (1.973582813e-11 0.8696708153 3.46497055e-11) (-4.585631036e-09 0.9773423692 -8.802771319e-09)
15.84             (1.056651844e-10 0.8681438218 -1.338198096e-10) (1.936675442e-08 0.9766466936 1.482697279e-08)
15.845            (5.813019174e-11 0.8666364083 -6.731776991e-12) (-5.338350296e-09 0.975915749 -9.427807037e-09)
15.85             (-3.636587384e-10 0.8651491393 3.186786889e-10) (3.369246446e-08 0.975215128 2.97981611e-08)
15.855            (6.679062677e-12 0.8636825757 4.746670593e-11) (-5.991394658e-09 0.9744793092 -1.031132166e-08)
15.86             (8.408027773e-11 0.8622372734 -1.177424513e-10) (2.056689358e-08 0.9737740273 1.633107139e-08)
15.865            (-1.165223459e-11 0.8608137818 6.534465623e-11) (-7.059097e-09 0.9730335222 -1.067765641e-08)
15.87             (-3.61022415e-10 0.8594126418 3.190786948e-10) (2.322200315e-08 0.9723237504 1.973372896e-08)
15.875            (2.091847524e-11 0.8580343839 3.441746115e-11) (-7.717543785e-09 0.971578834 -1.163653243e-08)
15.88             (6.00986925e-11 0.8566795258 -8.945716007e-11) (1.370107943e-08 0.9708648859 9.496916948e-09)
15.885            (-2.357572119e-11 0.8553485696 7.013597762e-11) (-8.50111489e-09 0.9701158389 -1.230723699e-08)
15.89             (-3.442492876e-10 0.8540419999 3.574683284e-10) (-1.027965579e-08 0.9693979015 -1.337408081e-08)
15.895            (1.147846523e-11 0.8527602806 4.186875201e-11) (-9.726064511e-09 0.9686449294 -1.406832185e-08)
15.9              (7.480391307e-11 0.8515038533 -1.068605089e-10) (1.361121565e-08 0.9679232813 9.524948299e-09)
15.905            (5.417471539e-13 0.8502731348 5.368905317e-11) (-9.878240608e-09 0.967166686 -1.386581301e-08)
15.91             (-4.71563096e-10 0.8490685157 4.231639799e-10) (2.451637344e-08 0.9664415161 2.089254821e-08)
15.915            (6.123098844e-11 0.8478903587 -6.340151599e-12) (-9.780615708e-09 0.9656814616 -1.383935933e-08)
15.92             (-7.436024402e-12 0.8467389977 -1.834749663e-11) (5.840705268e-09 0.9649529966 1.835626077e-09)
15.925            (3.404247772e-11 0.8456147371 1.437176422e-11) (-1.042879403e-08 0.9641897786 -1.430595512e-08)
15.93             (4.42003076e-11 0.8445178512 -1.949618025e-11) (-1.29777038e-08 0.9634591887 -1.693251719e-08)
15.935            (3.676464941e-11 0.8434485838 -4.924985299e-12) (-1.095582598e-08 0.9626954343 -1.576485363e-08)
15.94             (1.064604178e-10 0.8424071474 -1.579319864e-10) (2.007634139e-08 0.9619642644 1.565293526e-08)
15.945            (8.875222588e-12 0.8413937235 4.233067846e-11) (-1.095611622e-08 0.9611983769 -1.542067275e-08)
15.95             (-6.97834475e-10 0.8404084611 6.600378716e-10) (1.355400942e-08 0.9604641623 9.025919226e-09)
15.955            (1.664255314e-10 0.839451477 -1.13642402e-10) (-1.160401462e-08 0.9596959835 -1.482130748e-08)
15.96             (-7.640475899e-11 0.8385228542 7.377792155e-11) (-1.278917159e-08 0.9589604212 -1.668789051e-08)
15.965            (9.786124513e-11 0.8376226421 -4.755804497e-11) (-1.250844847e-08 0.9581908384 -1.564772694e-08)
15.97             (-1.165502812e-10 0.8367508551 1.167924911e-10) (-1.274832402e-08 0.957453367 -1.69082041e-08)
15.975            (4.996832065e-11 0.8359074726 -2.435454054e-12) (-1.278961633e-08 0.9566817325 -1.66048516e-08)
15.98             (2.895741361e-10 0.835092438 -3.331353719e-10) (1.29878185e-08 0.9559423422 1.180160444e-08)
15.985            (-1.174434639e-10 0.8343056586 1.691222348e-10) (-1.200342607e-08 0.9551693114 -1.698575072e-08)
15.99             (1.441387257e-11 0.8335470057 -8.964008382e-12) (-1.422781391e-08 0.9544288164 -1.724197243e-08)
15.995            (-3.634526819e-10 0.8328163144 4.554139329e-10) (-1.299114068e-08 0.9536546784 -1.664217942e-08)
16                (1.422969468e-10 0.8321133839 -1.944859426e-10) (3.69562862e-09 0.9529129116 2.03879312e-09)
16.005            (3.890677048e-11 0.8314379783 -8.488786114e-11) (-1.3957285e-08 0.9521374461 -1.752905534e-08)
16.01             (-1.129077479e-10 0.8307898267 8.024976404e-11) (-2.553754561e-09 0.9513943817 -6.894299329e-09)
16.015            (-3.401806731e-11 0.8301686243 -2.907230355e-13) (-1.352960809e-08 0.9506180052 -1.745065902e-08)
16.02             (-3.209788659e-12 0.8295740332 -2.091501824e-13) (-1.377963525e-08 0.9498741638 -1.784471401e-08)
16.025            (6.562985121e-11 0.8290056835 -1.302462657e-10) (-1.095915289e-08 0.9490971038 -1.677656196e-08)
16.03             (-1.230357062e-10 0.8284631743 1.277473806e-10) (-1.332342567e-08 0.9483525071 -1.731035041e-08)
16.035            (-6.869236312e-10 0.8279460752 6.357660808e-10) (-1.330060325e-08 0.9475747714 -1.817630956e-08)
16.04             (-1.002071585e-10 0.8274539274 8.360505265e-11) (-1.46492387e-08 0.9468294413 -1.837733092e-08)
16.045            (1.923643553e-10 0.8269862455 -1.914241984e-10) (-1.35586472e-08 0.9460512709 -1.76485643e-08)
16.05             (-4.048678465e-11 0.8265425185 4.053041567e-11) (-1.362212995e-08 0.9453055556 -1.743579173e-08)
16.055            (-3.834022749e-10 0.8261222118 3.310423774e-10) (-1.344949581e-08 0.9445270605 -1.81542962e-08)
16.06             (2.11873602e-11 0.8257247689 -2.251275374e-11) (-1.381578407e-08 0.9437810399 -1.74674795e-08)
16.065            (1.268883706e-10 0.8253496127 -1.270144326e-10) (-1.37992156e-08 0.9430025261 -1.765724813e-08)
16.07             (-3.561607288e-11 0.8249961477 3.949212505e-11) (-1.349478977e-08 0.9422563557 -1.726253654e-08)
16.075            (-2.306415494e-10 0.8246637614 1.815837765e-10) (-1.362083082e-08 0.9414777884 -1.818504327e-08)
16.08             (3.674572295e-11 0.8243518267 -3.123665473e-11) (-1.356677889e-08 0.9407317019 -1.705445645e-08)
16.085            (6.152078108e-11 0.824059703 -6.371429331e-11) (-1.376140669e-08 0.939953589 -1.767911415e-08)
16.09             (-3.295581313e-11 0.8237867388 3.418113352e-11) (-1.365165789e-08 0.9392077962 -1.752161264e-08)
16.095            (-2.205287122e-10 0.8235322731 1.772163351e-10) (-1.382227198e-08 0.9384299935 -1.831584601e-08)
16.1              (3.035130226e-11 0.8232956377 -2.685526569e-11) (-1.369257156e-08 0.9376845629 -1.756034453e-08)
16.105            (1.198160703e-10 0.8230761586 -1.192996762e-10) (-1.403342655e-08 0.9369075863 -1.76603031e-08)
16.11             (-1.811032691e-10 0.8228731585 2.105485027e-10) (-1.315773925e-08 0.9361629064 -1.681101553e-08)
16.115            (-1.914499277e-10 0.8226859581 1.474693813e-10) (-1.385351819e-08 0.9353867826 -1.776133683e-08)
16.12             (-9.287246047e-10 0.8225138782 9.45068914e-10) (-1.509219161e-08 0.9346429849 -1.846946039e-08)
16.125            (-4.563910896e-11 0.8223562411 3.88720461e-11) (-1.47135975e-08 0.9338681512 -1.857667457e-08)
16.13             (-2.497426588e-11 0.8222123726 7.630393949e-12) (-1.40339559e-08 0.9331255733 -1.767947088e-08)
16.135            (-1.575696714e-09 0.8220816034 1.561907666e-09) (-1.313053966e-08 0.9323521325 -1.895088142e-08)
16.14             (-7.162954663e-11 0.8219632705 6.468968562e-11) (-1.39964843e-08 0.9316106855 -1.784032373e-08)
16.145            (6.259689347e-11 0.8218567185 -7.282677082e-11) (-1.471639143e-08 0.9308387447 -1.850894354e-08)
16.15             (5.925409707e-10 0.8217613013 -5.886923423e-10) (-1.662756186e-08 0.9300989195 -1.960748353e-08)
16.155            (4.182315857e-11 0.8216763828 -5.360347774e-11) (-1.47116917e-08 0.9293289864 -1.862530115e-08)
16.16             (-7.671510687e-11 0.8216013389 7.085992649e-11) (-1.411402249e-08 0.9285910413 -1.778385016e-08)
16.165            (1.420764134e-09 0.8215355579 -1.440206123e-09) (-1.567394431e-08 0.9278233885 -1.657368029e-08)
16.17             (6.704059374e-11 0.8214784421 -6.370276063e-11) (-1.461831884e-08 0.9270877524 -1.851449915e-08)
16.175            (-5.282807876e-11 0.8214294086 4.639206648e-11) (-1.473354606e-08 0.9263229276 -1.874459901e-08)
16.18             (7.890530831e-11 0.8213878906 -7.844431342e-11) (-1.414493126e-08 0.925590041 -1.785110854e-08)
16.185            (-6.53073426e-10 0.8213533382 6.372322648e-10) (-1.497098265e-08 0.9248284704 -1.710684988e-08)
16.19             (8.209611081e-12 0.8213252191 -1.974988286e-11) (-1.205587671e-08 0.9240987994 -1.577189928e-08)
16.195            (4.449909485e-12 0.8213030197 -8.84849826e-12) (-1.463661297e-08 0.9233410315 -1.863399674e-08)
16.2              (7.760489991e-11 0.8212862454 -7.790685577e-11) (-1.471584677e-08 0.9226150696 -1.853978332e-08)
16.205            (-3.865926183e-10 0.8212744215 4.040497779e-10) (-1.359378392e-08 0.9218616398 -1.873519748e-08)
16.21             (-4.365043653e-11 0.8212670932 2.965877634e-11) (-9.739946802e-09 0.9211400022 -1.372740123e-08)
16.215            (3.633788044e-11 0.821263826 -3.897933649e-11) (-1.470708994e-08 0.9203915773 -1.849809729e-08)
16.22             (-1.078632338e-10 0.8212642056 1.09177701e-10) (-1.42669066e-08 0.9196748 -1.811912888e-08)
16.225            (-2.91232702e-11 0.8212678384 2.658540377e-11) (-1.462360995e-08 0.9189320044 -1.84779184e-08)
16.23             (2.860621037e-10 0.8212743508 -2.877136081e-10) (-1.328894596e-08 0.9182208479 -1.679204728e-08)
16.235            (2.109901183e-11 0.8212833896 -2.221182003e-11) (-1.481894418e-08 0.9174844674 -1.866248262e-08)
16.24             (-5.767226502e-12 0.8212946211 7.785245332e-12) (-1.451226475e-08 0.9167795507 -1.837669435e-08)
16.245            (3.586417684e-11 0.8213077313 -3.754486669e-11) (-1.475452624e-08 0.9160502999 -1.865654478e-08)
16.25             (3.656356984e-11 0.8213224252 -3.600132614e-11) (-1.406051659e-08 0.9153524272 -1.792193784e-08)
16.255            (1.251158163e-11 0.8213384266 -1.17395392e-11) (-1.40229573e-08 0.9146311976 -1.795385632e-08)
16.26             (-6.275136732e-11 0.8213554774 6.340348135e-11) (-1.431231638e-08 0.9139411928 -1.798978125e-08)
16.265            (1.461168032e-11 0.8213733375 -1.06770703e-11) (-1.566788415e-08 0.9132288704 -1.966820071e-08)
16.27             (-1.957248588e-11 0.821391784 2.007654603e-11) (-1.427072986e-08 0.9125475824 -1.776917187e-08)
16.275            (4.51136161e-12 0.8214106106 -4.858666427e-12) (-1.424351196e-08 0.9118450472 -1.818002863e-08)
16.28             (-3.763562923e-12 0.8214296276 4.387551545e-12) (-1.462487392e-08 0.9111733877 -1.851713972e-08)
16.285            (-5.964746234e-11 0.821448661 5.836925891e-11) (-1.403285032e-08 0.9104817226 -1.819649518e-08)
16.29             (2.178120308e-11 0.8214675518 -2.142456847e-11) (-1.459384163e-08 0.9098207012 -1.854560764e-08)
16.295            (4.253222278e-11 0.8214861555 -4.363708148e-11) (-1.373255698e-08 0.9091409101 -1.801261596e-08)
16.3              (-2.76937414e-11 0.8215043415 2.782045581e-11) (-1.474123549e-08 0.9084914921 -1.865920751e-08)
16.305            (-5.169388957e-11 0.8215219922 5.161983749e-11) (-1.415092316e-08 0.9078246709 -1.831970287e-08)
16.31             (-3.315039784e-11 0.8215390026 3.34193459e-11) (-1.4325994e-08 0.9071879361 -1.822474891e-08)
16.315            (5.07743038e-11 0.82155528 -5.0394359e-11) (-1.413446487e-08 0.9065352279 -1.830618032e-08)
16.32             (-4.736666835e-12 0.8215707427 5.035196389e-12) (-1.435145617e-08 0.9059122716 -1.833368271e-08)
16.325            (3.268323881e-10 0.8215853199 -3.259440018e-10) (-1.468666727e-08 0.9052748618 -1.808456912e-08)
16.33             (-3.6469072e-11 0.8215989507 3.681336585e-11) (-1.432126969e-08 0.9046668277 -1.826712659e-08)
16.335            (1.132513712e-10 0.8216115836 -1.130525714e-10) (-1.537304805e-08 0.9040459384 -1.945773527e-08)
16.34             (-4.715300245e-11 0.8216231759 4.740835463e-11) (-1.446849552e-08 0.9034539772 -1.829065704e-08)
16.345            (4.025413495e-11 0.8216336934 -4.032923713e-11) (-1.413813755e-08 0.9028507992 -1.77807897e-08)
16.35             (-1.165725679e-11 0.8216431096 1.20822661e-11) (-1.448004437e-08 0.9022760908 -1.800146065e-08)
16.355            (-8.823989543e-12 0.8216514048 8.152408906e-12) (-1.696420152e-08 0.9016919342 -2.164491092e-08)
16.36             (-6.35775777e-12 0.8216585664 5.976715405e-12) (-1.465268347e-08 0.9011357029 -1.873095235e-08)
16.365            (3.43165806e-11 0.8216645876 -3.422169762e-11) (-1.446344131e-08 0.9005717978 -1.802845312e-08)
16.37             (-4.276428247e-12 0.8216694673 4.284025303e-12) (-1.459019046e-08 0.900035201 -1.844769687e-08)
16.375            (-7.171014384e-12 0.8216732096 6.807085491e-12) (-1.535227739e-08 0.8994928139 -1.892323893e-08)
16.38             (6.80436344e-12 0.8216758235 -6.576779608e-12) (-1.463686626e-08 0.8989770925 -1.855637606e-08)
16.385            (5.261950563e-13 0.8216773226 -5.503848375e-13) (-1.518378141e-08 0.8984574935 -1.904908032e-08)
16.39             (-7.706978672e-12 0.8216777244 7.827581485e-12) (-1.46900669e-08 0.8979638132 -1.856385631e-08)
16.395            (6.297152208e-12 0.8216770506 -6.34668103e-12) (-1.458395425e-08 0.8974683223 -1.837038986e-08)
16.4              (-2.130867535e-12 0.8216753263 2.206386068e-12) (-1.465653089e-08 0.8969980392 -1.856917267e-08)
16.405            (1.859699685e-11 0.8216725805 -1.86390473e-11) (-1.459944226e-08 0.8965278169 -1.852746503e-08)
16.41             (-2.133714401e-13 0.8216688456 2.746657733e-13) (-1.464275699e-08 0.8960817361 -1.85693893e-08)
16.415            (-8.142684835e-12 0.8216641572 8.079886771e-12) (-1.458991159e-08 0.8956378696 -1.865314936e-08)
16.42             (3.40181135e-13 0.8216585548 -1.43326395e-13) (-1.460302881e-08 0.8952174838 -1.858269919e-08)
16.425            (7.221453196e-13 0.8216520808 -8.395368307e-13) (-1.482513079e-08 0.894801286 -1.870919901e-08)
16.43             (-1.533458457e-12 0.8216447814 1.536698685e-12) (-1.472824893e-08 0.8944072672 -1.859167708e-08)
16.435            (-5.81207581e-13 0.8216367056 4.936997643e-13) (-1.4643119e-08 0.8940194625 -1.860475208e-08)
16.44             (-2.671621439e-12 0.8216279057 2.428333377e-12) (-1.467938142e-08 0.8936528757 -1.853404352e-08)
16.445            (5.968807018e-12 0.8216184362 -6.247871795e-12) (-1.46122426e-08 0.8932947382 -1.858975473e-08)
16.45             (3.84725656e-12 0.8216083546 -4.099750449e-12) (-1.464553598e-08 0.8929566796 -1.859429817e-08)
16.455            (-2.533351732e-12 0.8215977197 2.384579187e-12) (-1.458996694e-08 0.8926289571 -1.867636439e-08)
16.46             (-1.470505767e-12 0.8215865921 1.352669612e-12) (-1.459220424e-08 0.8923199113 -1.86669193e-08)
16.465            (-1.151064425e-12 0.8215750336 1.070813339e-12) (-1.470458752e-08 0.8920232387 -1.863615285e-08)
16.47             (4.623003946e-12 0.8215631066 -4.757272022e-12) (-1.465232586e-08 0.8917439774 -1.862856683e-08)
16.475            (7.050647703e-12 0.8215508741 -7.115291233e-12) (-1.467324698e-08 0.8914791539 -1.864762848e-08)
16.48             (5.439494763e-12 0.8215383994 -5.593054855e-12) (-1.469219086e-08 0.8912303599 -1.865131594e-08)
16.485            (6.778171734e-13 0.8215257462 -8.233727393e-13) (-1.468557124e-08 0.890997892 -1.863809755e-08)
16.49             (-6.952597555e-14 0.8215129782 -4.208248133e-14) (-1.460001716e-08 0.8907799224 -1.853139923e-08)
16.495            (7.272114642e-12 0.8215001596 -7.40896239e-12) (-1.477064006e-08 0.8905801647 -1.88060389e-08)
16.5              (-1.254000527e-13 0.8214873547 -5.352211068e-14) (-1.483657926e-08 0.8903933829 -1.877717951e-08)
16.505            (-1.835455768e-12 0.8214746285 1.67309356e-12) (-1.490575778e-08 0.8902266764 -1.882923019e-08)
16.51             (-5.891914789e-12 0.821462046 5.719015775e-12) (-1.459939245e-08 0.8900713691 -1.846162075e-08)
16.515            (8.459054804e-12 0.8214496729 -8.657845458e-12) (-1.473466235e-08 0.8899378757 -1.874966757e-08)
16.52             (2.346478252e-12 0.8214375754 -2.506379227e-12) (-1.481298598e-08 0.8898141037 -1.868566598e-08)
16.525            (-5.721480118e-12 0.8214258196 5.32470915e-12) (-1.459090535e-08 0.8897138085 -1.857399497e-08)
16.53             (3.864476658e-11 0.8214144718 -3.887085224e-11) (-1.493611292e-08 0.8896215352 -1.871755629e-08)
16.535            (3.53248743e-12 0.8214035983 -3.672790916e-12) (-1.487046719e-08 0.8895543389 -1.880965739e-08)
16.54             (-1.596852049e-11 0.8213932652 1.596033968e-11) (-1.462595322e-08 0.8894934348 -1.879424886e-08)
16.545            (-2.089410145e-12 0.8213835387 2.013438065e-12) (-1.474482686e-08 0.8894590899 -1.867775417e-08)
16.55             (-2.564645691e-13 0.8213744851 -2.772519719e-14) (-1.510270043e-08 0.8894292518 -1.905905129e-08)
16.555            (4.500837996e-13 0.8213661707 -6.92046959e-13) (-1.483289563e-08 0.8894273593 -1.880978841e-08)
16.56             (-3.8912678e-12 0.8213586618 3.567111744e-12) (-1.396453582e-08 0.8894281837 -1.794078518e-08)
16.565            (1.245073416e-12 0.8213520252 -1.44852279e-12) (-1.48175763e-08 0.8894582467 -1.880353869e-08)
16.57             (-2.798489875e-12 0.8213463278 2.766202321e-12) (-1.509791067e-08 0.8894892141 -1.919007952e-08)
16.575            (-2.379869493e-12 0.8213416367 2.157905401e-12) (-1.493776189e-08 0.8895505959 -1.890252969e-08)
16.58             (-2.410252427e-12 0.8213380193 1.326938424e-12) (-1.432176458e-08 0.8896110522 -1.825634023e-08)
16.585            (-2.320029742e-12 0.8213355441 1.872737587e-12) (-1.476225424e-08 0.889702993 -1.880423008e-08)
16.59             (2.688203973e-12 0.8213342801 -2.45047439e-12) (-1.492630873e-08 0.8897921995 -1.88042692e-08)
16.595            (1.738909744e-11 0.8213342974 -1.759944232e-11) (-1.559772564e-08 0.8899138436 -1.966707021e-08)
16.6              (2.795018257e-11 0.8213356676 -2.801744131e-11) (-1.467424165e-08 0.8900309325 -1.876622058e-08)
16.605            (3.563176035e-12 0.8213384632 -4.069652526e-12) (-1.481094788e-08 0.8901813145 -1.883007882e-08)
16.61             (-3.415917675e-13 0.8213427586 -8.297831284e-13) (-1.465518985e-08 0.890325354 -1.860961961e-08)
16.615            (3.869495449e-12 0.8213486301 -4.360640602e-12) (-1.487433674e-08 0.8905034287 -1.887057751e-08)
16.62             (1.410389018e-11 0.8213561557 -1.308296037e-11) (-1.631580093e-08 0.890673407 -2.025469931e-08)
16.625            (-1.282278423e-11 0.8213654158 1.362500837e-11) (-1.481308307e-08 0.8908780536 -1.867977646e-08)
16.63             (-6.031708833e-12 0.8213764931 4.450347111e-12) (-1.486052582e-08 0.8910728475 -1.889571589e-08)
16.635            (-2.511020798e-11 0.8213894727 2.647860472e-11) (-1.575696522e-08 0.8913028802 -1.988832549e-08)
16.64             (-3.280149566e-13 0.8214044428 1.58017161e-12) (-1.373361268e-08 0.8915214026 -1.770372753e-08)
16.645            (1.549138073e-12 0.8214214941 -2.126087558e-12) (-1.459546098e-08 0.8917755925 -1.859086379e-08)
16.65             (-1.81067233e-11 0.8214407208 1.512285494e-11) (-1.399165337e-08 0.8920166101 -1.800656153e-08)
16.655            (2.450315304e-11 0.8214622203 -1.966867791e-11) (-1.806360307e-08 0.892293658 -2.198227961e-08)
16.66             (3.492603045e-12 0.8214860939 -3.385231623e-12) (-1.506093472e-08 0.892555966 -1.910048871e-08)
16.665            (-3.242621713e-12 0.8215124465 5.819351095e-13) (-1.396956825e-08 0.8928545941 -1.797234474e-08)
16.67             (-3.36919808e-12 0.8215413873 3.28034618e-12) (-1.499387697e-08 0.893136961 -1.900356387e-08)
16.675            (1.038446373e-11 0.8215730302 -3.697118312e-12) (-1.839214425e-08 0.8934558502 -2.242309299e-08)
16.68             (-6.329619213e-12 0.8216074939 7.371054026e-12) (-1.481519821e-08 0.8937570223 -1.883521309e-08)
16.685            (2.145845125e-12 0.8216449024 -1.103150772e-11) (-1.123115375e-08 0.8940948429 -1.522804601e-08)
16.69             (1.118873524e-11 0.8216853852 -9.766815817e-12) (-1.328772549e-08 0.8944135497 -1.73741103e-08)
16.695            (-1.970801588e-11 0.8217290778 1.710646844e-11) (-1.413281807e-08 0.8947689836 -1.861702033e-08)
16.7              (-1.517179156e-11 0.8217761219 1.756997284e-11) (-1.170409191e-08 0.8951040013 -1.567040814e-08)
16.705            (7.771108736e-12 0.8218266657 -5.748216918e-12) (-1.592763564e-08 0.8954757511 -1.916388944e-08)
16.71             (8.779935904e-12 0.8218808641 -4.540277682e-12) (-9.801127454e-09 0.8958258401 -1.364775016e-08)
16.715            (-1.405324703e-11 0.8219388789 2.673246615e-11) (-1.920086963e-08 0.896212636 -2.426739864e-08)
16.72             (-3.116518773e-13 0.8220008794 4.536408222e-12) (-8.115077188e-09 0.8965765928 -1.21064197e-08)
16.725            (-1.281210501e-13 0.8220670421 4.201101613e-13) (-1.421282553e-08 0.8969771631 -1.831706973e-08)
16.73             (-3.748774017e-12 0.8221375512 9.694979419e-12) (-7.609400735e-09 0.8973538057 -1.187171625e-08)
16.735            (2.555562435e-12 0.8222125989 2.126578228e-12) (-1.437336448e-08 0.8977669539 -1.854132353e-08)
16.74             (1.583893733e-12 0.8222923854 -1.963464748e-14) (-1.093640552e-08 0.898155155 -1.498066266e-08)
16.745            (-1.248298478e-11 0.8223771193 1.23329752e-11) (-1.569987578e-08 0.8985797053 -2.024218633e-08)
16.75             (-6.633514991e-13 0.8224670178 -1.07398377e-11) (-2.883718905e-08 0.8989783545 -3.283285225e-08)
16.755            (4.225527098e-13 0.8225623065 -2.33662982e-12) (-1.497893515e-08 0.8994131873 -1.911779431e-08)
16.76             (5.983536069e-12 0.8226632203 -8.729456338e-12) (-1.860625097e-08 0.8998212543 -2.26539475e-08)
16.765            (7.622715285e-12 0.822770003 -9.190149564e-12) (-1.589065106e-08 0.9002653023 -1.94711813e-08)
16.77             (-5.962918478e-12 0.8228829078 -7.183680885e-12) (-1.651804643e-08 0.9006817647 -2.067422644e-08)
16.775            (1.179333736e-11 0.8230021972 -3.063241095e-12) (-1.782148363e-08 0.9011339822 -2.046976714e-08)
16.78             (-7.072001475e-12 0.8231281434 8.361594599e-13) (-1.600803261e-08 0.9015578657 -1.993701838e-08)
16.785            (-2.834191831e-12 0.823261028 1.11613565e-12) (-1.575884882e-08 0.9020172734 -1.976221946e-08)
16.79             (-4.595830663e-12 0.8234011426 2.027253478e-13) (-1.587822158e-08 0.9024476687 -1.979542039e-08)
16.795            (-6.642964234e-12 0.8235487883 3.301491818e-12) (-1.557944086e-08 0.9029133458 -1.907160745e-08)
16.8              (7.687521018e-13 0.8237042761 7.548231054e-13) (-1.535926668e-08 0.9033493885 -1.936565378e-08)
16.805            (8.326915509e-12 0.8238679266 -1.605236815e-11) (-1.301220488e-08 0.9038204646 -1.733445212e-08)
16.81             (3.487964222e-12 0.8240400699 -2.251672203e-11) (-1.692985816e-08 0.9042613097 -2.104867811e-08)
16.815            (1.518912406e-11 0.8242210458 -2.650684207e-11) (-1.260806523e-08 0.9047369175 -1.722026475e-08)
16.82             (-4.174996935e-12 0.8244112032 -2.669658777e-13) (-1.562870831e-08 0.905181818 -2.003783402e-08)
16.825            (-1.5304667e-10 0.8246109001 1.421442896e-10) (-1.362046303e-08 0.905661232 -1.649289472e-08)
16.83             (3.546537477e-12 0.8248205034 -2.307887801e-12) (-1.579876107e-08 0.9061094426 -1.939850772e-08)
16.835            (7.779273506e-11 0.8250403883 -8.75096569e-11) (-1.237877205e-08 0.9065918804 -1.666485176e-08)
16.84             (1.536224893e-11 0.8252709384 -8.463562348e-12) (-1.653770491e-08 0.9070426884 -2.02170552e-08)
16.845            (9.579814929e-11 0.825512545 -1.003653567e-10) (-1.614480252e-08 0.9075274662 -1.810972936e-08)
16.85             (2.001776573e-11 0.8257656065 -1.50243329e-11) (-1.651927291e-08 0.907980255 -2.07598544e-08)
16.855            (5.913218657e-11 0.8260305284 -5.356656314e-11) (-1.61001836e-08 0.9084667343 -1.906130684e-08)
16.86             (2.863189438e-11 0.8263077223 -1.821289073e-11) (-1.62893805e-08 0.9089208313 -2.062177998e-08)
16.865            (4.208312422e-11 0.8265976056 -3.604767702e-11) (-1.639287612e-08 0.9094083842 -1.846588837e-08)
16.87             (5.39041558e-11 0.826900601 -2.616425955e-11) (-1.601093608e-08 0.9098634478 -2.046783351e-08)
16.875            (1.094429431e-11 0.8272171355 -4.410152988e-12) (-1.628706633e-08 0.910352049 -2.041214104e-08)
16.88             (-9.986250571e-12 0.8275476403 2.01499216e-11) (-1.597412051e-08 0.9108082706 -1.990565776e-08)
16.885            (1.333414745e-11 0.8278925502 -7.391481085e-12) (-1.53226529e-08 0.9112979671 -1.925651925e-08)
16.89             (-4.405456097e-11 0.8282523027 5.026869347e-11) (-1.58494354e-08 0.9117552096 -2.053293644e-08)
16.895            (-1.091758307e-10 0.8286273378 1.02005436e-10) (-2.297034936e-08 0.912246007 -2.793479122e-08)
16.9              (9.889352069e-12 0.8290180971 -3.290289537e-11) (-1.787342689e-08 0.912704506 -2.143097459e-08)
16.905            (-6.067780794e-12 0.8294250234 2.669961322e-12) (-1.537831163e-08 0.9131966919 -1.962999105e-08)
16.91             (-4.059024349e-11 0.8298485597 8.575206017e-11) (-1.404976916e-08 0.9136567935 -1.739015326e-08)
16.915            (1.070158959e-11 0.8302891487 -1.06445815e-11) (-1.525782244e-08 0.9141505359 -1.937147586e-08)
16.92             (-1.851035305e-11 0.830747232 5.251606494e-12) (-1.634925675e-08 0.9146121592 -2.084882415e-08)
16.925            (2.874185433e-12 0.831223249 -6.833166174e-13) (-1.608394859e-08 0.915107465 -1.997539326e-08)
16.93             (-8.512277773e-12 0.8317176356 1.053932524e-12) (-1.714526811e-08 0.9155708535 -2.057342476e-08)
16.935            (8.20117734e-12 0.8322308239 -1.540788832e-12) (-1.633978898e-08 0.9160681082 -2.039790853e-08)
16.94             (-9.698724126e-12 0.8327632399 5.358318575e-12) (-1.674366753e-08 0.9165336634 -2.133651804e-08)
16.945            (1.747465657e-11 0.8333153033 -9.332623531e-12) (-1.657317151e-08 0.9170330502 -2.04464385e-08)
16.95             (-2.966321914e-12 0.8338874253 -3.03601708e-12) (-1.747062447e-08 0.9175007936 -2.072152771e-08)
16.955            (6.787150542e-12 0.8344800082 -4.419387828e-12) (-1.494918359e-08 0.9180023777 -1.80666994e-08)
16.96             (-3.778161346e-12 0.8350934433 2.816899655e-12) (-1.741216054e-08 0.9184724935 -2.080207404e-08)
16.965            (3.80255265e-12 0.8357281103 -9.140228467e-12) (-1.391737744e-08 0.918976593 -1.778590788e-08)
16.97             (-2.884108441e-12 0.836384376 4.15978986e-12) (-1.696727196e-08 0.9194494093 -2.122782238e-08)
16.975            (3.650344649e-12 0.8370625932 -8.504638946e-12) (-1.365826463e-08 0.9199562074 -1.799347035e-08)
16.98             (-3.095050596e-12 0.8377630995 4.84703961e-12) (-1.697539831e-08 0.9204318431 -2.119291104e-08)
16.985            (5.782069233e-12 0.8384862164 -8.534977106e-12) (-1.368945584e-08 0.9209414981 -1.773464136e-08)
16.99             (-2.000027863e-12 0.8392322486 5.037188861e-12) (-1.710618792e-08 0.9214201386 -2.096988165e-08)
16.995            (4.341161679e-12 0.8400014828 -6.978323025e-12) (-1.376710119e-08 0.921932858 -1.758964314e-08)
17                (-2.270178831e-12 0.8407941868 5.755023066e-12) (-1.71367018e-08 0.9224147213 -2.097846314e-08)
17.005            (3.760603049e-12 0.8416106089 -6.25163228e-12) (-1.362998706e-08 0.9229307016 -1.755143901e-08)
17.01             (-2.593116936e-12 0.8424509766 6.798721182e-12) (-1.704420775e-08 0.9234159581 -2.10332347e-08)
17.015            (3.050583451e-12 0.8433154965 -6.030145608e-12) (-1.349373611e-08 0.9239353483 -1.754385875e-08)
17.02             (-5.182205656e-12 0.8442043529 -6.772465441e-11) (-1.225266975e-08 0.9244241341 -1.627929878e-08)
17.025            (-4.98455912e-12 0.8451177073 -9.684798689e-14) (-1.326890206e-08 0.9249470841 -1.724432372e-08)
17.03             (-4.915521661e-11 0.8460556981 -1.726199056e-11) (-1.20519266e-08 0.9254395587 -1.543273935e-08)
17.035            (7.825665362e-12 0.8470184397 -1.447698072e-11) (-1.280149148e-08 0.9259662203 -1.726707041e-08)
17.04             (-4.128739516e-12 0.8480060221 7.081001777e-12) (-1.618034975e-08 0.9264625176 -2.084637663e-08)
17.045            (-2.568279406e-12 0.8490185104 -5.8435459e-13) (-1.31042696e-08 0.9269930048 -1.720960997e-08)
17.05             (3.847737502e-12 0.8500559449 -6.617543664e-11) (-1.108868291e-08 0.9274932235 -1.730494977e-08)
17.055            (-2.833919315e-12 0.8511183405 -2.213696475e-12) (-1.238345471e-08 0.9280276329 -1.677472695e-08)
17.06             (5.158030169e-12 0.8522056866 4.111874515e-14) (-1.628918643e-08 0.9285318672 -2.010646472e-08)
17.065            (2.2296556e-12 0.8533179473 -3.763379018e-12) (-1.26974924e-08 0.9290702862 -1.70170703e-08)
17.07             (-6.121808521e-11 0.854455061 8.427188861e-12) (-1.321259913e-08 0.9295786128 -1.513000915e-08)
17.075            (1.0035113e-11 0.8556169409 1.196245893e-12) (-1.57987443e-08 0.9301211 -1.969153029e-08)
17.08             (4.099442858e-12 0.8568034749 -1.230207353e-12) (-1.587956658e-08 0.9306335631 -2.031380839e-08)
17.085            (9.537218891e-12 0.8580145263 7.966325509e-12) (-1.706110016e-08 0.9311801538 -2.067056251e-08)
17.09             (-3.637121461e-12 0.8592499334 2.909104061e-12) (-1.644910477e-08 0.9316967826 -2.027699551e-08)
17.095            (1.440866566e-11 0.8605095105 3.391993596e-12) (-1.693669489e-08 0.9322474949 -2.141811774e-08)
17.1              (-2.227033775e-12 0.8617930485 7.481434504e-13) (-1.625852366e-08 0.9327682976 -2.070486703e-08)
17.105            (1.085690716e-11 0.8631003147 7.636111693e-12) (-1.701508818e-08 0.933323123 -2.136006758e-08)
17.11             (-1.611315227e-12 0.8644310546 -6.42380193e-11) (-1.221131076e-08 0.9338480807 -1.679980496e-08)
17.115            (-3.634250114e-13 0.8657849916 3.217485554e-12) (-1.565924389e-08 0.9344069854 -1.98130992e-08)
17.12             (-8.70803795e-12 0.8671618282 -4.193414516e-12) (-1.649106652e-08 0.9349360567 -2.071938209e-08)
17.125            (2.690730052e-11 0.8685612472 -1.462048822e-11) (-1.670551165e-08 0.9354989848 -2.1186801e-08)
17.13             (-2.75970161e-10 0.8699829121 2.252127003e-10) (-1.404079729e-08 0.9360321078 -1.564358385e-08)
17.135            (-5.426557351e-11 0.8714264684 5.24175389e-11) (-1.519210591e-08 0.9365989785 -1.888781984e-08)
17.14             (1.537338195e-11 0.8728915443 -1.803702681e-11) (-1.628578169e-08 0.937136063 -2.053745001e-08)
17.145            (-6.762134733e-11 0.8743777523 7.603792716e-11) (-1.642000523e-08 0.9377067692 -1.987766505e-08)
17.15             (1.889904675e-11 0.8758846897 -1.120836809e-11) (-1.693162967e-08 0.9382477153 -2.121945836e-08)
17.155            (9.380623438e-11 0.8774119401 -8.531946956e-11) (-1.497674718e-08 0.9388221248 -1.991006879e-08)
17.16             (6.945531054e-12 0.8789590742 5.760063121e-12) (-1.657560397e-08 0.9393667613 -2.071367384e-08)
17.165            (-8.841344602e-11 0.880525651 1.043809506e-10) (-1.583539196e-08 0.9399447077 -1.91694923e-08)
17.17             (1.054479135e-11 0.882111219 6.80485418e-12) (-1.609571282e-08 0.9404929176 -2.02166444e-08)
17.175            (-6.407966163e-11 0.8837153173 9.854218091e-11) (-1.712874775e-08 0.9410742393 -2.061221084e-08)
17.18             (-9.062189754e-11 0.8853374766 1.081310388e-10) (-1.408155891e-08 0.941625815 -1.740378222e-08)
17.185            (1.498984527e-10 0.8869772205 -1.379100037e-10) (-1.745896237e-08 0.9422103139 -2.228499337e-08)
17.19             (8.765808353e-11 0.8886340664 -7.297440289e-11) (-1.30883742e-08 0.9427650656 -1.764265661e-08)
17.195            (2.229919717e-10 0.8903075267 -1.963509295e-10) (-1.960522358e-08 0.9433525108 -2.496218951e-08)
17.2              (6.785699024e-11 0.8919971098 -5.403292027e-11) (-1.265727944e-08 0.9439102088 -1.706862789e-08)
17.205            (1.408850532e-11 0.8937023213 -2.674367887e-12) (-1.317479356e-08 0.9445003482 -1.734394161e-08)
17.21             (5.576014917e-11 0.8954226649 -4.300730533e-11) (-1.154105575e-08 0.9450607194 -1.591443619e-08)
17.215            (-2.601330179e-10 0.8971576434 2.892038465e-10) (-2.389306685e-08 0.9456532665 -2.697109809e-08)
17.22             (-9.346950918e-12 0.8989067598 8.120947218e-12) (-1.749577445e-08 0.9462162045 -2.174908982e-08)
17.225            (3.610760703e-11 0.9006695185 -3.61582615e-11) (-1.21000998e-08 0.9468110132 -1.632220055e-08)
17.23             (-4.440818382e-11 0.902445426 4.517003217e-11) (-1.744563548e-08 0.9473760438 -2.119572559e-08)
17.235            (-2.702686592e-11 0.9042339914 3.024840096e-11) (-1.186730523e-08 0.947972568 -1.532389348e-08)
17.24             (-3.648980232e-12 0.9060347279 1.376965998e-11) (-1.721575359e-08 0.948539372 -2.080298126e-08)
17.245            (3.951317001e-11 0.9078471529 -2.424640248e-11) (-1.948092542e-08 0.94913748 -2.347851608e-08)
17.25             (3.599441601e-11 0.9096707891 -2.987014178e-11) (-1.68932403e-08 0.94970602 -2.134684146e-08)
17.255            (1.29769182e-11 0.9115051651 -1.463869304e-11) (-1.485118226e-08 0.950305382 -1.943341031e-08)
17.26             (-2.070386558e-12 0.9133498157 4.896400505e-12) (-1.598770929e-08 0.9508750136 -2.005533077e-08)
17.265            (2.028083767e-11 0.9152042828 -1.875254343e-11) (-4.33197592e-09 0.9514750788 -8.335224022e-09)
17.27             (6.488891422e-12 0.9170681158 2.368316624e-12) (-1.479346483e-08 0.9520455703 -1.878972643e-08)
17.275            (-1.4319464e-11 0.918940872 8.961042808e-13) (7.16208759e-09 0.9526462795 3.174278622e-09)
17.28             (6.410043517e-12 0.9208221169 4.104083372e-12) (-1.392231701e-08 0.9532174587 -1.797719945e-08)
17.285            (-1.874235087e-11 0.9227114245 -3.665018925e-12) (1.771551372e-08 0.9538183088 1.378185824e-08)
17.29             (4.531155096e-11 0.9246083779 -4.295703452e-11) (-6.725169866e-09 0.9543885718 -1.021234042e-08)
17.295            (2.000001136e-11 0.926512569 -2.109011835e-12) (-2.844749641e-08 0.9549860599 -3.221721529e-08)
17.3              (-4.85359168e-12 0.9284235989 8.750898916e-12) (-1.377039635e-08 0.9555527897 -1.789019645e-08)
17.305            (5.860582507e-13 0.9303410781 4.545477366e-12) (-1.327958104e-08 0.9561487592 -1.750735936e-08)
17.31             (2.980990932e-11 0.9322646263 -1.429463982e-12) (-1.223762823e-08 0.9567161016 -1.737263671e-08)
17.315            (-2.734495795e-11 0.9341938726 1.620391948e-11) (-1.428284995e-08 0.9573114508 -1.928680551e-08)
17.32             (1.122696138e-11 0.9361284552 -7.818207576e-12) (-1.411323136e-08 0.9578768665 -1.76016273e-08)
17.325            (1.82475379e-11 0.9380680215 -2.011352173e-11) (-1.592326865e-08 0.9584697136 -1.88275696e-08)
17.33             (-3.028729124e-11 0.9400122279 4.79650373e-11) (-1.80758687e-08 0.9590333714 -1.083219836e-08)
17.335            (2.133345839e-10 0.9419607398 -2.060254028e-10) (-4.445719403e-09 0.959624788 -1.682868784e-08)
17.34             (-2.688343851e-10 0.9439132314 2.721615618e-10) (-2.003407996e-08 0.96018757 -1.546296039e-08)
17.345            (-9.032139305e-11 0.945869386 8.800298024e-11) (-1.635447857e-08 0.9607771673 -1.759312074e-08)
17.35             (-1.838186249e-11 0.9478288956 -2.338899767e-12) (-2.225655297e-08 0.9613376789 -2.066700626e-08)
17.355            (-3.902293129e-12 0.9497914614 3.751004818e-12) (-1.856528114e-08 0.9619245083 -2.171540279e-08)
17.36             (-1.933868788e-10 0.9517567944 1.804498059e-10) (-2.61585569e-08 0.9624826728 -1.361538969e-08)
17.365            (3.928242174e-11 0.9537246148 -5.105540055e-11) (-7.670133507e-09 0.9630670462 -9.335573289e-09)
17.37             (2.916420651e-11 0.9556946533 -2.948186442e-11) (-1.519988208e-08 0.9636230829 -1.865150827e-08)
17.375            (-1.003429979e-11 0.9576666513 8.459834779e-12) (-1.872321536e-08 0.9642047451 -2.105634149e-08)
17.38             (1.454933593e-11 0.9596403607 -3.522850364e-11) (-2.19073362e-08 0.964758095 -3.044070592e-08)
17.385            (-6.764388554e-12 0.9616155451 2.243844507e-12) (-1.267112292e-08 0.9653366684 -1.879259901e-08)
17.39             (-7.907352859e-11 0.9635919793 6.433371797e-11) (-1.915538007e-08 0.9658872464 -2.685540952e-08)
17.395            (4.136376297e-13 0.96556945 -3.267034886e-12) (-1.226634018e-08 0.966462814 -1.833123974e-08)
17.4              (6.563832514e-12 0.9675477551 -1.546241456e-11) (-1.503806594e-08 0.9670106835 -2.534195016e-08)
17.405            (1.505318004e-11 0.9695267039 -1.487551451e-11) (-1.030386198e-08 0.9675831454 -1.632023801e-08)
17.41             (1.414507146e-10 0.9715061167 -1.458142658e-10) (-1.473876985e-08 0.9681281 -2.383144733e-08)
17.415            (3.181451415e-11 0.9734858241 -3.195839047e-11) (-9.110078673e-09 0.9686973536 -1.549464031e-08)
17.42             (1.10668986e-10 0.9754656667 -1.134132974e-10) (-1.473723919e-08 0.969239401 -2.201329449e-08)
17.425            (3.900609326e-11 0.977445494 -3.94394978e-11) (-1.067677122e-08 0.9698055381 -1.706228303e-08)
17.43             (4.970209455e-11 0.9794251643 -5.051189138e-11) (-1.924772104e-08 0.9703447704 -2.564147283e-08)
17.435            (2.891717816e-11 0.9814045441 -2.96200414e-11) (-1.147492467e-08 0.9709078557 -1.823170515e-08)
17.44             (7.249151262e-11 0.9833835074 -7.205716282e-11) (-1.666787298e-08 0.9714442966 -2.511340735e-08)
17.445            (3.19812901e-11 0.9853619352 -3.102196563e-11) (-1.264044752e-08 0.9720044187 -1.927315911e-08)
17.45             (6.409142711e-11 0.9873397148 -6.295296188e-11) (-1.519094083e-08 0.9725381952 -2.236536471e-08)
17.455            (3.434437407e-11 0.9893167395 -3.488530645e-11) (-1.18388018e-08 0.9730955532 -1.811726028e-08)
17.46             (3.718308122e-12 0.9912929082 -5.437699156e-12) (-1.546998372e-08 0.973626857 -2.01660714e-08)
17.465            (-9.084193535e-12 0.993268125 -5.811932697e-12) (-7.915036965e-09 0.974181656 -1.136748263e-08)
17.47             (1.457327852e-11 0.9952422993 -1.655430105e-11) (-1.007777452e-08 0.9747106576 -1.874548849e-08)
17.475            (-7.696973156e-13 0.9972153449 3.257209464e-11) (-2.314460365e-08 0.9752630999 -2.974302216e-08)
17.48             (-1.151480962e-12 0.9991871799 8.965883311e-12) (-1.750827565e-08 0.9757901621 -2.254897325e-08)
17.485            (-5.21501785e-11 1.001157726 -1.983668421e-11) (-1.373814122e-08 0.9763408047 -1.976540115e-08)
17.49             (-3.773347336e-11 1.00312691 -2.091988699e-11) (-1.623953366e-08 0.9768662014 -2.201674917e-08)
17.495            (-1.781234715e-11 1.005094659 -2.091318796e-11) (-2.239490728e-11 0.9774151289 -5.62459308e-09)
17.5              (8.804297863e-12 1.007060905 1.260618471e-11) (-1.097717948e-08 0.977939129 -1.507442143e-08)
17.505            (-1.939575835e-11 1.009025582 -1.371330971e-11) (-1.292379496e-08 0.9784869303 -1.667783319e-08)
17.51             (7.25635503e-12 1.010988627 9.428862169e-12) (-1.109026767e-08 0.9790100909 -1.51468657e-08)
17.515            (-1.06261264e-11 1.012949975 2.088780073e-11) (-1.3061496e-08 0.979557095 -1.622827432e-08)
17.52             (8.843744218e-11 1.014909565 -6.983783968e-11) (-1.715887578e-08 0.9800795591 -2.33544916e-08)
17.525            (4.511154291e-11 1.016867336 -3.249008978e-11) (-1.265656773e-08 0.9806261531 -1.783552708e-08)
17.53             (7.460306294e-11 1.018823227 -4.253779699e-11) (-1.468260412e-08 0.9811485249 -2.132564113e-08)
17.535            (5.866237895e-12 1.020777175 7.306691471e-12) (-1.367103422e-08 0.9816953486 -1.733404514e-08)
17.54             (3.472088813e-11 1.022729118 -2.09780534e-11) (-1.511071114e-08 0.9822180927 -1.914175301e-08)
17.545            (1.766959297e-11 1.024678992 -8.913558847e-12) (-1.303481485e-08 0.9827656123 -1.685875439e-08)
17.55             (7.20345763e-11 1.026626731 -4.427774377e-11) (-1.560999517e-08 0.9832894948 -2.071469111e-08)
17.555            (6.128578779e-11 1.028572267 -4.838789501e-11) (-8.671962362e-09 0.9838389522 -1.350687987e-08)
17.56             (3.816641479e-11 1.030515529 -1.277220685e-11) (-1.374568398e-08 0.9843651727 -1.666203831e-08)
17.565            (4.044711482e-11 1.032456444 -3.030006036e-11) (-1.294252235e-08 0.9849173622 -1.701033027e-08)
17.57             (2.650955802e-10 1.034394932 -2.42884271e-10) (-1.477526094e-08 0.9854462863 -2.067166218e-08)
17.575            (-2.238363098e-10 1.036330913 2.47922596e-10) (-1.498588e-08 0.9860015165 -1.717525018e-08)
17.58             (-1.504545131e-10 1.0382643 1.653597171e-10) (-1.647861675e-08 0.9865335169 -2.099470385e-08)
17.585            (1.557543761e-10 1.040195002 -1.496990127e-10) (-6.909347672e-09 0.9870923643 -1.257096732e-08)
17.59             (1.942475614e-10 1.04212292 -1.625476669e-10) (-1.525742424e-08 0.9876280264 -2.179958991e-08)
17.595            (1.280538324e-10 1.044047953 -1.135384058e-10) (-1.527805468e-08 0.9881908566 -2.069057798e-08)
17.6              (8.250933878e-11 1.04596999 -6.970580941e-11) (-1.466155578e-08 0.9887304702 -1.920673924e-08)
17.605            (-4.90393498e-10 1.047888916 4.840112241e-10) (-3.181739022e-08 0.9892977924 -2.960663407e-08)
17.61             (3.391620585e-11 1.049804606 -2.31790333e-11) (-1.704181093e-08 0.9898418206 -2.080876268e-08)
17.615            (1.242514932e-10 1.05171693 -1.264544938e-10) (-2.347656528e-08 0.9904140131 -2.938644322e-08)
17.62             (3.946302593e-10 1.053625747 -3.591236833e-10) (-1.559587881e-08 0.9909627822 -2.384703422e-08)
17.625            (-1.203502392e-10 1.05553091 1.683566258e-10) (2.316162559e-08 0.9915401391 1.838211727e-08)
17.63             (-5.402775534e-10 1.057432262 5.73336516e-10) (-1.772221309e-08 0.9920940439 -1.706442747e-08)
17.635            (-1.538897202e-10 1.059329636 1.445665245e-10) (-3.246825698e-08 0.99267713 -3.422475192e-08)
17.64             (-6.523149976e-10 1.061222858 6.807316494e-10) (-2.331599164e-08 0.993236494 -1.725345879e-08)
17.645            (-2.541774913e-10 1.063111741 2.54742914e-10) (-2.540940797e-08 0.9938253681 -2.526143708e-08)
17.65             (2.515276136e-10 1.06499609 -2.417506665e-10) (-1.066201285e-08 0.9943903061 -1.775060962e-08)
17.655            (6.272790161e-11 1.066875698 -8.037678778e-11) (-3.590348591e-08 0.9949854339 -4.094361922e-08)
17.66             (-3.997835134e-11 1.068750349 9.271415243e-11) (-1.919860055e-08 0.9955566017 -2.772108477e-08)
17.665            (3.648110362e-11 1.070619815 -3.637741888e-11) (-2.103070757e-08 0.9961581631 -2.776654201e-08)
17.67             (2.632310931e-11 1.072483858 -1.579258303e-11) (-1.373004865e-08 0.996735228 -1.687330996e-08)
17.675            (-1.364387926e-11 1.074342227 3.014633208e-11) (-1.144779909e-08 0.9973432799 -1.466552366e-08)
17.68             (-4.971906359e-11 1.076194662 5.660035218e-11) (-1.242460722e-08 0.9979268844 -1.698531284e-08)
17.685            (-1.717937654e-11 1.078040889 3.094372206e-11) (-1.181193434e-08 0.9985419091 -1.617343036e-08)
17.69             (1.428045328e-11 1.079880624 -4.656770586e-12) (-1.985739419e-08 0.9991322121 -2.382409096e-08)
17.695            (-4.850663957e-12 1.081713571 1.661735155e-11) (-1.158973974e-08 0.9997541254 -1.523483042e-08)
17.7              (1.359688129e-10 1.083539424 -8.555026844e-11) (-2.622133425e-08 1.000350638 -3.225148604e-08)
17.705            (-5.420988651e-11 1.085357863 6.93841988e-11) (-1.205103129e-08 1.000979338 -1.573092775e-08)
17.71             (-9.687939515e-10 1.087168558 1.009633814e-09) (-2.340396128e-08 1.00158276 -3.279288452e-08)
17.715            (5.467607402e-10 1.088971168 -5.323516293e-10) (-1.22131958e-08 1.002218755 -1.952196431e-08)
17.72             (-8.960400264e-11 1.090765341 9.822358957e-11) (-1.774738946e-08 1.002828919 -2.13090258e-08)
17.725            (-1.978997938e-11 1.092550713 3.700005619e-11) (-1.304345341e-08 1.00347183 -1.677444793e-08)
17.73             (6.376246936e-10 1.09432691 -5.842525951e-10) (-3.466082818e-08 1.004088527 -2.946999338e-08)
17.735            (7.13627078e-12 1.096093545 1.020294099e-11) (-1.313004557e-08 1.004738419 -1.680787648e-08)
17.74             (9.009180386e-11 1.097850224 -8.669098484e-11) (-1.725078327e-08 1.005361913 -2.171109789e-08)
17.745            (-1.270683633e-11 1.09959654 2.072446487e-11) (-1.283001159e-08 1.006018865 -1.647873906e-08)
17.75             (-1.160205343e-09 1.101332076 1.215150934e-09) (-3.426303249e-08 1.006648985 -2.887311677e-08)
17.755            (-2.627946867e-11 1.103056403 3.660587146e-11) (-1.287420915e-08 1.007312712 -1.652601222e-08)
17.76             (-4.307394659e-11 1.104769083 4.418521596e-11) (-1.672769329e-08 1.007949228 -2.16813908e-08)
17.765            (-6.336678362e-12 1.106469668 1.562382918e-11) (-1.252131641e-08 1.008619662 -1.617229923e-08)
17.77             (3.071712276e-10 1.108157699 -2.33991821e-10) (-3.184849408e-08 1.009262625 -3.177217578e-08)
17.775            (-2.325247864e-11 1.109832708 3.788573155e-11) (-1.273568454e-08 1.00993972 -1.604663983e-08)
17.78             (2.338606522e-10 1.111494219 -2.397703937e-10) (-1.291673402e-08 1.010588985 -2.250419088e-08)
17.785            (6.173687678e-12 1.113141746 4.939497999e-12) (-1.15886508e-08 1.011272492 -1.64615715e-08)
17.79             (1.400783672e-10 1.114774799 -1.421838385e-10) (-1.869451356e-08 1.011927799 -1.786378781e-08)
17.795            (-1.014725219e-11 1.116392881 1.960935074e-11) (-1.206432429e-08 1.012617469 -1.539837473e-08)
17.8              (1.996595169e-10 1.117995492 -2.045097034e-10) (-1.35299401e-08 1.013278617 -2.298369767e-08)
17.805            (3.806185384e-12 1.119582133 3.351348199e-12) (-1.129173325e-08 1.013974322 -1.612211491e-08)
17.81             (-2.913061371e-10 1.121152302 2.892273968e-10) (-6.222698479e-09 1.014641146 -8.465499973e-09)
17.815            (9.309630238e-11 1.122705499 -3.274991487e-11) (-9.41995128e-09 1.015342586 -2.215764854e-08)
17.82             (1.643806753e-10 1.124241228 -1.691010404e-10) (-3.568857702e-09 1.016014971 -1.233825035e-08)
17.825            (-4.864183964e-11 1.125758998 4.99609574e-11) (-1.138281242e-08 1.016722066 -1.497182298e-08)
17.83             (-2.906771327e-10 1.127258323 2.772415186e-10) (-1.030395222e-08 1.017399803 -1.335255476e-08)
17.835            (1.486535215e-10 1.12873872 -9.006334111e-11) (-9.876212975e-09 1.018112231 -2.155464716e-08)
17.84             (-7.341347694e-13 1.130199716 -1.146907783e-11) (-2.780663686e-08 1.018794049 -3.26907466e-08)
17.845            (-4.054834587e-11 1.131640843 4.353429588e-11) (-1.103174918e-08 1.019508979 -1.583460673e-08)
17.85             (1.877310611e-11 1.133061641 -2.580479467e-11) (-1.138488504e-08 1.020193071 -1.678468253e-08)
17.855            (4.039423123e-10 1.134461658 -3.403545597e-10) (-9.456899039e-09 1.020912234 -2.113399839e-08)
17.86             (1.267661597e-11 1.135840451 -1.739241262e-11) (-1.141397036e-08 1.021601608 -1.768111393e-08)
17.865            (-1.636815652e-11 1.137197587 2.27908793e-11) (-1.119632516e-08 1.022325198 -1.570959448e-08)
17.87             (-2.559226217e-11 1.138532643 2.324462765e-11) (-1.273731258e-08 1.023017606 -1.801663362e-08)
17.875            (-1.338193586e-11 1.13984521 8.477857333e-11) (-1.260161424e-08 1.023744382 -1.90990383e-08)
17.88             (1.359447478e-11 1.141134891 -1.417866285e-11) (-1.396445636e-08 1.024440481 -1.821303887e-08)
17.885            (7.103755098e-12 1.142401306 -4.096570861e-12) (-1.10600387e-08 1.025171345 -1.589238856e-08)
17.89             (-9.388007833e-12 1.143644088 1.303941086e-11) (-1.442454202e-08 1.025871283 -1.989012541e-08)
17.895            (-2.952194244e-10 1.144862892 3.579293019e-10) (-1.261178671e-08 1.026605437 -1.898069776e-08)
17.9              (3.139629863e-12 1.146057389 2.874384963e-12) (-1.468503446e-08 1.027308157 -1.989250868e-08)
17.905            (-1.575648176e-13 1.147227272 5.620270745e-12) (-1.10534125e-08 1.028045174 -1.597193631e-08)
17.91             (-3.949452245e-12 1.148372255 -2.195555788e-11) (-7.554292701e-09 1.028750836 -1.246973802e-08)
17.915            (4.790671401e-10 1.149492076 -4.159213259e-10) (-1.295631897e-08 1.02949089 -1.856492919e-08)
17.92             (5.182156489e-11 1.150586494 -3.892590357e-11) (-1.492034183e-08 1.030199466 -2.011133994e-08)
17.925            (-5.609012158e-11 1.151655293 6.171850704e-11) (-1.112077953e-08 1.030942182 -1.598317982e-08)
17.93             (3.830654983e-11 1.152698284 -2.967915144e-11) (-1.454268776e-08 1.031653148 -1.971142266e-08)
17.935            (-4.244111762e-11 1.153715302 1.071233928e-10) (-1.411813461e-08 1.032398169 -1.768489073e-08)
17.94             (-5.96572327e-12 1.154706209 1.951364055e-11) (-1.507669256e-08 1.033111385 -1.983933028e-08)
17.945            (1.885915926e-11 1.155670896 -1.296773122e-11) (-1.111678725e-08 1.03385864 -1.64169229e-08)
17.95             (-3.426101636e-12 1.15660928 1.535667492e-11) (-1.4657303e-08 1.034574033 -1.959765238e-08)
17.955            (3.022821694e-11 1.157521305 3.097131977e-11) (-1.266807213e-08 1.035323299 -1.914766326e-08)
17.96             (1.422542046e-11 1.158406945 3.312266831e-13) (-1.476712791e-08 1.03604055 -2.013760908e-08)
17.965            (-7.372368376e-13 1.159266203 3.844779314e-12) (-1.144328869e-08 1.036791542 -1.635459584e-08)
17.97             (9.201910379e-12 1.160099109 2.404616209e-12) (-1.45867294e-08 1.037510455 -1.97795675e-08)
17.975            (4.507452402e-11 1.160905722 7.416298337e-12) (-1.371610678e-08 1.03826303 -1.791324724e-08)
17.98             (2.587351012e-12 1.161686131 9.40455615e-12) (-1.504530846e-08 1.038983494 -1.975357925e-08)
17.985            (-3.174406338e-11 1.162440451 7.421273058e-11) (-1.51512215e-08 1.039737458 -1.654973031e-08)
17.99             (1.166138107e-11 1.163168828 -1.039339904e-13) (-1.504619822e-08 1.040459221 -1.985796563e-08)
17.995            (-1.057664936e-11 1.163871433 -1.95240002e-11) (-1.331345187e-08 1.04121432 -1.815749065e-08)
18                (8.917573612e-12 1.164548466 4.420353094e-13) (-1.510290013e-08 1.041937166 -1.984558858e-08)
18.005            (-4.550278342e-11 1.165200155 -7.560715804e-11) (1.627914092e-09 1.042693233 -5.403102191e-09)
18.01             (9.177294097e-12 1.165826754 -2.211543117e-12) (-1.458664805e-08 1.043417053 -1.974383674e-08)
18.015            (-3.170039193e-12 1.166428542 -9.301751841e-12) (-1.267742387e-08 1.044173918 -1.786218343e-08)
18.02             (6.746985138e-12 1.167005827 -2.040561989e-12) (-1.446927123e-08 1.044898481 -1.955170745e-08)
18.025            (-1.047600651e-11 1.167558939 -1.084659737e-11) (-1.221920753e-08 1.04565592 -1.724793993e-08)
18.03             (3.646284878e-12 1.168088234 3.184441511e-12) (-1.462227372e-08 1.046381077 -1.958938279e-08)
18.035            (3.666896821e-11 1.168594092 -7.346521805e-11) (-1.25227977e-08 1.047139108 -1.72023784e-08)
18.04             (1.9564661e-12 1.169076915 5.93510788e-12) (-1.493251704e-08 1.047865113 -1.979195517e-08)
18.045            (5.517574616e-11 1.169537128 -8.858777445e-11) (-1.172103977e-08 1.048623795 -1.639560482e-08)
18.05             (-3.253152714e-13 1.169975177 6.640372367e-12) (-1.525616876e-08 1.049350117 -2.007121638e-08)
18.055            (5.794582641e-11 1.170391527 -7.526796494e-11) (-8.228915253e-09 1.05010884 -1.435110314e-08)
18.06             (1.562929651e-11 1.170786661 -6.840275721e-12) (-1.504932536e-08 1.050835425 -2.053390537e-08)
18.065            (6.352878621e-12 1.171161079 1.209409441e-11) (-1.198081314e-08 1.051594318 -1.679062806e-08)
18.07             (4.708795066e-11 1.171515298 -5.654738827e-11) (-1.093348233e-08 1.052321128 -1.796916249e-08)
18.075            (-2.025206001e-11 1.171849847 1.359231091e-11) (-9.602551728e-09 1.053079701 -1.541859832e-08)
18.08             (-2.963583281e-11 1.17216527 2.092512811e-11) (-1.19156025e-08 1.053805955 -1.642619235e-08)
18.085            (-1.124589697e-11 1.17246212 -1.495488386e-11) (-1.324414642e-08 1.054563993 -1.816737586e-08)
18.09             (-1.94607434e-11 1.172740961 7.609428093e-12) (-1.160680308e-08 1.055290009 -1.659457718e-08)
18.095            (-1.748287617e-10 1.173002362 1.350687036e-10) (-9.532266132e-09 1.056047444 -1.441648371e-08)
18.1              (7.121321861e-11 1.173246903 -8.368175432e-11) (-1.1442604e-08 1.056772755 -1.649735891e-08)
18.105            (-1.109963133e-11 1.173475164 -9.877569956e-12) (-1.217890151e-08 1.057529173 -1.732903426e-08)
18.11             (4.389457808e-11 1.173687732 -5.749153426e-11) (-1.00774794e-08 1.058253463 -1.539244056e-08)
18.115            (1.290326213e-10 1.173885195 -1.543420882e-10) (-1.080600545e-08 1.059008493 -1.485191126e-08)
18.12             (-1.118718835e-11 1.174068142 4.604350493e-12) (-9.440594375e-09 1.059731502 -1.41365191e-08)
18.125            (-3.867754611e-11 1.174237162 5.041745135e-12) (-1.157333636e-08 1.06048503 -1.67015376e-08)
18.13             (-2.675398989e-11 1.17439284 2.324497458e-11) (-1.37640239e-08 1.061206565 -1.868070295e-08)
18.135            (1.504573053e-10 1.174535762 -1.555075184e-10) (-1.18508578e-08 1.061958097 -1.662369531e-08)
18.14             (-1.858365723e-10 1.174666507 1.772824561e-10) (-1.112961239e-08 1.062677618 -1.607954102e-08)
18.145            (-8.497394551e-11 1.174785651 8.50992304e-11) (-1.016963326e-08 1.063426748 -1.523921048e-08)
18.15             (-1.749160536e-10 1.174893761 1.671312762e-10) (-1.114550735e-08 1.064144008 -1.60083354e-08)
18.155            (3.0560076e-11 1.1749914 -3.732821509e-11) (-1.189583527e-08 1.064890534 -1.683023835e-08)
18.16             (-2.099088653e-10 1.175079122 2.030351572e-10) (-1.118372798e-08 1.065605233 -1.595541384e-08)
18.165            (8.234776493e-11 1.175157469 -8.843902165e-11) (-1.198491486e-08 1.06634857 -1.65774245e-08)
18.17             (-2.459407883e-10 1.175226975 2.396238329e-10) (-1.107231496e-08 1.067060079 -1.61111968e-08)
18.175            (-1.477018016e-12 1.175288165 2.43479336e-12) (-1.196875611e-08 1.067799765 -1.692894254e-08)
18.18             (-2.454903636e-10 1.175341549 2.445410518e-10) (-1.10795161e-08 1.068507777 -1.615722104e-08)
18.185            (3.971517831e-10 1.175387625 -3.631850251e-10) (-1.493824205e-08 1.069243347 -1.855685905e-08)
18.19             (-3.24825495e-11 1.175426879 3.491338859e-11) (-1.116688399e-08 1.069947369 -1.624679808e-08)
18.195            (-1.95093925e-10 1.175459782 1.988342063e-10) (-1.139854407e-08 1.070678398 -1.702772271e-08)
18.2              (-4.088650134e-11 1.175486791 4.174315359e-11) (-1.119511033e-08 1.071377865 -1.621870487e-08)
18.205            (-2.924553708e-10 1.175508348 2.943625183e-10) (-1.194248081e-08 1.072103554 -1.772889752e-08)
18.21             (-1.610342058e-10 1.175524882 1.615655096e-10) (-1.136410141e-08 1.072797855 -1.618559647e-08)
18.215            (-6.157413759e-10 1.175536802 6.174522855e-10) (-1.1573427e-08 1.073517743 -1.741171619e-08)
18.22             (8.95583414e-11 1.175544506 -8.568288599e-11) (-1.13951612e-08 1.074206395 -1.617613357e-08)
18.225            (-8.002204827e-11 1.175548374 1.002718149e-10) (-1.493248519e-08 1.074919741 -1.822787235e-08)
18.23             (4.55540243e-10 1.17554877 -4.528690027e-10) (-1.172724612e-08 1.075601968 -1.713764698e-08)
18.235            (-1.267737168e-09 1.175546042 1.268455353e-09) (-1.212230336e-08 1.076308121 -1.630918575e-08)
18.24             (9.328307802e-11 1.175540522 -9.104522354e-11) (-1.173264347e-08 1.076983313 -1.725120493e-08)
18.245            (-1.734765383e-10 1.175532526 1.744036814e-10) (-1.271104077e-08 1.077681467 -1.604881142e-08)
18.25             (2.859112565e-10 1.175522354 -2.844329258e-10) (-1.178888076e-08 1.078348864 -1.746390209e-08)
18.255            (-1.180083317e-09 1.175510288 1.180644743e-09) (-1.263252755e-08 1.079038261 -1.580921141e-08)
18.26             (7.141316123e-11 1.175496598 -6.941977804e-11) (-1.153588326e-08 1.079697099 -1.709896901e-08)
18.265            (-1.249551026e-10 1.175481536 1.252488611e-10) (-1.263028768e-08 1.080376866 -1.576253112e-08)
18.27             (2.107019729e-11 1.175465338 -1.906202253e-11) (-1.183810961e-08 1.081026314 -1.675541031e-08)
18.275            (-9.349243477e-10 1.175448227 9.356362633e-10) (-1.307206287e-08 1.08169559 -1.522418987e-08)
18.28             (-8.883296006e-11 1.175430411 8.999909236e-11) (-1.236881155e-08 1.082334808 -1.677739295e-08)
18.285            (2.159400638e-10 1.175412086 -2.150779976e-10) (-1.141474387e-08 1.082992654 -1.719869082e-08)
18.29             (-5.459172515e-11 1.175393432 5.58790293e-11) (-1.240465388e-08 1.083620773 -1.659600308e-08)
18.295            (4.59821193e-10 1.17537462 -4.584996219e-10) (-1.120217274e-08 1.084266299 -1.824518813e-08)
18.3              (3.179421284e-11 1.175355806 -3.029275465e-11) (-1.188902867e-08 1.084882393 -1.696308575e-08)
18.305            (1.758422194e-10 1.175337137 -1.749699379e-10) (-1.078202455e-08 1.085514532 -1.754652453e-08)
18.31             (1.109471579e-10 1.175318747 -1.096284622e-10) (-1.198226122e-08 1.086117635 -1.736075142e-08)
18.315            (2.600464202e-10 1.175300761 -2.583359052e-10) (-1.167558702e-08 1.086735427 -1.788149896e-08)
18.32             (-3.930362168e-10 1.175283292 3.944721463e-10) (-1.350323364e-08 1.087324609 -1.634697871e-08)
18.325            (-4.859536596e-12 1.175266444 6.358586591e-12) (-1.216666498e-08 1.087926841 -1.732217607e-08)
18.33             (4.996964243e-11 1.175250311 -4.777298167e-11) (-1.193552098e-08 1.088500771 -1.746359322e-08)
18.335            (1.696188234e-10 1.175234974 -1.671222719e-10) (-1.280383027e-08 1.089086446 -1.951203148e-08)
18.34             (3.037201945e-11 1.175220506 -2.891995233e-11) (-1.193913436e-08 1.089644669 -1.763805641e-08)
18.345            (3.106265619e-11 1.175206971 -2.965515263e-11) (-1.136118158e-08 1.090212913 -1.844176148e-08)
18.35             (-2.92776917e-12 1.175194419 4.215892335e-12) (-1.197964973e-08 1.090753826 -1.708269357e-08)
18.355            (2.436173302e-10 1.175182897 -2.422297561e-10) (-1.218240769e-08 1.091303196 -1.783350684e-08)
18.36             (1.276222727e-12 1.175172439 -5.97408307e-13) (-1.095850059e-08 1.091826221 -1.661587585e-08)
18.365            (3.368268702e-11 1.175163074 -3.254905211e-11) (-1.220758293e-08 1.092356115 -1.741532337e-08)
18.37             (-6.237566595e-11 1.175154823 6.416039731e-11) (-1.130054774e-08 1.092860176 -1.714632573e-08)
18.375            (-1.354861292e-11 1.1751477 1.538903962e-11) (-1.236486031e-08 1.093369093 -1.714821761e-08)
18.38             (7.156530835e-11 1.175141715 -6.960568528e-11) (-1.200278524e-08 1.093852804 -1.729788179e-08)
18.385            (1.179531931e-10 1.17513687 -1.161353563e-10) (-1.173254879e-08 1.094339782 -1.748744224e-08)
18.39             (5.815603886e-11 1.175133164 -5.614105306e-11) (-1.257989718e-08 1.094802535 -1.689082209e-08)
18.395            (-4.498179596e-11 1.17513059 4.718015644e-11) (-9.87591037e-09 1.095266765 -1.529733367e-08)
18.4              (-8.582746902e-12 1.175129137 1.03414326e-11) (-1.154807819e-08 1.095707565 -1.687872906e-08)
18.405            (-1.525891131e-11 1.175128786 1.710924458e-11) (-1.213320184e-08 1.096147872 -1.738772031e-08)
18.41             (5.108343092e-11 1.175129519 -4.939814159e-11) (-1.226568674e-08 1.0965656 -1.705018358e-08)
18.415            (4.828335685e-12 1.175131308 -3.324247943e-12) (-1.107108155e-08 1.096981041 -1.633972933e-08)
18.42             (-2.267133567e-11 1.175134123 2.432726104e-11) (-1.228853041e-08 1.097374973 -1.750863777e-08)
18.425            (-1.191018556e-11 1.17513793 1.363475153e-11) (-1.223705701e-08 1.097764774 -1.731359841e-08)
18.43             (6.220453879e-12 1.17514269 -4.592286438e-12) (-1.209306177e-08 1.0981341 -1.726100596e-08)
18.435            (9.570715566e-12 1.175148361 -8.005677674e-12) (-1.214598661e-08 1.098497352 -1.728728219e-08)
18.44             (1.006369878e-11 1.175154898 -8.605220384e-12) (-1.215126034e-08 1.098841207 -1.725523004e-08)
18.445            (-2.052768731e-12 1.175162251 4.18221419e-12) (-1.223664948e-08 1.09917713 -1.738061303e-08)
18.45             (1.503931127e-11 1.175170369 -1.343634922e-11) (-1.213336725e-08 1.099494868 -1.725690417e-08)
18.455            (4.970555287e-12 1.175179198 -3.338743398e-12) (-1.22060616e-08 1.099802828 -1.732130031e-08)
18.46             (2.24523013e-11 1.175188682 -2.112151736e-11) (-1.218356196e-08 1.100093856 -1.73196587e-08)
18.465            (3.756364358e-12 1.175198762 -2.515203387e-12) (-1.219245373e-08 1.100373243 -1.733555051e-08)
18.47             (1.018837255e-12 1.175209379 3.114641323e-13) (-1.221474529e-08 1.10063699 -1.73516521e-08)
18.475            (8.359522367e-12 1.17522047 -7.251065769e-12) (-1.223143262e-08 1.100887277 -1.733745593e-08)
18.48             (3.377555989e-12 1.175231973 -2.414370512e-12) (-1.220262627e-08 1.101123289 -1.73882479e-08)
18.485            (-2.090610667e-11 1.175243823 2.188830777e-11) (-1.215188203e-08 1.101344066 -1.742493327e-08)
18.49             (3.049455823e-11 1.175255956 -2.948684327e-11) (-1.227185851e-08 1.101551987 -1.733389209e-08)
18.495            (-1.077255436e-12 1.175268304 2.052903668e-12) (-1.236168203e-08 1.101742928 -1.756068323e-08)
18.5              (7.054840168e-11 1.175280802 -6.964571607e-11) (-1.233828961e-08 1.101922471 -1.716931779e-08)
18.505            (6.287134368e-12 1.17529338 -5.299572663e-12) (-1.228858118e-08 1.102083348 -1.722487537e-08)
18.51             (1.250819653e-11 1.175305969 -1.18728946e-11) (-1.230416932e-08 1.102234331 -1.735948584e-08)
18.515            (-5.810668041e-12 1.175318501 6.612838963e-12) (-1.256463614e-08 1.10236502 -1.777703811e-08)
18.52             (-4.567845211e-11 1.175330905 4.622663929e-11) (-1.240368855e-08 1.102487375 -1.754079502e-08)
18.525            (-6.614385202e-11 1.17534311 6.688969324e-11) (-1.226240208e-08 1.102587869 -1.754603577e-08)
18.53             (1.407395584e-10 1.175355047 -1.388025154e-10) (-1.156527189e-08 1.102681589 -1.646210267e-08)
18.535            (2.82346456e-11 1.175366642 -2.74768401e-11) (-1.239103415e-08 1.102751948 -1.744775269e-08)
18.54             (1.446035847e-11 1.175377825 -1.254582422e-11) (-1.039471498e-08 1.102817173 -1.550529697e-08)
18.545            (4.737103803e-10 1.175388524 -4.731319688e-10) (-1.379802508e-08 1.102857626 -1.587004432e-08)
18.55             (-4.653537381e-11 1.175398669 4.716624602e-11) (-1.31147663e-08 1.102894572 -1.699089126e-08)
18.555            (4.451030609e-11 1.175408186 -4.376244273e-11) (-1.249903862e-08 1.102905391 -1.743671594e-08)
18.56             (-3.708094028e-11 1.175417004 3.874976558e-11) (-8.804337631e-09 1.102914346 -1.404924448e-08)
18.565            (2.585368575e-11 1.175425051 -2.530182542e-11) (-1.27347128e-08 1.102895952 -1.720543938e-08)
18.57             (4.300031008e-11 1.175432254 -4.239618959e-11) (-1.259757103e-08 1.102877386 -1.74988148e-08)
18.575            (1.024687716e-11 1.17543854 -9.475937492e-12) (-1.294765291e-08 1.102830281 -1.797203054e-08)
18.58             (-7.310480327e-11 1.175443837 7.36657667e-11) (-1.077478064e-08 1.102784644 -1.637640098e-08)
18.585            (1.086612932e-10 1.175448069 -1.079549122e-10) (-1.264329159e-08 1.10270941 -1.722787244e-08)
18.59             (-8.985893266e-11 1.175451161 9.076063463e-11) (-1.318097631e-08 1.10263733 -1.819606704e-08)
18.595            (-2.465409696e-11 1.175453036 2.553730602e-11) (-1.242837135e-08 1.102534665 -1.730610283e-08)
18.6              (3.820681599e-11 1.175453616 -3.738658344e-11) (-1.239511326e-08 1.1024368 -1.838533953e-08)
18.605            (-1.526012788e-11 1.175452822 1.583189701e-11) (-1.273604953e-08 1.102307457 -1.791401079e-08)
18.61             (1.415535939e-11 1.17545057 -1.31888068e-11) (-1.282590471e-08 1.102184559 -1.83607472e-08)
18.615            (1.06667768e-11 1.175446779 -1.000170208e-11) (-1.257672626e-08 1.102029384 -1.774825632e-08)
18.62             (4.527279567e-11 1.175441361 -4.423591942e-11) (-1.275966553e-08 1.101882267 -1.86527931e-08)
18.625            (1.769030161e-11 1.17543423 -1.640963178e-11) (-1.225748831e-08 1.101702158 -1.746669464e-08)
18.63             (6.241181388e-11 1.175425295 -6.101573353e-11) (-1.272384776e-08 1.101531696 -1.864642155e-08)
18.635            (-1.214611951e-11 1.175414463 1.384560581e-11) (-1.211186107e-08 1.101327609 -1.773123592e-08)
18.64             (4.209732664e-12 1.175401638 -3.472158209e-12) (-1.28165697e-08 1.101134718 -1.781396619e-08)
18.645            (7.307749147e-11 1.175386722 -7.270956306e-11) (-1.263000852e-08 1.10090765 -1.830158277e-08)
18.65             (4.706906637e-10 1.175369612 -4.741131463e-10) (-1.05168039e-08 1.100693284 -2.048888025e-08)
18.655            (2.204623801e-11 1.175350202 -1.997798971e-11) (-1.2697838e-08 1.100444282 -1.785383071e-08)
18.66             (-1.260690713e-10 1.175328383 1.24689583e-10) (-1.261500972e-08 1.100209453 -1.737236573e-08)
18.665            (1.053531616e-10 1.175304042 -1.043422391e-10) (-1.310083516e-08 1.099939593 -1.756301122e-08)
18.67             (4.348401108e-11 1.17527706 -4.374008774e-11) (-1.273894459e-08 1.099685312 -1.77749779e-08)
18.675            (-2.16673062e-11 1.175247314 2.166164862e-11) (-1.274038644e-08 1.099395677 -1.793526498e-08)
18.68             (1.999852293e-11 1.175214678 -2.096701934e-11) (-1.274790991e-08 1.099122986 -1.798703905e-08)
18.685            (-1.654875434e-11 1.175179019 1.672976107e-11) (-1.276061461e-08 1.098814693 -1.768093177e-08)
18.69             (3.519493551e-11 1.175140199 -3.990230774e-11) (-1.348843307e-08 1.098524644 -1.860904517e-08)
18.695            (1.238333401e-12 1.175098075 -1.902291477e-12) (-1.244014984e-08 1.098198797 -1.884672409e-08)
18.7              (-2.600599082e-12 1.175052498 -4.170841698e-12) (-1.334411619e-08 1.097892433 -1.842944393e-08)
18.705            (2.875815397e-10 1.175003312 -2.88050776e-10) (-1.265612341e-08 1.097550141 -1.885326216e-08)
18.71             (3.686309684e-11 1.174950356 -2.850348479e-11) (-1.225123914e-08 1.097228517 -1.732962967e-08)
18.715            (2.283728361e-11 1.17489346 -2.063445874e-11) (-1.285533847e-08 1.096870881 -1.782890407e-08)
18.72             (2.299559485e-11 1.17483245 -2.342336375e-11) (-1.353509435e-08 1.096535031 -1.859430324e-08)
18.725            (-1.420912929e-11 1.174767144 1.384323358e-11) (-1.271258089e-08 1.096163128 -1.804229912e-08)
18.73             (-7.363670388e-11 1.174697351 6.881078137e-11) (-1.319981425e-08 1.095814066 -1.811567073e-08)
18.735            (-6.507298595e-12 1.174622875 5.783726655e-12) (-1.247992402e-08 1.095428959 -1.843528523e-08)
18.74             (-5.976835241e-11 1.174543512 5.348839421e-11) (-1.306957013e-08 1.095067685 -1.813124726e-08)
18.745            (5.437346893e-13 1.17445905 -1.914333869e-12) (-1.315570574e-08 1.094670411 -1.811633804e-08)
18.75             (4.727359464e-11 1.174369268 -5.260862036e-11) (-1.321022886e-08 1.0942979 -1.822289097e-08)
18.755            (-4.546590261e-11 1.174273939 4.035546024e-11) (-1.370585338e-08 1.093889466 -1.8613895e-08)
18.76             (-1.507292339e-11 1.174172826 8.115242013e-12) (-1.350323676e-08 1.093506658 -1.855647655e-08)
18.765            (-6.371437975e-11 1.174065686 5.86467041e-11) (-1.35722779e-08 1.093088036 -1.851250864e-08)
18.77             (1.522504594e-11 1.173952265 -2.319831389e-11) (-1.360419108e-08 1.092695847 -1.885831181e-08)
18.775            (-1.000031983e-10 1.173832304 9.46152437e-11) (-1.320510957e-08 1.092267976 -1.829448678e-08)
18.78             (6.104551619e-11 1.173705534 -6.677902278e-11) (-1.342647484e-08 1.091867283 -1.84436346e-08)
18.785            (-1.093932094e-11 1.173571678 6.563469021e-12) (-1.337565199e-08 1.091431061 -1.81979058e-08)
18.79             (2.934723353e-11 1.173430451 -3.605241986e-11) (-1.351496992e-08 1.091022705 -1.871748568e-08)
18.795            (9.276086437e-11 1.173281562 -1.000171618e-10) (-1.308997165e-08 1.090578985 -1.797034177e-08)
18.8              (3.615002192e-11 1.173124709 -4.245860363e-11) (-1.3130028e-08 1.090163778 -1.802989439e-08)
18.805            (-2.616857247e-11 1.172959585 2.463833412e-11) (-1.325607795e-08 1.089713414 -1.83116442e-08)
18.81             (6.353199706e-11 1.172785875 -6.656968885e-11) (-1.290857955e-08 1.089292126 -1.813079795e-08)
18.815            (-2.579192011e-12 1.172603254 4.726943968e-12) (-1.264447083e-08 1.088835867 -1.780611493e-08)
18.82             (2.594016842e-11 1.172411393 -2.602119455e-11) (-1.322937881e-08 1.088409233 -1.851645165e-08)
18.825            (-4.240219032e-12 1.172209953 -1.019914415e-11) (-1.33965056e-08 1.087947847 -1.862390774e-08)
18.83             (-1.404656555e-10 1.171998587 1.329461818e-10) (-1.32073383e-08 1.087516572 -1.800292919e-08)
18.835            (-5.972557445e-11 1.171776941 5.679135472e-11) (-1.361026233e-08 1.087050774 -1.854125914e-08)
18.84             (1.229464414e-10 1.171544652 -1.366297059e-10) (-1.365403014e-08 1.086615515 -1.897419264e-08)
18.845            (3.806871906e-11 1.171301352 -3.586888863e-11) (-1.275288865e-08 1.086145955 -1.800860658e-08)
18.85             (-1.17419973e-10 1.171046662 1.071373152e-10) (-1.362454067e-08 1.085707351 -1.839646347e-08)
18.855            (-3.694137893e-11 1.170780199 3.736053977e-11) (-1.319478869e-08 1.085234686 -1.805838966e-08)
18.86             (-1.678295247e-10 1.170501571 1.672286769e-10) (-1.355260839e-08 1.084793331 -1.832779721e-08)
18.865            (-8.548619541e-11 1.170210382 7.892318968e-11) (-1.27683023e-08 1.084318137 -1.745893624e-08)
18.87             (4.696983525e-11 1.16990623 -5.407667863e-11) (-1.287322993e-08 1.083874595 -1.836951875e-08)
18.875            (8.768556398e-11 1.169588708 -8.612553164e-11) (-1.281368841e-08 1.083397472 -1.841260317e-08)
18.88             (-5.64349367e-11 1.169257406 8.36161538e-11) (-1.249712247e-08 1.08295228 -1.796385304e-08)
18.885            (1.056499075e-10 1.168911912 -1.698623662e-10) (-1.252863619e-08 1.082473727 -1.762539127e-08)
18.89             (2.208206193e-12 1.168551811 -8.424425762e-12) (-1.295445432e-08 1.082027392 -1.827847074e-08)
18.895            (-6.562570014e-11 1.168176688 8.168827818e-11) (-1.372702331e-08 1.081547944 -1.768362484e-08)
18.9              (-2.558659174e-12 1.167786128 6.693926599e-12) (-1.316463022e-08 1.081100909 -1.949399525e-08)
18.905            (2.54669566e-10 1.167379716 -2.566736927e-10) (-1.280271013e-08 1.080620876 -1.92854088e-08)
18.91             (8.216434269e-11 1.16695704 -1.008312533e-10) (-1.384412061e-08 1.080173243 -1.838488987e-08)
18.915            (-6.325837926e-10 1.166517689 5.849730541e-10) (-1.547052498e-08 1.079692584 -1.769673613e-08)
18.92             (3.983300124e-10 1.166061254 -4.055425996e-10) (-1.265920816e-08 1.079244237 -1.880714997e-08)
18.925            (-4.687585395e-11 1.165587333 6.476053127e-11) (-1.562646201e-08 1.078762872 -2.119723381e-08)
18.93             (3.968982796e-10 1.165095527 -3.980354411e-10) (-1.343025964e-08 1.078313759 -1.824248016e-08)
18.935            (-2.783125862e-10 1.164585441 2.61570415e-10) (-1.33219885e-08 1.077831587 -1.837859085e-08)
18.94             (-1.64194248e-11 1.16405669 1.054469224e-11) (-1.338477246e-08 1.077381515 -1.837176246e-08)
18.945            (1.062883344e-09 1.163508893 -1.124459701e-09) (-1.173910801e-08 1.076898337 -1.662097858e-08)
18.95             (-3.181647428e-10 1.162941678 3.054120523e-10) (-1.388805377e-08 1.076447138 -1.787845383e-08)
18.955            (-1.687938736e-11 1.162354684 4.239258491e-11) (-1.410132829e-08 1.075962816 -1.968332902e-08)
18.96             (-2.346279411e-10 1.161747558 2.237172235e-10) (-1.29504932e-08 1.07551035 -1.883809101e-08)
18.965            (2.356011158e-10 1.161119958 -2.761652877e-10) (-1.377037594e-08 1.075024709 -1.874901035e-08)
18.97             (1.129485897e-09 1.160471554 -1.144612104e-09) (-1.308294928e-08 1.074570756 -1.870586168e-08)
18.975            (8.535667871e-10 1.159802029 -9.478959196e-10) (-1.206857726e-08 1.074083584 -1.606601747e-08)
18.98             (-3.519857169e-11 1.159111079 2.355813741e-11) (-1.358040068e-08 1.073627952 -1.782566807e-08)
18.985            (1.285600823e-11 1.158398415 1.874643059e-11) (-1.423316922e-08 1.073139068 -1.939209232e-08)
18.99             (1.203507324e-10 1.157663761 -1.220318561e-10) (-1.261055367e-08 1.07268158 -1.879527571e-08)
18.995            (9.284249173e-11 1.156906858 -1.648025764e-10) (-1.230066924e-08 1.072190799 -2.044373957e-08)
19                (-4.087745415e-11 1.156127464 -3.740095802e-11) (-1.028797347e-08 1.071731237 -1.232300716e-08)
19.005            (-1.111244277e-10 1.155325354 6.441180274e-12) (-1.019057081e-08 1.071238341 -1.456999568e-08)
19.01             (-3.204919172e-11 1.154500319 -7.075202697e-12) (-9.075924738e-09 1.070776518 -1.430457336e-08)
19.015            (-4.068175401e-11 1.153652171 3.408816905e-11) (-1.331174391e-08 1.070281385 -1.985153797e-08)
19.02             (5.067991961e-11 1.152780738 -2.461155975e-11) (-1.520163412e-08 1.069817125 -2.159394103e-08)
19.025            (-8.897493861e-11 1.151885871 8.215784468e-11) (-1.32003131e-08 1.069319453 -1.967095716e-08)
19.03             (1.442569007e-11 1.150967438 -2.147290731e-11) (-1.29054058e-08 1.068852529 -1.885071342e-08)
19.035            (6.041761988e-11 1.15002533 -5.933559167e-11) (-1.293298536e-08 1.068352218 -1.943345034e-08)
19.04             (-1.650858942e-10 1.149059458 2.096830791e-10) (-1.902618085e-08 1.067882528 -2.031141418e-08)
19.045            (7.26211953e-11 1.148069754 -6.723799592e-11) (-1.292184219e-08 1.067379418 -2.047946073e-08)
19.05             (-8.474529659e-11 1.147056171 8.087008799e-11) (-1.487763183e-08 1.066906754 -1.691359522e-08)
19.055            (-1.721511378e-11 1.146018685 1.774106989e-11) (-1.447098774e-08 1.066400657 -2.036442538e-08)
19.06             (8.320566589e-11 1.144957294 -4.433375456e-11) (-2.090819798e-08 1.065924912 -2.196638487e-08)
19.065            (8.370923734e-11 1.143872017 -8.05771727e-11) (-1.360969219e-08 1.065415762 -2.054507312e-08)
19.07             (3.185763994e-11 1.142762895 9.748439639e-12) (-2.246085541e-08 1.064936813 -2.073299988e-08)
19.075            (-6.542178707e-11 1.141629991 6.925685041e-11) (-1.407281205e-08 1.064424437 -2.049374935e-08)
19.08             (-3.760404888e-10 1.140473389 4.01062714e-10) (-2.262536837e-08 1.063942146 -1.659086423e-08)
19.085            (-2.220532497e-11 1.139293196 1.712507601e-11) (-1.46644925e-08 1.063426494 -2.078439077e-08)
19.09             (-1.903547387e-11 1.13808954 2.264928721e-12) (-1.266793777e-08 1.062940831 -1.903888602e-08)
19.095            (-2.2510448e-11 1.136862568 2.65786617e-11) (-1.345734271e-08 1.062421834 -1.977327628e-08)
19.1              (-7.219075904e-11 1.135612451 1.106638814e-10) (-2.088033599e-08 1.061932707 -2.073388567e-08)
19.105            (-1.442782881e-11 1.134339377 1.895722131e-11) (-1.351667668e-08 1.061410305 -2.04039385e-08)
19.11             (2.959052547e-11 1.133043555 -1.550483887e-11) (-1.323761677e-08 1.060917673 -1.771585494e-08)
19.115            (-1.341114157e-11 1.131725214 1.58934604e-11) (-1.371981151e-08 1.060391844 -2.065735923e-08)
19.12             (-7.899851219e-11 1.130384601 1.087226986e-10) (-1.815397796e-08 1.059895723 -2.171338586e-08)
19.125            (4.185224778e-11 1.129021982 -4.313128248e-11) (-1.402817752e-08 1.0593665 -2.077699145e-08)
19.13             (3.978264621e-11 1.127637639 -9.364593248e-11) (-1.007293831e-08 1.058866863 -1.109388337e-08)
19.135            (-2.841719634e-11 1.126231872 2.338263378e-11) (-1.390478831e-08 1.058334223 -2.062994739e-08)
19.14             (-2.118770209e-10 1.124804996 2.350659607e-10) (-1.889758735e-08 1.057831122 -2.206963024e-08)
19.145            (6.234689335e-11 1.123357342 -6.812640333e-11) (-1.424721954e-08 1.057295179 -2.080898809e-08)
19.15             (2.138323998e-11 1.121889256 -7.689727102e-11) (-9.668825782e-09 1.056788684 -1.162531529e-08)
19.155            (-1.045024682e-11 1.120401097 2.609229327e-11) (-1.355471315e-08 1.056249474 -2.125163117e-08)
19.16             (-7.199404754e-11 1.118893236 8.165970086e-11) (-1.902680859e-08 1.055739658 -2.119509968e-08)
19.165            (9.931540207e-12 1.117366058 9.557220536e-12) (-1.377051273e-08 1.055197317 -2.137399019e-08)
19.17             (8.162028434e-11 1.115819956 -1.316849234e-10) (-9.888778474e-09 1.054684282 -1.131960773e-08)
19.175            (2.747718836e-12 1.114255336 1.182071059e-11) (-1.382616458e-08 1.054138909 -2.11961988e-08)
19.18             (-5.388710399e-11 1.112672612 8.366829153e-11) (-1.435148887e-08 1.053622798 -1.887850612e-08)
19.185            (1.742037508e-11 1.111072204 -2.120113898e-12) (-1.307667249e-08 1.053074582 -2.118007959e-08)
19.19             (2.222791468e-10 1.109454544 -2.099285429e-10) (-1.310321243e-08 1.052555554 -1.787477458e-08)
19.195            (3.887750808e-11 1.107820067 -2.04808755e-11) (-1.288713957e-08 1.052004638 -2.082345905e-08)
19.2              (-2.496341276e-10 1.106169213 2.621275083e-10) (-1.239253064e-08 1.051482847 -1.83037001e-08)
19.205            (3.587455448e-12 1.104502429 1.637378034e-11) (-1.276542351e-08 1.050929451 -2.08917076e-08)
19.21             (9.822830334e-11 1.102820165 -8.435572958e-11) (-1.24487948e-08 1.050405124 -1.827882695e-08)
19.215            (1.780465537e-11 1.101122872 1.707892259e-13) (-1.288013776e-08 1.049849464 -2.094063018e-08)
19.22             (-2.359180217e-10 1.099411005 2.48974583e-10) (-1.244335077e-08 1.04932279 -1.836099126e-08)
19.225            (-1.488201907e-12 1.09768502 1.753907695e-11) (-1.28998555e-08 1.048765089 -2.084447914e-08)
19.23             (9.139697641e-11 1.095945373 -7.947524338e-11) (-1.242268406e-08 1.048236313 -1.826744149e-08)
19.235            (3.131780609e-11 1.094192519 -1.540159198e-11) (-1.31948517e-08 1.047676838 -2.09750309e-08)
19.24             (-3.887786263e-10 1.092426913 4.039894485e-10) (-1.279176698e-08 1.047146205 -1.930881178e-08)
19.245            (-2.819138476e-12 1.090649007 2.079028798e-11) (-1.349293831e-08 1.046585212 -2.043695858e-08)
19.25             (7.376584642e-11 1.088859252 -6.076348843e-11) (-1.21702398e-08 1.046052978 -1.811500597e-08)
19.255            (7.533487224e-12 1.087058095 1.100201882e-11) (-1.27153567e-08 1.04549075 -2.032981054e-08)
19.26             (1.281132554e-10 1.085245978 -1.240784853e-10) (-1.367842845e-08 1.044957193 -2.046052027e-08)
19.265            (-1.007511413e-10 1.083423342 6.382402705e-11) (-1.773906378e-08 1.044394025 -2.359259311e-08)
19.27             (-1.922042899e-10 1.08159062 1.987589365e-10) (-1.280439662e-08 1.043859426 -2.042917146e-08)
19.275            (-8.327627078e-12 1.079748241 1.696154968e-11) (-1.432999949e-08 1.043295592 -1.918544167e-08)
19.28             (9.961328504e-10 1.077896627 -9.853741368e-10) (-1.415447222e-08 1.042760208 -1.783383693e-08)
19.285            (1.027206773e-10 1.076036197 -1.286544366e-10) (-1.63740322e-08 1.042196004 -2.248780251e-08)
19.29             (4.639441928e-10 1.074167359 -4.616015778e-10) (-1.144284966e-08 1.041660145 -1.662565443e-08)
19.295            (-1.91965851e-10 1.072290517 1.578493242e-10) (-1.767007745e-08 1.041095885 -2.369959567e-08)
19.3              (7.381180371e-10 1.070406067 -7.418919829e-10) (-1.485797292e-08 1.040559833 -1.854987326e-08)
19.305            (-1.084818062e-09 1.068514396 1.05586354e-09) (-1.640067569e-08 1.039995774 -2.460512708e-08)
19.31             (-1.360168929e-09 1.066615885 1.364021956e-09) (-1.515192742e-08 1.039459755 -1.787467307e-08)
19.315            (1.648295281e-10 1.064710906 -1.92371366e-10) (-1.532663423e-08 1.03889617 -2.562431449e-08)
19.32             (1.365192873e-09 1.062799823 -1.390610546e-09) (-1.413074484e-08 1.038360512 -1.814064562e-08)
19.325            (-6.531270012e-10 1.060882992 6.240599601e-10) (-1.738391014e-08 1.037797699 -2.540814113e-08)
19.33             (-1.800411319e-09 1.058960759 1.808395202e-09) (-1.872585403e-08 1.037262603 -1.755053145e-08)
19.335            (-1.648866885e-09 1.057033464 1.637102598e-09) (-6.298592193e-10 1.036701847 -1.068896714e-08)
19.34             (-3.090861038e-10 1.055101436 3.126369858e-10) (-1.201372905e-08 1.036170839 -1.654644263e-08)
19.345            (-1.033977535e-09 1.053164997 1.012741885e-09) (-1.687059739e-08 1.035614504 -2.240146128e-08)
19.35             (-2.966934576e-10 1.051224461 2.888340382e-10) (-1.339400052e-08 1.035085317 -1.34965275e-08)
19.355            (-7.62775315e-10 1.049280134 7.413971905e-10) (-1.726684885e-08 1.034529872 -2.165002925e-08)
19.36             (-1.022520288e-09 1.047332313 1.021191812e-09) (-1.917637892e-08 1.0340017 -1.182515352e-08)
19.365            (-1.898010805e-10 1.045381286 1.716756943e-10) (-1.487160943e-08 1.033448747 -2.420678457e-08)
19.37             (-1.579451112e-10 1.043427336 1.49818544e-10) (-1.317283103e-08 1.03292332 -1.433232137e-08)
19.375            (-1.752735458e-10 1.041470737 1.693032281e-10) (-3.554457579e-08 1.032372674 -4.037187601e-08)
19.38             (6.822541119e-10 1.039511753 -6.858942649e-10) (-2.026218667e-08 1.031848574 -1.308787975e-08)
19.385            (7.618675181e-11 1.037550643 -1.161959996e-11) (-1.306770738e-07 1.031299489 -1.362566621e-07)
19.39             (-2.850525136e-09 1.035587657 2.854159634e-09) (-1.737664736e-08 1.030776911 -1.75058515e-08)
19.395            (-1.128968969e-10 1.033623037 1.049693094e-10) (-1.112659959e-08 1.030230145 -1.792469296e-08)
19.4              (-4.637031802e-10 1.031657017 4.636526509e-10) (-1.844819783e-08 1.029709935 -1.613894614e-08)
19.405            (2.011955781e-10 1.02968982 -2.072683659e-10) (-1.619523627e-08 1.029165574 -2.325692297e-08)
19.41             (-1.02218429e-09 1.027721664 1.019316003e-09) (-1.945999166e-08 1.028647192 -1.611073347e-08)
19.415            (-9.4238057e-11 1.025752756 9.028412683e-11) (-9.742534856e-09 1.028104753 -1.803668447e-08)
19.42             (1.816957322e-10 1.023783293 -1.862141678e-10) (-3.056478331e-08 1.027588062 -9.958783682e-09)
19.425            (-1.553255871e-10 1.021813465 1.495617403e-10) (-1.735845256e-08 1.027047731 -2.33230274e-08)
19.43             (-9.38730154e-10 1.01984345 9.377362425e-10) (-1.286817209e-08 1.026533022 -1.485469105e-08)
19.435            (-1.332084594e-10 1.017873421 1.309816771e-10) (-2.110314237e-08 1.025994767 -2.910710739e-08)
19.44             (1.066305076e-09 1.015903539 -1.070286066e-09) (-2.009700465e-08 1.025481755 -1.6789147e-08)
19.445            (3.224115843e-09 1.013933958 -3.226220756e-09) (5.970964978e-09 1.024945245 -3.80094714e-08)
19.45             (1.840433176e-10 1.011964823 -1.887581166e-10) (-1.636084009e-08 1.024433708 -2.486153745e-08)
19.455            (-2.470965334e-10 1.009996274 2.399502392e-10) (-1.329679013e-08 1.023898834 -2.270648271e-08)
19.46             (3.527007187e-12 1.008028442 -9.951141594e-12) (-1.630658175e-08 1.023388731 -2.418192096e-08)
19.465            (-1.002584085e-09 1.006061452 9.93492207e-10) (-1.133925584e-08 1.022855309 -2.270290066e-08)
19.47             (-1.496263777e-10 1.004095424 1.492497368e-10) (-1.288629985e-08 1.022346362 -2.681735854e-08)
19.475            (2.391773506e-09 1.002130474 -2.372137484e-09) (-1.526427113e-08 1.021814049 -3.388279181e-08)
19.48             (4.423053314e-10 1.000166713 -4.506474038e-10) (-1.244226331e-08 1.021305961 -2.813023143e-08)
19.485            (2.339420537e-09 0.9982042469 -2.377067157e-09) (-1.586593223e-08 1.020774475 -1.900165598e-08)
19.49             (5.563383758e-10 0.9962431797 -5.715934174e-10) (-1.717999672e-08 1.020267004 -2.315899471e-08)
19.495            (-3.829143425e-10 0.9942836115 4.245353825e-10) (-1.674414939e-08 1.019736035 -2.772234219e-08)
19.5              (4.074771836e-10 0.9923256404 -4.093662979e-10) (-1.842203368e-08 1.019228857 -2.177519656e-08)
19.505            (-4.145953851e-10 0.9903693627 4.251550073e-10) (-1.758222857e-08 1.018698032 -2.44032363e-08)
19.51             (-1.165806057e-10 0.988414873 1.044456172e-10) (-1.840914516e-08 1.018190799 -2.590503039e-08)
19.515            (2.735660923e-10 0.986462265 -2.675342568e-10) (-1.656408758e-08 1.017659737 -2.467474406e-08)
19.52             (2.906554818e-10 0.9845116316 -2.887481475e-10) (-1.431943718e-08 1.017152095 -2.621550458e-08)
19.525            (1.097710925e-09 0.9825630655 -1.084444405e-09) (-1.850380988e-08 1.016620391 -2.208847754e-08)
19.53             (2.149853835e-10 0.9806166599 -1.978732794e-10) (-1.326001302e-08 1.016111945 -2.292146639e-08)
19.535            (1.969039706e-10 0.9786725082 -1.94229994e-10) (-1.55874691e-08 1.015579163 -2.587654746e-08)
19.54             (-7.247594579e-11 0.9767307054 7.378785658e-11) (-1.642612578e-08 1.015069502 -2.470587753e-08)
19.545            (2.334100554e-10 0.9747913478 -2.212445825e-10) (-1.605409047e-08 1.01453522 -2.467764752e-08)
19.55             (4.834669912e-10 0.9728545338 -4.854927577e-10) (-1.55279865e-08 1.014023976 -2.570646383e-08)
19.555            (2.737373421e-09 0.9709203642 -2.755902169e-09) (-1.920268927e-08 1.013487768 -2.216773647e-08)
19.56             (2.410753437e-09 0.9689889426 -2.412134118e-09) (-1.623046821e-08 1.012974507 -2.784500571e-08)
19.565            (3.295659374e-09 0.9670603758 -3.279842035e-09) (3.995829306e-09 1.012435895 -3.097203955e-08)
19.57             (8.068142936e-10 0.9651347745 -8.0431754e-10) (-1.120175513e-08 1.011920181 -2.342768354e-08)
19.575            (7.272574126e-11 0.9632122537 -4.583381064e-11) (4.306901284e-09 1.011378736 -4.34225477e-09)
19.58             (9.285333276e-10 0.9612929326 -9.314262427e-10) (-1.486549395e-08 1.010860213 -2.759771016e-08)
19.585            (-1.951651844e-09 0.9593769357 1.960485729e-09) (-1.727205183e-08 1.01031557 -2.872051266e-08)
19.59             (-9.897869249e-10 0.9574643926 9.798427394e-10) (-1.646942709e-08 1.00979378 -2.694092978e-08)
19.595            (-1.956636364e-11 0.9555554387 2.167932798e-11) (-1.572344699e-08 1.00924537 -2.649968635e-08)
19.6              (-1.369775147e-09 0.9536502155 1.350785742e-09) (-1.581190653e-08 1.00871994 -2.349203729e-08)
19.605            (-2.264640131e-10 0.951748871 2.023268366e-10) (-1.819600965e-08 1.008167319 -2.868573762e-08)
19.61             (5.143466395e-12 0.94985156 -3.927231871e-12) (-1.510976982e-08 1.007637328 -2.608979695e-08)
19.615            (2.724247978e-11 0.9479584442 -2.709957116e-11) (-1.532459928e-08 1.007079303 -2.63198823e-08)
19.62             (4.255677473e-11 0.946069693 -4.358499009e-11) (-1.470784708e-08 1.00654382 -2.582771804e-08)
19.625            (-1.971464723e-10 0.9441854833 1.996781955e-10) (-1.516263616e-08 1.005979939 -2.549776397e-08)
19.63             (-1.743237346e-10 0.9423060003 1.728334056e-10) (-1.468374668e-08 1.005438913 -2.570564219e-08)
19.635            (-2.822075884e-11 0.9404314372 2.321574033e-11) (-1.516145735e-08 1.004869021 -2.61372833e-08)
19.64             (8.645597165e-10 0.9385619961 -8.656887423e-10) (-1.45892087e-08 1.004322067 -2.537072975e-08)
19.645            (-1.605244838e-10 0.9366978876 1.495360945e-10) (-1.578984814e-08 1.003745699 -2.753606567e-08)
19.65             (-1.742089222e-10 0.9348393313 1.73252151e-10) (-1.50790655e-08 1.003192442 -2.516342763e-08)
19.655            (-3.015419123e-10 0.9329865561 2.898657603e-10) (-1.615949304e-08 1.002609414 -2.71774783e-08)
19.66             (-6.795728734e-10 0.9311397998 6.759652331e-10) (-1.484581926e-08 1.00204981 -2.488563667e-08)
19.665            (1.21694719e-10 0.9292993101 -1.348603704e-10) (-1.581111064e-08 1.001459992 -2.735242794e-08)
19.67             (2.912657264e-09 0.9274653437 -2.948919077e-09) (-1.001912017e-08 1.000893805 -2.470549122e-08)
19.675            (1.036701865e-10 0.9256381673 -1.198039581e-10) (-1.605748729e-08 1.000296924 -2.748335249e-08)
19.68             (-1.492008103e-09 0.9238180569 1.501249145e-09) (-1.533045934e-08 0.9997239246 -2.612741308e-08)
19.685            (6.636196649e-11 0.9220052983 -8.209283917e-11) (-1.606616724e-08 0.9991198563 -2.747145032e-08)
19.69             (4.295674957e-09 0.920200187 -4.318678936e-09) (-1.257727233e-08 0.9985399975 -2.503315296e-08)
19.695            (1.214407348e-10 0.9184030279 -1.373708025e-10) (-1.622007913e-08 0.9979286727 -2.71912443e-08)
19.7              (-1.14622949e-09 0.9166141355 1.162576621e-09) (-1.564700192e-08 0.9973418386 -2.684055004e-08)
19.705            (4.227636016e-11 0.9148338338 -5.562714661e-11) (-1.628362433e-08 0.9967231332 -2.756978596e-08)
19.71             (3.790542272e-09 0.913062456 -3.835927684e-09) (-1.255072515e-08 0.9961292287 -2.316846508e-08)
19.715            (1.097931421e-10 0.9113003444 -1.309240797e-10) (-1.667946394e-08 0.995503104 -2.742856227e-08)
19.72             (-7.435320585e-10 0.9095478501 7.243116561e-10) (-1.632279209e-08 0.9949021184 -2.697400293e-08)
19.725            (-1.400232998e-10 0.9078053327 1.174760611e-10) (-1.649435436e-08 0.9942685714 -2.719914676e-08)
19.73             (-7.148929643e-10 0.90607316 7.01597363e-10) (-1.507510283e-08 0.9936604916 -2.621434292e-08)
19.735            (3.274348536e-10 0.9043517078 -3.393960566e-10) (-1.585336007e-08 0.9930195348 -2.786187676e-08)
19.74             (1.493881781e-09 0.9026413589 -1.515365094e-09) (-1.499661791e-08 0.9924043897 -2.693537164e-08)
19.745            (-1.280823767e-10 0.9009425032 1.121398023e-10) (-1.647470454e-08 0.9917560812 -2.720594163e-08)
19.75             (-1.747565061e-09 0.899255537 1.728440337e-09) (-1.605921883e-08 0.9911339294 -2.671237901e-08)
19.755            (9.55660997e-11 0.8975808622 -1.13152122e-10) (-1.63275846e-08 0.9904783419 -2.781297571e-08)
19.76             (1.911170142e-09 0.895918886 -1.932466777e-09) (-1.582898063e-08 0.9898492507 -2.718203827e-08)
19.765            (-6.857618858e-11 0.8942700201 4.858178401e-11) (-1.677722568e-08 0.9891864817 -2.760818834e-08)
19.77             (-3.369261529e-10 0.8926346805 3.036873741e-10) (9.05720921e-09 0.9885505578 -1.891073157e-09)
19.775            (-2.892273562e-10 0.8910132866 2.757983511e-10) (-1.587536595e-08 0.9878807487 -2.718420178e-08)
19.78             (-1.094140579e-09 0.8894062607 1.080680152e-09) (9.908639734e-09 0.9872381253 -7.643508082e-10)
19.785            (1.066494557e-10 0.8878140281 -1.235626872e-10) (-1.566969933e-08 0.9865614163 -2.661670903e-08)
19.79             (1.863163619e-09 0.8862370158 -1.954483232e-09) (6.737475789e-08 0.9859122225 5.617373328e-08)
19.795            (-6.162010972e-11 0.8846756533 3.825893624e-11) (-1.502831641e-08 0.9852287662 -2.596427011e-08)
19.8              (-1.240090859e-09 0.8831303713 1.201410444e-09) (1.154924236e-08 0.9845731473 9.749109641e-10)
19.805            (3.335929519e-10 0.8816016018 -3.490799938e-10) (-1.596727031e-08 0.9838831312 -2.687138257e-08)
19.81             (2.713210112e-09 0.8800897775 -2.694683857e-09) (-1.711747217e-08 0.9832212723 -2.822459828e-08)
19.815            (-1.109881297e-10 0.8785953314 1.143487543e-10) (-1.713404547e-08 0.98252491 -2.795061503e-08)
19.82             (-9.949080158e-10 0.8771186956 9.323578772e-10) (2.9264462e-08 0.981857047 1.848563675e-08)
19.825            (5.957489799e-10 0.8756603006 -5.674296426e-10) (-1.71515141e-08 0.9811545215 -2.804396569e-08)
19.83             (1.718685487e-09 0.874220574 -1.77254291e-09) (2.024604749e-08 0.9804807945 9.099400012e-09)
19.835            (1.300126356e-10 0.8727999387 -8.132555935e-11) (-1.719316849e-08 0.9797723729 -2.793389083e-08)
19.84             (-1.663142168e-09 0.8713988117 1.624082192e-09) (1.084173755e-08 0.9790930356 4.468369218e-10)
19.845            (-1.226792208e-10 0.8700176016 1.69443026e-10) (-1.825283798e-08 0.9783789395 -2.874291001e-08)
19.85             (1.843080293e-09 0.8686567073 -1.834388568e-09) (-2.07541806e-08 0.9776941969 -3.166172827e-08)
19.855            (6.610632208e-11 0.8673165159 -1.534070455e-11) (-1.994212523e-08 0.9769746563 -3.034208087e-08)
19.86             (-1.243026593e-09 0.8659974012 1.201980219e-09) (1.428546104e-08 0.9762847445 3.8244146e-09)
19.865            (-1.306793986e-10 0.8646997223 1.810101881e-10) (-1.985751992e-08 0.9755600253 -3.021446722e-08)
19.87             (2.54630157e-09 0.8634238225 -2.529852504e-09) (-2.049362344e-08 0.9748651505 -3.127724135e-08)
19.875            (8.638458884e-11 0.8621700287 -3.57739991e-11) (-2.098928665e-08 0.9741354594 -3.110742e-08)
19.88             (4.535768147e-12 0.8609386508 1.398672873e-11) (-2.478011156e-08 0.9734367251 -3.540692094e-08)
19.885            (1.208922221e-10 0.8597299814 -7.692993801e-11) (-2.144130791e-08 0.9727046213 -3.185933096e-08)
19.89             (-7.271607977e-11 0.8585442959 9.9385684e-11) (-2.003465947e-08 0.972003576 -3.027118432e-08)
19.895            (-3.880656651e-11 0.8573818521 7.279445768e-11) (-2.113326605e-08 0.9712675982 -3.198774363e-08)
19.9              (3.070004562e-10 0.8562428903 -3.56451842e-10) (1.408979429e-08 0.970561916 2.529885471e-09)
19.905            (2.28731125e-10 0.855127633 -1.806794342e-10) (-2.097154652e-08 0.969821986 -3.12409161e-08)
19.91             (-5.206697054e-10 0.8540362846 4.875512479e-10) (-2.949986222e-09 0.9691133908 -1.225041017e-08)
19.915            (-2.071630516e-11 0.8529690305 6.978343854e-11) (-2.096228484e-08 0.9683704361 -3.10850683e-08)
19.92             (-7.079444922e-10 0.8519260371 7.326619647e-10) (-2.316075539e-08 0.9676584247 -3.241479568e-08)
19.925            (-3.206120595e-11 0.8509074504 8.657186438e-11) (-2.184746439e-08 0.9669118605 -3.207727357e-08)
19.93             (4.471383131e-10 0.8499133957 -4.720828595e-10) (-5.132975112e-09 0.9661964845 -1.576903582e-08)
19.935            (1.28372479e-10 0.8489439766 -7.413786356e-11) (-2.206201378e-08 0.9654470274 -3.242024824e-08)
19.94             (7.955831865e-11 0.8479992747 -7.227099402e-11) (-2.362142661e-08 0.964729118 -3.423715906e-08)
19.945            (9.582551921e-11 0.8470793482 -5.440829161e-11) (-2.275145269e-08 0.9639770907 -3.314598919e-08)
19.95             (3.12893609e-10 0.8461842325 -2.859293714e-10) (-2.017577019e-08 0.9632565711 -3.256336002e-08)
19.955            (1.62534907e-10 0.8453139388 -1.166064235e-10) (-2.321357862e-08 0.9625019263 -3.333963717e-08)
19.96             (1.286937616e-09 0.8444684545 -1.26281155e-09) (-2.211570423e-08 0.9617788592 -3.336705709e-08)
19.965            (5.774198637e-11 0.8436477429 -1.108435175e-11) (-2.292189777e-08 0.9610219157 -3.417930153e-08)
19.97             (3.398320285e-11 0.8428517429 -2.729292807e-11) (-2.339032013e-08 0.9602967759 -3.350189862e-08)
19.975            (-3.60304298e-11 0.8420803693 9.511432632e-11) (-2.282356013e-08 0.9595379035 -3.420115196e-08)
19.98             (2.165207447e-10 0.8413335128 -1.853228351e-10) (-2.146012747e-08 0.9588108783 -3.17203334e-08)
19.985            (-8.097504093e-10 0.8406110398 7.53022985e-10) (-1.981226613e-08 0.9580500973 -3.51434788e-08)
19.99             (-1.010923676e-09 0.8399127933 9.827114677e-10) (-5.166553456e-09 0.9573212537 -1.961800997e-08)
19.995            (-1.174608142e-11 0.8392385923 2.374516741e-11) (-2.213462073e-08 0.9565590274 -3.313122278e-08)
20                (3.581831796e-10 0.8385882331 -3.864024917e-10) (-1.252215318e-08 0.9558287382 -1.959345587e-08)
