# Probe 0 (0 999 0)
# Probe 1 (0 500 0)
# Time            0                 1                
0.005             (1.065348685e-11 0.0001909823686 2.677570523e-12) (5.425445732e-11 -0.03031454543 2.363748768e-10)
0.01              (4.579701372e-11 0.0005499697017 6.221877492e-11) (1.220194178e-10 -0.0246071994 1.251414708e-10)
0.015             (1.904410339e-12 0.001097099782 4.262497794e-11) (2.962077157e-10 -0.001184534346 2.754394145e-10)
0.02              (-6.821782401e-11 0.001730354149 -5.426570416e-11) (1.937580964e-10 0.02032347545 1.397800794e-10)
0.025             (5.409891413e-11 0.002383387068 7.043301755e-11) (-2.092784216e-11 0.02092889349 4.43457469e-11)
0.03              (4.327323465e-11 0.003035834431 2.024426029e-10) (-5.998406523e-10 0.001808948416 -6.249527731e-10)
0.035             (6.071010772e-11 0.003685308541 1.504773887e-12) (1.233181283e-09 -0.01345976198 7.71184681e-10)
0.04              (9.281769495e-11 0.004333951159 8.67126249e-11) (2.883256099e-10 -0.01732806756 3.20912848e-10)
0.045             (8.162737917e-11 0.004984909685 1.152979214e-10) (-2.686017463e-12 -0.007977561649 6.130829794e-11)
0.05              (4.96278868e-11 0.005640409118 3.600819003e-11) (-1.230517258e-09 0.00972428458 -1.135820945e-09)
0.055             (-2.663664229e-10 0.006301087056 -2.559637265e-10) (-1.243234064e-09 0.01600678286 -1.085845105e-09)
0.06              (6.311595699e-11 0.006966739063 7.469647268e-11) (-2.346851722e-10 0.00810957606 -1.050440151e-10)
0.065             (-5.366771486e-11 0.007637052795 -7.277158085e-11) (-3.343208344e-09 -0.00304773114 -3.211677845e-09)
0.07              (3.796134334e-10 0.00831171831 2.497194612e-10) (-8.398923302e-10 -0.01206346354 -3.360512892e-10)
0.075             (1.959658604e-10 0.008990380493 2.043257672e-10) (4.098742195e-10 -0.01038028334 4.113738291e-10)
0.08              (3.644591509e-11 0.009672716062 4.430365952e-11) (-1.609576635e-09 0.0008729264897 -1.580843283e-09)
0.085             (1.754611648e-10 0.01035849136 1.079771187e-10) (-3.234089226e-10 0.008472360378 -5.236451329e-10)
0.09              (1.356885621e-10 0.01104752226 1.943506561e-10) (-7.582940529e-10 0.009020815473 -5.621536009e-10)
0.095             (-1.412607732e-10 0.0117396299 -6.601791773e-11) (-1.362274339e-09 0.003325561437 -4.092302851e-10)
0.1               (-1.293914384e-10 0.01243464501 -2.690040413e-10) (-2.308088686e-09 -0.005816258185 -2.448478237e-09)
0.105             (3.388962139e-11 0.01313242251 3.498300234e-11) (-6.397733755e-10 -0.008393749446 -6.52900225e-10)
0.11              (-1.739512669e-11 0.01383283436 -9.257190174e-11) (5.581839807e-10 -0.003338561459 5.540984762e-10)
0.115             (9.822520403e-11 0.01453575961 1.833685491e-10) (-1.000040265e-10 0.002617920298 1.894617125e-10)
0.12              (7.244603551e-11 0.01524108416 4.944843482e-11) (-6.364505832e-11 0.006581685423 -1.204233592e-10)
0.125             (1.877325355e-10 0.01594870372 2.84062999e-10) (-1.619065014e-10 0.004996218731 1.122874362e-10)
0.13              (2.21238452e-10 0.01665852303 1.375365653e-11) (-8.704616348e-11 -0.001219147731 -3.422687198e-10)
0.135             (1.291532499e-11 0.01737045312 -5.736954083e-10) (-1.59810793e-09 -0.00491341214 -2.277723742e-09)
0.14              (5.813457169e-11 0.01808441067 -3.815421884e-11) (-1.26737448e-09 -0.004446856004 -8.646611954e-10)
0.145             (9.496209375e-11 0.01880031812 3.493997889e-11) (-5.776569773e-10 -0.001083629231 -5.203013328e-10)
0.15              (-3.933821311e-12 0.01951810294 2.039278945e-11) (-5.718802579e-10 0.003549118585 -2.07342545e-10)
0.155             (-2.000232314e-10 0.02023769777 -2.771780075e-10) (-8.875090311e-11 0.004485157971 -4.704194975e-10)
0.16              (-2.970590473e-11 0.02095903818 -3.724416832e-11) (7.327307698e-12 0.00137927225 2.998833949e-10)
0.165             (-7.369665148e-10 0.02168206321 -4.213335053e-10) (-1.91826644e-09 -0.001772412817 -5.211776422e-10)
0.17              (-6.099792872e-10 0.02240671649 -6.828104656e-10) (-9.380687367e-10 -0.003478937798 -1.065654445e-09)
0.175             (-4.401920597e-10 0.02313294601 -4.094695342e-10) (8.585351576e-12 -0.002357229534 5.883213997e-10)
0.18              (-8.980740306e-10 0.0238607025 -4.972222199e-10) (8.276682033e-11 0.0009795659148 2.217405077e-09)
0.185             (1.37251718e-10 0.0245899375 -7.305941235e-10) (3.630084365e-09 0.002720096186 -4.078697849e-10)
0.19              (-1.861896539e-10 0.0253206065 -4.995143929e-10) (-4.0808705e-11 0.002091757455 -2.358460741e-10)
0.195             (-6.520388743e-10 0.02605266834 -1.23970838e-09) (-1.896007253e-09 0.0002030329462 -1.721254263e-09)
0.2               (-3.718872042e-10 0.02678608217 -1.121135006e-10) (-1.295476592e-09 -0.002023679984 2.059781042e-09)
0.205             (5.692921655e-10 0.02752080864 -1.596002431e-10) (2.636498199e-10 -0.002257000804 9.941999718e-10)
0.21              (-6.13585761e-10 0.0282568134 1.332750423e-10) (1.709346072e-09 -0.0004425097322 7.698002814e-10)
0.215             (1.828427765e-09 0.02899406229 -1.570298294e-09) (1.482083947e-10 0.001165911774 -8.218360708e-10)
0.22              (2.686587511e-10 0.02973252262 6.128995431e-10) (1.643453243e-09 0.00182024215 3.065648591e-10)
0.225             (2.033142155e-09 0.03047216325 -1.686834858e-09) (2.171210298e-09 0.00105180094 5.293343977e-09)
0.23              (3.935238896e-10 0.03121295476 -6.932562788e-10) (1.989172675e-09 -0.0007416329826 8.126433157e-10)
0.235             (1.508696905e-09 0.03195486944 -8.495511035e-10) (-6.579066002e-10 -0.001514386893 -8.921395272e-10)
0.24              (8.372658261e-10 0.03269788092 -3.505203449e-10) (-2.689827404e-10 -0.0009230263265 -8.75259263e-10)
0.245             (1.858509915e-09 0.03344196358 -1.413775213e-09) (-6.473462538e-10 0.000148939708 1.822045357e-10)
0.25              (-2.169437614e-09 0.03418709277 2.63606879e-09) (9.383498331e-09 0.001179607541 3.215375435e-09)
0.255             (1.601864353e-10 0.03493324581 -3.150966408e-10) (-1.166036421e-09 0.001141493813 7.31033188e-10)
0.26              (7.002785802e-10 0.03568039975 -2.936109404e-10) (1.034086902e-09 8.405485551e-05 9.755756567e-10)
0.265             (1.328695482e-09 0.03642853279 -1.18758568e-09) (-3.007276088e-09 -0.0007294839579 -2.72971757e-09)
0.27              (1.682915433e-09 0.03717762518 -1.378183363e-09) (-1.483083576e-09 -0.0009314520688 9.506934455e-11)
0.275             (2.595028249e-10 0.03792765775 -5.790718817e-10) (-8.53180106e-10 -0.0004382539774 1.972298282e-09)
0.28              (-1.622714536e-09 0.0386786116 1.859373941e-09) (4.135385541e-09 0.0005042302378 3.230815754e-09)
0.285             (3.002472698e-10 0.03943046884 -2.071449441e-10) (2.660940737e-10 0.0008433030616 5.221887061e-10)
0.29              (-1.250520101e-09 0.04018321129 4.594368067e-10) (-1.989808254e-09 0.0004322017266 -4.809207686e-09)
0.295             (8.352389626e-10 0.04093682285 -4.111257349e-10) (8.255087227e-10 -0.000156755466 1.018414529e-09)
0.3               (-6.726878204e-10 0.04169128719 6.032036095e-10) (-9.387932216e-10 -0.000637610865 -2.322523131e-10)
0.305             (-1.748528239e-09 0.04244658852 1.162501363e-09) (1.134258758e-09 -0.0005501515899 -1.519700884e-09)
0.31              (-1.345777865e-10 0.04320271285 2.125006395e-10) (4.591075206e-10 4.4716106e-05 -1.324481208e-10)
0.315             (-4.064143387e-10 0.04395964513 -1.882863852e-10) (-4.141368831e-10 0.0004485176794 -8.411268869e-11)
0.32              (-1.373500915e-09 0.0447173708 2.00152542e-09) (-1.119836391e-09 0.0004808024912 -1.122826129e-09)
0.325             (1.353975905e-10 0.04547587677 -2.366745363e-10) (-1.752114408e-10 0.00018068021 -1.331889923e-10)
0.33              (-6.092238436e-11 0.04623514975 2.008615134e-10) (1.180677764e-09 -0.0003035857837 1.319241338e-09)
0.335             (4.860068616e-10 0.04699517619 -7.01667318e-10) (-1.280511035e-10 -0.0004403474933 4.500676246e-10)
0.34              (1.471865125e-10 0.04775594126 -1.183236094e-10) (4.134339894e-10 -0.0001704410062 -1.941007526e-09)
0.345             (-1.638882743e-09 0.04851742951 3.973462865e-10) (3.308591644e-09 0.0001479388428 1.532855399e-09)
0.35              (-3.191733825e-09 0.04927962455 1.649483632e-09) (4.168612572e-09 0.0003579809944 1.782205944e-09)
0.355             (1.1362326e-09 0.05004250376 -7.379540094e-10) (6.474637178e-10 0.0002705153409 -2.469453502e-09)
0.36              (-2.641733156e-10 0.0508060392 3.264052003e-10) (-2.200250642e-09 -6.301886516e-05 -2.44042624e-09)
0.365             (1.498389348e-10 0.05157019554 6.821504799e-11) (-4.985660493e-10 -0.0002572843946 3.074538356e-11)
0.37              (-2.503931319e-10 0.05233492182 -1.57158078e-09) (-6.076112706e-09 -0.0002258343166 -4.013666971e-09)
0.375             (8.444704056e-10 0.05310014812 6.370731324e-10) (2.170063145e-09 -4.647522446e-05 4.183480121e-10)
0.38              (1.331187424e-09 0.05386577507 -9.82855252e-10) (6.003057286e-10 0.0001930727721 1.285557496e-09)
0.385             (1.488210203e-09 0.05463166591 -1.400257299e-09) (-2.216793115e-09 0.0002381470045 -1.926287686e-09)
0.39              (-7.762825356e-10 0.05539764461 2.120227711e-09) (1.231038963e-09 7.313645068e-05 -3.207267873e-10)
0.395             (-2.762333031e-09 0.05616347817 1.505267944e-09) (-1.256207742e-10 -9.05830382e-05 -2.123190807e-09)
0.4               (2.754727424e-10 0.05692887054 1.898092933e-09) (3.779486539e-10 -0.0001752015413 -3.185732027e-10)
0.405             (-1.054301781e-09 0.05769346212 3.294625625e-10) (2.748722408e-09 -0.0001104905359 2.933658192e-09)
0.41              (-1.213858696e-11 0.05845684282 -1.110490411e-09) (9.242681337e-12 7.158868355e-05 -1.088205887e-09)
0.415             (9.158763529e-10 0.05921856911 -4.903909617e-10) (-1.350341792e-11 0.0001713426283 4.834737183e-11)
0.42              (1.402584277e-09 0.05997820043 1.135025177e-09) (2.389631658e-09 0.0001489769136 1.917837904e-09)
0.425             (3.842786109e-10 0.0607353557 1.172615276e-09) (2.07440174e-09 6.058214347e-05 2.14358953e-09)
0.43              (4.853487365e-10 0.06148978868 1.917326435e-09) (2.948808623e-09 -4.163938695e-05 2.373848328e-09)
0.435             (1.361898445e-10 0.06224147751 1.269889342e-09) (-1.529530319e-10 -2.701027873e-05 -9.050247169e-11)
0.44              (6.291021611e-10 0.06299072561 1.007816709e-09) (-2.111597504e-09 0.0001111758846 -2.396608495e-09)
0.445             (3.083241313e-11 0.06373825382 3.155620608e-10) (-2.450154538e-10 0.0002418387478 6.430267056e-11)
0.45              (1.166709198e-10 0.06448526704 8.589045352e-10) (-7.236712723e-11 0.0003339264984 5.210394826e-10)
0.455             (1.567716044e-10 0.06523348308 5.444754795e-10) (8.103765738e-10 0.0003820679581 2.082987898e-09)
0.46              (1.575996834e-09 0.0659850948 1.006089643e-09) (3.840501267e-09 0.0004228509806 3.452715907e-09)
0.465             (1.535682437e-09 0.06674264845 9.581700506e-11) (3.090664486e-09 0.0005391047394 3.052364759e-09)
0.47              (1.739578831e-09 0.06750883746 -1.6820794e-10) (1.631478558e-09 0.0007592459363 8.700793051e-10)
0.475             (2.111557658e-09 0.06828622152 4.316202144e-10) (2.623277355e-09 0.001027300948 2.159763257e-09)
0.48              (1.75944323e-09 0.06907689274 1.379662015e-09) (5.265136348e-09 0.001341080505 4.29619901e-09)
0.485             (1.503216347e-09 0.06988212701 5.075972677e-10) (2.216507957e-09 0.001662813294 1.950909825e-09)
0.49              (-1.981694427e-09 0.07070207935 1.997898798e-09) (2.215906592e-11 0.002021351303 1.115416449e-09)
0.495             (8.154962075e-10 0.07153558018 -2.265997753e-09) (-2.563548142e-09 0.002444344982 9.613358474e-10)
0.5               (1.326042535e-09 0.07238008027 -6.949414465e-11) (9.897850602e-10 0.002965886751 5.291516788e-10)
0.505             (4.122435716e-09 0.07323177667 -4.982293073e-09) (-1.401426316e-09 0.003553135767 -3.166671497e-09)
0.51              (4.497087368e-10 0.07408592686 -1.651802382e-10) (-4.052002779e-09 0.004217598118 2.669456126e-09)
0.515             (-6.963116286e-10 0.07493732294 1.319512286e-09) (8.358630741e-10 0.004912566062 8.510055153e-10)
0.52              (4.200247899e-10 0.07578086526 -1.3468559e-10) (2.595257922e-10 0.005654530533 1.510981715e-10)
0.525             (-1.765408601e-10 0.07661215277 1.003453554e-09) (2.341215474e-10 0.006437289522 -1.059079904e-11)
0.53              (6.479485705e-10 0.07742799395 5.392846653e-10) (7.112692961e-10 0.007279658651 2.627836091e-09)
0.535             (2.533934982e-10 0.07822676401 9.882345864e-10) (2.467375458e-09 0.008161113389 1.996109901e-09)
0.54              (6.204909177e-10 0.0790085482 6.367845215e-10) (1.982131282e-09 0.009085842502 2.160561108e-09)
0.545             (1.84480169e-10 0.07977504945 5.433845569e-10) (2.032843134e-09 0.01002405767 2.088700715e-09)
0.55              (1.649144293e-10 0.08052928412 3.965251228e-10) (2.326865076e-09 0.01097737696 2.84886714e-09)
0.555             (1.568601519e-10 0.08127512298 1.834705712e-10) (2.316591873e-09 0.01194023783 2.545175728e-09)
0.56              (-1.2424313e-09 0.08201675809 1.627371644e-09) (-2.777132336e-10 0.01291685831 2.084156262e-09)
0.565             (3.518549246e-09 0.08275818921 -4.071356323e-09) (-1.104324903e-08 0.01390404874 -8.454068863e-09)
0.57              (-1.012900569e-09 0.08350280224 5.54904604e-10) (-1.074843731e-08 0.01490107435 -6.607953872e-09)
0.575             (1.019999389e-09 0.08425309244 -2.076481316e-09) (-1.447908135e-08 0.01589890775 -1.138959917e-08)
0.58              (8.115491559e-10 0.08501055492 -1.168492214e-09) (-3.299614442e-09 0.01689566633 -9.875040129e-10)
0.585             (6.69846103e-10 0.0857757282 -2.377546019e-09) (-1.296379652e-08 0.01789156419 -1.200837538e-08)
0.59              (-2.081394306e-09 0.08654835319 7.876823755e-10) (-1.176428426e-08 0.01888744664 -1.038726581e-08)
0.595             (3.84030143e-11 0.0873275985 -1.444140951e-09) (-1.332727291e-08 0.01988571019 -1.131524391e-08)
0.6               (-1.833547001e-09 0.08811230232 2.709571367e-10) (-1.388640482e-08 0.02088622408 -1.28324482e-08)
0.605             (3.377643023e-10 0.0889011897 -1.709027701e-09) (-1.291206861e-08 0.02188673695 -1.338588608e-08)
0.61              (-1.606520627e-09 0.08969303914 4.647176176e-10) (-1.109663524e-08 0.0228863456 -1.299591616e-08)
0.615             (5.163415158e-10 0.09048678853 -1.708625423e-09) (-1.193804068e-08 0.0238850083 -1.396237226e-08)
0.62              (-1.674140261e-09 0.09128158502 4.993023737e-10) (-1.31327937e-08 0.02488306017 -1.437009624e-08)
0.625             (1.391762915e-09 0.09207679105 -2.120142182e-09) (-6.470617375e-09 0.02588193566 -8.198655222e-09)
0.63              (4.280502866e-10 0.09287196455 -7.516627079e-10) (2.63203645e-09 0.0268818143 2.765832403e-09)
0.635             (2.884029331e-09 0.09366682242 -3.685313442e-09) (-9.775132004e-09 0.02788191722 -8.651934818e-09)
0.64              (-2.6110493e-09 0.09446120973 1.44946721e-09) (-1.113166839e-08 0.02888184714 -1.06841781e-08)
0.645             (6.533563076e-10 0.09525507261 -5.175259614e-10) (-8.001831822e-09 0.02988128098 -8.634898155e-09)
0.65              (-2.757749234e-09 0.09604843378 1.737379616e-09) (-1.358352415e-08 0.03088030481 -1.215398419e-08)
0.655             (2.283937585e-09 0.09684137539 -3.367319658e-09) (-1.262718323e-08 0.03187955315 -8.349600853e-09)
0.66              (-2.158819706e-09 0.09763402656 1.250887165e-09) (-1.359794991e-08 0.03287916052 -1.220925388e-08)
0.665             (5.38830824e-10 0.09842655077 -1.583961689e-09) (-7.142561208e-09 0.03387888929 -1.246819982e-08)
0.67              (-1.984870229e-09 0.09921913137 1.235996943e-09) (-1.017207736e-08 0.03487860222 -1.181703363e-08)
0.675             (1.999380754e-09 0.1000119558 -3.172902527e-09) (-1.259776159e-08 0.03587804567 -9.746065518e-09)
0.68              (-2.309685772e-09 0.1008051996 1.028486718e-09) (-1.343439818e-08 0.03687724047 -8.930803449e-09)
0.685             (1.147127663e-09 0.1015990125 -2.327869587e-09) (-1.236171996e-08 0.03787644444 -1.013976862e-08)
0.69              (-2.223284046e-09 0.1023935067 9.676875917e-10) (-8.220163728e-09 0.03887575012 -1.0055758e-08)
0.695             (6.273657818e-10 0.10318875 -1.250759302e-09) (-1.074503539e-08 0.03987512988 -9.521894394e-09)
0.7               (-2.92041969e-09 0.1039847642 1.568408534e-09) (-1.266026039e-08 0.04087454557 -1.223917914e-08)
0.705             (1.181464121e-09 0.1047815282 -2.781780285e-09) (-1.22022598e-08 0.0418738708 -1.433191696e-08)
0.71              (-2.319766058e-09 0.1055789856 9.074725928e-10) (-1.24139693e-08 0.04287309991 -1.445772888e-08)
0.715             (5.811508118e-10 0.1063770548 -1.939179061e-09) (-9.514136221e-09 0.04387233818 -1.062369453e-08)
0.72              (2.820443895e-09 0.1071756408 -4.862365565e-09) (-8.546968995e-09 0.04487165427 -7.737689585e-09)
0.725             (-5.266888082e-10 0.107974646 1.467548304e-09) (-2.505906449e-11 0.04587104358 -2.877055707e-10)
0.73              (8.040350929e-10 0.1087739807 -1.867631512e-09) (-1.111719523e-08 0.0468704607 -1.118423181e-08)
0.735             (-3.10655611e-09 0.10957357 1.464621867e-09) (-1.05544664e-08 0.04786986091 -9.349957006e-09)
0.74              (4.914104718e-10 0.1103733584 -6.026248353e-10) (-7.365618482e-09 0.04886924256 -7.422164754e-09)
0.745             (-2.194056505e-09 0.111173312 9.665779975e-10) (-1.141273297e-08 0.04986867401 -1.189205231e-08)
0.75              (1.470139174e-09 0.1119734175 -3.167303275e-09) (-1.178074138e-08 0.05086815984 -1.043848848e-08)
0.755             (-1.883270073e-09 0.11277368 6.686795512e-10) (-1.203064336e-08 0.05186768786 -1.167236469e-08)
0.76              (1.112516986e-09 0.1135741191 -2.556097804e-09) (-1.09149537e-08 0.05286723575 -1.002198713e-08)
0.765             (-1.497356116e-09 0.1143747641 5.362434254e-10) (-1.055326079e-08 0.05386678511 -1.065484177e-08)
0.77              (1.203283992e-09 0.1151756494 -2.796002109e-09) (-1.248810722e-08 0.05486633733 -1.275964854e-08)
0.775             (-2.311135094e-09 0.1159768102 8.990399964e-10) (-9.862585274e-09 0.05586589681 -1.189153628e-08)
0.78              (6.35869524e-10 0.1167782792 -2.189190605e-09) (-1.290090485e-08 0.05686546771 -1.405366998e-08)
0.785             (-2.401459049e-09 0.1175800834 8.582589315e-10) (-1.090644569e-08 0.05786502897 -1.232743518e-08)
0.79              (8.378212212e-10 0.1183822429 -2.500308685e-09) (-1.343941057e-08 0.05886458845 -1.40874275e-08)
0.795             (-1.893402917e-09 0.1191847705 3.03144853e-10) (-9.686643375e-09 0.05986414798 -1.208012512e-08)
0.8               (7.502555944e-10 0.119987672 -2.234181762e-09) (-1.347713471e-08 0.06086373486 -1.356705431e-08)
0.805             (-2.70875478e-09 0.1207909471 1.070510284e-09) (-1.322576642e-08 0.06186333706 -1.223088891e-08)
0.81              (4.758480396e-10 0.1215945909 -1.776253219e-09) (-1.323309551e-08 0.06286299844 -1.265200445e-08)
0.815             (-2.59605002e-09 0.1223985959 6.923143358e-10) (-1.260609301e-08 0.0638627066 -1.483324783e-08)
0.82              (5.089556891e-10 0.1232029527 -1.709916617e-09) (-1.144583181e-08 0.06486254933 -1.191341595e-08)
0.825             (-2.613453144e-09 0.1240076519 7.792101202e-10) (-1.415437925e-08 0.06586251867 -1.445174612e-08)
0.83              (3.538658453e-10 0.1248126842 -1.89977619e-09) (-1.366635026e-08 0.06686277791 -1.224343225e-08)
0.835             (-1.202307885e-09 0.1256180416 2.180254621e-12) (-4.900819814e-09 0.06786327871 -7.514791436e-09)
0.84              (4.095340409e-10 0.126423717 -5.069945712e-10) (-7.26945205e-09 0.06886431066 -7.163400361e-09)
0.845             (-2.483122832e-09 0.1272297048 1.114519153e-09) (-1.072382018e-08 0.06986576102 -1.14933862e-08)
0.85              (4.291233137e-10 0.1280360007 -2.04402694e-09) (-6.435418249e-09 0.07086813851 -1.132217814e-08)
0.855             (-1.075594565e-10 0.128842602 -8.558697e-11) (-7.73586818e-09 0.07187121486 -7.949416092e-09)
0.86              (9.416401468e-10 0.1296495079 -2.260267604e-09) (-1.159757041e-08 0.07287584086 -1.083356633e-08)
0.865             (-2.693957907e-09 0.1304567199 7.849706509e-10) (-1.037718877e-08 0.07388156166 -1.430685014e-08)
0.87              (3.644837755e-11 0.1312642425 -1.435934922e-09) (-1.268701954e-08 0.07488972333 -1.247646179e-08)
0.875             (-1.746617844e-09 0.1320720834 1.820088088e-10) (-1.24797001e-08 0.07589949772 -8.514297975e-09)
0.88              (5.186119677e-10 0.1328802541 -1.593913533e-09) (-1.160731647e-08 0.07691290302 -1.09728986e-08)
0.885             (-2.332189612e-09 0.1336887695 5.845940717e-10) (-1.120703935e-08 0.0779285432 -1.552782501e-08)
0.89              (4.058223205e-10 0.1344976485 -1.932786488e-09) (-9.856175881e-09 0.0789492686 -1.229908533e-08)
0.895             (-1.72735955e-09 0.1353069124 8.309165592e-11) (-1.222721697e-08 0.07997287527 -1.458545082e-08)
0.9               (1.331575543e-09 0.1361165848 -3.072004732e-09) (-1.412317784e-08 0.08100313041 -1.218802053e-08)
0.905             (-1.612076483e-09 0.1369266896 -7.321154455e-11) (-1.555755663e-08 0.08203679892 -1.499691382e-08)
0.91              (-2.721501965e-10 0.1377372504 -9.873287721e-10) (-7.137086647e-09 0.08307850229 -5.926790056e-09)
0.915             (-9.212931573e-10 0.1385482892 2.922018927e-10) (-9.691182173e-09 0.08412384515 -1.100274525e-08)
0.92              (1.473987379e-09 0.139359821 -2.945815609e-09) (-1.412116451e-08 0.08517801483 -1.257894409e-08)
0.925             (-2.53540728e-09 0.1401718512 8.548145111e-10) (-1.556930476e-08 0.08623552153 -1.23068591e-08)
0.93              (7.110444238e-10 0.1409843775 -1.562981294e-09) (-1.360530463e-08 0.08730154816 -1.265365164e-08)
0.935             (-2.567707024e-09 0.1417973946 8.511560518e-10) (-1.528563359e-08 0.08836989194 -1.926406073e-08)
0.94              (6.086457978e-10 0.1426108914 -2.031354001e-09) (-6.281311751e-09 0.08944489201 -7.32969524e-09)
0.945             (-1.888212559e-09 0.1434248431 5.990061368e-10) (-1.052806694e-08 0.09052040551 -5.104390012e-09)
0.95              (5.688786987e-10 0.1442392086 -3.42144351e-10) (-6.952115423e-09 0.09159891452 -6.742938642e-09)
0.955             (-2.227590693e-09 0.1450539357 1.281001169e-09) (-1.255547103e-08 0.09267547809 -1.505471963e-08)
0.96              (1.813928752e-09 0.1458689659 -3.387694327e-09) (-1.903572358e-08 0.09374972417 -1.214846401e-08)
0.965             (-3.195593137e-10 0.1466842355 -8.398891629e-11) (-1.324580976e-08 0.09481926816 -1.243562283e-08)
0.97              (1.452024128e-09 0.1474996748 -2.753932866e-09) (-1.681725107e-08 0.09588016759 -1.834323085e-08)
0.975             (-2.431971831e-09 0.1483152093 1.016343023e-09) (-1.193489885e-08 0.09693386277 -2.053708361e-08)
0.98              (5.970765343e-10 0.1491307632 -1.242874933e-09) (-1.471067415e-08 0.09797266374 -1.515453825e-08)
0.985             (-1.083159433e-09 0.149946264 4.619125293e-11) (-7.21362753e-09 0.09900262465 -6.257132288e-09)
0.99              (1.331473514e-09 0.1507616451 -2.132009275e-09) (-1.488467251e-10 0.1000128429 -2.778314524e-09)
0.995             (-2.048025326e-09 0.1515768492 8.990552422e-10) (-1.187496796e-08 0.101013943 -1.346473398e-08)
1                 (3.7187044e-10 0.1523918314 -1.6631881e-09) (-1.550481723e-08 0.1019930629 -1.354407902e-08)
1.005             (-2.126807729e-09 0.1532065621 8.716089988e-10) (-1.186964433e-08 0.1029643263 -1.302178643e-08)
1.01              (4.774432049e-10 0.1540210294 -1.776418583e-09) (-1.325720194e-08 0.1039146788 -1.343248377e-08)
1.015             (-6.206536521e-10 0.1548352405 -1.148482513e-09) (-2.878452593e-09 0.1048597551 -3.696475967e-09)
1.02              (1.494139192e-09 0.155649222 -2.960392255e-09) (-3.874620693e-09 0.1057882255 -2.875456264e-09)
1.025             (7.961341571e-10 0.1564630189 -1.545718466e-09) (5.667964412e-10 0.1067147535 9.064670943e-10)
1.03              (1.486686996e-09 0.1572766926 -3.264836493e-09) (-3.169578721e-09 0.1076313216 -2.432418326e-09)
1.035             (-2.31870517e-09 0.1580903179 1.136494065e-10) (-3.539498288e-09 0.1085491901 -5.713797772e-09)
1.04              (-1.097920131e-09 0.1589039787 5.696537238e-10) (2.124650208e-09 0.109464593 2.726240839e-09)
1.045             (-2.019868981e-09 0.1597177637 1.041135729e-09) (-2.157140236e-09 0.1103838242 -2.519454719e-09)
1.05              (9.48960506e-10 0.1605317615 -1.535237667e-09) (-1.370650831e-09 0.1113074334 -1.615247582e-09)
1.055             (-9.073210297e-10 0.1613460561 3.205333856e-10) (-1.181681983e-09 0.1122361906 -2.505001125e-09)
1.06              (-2.846761071e-10 0.1621607227 -1.138084607e-09) (-1.855836094e-09 0.113174196 -2.332821606e-09)
1.065             (1.119991651e-09 0.1629758247 -1.253599555e-09) (1.269528176e-09 0.1141174131 2.138591693e-09)
1.07              (-9.669084236e-10 0.1637914117 2.267291924e-10) (-1.278492603e-09 0.1150722089 -1.209167081e-09)
1.075             (-2.759652052e-09 0.1646075187 3.3423585e-09) (5.980688782e-10 0.1160313152 -8.194970157e-10)
1.08              (1.525276692e-09 0.1654241633 -2.249968989e-09) (-4.729244363e-09 0.1170018762 -3.362993295e-09)
1.085             (-3.919249262e-10 0.166241349 -6.031761275e-10) (-1.574314242e-09 0.1179752821 -3.279007436e-09)
1.09              (3.961513918e-11 0.1670590694 4.005372956e-10) (1.497016479e-09 0.1189582244 7.570350567e-10)
1.095             (-1.825310812e-09 0.1678773074 1.71765139e-09) (-1.507685287e-09 0.1199425482 -2.68217631e-09)
1.1               (1.806216986e-09 0.1686960369 -2.284295795e-09) (-3.013462564e-09 0.1209336515 -3.170976528e-09)
1.105             (1.366457275e-09 0.1695152263 -8.327452237e-10) (1.961427106e-09 0.1219249359 2.154967292e-09)
1.11              (7.857654724e-10 0.1703348423 -2.291868025e-09) (-3.662174761e-09 0.1229202101 -2.665821114e-09)
1.115             (-2.959687513e-09 0.1711548514 1.523094625e-09) (-8.137484911e-09 0.123914947 -9.15906851e-09)
1.12              (8.428029234e-12 0.171975222 -4.239869623e-10) (-8.447804261e-09 0.1249114689 -8.705772376e-09)
1.125             (-2.107677041e-09 0.1727959249 7.954647258e-10) (-1.219400951e-08 0.1259071828 -1.306433099e-08)
1.13              (8.447194002e-11 0.1736169347 -1.373343629e-09) (-1.124089904e-08 0.1269032946 -7.813025526e-09)
1.135             (-1.192361445e-09 0.1744382303 4.431323877e-10) (-1.152297158e-08 0.1278987418 -1.11760483e-08)
1.14              (8.272431515e-10 0.1752597947 -2.122006859e-09) (-1.264383382e-08 0.1288940359 -1.369255937e-08)
1.145             (-1.962565589e-09 0.176081615 6.160380368e-10) (-1.147326205e-08 0.129888988 -1.494548573e-08)
1.15              (6.370588381e-10 0.1769036816 -1.881325074e-09) (-1.237762348e-08 0.1308837521 -1.359597521e-08)
1.155             (-1.808134775e-09 0.1777259881 5.379651684e-10) (-1.076968329e-08 0.1318785492 -1.264644962e-08)
1.16              (1.674366015e-10 0.1785485302 -1.427300583e-09) (-1.392234567e-08 0.132873423 -1.315696057e-08)
1.165             (-1.78604331e-09 0.1793713055 5.135906765e-10) (-1.239145946e-08 0.1338686547 -1.116234193e-08)
1.17              (4.796099835e-10 0.180194313 -7.230406983e-10) (-9.131578061e-09 0.1348642662 -8.864919513e-09)
1.175             (-2.061746329e-09 0.1810175524 8.193519428e-10) (-1.231399444e-08 0.1358604227 -1.387091964e-08)
1.18              (-4.220000997e-10 0.181841024 -6.35132207e-10) (-9.126687945e-09 0.1368571582 -6.6191807e-09)
1.185             (-1.096510573e-09 0.1826647283 3.622806763e-10) (-1.125622524e-08 0.137854509 -1.11987392e-08)
1.19              (1.060631242e-09 0.1834886657 -2.36788211e-09) (-1.307322212e-08 0.1388524991 -1.336634856e-08)
1.195             (-1.284702735e-09 0.184312837 -1.81677898e-11) (-1.193198795e-08 0.1398510472 -1.396782359e-08)
1.2               (8.794101531e-10 0.1851372423 -2.069941979e-09) (-1.032740949e-08 0.1408501336 -1.104898948e-08)
1.205             (-1.621952491e-09 0.1859618819 4.657826815e-10) (-1.211267913e-08 0.14184963 -1.357323524e-08)
1.21              (1.571049213e-11 0.1867867558 -1.389035529e-09) (-1.335511152e-08 0.142849472 -1.091820766e-08)
1.215             (-6.599075182e-10 0.1876118635 7.137666596e-11) (-1.032926784e-08 0.1438495497 -1.01615585e-08)
1.22              (9.488296928e-10 0.1884372048 -2.363934345e-09) (-1.349326618e-08 0.1448497669 -1.317511947e-08)
1.225             (-1.4712898e-09 0.1892627789 3.166102807e-11) (-1.161014135e-08 0.1458500541 -1.369992142e-08)
1.23              (5.848607306e-10 0.190088585 -1.922961441e-09) (-1.312705127e-08 0.146850306 -1.315633895e-08)
1.235             (4.814962441e-11 0.1909146224 -7.311547992e-10) (-1.263178795e-09 0.1478505015 -3.788835927e-09)
1.24              (1.234763726e-09 0.1917408899 -2.684341609e-09) (-1.170334541e-08 0.1488505572 -1.255297208e-08)
1.245             (-2.53201035e-09 0.1925673866 1.241570345e-09) (-1.043277762e-08 0.1498504921 -1.110103183e-08)
1.25              (-1.656812356e-10 0.1933941114 -9.722029992e-10) (-1.244635957e-08 0.1508502617 -1.045892767e-08)
1.255             (-1.669684811e-09 0.1942210633 2.724261455e-10) (-1.176288824e-08 0.151849913 -1.116124677e-08)
1.26              (4.116243406e-10 0.1950482414 -1.890236864e-09) (-1.353153994e-08 0.1528494429 -1.087511347e-08)
1.265             (-1.95218222e-09 0.1958756446 4.297433142e-10) (-1.379094622e-08 0.1538489373 -1.256324444e-08)
1.27              (-2.38115562e-10 0.196703272 -1.164161393e-09) (-1.286173918e-08 0.1548484212 -8.644701589e-09)
1.275             (-1.769515842e-09 0.1975311228 3.155465857e-10) (-1.396968799e-08 0.1558477264 -1.328537746e-08)
1.28              (1.064116024e-09 0.1983591959 -2.482317884e-09) (-9.47754704e-09 0.1568468854 -1.241353053e-08)
1.285             (-4.577057065e-10 0.1991874902 7.2242585e-11) (-8.521092347e-09 0.1578459981 -8.933771825e-09)
1.29              (5.880568206e-10 0.2000160047 -2.002592682e-09) (-1.402956272e-08 0.1588451669 -1.142711426e-08)
1.295             (-1.631837015e-09 0.2008447377 2.166768034e-11) (-1.228784177e-08 0.1598446345 -1.232027494e-08)
1.3               (-3.176064007e-09 0.2016736874 1.122334815e-09) (-8.102400506e-09 0.1608444441 -1.066507788e-08)
1.305             (1.074827889e-09 0.2025028515 -4.000139209e-10) (4.750558221e-10 0.1618443626 -4.628180904e-10)
1.31              (-1.086323714e-09 0.2033322267 2.773915159e-10) (-8.286205036e-09 0.1628442728 -6.569074754e-09)
1.315             (1.129217346e-09 0.2041618092 -2.738117904e-09) (-1.104329424e-08 0.1638442307 -7.774393929e-09)
1.32              (-1.707838705e-09 0.2049915941 -2.006794898e-11) (-1.191755743e-08 0.1648442269 -1.155740973e-08)
1.325             (4.815848248e-10 0.2058215749 -2.119157752e-09) (-1.26422064e-08 0.1658446801 -1.076136911e-08)
1.33              (-1.69436428e-09 0.2066517441 -2.115632468e-10) (-1.476052408e-08 0.1668454995 -1.388110532e-08)
1.335             (-8.917916755e-11 0.2074820924 -1.754144566e-09) (-1.200196243e-08 0.1678466343 -9.514739242e-09)
1.34              (-1.305658547e-09 0.2083126088 -3.077726984e-10) (-1.332403153e-08 0.1688478183 -1.27617782e-08)
1.345             (-3.822647192e-09 0.2091432804 1.281354564e-09) (-1.221622701e-08 0.1698495467 -1.222875629e-08)
1.35              (1.039398153e-09 0.2099740926 -2.227639652e-09) (-7.789904743e-09 0.1708515854 -6.388535753e-09)
1.355             (-8.50145778e-10 0.2108050288 -6.405011725e-10) (-1.19596714e-08 0.1718547646 -1.11873398e-08)
1.36              (1.14232036e-10 0.2116360711 -2.056914408e-09) (-1.281567553e-08 0.1728586744 -8.382784536e-09)
1.365             (1.570049332e-09 0.2124672001 -4.02537837e-09) (-1.071122348e-08 0.173864061 -8.793875128e-09)
1.37              (-5.79816047e-11 0.2132983958 -6.262999273e-11) (-6.746769923e-09 0.1748702305 -4.401171553e-09)
1.375             (6.603561943e-10 0.2141296382 -2.127312541e-09) (-1.038485535e-08 0.1758790173 -9.334883661e-09)
1.38              (5.490500599e-10 0.2149609084 -3.113994338e-09) (-1.396770187e-08 0.1768895972 -8.961266034e-09)
1.385             (-1.048578545e-09 0.2157921893 -1.783927317e-10) (-7.954103038e-09 0.1779040955 -9.328171043e-09)
1.39              (-3.450554736e-09 0.2166234674 1.169252903e-09) (-9.545254271e-09 0.1789211105 -7.87017774e-09)
1.395             (9.958454316e-11 0.2174547356 2.60899947e-10) (-1.377260798e-09 0.1799433362 -1.212289511e-10)
1.4               (-2.286873003e-10 0.2182859913 -9.500083129e-10) (-2.756183203e-09 0.1809688567 -1.605885738e-09)
1.405             (-1.983952027e-10 0.2191172383 -1.518499171e-09) (-2.833453723e-09 0.1820019845 -2.024290844e-09)
1.41              (-1.466080759e-09 0.2199484923 -8.192686797e-10) (-3.076382893e-09 0.1830402469 -2.821150927e-09)
1.415             (-1.566663123e-09 0.2207797822 5.952485282e-09) (1.087986873e-09 0.1840891195 -7.89376386e-10)
1.42              (-5.803892025e-10 0.2216111487 2.776840954e-10) (-2.276045045e-11 0.1851451441 3.878926343e-10)
1.425             (1.497567067e-09 0.222442645 -1.83127722e-09) (-3.409413914e-10 0.1862149818 2.399665079e-09)
1.43              (1.443314557e-09 0.2232743373 -1.046740594e-11) (-5.337148564e-11 0.1872941296 1.306809914e-09)
1.435             (-1.289414644e-10 0.2241063055 -7.66952e-10) (-2.06415264e-09 0.1883911309 -7.093979446e-10)
1.44              (-2.205609839e-10 0.2249386414 -3.716576952e-10) (-1.85872536e-09 0.1895004074 -6.60015446e-10)
1.445             (-2.71109693e-10 0.2257714466 -2.327763579e-10) (-1.910472104e-09 0.190631999 -7.981803851e-10)
1.45              (-5.76937528e-11 0.226604829 -4.979195846e-12) (-1.490037716e-09 0.1917789977 -2.791627343e-10)
1.455             (-4.754527342e-10 0.2274388994 -5.779602108e-10) (-2.442119485e-09 0.1929529857 -1.09289634e-09)
1.46              (-1.662799104e-09 0.2282737668 -1.498641642e-09) (-3.99430558e-09 0.1941457553 -2.467791284e-09)
1.465             (3.701087307e-09 0.229109534 -1.25225204e-09) (8.525670751e-09 0.1953704849 5.312600547e-09)
1.47              (1.323759557e-10 0.2299462903 1.782368033e-10) (-1.126584177e-09 0.1966176731 2.33691289e-10)
1.475             (-5.299915588e-11 0.2307841034 3.599204485e-10) (-4.068656841e-10 0.1979010752 1.164015664e-09)
1.48              (2.24409916e-10 0.231623022 4.215734178e-10) (-1.313646247e-09 0.1992099049 -3.73455358e-10)
1.485             (4.037721024e-10 0.2324630702 -1.26731596e-09) (-2.124721401e-09 0.2005584772 -3.410260327e-10)
1.49              (-1.25863415e-09 0.2333042374 9.288950345e-10) (6.522444128e-10 0.201935166 -9.812646925e-10)
1.495             (1.480455704e-09 0.2341464763 -2.199259834e-09) (-2.601663016e-09 0.2033539036 -4.614317766e-10)
1.5               (1.366836742e-09 0.2349897055 -3.111200304e-10) (-6.183803798e-10 0.2048023922 2.017240063e-09)
1.505             (2.202874131e-09 0.2358338113 -4.339403273e-09) (-7.384016347e-09 0.2062947163 -2.654676873e-09)
1.51              (-5.567092409e-09 0.2366786506 4.269246557e-10) (-8.949973086e-09 0.2078183666 -1.688996087e-08)
1.515             (4.407418352e-10 0.2375240541 7.465944377e-10) (-2.04794687e-09 0.2093857275 -1.434083516e-09)
1.52              (2.21049768e-09 0.2383698323 1.319840073e-09) (1.627737205e-09 0.2109841437 3.796090481e-09)
1.525             (-6.649265276e-10 0.2392157844 -5.62307861e-09) (-1.358613359e-08 0.2126238991 -8.754534576e-09)
1.53              (-8.038396982e-09 0.2400617072 -5.643704608e-09) (-2.138815018e-08 0.2142929287 -2.265195729e-08)
1.535             (5.656105053e-10 0.2409074032 1.046219421e-09) (8.380681987e-11 0.2160004259 1.163037849e-09)
1.54              (4.833187562e-10 0.2417526928 2.969340363e-10) (-1.470100308e-09 0.2177353726 -3.652212504e-10)
1.545             (1.276124177e-08 0.2425974117 8.170988526e-09) (-2.217965716e-09 0.2195052277 9.061238508e-10)
1.55              (2.942783989e-09 0.2434414273 1.810549538e-09) (7.307650941e-10 0.2212999723 3.030507634e-09)
1.555             (-1.452075164e-10 0.2442846497 2.476904792e-10) (-1.423802459e-09 0.2231244562 -3.596151906e-10)
1.56              (1.038525863e-09 0.2451270272 1.068191838e-09) (-1.788609136e-09 0.2249698822 -4.717038993e-10)
1.565             (-1.586037445e-10 0.2459685451 1.344383432e-10) (-2.199622959e-09 0.2268394914 -1.011013803e-09)
1.57              (-2.171632748e-09 0.2468092274 -1.610181476e-09) (1.006732231e-09 0.2287259934 1.524782681e-09)
1.575             (-2.847793125e-10 0.2476491356 -1.880400596e-10) (6.554375583e-10 0.2306318966 -3.971362454e-10)
1.58              (6.580880551e-09 0.2484883637 -6.20340726e-10) (-7.217695987e-09 0.2325515198 -2.456471278e-09)
1.585             (1.083566117e-10 0.2493270319 -4.425986888e-10) (-2.420749713e-09 0.2344864322 -1.148207424e-09)
1.59              (2.86863812e-10 0.2501652782 8.724857066e-10) (-1.567081274e-09 0.2364320017 1.742403428e-10)
1.595             (4.64230413e-10 0.2510032506 -6.954370018e-11) (-6.555525354e-10 0.2383882484 9.674677894e-10)
1.6               (-1.866148818e-09 0.2518411015 -8.686746764e-11) (1.901465929e-09 0.2403517377 8.18539777e-10)
1.605             (-1.432442044e-09 0.2526789806 -5.039418982e-10) (8.730979251e-10 0.2423229982 1.132917622e-09)
1.61              (3.466755585e-09 0.2535170262 3.122597233e-09) (5.846882177e-10 0.2442997708 2.525347982e-09)
1.615             (3.115096232e-09 0.2543553593 4.329722295e-09) (7.68019011e-10 0.2462816921 -6.238121795e-12)
1.62              (-6.883782887e-10 0.2551940826 5.330352089e-12) (-7.706507426e-09 0.248266935 -6.128160732e-09)
1.625             (-1.33821032e-09 0.2560332766 -1.714983962e-09) (-7.169223821e-09 0.250255334 -5.706781227e-09)
1.63              (-1.622297701e-09 0.2568730141 -2.548492731e-09) (-1.35331616e-08 0.2522461798 -1.173162842e-08)
1.635             (-1.688780101e-09 0.2577133136 -2.621167216e-09) (-4.897997382e-09 0.2542392768 -2.714786626e-09)
1.64              (-5.131816298e-10 0.2585542059 1.071818877e-09) (1.498849944e-09 0.2562334986 -2.410682862e-10)
1.645             (-2.877569529e-09 0.2593956934 -2.032335529e-10) (-7.136422136e-09 0.2582286011 -7.160976158e-09)
1.65              (-2.990786792e-09 0.260237744 -6.524562495e-10) (-7.281702489e-09 0.2602244509 -6.202166473e-09)
1.655             (3.08564621e-09 0.2610803363 -1.493239755e-09) (-1.137447711e-09 0.2622213573 1.276798655e-09)
1.66              (3.831141083e-09 0.2619234465 -5.018004171e-09) (-5.949522792e-09 0.26421894 3.585052191e-10)
1.665             (1.598182252e-09 0.2627670301 -5.344155369e-09) (-7.83017239e-09 0.2662167807 -2.708601655e-09)
1.67              (2.349989756e-10 0.2636110381 -3.913372657e-09) (-5.402934887e-09 0.268214673 -3.484139949e-09)
1.675             (-6.005243876e-10 0.2644554301 -2.724137198e-09) (-3.867017228e-09 0.2702127604 -2.72910782e-09)
1.68              (1.093840819e-10 0.2653001708 6.891472792e-10) (-2.049316225e-10 0.2722110154 2.2955834e-09)
1.685             (-1.933737617e-09 0.2661452246 -3.553298418e-10) (-3.411836783e-09 0.2742095788 6.230160418e-11)
1.69              (-3.171811163e-09 0.2669905574 -1.044727845e-09) (-4.859771148e-09 0.2762083796 -2.874928106e-09)
1.695             (-4.175241668e-09 0.2678361422 4.870443076e-11) (-3.370480729e-09 0.2782072561 -4.616443062e-09)
1.7               (-4.009211457e-09 0.2686819587 2.137313684e-10) (-3.239656594e-09 0.2802061186 -3.57242182e-09)
1.705             (-3.327549652e-09 0.2695279906 -2.710643233e-10) (-4.0334679e-09 0.2822049467 -2.750319728e-09)
1.71              (1.113622808e-09 0.2703742245 -1.05278019e-09) (-1.399710119e-09 0.284203747 1.288700054e-09)
1.715             (2.423761615e-09 0.2712206517 -5.003370672e-09) (-5.110702708e-09 0.2862027145 7.73421825e-10)
1.72              (2.041713729e-09 0.2720672662 -6.063133221e-09) (-7.014241099e-09 0.2882018533 -1.316248641e-09)
1.725             (-4.087417194e-09 0.272914057 9.722386169e-09) (-6.054472569e-10 0.2902010479 5.968978808e-10)
1.73              (-1.872742133e-09 0.2737610342 1.137809675e-09) (-2.680541354e-09 0.2922003204 -1.425988102e-09)
1.735             (6.122886833e-09 0.2746082071 -1.121916847e-08) (-8.991066919e-09 0.2941996984 6.192853176e-10)
1.74              (5.557061637e-09 0.2754555682 -1.05133219e-08) (-7.263198306e-09 0.2961990942 -9.342956244e-10)
1.745             (1.329432434e-09 0.2763031094 -4.718790731e-09) (-5.93536175e-09 0.2981985079 -2.074790125e-09)
1.75              (2.235182381e-09 0.277150827 2.84845833e-10) (-2.312006553e-09 0.3001978918 -1.040362906e-09)
1.755             (-7.159871499e-10 0.2779987364 -5.634520771e-10) (-3.670618657e-09 0.3021974251 -4.096963016e-10)
1.76              (-1.457596418e-09 0.2788468491 -1.693666098e-09) (-3.174093329e-09 0.304197165 -9.165282993e-10)
1.765             (-2.217833097e-09 0.2796951646 -2.161822514e-09) (-3.740684891e-09 0.3061971467 -7.060779062e-10)
1.77              (-2.825819472e-09 0.2805436864 -3.010814629e-09) (-3.991650357e-09 0.3081972928 -1.370045407e-09)
1.775             (-3.27592846e-09 0.2813923622 -3.607203563e-09) (-2.199994559e-09 0.3101976398 -2.669627108e-10)
1.78              (2.312119346e-10 0.2822413143 2.538855604e-10) (-6.503868899e-09 0.312198175 -1.01357925e-09)
1.785             (-3.379532435e-09 0.2830905515 -3.439868999e-09) (-5.651569434e-09 0.3141991491 -2.00463819e-09)
1.79              (-1.69098701e-09 0.2839399694 -2.168931593e-09) (-3.917108123e-09 0.316200525 -1.33206225e-09)
1.795             (-1.106702731e-09 0.2847895789 6.235202673e-10) (-5.14129764e-09 0.3182023821 -3.167648973e-09)
1.8               (-3.273167683e-09 0.285639446 -6.149027924e-10) (-3.096598364e-09 0.3202046167 -3.507972366e-09)
1.805             (-2.491578789e-09 0.2864895835 -1.152957207e-09) (-1.14905936e-09 0.3222077574 -2.092381991e-09)
1.81              (-1.380568022e-09 0.2873399811 -1.723067635e-09) (2.566777069e-09 0.3242117537 -1.621775041e-09)
1.815             (-1.103764294e-09 0.2881906549 -1.2422452e-09) (7.153511298e-10 0.326216968 -7.456016304e-10)
1.82              (-1.890999143e-09 0.2890416355 -8.026233561e-11) (-6.025594386e-10 0.3282232199 3.122013638e-10)
1.825             (-2.861224731e-09 0.2898929434 1.414453082e-09) (5.79457628e-10 0.3302310333 2.652352633e-09)
1.83              (-1.692051702e-09 0.2907445959 7.466406157e-10) (-7.64468663e-10 0.3322402344 3.928407922e-09)
1.835             (4.614350888e-10 0.2915966216 -8.702149419e-10) (-6.088655331e-10 0.3342516613 6.159871843e-09)
1.84              (1.752265505e-09 0.292449059 -2.016633322e-09) (3.441280197e-10 0.3362650974 6.761973992e-09)
1.845             (6.721231151e-09 0.2933019485 -3.929806511e-09) (-4.955293535e-10 0.3382813946 6.264626218e-09)
1.85              (2.60170797e-09 0.2941553313 -1.158209754e-09) (5.058623152e-10 0.3403002236 5.925997013e-09)
1.855             (-4.150546484e-09 0.2950092548 4.273106259e-09) (6.140127443e-09 0.342322701 8.653431944e-09)
1.86              (-2.783239914e-09 0.2958637731 3.245962918e-09) (7.424161528e-09 0.3443484451 7.628397789e-09)
1.865             (9.79169641e-09 0.2967189464 2.758758137e-09) (2.621973613e-08 0.3463785937 1.640079632e-08)
1.87              (3.776685449e-09 0.2975748394 3.42827993e-09) (1.197149605e-08 0.3484126565 1.292148274e-08)
1.875             (-1.963631786e-09 0.298431522 -1.523448591e-09) (-7.67124918e-09 0.3504517256 -3.823565455e-09)
1.88              (9.141917177e-10 0.299289069 -3.29684653e-10) (-4.55737742e-09 0.3524952613 -6.918910655e-10)
1.885             (2.043151175e-09 0.3001475586 1.230135211e-09) (-2.828545097e-09 0.3545446723 6.424121638e-10)
1.89              (1.818780288e-09 0.3010070724 1.636409608e-09) (-2.743490247e-09 0.3565993862 7.763614298e-10)
1.895             (2.198978424e-09 0.301867695 1.949631225e-09) (-2.262212236e-09 0.3586601939 8.951841024e-10)
1.9               (2.199148041e-09 0.3027295123 2.031963355e-09) (-2.618364653e-09 0.360726305 7.47019279e-10)
1.905             (2.228662422e-09 0.3035926096 2.092724673e-09) (-2.277922585e-09 0.3627981953 5.324919192e-10)
1.91              (2.097279604e-09 0.3044570692 2.064133148e-09) (-2.449089807e-09 0.3648752016 6.296912817e-10)
1.915             (-2.112386356e-10 0.3053229697 -3.360352013e-10) (-1.742021154e-09 0.3669577477 1.000692662e-09)
1.92              (-1.208104223e-08 0.3061903831 -1.231330349e-08) (-8.580692065e-10 0.3690452019 9.148167399e-10)
1.925             (2.06468675e-09 0.3070593738 1.689791735e-09) (-2.494822785e-09 0.371136961 9.826747575e-11)
1.93              (1.904692949e-09 0.3079299956 1.684264464e-09) (-3.365525297e-09 0.3732323926 -1.320007628e-09)
1.935             (2.19310971e-09 0.3088022893 2.377869723e-09) (-2.482280411e-09 0.3753300423 -3.319634149e-11)
1.94              (1.977211283e-09 0.3096762803 2.07704482e-09) (-2.486001157e-09 0.377429422 -6.078253498e-10)
1.945             (1.764971494e-09 0.310551977 1.648594264e-09) (-2.633680279e-09 0.3795287783 -4.47097636e-10)
1.95              (1.448614492e-09 0.3114293688 1.277713257e-09) (-2.37905686e-09 0.3816279636 -3.901510866e-10)
1.955             (3.213931995e-09 0.3123084252 3.19889966e-09) (-2.045047031e-09 0.3837243257 -4.150655738e-10)
1.96              (1.721939772e-09 0.313189094 1.709454308e-09) (-4.597355966e-09 0.3858178754 -2.287858382e-09)
1.965             (1.830678326e-09 0.3140713012 2.011227021e-09) (-3.913641939e-09 0.3879052677 -1.646323044e-09)
1.97              (-3.279429936e-09 0.3149549511 -2.819569086e-09) (-8.189196817e-09 0.3899868662 -6.186115428e-09)
1.975             (-1.530626083e-10 0.3158399263 -1.834554329e-10) (-5.326529442e-09 0.3920593748 -3.107430704e-09)
1.98              (-5.880135745e-09 0.316726089 -4.088920091e-09) (-4.589771997e-09 0.3941236966 -1.777600735e-09)
1.985             (1.594143926e-09 0.3176132848 1.432755896e-09) (-5.555562114e-09 0.3961761634 -2.926102338e-09)
1.99              (-4.459043542e-09 0.3185013363 -4.795291624e-09) (-6.409872899e-09 0.3982176005 -3.537108768e-09)
1.995             (-4.6184627e-09 0.3193900578 -4.483736592e-09) (-1.490754085e-09 0.4002453163 7.064601753e-10)
2                 (-2.40579614e-09 0.3202792554 -2.618759672e-09) (-2.45154187e-08 0.4022609942 -1.920719633e-08)
2.005             (-5.408003178e-10 0.3211687217 -4.108482252e-10) (-1.572619518e-08 0.4042622879 -1.344885437e-08)
2.01              (8.774447425e-10 0.3220582461 7.919624087e-10) (-5.262741704e-09 0.4062503582 -2.608355411e-09)
2.015             (8.685128862e-10 0.3229476239 1.02210665e-09) (-6.295630766e-09 0.4082231303 -3.01841661e-09)
2.02              (6.805837774e-09 0.3238366541 6.735773736e-09) (-4.15065816e-09 0.4101823181 -2.074760812e-09)
2.025             (-5.311113405e-09 0.324725139 -4.716400584e-09) (-9.304075552e-09 0.4121285403 -8.401272568e-09)
2.03              (3.28061223e-09 0.3256128927 6.174931319e-10) (1.039706354e-09 0.4140638245 7.363604044e-09)
2.035             (-1.625300054e-08 0.3264997507 1.10592747e-08) (-2.212389917e-08 0.41598864 -1.795127388e-08)
2.04              (1.760331583e-09 0.3273855707 -5.539020602e-09) (-2.00621576e-08 0.4179042407 -1.6153917e-08)
2.045             (4.154441607e-09 0.3282702306 1.415077522e-09) (-6.297852947e-09 0.4198114577 -3.847644409e-09)
2.05              (1.66843966e-09 0.3291536259 -3.382410135e-09) (-1.747280012e-10 0.421711557 5.351143242e-09)
2.055             (-5.152844385e-10 0.3300356737 1.88701902e-11) (-7.736593567e-09 0.4236072653 -4.875598514e-09)
2.06              (-6.300693338e-09 0.3309163158 -7.943882982e-09) (-6.228927098e-09 0.4254997447 -3.390115969e-09)
2.065             (-1.593675983e-09 0.3317955224 1.112791501e-09) (-1.778683518e-09 0.4273915085 -6.076450518e-11)
2.07              (-2.537503201e-08 0.3326732885 -1.35880881e-08) (2.193530152e-08 0.4292830144 2.558699584e-08)
2.075             (-7.345690303e-09 0.3335496297 -3.530397681e-09) (2.265517575e-09 0.4311764652 6.83013809e-09)
2.08              (-5.713818351e-09 0.3344245811 -8.776309977e-09) (1.260940102e-09 0.4330720832 6.529938039e-09)
2.085             (1.02748574e-10 0.3352981948 -7.223251665e-10) (3.62500762e-10 0.4349724688 5.956581536e-09)
2.09              (-4.720490694e-09 0.3361705391 -1.705681096e-09) (1.006830689e-09 0.4368775602 6.386543859e-09)
2.095             (-4.114425309e-09 0.3370416951 -3.057820727e-09) (3.169840367e-09 0.4387890326 9.396433542e-09)
2.1               (-3.838208311e-09 0.3379117534 -5.723949608e-09) (1.040475418e-08 0.4407063795 1.784489186e-08)
2.105             (1.406628685e-08 0.3387808109 6.22422758e-09) (-3.398550428e-08 0.442630675 -2.317115939e-08)
2.11              (-2.523686676e-09 0.3396489698 -4.206060255e-09) (-3.824691864e-09 0.4445614888 3.103461798e-09)
2.115             (5.719212467e-09 0.3405163326 8.490559714e-09) (-8.502341277e-09 0.4464998237 -3.394402804e-09)
2.12              (1.595968547e-08 0.3413830017 2.212922397e-08) (-3.679356419e-08 0.44844488 -3.108336546e-08)
2.125             (1.349101684e-08 0.3422490772 2.259688696e-08) (-3.036325007e-08 0.4503969215 -2.626722675e-08)
2.13              (6.263828081e-09 0.3431146552 1.173280286e-08) (-1.518921403e-08 0.4523551331 -9.948282186e-09)
2.135             (3.305523009e-10 0.3439798265 2.642927638e-09) (-6.144603546e-09 0.4543193185 -5.1050294e-09)
2.14              (3.025932737e-09 0.3448446739 -1.847326499e-09) (-1.259629907e-08 0.4562886385 -5.502498149e-09)
2.145             (5.425230582e-10 0.3457092733 2.511569629e-10) (-1.280151093e-08 0.4582627178 -7.650522552e-09)
2.15              (1.309335478e-09 0.346573694 5.721243453e-10) (-1.275280884e-08 0.4602409281 -5.044754859e-09)
2.155             (1.042779126e-09 0.3474379984 2.233316685e-09) (-9.156051543e-09 0.4622230067 -3.567996013e-09)
2.16              (3.46976854e-10 0.3483022409 3.521433396e-10) (-9.044319841e-09 0.46420839 -2.45563342e-09)
2.165             (-3.628122268e-09 0.349166466 2.454461986e-09) (-3.306966682e-09 0.4661966083 -3.802690843e-09)
2.17              (-3.429566526e-09 0.3500307152 -2.510184001e-09) (-9.617288787e-09 0.4681872005 -3.343226384e-09)
2.175             (-3.218140731e-09 0.3508950237 -2.47796445e-09) (-1.054489728e-08 0.4701797215 -4.901227774e-09)
2.18              (-2.091762898e-09 0.3517594168 -2.719763488e-09) (-1.078100547e-08 0.4721737062 -3.907586343e-09)
2.185             (-2.135699529e-09 0.3526239158 -1.763288571e-09) (-9.540813867e-09 0.4741688252 -4.982555844e-09)
2.19              (-1.016967415e-09 0.3534885416 -2.009923062e-09) (-1.033130664e-08 0.4761648455 -3.930045072e-09)
2.195             (-1.179934911e-09 0.3543533125 -8.325717922e-10) (-8.9518355e-09 0.4781617746 -4.757678751e-09)
2.2               (-3.017598638e-10 0.355218242 -1.021571292e-09) (-9.531344671e-09 0.4801594098 -3.688908296e-09)
2.205             (-5.700995621e-10 0.3560833391 -2.488885894e-10) (-8.163880547e-09 0.4821575484 -4.765463617e-09)
2.21              (1.112628074e-10 0.356948611 -4.890884543e-10) (-8.378153646e-09 0.4841559797 -4.344955306e-09)
2.215             (-2.454221345e-10 0.3578140648 -4.07888792e-11) (-7.119273698e-09 0.48615463 -5.135491528e-09)
2.22              (2.577017707e-10 0.3586797067 -2.159394242e-10) (-7.047482939e-09 0.4881533941 -4.002341454e-09)
2.225             (4.212963715e-10 0.3595455421 2.195106233e-10) (-5.979038725e-09 0.4901522102 -3.499222325e-09)
2.23              (1.583120015e-10 0.3604115741 -1.06578866e-09) (-8.204794083e-09 0.4921509959 -3.869756205e-09)
2.235             (-5.215614274e-11 0.3612778067 2.933945817e-10) (-7.087909787e-09 0.4941499065 -5.66073286e-09)
2.24              (6.012863955e-10 0.3621442463 5.625843508e-10) (-7.058015394e-09 0.4961489056 -4.635517498e-09)
2.245             (5.260914365e-10 0.3630108993 9.298649724e-10) (-6.053844152e-09 0.4981479724 -4.878205136e-09)
2.25              (9.221266985e-10 0.3638777705 6.573343257e-10) (-6.411431182e-09 0.5001469922 -4.253744884e-09)
2.255             (7.815298207e-10 0.364744864 8.54687155e-10) (-5.672653405e-09 0.5021458589 -4.890586157e-09)
2.26              (1.036910283e-09 0.3656121839 6.494041926e-10) (-6.00818595e-09 0.5041444981 -4.459404531e-09)
2.265             (9.178049949e-10 0.3664797354 9.293556087e-10) (-5.303660413e-09 0.5061429304 -4.99476623e-09)
2.27              (1.113505234e-09 0.367347525 8.484090783e-10) (-5.624795783e-09 0.5081411104 -4.539126107e-09)
2.275             (1.287452204e-09 0.3682155526 1.254438772e-09) (-4.338827922e-09 0.5101392022 -4.115341738e-09)
2.28              (1.564735948e-09 0.3690838408 1.322996862e-09) (-4.615888031e-09 0.5121371263 -4.002308186e-09)
2.285             (7.728521662e-10 0.3699524064 7.385811869e-10) (-4.463239765e-09 0.5141346721 -4.627643605e-09)
2.29              (-1.143509861e-10 0.3708212474 -8.310689557e-11) (-4.336202954e-09 0.5161316087 -4.822178153e-09)
2.295             (3.041045077e-10 0.3716903674 4.72993624e-10) (-4.139930435e-09 0.518127883 -5.030466971e-09)
2.3               (1.739268679e-09 0.3725597807 1.372812338e-09) (-4.444202008e-09 0.520123316 -4.020742282e-09)
2.305             (2.429933062e-09 0.3734295022 2.339822504e-09) (-2.952177729e-09 0.5221180684 -3.82093378e-09)
2.31              (3.341737491e-09 0.3742995427 3.124069731e-09) (-2.294716061e-09 0.5241118541 -2.524628277e-09)
2.315             (2.562191742e-09 0.3751699105 2.452650879e-09) (-4.200756408e-09 0.5261045902 -4.619695957e-09)
2.32              (2.723015265e-09 0.3760406146 2.718553412e-09) (-4.213012532e-09 0.5280957721 -4.774121115e-09)
2.325             (1.213226909e-09 0.3769116651 1.178532284e-09) (-3.762330555e-09 0.5300854051 -4.382669311e-09)
2.33              (1.897010485e-09 0.3777830685 1.882428432e-09) (-2.984843065e-09 0.5320728801 -3.405433687e-09)
2.335             (3.208221197e-09 0.3786548257 3.165032688e-09) (-7.895871725e-10 0.5340581525 -1.605775842e-09)
2.34              (3.971944119e-09 0.3795269339 3.942009148e-09) (7.504202614e-10 0.5360403915 -3.381023259e-10)
2.345             (5.180278238e-09 0.3803993896 5.148373033e-09) (3.417792051e-09 0.5380197332 2.130835292e-09)
2.35              (1.795958397e-09 0.3812721896 1.780020498e-09) (-2.819378251e-09 0.5399950749 -3.912898878e-09)
2.355             (6.693040652e-09 0.3821453282 6.71640267e-09) (7.085555211e-09 0.5419669898 6.275903664e-09)
2.36              (2.339800761e-09 0.3830187952 2.329304641e-09) (-4.088348387e-09 0.5439339889 -5.689889972e-09)
2.365             (1.028392817e-08 0.383892572 1.017488931e-08) (1.767046512e-08 0.5458961488 1.429896618e-08)
2.37              (2.3517887e-09 0.3847666335 2.27214048e-09) (-2.73721672e-09 0.5478514336 -5.378442775e-09)
2.375             (9.923889332e-09 0.3856409464 9.944339241e-09) (1.755564649e-08 0.5498002832 1.607173877e-08)
2.38              (1.67198466e-09 0.3865154732 1.653689571e-09) (-2.446495427e-09 0.5517403044 -4.778947874e-09)
2.385             (-1.244535205e-11 0.3873901706 -5.432135302e-11) (-4.69064995e-09 0.5536727645 -7.366570488e-09)
2.39              (-5.737133667e-10 0.3882649912 -6.041588235e-10) (-3.92658308e-09 0.5555947162 -6.294727976e-09)
2.395             (4.998075142e-09 0.3891398831 4.968147814e-09) (-2.722876711e-09 0.5575074093 -4.528561607e-09)
2.4               (-6.666400758e-09 0.3900147906 -6.676606923e-09) (-5.481387867e-09 0.5594070205 -5.455485101e-09)
2.405             (-2.560819901e-09 0.3908896546 -2.594372473e-09) (-4.853743655e-09 0.5612952284 -5.211346548e-09)
2.41              (-2.02781375e-09 0.391764414 -2.043234895e-09) (-3.767480368e-09 0.5631675375 -4.179721465e-09)
2.415             (-3.331600809e-09 0.3926390069 -3.369524754e-09) (-3.227674045e-09 0.5650265186 -3.575157237e-09)
2.42              (-2.965451729e-09 0.3935133724 -2.973161888e-09) (-1.542045553e-09 0.5668669345 -1.408254566e-09)
2.425             (-1.785933016e-08 0.3943874525 -1.788900329e-08) (-8.478936973e-09 0.5686921956 -8.379676945e-09)
2.43              (-1.358360046e-08 0.3952611941 -1.34417054e-08) (-8.050311551e-09 0.5704961677 -7.925103897e-09)
2.435             (-2.617832224e-09 0.39613455 -2.507755859e-09) (-6.379350031e-09 0.5722827111 -5.410259636e-09)
2.44              (1.309627123e-09 0.3970074815 8.674579359e-10) (-7.312054694e-09 0.5740448009 -6.234589994e-09)
2.445             (-2.179691487e-09 0.3978799592 -2.367012567e-09) (-6.325893291e-09 0.5757875677 -6.889250621e-09)
2.45              (-2.721799454e-09 0.398751965 -2.221143328e-09) (-6.790045e-09 0.5775032452 -7.518424085e-09)
2.455             (1.165993825e-10 0.3996234932 5.895971724e-10) (2.034664749e-08 0.5791979545 2.063328133e-08)
2.46              (-1.510182447e-09 0.4004945544 4.635537373e-10) (-3.01065486e-09 0.5808631943 -9.995479329e-10)
2.465             (2.361590703e-10 0.4013651707 1.038764588e-09) (-6.237843946e-09 0.5825060647 -6.429670216e-09)
2.47              (-2.359936004e-09 0.4022353718 2.05145775e-09) (-7.354960606e-09 0.5841174017 -2.976988336e-09)
2.475             (1.469248051e-10 0.4031052092 -4.961889663e-10) (-6.523332288e-09 0.585705349 -6.815381699e-09)
2.48              (4.667876628e-10 0.4039747544 1.164597795e-09) (-3.931494862e-09 0.5872603377 -5.26424843e-09)
2.485             (9.511822628e-10 0.4048440867 -1.691378854e-09) (-8.768124007e-09 0.5887915144 -6.517939564e-09)
2.49              (-2.797136929e-09 0.405713292 3.441985492e-09) (-4.57461071e-09 0.590288934 -7.064575559e-09)
2.495             (4.574092367e-09 0.4065824654 -2.510792978e-09) (1.780362177e-09 0.5917623825 -8.146089623e-09)
2.5               (2.328733368e-10 0.4074517109 7.294447861e-10) (-5.230718276e-09 0.5932017913 -6.533326536e-09)
2.505             (1.691999723e-10 0.4083211374 3.151195652e-10) (-6.384009774e-09 0.5946176791 -7.182613677e-09)
2.51              (-2.311803293e-09 0.4091908546 2.749964065e-09) (-5.937875503e-09 0.5960001419 -8.657628404e-09)
2.515             (-3.691683194e-10 0.4100609703 4.260106362e-10) (-7.204280791e-09 0.5973601929 -8.282359789e-09)
2.52              (-2.990742985e-09 0.4109315873 4.030800111e-09) (-9.584922228e-09 0.5986882696 -1.034016576e-08)
2.525             (2.818764022e-10 0.4118028026 -6.734940974e-10) (-4.394696247e-09 0.5999951483 -7.076130975e-09)
2.53              (-2.662054785e-11 0.4126747026 3.808253075e-10) (-6.133928663e-09 0.6012716022 -6.511341892e-09)
2.535             (1.480200261e-10 0.4135473623 5.142931828e-10) (-7.47719174e-09 0.6025287258 -7.571440992e-09)
2.54              (-1.387490523e-09 0.4144208428 7.708488319e-10) (-7.649011991e-09 0.6037580142 -7.841210069e-09)
2.545             (1.154319733e-09 0.4152951902 -1.982550263e-09) (-7.105338368e-09 0.6049699964 -7.350316376e-09)
2.55              (-1.39629522e-09 0.4161704347 4.398534154e-10) (-6.6444537e-09 0.6061568976 -6.440362148e-09)
2.555             (2.756815299e-10 0.4170465935 3.980096146e-10) (-5.865355471e-09 0.6073286543 -6.071791407e-09)
2.56              (2.044186864e-09 0.4179236625 2.036040607e-09) (-2.905955226e-09 0.6084783028 -3.014159686e-09)
2.565             (-9.132185714e-10 0.4188016174 1.583608293e-09) (-5.732011591e-09 0.6096149729 -6.061242096e-09)
2.57              (9.085899582e-10 0.4196804272 -3.743027587e-10) (-6.604699571e-09 0.6107325863 -7.040363747e-09)
2.575             (2.580955365e-10 0.4205600508 3.73473956e-10) (-6.524790679e-09 0.6118392964 -6.935322269e-09)
2.58              (-4.309146668e-09 0.421440431 3.613532587e-09) (-6.993049372e-09 0.6129299404 -7.05658299e-09)
2.585             (4.783244218e-10 0.4223215034 4.724301647e-10) (-5.761183414e-09 0.6140117894 -6.22121778e-09)
2.59              (6.142220057e-10 0.423203198 5.189057852e-10) (-5.579607339e-09 0.6150805255 -5.967482254e-09)
2.595             (-2.214889128e-09 0.4240854366 1.123938353e-09) (-6.479914701e-09 0.6161422746 -6.742055322e-09)
2.6               (-6.53568662e-09 0.4249681421 4.288643728e-09) (-7.760274376e-09 0.6171934773 -7.956268338e-09)
2.605             (-2.861499119e-10 0.4258512429 2.282111114e-11) (-6.416191294e-09 0.618239191 -6.839072784e-09)
2.61              (6.623525246e-10 0.426734666 8.801441221e-11) (-5.329268003e-09 0.6192765878 -5.777872416e-09)
2.615             (2.645421102e-11 0.4276183386 3.752285024e-10) (-5.504867071e-09 0.6203098712 -5.946030501e-09)
2.62              (4.095554589e-09 0.4285021963 -1.988171189e-09) (-3.521875751e-09 0.6213368527 -4.457628983e-09)
2.625             (4.231790678e-10 0.4293861841 -1.736602374e-10) (-5.184124237e-09 0.6223608134 -5.735728907e-09)
2.63              (-2.464135122e-08 0.4302702529 2.075766237e-08) (-1.0651129e-08 0.6233800669 -9.194335298e-09)
2.635             (2.964478293e-10 0.4311543618 -7.003494809e-10) (-2.109788666e-09 0.6243970582 -2.510770701e-09)
2.64              (2.005171984e-11 0.4320384824 1.4134616e-10) (-9.938695688e-10 0.6254105403 -1.178824826e-09)
2.645             (-7.850062932e-10 0.4329225941 1.236175264e-09) (6.769241122e-09 0.6264225408 6.705053259e-09)
2.65              (-1.565766568e-09 0.4338066799 -3.97904972e-10) (-1.50953629e-08 0.6274321619 -1.527551587e-08)
2.655             (2.918557024e-09 0.4346907286 -6.37403113e-09) (-3.051078973e-08 0.6284406883 -3.135857195e-08)
2.66              (-2.590821749e-09 0.4355747373 2.169825035e-10) (-1.228283366e-08 0.6294474142 -1.303534157e-08)
2.665             (5.207005142e-09 0.4364587099 -7.226254654e-09) (-2.756823152e-08 0.6304533688 -2.853257979e-08)
2.67              (-2.74821375e-09 0.4373426547 1.047389936e-09) (-3.130627059e-08 0.6314581474 -3.212889633e-08)
2.675             (-5.866807271e-11 0.4382265828 2.075061268e-11) (-2.870951611e-10 0.6324625141 -9.089538638e-10)
2.68              (7.416902296e-10 0.4391105076 -2.754783951e-10) (-1.855683966e-09 0.6334661492 -2.461304218e-09)
2.685             (-4.052188827e-11 0.4399944442 1.121593497e-09) (1.322048688e-09 0.6344694196 6.770631417e-10)
2.69              (7.260443712e-10 0.4408784088 6.413377494e-10) (3.065646992e-09 0.6354720768 2.437299136e-09)
2.695             (1.016269621e-09 0.4417624179 4.258457781e-10) (2.294032715e-09 0.63647446 1.613848044e-09)
2.7               (2.493231287e-10 0.4426464874 5.112986484e-10) (-1.428956825e-09 0.637476507 -2.079565387e-09)
2.705             (7.3042271e-10 0.4435306323 1.188024253e-09) (7.875762962e-09 0.6384783611 7.390284074e-09)
2.71              (1.110276892e-09 0.4444148668 1.157085465e-09) (1.081944494e-08 0.6394798371 1.049703023e-08)
2.715             (1.431852556e-09 0.4452992033 1.231566248e-09) (1.247203617e-08 0.6404811472 1.195552453e-08)
2.72              (1.623964621e-09 0.446183653 1.387570096e-09) (1.357743976e-08 0.6414822535 1.303659631e-08)
2.725             (1.801203642e-09 0.4470682255 1.559083386e-09) (1.502452262e-08 0.6424832306 1.442284432e-08)
2.73              (1.96598172e-09 0.4479529288 1.812826154e-09) (1.717471979e-08 0.6434839194 1.659445699e-08)
2.735             (4.713669602e-10 0.4488377693 8.723882252e-10) (-6.111746484e-09 0.6444845398 -6.596766516e-09)
2.74              (2.139937167e-09 0.4497227524 -1.032659409e-09) (-5.262924761e-09 0.6454849274 -6.044064765e-09)
2.745             (-6.575517407e-10 0.4506078816 1.995488615e-09) (-1.010816851e-09 0.6464849022 -6.315360571e-10)
2.75              (4.219275106e-09 0.4514931595 -1.321001592e-09) (2.274584317e-08 0.6474843199 2.258325516e-08)
2.755             (-3.893559529e-10 0.4523785876 2.775097941e-09) (1.388676881e-08 0.6484835926 1.26665642e-08)
2.76              (2.741541629e-09 0.4532641665 -5.83322586e-10) (7.798719969e-09 0.6494826575 7.161062633e-09)
2.765             (-2.078434168e-09 0.4541498959 4.950461912e-09) (1.899676747e-08 0.6504814542 1.828124246e-08)
2.77              (2.665485322e-09 0.4550357746 -2.390451653e-10) (1.874885408e-08 0.6514796109 1.811691654e-08)
2.775             (-4.040474683e-10 0.4559218011 2.298867678e-09) (1.130687193e-08 0.6524771543 1.059796437e-08)
2.78              (1.955830243e-09 0.4568079728 -1.216362304e-10) (1.728745975e-08 0.6534738218 1.678185799e-08)
2.785             (-1.482874546e-09 0.4576942869 3.530547868e-09) (1.471847491e-08 0.6544700858 1.507412546e-08)
2.79              (2.707875004e-09 0.4585807397 -8.794678752e-10) (1.223475499e-08 0.6554656378 1.175483357e-08)
2.795             (-5.741712635e-10 0.4594673273 2.322894108e-09) (1.23918432e-08 0.6564607096 1.224854842e-08)
2.8               (7.18843613e-11 0.4603540453 -9.251944885e-10) (-1.021042553e-08 0.6574548201 -1.074111046e-08)
2.805             (-9.449323815e-11 0.4612408887 -4.639579379e-11) (-4.332137104e-09 0.658448129 -5.025707625e-09)
2.81              (-7.805334188e-12 0.4621278524 7.779847531e-10) (-3.078191008e-10 0.6594399812 -5.622003913e-10)
2.815             (-2.54436752e-09 0.4630149307 3.702983502e-09) (2.536257938e-09 0.6604310215 -1.735708617e-09)
2.82              (-1.211724226e-09 0.463902118 2.196681477e-09) (4.970645881e-10 0.6614207053 4.829119791e-10)
2.825             (-5.278388207e-09 0.4647894081 6.874645148e-09) (1.566609153e-09 0.6624098946 -2.070440767e-09)
2.83              (8.117647681e-10 0.4656767952 -8.410984781e-11) (-7.637690665e-10 0.6633977832 -1.360741484e-09)
2.835             (2.62386051e-09 0.4665642732 -1.113995814e-09) (4.583630577e-09 0.6643844804 5.084618182e-09)
2.84              (2.533123675e-09 0.4674518362 -1.432118772e-09) (-2.895048543e-09 0.6653689348 7.135936912e-09)
2.845             (-1.493759846e-09 0.4683394787 -1.440657463e-09) (1.883309058e-08 0.6663520963 1.981932274e-08)
2.85              (-1.49460002e-09 0.4692271955 2.70095506e-09) (9.688414972e-09 0.6673332067 6.29169576e-09)
2.855             (1.527604451e-09 0.4701149822 -5.722127171e-10) (1.214656813e-08 0.6683139078 1.546120078e-08)
2.86              (2.50103001e-09 0.471002835 -7.762419521e-10) (5.088316665e-09 0.6692931703 1.066274355e-08)
2.865             (2.627606112e-10 0.4718907511 6.351192166e-10) (-2.103958576e-09 0.6702716836 1.278772495e-09)
2.87              (-6.749141233e-10 0.4727787291 2.810279037e-09) (8.384459345e-09 0.6712482117 1.193285494e-08)
2.875             (-2.005194808e-09 0.4736667686 4.763637691e-09) (1.611632151e-08 0.6722238479 1.449568718e-08)
2.88              (7.329311878e-09 0.474554871 -5.624233284e-09) (6.710271328e-09 0.6731976619 6.781850771e-09)
2.885             (-1.638278213e-09 0.4754430393 3.131984237e-09) (1.087352721e-08 0.6741712755 1.104533612e-08)
2.89              (3.305323574e-09 0.4763312782 -1.47723434e-09) (1.244088783e-08 0.6751438236 1.464598355e-08)
2.895             (5.94185219e-09 0.4772195946 -3.419281383e-09) (9.463068442e-09 0.6761163292 7.442252406e-09)
2.9               (4.173700151e-10 0.4781079972 -1.148516601e-10) (7.460387705e-09 0.6770879473 6.547626184e-09)
2.905             (3.315209318e-09 0.4789964968 -1.719450013e-09) (9.512801457e-09 0.6780598015 1.11103854e-08)
2.91              (-1.640753474e-09 0.4798851062 3.148431725e-09) (9.227117906e-09 0.6790313948 1.187863665e-08)
2.915             (2.726602753e-09 0.4807738403 -1.365246069e-09) (1.027006586e-08 0.6800037711 1.158249407e-08)
2.92              (-1.250810955e-09 0.4816627156 2.898754279e-09) (1.221718491e-08 0.6809766946 1.238810544e-08)
2.925             (3.322214679e-09 0.4825517508 -1.66395794e-09) (1.426903188e-08 0.681950732 1.279768142e-08)
2.93              (-1.379812426e-09 0.4834409657 2.991258406e-09) (1.336411367e-08 0.6829260091 1.141841014e-08)
2.935             (2.77716624e-09 0.4843303819 -1.249391218e-09) (1.375168442e-08 0.683902867 1.159282641e-08)
2.94              (-3.114117681e-09 0.4852200218 4.566907731e-09) (1.12433974e-08 0.6848818606 8.125971142e-09)
2.945             (2.569625495e-09 0.4861099089 -1.250136848e-09) (1.336305299e-08 0.685862819 1.20099802e-08)
2.95              (-2.168730949e-09 0.487000067 3.718731337e-09) (1.189976474e-08 0.686846698 1.271054001e-08)
2.955             (1.698469774e-09 0.4878905201 -6.517276821e-10) (1.149535895e-08 0.6878327138 1.147202594e-08)
2.96              (-2.222202998e-09 0.4887812919 3.900099182e-09) (1.418986896e-08 0.6888222541 1.125416001e-08)
2.965             (6.088630484e-10 0.4896724053 3.097641731e-11) (8.662580912e-09 0.689814069 7.43411259e-09)
2.97              (-1.37089563e-09 0.4905638823 2.873635169e-09) (1.235411588e-08 0.6908099686 1.314072134e-08)
2.975             (2.334287091e-09 0.491455743 -8.562116606e-10) (1.186129612e-08 0.6918082093 1.273256624e-08)
2.98              (-6.086023966e-10 0.4923480059 1.90643472e-09) (9.937061924e-09 0.6928109182 1.05013117e-08)
2.985             (2.482412183e-09 0.4932406868 -1.018344434e-09) (1.175270828e-08 0.6938158081 1.226682365e-08)
2.99              (-1.074622757e-09 0.4941337989 2.471225248e-09) (9.729853054e-09 0.6948252269 9.709333248e-09)
2.995             (1.865542062e-09 0.4950273526 -6.330937224e-10) (1.098411904e-08 0.6958365119 1.080540335e-08)
3                 (-1.497924529e-09 0.4959213548 2.934162919e-09) (1.071708732e-08 0.6968521529 8.389637506e-09)
3.005             (-3.092493511e-09 0.496815809 4.623381947e-09) (6.701674498e-09 0.6978692553 5.899509878e-09)
3.01              (-3.683664634e-10 0.4977107153 -6.568469803e-10) (-1.018354847e-10 0.6988903444 -8.409172426e-10)
3.015             (-1.334470826e-09 0.4986060701 2.599192898e-09) (9.292795228e-09 0.6999124841 8.040795411e-09)
3.02              (2.922030189e-09 0.4995018664 -1.789843806e-09) (1.323409383e-09 0.7009380378 3.036499987e-09)
3.025             (5.837941209e-09 0.5003980937 -4.03532602e-09) (5.925040172e-09 0.7019640279 6.09888568e-09)
3.03              (-3.351503339e-10 0.5012947382 -7.318711088e-10) (3.49514717e-10 0.7029925942 -2.454880285e-10)
3.035             (-3.426298819e-09 0.5021917833 5.504011101e-09) (8.955534706e-09 0.7040211019 6.334064317e-09)
3.04              (-3.350677765e-09 0.5030892097 5.320762804e-09) (7.53057611e-09 0.7050513532 6.457547247e-09)
3.045             (-6.098135323e-10 0.5039870006 -2.389765059e-10) (-2.209560937e-09 0.7060811218 -2.63022885e-09)
3.05              (2.169712357e-09 0.5048851305 1.460116111e-09) (6.636979716e-10 0.7071117896 2.340860198e-10)
3.055             (-3.655269452e-09 0.5057835673 1.51289176e-09) (-1.446519371e-09 0.7081415363 -2.691462702e-09)
3.06              (-5.316347238e-11 0.5066822851 2.518642212e-10) (-2.750416371e-09 0.7091712698 -3.14921758e-09)
3.065             (1.292217047e-09 0.5075812615 -1.652827872e-09) (-4.965824693e-09 0.7101997997 -5.034506466e-09)
3.07              (5.074921711e-10 0.5084804732 -7.005249367e-10) (-3.08852298e-09 0.7112275893 -3.118192379e-09)
3.075             (-5.400209162e-09 0.5093798942 7.369066323e-09) (-5.075368146e-09 0.7122540452 -7.975972254e-09)
3.08              (-7.650477647e-10 0.5102794928 6.896658708e-10) (-6.088852141e-09 0.7132791826 -6.174741677e-09)
3.085             (1.13514273e-09 0.5111792464 -1.121803201e-09) (-5.076159592e-09 0.7143029126 -4.89429995e-09)
3.09              (-2.797486865e-09 0.5120791444 9.684959848e-10) (-4.497626218e-09 0.7153248013 -5.834256362e-09)
3.095             (3.728173867e-10 0.5129791675 2.253908381e-10) (6.058649286e-10 0.7163453027 3.156716844e-10)
3.1               (-2.006334189e-10 0.513879288 -4.92158426e-10) (-2.482056027e-09 0.7173637345 -2.900514089e-09)
3.105             (-4.139042418e-10 0.5147794858 2.448907089e-09) (-3.918716568e-09 0.7183810145 -7.667309407e-10)
3.11              (2.424324814e-10 0.5156797508 4.612649841e-10) (-1.540865227e-09 0.7193961789 -2.294073077e-09)
3.115             (-5.932002071e-11 0.5165800758 -1.01518876e-09) (-3.045872112e-09 0.720410382 -3.886820685e-09)
3.12              (-8.644138397e-10 0.5174804528 -6.857646875e-10) (-2.700724957e-09 0.7214224995 -3.268713243e-09)
3.125             (-3.292663499e-09 0.5183808733 -1.678205842e-09) (1.282536876e-09 0.7224338209 -5.762578697e-10)
3.13              (1.907438331e-11 0.519281335 -1.13594874e-11) (-1.062055916e-09 0.7234431208 -1.477315961e-09)
3.135             (-6.05821819e-10 0.5201818382 -1.011981512e-09) (-3.007980102e-09 0.7244518189 -3.411859215e-09)
3.14              (6.466549542e-10 0.5210823763 6.755926303e-10) (1.08219001e-08 0.7254587167 1.019010707e-08)
3.145             (8.74627827e-10 0.5219829523 1.218731583e-09) (1.012536833e-08 0.7264653025 1.028100801e-08)
3.15              (6.044686399e-10 0.5228835773 1.783541623e-09) (1.003523516e-08 0.7274704489 1.019958731e-08)
3.155             (5.857106952e-10 0.5237842579 2.053681401e-09) (9.730202636e-09 0.7284754375 9.676857211e-09)
3.16              (7.300355577e-10 0.5246849962 1.907164656e-09) (9.241280745e-09 0.7294792085 8.645978343e-09)
3.165             (1.172879182e-09 0.5255857961 1.473935386e-09) (8.889009137e-09 0.7304828353 8.28152883e-09)
3.17              (1.475502731e-09 0.5264866652 1.159522037e-09) (8.369148638e-09 0.7314854052 7.711188775e-09)
3.175             (1.640219685e-09 0.5273876124 1.000416892e-09) (7.709139197e-09 0.7324881687 7.25460568e-09)
3.18              (1.518411067e-09 0.528288646 1.116683875e-09) (7.125419169e-09 0.7334903923 6.617229894e-09)
3.185             (1.39638304e-09 0.5291897738 1.209155532e-09) (6.473783566e-09 0.7344926485 6.054950607e-09)
3.19              (1.264679535e-09 0.5300910034 1.280789553e-09) (5.846185598e-09 0.7354942417 5.339394997e-09)
3.195             (1.277755481e-09 0.5309923423 1.191429468e-09) (5.103751541e-09 0.7364957244 4.672707808e-09)
3.2               (1.259957052e-09 0.5318937981 1.119984731e-09) (4.383554439e-09 0.7374966532 3.903246075e-09)
3.205             (1.255832414e-09 0.5327953778 1.019193737e-09) (3.562469678e-09 0.7384977537 3.14933846e-09)
3.21              (1.180899399e-09 0.5336970877 9.677523446e-10) (2.734695808e-09 0.7394987108 2.28525499e-09)
3.215             (1.123423046e-09 0.5345989341 8.765587058e-10) (1.822967925e-09 0.7404997272 1.408510648e-09)
3.22              (1.041735909e-09 0.5355009224 7.864882532e-10) (8.839428009e-10 0.7415004902 4.72568659e-10)
3.225             (6.78406257e-11 0.5364030579 9.804054535e-12) (-5.233831746e-09 0.7425011289 -5.969487599e-09)
3.23              (-3.747039557e-10 0.5373053452 -6.244299339e-10) (-9.260744468e-09 0.7435015038 -9.639438441e-09)
3.235             (-7.137208516e-11 0.5382077886 -2.649638265e-10) (-4.625255659e-09 0.7445018459 -5.106233263e-09)
3.24              (-2.485216863e-11 0.5391103922 -1.174820678e-10) (-4.053533674e-09 0.7455021179 -4.719818915e-09)
3.245             (-7.379705725e-12 0.5400131594 -3.527278254e-11) (-4.603858796e-09 0.7465021672 -5.255714668e-09)
3.25              (-1.405919287e-10 0.5409160939 -1.769967327e-10) (-7.597856413e-09 0.7475019793 -8.244946917e-09)
3.255             (5.260613232e-10 0.5418191989 6.494419962e-11) (-2.426436831e-10 0.7485015318 -2.529967234e-09)
3.26              (3.091915853e-10 0.5427224774 -1.707088826e-10) (-5.093347324e-09 0.7495009518 -3.744479413e-09)
3.265             (-7.374390584e-11 0.5436259327 8.000649886e-11) (-2.456975881e-09 0.7505000843 -2.517780946e-09)
3.27              (-4.777003587e-10 0.5445295677 3.177816494e-10) (-1.530693234e-09 0.7514990923 -3.193067443e-09)
3.275             (-5.262392185e-10 0.5454333856 -2.684596508e-10) (-7.070715634e-09 0.7524974816 -8.557698594e-09)
3.28              (-6.019214221e-10 0.5463373896 -3.412042683e-10) (-4.615092587e-09 0.7534955014 -5.521508679e-09)
3.285             (-5.610186193e-10 0.5472415827 -6.216799282e-10) (-4.581475249e-09 0.754492818 -5.641506019e-09)
3.29              (-6.152769031e-10 0.5481459683 -2.317756303e-10) (-1.249575511e-08 0.7554898557 -1.31879379e-08)
3.295             (-3.134098355e-10 0.5490505497 -2.231989618e-10) (-1.721072772e-09 0.7564859496 -2.341827602e-09)
3.3               (-5.984167634e-10 0.5499553302 -8.830546314e-10) (-3.741881268e-09 0.7574815886 -4.52196646e-09)
3.305             (-7.840682187e-10 0.5508603133 -7.811735807e-10) (-1.04867079e-09 0.7584758725 -2.240138737e-09)
3.31              (-4.024901013e-10 0.5517655024 -3.798979007e-10) (4.456889847e-09 0.7594694676 3.34017773e-09)
3.315             (1.378144372e-10 0.5526709008 2.829313693e-11) (8.803954076e-09 0.7604612897 7.764735569e-09)
3.32              (2.308461008e-11 0.553576512 -3.322737687e-10) (-1.582920669e-08 0.7614522459 -1.644096933e-08)
3.325             (3.918328309e-10 0.5544823392 2.385567727e-10) (4.919924909e-09 0.7624409565 3.383105355e-09)
3.33              (2.876574116e-10 0.5553883853 4.376785154e-10) (8.476656758e-09 0.7634284953 7.895429834e-09)
3.335             (-6.292423715e-10 0.5562946531 1.028681847e-09) (2.701699753e-09 0.7644130263 3.058638031e-09)
3.34              (9.326724202e-10 0.5572011447 -6.439879951e-11) (8.305585823e-09 0.7653959505 8.340265282e-09)
3.345             (-1.345237997e-10 0.5581078618 7.520102737e-10) (5.847058614e-09 0.7663750929 4.629981977e-09)
3.35              (5.270890051e-10 0.5590148053 1.126026178e-10) (4.924437533e-09 0.7673521605 4.249267384e-09)
3.355             (-1.488093711e-09 0.5599219796 -2.120892206e-10) (-1.184796364e-09 0.7683244198 -2.39061488e-09)
3.36              (7.972846937e-10 0.5608293816 3.618661594e-10) (7.739671874e-10 0.769293961 -2.398222812e-10)
3.365             (5.138620229e-10 0.5617370016 2.750581517e-10) (1.122500778e-09 0.7702575586 -1.441482937e-10)
3.37              (1.375969801e-09 0.5626448354 6.492877309e-10) (1.429224526e-09 0.7712177323 8.695291566e-10)
3.375             (-1.005265803e-10 0.5635528831 3.997678963e-11) (-6.339686422e-10 0.7721705732 -1.283035548e-09)
3.38              (-5.937854361e-10 0.5644611409 -2.288263563e-10) (3.735662926e-10 0.7731190489 -6.312528701e-11)
3.385             (4.45849368e-10 0.5653695997 -6.660491665e-12) (-4.245905205e-10 0.7740586431 -8.718663275e-10)
3.39              (1.801902511e-10 0.5662782481 5.208417984e-11) (-8.795880583e-10 0.7749928647 -1.625808474e-09)
3.395             (-2.43969613e-10 0.5671870745 -2.192226134e-10) (-2.430488968e-09 0.775916511 -3.252358625e-09)
3.4               (-2.203386221e-10 0.5680960669 -4.238232962e-10) (-1.942725289e-09 0.7768336362 -2.472871572e-09)
3.405             (-9.74675715e-11 0.569005212 -6.972635306e-10) (-2.112160484e-09 0.7777383058 -2.622596312e-09)
3.41              (-1.246924675e-09 0.569914495 -9.090910658e-10) (-1.62603037e-09 0.7786351457 -2.830828637e-09)
3.415             (-5.259561274e-10 0.5708239 -4.614009643e-10) (-6.684581211e-10 0.7795175197 -1.706706567e-09)
3.42              (-1.892678845e-10 0.5717334107 -4.450762245e-10) (-1.167829522e-09 0.7803906396 -1.511298201e-09)
3.425             (-3.006820152e-10 0.5726430102 -7.752032194e-12) (-1.570403446e-09 0.7812472063 -1.294720263e-09)
3.43              (-1.328519681e-10 0.5735526815 2.404000392e-11) (-1.22823327e-09 0.7820930163 -2.059342934e-09)
3.435             (-2.704788365e-10 0.57446241 -8.954144299e-10) (-2.54237769e-09 0.782920156 -2.740238304e-09)
3.44              (5.654612059e-10 0.575372173 7.105825276e-10) (6.168739813e-09 0.7837349809 5.386946129e-09)
3.445             (8.322421638e-09 0.576281959 7.076914918e-09) (-2.698036346e-09 0.7845290495 5.704126594e-10)
3.45              (1.545461295e-09 0.5771917546 1.930994147e-09) (7.803932914e-09 0.785309248 7.141571147e-09)
3.455             (1.687075947e-10 0.5781015453 7.800143233e-11) (-6.808842961e-09 0.7860667388 -7.712726466e-09)
3.46              (-3.366623164e-10 0.5790113231 2.768405241e-10) (-2.425751819e-09 0.7868088745 -2.572713439e-09)
3.465             (8.566528673e-11 0.5799210819 2.252494436e-10) (2.01219713e-09 0.7875263773 1.034202752e-09)
3.47              (-3.092248852e-10 0.5808308154 -6.994541103e-11) (5.285200511e-11 0.7882269434 -3.095522522e-09)
3.475             (-4.114654069e-10 0.5817405201 -1.445804678e-09) (-1.066045808e-09 0.7889013558 -1.949133594e-09)
3.48              (2.783034183e-10 0.5826501967 -5.45779469e-10) (1.908179144e-09 0.7895577045 2.566444201e-09)
3.485             (5.578121329e-10 0.5835598502 3.92724336e-11) (1.225187991e-08 0.7901867183 1.358102036e-08)
3.49              (-8.274733565e-10 0.5844694889 -1.443854486e-10) (8.110124508e-09 0.7907966084 7.779002606e-09)
3.495             (3.295812742e-10 0.585379124 7.769502523e-10) (2.822908633e-08 0.7913781646 2.716820285e-08)
3.5               (-1.321034362e-09 0.5862887698 -1.40253475e-09) (-3.822738723e-08 0.7919396965 -4.262643929e-08)
3.505             (-4.334381404e-10 0.587198444 -3.73689933e-10) (-2.04599401e-09 0.79247244 -2.972605062e-09)
3.51              (-1.481779786e-09 0.5881081668 3.014249124e-11) (-1.382717826e-08 0.7929846988 -1.342536663e-08)
3.515             (1.241846339e-10 0.589017961 -2.725349537e-10) (-3.019973617e-08 0.7934681871 -3.09423337e-08)
3.52              (-6.289961498e-10 0.5899278515 -5.523370789e-10) (-1.175755145e-08 0.7939310356 -1.264220666e-08)
3.525             (-3.994277975e-10 0.5908378646 -3.989524279e-10) (-5.216891973e-09 0.7943653471 -6.090058048e-09)
3.53              (-1.131360864e-09 0.5917480276 -1.230719635e-09) (4.188129683e-09 0.7947789984 3.776880473e-09)
3.535             (-2.482235082e-10 0.5926583688 -2.213032301e-10) (-1.157771793e-09 0.7951647864 -2.036699187e-09)
3.54              (1.075656161e-10 0.5935689161 -1.127722941e-10) (-1.360489573e-09 0.7955301111 -2.202826425e-09)
3.545             (-6.038069556e-10 0.5944796963 1.73035964e-09) (-5.139975501e-09 0.7958689584 -5.061435015e-09)
3.55              (-7.5276454e-10 0.5953907349 -3.857030501e-10) (-2.805193916e-10 0.7961886515 -9.838969905e-10)
3.555             (1.05289547e-09 0.5963020651 1.141241243e-09) (-7.384086913e-10 0.7964837798 -2.250631815e-09)
3.56              (-1.81027261e-09 0.5972137002 -1.75662533e-09) (-1.969662657e-09 0.7967608329 -2.705121442e-09)
3.565             (-7.628102756e-09 0.5981256431 -6.74990984e-09) (1.857981684e-09 0.7970145733 1.412392185e-09)
3.57              (-3.647200392e-10 0.5990379181 -9.286473462e-11) (7.646272163e-10 0.7972507035 -9.389968767e-11)
3.575             (8.550144476e-10 0.5999505527 5.926148106e-10) (-1.667482899e-09 0.7974657122 -2.587671771e-09)
3.58              (3.687501644e-09 0.6008635622 4.054466978e-09) (-1.569554802e-09 0.7976651743 -2.398880281e-09)
3.585             (-6.866977361e-10 0.6017769396 -6.379802842e-10) (-2.292187213e-09 0.7978457888 -3.095286649e-09)
3.59              (-2.867019332e-10 0.6026906791 -3.069350964e-10) (-1.767744519e-09 0.7980121631 -2.586590153e-09)
3.595             (2.163225144e-10 0.6036047853 3.675997721e-10) (-2.319129258e-09 0.7981617247 -3.17113831e-09)
3.6               (1.035315167e-09 0.6045192584 1.73590995e-09) (-2.352377676e-09 0.7982987043 -3.375653178e-09)
3.605             (8.194419651e-10 0.6054340894 1.000953053e-09) (-1.890724693e-09 0.7984211084 -2.730455151e-09)
3.61              (1.053722184e-09 0.6063492648 9.991455044e-10) (-2.072170835e-09 0.7985325241 -2.855159043e-09)
3.615             (3.220722703e-09 0.6072647715 3.784475484e-09) (-3.746200847e-09 0.7986314862 -5.094035725e-09)
3.62              (2.060230771e-09 0.6081805954 2.075354178e-09) (-2.5509345e-09 0.7987210687 -3.401939719e-09)
3.625             (2.558484288e-10 0.6090967204 3.190113072e-10) (-3.282263741e-09 0.7988001785 -4.10216379e-09)
3.63              (4.819754494e-10 0.6100131284 6.030603065e-10) (-3.266209418e-09 0.7988713449 -4.145138552e-09)
3.635             (1.816606953e-10 0.6109298004 -5.628879645e-11) (-3.963958937e-09 0.7989337817 -4.632188215e-09)
3.64              (-3.002001014e-10 0.6118467173 -2.895158491e-10) (-4.058913144e-09 0.7989895857 -4.866005567e-09)
3.645             (-8.773828647e-10 0.6127638607 -7.692153813e-10) (-4.473282531e-09 0.799038293 -5.336304915e-09)
3.65              (-2.736378234e-09 0.6136812122 -2.870734637e-09) (-8.406092465e-09 0.7990816204 -9.134698576e-09)
3.655             (-5.665953286e-09 0.614598754 -5.635452201e-09) (-2.142289264e-08 0.7991192543 -2.224596345e-08)
3.66              (-3.021141286e-09 0.6155164694 -2.972522667e-09) (1.649198859e-09 0.7991525556 8.118086289e-10)
3.665             (-4.125496801e-09 0.616434343 -4.082202449e-09) (-1.0627673e-09 0.7991813224 -1.881602072e-09)
3.67              (2.919269854e-09 0.6173523602 3.245765451e-09) (6.556626221e-09 0.799206658 5.643394664e-09)
3.675             (-7.317713857e-10 0.6182705088 -3.851230747e-10) (1.227279428e-08 0.7992284581 1.105401204e-08)
3.68              (6.53049351e-09 0.6191887782 6.724069788e-09) (1.678523082e-08 0.7992475738 1.598144514e-08)
3.685             (-2.919236265e-10 0.6201071645 -1.601764088e-10) (-1.126168589e-09 0.7992639387 -1.990464937e-09)
3.69              (-2.503009377e-09 0.6210256518 -2.465962302e-09) (-2.375880528e-09 0.7992782148 -3.078080684e-09)
3.695             (-1.695283976e-09 0.6219442286 -1.738157955e-09) (-1.693448593e-09 0.7992903512 -2.198168419e-09)
3.7               (-2.68118095e-09 0.6228629017 -2.650088986e-09) (-2.064678686e-09 0.7993008487 -2.959270434e-09)
3.705             (-1.172187238e-09 0.6237816654 -1.122383103e-09) (-1.514924916e-09 0.7993096584 -2.485363803e-09)
3.71              (-8.556893957e-10 0.6247005103 -8.249313882e-10) (-1.635749739e-09 0.799317191 -2.514429477e-09)
3.715             (-2.414873322e-09 0.625619436 -2.734907533e-09) (-2.476548125e-09 0.7993234041 -2.692113657e-09)
3.72              (-3.325003275e-11 0.6265384427 -1.524374918e-10) (-1.747422093e-09 0.7993286307 -2.252788537e-09)
3.725             (1.183820483e-10 0.6274575278 1.852192555e-10) (-1.662892065e-09 0.7993327573 -2.343710474e-09)
3.73              (2.314847655e-10 0.6283766871 2.930317023e-10) (-1.690901242e-09 0.7993360407 -2.38320072e-09)
3.735             (2.961810659e-09 0.6292959179 3.06511931e-09) (-1.54578638e-10 0.7993383316 -4.418173293e-10)
3.74              (-1.039987075e-09 0.6302152187 -9.961134746e-10) (-2.180742746e-09 0.7993398633 -2.905888154e-09)
3.745             (1.380209301e-09 0.6311345864 1.438254607e-09) (-1.491684404e-09 0.7993404757 -2.261109553e-09)
3.75              (-1.141831407e-09 0.6320540169 -1.252158975e-09) (-1.760393353e-09 0.799340383 -2.818462901e-09)
3.755             (-1.219765758e-09 0.6329735025 -1.25310647e-09) (-1.779894794e-09 0.7993393476 -2.460231232e-09)
3.76              (1.897181588e-09 0.6338930404 1.941737741e-09) (-1.422870351e-09 0.799337569 -2.155158274e-09)
3.765             (-6.731589821e-09 0.6348126264 -6.596659992e-09) (-1.750306338e-09 0.7993347777 -2.683985943e-09)
3.77              (-1.121946973e-10 0.6357322503 -1.412070874e-11) (-1.459980894e-09 0.7993311798 -2.202569531e-09)
3.775             (1.633299793e-09 0.6366518988 1.616599195e-09) (-1.630712474e-09 0.7993264576 -2.270905952e-09)
3.78              (6.075669596e-10 0.6375715586 5.988786464e-10) (-1.509796546e-09 0.7993208234 -2.191486065e-09)
3.785             (2.83384443e-10 0.6384912161 3.070878633e-10) (-1.441778346e-09 0.7993139145 -2.162367474e-09)
3.79              (5.711591989e-12 0.6394108563 4.640352093e-11) (-1.47750228e-09 0.7993059573 -2.19149481e-09)
3.795             (3.505072924e-11 0.6403304618 -4.885737976e-12) (-1.488885276e-09 0.7992965515 -2.044320694e-09)
3.8               (2.832665355e-10 0.6412500135 3.157438496e-10) (-1.576971343e-09 0.7992859385 -2.298065168e-09)
3.805             (6.772668174e-10 0.6421694913 6.968896963e-10) (-1.654687268e-09 0.7992736902 -2.380109738e-09)
3.81              (4.479649891e-10 0.6430888734 4.876043664e-10) (-1.543644992e-09 0.7992600657 -2.248286514e-09)
3.815             (-2.809190073e-09 0.6440081358 -2.779467466e-09) (-9.798957682e-10 0.7992446204 -1.656351077e-09)
3.82              (3.423677612e-10 0.6449272521 3.622662604e-10) (-1.55212932e-09 0.799227626 -2.275937971e-09)
3.825             (4.550736218e-10 0.6458461946 5.336329233e-10) (-1.102644919e-09 0.7992086339 -1.898573721e-09)
3.83              (-2.298669761e-10 0.6467649342 -2.050649936e-10) (-1.428288644e-09 0.799187924 -2.148443628e-09)
3.835             (-8.3758779e-11 0.6476834411 -9.387926102e-11) (-1.295548473e-09 0.7991650737 -2.059411478e-09)
3.84              (2.79925183e-11 0.6486016845 -6.024056837e-11) (-1.337037425e-09 0.7991403668 -2.05377372e-09)
3.845             (5.805217034e-11 0.6495196329 -1.510384693e-11) (-1.272135119e-09 0.7991134237 -2.023668939e-09)
3.85              (1.607225528e-10 0.650437254 6.163678384e-11) (-1.27660717e-09 0.7990845202 -1.959159216e-09)
3.855             (2.189694626e-10 0.6513545153 1.796369169e-10) (-1.220324949e-09 0.7990533467 -1.951596157e-09)
3.86              (2.983722567e-10 0.6522713843 2.726922466e-10) (-1.225150767e-09 0.7990201627 -1.886129263e-09)
3.865             (3.617312382e-10 0.6531878292 3.956181914e-10) (-1.160514712e-09 0.7989847632 -1.890766388e-09)
3.87              (4.442364988e-10 0.6541038185 4.986646839e-10) (-1.171107168e-09 0.7989473803 -1.830408679e-09)
3.875             (5.262696889e-10 0.6550193223 6.221375333e-10) (-1.102840839e-09 0.7989079361 -1.850262867e-09)
3.88              (6.191274981e-10 0.655934312 7.359489323e-10) (-1.127285057e-09 0.7988666208 -1.793690458e-09)
3.885             (-1.82389863e-10 0.6568487608 -1.735210317e-10) (-1.351486274e-09 0.7988235104 -2.061881835e-09)
3.89              (-1.716019869e-10 0.6577626447 -1.610485545e-10) (-1.283771443e-09 0.7987787434 -2.043261552e-09)
3.895             (-3.695797723e-11 0.6586759422 -3.992188306e-11) (-1.341802483e-09 0.7987325651 -2.114611766e-09)
3.9               (2.937958226e-10 0.6595886351 2.665884155e-10) (-1.434987408e-09 0.7986850449 -2.133093241e-09)
3.905             (9.385470097e-11 0.6605007086 6.687638636e-11) (-1.35711419e-09 0.798636615 -2.08002202e-09)
3.91              (-2.405460664e-10 0.6614121522 -2.50265752e-10) (-1.349798383e-09 0.7985872736 -2.046584814e-09)
3.915             (-2.333854514e-10 0.66232296 -2.504106563e-10) (-1.362248828e-09 0.798537647 -2.021129161e-09)
3.92              (-1.046116215e-10 0.663233131 -6.397018812e-11) (-1.393147699e-09 0.7984876523 -2.109999091e-09)
3.925             (-2.657194293e-10 0.664142669 -2.208270662e-10) (-1.384680662e-09 0.7984380833 -2.086458014e-09)
3.93              (-2.020532496e-10 0.6650515835 -2.392583799e-10) (-1.359526056e-09 0.7983887644 -2.065534926e-09)
3.935             (-3.818315379e-10 0.6659598895 -3.551785206e-10) (-1.341931739e-09 0.7983406448 -2.065315582e-09)
3.94              (-2.137312387e-10 0.6668676079 -3.285805495e-10) (-1.324295696e-09 0.7982934626 -2.090802071e-09)
3.945             (6.497868334e-11 0.6677747652 1.311788442e-11) (-1.287656619e-09 0.7982482961 -1.95688318e-09)
3.95              (-3.849250437e-10 0.6686813942 -3.490333703e-10) (-1.358996751e-09 0.7982047999 -2.059491198e-09)
3.955             (-1.8522466e-10 0.6695875331 -2.122341264e-10) (-1.378703008e-09 0.7981641305 -2.085345949e-09)
3.96              (-3.852338456e-10 0.6704932262 -2.248850921e-10) (-1.477897621e-09 0.7981258633 -2.151955827e-09)
3.965             (-3.058318571e-10 0.6713985229 -3.636322109e-10) (-1.534733467e-09 0.7980911764 -2.214275392e-09)
3.97              (2.903981789e-10 0.6723034778 2.445888201e-10) (-1.364424171e-09 0.7980595775 -2.074721899e-09)
3.975             (2.434579474e-10 0.6732081499 1.125865102e-10) (-1.26559168e-09 0.7980322175 -1.979771926e-09)
3.98              (2.385387161e-10 0.6741126029 2.125937572e-10) (-1.132185563e-09 0.7980085562 -1.832676138e-09)
3.985             (1.847995369e-11 0.6750169037 4.887696024e-11) (-1.310255464e-09 0.7979896583 -2.029151342e-09)
3.99              (-3.63899748e-11 0.6759211227 -6.839238466e-11) (-1.395215522e-09 0.7979749518 -2.099681179e-09)
3.995             (-1.132089436e-10 0.6768253326 -7.435255438e-11) (-1.357132451e-09 0.7979653578 -2.057334304e-09)
4                 (-1.006167128e-10 0.6777296074 -8.007503521e-11) (-1.325814852e-09 0.7979602939 -2.029170187e-09)
4.005             (-1.041530701e-10 0.6786340218 -1.016672984e-10) (-1.344550081e-09 0.7979604984 -2.052919421e-09)
4.01              (-2.598719002e-10 0.6795386499 -2.916512154e-10) (-1.283781093e-09 0.7979654 -2.01059178e-09)
4.015             (-6.379324963e-11 0.6804435664 -6.170785337e-11) (-1.355656745e-09 0.7979755109 -2.057897308e-09)
4.02              (-3.411767663e-10 0.6813488473 -3.516531907e-10) (-1.296928691e-09 0.7979902901 -1.99566917e-09)
4.025             (-1.552933565e-10 0.6822545697 -1.625076897e-10) (-1.340017596e-09 0.7980100042 -2.044308568e-09)
4.03              (-2.809416536e-10 0.6831608073 -2.803670179e-10) (-1.319146756e-09 0.7980341633 -2.035024044e-09)
4.035             (-1.373310958e-10 0.6840676262 -1.407618935e-10) (-1.331795103e-09 0.7980627977 -2.033380433e-09)
4.04              (-1.561754438e-10 0.6849750825 -1.82584855e-10) (-1.330722279e-09 0.7980954858 -2.031101299e-09)
4.045             (-1.905296814e-10 0.6858832262 -1.246577479e-10) (-1.303314032e-09 0.798132027 -2.000483934e-09)
4.05              (-1.45393847e-10 0.6867921065 -1.959047092e-10) (-1.309721502e-09 0.7981720767 -2.020693488e-09)
4.055             (-4.52520298e-10 0.6877017792 -5.426421246e-10) (-1.23543132e-09 0.7982152218 -1.9238935e-09)
4.06              (-2.777319146e-11 0.6886122893 1.868852443e-10) (-1.577115825e-09 0.7982612023 -2.296317001e-09)
4.065             (8.285822003e-11 0.6895236707 -2.37888939e-10) (-1.417354351e-09 0.7983094378 -2.148979407e-09)
4.07              (-2.828218537e-11 0.6904359477 -2.37182399e-10) (-1.645173237e-09 0.798359759 -2.345942904e-09)
4.075             (-2.534499343e-10 0.6913491527 -6.609563687e-10) (-1.473426112e-09 0.7984114665 -2.135026251e-09)
4.08              (-5.434244373e-10 0.692263308 -4.461320254e-10) (-1.368483053e-09 0.7984644817 -2.060576754e-09)
4.085             (-3.855314166e-10 0.6931784116 -1.04796792e-09) (1.167269366e-08 0.7985180295 1.094016482e-08)
4.09              (-2.409868066e-11 0.6940944662 -9.641902201e-11) (-1.301065892e-09 0.7985721107 -1.996557127e-09)
4.095             (-2.854384927e-11 0.695011481 -3.264056943e-10) (-2.210417452e-09 0.7986259187 -2.90013126e-09)
4.1               (5.298859671e-10 0.6959294542 1.154358008e-09) (-1.44230624e-08 0.798679531 -1.515739064e-08)
4.105             (1.539438923e-10 0.6968483708 -1.741107125e-10) (-2.024215521e-09 0.7987321715 -2.726525595e-09)
4.11              (4.955557316e-10 0.6977682112 1.139663137e-09) (1.43681925e-08 0.798783983 1.371767471e-08)
4.115             (6.199965186e-11 0.6986889551 -1.803110778e-10) (-3.825343136e-10 0.7988342523 -1.075122649e-09)
4.12              (1.446291458e-10 0.6996105803 3.42535176e-10) (-1.730433728e-09 0.7988831728 -2.424069663e-09)
4.125             (9.635602423e-10 0.7005330604 1.180645073e-09) (-1.512137239e-09 0.79893012 -2.151753633e-09)
4.13              (2.687065849e-10 0.701456365 1.418608956e-10) (-1.427409762e-09 0.7989753237 -2.133862694e-09)
4.135             (3.765993792e-10 0.7023804615 2.519038042e-10) (-1.365638639e-09 0.7990182531 -2.056251188e-09)
4.14              (1.711950013e-09 0.7033053162 1.978711743e-09) (-1.541355725e-09 0.7990591599 -2.166196335e-09)
4.145             (-6.975915781e-10 0.7042308937 -7.991844025e-10) (-1.520883425e-09 0.7990976339 -2.183205523e-09)
4.15              (6.088941991e-11 0.7051571582 1.435242697e-11) (-1.387492817e-09 0.7991339445 -2.077209772e-09)
4.155             (1.059174026e-08 0.706084073 1.037684756e-08) (-1.57607732e-09 0.7991678054 -2.309911268e-09)
4.16              (8.128939171e-10 0.7070116018 7.921512872e-10) (-1.363537116e-09 0.7991994915 -2.052263794e-09)
4.165             (6.783356095e-10 0.7079397135 1.806948324e-10) (-1.278065595e-09 0.7992288131 -1.991494096e-09)
4.17              (-5.905396255e-10 0.7088683708 -7.909846612e-10) (-1.268393526e-09 0.7992560379 -1.899326105e-09)
4.175             (-3.885820631e-10 0.7097975311 -1.91157461e-10) (-1.226911062e-09 0.7992810695 -1.916483985e-09)
4.18              (4.315556486e-10 0.7107271537 5.890377376e-10) (-1.300654173e-09 0.7993041701 -1.974454816e-09)
4.185             (-1.191252964e-10 0.7116572134 -1.976466431e-10) (-1.27186632e-09 0.7993253243 -1.951364815e-09)
4.19              (-2.644167136e-10 0.7125876905 -3.543854885e-10) (-1.264369263e-09 0.7993447815 -1.939236822e-09)
4.195             (-6.002510442e-10 0.7135185553 -6.435761702e-10) (-1.25625375e-09 0.7993625779 -1.943685475e-09)
4.2               (-7.538574765e-10 0.7144497728 -7.696637513e-10) (-1.263630005e-09 0.799378952 -1.937845761e-09)
4.205             (-1.456482448e-10 0.7153813142 -1.638674272e-10) (-1.309217823e-09 0.7993939882 -1.982707221e-09)
4.21              (-7.507351976e-12 0.7163131565 -1.885820813e-11) (-1.310632517e-09 0.7994079232 -1.992213697e-09)
4.215             (1.341042378e-10 0.7172452787 1.501671408e-10) (-1.335308822e-09 0.7994208577 -2.003281655e-09)
4.22              (1.445336895e-09 0.7181776566 1.438954352e-09) (-1.284602188e-09 0.7994330182 -1.971120639e-09)
4.225             (1.893567863e-10 0.7191102687 2.120340483e-10) (-1.30230432e-09 0.7994445217 -1.947007463e-09)
4.23              (-9.705876627e-11 0.7200431002 -2.292470482e-10) (-1.229265528e-09 0.7994556213 -2.039142501e-09)
4.235             (1.180675066e-10 0.7209761379 9.965504858e-11) (-1.210193614e-09 0.7994664424 -1.931582593e-09)
4.24              (-1.987774056e-10 0.7219093667 -3.117162273e-10) (-1.408922002e-09 0.7994772455 -2.188753909e-09)
4.245             (1.157358916e-09 0.722842772 9.793516499e-10) (-4.1418584e-10 0.7994881202 -1.234679548e-09)
4.25              (6.83342683e-11 0.7237763425 1.23388269e-10) (-1.503416863e-09 0.7994993594 -2.095315214e-09)
4.255             (-1.59180815e-09 0.724710068 -1.627501132e-09) (-2.500341755e-09 0.7995110588 -3.194123263e-09)
4.26              (-2.395983892e-09 0.7256439383 -2.456286083e-09) (-2.78135315e-09 0.7995235681 -3.498612879e-09)
4.265             (-2.191113438e-09 0.7265779431 -2.212124824e-09) (-1.339504179e-09 0.7995369573 -2.015543681e-09)
4.27              (-2.363178387e-09 0.7275120738 -2.392139335e-09) (-1.333585866e-09 0.7995516386 -2.007057509e-09)
4.275             (-2.34901439e-09 0.7284463245 -2.397277847e-09) (-1.476266588e-09 0.7995676292 -2.15360921e-09)
4.28              (-3.684342015e-09 0.7293806912 -3.748330057e-09) (-1.630676337e-09 0.7995854289 -2.312178921e-09)
4.285             (5.238885335e-09 0.7303151713 5.265837671e-09) (-6.365485635e-10 0.7996050323 -1.292841265e-09)
4.29              (-2.620051906e-09 0.7312497622 -2.597188654e-09) (-2.161490326e-09 0.7996270628 -2.81920023e-09)
4.295             (-1.521445592e-09 0.7321844628 -1.5007087e-09) (-1.399392287e-09 0.7996514543 -2.066299597e-09)
4.3               (-8.554918168e-10 0.733119274 -8.808248415e-10) (-1.239355968e-09 0.7996789639 -1.914696801e-09)
4.305             (-1.430505776e-09 0.7340541972 -1.432388829e-09) (-1.379195986e-09 0.7997094395 -2.049612804e-09)
4.31              (-1.488917231e-09 0.7349892351 -1.493233587e-09) (-1.415077437e-09 0.7997438099 -2.085409435e-09)
4.315             (-1.780888513e-09 0.7359243914 -1.791591067e-09) (-1.517047913e-09 0.799781843 -2.188793949e-09)
4.32              (-2.568905097e-09 0.7368596711 -2.561746557e-09) (-1.787095888e-09 0.7998246755 -2.456855429e-09)
4.325             (-2.071472505e-09 0.7377950805 -2.045469244e-09) (-1.684105461e-09 0.7998719538 -2.355550147e-09)
4.33              (-2.205164336e-09 0.7387306268 -2.193599473e-09) (-1.769684024e-09 0.7999250514 -2.446596093e-09)
4.335             (-2.202737145e-09 0.7396663183 -2.199697746e-09) (-1.872341654e-09 0.7999834566 -2.553232036e-09)
4.34              (-1.608739475e-09 0.7406021645 -1.641303496e-09) (-1.696593497e-09 0.8000488183 -2.387511185e-09)
4.345             (-1.511493871e-09 0.741538176 -1.455733013e-09) (-1.869471058e-09 0.8001204389 -2.535828457e-09)
4.35              (-1.718203203e-09 0.7424743645 -1.729392045e-09) (-1.873231801e-09 0.800200281 -2.562129926e-09)
4.355             (2.451483733e-10 0.7434107428 2.566349776e-10) (-1.207124071e-09 0.8002874171 -1.886849574e-09)
4.36              (4.943340144e-10 0.7443473244 4.481818279e-10) (-7.949035081e-10 0.8003841573 -1.47864486e-09)
4.365             (2.225948895e-10 0.7452841233 2.600400839e-10) (-1.744973629e-09 0.8004892862 -2.408823136e-09)
4.37              (6.219559446e-09 0.7462211544 6.234624264e-09) (-2.801120751e-09 0.8006054952 -3.463270189e-09)
4.375             (2.87564234e-09 0.7471584324 2.87135674e-09) (-1.7037423e-09 0.8007312414 -2.370667742e-09)
4.38              (1.993785858e-09 0.7480959723 1.870052025e-09) (-1.714319901e-09 0.8008696266 -2.375462106e-09)
4.385             (1.247109173e-08 0.7490337885 1.276018612e-08) (-3.035747185e-09 0.8010187377 -3.852539522e-09)
4.39              (5.753643134e-10 0.749971895 7.292099926e-10) (-1.37718325e-09 0.801182134 -2.041471173e-09)
4.395             (9.487409829e-09 0.7509103056 1.26286609e-08) (-4.061621189e-09 0.8013574856 -4.103427911e-09)
4.4               (-7.898788691e-11 0.7518490333 8.843055655e-10) (-1.500467813e-09 0.8015488145 -2.097083777e-09)
4.405             (-4.983924916e-10 0.7527880899 -1.922779496e-09) (-1.081029512e-09 0.8017532564 -1.867206225e-09)
4.41              (-6.163188483e-10 0.7537274857 -1.691453936e-09) (-1.333256244e-09 0.8019752791 -2.021361637e-09)
4.415             (-1.91940114e-09 0.7546672295 -2.100059821e-09) (-1.116784284e-09 0.8022115225 -1.763295789e-09)
4.42              (-1.988611474e-09 0.755607328 -1.830228234e-09) (-1.06091385e-09 0.8024669546 -1.69357477e-09)
4.425             (-2.714355368e-09 0.7565477858 -2.254602461e-09) (-1.421448436e-09 0.8027376887 -2.08107838e-09)
4.43              (4.922584723e-10 0.7574886115 3.532428858e-10) (-1.241440272e-09 0.8030291536 -2.010839549e-09)
4.435             (-6.368939507e-09 0.7584297996 -4.888447055e-09) (-1.064642533e-09 0.8033368471 -2.143368944e-09)
4.44              (2.956497396e-10 0.7593713359 -4.492804024e-09) (-7.533231233e-09 0.8036666341 -8.352721355e-09)
4.445             (-3.403130079e-10 0.7603132197 -4.191652793e-10) (-1.418114549e-09 0.8040134119 -1.7777332e-09)
4.45              (2.73922067e-09 0.7612554585 -4.406978345e-09) (-4.76701501e-09 0.8043834552 -5.996108088e-09)
4.455             (2.852055075e-10 0.7621980359 7.279837948e-10) (-1.559248782e-09 0.8047711073 -2.061463847e-09)
4.46              (8.687053791e-10 0.7631409297 1.910713135e-10) (-9.155319269e-10 0.8051830343 -1.793258853e-09)
4.465             (-5.127842553e-09 0.7640841273 8.402615129e-09) (7.009104643e-10 0.8056129975 -3.958640668e-10)
4.47              (5.491172101e-10 0.765027616 -4.805023789e-10) (-1.826710424e-09 0.8060679547 -2.600051794e-09)
4.475             (-1.678016351e-10 0.7659713753 1.214396869e-09) (-5.876522917e-10 0.8065411108 -1.256575942e-09)
4.48              (4.755672857e-09 0.7669153808 -2.784841483e-09) (5.660022925e-10 0.8070396733 -4.474919893e-10)
4.485             (-1.311749328e-09 0.767859608 3.382955096e-09) (3.100804144e-10 0.8075564267 -2.090141475e-10)
4.49              (2.321517259e-09 0.768804033 -5.585141971e-10) (2.390871078e-10 0.8080987701 -4.48797898e-10)
4.495             (-1.165990657e-09 0.7697486307 2.740911972e-09) (1.590428298e-09 0.8086590679 8.659056194e-11)
4.5               (1.20059774e-09 0.7706933749 1.133013391e-13) (1.254428874e-10 0.8092447902 -5.077828399e-10)
4.505             (-1.268482615e-09 0.7716382389 3.032859782e-09) (1.185178241e-09 0.8098479621 1.621097839e-09)
4.51              (1.142648595e-09 0.7725831964 6.699833729e-10) (5.224332822e-11 0.8104760642 -8.114026836e-10)
4.515             (-1.69033602e-09 0.773528222 5.22426777e-09) (4.510838678e-09 0.8111209549 3.092251121e-09)
4.52              (2.146924294e-09 0.7744732912 1.355650843e-09) (1.675018529e-09 0.8117900508 9.429623676e-10)
4.525             (4.380559861e-09 0.7754183808 8.73501947e-09) (1.462042458e-08 0.812475081 1.475962647e-08)
4.53              (-9.06130356e-09 0.7763634693 -7.178927986e-09) (-2.711266234e-08 0.8131832915 -2.734486023e-08)
4.535             (-6.463521605e-09 0.7773085372 1.624497055e-09) (-8.413665831e-09 0.8139064201 -8.39396653e-09)
4.54              (-7.901582088e-10 0.7782535674 -3.26192008e-09) (-7.43186735e-09 0.8146514803 -7.743332544e-09)
4.545             (5.553352932e-11 0.7791985453 1.2793288e-10) (-1.283109587e-09 0.8154103304 -1.61513931e-09)
4.55              (-4.048107644e-10 0.7801434589 1.149417088e-09) (1.645197309e-09 0.8161896469 1.614319155e-09)
4.555             (-1.973017075e-10 0.7810882989 -1.372532065e-10) (-3.208910812e-09 0.8169816769 -3.598424889e-09)
4.56              (5.788204984e-11 0.7820330592 4.397522095e-10) (-2.02161639e-09 0.8177927446 -2.626746238e-09)
4.565             (-1.836897145e-10 0.7829777362 1.111671571e-09) (-1.567908765e-09 0.8186150249 -2.496339254e-09)
4.57              (8.767931244e-10 0.7839223297 1.764545426e-10) (-2.039274689e-09 0.8194544258 -2.675357439e-09)
4.575             (5.027153108e-10 0.7848668416 1.463425819e-09) (-2.809927874e-09 0.8203038947 -3.17773834e-09)
4.58              (1.629727711e-09 0.7858112771 -6.747558455e-11) (-1.391391121e-09 0.8211689147 -1.922911046e-09)
4.585             (-1.369429354e-10 0.7867556434 1.258174084e-09) (-1.686157872e-09 0.8220427541 -2.908510299e-09)
4.59              (7.299862348e-10 0.787699956 -4.015356313e-10) (-1.428857728e-09 0.8229304063 -1.917923536e-09)
4.595             (-1.320754785e-09 0.7886442224 3.447269759e-09) (-2.302122721e-11 0.8238256821 -8.32710542e-10)
4.6               (4.441045795e-10 0.7895884501 7.670977999e-10) (-1.646810403e-10 0.8247330837 -8.607597174e-10)
4.605             (-1.101512673e-09 0.7905326546 1.26321296e-09) (-4.915340538e-10 0.8256469506 -1.176731124e-09)
4.61              (1.596338943e-09 0.791476855 -1.086580543e-09) (-6.568946678e-10 0.8265712806 -1.307422017e-09)
4.615             (-1.031984054e-09 0.7924210696 1.600294389e-09) (-9.34946046e-10 0.8275010408 -1.5292383e-09)
4.62              (-6.060003812e-10 0.7933653095 6.806402827e-10) (1.926432281e-09 0.8284397751 1.241463e-09)
4.625             (-6.279186214e-10 0.7943095998 2.385400168e-10) (-6.978653943e-10 0.8293830332 -1.365196639e-09)
4.63              (1.234405407e-09 0.795253962 -7.304308918e-10) (-1.354648633e-10 0.8303339029 -7.036428991e-10)
4.635             (3.98781083e-10 0.7961984073 -4.374511938e-12) (-1.088019154e-09 0.8312884727 -1.648298872e-09)
4.64              (5.730669169e-09 0.7971429463 -1.674668718e-09) (-2.031109321e-09 0.8322493909 -1.393310854e-09)
4.645             (4.573674799e-10 0.7980875976 -4.281939842e-10) (1.040454331e-09 0.8332133064 4.879556331e-10)
4.65              (3.158101665e-09 0.7990323892 -1.971945521e-09) (-1.078995722e-09 0.8341824955 -9.031762523e-10)
4.655             (2.927668186e-10 0.7999773294 -4.39485432e-11) (1.098422131e-09 0.8351540851 6.497890698e-10)
4.66              (1.679437828e-09 0.8009224276 -1.440237198e-10) (-7.529279174e-10 0.836129968 -9.007380649e-10)
4.665             (1.604652684e-09 0.8018676911 -1.648011198e-09) (-1.534142223e-08 0.8371077768 -1.562474413e-08)
4.67              (-5.069120518e-10 0.8028131304 -1.709856691e-09) (-2.860594407e-08 0.8380890885 -2.921596396e-08)
4.675             (-3.216011039e-09 0.8037587619 -7.358537512e-11) (-3.495484658e-08 0.8390718315 -3.628917837e-08)
4.68              (-4.176113786e-09 0.8047045964 1.774597531e-09) (-2.690293045e-08 0.8400573316 -2.747893354e-08)
4.685             (-2.023188491e-09 0.805650638 1.352575444e-09) (-1.542581283e-08 0.8410440701 -1.580268843e-08)
4.69              (-6.819554464e-10 0.8065968894 -1.949186942e-09) (-2.680374345e-08 0.8420332063 -2.717564008e-08)
4.695             (-1.196447133e-09 0.8075433551 6.502740003e-09) (4.453767214e-08 0.8430233594 4.363886023e-08)
4.7               (2.697302772e-09 0.8084900396 1.630000071e-09) (4.123003848e-08 0.8440153973 4.002896394e-08)
4.705             (1.430224837e-09 0.8094369461 -3.134695012e-09) (-1.778926334e-08 0.8450081462 -1.755108275e-08)
4.71              (-9.148502749e-10 0.8103840765 -1.525108417e-10) (-1.138711063e-08 0.8460023695 -1.175338956e-08)
4.715             (6.541799264e-09 0.8113314317 -2.514008312e-09) (3.833896758e-08 0.8469972931 4.019494213e-08)
4.72              (3.824414028e-10 0.8122790127 -2.490735026e-09) (-1.357341805e-08 0.8479935996 -1.637062911e-08)
4.725             (6.479680127e-09 0.8132268198 -3.864919026e-09) (3.25572015e-08 0.8489905415 3.417345483e-08)
4.73              (-1.261308644e-10 0.8141748531 -5.925945561e-10) (-1.757938567e-11 0.8499886663 -4.775845756e-10)
4.735             (4.850103063e-09 0.8151231123 -3.405714933e-09) (1.504070354e-08 0.8509873206 1.270475718e-08)
4.74              (-1.012788915e-09 0.8160715973 2.513991295e-09) (1.306709067e-08 0.8519870124 1.202019255e-08)
4.745             (5.546555633e-10 0.8170203077 7.137966577e-10) (2.334342867e-08 0.8529872553 2.452811023e-08)
4.75              (2.936970236e-10 0.8179692432 -7.260787435e-10) (-1.938431546e-09 0.8539884593 -2.734062147e-09)
4.755             (-8.288893769e-10 0.8189184038 -1.22166895e-10) (-8.083696886e-09 0.8549901691 -8.145466436e-09)
4.76              (3.223497851e-11 0.8198677892 2.972983762e-09) (2.186691824e-08 0.8559930132 2.295635768e-08)
4.765             (2.091598679e-09 0.8208173998 1.047099275e-09) (2.035052586e-08 0.8569965519 2.116990559e-08)
4.77              (7.73470959e-10 0.821767236 5.309951497e-10) (8.941438932e-09 0.8580008801 8.596170673e-09)
4.775             (-1.193381564e-09 0.8227172983 -4.193488674e-09) (-4.326459413e-08 0.8590055272 -4.294980713e-08)
4.78              (-2.842176577e-09 0.8236675871 -2.617083311e-09) (-4.741617576e-08 0.8600112662 -4.822897768e-08)
4.785             (-6.536692449e-10 0.8246181033 -2.646535949e-09) (-2.595562092e-08 0.8610178982 -2.958302328e-08)
4.79              (-1.204504932e-09 0.825568848 -3.919837715e-09) (-4.737635076e-08 0.8620257768 -4.695706052e-08)
4.795             (-3.860688436e-09 0.8265198221 -2.414083804e-09) (-5.916790047e-08 0.8630339505 -5.940582729e-08)
4.8               (5.2897035e-10 0.8274710268 -2.941167498e-09) (-2.085667015e-08 0.8640428474 -2.095173694e-08)
4.805             (-1.62322577e-09 0.8284224629 -7.244603392e-10) (-2.096315807e-08 0.8650523376 -1.97261571e-08)
4.81              (-1.52169044e-09 0.8293741312 -1.687860915e-09) (-3.088077239e-08 0.8660630787 -3.202997158e-08)
4.815             (-2.691203633e-09 0.8303260324 5.345203894e-10) (-1.979411223e-08 0.8670744777 -2.01859704e-08)
4.82              (3.163939014e-11 0.8312781668 -1.939791337e-09) (-1.788385876e-08 0.8680869663 -1.733566076e-08)
4.825             (1.835902882e-11 0.8322305343 1.207873704e-09) (6.706265886e-09 0.8690996975 6.718782913e-09)
4.83              (6.05926508e-11 0.8331831348 5.260846106e-11) (3.045232347e-10 0.8701132204 -3.096367588e-10)
4.835             (-3.669310763e-10 0.834135967 -8.49561323e-10) (-5.73012932e-09 0.8711271017 -6.316304378e-09)
4.84              (-1.35412258e-09 0.8350890295 -7.165568622e-10) (-1.026226934e-08 0.8721418858 -1.106025475e-08)
4.845             (-2.004805388e-09 0.8360423202 -9.145667495e-10) (-1.519331162e-08 0.8731571486 -1.565609508e-08)
4.85              (-4.103666974e-10 0.8369958363 -1.799049197e-09) (-3.491618379e-09 0.874173355 -4.063753727e-09)
4.855             (-4.137448948e-09 0.8379495738 1.483874618e-09) (-9.869042599e-09 0.8751894829 -1.075556962e-08)
4.86              (-4.73030839e-10 0.8389035285 -3.214778636e-09) (-2.577991253e-08 0.8762058907 -2.674410846e-08)
4.865             (-1.015884331e-09 0.8398576951 -1.31619673e-09) (-1.16262709e-08 0.8772221249 -1.29366101e-08)
4.87              (-3.648733805e-09 0.8408120673 1.209527358e-09) (-1.162202992e-08 0.8782387056 -1.207584167e-08)
4.875             (-1.567103955e-09 0.8417666381 -1.062153298e-09) (-2.065794751e-08 0.8792552736 -2.123419224e-08)
4.88              (-4.596505991e-09 0.8427213991 1.934205928e-09) (-2.194549612e-08 0.8802720827 -2.238718906e-08)
4.885             (-2.273593648e-10 0.8436763418 -2.39920018e-09) (-2.241425293e-08 0.8812884376 -2.144600146e-08)
4.89              (-4.64486823e-10 0.8446314561 -1.391881175e-09) (-2.659777261e-08 0.8823044917 -2.702706393e-08)
4.895             (5.617340301e-10 0.8455867311 -2.831946489e-09) (-2.424002482e-08 0.8833199008 -2.52569343e-08)
4.9               (-4.633022763e-09 0.8465421553 2.49537105e-09) (-1.934324919e-08 0.8843347741 -2.120590573e-08)
4.905             (-5.708164561e-10 0.8474977163 -1.144273491e-09) (-2.474271977e-08 0.8853489574 -2.571223062e-08)
4.91              (-2.347039055e-09 0.8484534012 2.062238527e-10) (-2.49278181e-08 0.886362384 -2.457161918e-08)
4.915             (1.443148267e-09 0.849409196 -3.571420464e-09) (-2.299916722e-08 0.8873748875 -2.116247048e-08)
4.92              (-1.929518128e-09 0.8503650869 2.344017736e-12) (-2.492924044e-08 0.8883862295 -2.480627165e-08)
4.925             (5.684480822e-10 0.8513210591 -2.5271726e-09) (-2.129996072e-08 0.8893964732 -2.405956696e-08)
4.93              (-2.029835634e-09 0.8522770979 2.945040685e-10) (-2.288600431e-08 0.8904052494 -2.418996113e-08)
4.935             (1.493855248e-09 0.8532331885 -3.43007576e-09) (-2.300861007e-08 0.8914128706 -2.15778153e-08)
4.94              (-2.241703519e-09 0.854189316 4.430085858e-10) (-2.328095121e-08 0.8924188075 -2.255893929e-08)
4.945             (1.083403423e-10 0.8551454658 -1.758892575e-09) (-1.82014142e-08 0.8934235183 -1.963262042e-08)
4.95              (-1.788901916e-09 0.8561016237 4.361591744e-10) (-2.011323041e-08 0.8944263009 -2.096616128e-08)
4.955             (1.775780562e-09 0.857057776 -3.548894776e-09) (-2.107727381e-08 0.8954278154 -2.113890454e-08)
4.96              (-2.139392292e-09 0.8580139096 4.40666415e-10) (-1.975360043e-08 0.8964272252 -2.000346828e-08)
4.965             (7.326933039e-10 0.8589700123 -2.352855911e-09) (-2.111000777e-08 0.8974254139 -2.148473512e-08)
4.97              (-2.954344199e-09 0.8599260729 1.517827702e-09) (-1.525008732e-08 0.8984214231 -1.645163003e-08)
4.975             (2.992153593e-10 0.8608820813 -1.387952411e-09) (-1.784120096e-08 0.8994162851 -1.826768947e-08)
4.98              (-2.694774636e-09 0.8618380285 1.113467785e-09) (-1.922982845e-08 0.9004089332 -1.953455795e-08)
4.985             (1.019364199e-09 0.8627939072 -2.522954528e-09) (-1.644424794e-08 0.9014005708 -1.671556141e-08)
4.99              (-1.385800644e-09 0.8637497111 2.174633456e-10) (-1.803659794e-08 0.9023900646 -1.892489338e-08)
4.995             (1.035225187e-09 0.864705436 -2.671295792e-09) (-1.956011349e-08 0.9033786905 -1.97554132e-08)
5                 (-2.531419242e-09 0.8656610787 9.151835476e-10) (-1.869162715e-08 0.9043652727 -1.847725708e-08)
5.005             (-1.105510699e-09 0.8664870685 2.694744079e-09) (-7.700645574e-09 0.9053512513 -9.43948295e-09)
5.01              (-1.431568436e-09 0.8670904126 1.87931751e-09) (-1.870394021e-09 0.9063354467 -2.54756452e-09)
5.015             (4.299898955e-09 0.8675437375 5.675536742e-11) (-8.24293757e-09 0.9073191736 -7.756942309e-09)
5.02              (8.630600221e-10 0.8679592184 -1.051580749e-09) (-6.584947608e-09 0.9083013081 -6.872124333e-09)
5.025             (-1.929374529e-09 0.8683822788 5.765165006e-10) (-8.692277146e-09 0.9092831974 -9.206857679e-09)
5.03              (-1.453571629e-09 0.8688067812 -1.637615194e-09) (-1.952220256e-08 0.9102637012 -1.898469724e-08)
5.035             (-2.020292331e-10 0.8692222219 -9.557937051e-11) (5.195431629e-09 0.9112441954 4.904052385e-09)
5.04              (5.2479811e-10 0.8696289837 -5.765958807e-10) (1.106128791e-08 0.912223945 1.111377044e-08)
5.045             (3.027769859e-10 0.870030364 -4.428020518e-10) (-5.713822322e-09 0.9132041603 -6.417507174e-09)
5.05              (-3.97086348e-10 0.8704268975 4.629518506e-10) (-1.062033443e-08 0.9141838364 -1.103581439e-08)
5.055             (-6.970108598e-10 0.8708178645 5.951567168e-10) (-1.06962766e-08 0.9151637002 -1.176183448e-08)
5.06              (-6.52287415e-10 0.8712032754 5.900794129e-10) (-1.494651095e-08 0.9161430079 -1.550610016e-08)
5.065             (5.100630505e-10 0.8715836163 -7.992384641e-10) (-4.467335955e-10 0.9171228595 -7.957576686e-10)
5.07              (-3.130332373e-09 0.871959158 3.022479109e-09) (-6.099017269e-09 0.9181028358 -8.030547105e-09)
5.075             (1.565879733e-10 0.8723299822 -2.369505302e-10) (-1.47574565e-08 0.9190836905 -1.556280516e-08)
5.08              (-9.20610537e-10 0.8726962266 8.546774761e-10) (-1.705012249e-08 0.9200650448 -1.683980634e-08)
5.085             (3.851015168e-10 0.8730580924 -5.035344657e-10) (-1.709503417e-08 0.9210471366 -1.717663195e-08)
5.09              (-1.124400236e-09 0.8734157511 1.043285764e-09) (-1.729236299e-08 0.9220297217 -1.938521621e-08)
5.095             (-1.215705623e-09 0.8737693355 1.088735752e-09) (-6.430776055e-09 0.9230131089 -6.866013317e-09)
5.1               (-9.275197485e-10 0.8741189762 6.690363139e-10) (-7.839594532e-09 0.9239972873 -8.42543054e-09)
5.105             (-9.679766807e-10 0.8744648058 8.942639422e-10) (-1.249680182e-08 0.9249823712 -1.331829766e-08)
5.11              (-7.198690965e-10 0.8748069475 6.472038688e-10) (-1.130375379e-08 0.9259684777 -1.257246225e-08)
5.115             (-3.180748247e-10 0.8751455167 2.804650657e-10) (-1.383992141e-08 0.9269553725 -1.470051177e-08)
5.12              (7.012561975e-11 0.875480627 -7.679839386e-11) (-1.222499691e-08 0.9279432648 -1.318686435e-08)
5.125             (1.231012765e-10 0.8758123908 -1.335898929e-10) (-1.025579402e-08 0.9289318674 -1.076339454e-08)
5.13              (-2.903781782e-11 0.8761409138 1.85154212e-11) (-9.365048613e-09 0.9299215254 -1.022597993e-08)
5.135             (-2.025340996e-10 0.8764662945 1.779434065e-10) (-8.319395518e-09 0.9309119024 -8.963606512e-09)
5.14              (-2.083940841e-10 0.8767886256 1.753203117e-10) (-6.921427105e-09 0.9319034173 -7.746163284e-09)
5.145             (-1.822767834e-10 0.8771079962 1.489279879e-10) (-5.729539879e-09 0.9328954937 -6.31935546e-09)
5.15              (-1.824431986e-10 0.8774244912 1.456155661e-10) (-4.342620811e-09 0.9338885685 -4.944376648e-09)
5.155             (-1.903970668e-10 0.8777381904 1.391669674e-10) (-2.91852682e-09 0.9348820331 -3.648196958e-09)
5.16              (-1.7286958e-10 0.878049169 1.052620779e-10) (-1.349865871e-09 0.935876393 -2.374623777e-09)
5.165             (-2.172457103e-10 0.8783574984 1.366653661e-10) (4.265841404e-10 0.9368711998 -3.141069356e-10)
5.17              (-2.659197558e-10 0.8786632468 1.803414099e-10) (1.197085694e-09 0.9378669657 1.222663525e-09)
5.175             (-2.585560552e-10 0.878966479 1.600473654e-10) (3.966476564e-09 0.9388630425 3.754020548e-09)
5.18              (-2.171029647e-10 0.8792672559 1.159598222e-10) (5.283302915e-09 0.9398598629 4.349051822e-09)
5.185             (-2.428253064e-10 0.8795656354 1.3031426e-10) (8.022759434e-09 0.9408570891 7.184784514e-09)
5.19              (-1.325157615e-10 0.8798616722 2.582144181e-11) (1.72798174e-10 0.9418551487 -1.471783675e-10)
5.195             (-1.676074246e-11 0.8801554182 -9.556853307e-11) (3.277102664e-10 0.9428535042 -4.437793598e-10)
5.2               (-1.879412536e-10 0.8804469228 7.321419179e-11) (5.710323365e-10 0.943852442 -5.871320816e-10)
5.205             (1.391949936e-10 0.8807362331 -2.513794302e-10) (-1.336162711e-09 0.9448514661 -4.261870568e-09)
5.21              (-1.599753352e-10 0.8810233944 5.224688124e-11) (-7.824046007e-09 0.9458508553 -5.16498077e-09)
5.215             (4.217516209e-11 0.8813084492 -1.496353023e-10) (-1.256488936e-08 0.946850213 -1.57747732e-08)
5.22              (-5.490281159e-11 0.881591438 -3.793245641e-11) (2.777681593e-10 0.9478497634 -3.802314105e-10)
5.225             (7.928790233e-11 0.8818723999 -1.657339186e-10) (-7.841143896e-09 0.9488500776 -1.68169226e-09)
5.23              (-2.787878598e-11 0.8821513722 -5.179894924e-11) (4.431248147e-10 0.9498512842 -2.367639194e-10)
5.235             (-1.654165968e-10 0.8824283908 8.712845219e-11) (8.962276357e-10 0.9508532661 2.443917592e-11)
5.24              (-9.888494073e-11 0.8827034901 6.118094612e-12) (3.838080002e-09 0.9518557517 -7.471161572e-10)
5.245             (-2.922662885e-10 0.8829767036 1.967540058e-10) (1.756073825e-09 0.9528584264 8.046254697e-10)
5.25              (-1.269645191e-10 0.8832480631 3.378732775e-11) (-1.089159976e-09 0.9538610594 -1.147930544e-09)
5.255             (-6.037933842e-10 0.8835175997 4.950637876e-10) (-2.569521975e-09 0.9548644933 -1.140202926e-10)
5.26              (-2.473442068e-10 0.8837853431 1.403195892e-10) (1.259655228e-09 0.9558684934 5.098526345e-10)
5.265             (4.88353847e-11 0.8840513222 -1.429907266e-10) (9.003049587e-10 0.956873821 1.834340976e-10)
5.27              (-1.469853605e-10 0.884315565 5.55788348e-11) (2.954318486e-09 0.9578798637 3.027187495e-09)
5.275             (2.948199146e-10 0.8845780989 -3.839477316e-10) (3.575182154e-09 0.9588872291 -1.975491055e-09)
5.28              (3.314479948e-11 0.8848389501 -1.235829887e-10) (2.001678825e-10 0.9598951092 1.525443813e-10)
5.285             (-2.092789097e-10 0.8850981448 1.198357295e-10) (7.55116096e-10 0.9609046959 -1.909556152e-10)
5.29              (-2.598474678e-10 0.8853557084 1.754498004e-10) (2.420204925e-09 0.9619150906 3.284913258e-09)
5.295             (-2.63346974e-10 0.8856116658 1.830854191e-10) (6.2659497e-11 0.9629278274 -2.661164269e-10)
5.3               (-1.927103198e-10 0.8858660416 1.224298662e-10) (-1.198190474e-09 0.9639417413 -1.998149721e-09)
5.305             (-3.184302278e-10 0.8861188598 2.487978341e-10) (4.73837201e-09 0.9649584182 3.393368647e-09)
5.31              (-1.812535714e-10 0.8863701438 1.062149214e-10) (1.267900321e-09 0.9659763511 7.181438468e-10)
5.315             (-3.826724288e-10 0.8866199166 3.114863023e-10) (4.362782773e-09 0.9669976037 1.559320241e-09)
5.32              (-1.295803315e-10 0.886868201 5.158888177e-11) (9.505403527e-10 0.96802049 4.476542978e-10)
5.325             (6.100210942e-11 0.8871150197 -1.295432241e-10) (-2.376310048e-09 0.9690475331 -3.212792552e-09)
5.33              (1.799072923e-10 0.8873603955 -2.601455104e-10) (9.087883958e-10 0.9700767689 -3.336680634e-10)
5.335             (-1.196497995e-10 0.8876043507 6.886113763e-11) (-1.918281738e-09 0.9711109135 -2.476310708e-09)
5.34              (-6.168570963e-11 0.8878469077 1.732512859e-12) (-1.775178498e-09 0.9721475709 -2.733093438e-09)
5.345             (-2.824442834e-10 0.8880880886 2.184620875e-10) (1.707774234e-09 0.9731899888 3.073988581e-09)
5.35              (2.625269369e-11 0.8883279155 -7.952337746e-11) (-1.924590438e-09 0.9742355102 -2.504967202e-09)
5.355             (-2.579137953e-10 0.8885664106 2.090855195e-10) (-1.785168076e-09 0.9752878604 -2.827796783e-09)
5.36              (-3.565684271e-11 0.8888035962 -1.937956726e-11) (-1.928613086e-09 0.9763440551 -2.787598144e-09)
5.365             (-6.712537476e-11 0.8890394948 1.151907924e-11) (-2.711934235e-09 0.9774082214 -3.365470672e-09)
5.37              (-4.899159934e-11 0.8892741289 -7.7114496e-12) (-2.854918225e-09 0.9784769086 -3.24597465e-09)
5.375             (9.91023075e-11 0.889507521 -1.567636893e-10) (-2.360360975e-09 0.9795545641 -3.206375792e-09)
5.38              (7.676843744e-11 0.8897396935 -1.274054855e-10) (-2.490585358e-09 0.9806373179 -3.401338579e-09)
5.385             (-2.444536747e-11 0.8899706689 -3.379941185e-11) (-2.424497877e-09 0.9817302648 -3.319050411e-09)
5.39              (-7.077940499e-11 0.8902004693 2.714934401e-11) (-2.880238625e-09 0.9828291364 -3.684208045e-09)
5.395             (-6.91719032e-11 0.8904291172 1.209471285e-11) (-3.344715921e-09 0.9839393979 -3.937891673e-09)
5.4               (-3.166359187e-11 0.8906566345 -2.75461535e-11) (-1.921315391e-09 0.985056198 -2.651812749e-09)
5.405             (5.851859223e-11 0.8908830431 -1.223199474e-10) (-3.179027376e-09 0.9861852709 -4.291905324e-09)
5.41              (1.113809467e-11 0.8911083645 -7.748658332e-11) (-3.414397159e-09 0.9873209838 -4.255912739e-09)
5.415             (-1.404642613e-10 0.8913326199 7.237595702e-11) (-3.428958588e-09 0.9884694168 -4.056735764e-09)
5.42              (-7.311891894e-11 0.8915558299 2.325286569e-11) (-3.58957357e-09 0.9896238638 -4.315746148e-09)
5.425             (-5.887156472e-11 0.8917780148 1.650984053e-11) (-3.383829232e-09 0.9907906793 -4.464339335e-09)
5.43              (-4.009267236e-11 0.8919991942 -1.267897374e-14) (-3.545027848e-09 0.9919614978 -4.511407485e-09)
5.435             (-4.85418041e-11 0.8922193869 8.3441444e-12) (-3.76623556e-09 0.9931429369 -4.618371793e-09)
5.44              (-5.862545773e-11 0.8924386111 6.388342357e-12) (-3.932012408e-09 0.9943241916 -4.630647671e-09)
5.445             (-5.445075765e-11 0.8926568842 7.046363279e-12) (-4.154440982e-09 0.9955124643 -4.759087687e-09)
5.45              (-7.243432134e-11 0.8928742225 1.185182101e-11) (-4.092440194e-09 0.996693623 -5.12317736e-09)
5.455             (-5.462718164e-11 0.8930906415 8.764699353e-12) (-4.249359914e-09 0.9978760761 -5.062145294e-09)
5.46              (-4.963913921e-11 0.8933061556 1.240885757e-11) (-4.373409084e-09 0.9990415356 -5.18087164e-09)
5.465             (-4.349332854e-11 0.893520778 1.224786294e-11) (-4.536209438e-09 1.000200617 -5.412545074e-09)
5.47              (-4.778567793e-11 0.8937345205 1.463226814e-11) (-4.596412622e-09 1.001330488 -5.538903177e-09)
5.475             (-5.970465268e-11 0.8939473941 3.402595346e-12) (-4.632359045e-09 1.002445329 -5.650521142e-09)
5.48              (-5.174443939e-11 0.8941594082 1.561326581e-11) (-4.707082924e-09 1.003518175 -5.639258805e-09)
5.485             (-5.903428787e-11 0.8943705713 1.697878594e-11) (-4.550168151e-09 1.004568022 -5.775854751e-09)
5.49              (-4.83009202e-11 0.8945808906 1.179406453e-11) (-4.727312812e-09 1.005565151 -5.651301381e-09)
5.495             (-4.081766723e-11 0.8947903722 1.184040681e-11) (-4.695049183e-09 1.006534081 -5.623135198e-09)
5.5               (-1.099750797e-10 0.8949990209 1.589444454e-10) (-4.40188912e-09 1.00744457 -5.733440358e-09)
5.505             (-4.001920503e-11 0.8952068404 1.164963881e-11) (-4.72579934e-09 1.008325968 -5.616320355e-09)
5.51              (-4.651765194e-11 0.8954138335 2.133188232e-11) (-4.73552787e-09 1.009150049 -5.607601971e-09)
5.515             (-1.890218768e-11 0.895620002 -2.833806674e-12) (-4.911348471e-09 1.009949134 -5.708030227e-09)
5.52              (-1.19848079e-10 0.895825347 9.404108517e-11) (-4.789388856e-09 1.010699136 -5.745908805e-09)
5.525             (1.136025861e-10 0.8960298687 -1.382847155e-10) (-4.56064342e-09 1.011432337 -5.649048212e-09)
5.53              (-3.105170012e-11 0.8962335669 3.848005236e-12) (-5.488004865e-09 1.012129904 -6.441738607e-09)
5.535             (8.79826332e-11 0.8964364407 -1.148671347e-10) (-5.730345515e-09 1.012820837 -6.737035364e-09)
5.54              (-2.494010196e-10 0.8966384889 2.255582114e-10) (-5.972811192e-09 1.013491483 -6.813079927e-09)
5.545             (2.738662657e-11 0.8968397101 -4.798450176e-11) (-6.087340741e-09 1.014165352 -7.062413003e-09)
5.55              (-2.584837979e-10 0.8970401029 2.40109032e-10) (-7.599428103e-09 1.014832959 -8.730944932e-09)
5.555             (7.330866815e-13 0.8972396661 -2.217965249e-11) (-5.917463996e-09 1.015511247 -6.877584615e-09)
5.56              (-9.750724691e-11 0.8974383987 7.759087592e-11) (-6.605694552e-09 1.016193478 -7.52307513e-09)
5.565             (3.500367996e-10 0.8976363003 -3.749143268e-10) (-6.222100759e-09 1.016890991 -7.382392202e-09)
5.57              (-4.12267365e-11 0.8978333709 2.09408165e-11) (-5.606914216e-09 1.017598634 -6.511519487e-09)
5.575             (-1.221118569e-11 0.8980296113 -7.39792372e-12) (-5.436447959e-09 1.018323671 -6.310426151e-09)
5.58              (-7.276643618e-11 0.898225023 5.427479717e-11) (-6.506186162e-09 1.019061678 -7.382467643e-09)
5.585             (3.448173797e-10 0.8984196083 -3.669363258e-10) (-1.272703349e-08 1.019817046 -1.354005797e-08)
5.59              (2.552195159e-10 0.8986133701 -2.738794454e-10) (-3.640165469e-09 1.020585691 -4.315284704e-09)
5.595             (6.795740915e-12 0.8988063122 -3.433696426e-11) (-6.211520443e-09 1.021370872 -6.925578469e-09)
5.6               (-2.769304765e-11 0.8989984391 -5.20878676e-12) (-6.950017966e-09 1.022168877 -7.629963414e-09)
5.605             (-9.053631021e-11 0.899189756 5.979178085e-11) (-6.571167568e-09 1.022982029 -7.34589928e-09)
5.61              (7.147454699e-11 0.8993802693 -1.035452032e-10) (-6.808336706e-09 1.023806894 -8.165963533e-09)
5.615             (-5.580778752e-11 0.8995699863 2.464371932e-11) (-6.969067914e-09 1.02464565 -7.996890671e-09)
5.62              (1.540980164e-10 0.8997589156 -1.831002782e-10) (-1.002713254e-08 1.025495264 -1.127100898e-08)
5.625             (3.910089033e-10 0.8999470668 -4.100885726e-10) (-7.257257434e-09 1.026357326 -9.07375631e-09)
5.63              (-5.883542611e-10 0.9001344503 5.66680956e-10) (-1.14879314e-08 1.02722909 -1.176960944e-08)
5.635             (-2.521427751e-10 0.9003210772 2.59132526e-10) (-1.006843311e-08 1.028111804 -1.077819049e-08)
5.64              (3.722209181e-10 0.9005069591 -3.59825334e-10) (-8.202679009e-09 1.02900311 -9.885108235e-09)
5.645             (4.261367035e-10 0.9006921081 -4.16020442e-10) (-8.472503258e-09 1.029904278 -1.035434076e-08)
5.65              (-2.583046489e-10 0.9008765372 2.542898004e-10) (-1.123485179e-08 1.03081328 -1.187185016e-08)
5.655             (-4.510226814e-10 0.9010602595 4.589735326e-10) (-8.388498445e-09 1.031730895 -8.768232278e-09)
5.66              (7.787773676e-10 0.9012432891 -7.935537544e-10) (-8.966720821e-09 1.032655294 -1.133814291e-08)
5.665             (3.281377056e-10 0.90142564 -3.298318266e-10) (-8.494339231e-09 1.033587058 -1.018541142e-08)
5.67              (-4.770375557e-10 0.9016073268 4.797801756e-10) (-9.005700838e-09 1.034524662 -9.320902561e-09)
5.675             (1.132110025e-09 0.9017883642 -1.137694098e-09) (-7.076449199e-09 1.03546865 -1.037080065e-08)
5.68              (-5.422766314e-10 0.9019687671 5.342792864e-10) (-8.565095034e-09 1.036417744 -9.79931738e-09)
5.685             (-2.703885388e-10 0.9021485504 2.826537453e-10) (-9.543366851e-09 1.037372416 -1.049700379e-08)
5.69              (4.965758652e-10 0.9023277295 -4.815409672e-10) (-8.286134764e-09 1.038331557 -9.309300532e-09)
5.695             (-1.368121985e-09 0.9025063196 1.36990587e-09) (-8.368933589e-09 1.039295376 -8.212027318e-09)
5.7               (-3.165834638e-10 0.9026843361 3.113917176e-10) (-4.811189961e-09 1.040262906 -1.066164973e-08)
5.705             (2.227486583e-10 0.9028617946 -1.869315933e-10) (-9.491535878e-09 1.04123447 -1.041372731e-08)
5.71              (6.069859536e-10 0.9030387107 -5.772763394e-10) (-5.010645732e-09 1.042209286 -4.678098553e-09)
5.715             (3.016106868e-10 0.9032150999 -2.64219288e-10) (-8.137165419e-09 1.043187453 -8.164719627e-09)
5.72              (-1.401719373e-10 0.9033909779 1.782400909e-10) (-7.995726112e-09 1.044168281 -9.566858652e-09)
5.725             (6.529841501e-11 0.9035663602 -4.227632717e-11) (-8.217598524e-09 1.045152077 -1.005614595e-08)
5.73              (-1.511183244e-10 0.9037412625 1.65504513e-10) (-9.504781051e-09 1.046138294 -8.413584018e-09)
5.735             (4.224639649e-10 0.9039157005 -4.121448302e-10) (-4.933480883e-09 1.047127184 -8.894393848e-09)
5.74              (1.174451976e-10 0.9040896901 -9.093990041e-11) (-8.491798741e-09 1.048118223 -1.012330815e-08)
5.745             (4.530183033e-10 0.9042632472 -4.235886225e-10) (4.499552618e-11 1.049111486 -4.633533293e-09)
5.75              (-1.631720172e-11 0.9044363883 2.257348691e-11) (-8.087291818e-09 1.050106507 -8.888800477e-09)
5.755             (4.914373531e-10 0.9046091299 -4.767181039e-10) (3.761304037e-09 1.051103564 -3.259928285e-09)
5.76              (-3.09656697e-10 0.9047814889 3.260730412e-10) (8.517535539e-09 1.052102298 8.4016369e-09)
5.765             (3.427524419e-10 0.9049534829 -3.286090182e-10) (3.389921823e-09 1.053102961 2.567722569e-09)
5.77              (-2.499856468e-10 0.9051251297 2.557456156e-10) (2.789142442e-09 1.054105198 3.546861906e-09)
5.775             (1.758589953e-10 0.9052964477 -1.731771875e-10) (-1.048783056e-08 1.055109153 -1.321945616e-08)
5.78              (-4.08754573e-11 0.905467456 2.437282301e-11) (-1.125352056e-08 1.056114507 -1.325358964e-08)
5.785             (-9.862508823e-11 0.9056381738 1.020135039e-10) (-9.82781751e-09 1.057121586 -1.021225503e-08)
5.79              (-8.435006046e-13 0.9058086208 -1.920760436e-11) (-9.218710587e-09 1.058130125 -1.038992286e-08)
5.795             (2.320673675e-10 0.9059788168 -2.856033198e-10) (-5.895643368e-09 1.059140309 -1.309912717e-08)
5.8               (-1.631874854e-12 0.9061487821 1.530311825e-12) (-6.313262826e-09 1.060151844 -7.643838599e-09)
5.805             (-3.60828172e-11 0.9063185369 3.711045359e-11) (-4.407436102e-09 1.061164926 -7.266806054e-09)
5.81              (2.127618375e-11 0.9064881017 8.909989822e-12) (-4.593473892e-09 1.062179337 -4.595367445e-09)
5.815             (2.964368924e-11 0.906657497 4.149504871e-11) (-1.187561998e-09 1.063195326 -4.69643405e-09)
5.82              (-1.08349855e-10 0.9068267432 9.772082797e-11) (-6.614325733e-09 1.064212763 -8.294257708e-09)
5.825             (-8.708178326e-11 0.9069958606 5.858990149e-11) (-1.305186228e-08 1.065231822 -1.491984423e-08)
5.83              (5.771942176e-10 0.9071648688 -5.985947566e-10) (-1.2512003e-08 1.066252155 -1.183538141e-08)
5.835             (-2.840544249e-11 0.9073337866 1.603529653e-11) (-8.42681607e-09 1.067273629 -9.910870347e-09)
5.84              (-2.166348435e-11 0.9075026319 1.780372966e-11) (-8.383270477e-09 1.068296159 -1.065758726e-08)
5.845             (-1.096475208e-09 0.9076714213 1.148390874e-09) (-1.297345211e-08 1.069320157 -2.75472882e-09)
5.85              (5.118119986e-10 0.90784017 -3.879684012e-10) (9.971124775e-09 1.07034557 8.583438586e-09)
5.855             (-2.755399091e-10 0.9080088912 3.610858308e-10) (8.694717323e-09 1.071372151 -3.978390339e-10)
5.86              (1.835692963e-10 0.9081775958 -1.354229959e-10) (5.761105462e-09 1.072399681 1.190501521e-09)
5.865             (8.901514581e-11 0.9083462919 -1.060693601e-10) (-7.624872693e-09 1.073428022 -1.009939185e-08)
5.87              (4.264348859e-11 0.9085149848 1.291949986e-10) (-5.002151052e-09 1.074457152 -6.129533517e-09)
5.875             (-3.266046725e-10 0.9086836757 4.154615065e-10) (-1.281274767e-08 1.075487094 -1.185098237e-08)
5.88              (-2.034297552e-10 0.9088523626 8.049876719e-11) (-5.391789916e-09 1.076517979 -7.52364689e-09)
5.885             (-3.094562402e-10 0.9090210392 1.047880477e-10) (-1.004500635e-08 1.077549552 -1.14459153e-08)
5.89              (8.500215929e-10 0.9091896961 -8.981562796e-10) (-7.826983719e-09 1.078581743 -1.359341313e-08)
5.895             (-2.431895293e-10 0.909358321 3.254366613e-10) (4.728621602e-09 1.079613921 8.360074017e-09)
5.9               (1.336440165e-10 0.9095268981 -6.787900483e-11) (2.92460584e-09 1.080646176 3.142239985e-09)
5.905             (-4.901518769e-10 0.9096954069 6.70333858e-10) (2.794262645e-09 1.08167828 3.449460844e-09)
5.91              (3.931654662e-10 0.9098638229 -1.241362052e-10) (6.508630965e-09 1.082710455 -5.180657567e-09)
5.915             (-2.286483889e-10 0.9100321183 7.174543882e-11) (1.565055722e-09 1.083742312 4.427327984e-10)
5.92              (3.968354803e-10 0.910200267 -1.524892775e-10) (-2.944996686e-09 1.084774004 -3.90452009e-09)
5.925             (-4.658671506e-10 0.9103682482 9.192250419e-10) (-1.597931813e-09 1.085804674 -4.826521132e-09)
5.93              (-1.916208544e-10 0.9105360477 -2.175303641e-10) (-2.339665424e-09 1.086834508 -2.885182492e-09)
5.935             (-1.78457117e-10 0.9107036561 4.140970356e-10) (2.430059096e-09 1.087863015 1.140308453e-09)
5.94              (1.129278209e-09 0.910871067 -4.725852543e-10) (8.382888027e-09 1.08889054 -3.773571259e-09)
5.945             (-9.111074913e-11 0.9110382792 2.211753699e-10) (2.490369775e-09 1.089916637 -1.125648861e-10)
5.95              (5.877929817e-10 0.9112053002 -9.04701303e-11) (-3.055745731e-09 1.090941596 2.726594207e-09)
5.955             (-2.077753135e-10 0.9113721486 2.431923241e-11) (-1.246624286e-09 1.091964572 -1.870744658e-09)
5.96              (8.27902666e-10 0.9115388545 -2.300376103e-10) (6.096481544e-09 1.09298582 -1.491213307e-09)
5.965             (-1.120309199e-10 0.9117054567 6.981587724e-10) (3.556841838e-09 1.094004696 1.66025778e-09)
5.97              (6.760900107e-10 0.9118720008 -2.600728329e-10) (-2.381180253e-09 1.095021572 -7.337518147e-09)
5.975             (-2.351687945e-10 0.9120385364 9.472526952e-10) (3.285328795e-09 1.096035998 7.232835846e-10)
5.98              (7.07270159e-10 0.9122051146 3.613659893e-11) (-7.63324781e-10 1.097048338 8.38429451e-11)
5.985             (-3.490451688e-10 0.9123717846 -4.888359566e-10) (-4.680421891e-09 1.098057989 -5.312754538e-09)
5.99              (7.937168008e-10 0.9125385891 -2.112535864e-10) (1.628817166e-09 1.099065251 -1.906888826e-09)
5.995             (-3.527713264e-10 0.9127055602 1.40444421e-09) (2.113531235e-09 1.10006962 -1.629245444e-09)
6                 (7.60193534e-10 0.9128727153 7.580017972e-11) (-7.110583303e-09 1.10107141 -7.615903518e-09)
6.005             (-4.170060151e-10 0.9130400536 -4.908320806e-10) (-9.373051242e-09 1.102070318 -1.145942656e-08)
6.01              (1.01853539e-09 0.9132075525 -1.026758224e-09) (-3.338035908e-09 1.103066689 -9.408923703e-09)
6.015             (-9.329997834e-10 0.9133751688 7.995760788e-10) (-1.390549428e-09 1.104060244 -8.921481972e-09)
6.02              (-3.902331836e-10 0.9135428385 1.427099668e-10) (-8.857052754e-09 1.105051199 -9.665203214e-09)
6.025             (-1.896830561e-10 0.9137104752 -1.038977512e-10) (-7.195751992e-09 1.106039343 -7.61316667e-09)
6.03              (-1.484621757e-10 0.9138779722 -2.655627611e-11) (-8.78928037e-09 1.107024955 -1.063014092e-08)
6.035             (6.043271026e-10 0.9140452099 6.35024555e-11) (-7.670114741e-09 1.108008036 -9.561570695e-09)
6.04              (-1.021076499e-09 0.9142120604 -2.408682656e-10) (-6.252494247e-09 1.108988756 -9.650906712e-09)
6.045             (-1.206093614e-10 0.9143783913 -9.079346734e-10) (-7.169979529e-09 1.109967114 -9.751567734e-09)
6.05              (7.430230478e-11 0.9145440709 8.884000872e-11) (-8.808369226e-09 1.110943293 -1.045260625e-08)
6.055             (8.011202858e-10 0.9147089741 -5.639502963e-10) (-8.73941781e-09 1.111917491 -1.066562115e-08)
6.06              (-7.189517638e-10 0.9148729875 6.416440223e-10) (-9.346193014e-09 1.112889786 -1.006216504e-08)
6.065             (1.546092515e-09 0.9150360127 -1.788470237e-09) (-7.36154282e-09 1.113860377 -1.062783131e-08)
6.07              (1.647827454e-10 0.9151979694 -4.950648226e-10) (-7.821732608e-09 1.11482931 -1.072079109e-08)
6.075             (-1.60844738e-09 0.9153587972 9.221741726e-10) (-5.462498182e-09 1.115796894 -8.568519046e-09)
6.08              (-9.282386801e-10 0.9155184552 -3.593307653e-10) (-8.44572593e-09 1.116763135 -9.108687715e-09)
6.085             (6.002029063e-10 0.9156769217 -1.60085441e-09) (-6.781670453e-09 1.117728416 -9.711810294e-09)
6.09              (5.654539361e-10 0.9158341919 -2.202576395e-09) (-5.567634523e-09 1.118692719 -7.681622526e-09)
6.095             (-1.30633297e-09 0.9159902758 -1.599286929e-09) (-9.58751932e-09 1.119656476 -1.098908431e-08)
6.1               (-7.366924699e-10 0.9161451949 -9.964162928e-10) (-8.688805191e-09 1.120619627 -1.077835465e-08)
6.105             (-4.019807555e-10 0.9162989793 -1.009402809e-09) (-7.921156012e-09 1.121582572 -9.528197508e-09)
6.11              (-3.194569432e-10 0.9164516649 -7.698759665e-10) (-7.988946294e-09 1.122545204 -9.945810117e-09)
6.115             (6.331454414e-10 0.9166032908 5.126717337e-10) (-7.656763425e-09 1.123507937 -9.963691847e-09)
6.12              (-7.119395317e-10 0.9167538973 -7.719186501e-10) (-7.872595234e-09 1.124470646 -9.604144175e-09)
6.125             (1.475919666e-09 0.9169035241 5.515451146e-10) (-1.042612277e-08 1.125433733 -1.167239896e-08)
6.13              (-7.045524445e-10 0.9170522089 -8.590917645e-10) (-8.528799921e-09 1.126397047 -9.963977771e-09)
6.135             (-2.024222718e-09 0.9171999872 -9.991061135e-10) (-7.078024671e-09 1.127361068 -1.037391874e-08)
6.14              (-2.659515637e-09 0.9173468921 -6.61771768e-10) (-8.568064531e-09 1.128325613 -9.608324457e-09)
6.145             (-4.372258727e-09 0.9174929539 -4.195021917e-11) (-7.715880402e-09 1.129290856 -9.107981596e-09)
6.15              (1.419683935e-09 0.9176382004 -1.827286873e-09) (-6.195095453e-09 1.13025657 -9.023554306e-09)
6.155             (4.207341114e-11 0.9177826578 -4.55416413e-10) (-1.012933607e-08 1.131223126 -1.015475909e-08)
6.16              (-1.898070656e-09 0.9179263508 -1.421023516e-09) (-9.328033817e-09 1.132190365 -1.062996844e-08)
6.165             (-1.937673716e-10 0.9180693036 -1.099356446e-10) (-8.335462856e-09 1.133158554 -1.009912356e-08)
6.17              (-1.228872931e-09 0.9182115396 -1.646805101e-09) (-9.659359021e-09 1.134127467 -1.096631496e-08)
6.175             (-9.995187539e-10 0.9183530812 -2.155175493e-09) (-9.577129674e-09 1.135097291 -1.100297842e-08)
6.18              (-1.054635667e-09 0.9184939503 -2.181033196e-09) (-9.737250107e-09 1.136067768 -1.126789931e-08)
6.185             (-1.374737049e-09 0.9186341684 -1.910465716e-09) (-1.054547783e-08 1.137039035 -1.180639778e-08)
6.19              (-1.635085408e-09 0.918773757 -1.617376809e-09) (-1.088557387e-08 1.138010826 -1.253382122e-08)
6.195             (-1.274872797e-09 0.9189127376 -8.159312654e-10) (-1.439157948e-08 1.138983182 -1.49259907e-08)
6.2               (4.588466916e-10 0.9190511313 1.804933894e-09) (-8.853803407e-09 1.139955816 -8.717336962e-09)
6.205             (2.803172174e-10 0.9191889586 1.495166553e-10) (-8.957110106e-09 1.140928888 -1.013910395e-08)
6.21              (3.633174492e-10 0.9193262396 -2.68440537e-10) (-8.68836508e-09 1.141902128 -1.028292687e-08)
6.215             (5.944618908e-10 0.9194629936 3.976515732e-10) (-8.201789721e-09 1.14287548 -1.048634184e-08)
6.22              (-4.030245777e-10 0.9195992392 -3.178510165e-10) (-8.688524974e-09 1.143848579 -9.975456339e-09)
6.225             (-2.387443577e-10 0.9197349942 -3.847827519e-10) (-1.363151359e-08 1.144821485 -1.444968598e-08)
6.23              (-9.588130929e-11 0.9198702756 -3.253120487e-10) (-9.351164941e-09 1.145793831 -9.447673401e-09)
6.235             (-2.413161592e-10 0.9200050992 -4.770914425e-10) (-1.266567422e-08 1.146765545 -1.392116057e-08)
6.24              (-3.95470475e-10 0.9201394798 -6.735225611e-10) (-1.25196141e-08 1.147736157 -1.451140639e-08)
6.245             (-3.573600994e-10 0.9202734314 -7.02720869e-10) (-1.220712414e-08 1.148705724 -1.394370532e-08)
6.25              (-4.831180041e-11 0.9204069668 -3.366610587e-10) (-1.260187368e-08 1.14967375 -1.369647362e-08)
6.255             (-6.073963319e-10 0.920540098 -7.385549568e-10) (-1.29539148e-08 1.150640254 -1.403834708e-08)
6.26              (-6.516183762e-10 0.9206728356 -7.389123467e-10) (-1.281056383e-08 1.151604629 -1.390243347e-08)
6.265             (-4.308896963e-10 0.9208051893 -5.453797458e-10) (-1.236584144e-08 1.152566889 -1.359200909e-08)
6.27              (1.421642347e-10 0.9209371678 9.10019797e-11) (-8.50983452e-09 1.153526342 -9.946773054e-09)
6.275             (2.559041928e-10 0.9210687785 -9.549969007e-11) (-8.19371515e-09 1.154483145 -1.0196464e-08)
6.28              (-8.673675581e-10 0.921200028 -1.090838928e-09) (-1.631228396e-08 1.155436479 -1.760217906e-08)
6.285             (-1.294053693e-09 0.9213309217 -1.329686929e-09) (-1.775505143e-08 1.156386509 -1.880398677e-08)
6.29              (9.095559809e-11 0.9214614642 -3.809310474e-11) (-8.830070029e-09 1.157332284 -9.873174211e-09)
6.295             (5.905392837e-10 0.9215916591 4.458780265e-10) (-6.284316203e-09 1.158274048 -7.631838434e-09)
6.3               (-7.435104572e-10 0.9217215089 -7.878687055e-10) (-1.523173741e-08 1.159210684 -1.641124186e-08)
6.305             (3.648890382e-10 0.9218510151 2.030073325e-10) (-7.924495966e-09 1.160142544 -9.140656722e-09)
6.31              (5.751491666e-10 0.9219801787 5.502854121e-10) (-6.995824691e-09 1.161068346 -8.670191296e-09)
6.315             (1.043141148e-09 0.9221089995 8.938534206e-10) (-4.387079149e-09 1.161988567 -5.772313296e-09)
6.32              (1.374907676e-09 0.9222374768 1.447749661e-09) (-1.810540862e-09 1.162901745 -3.278183936e-09)
6.325             (8.036656029e-11 0.9223656091 -3.923815821e-11) (-8.767523133e-09 1.163808463 -1.013592226e-08)
6.33              (1.081693267e-10 0.9224933944 -1.059510348e-10) (-8.215553277e-09 1.164707058 -1.00634392e-08)
6.335             (1.307295432e-10 0.9226208301 8.217848277e-12) (-8.488459142e-09 1.165598156 -1.003952567e-08)
6.34              (1.714480091e-10 0.9227479133 1.640234275e-10) (-8.473277864e-09 1.166479904 -1.009087159e-08)
6.345             (2.323645445e-11 0.9228746405 -2.770137787e-11) (-8.699215826e-09 1.167353077 -1.025312275e-08)
6.35              (1.333500206e-10 0.9230010082 7.700712762e-11) (-8.503367431e-09 1.168215667 -9.956933075e-09)
6.355             (-1.239040523e-10 0.9231270128 -1.605923486e-10) (-8.837223013e-09 1.169068468 -1.019938414e-08)
6.36              (-2.180370584e-10 0.9232526504 -2.226835889e-10) (-8.916399384e-09 1.169909303 -1.016439773e-08)
6.365             (1.488428976e-10 0.9233779174 1.563294479e-10) (-8.358319031e-09 1.170738827 -9.7425555e-09)
6.37              (-2.180924391e-10 0.92350281 -2.018675146e-10) (-8.714260566e-09 1.171554759 -1.037205844e-08)
6.375             (-4.659654542e-11 0.9236273249 -9.054017791e-11) (-8.665520224e-09 1.172357657 -9.907828582e-09)
6.38              (-4.339167534e-10 0.9237514588 -4.025910526e-10) (-9.28149862e-09 1.173145248 -1.027866955e-08)
6.385             (-5.299471533e-11 0.9238752089 -7.058961655e-11) (-8.710521436e-09 1.173917797 -1.011048084e-08)
6.39              (-1.380076368e-10 0.9239985727 -1.479669329e-10) (-8.779001402e-09 1.174673107 -1.034818474e-08)
6.395             (-8.671016951e-11 0.9241215486 -9.123471248e-11) (-8.642667536e-09 1.175410888 -1.0125529e-08)
6.4               (-1.003647225e-10 0.9242441353 -8.126410773e-11) (-8.627575899e-09 1.176129143 -1.018625154e-08)
6.405             (-1.651687057e-10 0.9243663325 -1.243784384e-10) (-8.567632864e-09 1.176826904 -1.023306146e-08)
6.41              (-4.556657197e-11 0.9244881402 -5.502440243e-11) (-8.684626518e-09 1.177502558 -1.008271418e-08)
6.415             (-9.539884169e-11 0.9246095597 -1.204612573e-10) (-8.722387883e-09 1.178154266 -1.017432955e-08)
6.42              (-3.256690367e-11 0.9247305928 -6.802132054e-11) (-8.706248e-09 1.17878096 -1.008063848e-08)
6.425             (-2.529216057e-11 0.9248512421 -2.485801249e-11) (-8.601568593e-09 1.179379701 -1.014277526e-08)
6.43              (2.022191548e-10 0.9249715113 1.162098356e-10) (-8.464509554e-09 1.179950132 -9.891123432e-09)
6.435             (-1.744494505e-11 0.925091405 -7.324535101e-11) (-8.65566856e-09 1.180488093 -1.012470309e-08)
6.44              (-5.356162254e-11 0.9252109286 -6.281698796e-11) (-8.658837273e-09 1.180994117 -1.009580522e-08)
6.445             (-2.321621943e-11 0.9253300884 -5.877523649e-11) (-8.648857296e-09 1.181462809 -1.007783276e-08)
6.45              (-3.474915309e-11 0.9254488916 -5.919815149e-11) (-8.65742548e-09 1.181895725 -1.006006566e-08)
6.455             (5.088798557e-11 0.925567346 -3.856993528e-11) (-8.555987123e-09 1.182286299 -1.004729957e-08)
6.46              (-2.065405469e-11 0.9256854602 -6.756392926e-11) (-8.635739965e-09 1.182637175 -1.002637643e-08)
6.465             (-5.435234258e-12 0.9258032436 -1.093732502e-11) (-8.582535613e-09 1.182940815 -1.001180901e-08)
6.47              (1.792855957e-11 0.9259207062 8.457349419e-14) (-8.55242692e-09 1.183200953 -9.988604138e-09)
6.475             (-2.362600304e-11 0.9260378585 1.148389606e-10) (-8.51848496e-09 1.183409429 -9.935087775e-09)
6.48              (-2.111100782e-11 0.9261547114 -2.471082636e-11) (-8.558398759e-09 1.183570992 -9.989842944e-09)
6.485             (3.748823699e-12 0.9262712764 -2.783330057e-11) (-8.555131661e-09 1.183677386 -9.968853217e-09)
6.49              (-2.125661207e-11 0.926387565 1.113362947e-12) (-8.544498462e-09 1.183734195 -9.963084842e-09)
6.495             (-2.900964995e-11 0.9265035891 1.543056281e-11) (-8.541498599e-09 1.183733487 -9.943346547e-09)
6.5               (-1.652850188e-11 0.9266193604 -5.045809382e-12) (-8.529095608e-09 1.183681399 -9.947434356e-09)
6.505             (1.275054098e-11 0.9267348906 -1.562171136e-11) (-8.516652817e-09 1.183570862 -9.927175271e-09)
6.51              (4.794132391e-12 0.9268501913 -9.326724646e-12) (-8.510579708e-09 1.183408266 -9.91735952e-09)
6.515             (-3.023537785e-11 0.9269652735 7.002461949e-12) (-8.517579845e-09 1.183188001 -9.905820322e-09)
6.52              (-2.113489534e-11 0.927080148 1.256465894e-11) (-8.489438619e-09 1.182916359 -9.904004199e-09)
6.525             (-1.644343973e-11 0.927194825 -3.168488581e-11) (-8.503014654e-09 1.182589451 -9.904774224e-09)
6.53              (-6.915426329e-12 0.927309314 -4.229897052e-11) (-8.484788759e-09 1.18221308 -9.887765439e-09)
6.535             (-1.216047006e-11 0.9274236238 -4.126221576e-11) (-8.477860753e-09 1.181785203 -9.87519876e-09)
6.54              (2.098880678e-11 0.9275377626 1.703324208e-11) (-8.436892359e-09 1.18131084 -9.828282098e-09)
6.545             (1.5022274e-11 0.9276517376 7.29971676e-12) (-8.445730413e-09 1.18078995 -9.839546263e-09)
6.55              (3.373949159e-11 0.9277655551 3.029523749e-11) (-8.427303954e-09 1.180226559 -9.793184602e-09)
6.555             (-1.304595594e-09 0.9278792206 -1.2900072e-09) (-9.549979517e-09 1.179622437 -1.094918171e-08)
6.56              (-4.770941855e-11 0.9279927386 4.906177172e-12) (-8.437299679e-09 1.178980437 -9.839853924e-09)
6.565             (-5.664161459e-11 0.9281061127 1.412195038e-11) (-8.445025237e-09 1.178303758 -9.78444149e-09)
6.57              (-8.829795045e-11 0.9282193453 -1.003053742e-10) (-8.490192376e-09 1.177594045 -9.84275597e-09)
6.575             (4.096973202e-11 0.9283324379 3.391284085e-11) (-8.352823427e-09 1.176855652 -9.714540935e-09)
6.58              (4.251630284e-11 0.928445391 3.4072284e-11) (-8.371979503e-09 1.176089101 -9.725543073e-09)
6.585             (2.421669265e-10 0.928558204 -3.024794462e-11) (-8.226396498e-09 1.175299497 -9.771091768e-09)
6.59              (1.064497434e-10 0.9286708754 1.678663832e-10) (-8.424421894e-09 1.174486348 -9.592147097e-09)
6.595             (-2.371630208e-11 0.9287834027 1.542710745e-10) (-8.37322152e-09 1.173655068 -9.707416974e-09)
6.6               (8.494417072e-11 0.9288957827 -1.851628237e-11) (-8.327142741e-09 1.172804332 -9.63278078e-09)
6.605             (1.033540955e-11 0.9290080111 7.849399135e-11) (-8.288700711e-09 1.17193959 -9.730580724e-09)
6.61              (1.427383428e-11 0.9291200832 -2.358910817e-11) (-8.421289881e-09 1.17105892 -9.619892531e-09)
6.615             (1.492453198e-10 0.9292319935 1.548931296e-11) (-8.147401236e-09 1.17016759 -9.68131484e-09)
6.62              (-9.485141942e-11 0.929343736 -1.084911659e-10) (-8.379524703e-09 1.169263286 -9.713782974e-09)
6.625             (-9.333210682e-11 0.9294553042 1.629401499e-10) (-8.141208874e-09 1.168350912 -9.672509211e-09)
6.63              (-1.180440294e-11 0.9295666913 -8.311026592e-11) (-8.411286358e-09 1.167427943 -9.56827444e-09)
6.635             (6.073390219e-12 0.92967789 -1.523120067e-11) (-8.320937489e-09 1.16649884 -9.614597833e-09)
6.64              (8.103978042e-11 0.9297888929 7.458819351e-11) (-8.306879517e-09 1.165561035 -9.529251685e-09)
6.645             (-3.264347463e-11 0.9298996926 -6.270893817e-11) (-8.409714301e-09 1.164618518 -9.736804722e-09)
6.65              (-9.815953083e-12 0.9300102815 4.045088842e-11) (-8.33749973e-09 1.163668795 -9.560617694e-09)
6.655             (1.881157871e-11 0.9301206522 1.743455916e-11) (-8.24779002e-09 1.162715397 -9.658620655e-09)
6.66              (1.619873168e-11 0.9302307973 6.539458574e-11) (-8.313879939e-09 1.16175598 -9.568578088e-09)
6.665             (5.377490653e-11 0.9303407096 4.630087077e-11) (-8.241718791e-09 1.160793659 -9.607423822e-09)
6.67              (3.51947296e-11 0.930450382 6.193598444e-11) (-8.263857837e-09 1.159826281 -9.565354715e-09)
6.675             (-4.198808049e-11 0.9305598075 3.489501758e-10) (-8.032961e-09 1.158856558 -9.509016186e-09)
6.68              (-6.618522978e-12 0.9306689796 -1.631047831e-10) (-8.420085326e-09 1.157882547 -9.592192954e-09)
6.685             (-1.74445849e-10 0.9307778918 -7.231665929e-11) (-8.330792563e-09 1.156906619 -9.729120517e-09)
6.69              (-5.178016763e-11 0.9308865381 1.042505308e-10) (-8.07721576e-09 1.155927044 -9.553953662e-09)
6.695             (2.270797508e-10 0.9309949126 7.728586534e-11) (-7.902556496e-09 1.154945879 -9.174938328e-09)
6.7               (4.237934542e-11 0.93110301 6.707591695e-11) (-8.253783732e-09 1.153961596 -9.54165166e-09)
6.705             (6.47406188e-11 0.931210825 1.163487068e-10) (-8.079411532e-09 1.152975983 -9.350326489e-09)
6.71              (4.219721314e-10 0.931318353 1.250137074e-10) (-7.953670016e-09 1.151987695 -9.06121967e-09)
6.715             (-1.599599151e-10 0.9314255896 -1.498779418e-10) (-8.437772541e-09 1.15099828 -9.767889892e-09)
6.72              (-8.728221421e-11 0.9315325308 -2.493317883e-10) (-8.223661625e-09 1.150006554 -9.552565033e-09)
6.725             (-1.034711286e-10 0.9316391727 -1.73156558e-10) (-8.142725881e-09 1.149013868 -9.498932042e-09)
6.73              (-6.061024362e-10 0.9317455119 -5.177787084e-10) (-8.754029566e-09 1.148019185 -9.96834438e-09)
6.735             (1.591410881e-10 0.9318515454 -1.481228404e-10) (-8.009332576e-09 1.147023661 -9.282378651e-09)
6.74              (8.193211358e-10 0.9319572703 -7.362994076e-11) (-7.59624056e-09 1.146026369 -8.476682909e-09)
6.745             (4.397081166e-11 0.9320626837 -5.567544083e-10) (-8.080237165e-09 1.145028334 -9.176440499e-09)
6.75              (3.279621837e-10 0.9321677832 -7.163411578e-10) (-8.253786532e-09 1.144028739 -9.005709107e-09)
6.755             (2.076950796e-10 0.9322725661 1.069140822e-10) (-7.926144595e-09 1.143028495 -9.189927992e-09)
6.76              (1.33635274e-10 0.93237703 4.366265676e-11) (-6.514741245e-09 1.142026878 -7.78744539e-09)
6.765             (2.4085799e-10 0.9324811719 6.181366735e-10) (-7.255246779e-09 1.141024706 -9.053323301e-09)
6.77              (1.024698183e-09 0.9325849892 -1.246924291e-09) (-8.131393115e-09 1.140021323 -9.38105816e-09)
6.775             (-2.847993475e-09 0.9326884786 -1.160978147e-09) (-1.022926876e-08 1.139017436 -1.152996937e-08)
6.78              (-5.81127421e-10 0.9327916365 -7.216449374e-11) (-8.278641724e-09 1.138012438 -9.549743015e-09)
6.785             (-6.734426021e-10 0.9328944588 -6.564830654e-10) (-8.698661483e-09 1.137006989 -1.004420707e-08)
6.79              (-4.662823665e-10 0.9329969403 -1.966196512e-09) (-9.914463584e-09 1.136000545 -1.047996363e-08)
6.795             (-1.347031088e-09 0.9330990749 -8.87059096e-10) (-9.481615123e-09 1.134993729 -1.103053355e-08)
6.8               (1.69278576e-10 0.9332008553 -2.603744392e-11) (-8.147032828e-09 1.133986035 -9.450533481e-09)
6.805             (-1.195283994e-09 0.9333022725 -8.077862527e-10) (-9.192428827e-09 1.132978061 -1.060861752e-08)
6.81              (-4.503303156e-10 0.9334033156 -4.931762662e-10) (-8.590179202e-09 1.131969339 -9.838229773e-09)
6.815             (-2.272220882e-09 0.933503972 -1.235835285e-09) (-1.007361708e-08 1.130960376 -1.129795269e-08)
6.82              (-1.316427874e-09 0.9336042261 -1.76316075e-09) (-9.775935013e-09 1.129950743 -1.094948937e-08)
6.825             (-1.329379299e-09 0.9337040596 -1.324943573e-09) (-9.557321235e-09 1.128940944 -1.057176094e-08)
6.83              (-1.368933036e-09 0.933803451 -1.861266728e-09) (-9.979510977e-09 1.127930612 -1.096458866e-08)
6.835             (5.61024233e-10 0.9339023749 5.612838657e-10) (-7.339023313e-09 1.126920273 -8.517482241e-09)
6.84              (-5.445535763e-10 0.934000802 -4.43167846e-10) (-8.452666723e-09 1.125909606 -9.64520807e-09)
6.845             (-7.145807428e-11 0.9340986986 -2.832251761e-10) (-7.934566885e-09 1.124898998 -9.070782559e-09)
6.85              (1.490510476e-09 0.9341960267 5.775457471e-10) (-6.905695409e-09 1.123888156 -7.855550021e-09)
6.855             (-1.209095771e-10 0.934292743 -1.332116764e-10) (-8.106146985e-09 1.122877439 -9.289026225e-09)
6.86              (-3.602011919e-10 0.9343887991 -4.584202556e-10) (-8.062716224e-09 1.121866638 -9.222573647e-09)
6.865             (-7.900019173e-10 0.9344841415 1.698089544e-10) (-7.700745224e-09 1.120856114 -9.054521142e-09)
6.87              (-9.768690821e-10 0.9345787113 -2.037788676e-09) (-9.453248178e-09 1.119845725 -1.058993002e-08)
6.875             (-1.892546189e-09 0.9346724448 -1.381254461e-09) (-9.467533762e-09 1.118835751 -1.082914531e-08)
6.88              (-5.516069946e-10 0.9347652736 -5.956706262e-10) (-8.090434654e-09 1.117826101 -9.311907385e-09)
6.885             (-2.512360482e-09 0.9348571254 -1.977707159e-09) (-9.949251326e-09 1.116816916 -1.126730182e-08)
6.89              (1.799135485e-11 0.9349479253 4.112145358e-10) (-6.549826707e-09 1.115808184 -7.865538403e-09)
6.895             (-9.83599887e-10 0.9350375964 -8.326140028e-10) (-8.40622459e-09 1.114800009 -9.599304926e-09)
6.9               (-2.731250271e-09 0.9351260604 -2.111837095e-09) (-9.561436294e-09 1.113792476 -1.110699279e-08)
6.905             (-2.031692632e-09 0.9352132385 -2.486381528e-09) (-9.42420708e-09 1.112785606 -1.084072404e-08)
6.91              (1.180058633e-10 0.9352990546 4.162765647e-12) (-7.146790348e-09 1.111779566 -8.555392761e-09)
6.915             (-1.47544578e-09 0.9353834373 3.285455092e-09) (-5.252535353e-09 1.110774274 -8.470794248e-09)
6.92              (-7.01495741e-10 0.9354663219 -3.665098639e-10) (-7.510922758e-09 1.109769977 -9.788766246e-09)
6.925             (6.802385898e-11 0.9355476521 -1.0704878e-10) (-7.64585406e-09 1.108766454 -9.179688997e-09)
6.93              (-6.781819292e-10 0.9356273821 -1.722755038e-09) (-9.592010645e-09 1.107764033 -1.060232876e-08)
6.935             (1.862369572e-09 0.9357054786 2.016476217e-09) (-5.624962156e-09 1.106762393 -6.393622847e-09)
6.94              (1.312362082e-09 0.9357819238 -3.382898753e-10) (-8.906967965e-09 1.105761949 -1.00523324e-08)
6.945             (-1.690728599e-10 0.935856716 -4.458771652e-10) (-7.649412117e-09 1.104762296 -9.736210544e-09)
6.95              (-3.331089957e-10 0.9359298729 -1.951475911e-10) (-7.551325948e-09 1.103763938 -9.386696309e-09)
6.955             (2.015923212e-10 0.9360014336 -2.719665005e-10) (-7.452551463e-09 1.102766405 -9.658374254e-09)
6.96              (-4.013980788e-10 0.9360714586 -5.14075521e-10) (-7.767460099e-09 1.101770258 -9.468188899e-09)
6.965             (-6.945498309e-10 0.9361400292 -7.471130293e-10) (-7.653725725e-09 1.100774991 -9.861781367e-09)
6.97              (-4.299133969e-11 0.9362072481 -6.245836677e-10) (-8.453557781e-09 1.099781209 -9.521154772e-09)
6.975             (-5.035442344e-10 0.9362732394 -4.965723381e-10) (-7.824729249e-09 1.098788209 -9.746304169e-09)
6.98              (-2.997505879e-10 0.9363381475 -4.388752843e-10) (-8.018422771e-09 1.097796616 -1.001624102e-08)
6.985             (-5.046316227e-10 0.9364021359 2.913304546e-10) (-7.965120936e-09 1.096805695 -1.017858209e-08)
6.99              (-2.787562522e-10 0.9364653842 -4.070069625e-10) (-8.008062953e-09 1.095816117 -9.874313311e-09)
6.995             (-7.094809061e-10 0.9365280857 -2.593438161e-10) (-7.810780533e-09 1.09482713 -1.02826574e-08)
7                 (5.442321341e-10 0.9365904432 -7.303545548e-10) (-8.308591024e-09 1.093839423 -9.510722859e-09)
7.005             (-4.165900471e-10 0.936652666 4.24736323e-11) (-8.098111645e-09 1.092852149 -1.027084059e-08)
7.01              (-1.922007172e-10 0.9367149652 -4.246454732e-10) (-8.294624594e-09 1.091865991 -1.01972259e-08)
7.015             (-7.305183659e-10 0.9367775507 1.541521964e-10) (-8.287712316e-09 1.090880103 -1.079806612e-08)
7.02              (-2.620751683e-10 0.9368406268 -5.769445474e-10) (-8.127876978e-09 1.089895169 -1.005365159e-08)
7.025             (-7.86863883e-10 0.9369043879 -1.736765072e-10) (-8.117583302e-09 1.088910408 -1.036781858e-08)
7.03              (-1.72803322e-10 0.9369690149 -7.238918572e-10) (-8.162962877e-09 1.087926479 -1.008607023e-08)
7.035             (-7.410986161e-10 0.9370346717 -1.440034721e-10) (-8.065337526e-09 1.086942611 -1.034650021e-08)
7.04              (-3.594211666e-10 0.9371015021 -4.905317291e-10) (-7.886185571e-09 1.085959406 -9.502298933e-09)
7.045             (-9.30946076e-10 0.9371696276 5.241865718e-11) (-7.889318632e-09 1.084976055 -1.018540935e-08)
7.05              (3.500096244e-11 0.9372391449 -9.100363608e-10) (-8.37155982e-09 1.083993105 -1.012053381e-08)
7.055             (-8.453895874e-10 0.937310125 2.435388332e-10) (-7.180954149e-09 1.083009918 -9.243621075e-09)
7.06              (-6.580503553e-12 0.9373826147 -6.826356791e-10) (-8.36314402e-09 1.082027 -1.015684811e-08)
7.065             (-5.953253667e-10 0.937456639 -6.22865751e-11) (-8.139810811e-09 1.081043758 -1.041888577e-08)
7.07              (-3.044149836e-10 0.9375322027 -2.446172604e-10) (-7.167642426e-09 1.080060602 -9.170087635e-09)
7.075             (-9.05937192e-10 0.9376092878 3.73869782e-10) (-6.749220657e-09 1.079077003 -8.978301368e-09)
7.08              (6.990831913e-11 0.9376878489 -6.315070798e-10) (-8.300014674e-09 1.078093307 -1.012730257e-08)
7.085             (-4.30308876e-10 0.9377678151 -1.153739377e-10) (-7.90829237e-09 1.0771091 -1.021243711e-08)
7.09              (3.843258484e-11 0.9378490991 -5.733354053e-10) (-8.523649321e-09 1.076124653 -1.041400517e-08)
7.095             (-5.50568044e-10 0.9379316073 2.202177948e-11) (-7.863102405e-09 1.075139646 -9.939937985e-09)
7.1               (-2.952427843e-10 0.9380152442 -2.037435281e-10) (-7.098931575e-09 1.074154263 -9.241370182e-09)
7.105             (-5.185396942e-10 0.938099909 4.288601984e-11) (-8.091655822e-09 1.073168285 -1.033801007e-08)
7.11              (-3.897303798e-10 0.9381854921 -1.532811104e-10) (-6.530450809e-09 1.072181833 -7.857786923e-09)
7.115             (-5.742475162e-10 0.9382718782 4.847504924e-11) (-6.699310502e-09 1.071194764 -8.382358632e-09)
7.12              (-1.392819076e-10 0.9383589533 -3.904390131e-10) (-6.445221433e-09 1.07020713 -8.651140687e-09)
7.125             (-3.678697665e-10 0.9384466094 -1.369334899e-10) (-6.890522384e-09 1.069218868 -8.963398814e-09)
7.13              (-7.927284798e-11 0.9385347453 -4.49521506e-10) (-6.846854469e-09 1.068229975 -8.116173105e-09)
7.135             (-2.744033719e-10 0.938623266 -2.17242586e-10) (-7.121303416e-09 1.067240471 -8.860625291e-09)
7.14              (-1.332299792e-10 0.9387120825 -3.874514062e-10) (-6.564250886e-09 1.066250316 -8.272681192e-09)
7.145             (-3.682203743e-10 0.9388011125 -1.43744937e-10) (-6.541910992e-09 1.065259567 -8.198007974e-09)
7.15              (-2.50694019e-10 0.9388902822 -2.483001016e-10) (-6.719425692e-09 1.064268155 -8.041031711e-09)
7.155             (-2.959294129e-10 0.938979526 -1.98157583e-10) (-6.68343579e-09 1.06327615 -8.008805797e-09)
7.16              (-2.647664367e-10 0.9390687871 -2.201771053e-10) (-6.691446053e-09 1.062283471 -8.011112221e-09)
7.165             (-1.980265103e-10 0.9391580174 -2.814507048e-10) (-6.635534246e-09 1.061290214 -8.033284601e-09)
7.17              (-2.373673466e-10 0.9392471768 -2.371509587e-10) (-6.611829026e-09 1.060296308 -7.994917143e-09)
7.175             (-1.969761202e-10 0.939336232 -2.717273902e-10) (-6.58825748e-09 1.059301823 -8.036585171e-09)
7.18              (-2.287757659e-10 0.9394251547 -2.35767878e-10) (-6.723277288e-09 1.05830671 -7.797283078e-09)
7.185             (-2.030453164e-10 0.9395139219 -2.559019094e-10) (-7.083912436e-09 1.057311011 -7.491717916e-09)
7.19              (-2.236539448e-10 0.9396025149 -2.306443344e-10) (-6.957898593e-09 1.056314721 -7.512354468e-09)
7.195             (-1.854074678e-10 0.9396909193 -2.604606549e-10) (-6.863712798e-09 1.055317803 -7.603700139e-09)
7.2               (-2.10620915e-10 0.939779125 -2.279415609e-10) (-6.935175037e-09 1.054320313 -7.54526736e-09)
7.205             (-1.83577319e-10 0.9398671251 -2.497779273e-10) (-7.008542234e-09 1.053322127 -7.484436052e-09)
7.21              (-2.089168344e-10 0.9399549153 -2.198009828e-10) (-7.106797998e-09 1.052323389 -7.366187142e-09)
7.215             (-1.89421562e-10 0.940042493 -2.326529435e-10) (-7.214392528e-09 1.051323882 -7.314996108e-09)
7.22              (-2.238745656e-10 0.9401298571 -1.896698475e-10) (-7.263944702e-09 1.050323854 -7.1617794e-09)
7.225             (-2.140021532e-10 0.9402170078 -1.980132589e-10) (-7.376833037e-09 1.04932293 -7.085418259e-09)
7.23              (-1.681229765e-10 0.9403039464 -2.183953024e-10) (-7.450107626e-09 1.048321478 -6.944153537e-09)
7.235             (-1.47840818e-10 0.9403906751 -2.338486308e-10) (-7.550510346e-09 1.047318963 -6.865716731e-09)
7.24              (-1.818746911e-10 0.9404771967 -1.944655271e-10) (-7.655946898e-09 1.046315906 -6.782638598e-09)
7.245             (-1.697501148e-10 0.9405635144 -2.032966129e-10) (-7.742778324e-09 1.0453116 -6.714413099e-09)
7.25              (-1.785675545e-10 0.9406496316 -1.985793491e-10) (-7.367465764e-09 1.044306737 -6.179118706e-09)
7.255             (-1.746145793e-10 0.9407355519 -1.939112487e-10) (-7.841340718e-09 1.043300393 -6.447186093e-09)
7.26              (-1.564298735e-10 0.9408212791 -2.120459205e-10) (-7.431511766e-09 1.04229345 -5.878437648e-09)
7.265             (-2.001084973e-10 0.940906817 -1.610133049e-10) (-7.840690612e-09 1.04128475 -6.110410188e-09)
7.27              (-1.986953362e-10 0.9409921693 -1.59089072e-10) (-7.933235072e-09 1.040275391 -6.136059511e-09)
7.275             (5.165354576e-10 0.9410773397 -8.643574199e-10) (-7.617769504e-09 1.039263974 -5.917236176e-09)
7.28              (-2.784491315e-10 0.9411623317 -6.653502693e-11) (-8.038283623e-09 1.038251843 -6.168465124e-09)
7.285             (-7.586802886e-11 0.9412471487 -2.685002012e-10) (-8.124098202e-09 1.03723733 -6.133868331e-09)
7.29              (-2.486601873e-10 0.9413317938 -8.61133677e-11) (-8.18118674e-09 1.036222054 -5.947236738e-09)
7.295             (-1.351787884e-10 0.94141627 -1.901044716e-10) (-8.534995653e-09 1.035204057 -5.561423548e-09)
7.3               (-2.814539983e-10 0.9415005801 -3.858812086e-11) (-8.338384328e-09 1.034185274 -5.689910028e-09)
7.305             (-5.971540606e-11 0.9415847264 -2.564081513e-10) (-8.335511324e-09 1.03316345 -5.57374847e-09)
7.31              (-2.023957829e-10 0.9416687113 -1.070564748e-10) (-8.173254129e-09 1.032140875 -5.539531489e-09)
7.315             (-7.075292951e-11 0.9417525367 -2.360089071e-10) (-8.321498184e-09 1.031114934 -5.374841229e-09)
7.32              (-2.092650021e-10 0.9418362041 -9.524374402e-11) (-8.387684813e-09 1.030088312 -5.392587735e-09)
7.325             (-9.828119602e-11 0.9419197148 -2.000889648e-10) (-8.449552281e-09 1.029057999 -5.199973581e-09)
7.33              (-1.142490887e-10 0.9420030698 -1.896725411e-10) (-8.286823702e-09 1.028027144 -5.283125466e-09)
7.335             (-9.462076194e-11 0.9420862697 -1.955266577e-10) (-8.443933551e-09 1.026992452 -5.238265133e-09)
7.34              (5.278391573e-10 0.9421693147 -8.109491298e-10) (-8.378586475e-09 1.025957596 -5.119041907e-09)
7.345             (-1.993802563e-10 0.9422522049 -8.629431932e-11) (-8.448192386e-09 1.024918839 -5.622282201e-09)
7.35              (-1.010318041e-10 0.9423349398 -1.797433373e-10) (-8.345015165e-09 1.023880406 -5.185529075e-09)
7.355             (-1.672432584e-10 0.9424175189 -1.106896845e-10) (-8.124349975e-09 1.022838002 -5.298719766e-09)
7.36              (-1.324805685e-10 0.9424999411 -1.456281521e-10) (-7.96157338e-09 1.021796506 -5.607609289e-09)
7.365             (-7.801557581e-11 0.942582205 -1.924099741e-10) (-8.090278683e-09 1.020751222 -5.337531304e-09)
7.37              (-1.316214334e-10 0.9426643092 -1.371753523e-10) (-8.264200895e-09 1.019707795 -5.248332713e-09)
7.375             (-6.598049253e-11 0.9427462518 -1.885165794e-10) (-8.348863889e-09 1.018660956 -5.339931544e-09)
7.38              (-1.537292649e-10 0.9428280308 -1.153416373e-10) (-8.057977741e-09 1.017617148 -5.299142378e-09)
7.385             (-1.584562882e-10 0.9429096442 -1.10348208e-10) (-8.087729092e-09 1.016570416 -5.383494294e-09)
7.39              (-1.247763109e-10 0.9429910899 -1.424915914e-10) (-8.019382235e-09 1.015528087 -5.389859518e-09)
7.395             (-1.150353143e-10 0.9430723658 -1.527689281e-10) (-8.208812042e-09 1.014483561 -5.762929207e-09)
7.4               (-1.200463157e-10 0.9431534699 -1.469966529e-10) (-7.880442018e-09 1.013445137 -5.413730543e-09)
7.405             (-1.113799129e-10 0.9432344001 -1.581809612e-10) (-7.751000125e-09 1.012405373 -5.455556044e-09)
7.41              (-1.270208674e-10 0.9433151543 -1.45344271e-10) (-7.764316313e-09 1.011373568 -5.279294704e-09)
7.415             (-1.517921574e-10 0.9433957305 -1.271872554e-10) (-7.81231015e-09 1.010341384 -5.292422172e-09)
7.42              (-1.472504938e-10 0.943476127 -1.455230227e-10) (-7.503657826e-09 1.009319177 -5.072865545e-09)
7.425             (-1.534704453e-10 0.943556342 -1.427198969e-10) (-7.737569209e-09 1.008297688 -5.1464126e-09)
7.43              (-1.643630567e-10 0.9436363743 -1.451795405e-10) (-7.553474096e-09 1.007288333 -4.973598103e-09)
7.435             (-1.162281001e-10 0.9437162225 -1.859351279e-10) (-7.355804643e-09 1.006280783 -5.224715772e-09)
7.44              (-1.021425277e-10 0.9437958859 -2.116423273e-10) (-6.861885279e-09 1.005287466 -6.032710838e-09)
7.445             (-2.052564264e-10 0.9438753634 -1.096852938e-10) (-7.073585469e-09 1.004296955 -5.447812522e-09)
7.45              (-6.740014827e-11 0.9439546547 -2.603802974e-10) (-7.493209102e-09 1.003322639 -5.316329334e-09)
7.455             (-2.894223924e-10 0.9440337594 -4.937697418e-11) (-6.878590477e-09 1.002352001 -6.238960481e-09)
7.46              (-1.594574659e-10 0.9441126771 -1.022050799e-10) (-7.421730257e-09 1.001399281 -5.597020188e-09)
7.465             (-1.401086299e-10 0.9441914081 -1.05509936e-10) (-7.357986208e-09 1.000450879 -5.50196372e-09)
7.47              (-1.120080143e-10 0.9442699525 -1.33238436e-10) (-7.300613966e-09 0.9995217382 -5.571295862e-09)
7.475             (-1.113487819e-10 0.9443483108 -1.321072699e-10) (-7.292975561e-09 0.9985972626 -5.554877241e-09)
7.48              (-1.290532816e-10 0.9444264839 -1.283478939e-10) (-7.242215359e-09 0.9976929079 -5.466686792e-09)
7.485             (-1.418992963e-10 0.9445044729 -1.040883897e-10) (-7.276004344e-09 0.9967932113 -5.481387817e-09)
7.49              (-1.354793387e-10 0.9445822792 -8.806986613e-11) (-7.030119775e-09 0.9959139169 -5.598378882e-09)
7.495             (-8.286525715e-11 0.9446599047 -1.382046905e-10) (-7.256175215e-09 0.9950387831 -5.345492416e-09)
7.5               (-1.065310724e-10 0.9447373516 -1.260758976e-10) (-7.284298451e-09 0.9941836317 -5.291753088e-09)
7.505             (-9.829501423e-11 0.9448146227 -1.345614476e-10) (-7.27650626e-09 0.9933319514 -5.265164433e-09)
7.51              (-9.062750961e-11 0.9448917211 -1.319660145e-10) (-7.358053832e-09 0.9924994195 -5.199652105e-09)
7.515             (-2.427322441e-11 0.9449686503 -1.962300995e-10) (-7.766786749e-09 0.9916693727 -4.713985517e-09)
7.52              (6.794007318e-10 0.9450454143 -8.93254885e-10) (-7.666533974e-09 0.9908570228 -4.903574363e-09)
7.525             (-9.424604115e-11 0.9451220172 -1.266247661e-10) (-6.918136916e-09 0.9900455479 -5.290098568e-09)
7.53              (-1.081531981e-10 0.9451984635 -1.106338425e-10) (-6.871091175e-09 0.989249496 -5.409493754e-09)
7.535             (-4.992501755e-10 0.9452747578 2.831388741e-10) (-6.851683328e-09 0.988452648 -5.295210781e-09)
7.54              (-1.250854231e-10 0.9453509049 -8.972195178e-11) (-7.367435444e-09 0.9876688312 -5.674166361e-09)
7.545             (-1.424178458e-10 0.9454269095 -7.263040295e-11) (-7.489754994e-09 0.9868827127 -5.720537022e-09)
7.55              (7.260385647e-10 0.9455027764 -9.401981678e-10) (-6.858725009e-09 0.9861071087 -5.592488209e-09)
7.555             (-1.125000058e-10 0.9455785104 -9.962214574e-11) (-6.90637724e-09 0.9853273907 -4.944188144e-09)
7.56              (-5.533596326e-11 0.9456541159 -1.557865279e-10) (-6.736197314e-09 0.984555223 -4.234013933e-09)
7.565             (-1.127095053e-10 0.9457295975 -9.641209148e-11) (-6.366726559e-09 0.983777249 -3.775856754e-09)
7.57              (-4.837161327e-12 0.9458049592 -2.035092493e-10) (-6.256509738e-09 0.9830040347 -3.62570262e-09)
7.575             (-1.415282081e-10 0.9458802049 -6.600640869e-11) (-5.635328737e-09 0.9822236292 -2.997373377e-09)
7.58              (-7.024019138e-12 0.9459553381 -2.006642583e-10) (-4.841195643e-09 0.9814454336 -2.273627604e-09)
7.585             (-8.594963273e-11 0.946030362 -1.106607481e-10) (-4.271168021e-09 0.9806588354 -2.282886791e-09)
7.59              (2.295745041e-10 0.9461052793 -4.139938917e-10) (-4.718284187e-09 0.9798720655 -1.510275028e-09)
7.595             (7.10168534e-11 0.9461800924 -2.789166699e-10) (-4.100154628e-09 0.9790759131 -1.711715957e-09)
7.6               (-1.110282502e-12 0.946254803 -1.733566168e-10) (-4.036704399e-09 0.9782775327 -1.320737812e-09)
7.605             (-2.782875973e-10 0.9463294124 1.116415296e-10) (-3.134798923e-09 0.9774693152 -1.678429241e-09)
7.61              (-2.895977385e-10 0.9464039212 6.074115392e-11) (-3.747252545e-09 0.9766574202 -2.068010054e-09)
7.615             (-7.390701923e-11 0.9464783295 -9.0673675e-11) (-3.532716484e-09 0.9758353845 -1.912901578e-09)
7.62              (1.12497301e-10 0.9465526364 -3.177237929e-10) (-3.178422455e-09 0.9750083964 -1.558370662e-09)
7.625             (1.104718241e-10 0.9466268406 -3.111655911e-10) (-3.629599547e-09 0.9741710736 -9.884610438e-10)
7.63              (-1.382417272e-10 0.94670094 -4.034363995e-11) (-3.761390353e-09 0.9733278293 -1.292507907e-09)
7.635             (-9.072812822e-11 0.9467749324 -1.230730545e-10) (-3.06763684e-09 0.972474605 -1.096294535e-09)
7.64              (-3.298696004e-10 0.9468488148 1.194265794e-10) (-2.864056075e-09 0.971615159 -1.239605111e-09)
7.645             (-1.317584678e-10 0.9469225839 -7.667303966e-11) (-3.152819592e-09 0.970746186 -1.135432627e-09)
7.65              (-2.036495623e-10 0.9469962356 -6.78907041e-13) (-3.298664285e-09 0.9698707776 -1.613391968e-09)
7.655             (1.070860039e-11 0.9470697655 -1.988634501e-10) (-3.795111057e-09 0.9689862912 -1.270988723e-09)
7.66              (-5.72825702e-11 0.9471431682 -7.532305549e-11) (-2.60122834e-09 0.9680953306 2.602557121e-10)
7.665             (-4.798539095e-11 0.947216438 -1.57960725e-10) (-2.66918285e-09 0.9671959683 8.221194639e-10)
7.67              (-3.241109256e-10 0.9472895686 1.259475775e-10) (-2.323900555e-09 0.9662904185 4.639110825e-11)
7.675             (-5.702991245e-10 0.947362553 4.161077555e-10) (-3.185787603e-09 0.9653772228 -5.772201162e-10)
7.68              (-7.305348955e-10 0.947435384 5.632693003e-10) (-3.15268917e-09 0.9644582257 -1.045558131e-09)
7.685             (-6.496041166e-10 0.9475080537 5.009687059e-10) (-3.616119307e-09 0.9635322765 -6.527979285e-10)
7.69              (3.560497986e-11 0.947580554 -1.421789478e-10) (-2.799723202e-09 0.962600926 7.182888e-10)
7.695             (3.987936987e-10 0.9476528762 -5.726951168e-10) (-4.854488262e-09 0.9616632988 -1.964548521e-10)
7.7               (8.005055992e-11 0.9477250117 -2.496095211e-10) (-3.720786918e-09 0.9607207181 1.479098971e-11)
7.705             (4.881575473e-10 0.947796951 -6.577553976e-10) (-5.3347382e-09 0.9597725385 -9.055389472e-10)
7.71              (-4.862892789e-10 0.9478686849 3.279256797e-10) (-6.503127734e-09 0.9588198857 -3.030842451e-10)
7.715             (-4.53607739e-10 0.9479402036 3.406918427e-10) (-4.122213587e-09 0.9578622598 -4.978488032e-10)
7.72              (1.696775998e-10 0.9480114972 -3.16292548e-10) (-3.550438618e-09 0.956900626 -1.707398034e-09)
7.725             (6.473064931e-11 0.9480825555 -1.900940826e-10) (-3.663990512e-09 0.9559345813 -1.232627645e-09)
7.73              (1.776078416e-10 0.9481533684 -3.411477968e-10) (-3.485791242e-09 0.9549649594 -4.039858039e-09)
7.735             (-5.135416806e-10 0.9482239256 3.412834774e-10) (-6.168385193e-09 0.9539914077 -1.761019297e-09)
7.74              (-6.885655026e-10 0.9482942167 5.481926518e-10) (-6.030081532e-09 0.9530146383 -1.82608188e-10)
7.745             (-2.245005046e-10 0.9483642313 5.29818178e-11) (-4.47515244e-09 0.9520343654 -1.103283093e-09)
7.75              (-1.044572734e-09 0.9484339592 9.02245288e-10) (-5.226950454e-09 0.9510512138 -3.145333788e-10)
7.755             (-8.842072312e-10 0.9485033898 7.668521059e-10) (-3.892765722e-09 0.9500649688 -9.87263257e-10)
7.76              (3.778660913e-10 0.9485725131 -5.587213811e-10) (-6.290919688e-09 0.949076174 -5.218400105e-10)
7.765             (3.451768854e-10 0.948641319 -4.738036548e-10) (-5.006526435e-09 0.9480846275 -3.507793727e-10)
7.77              (9.649904907e-10 0.948709798 -1.106733167e-09) (-5.921404792e-09 0.9470907977 8.911975893e-10)
7.775             (2.137300501e-10 0.9487779408 -3.376247205e-10) (-5.472854097e-09 0.9460945115 4.395138159e-10)
7.78              (-3.847600045e-10 0.9488457385 2.747207347e-10) (-4.054892112e-09 0.9450961774 -8.621443081e-10)
7.785             (5.934622116e-10 0.9489131825 -7.597350602e-10) (-6.799093099e-09 0.9440956608 5.547825132e-10)
7.79              (3.829125154e-10 0.9489802646 -4.82628771e-10) (-4.415346374e-09 0.9430933067 -5.833170855e-10)
7.795             (8.552154104e-10 0.9490469771 -1.043700609e-09) (-6.439920447e-09 0.9420889669 4.26099525e-10)
7.8               (3.509298224e-10 0.949113313 -4.58539285e-10) (-4.650149976e-09 0.9410829339 5.199987296e-10)
7.805             (-5.014103642e-10 0.949179266 4.167911836e-10) (-2.388890491e-09 0.9400751384 -1.024419069e-09)
7.81              (1.194689585e-09 0.9492448306 -1.391891616e-09) (-3.387321576e-09 0.9390658403 -6.075869129e-10)
7.815             (4.763377523e-10 0.949310002 -5.550960369e-10) (-4.085887772e-09 0.938055021 2.409685022e-09)
7.82              (-4.472074602e-10 0.9493747756 3.742510814e-10) (-1.835203542e-09 0.9370428827 1.081806686e-09)
7.825             (8.082207321e-10 0.9494391463 -9.943007409e-10) (-3.735833828e-09 0.9360293378 2.015487914e-09)
7.83              (7.153204286e-10 0.9495031098 -7.77247922e-10) (-1.691147483e-09 0.9350145382 1.636728861e-09)
7.835             (5.448993326e-10 0.9495666628 -7.328028318e-10) (-3.86525271e-09 0.9339985627 2.667663736e-09)
7.84              (-1.517739098e-09 0.9496298033 1.285305388e-09) (-6.336389549e-09 0.932981551 4.939281103e-09)
7.845             (-7.149419649e-10 0.9496925299 6.470954734e-10) (-2.589079164e-09 0.9319635913 3.813401559e-09)
7.85              (5.733640017e-10 0.9497548414 -7.543019663e-10) (-9.317759772e-10 0.9309447527 1.6169864e-09)
7.855             (-2.300297979e-09 0.949816736 2.006382578e-09) (-7.307917499e-09 0.9299250722 6.916622435e-09)
7.86              (6.283651382e-10 0.9498782123 -8.538596725e-10) (-3.965386406e-09 0.9289045809 3.6343795e-09)
7.865             (4.136386247e-10 0.9499392692 -4.709845356e-10) (-4.1016982e-10 0.9278834756 4.332474526e-09)
7.87              (-6.007679924e-10 0.9499999054 5.916367315e-10) (-3.716669566e-11 0.9268617786 4.855285132e-09)
7.875             (7.016366114e-10 0.9500601198 -1.022823918e-09) (-2.925450169e-10 0.92583975 1.907217502e-09)
7.88              (5.984548154e-10 0.9501199108 -5.171767512e-10) (1.202668147e-09 0.9248173528 5.733545938e-09)
7.885             (5.010390177e-10 0.9501792763 -1.053800158e-09) (2.598614711e-11 0.9237947851 -8.760281638e-10)
7.89              (-1.048204877e-09 0.950238214 6.451105732e-10) (-2.538953131e-09 0.9227719599 5.235340905e-09)
7.895             (-6.934331615e-11 0.9502967209 -3.830710252e-11) (5.258505141e-10 0.9217491724 5.182400454e-09)
7.9               (-3.820505492e-12 0.9503547935 -7.020222363e-11) (9.176320714e-10 0.9207263277 4.809568697e-09)
7.905             (5.934138975e-10 0.9504124276 -8.249217491e-11) (5.469097919e-09 0.9197038192 8.299795272e-09)
7.91              (-5.218976289e-10 0.9504696184 7.729919347e-10) (1.799048607e-09 0.9186815069 8.542687536e-09)
7.915             (-7.380668253e-11 0.9505263605 7.984885738e-11) (1.095891081e-09 0.9176597166 5.953947731e-09)
7.92              (-1.235750242e-09 0.9505826481 1.562651822e-09) (7.616356619e-10 0.9166382683 1.20151319e-08)
7.925             (2.09678909e-09 0.9506384747 -1.897707109e-09) (5.841041301e-09 0.9156175685 5.300936831e-09)
7.93              (1.35278588e-10 0.9506938338 -1.01332435e-09) (4.480322665e-10 0.9145974411 1.983414041e-09)
7.935             (-1.461656273e-09 0.950748719 6.022504684e-10) (-2.983571596e-09 0.9135783769 6.346349241e-09)
7.94              (1.637202492e-09 0.9508031241 -1.366057567e-09) (5.911969467e-09 0.9125601602 5.730030102e-09)
7.945             (-7.049945465e-10 0.9508570431 8.463015595e-10) (3.389424522e-09 0.9115431245 7.740467101e-09)
7.95              (-6.543930553e-10 0.9509104707 1.913533346e-10) (1.132973706e-09 0.9105270115 7.324048926e-09)
7.955             (-8.017960881e-10 0.9509634029 1.338708121e-09) (1.64804137e-09 0.9095122722 1.031826945e-08)
7.96              (1.537140687e-09 0.9510158371 -1.512530423e-09) (7.611600415e-09 0.9084986783 4.716957371e-09)
7.965             (3.167667883e-10 0.9510677725 -6.607087097e-10) (3.677692252e-09 0.907486699 6.733903455e-09)
7.97              (-1.082044745e-09 0.9511192105 3.294221978e-10) (1.716008421e-09 0.9064760797 7.776369676e-09)
7.975             (8.773898641e-10 0.9511701551 -1.149121367e-09) (5.48209866e-09 0.9054671437 5.925890664e-09)
7.98              (-2.54760037e-10 0.9512206129 2.289188214e-10) (2.897238048e-09 0.9044596217 1.000004338e-08)
7.985             (-5.142823819e-10 0.9512705938 -2.469869683e-11) (3.389907636e-09 0.9034539062 8.311568827e-09)
7.99              (-1.397137591e-10 0.9513201108 6.83243017e-10) (4.535315547e-09 0.9024497641 9.629147112e-09)
7.995             (5.783607403e-10 0.9513691807 -7.126531878e-10) (3.876878864e-09 0.9014474986 1.071211593e-08)
8                 (1.057902008e-10 0.9514178238 1.21485737e-10) (4.499800057e-09 0.9004468704 9.57126507e-09)
8.005             (6.224215538e-09 0.9514660649 5.816765462e-09) (3.364387771e-08 0.8994481383 3.736207529e-08)
8.01              (3.660666554e-10 0.9515139319 3.463759172e-10) (6.092504812e-09 0.8984511048 1.026443122e-08)
8.015             (6.231810936e-09 0.9515614565 6.268879834e-09) (3.365240874e-08 0.8974559844 3.919437423e-08)
8.02              (-6.514818556e-11 0.951608673 6.094026578e-11) (5.150334016e-09 0.8964625793 1.116662358e-08)
8.025             (2.103096202e-09 0.9516556194 1.582708491e-09) (1.111324753e-08 0.8954709959 1.617488349e-08)
8.03              (3.430172549e-11 0.9517023357 3.648751369e-10) (6.208608511e-09 0.8944810751 1.173194295e-08)
8.035             (-1.68366546e-10 0.9517488651 -3.697750558e-10) (4.983718825e-09 0.893491668 9.622858037e-09)
8.04              (1.388417082e-09 0.9517952536 1.52560848e-09) (1.082928656e-08 0.8925026705 1.643388163e-08)
8.045             (3.959219607e-10 0.9518415474 1.068124806e-10) (6.045841062e-09 0.8915166378 1.167957805e-08)
8.05              (3.946165526e-10 0.951887794 1.524465965e-09) (8.066723143e-09 0.8905338613 1.477013951e-08)
8.055             (4.629739864e-10 0.9519340412 -3.344177053e-10) (6.24976849e-09 0.889553326 1.140414428e-08)
8.06              (-1.799819826e-11 0.9519803364 1.619123653e-10) (6.11221058e-09 0.8885742979 1.082348258e-08)
8.065             (6.512658251e-10 0.9520267263 -5.325219716e-10) (6.208292511e-09 0.887595432 1.135292437e-08)
8.07              (1.927231919e-10 0.9520732561 1.443378454e-12) (6.45592981e-09 0.8866167243 1.181432935e-08)
8.075             (4.447938027e-10 0.9521199688 4.334402317e-10) (7.247337395e-09 0.8856394977 1.200825759e-08)
8.08              (4.936996461e-10 0.9521669049 6.711933817e-10) (7.018319254e-09 0.8846641487 1.178669042e-08)
8.085             (8.157135425e-10 0.952214102 5.809632932e-10) (6.787929895e-09 0.8836902117 1.207391076e-08)
8.09              (5.504706676e-10 0.9522615944 8.48258918e-10) (6.308743644e-09 0.8827174239 1.242731734e-08)
8.095             (7.700348087e-10 0.9523094124 6.540317618e-10) (6.526450668e-09 0.8817450348 1.216001126e-08)
8.1               (-8.839376333e-11 0.9523575827 2.350728134e-10) (4.874912025e-09 0.8807730825 1.201968164e-08)
8.105             (1.955262062e-10 0.9524061275 1.851102935e-10) (7.078697137e-09 0.8798017999 1.159643951e-08)
8.11              (4.556228797e-10 0.9524550651 1.69907818e-10) (7.30761037e-09 0.8788314287 1.118193514e-08)
8.115             (7.597069743e-11 0.9525044095 5.755027215e-10) (6.677065256e-09 0.8778617326 1.146960194e-08)
8.12              (3.080945975e-10 0.9525541706 2.517504163e-10) (6.719044056e-09 0.8768927458 1.133420206e-08)
8.125             (2.542310765e-10 0.9526043541 2.967114154e-10) (7.396504594e-09 0.8759239912 1.060310585e-08)
8.13              (3.8338104e-10 0.9526549621 1.91145211e-10) (6.947093725e-09 0.8749555744 1.106460037e-08)
8.135             (2.517738508e-10 0.9527059928 3.992592732e-10) (6.243513864e-09 0.8739874017 1.181002224e-08)
8.14              (5.307720296e-10 0.9527574413 2.581011742e-10) (6.518011736e-09 0.8730196966 1.16385556e-08)
8.145             (3.548351612e-10 0.9528092995 5.069174697e-10) (6.799489282e-09 0.8720522695 1.152186804e-08)
8.15              (7.013371991e-10 0.9528615567 1.760127904e-10) (6.844569499e-09 0.87108529 1.150588989e-08)
8.155             (-3.23406887e-10 0.9529141999 -1.176668136e-10) (6.289961649e-09 0.8701184407 1.090667421e-08)
8.16              (6.50037537e-12 0.9529672146 -2.359554465e-10) (6.510086491e-09 0.8691519148 1.115994454e-08)
8.165             (-1.310096723e-10 0.953020584 -1.171168013e-10) (6.372407347e-09 0.8681855965 1.116992469e-08)
8.17              (-1.468128848e-10 0.9530742903 -4.016335432e-10) (6.676846338e-09 0.8672197525 1.13676467e-08)
8.175             (-1.555226213e-10 0.9531283142 1.735367661e-11) (6.760193688e-09 0.86625423 1.160355023e-08)
8.18              (2.057437624e-10 0.953182636 -5.517592972e-10) (6.802814444e-09 0.865289292 1.136025213e-08)
8.185             (-2.891287896e-10 0.9532372357 -2.554614462e-10) (6.429981594e-09 0.8643247834 1.155813482e-08)
8.19              (1.495629077e-10 0.9532920931 -9.91825072e-11) (6.996584295e-09 0.8633609958 1.170913866e-08)
8.195             (-9.087530763e-11 0.953347188 2.934347822e-10) (6.857689718e-09 0.8623978079 1.17235616e-08)
8.2               (6.150687368e-10 0.9534025006 -7.49938338e-11) (7.17078712e-09 0.8614355524 1.204939705e-08)
8.205             (-1.008673087e-10 0.9534580114 3.705412683e-11) (6.89337903e-09 0.8604741705 1.188423257e-08)
8.21              (1.644900662e-10 0.9535137017 8.645575814e-11) (7.07311441e-09 0.8595140376 1.186925905e-08)
8.215             (2.943673108e-10 0.9535695534 4.972195566e-10) (6.968390879e-09 0.8585550731 1.200529965e-08)
8.22              (7.681032933e-10 0.9536255492 4.799579077e-10) (7.183111487e-09 0.8575976891 1.20325264e-08)
8.225             (4.836047965e-10 0.9536816729 1.335501792e-09) (7.507399482e-09 0.8566418378 1.211806567e-08)
8.23              (5.777849633e-10 0.953737909 1.203020356e-10) (6.843990337e-09 0.8556879875 1.18989516e-08)
8.235             (5.066818604e-10 0.9537942429 4.929111053e-10) (7.122847901e-09 0.8547361364 1.202160168e-08)
8.24              (7.3027608e-10 0.9538506609 2.442290694e-10) (6.903443336e-09 0.8537867993 1.178360704e-08)
8.245             (5.422313919e-10 0.9539071507 1.091979084e-09) (7.311195157e-09 0.8528399445 1.201685868e-08)
8.25              (5.722536424e-10 0.9539637009 5.30690776e-10) (6.900226537e-09 0.8518961301 1.182843891e-08)
8.255             (6.676844245e-10 0.9540203011 1.131492844e-09) (7.442797833e-09 0.8509553545 1.198017701e-08)
8.26              (9.152137131e-10 0.9540769417 6.008621699e-10) (7.127912039e-09 0.8500182476 1.191607473e-08)
8.265             (6.223297627e-10 0.954133614 1.208733694e-09) (7.253073381e-09 0.8490848316 1.200390098e-08)
8.27              (1.033927652e-09 0.9541903101 5.995871468e-10) (7.228893502e-09 0.8481557906 1.199481654e-08)
8.275             (5.27122826e-10 0.9542470233 1.046331099e-09) (7.23150534e-09 0.8472311784 1.182454408e-08)
8.28              (2.836554786e-10 0.9543037473 2.157492388e-10) (6.661790803e-09 0.8463117273 1.147219387e-08)
8.285             (1.182612033e-10 0.9543604767 8.209498258e-10) (6.90036257e-09 0.8453975106 1.174602384e-08)
8.29              (4.750197013e-10 0.9544172066 4.163444313e-10) (7.253777947e-09 0.8444893064 1.182990068e-08)
8.295             (5.005778573e-10 0.9544739331 7.012528686e-10) (7.195479e-09 0.843587241 1.185372714e-08)
8.3               (5.662063487e-10 0.9545306528 3.006463442e-10) (6.997560303e-09 0.8426921308 1.160419179e-08)
8.305             (2.852209899e-10 0.9545873628 3.051548712e-10) (6.911651743e-09 0.8418041844 1.142760213e-08)
8.31              (5.252311684e-10 0.9546440607 2.469854845e-10) (7.068670086e-09 0.8409242433 1.164314453e-08)
8.315             (4.396190082e-10 0.9547007448 2.969279228e-10) (7.214004015e-09 0.840052595 1.184896632e-08)
8.32              (3.333134313e-10 0.9547574137 1.020213216e-09) (7.476356578e-09 0.8391900718 1.205922015e-08)
8.325             (3.587507038e-10 0.9548140666 3.471735318e-10) (7.174844582e-09 0.8383370872 1.150801627e-08)
8.33              (6.219324779e-10 0.9548707029 3.991333688e-10) (7.617504436e-09 0.8374944454 1.140176199e-08)
8.335             (1.827289263e-10 0.9549273224 2.458433813e-10) (6.876598248e-09 0.8366627363 1.152136924e-08)
8.34              (1.430962363e-10 0.9549839249 1.104934991e-10) (6.97538415e-09 0.8358427122 1.164466698e-08)
8.345             (1.895440707e-10 0.9550405106 1.648845339e-10) (7.06759251e-09 0.8350351761 1.171091878e-08)
8.35              (-9.806773803e-11 0.9550970798 -1.08941186e-10) (6.824419559e-09 0.8342407896 1.113933298e-08)
8.355             (3.002801321e-10 0.955153633 2.241827959e-10) (7.129203607e-09 0.8334605859 1.198768916e-08)
8.36              (3.327437063e-10 0.9552101708 4.954308673e-10) (7.584128631e-09 0.8326950853 1.158514397e-08)
8.365             (1.734019673e-11 0.9552666937 2.568601816e-10) (6.872456202e-09 0.8319456157 1.145078919e-08)
8.37              (1.16070439e-10 0.9553232024 -1.827454026e-11) (6.908787343e-09 0.8312125266 1.137569406e-08)
8.375             (-1.190083655e-11 0.9553796973 2.447160456e-11) (6.813254599e-09 0.8304974897 1.148846256e-08)
8.38              (4.163803418e-11 0.9554361789 -4.993081245e-11) (6.900596963e-09 0.8298006426 1.138829073e-08)
8.385             (-2.224009165e-11 0.9554926473 1.323287901e-11) (6.821056026e-09 0.8291240143 1.147383574e-08)
8.39              (1.238457379e-10 0.9555491027 -5.20705455e-12) (6.778970721e-09 0.8284674837 1.169295093e-08)
8.395             (1.499005978e-11 0.9556055449 4.486094012e-11) (6.86411029e-09 0.8278334507 1.14368568e-08)
8.4               (8.531056336e-11 0.9556619733 -1.895217076e-12) (6.844377457e-09 0.8272215024 1.149309692e-08)
8.405             (1.060517085e-10 0.955718387 8.320402553e-11) (6.98612808e-09 0.8266344243 1.155407274e-08)
8.41              (1.520441441e-11 0.955774785 -6.053485598e-11) (6.845847781e-09 0.8260714889 1.14462465e-08)
8.415             (6.597609111e-11 0.9558311656 6.847096855e-11) (6.967212171e-09 0.8255358803 1.154614351e-08)
8.42              (8.103719179e-11 0.9558875272 4.825312549e-11) (6.969306786e-09 0.8250265377 1.153784543e-08)
8.425             (8.397324337e-11 0.9559438675 -5.087685356e-11) (6.883711868e-09 0.8245469868 1.14659204e-08)
8.43              (-6.701705766e-11 0.956000184 1.675953435e-11) (6.965050637e-09 0.8240958174 1.133810202e-08)
8.435             (6.807304934e-11 0.9560564734 3.453669074e-11) (6.942138405e-09 0.8236768295 1.150518461e-08)
8.44              (5.474284734e-11 0.9561127324 5.99732252e-11) (6.934985583e-09 0.8232882754 1.148616096e-08)
8.445             (6.522448564e-11 0.9561689572 5.019406482e-11) (6.936568823e-09 0.8229341843 1.148849667e-08)
8.45              (6.125193035e-11 0.9562251434 5.925362073e-11) (6.923276746e-09 0.8226125005 1.148983657e-08)
8.455             (9.120464171e-11 0.9562812865 3.664977999e-11) (6.937380171e-09 0.8223273771 1.146748129e-08)
8.46              (8.080205719e-11 0.9563373818 5.520357956e-11) (6.918859562e-09 0.822076478 1.148035866e-08)
8.465             (8.23979618e-11 0.9563934241 5.6088116e-11) (6.910179479e-09 0.8218639542 1.147733535e-08)
8.47              (5.349721119e-11 0.9564494078 7.599868842e-11) (6.918144055e-09 0.8216872458 1.144501794e-08)
8.475             (8.509532606e-11 0.9565053276 5.517732093e-11) (6.902597088e-09 0.8215504127 1.145708593e-08)
8.48              (7.116629815e-11 0.9565611778 6.351465636e-11) (6.888286978e-09 0.821450737 1.145156753e-08)
8.485             (6.595662751e-11 0.9566169527 3.97697621e-11) (6.867471576e-09 0.8213920085 1.142545599e-08)
8.49              (6.207312499e-11 0.9566726469 4.018331818e-11) (6.857473182e-09 0.8213714134 1.141403648e-08)
8.495             (6.316162525e-11 0.956728255 3.80606741e-11) (6.853752139e-09 0.8213923468 1.139925047e-08)
8.5               (6.311920951e-11 0.9567837718 3.159222699e-11) (6.848173853e-09 0.8214519974 1.138002117e-08)
8.505             (6.019809628e-11 0.9568391924 4.076935533e-11) (6.850783774e-09 0.8215533005 1.136615509e-08)
8.51              (6.37270728e-11 0.9568945124 3.804064515e-11) (6.843135183e-09 0.8216935342 1.135627516e-08)
8.515             (6.439780897e-11 0.9569497275 3.945665128e-11) (6.839436139e-09 0.8218750314 1.134536741e-08)
8.52              (8.021326623e-11 0.9570048337 1.514059986e-11) (6.813176939e-09 0.8220952237 1.135151378e-08)
8.525             (4.263417026e-11 0.9570598273 1.935121003e-11) (6.809802922e-09 0.8223557896 1.131721258e-08)
8.53              (4.58127394e-11 0.9571147047 1.452424171e-11) (6.79884463e-09 0.8226543965 1.132256279e-08)
8.535             (6.321060635e-11 0.9571694627 4.039354649e-11) (6.782886171e-09 0.8229919597 1.133446134e-08)
8.54              (1.130040326e-10 0.9572240979 7.674778805e-11) (6.799012427e-09 0.8233664434 1.131509968e-08)
8.545             (3.508918511e-11 0.957278607 7.250260531e-12) (6.698471498e-09 0.8237779886 1.122832468e-08)
8.55              (6.363441158e-11 0.9573329868 -4.208246168e-11) (6.69483899e-09 0.8242249261 1.120984055e-08)
8.555             (9.361832812e-11 0.9573872344 9.739863393e-11) (6.742162494e-09 0.8247066965 1.128937998e-08)
8.56              (1.629853783e-11 0.957441347 9.100437072e-12) (6.642119244e-09 0.8252220376 1.120313455e-08)
8.565             (-3.481323049e-11 0.9574953221 1.705057505e-13) (6.679012712e-09 0.8257697036 1.11777464e-08)
8.57              (-1.401249195e-10 0.9575491579 -9.19022361e-11) (6.540462566e-09 0.8263488414 1.111963824e-08)
8.575             (-3.117431379e-10 0.957602853 -7.589491442e-11) (6.447738121e-09 0.8269575281 1.112078476e-08)
8.58              (8.103563506e-11 0.9576564069 -1.901004335e-10) (6.610534366e-09 0.8275953214 1.119143587e-08)
8.585             (4.834648234e-11 0.9577098199 -7.450668859e-11) (6.530074402e-09 0.8282597601 1.131663061e-08)
8.59              (1.159940796e-11 0.9577630931 -2.924280714e-11) (6.483874407e-09 0.8289508163 1.133346673e-08)
8.595             (1.421672673e-10 0.9578162284 1.370910927e-10) (6.776497168e-09 0.8296655805 1.127603895e-08)
8.6               (5.453971432e-11 0.9578692283 8.799837368e-11) (6.948823032e-09 0.8304044046 1.080723566e-08)
8.605             (2.954717228e-10 0.9579220963 2.947507364e-10) (6.807174469e-09 0.8311640368 1.134116538e-08)
8.61              (3.149677306e-10 0.9579748362 4.143884834e-10) (6.99109185e-09 0.831945171 1.106848406e-08)
8.615             (3.352139798e-10 0.9580274522 5.305128648e-11) (6.776519633e-09 0.8327443202 1.071121896e-08)
8.62              (4.515713071e-10 0.9580799491 4.366154338e-10) (6.929938387e-09 0.8335624724 1.11900839e-08)
8.625             (5.681460971e-10 0.9581323318 4.993268837e-10) (6.839663511e-09 0.8343960227 1.120314853e-08)
8.63              (2.492321277e-10 0.9581846054 -6.852443068e-11) (6.412385736e-09 0.8352462016 1.084632455e-08)
8.635             (4.447099216e-10 0.9582367754 4.241263882e-10) (6.917994638e-09 0.836109348 1.116726116e-08)
8.64              (3.934998567e-10 0.9582888473 5.696450831e-10) (6.724336348e-09 0.8369868768 1.134157356e-08)
8.645             (4.858186772e-10 0.9583408268 5.525939897e-10) (6.861214258e-09 0.8378752394 1.117417507e-08)
8.65              (4.561011151e-10 0.9583927199 5.385928505e-10) (6.697071105e-09 0.8387759897 1.130148489e-08)
8.655             (4.386249058e-10 0.9584445328 4.130124245e-10) (6.414217339e-09 0.8396856881 1.081487074e-08)
8.66              (3.40715684e-10 0.9584962717 3.360117233e-10) (6.41810314e-09 0.8406059528 1.07569929e-08)
8.665             (3.625581477e-10 0.9585479431 3.33610961e-10) (6.392660289e-09 0.8415334728 1.068777763e-08)
8.67              (4.063645089e-10 0.9585995535 4.092565158e-10) (6.337025714e-09 0.8424699019 1.068212007e-08)
8.675             (8.119811344e-10 0.9586511095 9.078152845e-10) (7.054924578e-09 0.8434121853 1.143333407e-08)
8.68              (-3.967563391e-12 0.9587026178 2.640635441e-11) (6.5871315e-09 0.8443619822 1.110668974e-08)
8.685             (1.425814406e-10 0.9587540854 4.601837509e-11) (6.543198371e-09 0.8453164793 1.097418816e-08)
8.69              (-1.9917803e-10 0.9588055192 8.207739211e-11) (6.293726781e-09 0.8462772888 1.120373111e-08)
8.695             (-7.075109489e-11 0.9588569263 -5.097817495e-12) (6.562857981e-09 0.8472418294 1.123027232e-08)
8.7               (1.99138283e-12 0.9589083139 -6.910832744e-11) (6.773894712e-09 0.8482116437 1.121181155e-08)
8.705             (-8.067123417e-11 0.9589596893 -8.270348448e-11) (6.780568809e-09 0.8491844127 1.13185874e-08)
8.71              (-4.553477386e-11 0.9590110601 -2.445009191e-11) (6.884031197e-09 0.8501616084 1.1487474e-08)
8.715             (-3.064924911e-10 0.9590624339 -2.599294161e-10) (6.991160204e-09 0.851141152 1.118885689e-08)
8.72              (4.725239121e-11 0.9591138187 5.375906655e-11) (6.931064881e-09 0.8521244115 1.140031609e-08)
8.725             (1.525182793e-10 0.9591652225 1.305151141e-10) (6.870866625e-09 0.8531095127 1.14233169e-08)
8.73              (1.85393536e-10 0.9592166538 1.839850714e-10) (6.777851195e-09 0.8540977181 1.140735096e-08)
8.735             (1.008460822e-09 0.9592681216 9.559176757e-10) (7.045666895e-09 0.8550873845 1.1668203e-08)
8.74              (5.139968691e-10 0.9593196349 5.28827185e-10) (6.561775743e-09 0.856079674 1.123374695e-08)
8.745             (4.575841899e-10 0.9593712036 4.73425714e-10) (6.73233465e-09 0.857073123 1.131720495e-08)
8.75              (4.281835747e-10 0.9594228378 4.744751582e-10) (6.543391815e-09 0.8580687906 1.124081071e-08)
8.755             (3.43136958e-10 0.9594745484 2.952492045e-10) (6.728119629e-09 0.8590653789 1.128282248e-08)
8.76              (7.972718649e-10 0.9595263471 7.085104843e-10) (6.710758375e-09 0.860063843 1.144738755e-08)
8.765             (1.07143458e-09 0.9595782462 1.057076407e-09) (6.798428022e-09 0.8610630414 1.129192374e-08)
8.77              (1.088841092e-09 0.9596302587 1.065825126e-09) (6.757657606e-09 0.8620638372 1.141754514e-08)
8.775             (1.208061721e-09 0.9596823986 1.22445119e-09) (6.880983845e-09 0.8630651894 1.123912502e-08)
8.78              (1.260492086e-09 0.9597346806 1.333859171e-09) (6.880146882e-09 0.8640678639 1.159807508e-08)
8.785             (7.990813562e-10 0.9597871207 8.115813694e-10) (6.341655985e-09 0.8650709971 1.088739403e-08)
8.79              (7.702411452e-10 0.9598397358 7.995794357e-10) (6.197342915e-09 0.8660752773 1.098549554e-08)
8.795             (7.191691669e-10 0.9598925437 7.301220421e-10) (6.250938611e-09 0.8670799248 1.083268344e-08)
8.8               (6.496243751e-10 0.9599455636 6.977773443e-10) (6.108223849e-09 0.8680855329 1.092734742e-08)
8.805             (6.294334753e-10 0.9599988157 6.298344469e-10) (6.186230861e-09 0.8690913241 1.074504065e-08)
8.81              (5.712735704e-10 0.960052321 5.879801006e-10) (6.044052787e-09 0.8700978156 1.076607075e-08)
8.815             (5.465828291e-10 0.9601061018 5.079115659e-10) (6.127361355e-09 0.8711044069 1.060382565e-08)
8.82              (4.656563634e-10 0.9601601813 4.773063426e-10) (6.020121036e-09 0.872111572 1.06619327e-08)
8.825             (4.510033254e-10 0.9602145838 3.85185419e-10) (6.078852761e-09 0.8731188663 1.055955211e-08)
8.83              (3.417600537e-10 0.960269335 3.634616467e-10) (6.02805027e-09 0.8741266741 1.057358102e-08)
8.835             (3.119310781e-10 0.9603244612 2.066658556e-10) (5.95314545e-09 0.8751343802 1.059335994e-08)
8.84              (1.469714554e-10 0.9603799895 2.750763917e-10) (5.804339123e-09 0.8761422701 1.063414147e-08)
8.845             (3.050237257e-10 0.9604359467 1.104785686e-11) (5.905974519e-09 0.8771496368 1.050073895e-08)
8.85              (-2.089163061e-10 0.9604923594 3.266396739e-10) (5.499553761e-09 0.8781567771 1.093618487e-08)
8.855             (4.337642133e-10 0.9605492545 -6.701271447e-10) (6.321162893e-09 0.8791636916 1.041534272e-08)
8.86              (5.441203399e-10 0.9606066583 2.777221449e-11) (6.649843079e-09 0.8801706922 1.062513258e-08)
8.865             (2.355408778e-10 0.9606645966 -1.761343303e-10) (6.898318301e-09 0.8811772749 1.219733077e-08)
8.87              (1.149491911e-09 0.9607230942 3.681541776e-10) (3.71802075e-09 0.882183515 6.932315856e-09)
8.875             (1.602503671e-09 0.9607821743 -4.134925503e-10) (3.418573723e-09 0.8831890137 6.737400265e-09)
8.88              (4.962455048e-09 0.9608418587 -3.916115697e-09) (6.283643453e-09 0.8841939046 4.354907007e-09)
8.885             (-1.26662139e-09 0.9609021666 -3.725355961e-10) (4.585660727e-09 0.8851979463 9.849139882e-09)
8.89              (-6.057184873e-10 0.960963115 -2.161360392e-11) (5.718262408e-09 0.8862012555 9.982659708e-09)
8.895             (1.476700251e-09 0.9610247179 -7.297411369e-10) (6.689860162e-09 0.8872038319 9.946473133e-09)
8.9               (6.508758852e-09 0.9610869855 -3.422678519e-09) (8.163624974e-09 0.8882057237 4.015201201e-09)
8.905             (3.398900305e-10 0.9611499244 -1.519225064e-09) (5.388281599e-09 0.8892075911 7.89814953e-09)
8.91              (-2.208370745e-09 0.9612135361 8.240202062e-10) (3.644478054e-09 0.8902093231 1.052667913e-08)
8.915             (-9.395243338e-10 0.9612778186 2.123305494e-10) (2.827373122e-09 0.8912101129 1.100599189e-08)
8.92              (5.681212725e-11 0.9613427654 1.151008233e-10) (5.290497484e-09 0.892209583 1.062501675e-08)
8.925             (2.592821618e-11 0.9614083653 -5.592476419e-11) (5.113018153e-09 0.8932080225 8.269888751e-09)
8.93              (-3.462007633e-10 0.9614746015 -4.401876511e-11) (5.30549993e-09 0.8942053901 8.291419598e-09)
8.935             (2.140924433e-10 0.9615414517 2.892693794e-09) (2.150814106e-09 0.8952023208 8.312570848e-09)
8.94              (-7.805842926e-10 0.9616088882 -1.917629924e-11) (4.453095231e-09 0.8961985856 9.368232379e-09)
8.945             (-3.848144578e-09 0.9616768773 1.822106776e-09) (2.747068315e-09 0.897194106 9.564875183e-09)
8.95              (2.684744379e-10 0.9617453804 -2.663896328e-09) (-3.531123068e-10 0.898188445 2.202272255e-09)
8.955             (-1.856924917e-09 0.961814353 1.263824338e-10) (-1.072194482e-08 0.8991819761 -5.71315812e-09)
8.96              (5.789310971e-10 0.9618837456 -3.433814721e-09) (-1.205690267e-08 0.9001744116 -1.056542435e-08)
8.965             (-3.480668508e-10 0.9619535033 -1.266803597e-09) (1.901797662e-09 0.9011663186 6.997664528e-09)
8.97              (-5.704160377e-11 0.9620235668 -2.667026793e-09) (-8.798632418e-09 0.9021573065 -9.492437056e-09)
8.975             (-2.044601831e-09 0.9620938729 -2.354139119e-10) (-1.314843438e-08 0.9031476948 -6.800605581e-09)
8.98              (-2.674759555e-10 0.9621643543 -1.598666499e-09) (-6.415936084e-09 0.9041370016 -4.321304666e-09)
8.985             (-2.058787826e-09 0.9622349406 1.465156023e-11) (-1.411538224e-08 0.9051257274 -6.904570743e-09)
8.99              (-1.040116264e-09 0.962305559 -6.691888813e-10) (-5.808087911e-09 0.9061134366 -4.158620448e-09)
8.995             (-3.289048503e-10 0.9623761344 -1.347030322e-10) (-6.220985513e-09 0.9071007564 -1.428197803e-09)
9                 (1.924059327e-10 0.9624465911 -1.752814063e-09) (-8.596309487e-09 0.908087225 -8.192040027e-09)
9.005             (-3.414177218e-09 0.9625168531 1.811682459e-09) (-7.538745329e-09 0.9090733526 -1.565914196e-09)
9.01              (-3.77433121e-10 0.9625868447 -7.432548899e-10) (-7.871048038e-09 0.9100586345 -5.762734637e-09)
9.015             (-4.787184951e-10 0.9626564917 1.335522795e-10) (7.398231168e-09 0.9110436339 1.125036281e-08)
9.02              (-8.656924206e-10 0.962725721 5.003797372e-11) (4.915794179e-09 0.9120278749 3.688758965e-09)
9.025             (-1.508788699e-09 0.9627944619 5.889309371e-10) (-1.042809397e-08 0.9130119879 -3.15112777e-09)
9.03              (1.106641442e-09 0.9628626468 -2.018796035e-09) (-7.879921445e-09 0.9139955023 -5.37682704e-09)
9.035             (-3.849342943e-10 0.9629302125 -4.755752023e-10) (-8.325934677e-09 0.9149789486 -7.948685027e-10)
9.04              (4.750272226e-10 0.9629971004 -1.326308788e-09) (-8.998359382e-09 0.9159618503 -7.553034321e-09)
9.045             (-2.478688154e-09 0.9630632573 1.706827102e-09) (-4.400312178e-09 0.9169447867 3.992081939e-10)
9.05              (-1.205920171e-10 0.9631286357 -4.170380427e-10) (-5.428318237e-09 0.9179273228 -2.532739977e-09)
9.055             (-7.037298073e-10 0.9631931935 -3.872177231e-11) (-1.085480918e-08 0.9189100254 -1.385309901e-09)
9.06              (1.706086079e-09 0.963256895 -2.40129238e-09) (-3.852567278e-09 0.9198924722 -5.54968563e-10)
9.065             (-7.545456881e-10 0.9633197107 1.403930012e-10) (-9.073566202e-09 0.9208751404 -2.430680657e-09)
9.07              (-7.097772221e-10 0.9633816181 7.36642323e-11) (-5.394766252e-09 0.9218576278 -5.913958582e-09)
9.075             (-1.630279457e-09 0.9634426009 1.125437698e-09) (-9.740601604e-09 0.9228404128 -3.370724466e-09)
9.08              (1.127072693e-09 0.9635026495 -1.597175318e-09) (-1.60892242e-09 0.9238231403 4.444497556e-09)
9.085             (-5.615839496e-10 0.9635617596 1.581626762e-10) (-5.365219676e-09 0.9248062571 -2.894412801e-11)
9.09              (1.302734954e-10 0.9636199333 -5.928813628e-10) (-3.946754276e-09 0.925789435 -4.788492795e-09)
9.095             (-1.029161555e-09 0.963677179 5.395675027e-10) (-1.082302043e-08 0.9267730515 -3.306058113e-09)
9.1               (-5.174089106e-11 0.9637335111 -4.051250831e-10) (-6.966246558e-09 0.9277568035 -4.359418217e-09)
9.105             (-1.582114324e-10 0.963788949 -3.622152443e-10) (6.618671527e-09 0.9287410434 1.042880283e-08)
9.11              (1.344583759e-09 0.9638435169 -1.766961512e-09) (3.818670684e-09 0.9297255017 4.729762723e-09)
9.115             (-2.906171709e-10 0.9638972428 -1.759497973e-10) (5.344498257e-09 0.9307105196 9.905863122e-09)
9.12              (-1.090387444e-09 0.9639501584 6.189779572e-10) (-1.146280586e-09 0.9316958564 6.50033196e-09)
9.125             (-6.466622742e-10 0.9640022984 2.137575897e-10) (-6.435608982e-09 0.9326817939 1.048989896e-09)
9.13              (-4.318786688e-10 0.9640536992 2.481964677e-11) (-5.444591662e-09 0.9336680791 -7.456909366e-10)
9.135             (-1.269334511e-10 0.9641043993 -2.613448614e-10) (-3.072557114e-09 0.9346549408 4.010100343e-10)
9.14              (-2.307069274e-10 0.9641544382 -1.58385681e-10) (-1.856799622e-09 0.9356421389 1.449720922e-09)
9.145             (-3.12631936e-10 0.9642038573 -6.72336543e-11) (-1.49380516e-09 0.9366299251 2.756806538e-09)
9.15              (-3.673351951e-10 0.9642526987 -6.259401359e-12) (-4.09009938e-10 0.9376180803 4.028946449e-09)
9.155             (-3.327674354e-10 0.9643010047 -3.761744734e-11) (6.599805789e-10 0.9386069419 5.220193865e-09)
9.16              (-3.624088687e-10 0.9643488163 -4.309297105e-12) (1.79546965e-09 0.9395962471 6.286887503e-09)
9.165             (-3.839802132e-10 0.9643961728 2.041513368e-11) (2.970369509e-09 0.9405862721 7.499754888e-09)
9.17              (-3.124581169e-10 0.9644431115 -5.183595469e-11) (3.976421525e-09 0.9415766979 8.878931669e-09)
9.175             (-3.76190958e-10 0.9644896683 1.219382275e-11) (6.240618267e-09 0.9425678461 1.089588764e-08)
9.18              (-4.393201878e-10 0.9645358781 7.603860311e-11) (7.187112708e-09 0.9435593662 1.160070619e-08)
9.185             (-4.826346472e-10 0.9645817745 1.119350317e-10) (9.043711567e-09 0.944551683 1.333996815e-08)
9.19              (-4.773336867e-10 0.9646273891 1.054900975e-10) (1.058738253e-08 0.9455443755 1.492943173e-08)
9.195             (-1.928205239e-10 0.9646727513 -1.461347058e-10) (6.937202391e-09 0.9465377478 1.136453645e-08)
9.2               (-1.761124559e-10 0.9647178883 -1.645235308e-10) (6.933563623e-09 0.947531289 1.144524697e-08)
9.205             (-2.389762058e-10 0.9647628246 -1.021788914e-10) (7.402759824e-09 0.9485261124 1.156252321e-08)
9.21              (-5.465290736e-10 0.9648075823 2.205307787e-10) (6.153576123e-09 0.9495216273 1.111279976e-08)
9.215             (-4.420023773e-10 0.9648521815 1.12931234e-10) (6.005107367e-09 0.9505177331 1.103031073e-08)
9.22              (-6.435685876e-10 0.9648966399 3.219444792e-10) (5.079678238e-09 0.9515135268 1.110553103e-08)
9.225             (3.698994822e-10 0.9649409738 -6.922642549e-10) (2.219859551e-09 0.9525102469 6.082468398e-09)
9.23              (-2.915632064e-10 0.9649851972 -2.857823207e-11) (-6.228611772e-09 0.9535071656 -1.45941596e-09)
9.235             (-2.002953772e-10 0.9650293225 -1.016749605e-10) (6.988728814e-09 0.9545057489 1.137217936e-08)
9.24              (-3.233746571e-11 0.9650733602 -2.597141435e-10) (6.93974172e-09 0.9555048456 1.104421628e-08)
9.245             (-3.777136122e-10 0.9651173193 7.929418497e-11) (8.462525187e-09 0.9565049394 1.317061527e-08)
9.25              (1.8358113e-10 0.9651612072 -4.861974442e-10) (5.977059505e-09 0.9575045408 8.774008829e-09)
9.255             (-7.831443167e-11 0.9652050303 -1.927362029e-10) (7.461342373e-09 0.9585051363 1.147111447e-08)
9.26              (-2.212475966e-10 0.9652487934 -3.3968161e-11) (6.995369392e-09 0.9595053256 1.132079132e-08)
9.265             (-2.666520368e-10 0.9652925005 1.061841512e-11) (9.187662773e-09 0.9605071921 1.330274656e-08)
9.27              (-8.084639021e-10 0.9653361545 5.653066965e-10) (4.92530461e-09 0.9615089685 9.500879893e-09)
9.275             (-5.832680167e-10 0.9653797575 3.612176795e-10) (7.140537997e-09 0.9625121996 1.182639364e-08)
9.28              (-1.914643672e-10 0.9654233109 -6.044816631e-11) (8.463249804e-09 0.9635146027 1.269398758e-08)
9.285             (2.151526203e-11 0.9654668155 -2.847775039e-10) (8.003187523e-09 0.9645182774 1.211131605e-08)
9.29              (2.799421297e-11 0.9655102714 -2.748534901e-10) (8.249421645e-09 0.9655208131 1.240636947e-08)
9.295             (6.110829474e-10 0.9655536783 -8.48486e-10) (5.579474611e-09 0.9665250074 8.32225338e-09)
9.3               (-3.080539398e-10 0.9655970356 9.301001352e-11) (4.943272899e-09 0.9675280817 9.974650176e-09)
9.305             (-9.553068471e-11 0.9656403423 -1.185482235e-10) (2.362456607e-09 0.968532677 6.706238676e-09)
9.31              (-1.523055687e-10 0.9656835974 -3.933254271e-11) (2.961087675e-09 0.9695354368 7.307977e-09)
9.315             (-7.36567097e-10 0.9657267996 5.73512333e-10) (4.504185363e-09 0.9705395303 9.715284755e-09)
9.32              (-6.845768497e-11 0.9657699477 -6.074009877e-11) (4.342560341e-09 0.9715412678 8.74993366e-09)
9.325             (-7.409353027e-11 0.9658130407 -6.697284217e-11) (4.407023412e-09 0.9725443801 8.949496714e-09)
9.33              (-1.071650549e-10 0.9658560779 -2.795594613e-11) (5.56822462e-09 0.9735447072 9.83011401e-09)
9.335             (-1.647898677e-10 0.9658990587 3.674785728e-11) (5.512238738e-09 0.9745462436 9.71723652e-09)
9.34              (3.354604331e-11 0.9659419831 -1.651107922e-10) (5.099273887e-09 0.9755442467 9.024766692e-09)
9.345             (-7.160556384e-11 0.9659848514 -6.442620543e-11) (3.964805152e-09 0.9765432663 8.399831374e-09)
9.35              (-2.690945233e-10 0.9660276643 1.334494217e-10) (3.929578498e-09 0.9775380423 8.193934815e-09)
9.355             (-2.756970489e-11 0.9660704233 -8.706956505e-11) (4.002984868e-09 0.9785335756 8.328361509e-09)
9.36              (-8.408715234e-11 0.9661131298 -4.956399904e-11) (3.901901594e-09 0.9795239638 8.209990507e-09)
9.365             (-1.052568555e-10 0.966155786 -2.484918836e-11) (3.785969574e-09 0.9805147673 8.098471492e-09)
9.37              (7.59685269e-10 0.9661983942 -8.855661284e-10) (4.477228097e-09 0.9814994776 7.771496309e-09)
9.375             (1.032803282e-10 0.966240957 -2.147611402e-10) (2.538198844e-09 0.9824842853 6.686432044e-09)
9.38              (-3.615111814e-10 0.9662834771 2.529272793e-10) (2.424559748e-09 0.9834620626 6.856885967e-09)
9.385             (2.955058073e-10 0.9663259572 -4.350861828e-10) (4.730090104e-09 0.9844396835 8.50491889e-09)
9.39              (-4.995238555e-11 0.9663683998 -9.7983718e-11) (5.744414707e-09 0.9854093444 1.043173195e-08)
9.395             (-1.232711294e-10 0.9664108071 -1.624197234e-12) (3.537663905e-09 0.9863784359 7.659850295e-09)
9.4               (2.171721747e-11 0.9664531809 -1.464311481e-10) (3.313760419e-09 0.9873384609 7.436692706e-09)
9.405             (-1.557943203e-10 0.9664955227 3.216120738e-11) (3.346879936e-09 0.9882975921 7.618789093e-09)
9.41              (1.099330521e-10 0.9665378338 -2.458613917e-10) (3.454630008e-09 0.9892467138 7.744060495e-09)
9.415             (1.241542093e-10 0.9665801153 -2.712317976e-10) (4.083668041e-09 0.9901946819 7.475901982e-09)
9.42              (-2.483991514e-11 0.966622368 -9.890143593e-11) (2.850241617e-09 0.9911317129 7.004282355e-09)
9.425             (-6.708219487e-11 0.9666645928 -4.624766539e-11) (3.066630346e-09 0.9920672901 7.039880149e-09)
9.43              (-3.737828382e-11 0.96670679 -7.199276987e-11) (2.919290176e-09 0.992991014 7.006676528e-09)
9.435             (-1.44522105e-10 0.9667489602 2.083208095e-11) (2.822241201e-09 0.9939131154 7.032027629e-09)
9.44              (4.274243238e-11 0.9667911036 -1.704045126e-10) (2.712460199e-09 0.9948226531 6.956359753e-09)
9.445             (5.026342018e-11 0.9668332204 -1.942227042e-10) (2.606705448e-09 0.995730521 6.662583866e-09)
9.45              (-1.52246893e-10 0.9668753108 1.696919253e-12) (2.467713159e-09 0.9966252635 6.548284413e-09)
9.455             (3.933231638e-11 0.9669173749 -1.793035718e-10) (2.459535444e-09 0.9975183593 6.56609265e-09)
9.46              (-1.039839283e-11 0.9669594131 -7.293970493e-11) (2.242350971e-09 0.9983979138 6.461850846e-09)
9.465             (-8.055300411e-11 0.9670014255 2.938465879e-11) (1.875461026e-09 0.9992759839 6.188345335e-09)
9.47              (3.258854111e-11 0.9670434122 -6.015496843e-11) (1.828751099e-09 1.000140338 6.261454527e-09)
9.475             (3.678285782e-10 0.9670853733 -4.148601103e-10) (2.090172505e-09 1.001003513 5.989591757e-09)
9.48              (-2.153597972e-10 0.9671273083 1.022731263e-10) (1.485291641e-09 1.001853027 6.010634489e-09)
9.485             (-3.010092376e-11 0.9671692167 -7.527716966e-11) (1.729394975e-09 1.002701837 5.923178266e-09)
9.49              (-1.55217981e-10 0.9672110976 3.70711565e-11) (1.657650308e-09 1.003537317 5.816130732e-09)
9.495             (3.883058835e-11 0.9672529502 2.54299379e-11) (1.751431873e-09 1.004372632 5.836003962e-09)
9.5               (-6.461766111e-11 0.9672947733 -2.666138478e-11) (1.576422938e-09 1.005195111 5.773384471e-09)
9.505             (-5.675644508e-11 0.9673365657 -4.013068133e-11) (1.599599614e-09 1.006018079 5.755470354e-09)
9.51              (-8.807766331e-11 0.967378326 -1.998059388e-11) (1.680694756e-09 1.006828953 5.829351433e-09)
9.515             (1.219773353e-11 0.9674200527 -1.196844409e-10) (1.687952496e-09 1.007641237 5.720164961e-09)
9.52              (-2.228464181e-10 0.9674617439 1.199697673e-10) (1.434767057e-09 1.008442562 5.920954122e-09)
9.525             (-1.516084387e-10 0.9675033979 3.497132898e-11) (1.873960007e-09 1.009246069 6.063937327e-09)
9.53              (-5.044488355e-12 0.9675450128 -7.945032915e-11) (1.261706034e-09 1.010039619 5.227497906e-09)
9.535             (-4.72783057e-11 0.9675865866 -3.454071379e-11) (1.285312678e-09 1.010836225 5.300615276e-09)
9.54              (1.840796868e-10 0.9676281173 -2.693042358e-10) (2.285525838e-09 1.011624209 5.705820944e-09)
9.545             (4.255181265e-11 0.9676696028 -1.286758197e-10) (1.970236854e-09 1.012416272 6.167774478e-09)
9.55              (-8.875728988e-11 0.9677110411 -5.044650893e-13) (2.314871803e-09 1.013201214 6.433616405e-09)
9.555             (-2.326914635e-11 0.9677524304 -6.499943579e-11) (1.131606063e-09 1.013991094 5.135423573e-09)
9.56              (-6.848033106e-11 0.9677937687 -1.546373294e-11) (1.38105145e-09 1.014775253 5.526127273e-09)
9.565             (1.351423361e-10 0.9678350544 -2.117753567e-10) (1.633693368e-09 1.015565186 5.243100257e-09)
9.57              (-3.970985223e-11 0.9678762859 -3.802309821e-11) (1.89989543e-09 1.016350896 5.398077816e-09)
9.575             (-3.196627917e-10 0.9679174617 2.405870658e-10) (8.909866091e-10 1.017143162 5.413074982e-09)
9.58              (-2.034863064e-10 0.9679585806 1.348419366e-10) (1.796289336e-09 1.017932669 6.199719859e-09)
9.585             (5.329372391e-10 0.9679996413 -6.089329752e-10) (3.14966843e-09 1.018729517 5.513435542e-09)
9.59              (-9.174461008e-11 0.9680406433 8.304957797e-12) (7.084362938e-10 1.019525102 4.759890602e-09)
9.595             (-7.919491513e-11 0.968081586 1.106273231e-11) (7.770662554e-10 1.020328468 4.570206077e-09)
9.6               (7.129642403e-11 0.9681224693 -1.370480536e-10) (1.134679832e-09 1.021131708 4.640206547e-09)
9.605             (-3.027333639e-11 0.9681632936 -3.0547354e-11) (1.130018824e-09 1.021943183 4.796146681e-09)
9.61              (7.206144962e-10 0.9682040593 -7.819935049e-10) (-6.564388413e-09 1.022755777 -4.878818041e-09)
9.615             (1.833913478e-10 0.9682447675 -2.643153327e-10) (1.523429187e-08 1.023576972 1.875010935e-08)
9.62              (-2.407913601e-10 0.9682854195 1.846812846e-10) (-3.583664452e-09 1.024400333 7.315830053e-10)
9.625             (-3.968556076e-10 0.9683260169 3.428344136e-10) (-3.252548796e-09 1.025232343 9.490727582e-10)
9.63              (6.534667594e-11 0.9683665618 -1.256802299e-10) (-4.24724083e-09 1.02606725 -8.067696817e-10)
9.635             (-6.789409671e-10 0.9684070563 6.165909367e-10) (-3.110221221e-09 1.026910874 -6.096592555e-10)
9.64              (-1.027860664e-10 0.9684475031 3.980737947e-11) (1.006786797e-09 1.027758158 3.69192643e-09)
9.645             (-3.246650917e-10 0.9684879048 2.587355175e-10) (4.165641225e-10 1.028614059 3.948171987e-09)
9.65              (4.634718823e-10 0.9685282651 -5.375767504e-10) (-1.068324633e-09 1.029474102 2.411109301e-09)
9.655             (5.172872237e-10 0.9685685879 -5.716294639e-10) (-1.552484702e-09 1.030342525 1.308686791e-09)
9.66              (1.021173668e-09 0.9686088778 -1.088513809e-09) (-2.143619676e-09 1.031215451 9.790470326e-10)
9.665             (5.673126007e-10 0.9686491399 -6.174075189e-10) (-8.449568218e-10 1.032096488 1.329543105e-09)
9.67              (1.310391843e-09 0.9686893794 -1.37736467e-09) (-7.726768925e-10 1.032982259 1.176081249e-09)
9.675             (4.602969996e-10 0.968729602 -5.097589227e-10) (-6.706611759e-10 1.033875719 1.858647264e-09)
9.68              (-8.820231374e-11 0.9687698133 3.611169753e-11) (1.083648744e-09 1.034773955 4.168729716e-09)
9.685             (-6.010431532e-10 0.9688100193 5.414639092e-10) (-6.381159214e-10 1.035679444 1.075563791e-09)
9.69              (1.353393786e-09 0.968850226 -1.424740627e-09) (1.687897625e-09 1.036589699 3.28786378e-09)
9.695             (2.282414619e-10 0.96889044 -2.79474072e-10) (-6.205942571e-10 1.037506776 2.29498026e-09)
9.7               (-4.688919199e-10 0.9689306677 4.244291898e-10) (-3.316458056e-10 1.038428553 2.64168957e-09)
9.705             (6.615359974e-10 0.9689709161 -7.2920313e-10) (1.649611185e-11 1.039356556 1.825053297e-09)
9.71              (5.784481105e-10 0.969011192 -6.293818562e-10) (1.04992583e-09 1.040288962 3.081663953e-09)
9.715             (9.077454292e-10 0.9690515025 -9.76505543e-10) (2.738542122e-09 1.041227164 3.760270626e-09)
9.72              (-1.283517825e-09 0.9690918546 1.203505341e-09) (9.360465129e-10 1.042169667 5.077171092e-09)
9.725             (-1.18802285e-10 0.9691322554 9.106218384e-11) (-9.647506364e-10 1.043117513 2.589705597e-09)
9.73              (-9.965645301e-10 0.9691727121 9.254933698e-10) (3.139854854e-09 1.044069379 8.493830045e-09)
9.735             (-4.848013313e-10 0.9692132318 4.280873351e-10) (-1.534859287e-09 1.045025974 2.630794631e-09)
9.74              (-1.918563227e-10 0.9692538215 1.992658326e-10) (1.846127885e-09 1.045986214 5.106093686e-09)
9.745             (4.04935287e-10 0.9692944882 -4.366727018e-10) (2.403215443e-09 1.046950805 2.874135676e-09)
9.75              (-1.120483771e-09 0.9693352387 1.098943725e-09) (3.675118142e-09 1.047918833 6.516589537e-09)
9.755             (-1.608517425e-10 0.9693760801 1.321961779e-10) (-1.073548336e-09 1.048890762 2.791164965e-09)
9.76              (2.70935833e-10 0.9694170195 -3.410650305e-10) (-1.954005784e-09 1.049865789 1.71792734e-09)
9.765             (2.986410198e-10 0.9694580637 -3.505348139e-10) (-3.199310094e-10 1.050844268 2.87277621e-09)
9.77              (2.538904568e-10 0.9694992193 -3.247108611e-10) (-6.177157132e-11 1.051825586 3.129315061e-09)
9.775             (-1.015818098e-10 0.9695404927 1.108160373e-10) (3.553605326e-09 1.052810028 6.711379279e-09)
9.78              (-1.882605264e-10 0.9695818904 1.919293983e-10) (2.737531917e-09 1.053797041 6.130424115e-09)
9.785             (1.376914402e-10 0.9696234185 -1.401338226e-10) (3.269074238e-09 1.054786769 6.719391476e-09)
9.79              (1.039494844e-10 0.9696650832 -3.455002008e-11) (4.90355881e-09 1.055778775 8.26776028e-09)
9.795             (9.178905956e-11 0.9697068906 -5.765084557e-11) (1.43169278e-09 1.056773274 4.329378376e-09)
9.8               (-3.516270345e-11 0.9697488469 5.490720093e-11) (1.084148127e-09 1.057769913 4.609573434e-09)
9.805             (4.964550224e-10 0.9697909579 -5.289446401e-10) (-5.478673252e-09 1.058768678 -2.641319512e-10)
9.81              (-2.294839674e-10 0.9698332295 2.22197138e-10) (-4.654190453e-10 1.059769216 2.752170358e-09)
9.815             (9.218532901e-11 0.969875667 -1.09796317e-10) (-9.719959074e-11 1.060771432 2.963660344e-09)
9.82              (-5.475622287e-10 0.969918276 5.402915822e-10) (-2.479864738e-09 1.061775179 1.627204268e-09)
9.825             (4.814526247e-12 0.9699610618 -3.655077725e-11) (7.552936542e-10 1.062780571 4.108077132e-09)
9.83              (7.121560955e-11 0.9700040301 -1.782680806e-10) (-6.758258566e-10 1.063787487 2.628574577e-09)
9.835             (1.440943753e-09 0.9700471865 -1.458358758e-09) (2.328547981e-09 1.064795642 6.958442274e-09)
9.84              (-2.886873076e-10 0.9700905364 2.382731793e-10) (1.754862232e-09 1.065804883 4.905824167e-09)
9.845             (-2.06923295e-10 0.9701340856 1.814700286e-10) (3.32697161e-10 1.066815084 3.462509527e-09)
9.85              (2.714022755e-10 0.9701778396 -2.066840657e-10) (2.496238147e-09 1.067826239 5.540896306e-09)
9.855             (3.89947229e-10 0.9702218041 -3.224966775e-10) (-4.737354297e-09 1.06883844 -1.574196822e-09)
9.86              (-3.901478535e-11 0.9702659849 3.980183099e-10) (5.686158418e-09 1.0698518 9.508765315e-09)
9.865             (4.870336465e-10 0.9703103878 -2.548272391e-10) (-2.500696201e-09 1.070865611 3.559876425e-09)
9.87              (-5.953098316e-11 0.9703550187 2.064005775e-10) (-1.040456696e-09 1.071879783 2.327939921e-09)
9.875             (2.106676087e-10 0.9703998832 -1.363691981e-10) (-1.058576821e-09 1.072893967 1.81835479e-09)
9.88              (3.628020925e-10 0.9704449871 -2.060656844e-10) (2.660506185e-10 1.073908406 3.178710442e-09)
9.885             (-2.3588047e-10 0.970490336 3.219673577e-10) (-4.212565462e-09 1.074923371 -8.998544692e-11)
9.89              (-1.018650982e-10 0.9705359354 1.647348511e-10) (-2.196806502e-10 1.075939061 3.253407714e-09)
9.895             (-1.298631543e-09 0.9705817909 1.575290179e-09) (2.325490635e-09 1.076954792 7.006160733e-09)
9.9               (3.92736657e-10 0.9706279077 -1.216834776e-10) (1.374155954e-08 1.077970567 1.579697948e-08)
9.905             (-7.668325626e-10 0.9706742911 9.582669172e-10) (1.150189986e-08 1.078985842 1.308602736e-08)
9.91              (-3.710233403e-11 0.9707209456 7.461695691e-11) (-8.484041508e-10 1.080000838 2.849336309e-09)
9.915             (-8.049677661e-10 0.9707678749 1.243278649e-09) (4.361892639e-09 1.08101549 9.663253207e-09)
9.92              (-8.137878927e-11 0.9708150825 7.935643912e-11) (7.358591713e-09 1.082030081 1.175915058e-08)
9.925             (-2.174498437e-10 0.9708625712 5.191146692e-10) (1.223496032e-08 1.083044171 1.377053889e-08)
9.93              (1.173338366e-09 0.9709103437 -6.351556439e-10) (1.085744637e-08 1.084057912 1.525172016e-08)
9.935             (2.776785814e-11 0.9709584014 5.343212658e-10) (1.306861403e-08 1.085070842 1.572824928e-08)
9.94              (1.81224363e-10 0.9710067451 4.437723303e-10) (9.451668096e-09 1.086083177 1.695987845e-08)
9.945             (-1.189902505e-10 0.9710553741 8.219514758e-10) (1.271267986e-08 1.087094617 1.703274698e-08)
9.95              (9.403490233e-10 0.9711042869 -2.945883339e-10) (8.010145159e-09 1.088105411 1.412911004e-08)
9.955             (4.118204456e-10 0.9711534806 1.000180395e-10) (1.045958185e-08 1.08911519 1.418500779e-08)
9.96              (1.094896079e-09 0.971202951 -1.510145022e-10) (1.377650328e-08 1.090124168 1.56495679e-08)
9.965             (-3.468108084e-10 0.9712526927 1.102154384e-09) (1.184876514e-08 1.091131983 1.381141021e-08)
9.97              (4.562418944e-10 0.9713026989 5.31206307e-11) (-3.583495966e-09 1.092138855 9.290651713e-09)
9.975             (9.50108502e-11 0.9713529608 9.162112101e-10) (7.971120451e-09 1.093144503 1.624050227e-08)
9.98              (1.981851226e-10 0.9714034663 3.649753247e-10) (5.512501455e-09 1.094149144 1.399060096e-08)
9.985             (-4.183625001e-10 0.9714542014 1.301599711e-09) (9.239246079e-09 1.09515247 9.876748812e-09)
9.99              (-6.536327446e-11 0.9715051508 4.301060724e-10) (9.332600394e-09 1.096154671 9.739898377e-09)
9.995             (-1.093635953e-10 0.9715563001 1.143910212e-09) (8.387311702e-09 1.097155498 1.616629083e-08)
10                (4.927331468e-10 0.9716076346 5.450066545e-10) (1.935702516e-09 1.098155125 4.496290273e-09)
10.005            (7.651731677e-10 0.9716591369 7.374103621e-10) (1.129483652e-08 1.099153354 1.047958211e-08)
10.01             (1.219510493e-09 0.9717107854 1.041737684e-10) (1.320817406e-08 1.100150365 1.166300301e-08)
10.015            (4.830262884e-10 0.9717625551 -2.078656928e-09) (-2.722394783e-09 1.101145976 1.535981636e-09)
10.02             (-4.907263701e-10 0.9718144202 -1.347875761e-09) (1.46931263e-09 1.102140314 -1.732795217e-09)
10.025            (7.317827797e-10 0.9718663554 2.380421438e-10) (6.751976869e-10 1.103133237 2.496661671e-09)
10.03             (5.126181328e-10 0.9719183352 5.301704495e-11) (2.921951447e-09 1.104124874 1.462801393e-09)
10.035            (3.493127447e-10 0.971970333 5.21459226e-10) (3.743877206e-11 1.105115176 4.681048053e-09)
10.04             (5.859496744e-12 0.9720223205 2.373636293e-11) (-4.133946438e-11 1.106104242 2.306024921e-09)
10.045            (6.29086054e-11 0.9720742684 3.232240471e-11) (-7.798181287e-10 1.107091942 2.547573755e-09)
10.05             (1.596614834e-10 0.9721261471 1.004877739e-10) (-7.424420339e-10 1.108078324 2.16031783e-09)
10.055            (1.425647528e-10 0.9721779271 2.238802833e-10) (-1.032275685e-09 1.109063374 2.561769205e-09)
10.06             (2.634488849e-10 0.9722295785 1.168579684e-10) (-1.908227961e-10 1.110047142 2.033980607e-09)
10.065            (-2.278608187e-10 0.9722810721 5.55915405e-10) (2.582379394e-09 1.111029648 5.293637993e-09)
10.07             (-6.744227048e-11 0.9723323793 5.196495217e-10) (7.256610407e-10 1.112010909 3.51701324e-09)
10.075            (-1.405709685e-10 0.9723834723 -1.813094612e-10) (-2.226448229e-10 1.112991202 3.395923186e-09)
10.08             (-6.110154852e-11 0.9724343238 -6.614038597e-10) (-7.943886111e-10 1.113970508 3.363004848e-09)
10.085            (-1.424193831e-10 0.9724849071 9.576259043e-10) (9.175739552e-10 1.114948603 4.390796388e-09)
10.09             (8.242512452e-11 0.9725351971 -4.265909598e-10) (-1.650583725e-09 1.115925377 2.237218762e-09)
10.095            (-6.63748839e-10 0.9725851703 -9.360829773e-11) (-1.564784952e-09 1.116900969 2.287081399e-09)
10.1              (-5.157993406e-10 0.9726348051 -9.580539129e-11) (4.762314966e-10 1.117875391 3.97245612e-09)
10.105            (1.340624964e-10 0.9726840815 7.885276661e-11) (-3.078577279e-10 1.11884899 2.250947807e-09)
10.11             (2.126703689e-09 0.9727329809 6.903546308e-10) (2.644803797e-09 1.119821697 5.000108708e-09)
10.115            (4.283269483e-09 0.9727814869 5.579727142e-10) (-2.517282646e-09 1.120793505 -1.957574693e-09)
10.12             (-1.112508e-10 0.9728295849 1.618119272e-09) (-6.491561086e-10 1.121764224 -2.18444947e-10)
10.125            (1.144044631e-09 0.9728772627 -1.261249547e-10) (-2.94760264e-09 1.122733832 1.930255481e-09)
10.13             (1.174376221e-09 0.9729245102 7.346416973e-10) (-2.159784794e-09 1.123702195 9.227229075e-10)
10.135            (1.925360964e-09 0.9729713194 -9.238013789e-11) (-3.320378411e-09 1.124669733 -6.146136854e-10)
10.14             (2.08572654e-10 0.9730176842 -9.873070766e-11) (-1.141977954e-09 1.125636325 2.897516424e-09)
10.145            (1.02617948e-09 0.9730636004 2.092570283e-09) (-7.62894957e-10 1.126601938 1.492822141e-09)
10.15             (-1.668118432e-09 0.9731090658 -1.547547834e-09) (1.41095022e-09 1.127566326 -1.209119469e-11)
10.155            (-1.179054632e-09 0.9731540803 -2.311715403e-09) (-1.228688542e-09 1.128529582 1.111805148e-09)
10.16             (-1.709062295e-09 0.9731986454 -1.447817831e-09) (-2.425774329e-09 1.129491508 6.65915411e-10)
10.165            (-1.173373028e-09 0.9732427644 -2.053920235e-09) (-3.418948578e-09 1.130452319 3.282021104e-10)
10.17             (-2.024353229e-09 0.9732864414 -1.160844195e-09) (-3.405201718e-09 1.131411791 -5.156504624e-10)
10.175            (-7.200672878e-10 0.9733296821 -1.802396904e-09) (-5.098396995e-09 1.132369798 -1.466777848e-09)
10.18             (9.934514604e-10 0.9733724938 5.105778737e-10) (-3.728595566e-10 1.133326044 1.848750907e-09)
10.185            (-1.960160425e-10 0.9734148851 -2.064850082e-09) (-5.668293608e-09 1.13428073 -2.403158217e-09)
10.19             (1.275962289e-09 0.9734568659 8.178621187e-10) (4.67842894e-11 1.135233637 2.588407546e-09)
10.195            (3.479965477e-10 0.9734984468 1.735161512e-10) (-5.306556664e-10 1.136184815 2.086755832e-09)
10.2              (1.227357055e-09 0.9735396388 8.197804551e-10) (7.988457792e-10 1.137133948 2.889191646e-09)
10.205            (3.467686012e-10 0.9735804534 3.092452317e-10) (-4.132613924e-10 1.138080829 2.114226446e-09)
10.21             (4.043079167e-10 0.9736209027 -4.244493796e-11) (-5.098196163e-10 1.139025119 2.279753791e-09)
10.215            (1.941178279e-10 0.973660999 -3.167833448e-10) (-6.582428403e-10 1.139966803 2.511939389e-09)
10.22             (5.962183053e-10 0.9737007549 4.929881657e-10) (6.648411558e-11 1.1409056 2.161357115e-09)
10.225            (-8.236795273e-10 0.9737401831 -1.442345806e-10) (-5.389727058e-09 1.141841441 -2.570052947e-09)
10.23             (-6.552604244e-10 0.973779296 -4.482399739e-10) (-5.391972282e-09 1.142773991 -2.557605883e-09)
10.235            (-2.359519343e-10 0.973818106 -7.923561094e-10) (-5.706635311e-09 1.14370298 -2.442383142e-09)
10.24             (-5.236116184e-10 0.9738566254 -8.835404176e-10) (-5.428103495e-09 1.144628049 -2.519542362e-09)
10.245            (8.166113737e-11 0.973894866 3.732783559e-10) (2.844975083e-10 1.145548944 2.990492794e-09)
10.25             (-8.89317485e-10 0.9739328395 -5.792276175e-10) (-4.951188227e-09 1.146465341 -2.164055664e-09)
10.255            (3.734592433e-10 0.9739705574 9.413716759e-11) (4.89902343e-10 1.147376935 3.426577347e-09)
10.26             (-3.273597413e-10 0.9740080306 1.961348617e-10) (-4.435533257e-10 1.148283411 1.705370756e-09)
10.265            (-2.011489106e-10 0.9740452693 -1.180862939e-09) (-1.224943845e-09 1.149184326 1.818616984e-09)
10.27             (-1.994013959e-09 0.9740822829 -1.93383328e-09) (-1.204703913e-08 1.150079344 -9.179001118e-09)
10.275            (1.12349549e-09 0.9741190802 1.079548215e-10) (4.787300302e-09 1.150967915 7.600327808e-09)
10.28             (-1.078991391e-09 0.9741556698 -8.791698535e-10) (-7.02261331e-09 1.151849771 -4.283048717e-09)
10.285            (-5.595573588e-10 0.9741920595 -2.623067524e-10) (-4.142842859e-09 1.152724309 -1.413050608e-09)
10.29             (5.202370826e-10 0.9742282566 1.197539048e-09) (3.123614212e-09 1.153591284 5.979838516e-09)
10.295            (1.551281619e-09 0.9742642679 1.273769574e-09) (6.223802667e-09 1.154449899 9.190835977e-09)
10.3              (1.848166513e-09 0.9743000995 2.221932215e-09) (9.001344909e-09 1.155299943 1.151769605e-08)
10.305            (2.023690566e-09 0.9743357572 1.589576866e-09) (7.802339224e-09 1.156140492 1.032171109e-08)
10.31             (1.4963518e-09 0.9743712461 1.73941144e-09) (6.529871491e-09 1.156971423 8.800202413e-09)
10.315            (1.515002405e-09 0.9744065711 1.199394247e-09) (5.171295989e-09 1.157791671 7.658292765e-09)
10.32             (1.160409253e-09 0.9744417367 1.445638912e-09) (4.336881636e-09 1.158601198 6.943210817e-09)
10.325            (1.290372742e-09 0.9744767467 1.007240474e-09) (3.623337011e-09 1.159398763 6.409602242e-09)
10.33             (2.441185035e-10 0.9745116051 5.349995589e-10) (-1.027159298e-10 1.160184424 2.644900867e-09)
10.335            (3.982401473e-10 0.9745463151 3.263245757e-10) (-3.848572596e-10 1.160956723 2.447332822e-09)
10.34             (1.276292392e-10 0.9745808803 6.864431045e-10) (-2.024736702e-10 1.161715803 2.336925968e-09)
10.345            (9.170268914e-11 0.9746153038 4.302773374e-10) (-3.722830917e-10 1.162460012 2.179537095e-09)
10.35             (2.299368727e-10 0.9746495886 -5.3524875e-11) (-5.350831825e-10 1.163189653 2.285692043e-09)
10.355            (-6.644087887e-11 0.9746837377 -5.499605079e-12) (-6.693739417e-10 1.163902906 2.298305931e-09)
10.36             (-1.466043582e-10 0.9747177541 1.939500771e-10) (-4.745968348e-10 1.164600213 2.368827421e-09)
10.365            (-2.777060794e-10 0.9747516407 6.810432413e-11) (-5.003855932e-10 1.165279507 2.130805071e-09)
10.37             (4.86704628e-11 0.9747854004 -8.75224162e-11) (-5.132981316e-10 1.165941365 2.145485766e-09)
10.375            (-1.264850853e-11 0.9748190362 1.525724097e-11) (-5.384099303e-10 1.166583515 2.188472004e-09)
10.38             (-1.801067168e-12 0.9748525508 -8.986821167e-11) (-6.171990175e-10 1.167206697 2.240731439e-09)
10.385            (-3.746260992e-11 0.9748859472 -7.121128632e-11) (-6.102212349e-10 1.167808467 2.19378376e-09)
10.39             (5.421511061e-11 0.9749192281 -6.634452415e-12) (-5.286701215e-10 1.168389734 2.258214715e-09)
10.395            (5.322818589e-10 0.9749523962 6.113820622e-10) (2.765911541e-10 1.168947875 2.361748108e-09)
10.4              (6.082703438e-11 0.9749854544 1.097946401e-10) (-4.629296238e-10 1.169483958 2.341514571e-09)
10.405            (5.027370106e-10 0.9750184053 -4.34498943e-10) (-5.07426659e-10 1.169995187 2.188752617e-09)
10.41             (5.560956148e-12 0.9750512517 -9.008442697e-11) (-5.75806296e-10 1.170482792 2.123174013e-09)
10.415            (1.197707575e-12 0.9750839966 -9.656741295e-11) (-6.493645497e-10 1.170943875 2.166100878e-09)
10.42             (-4.982847277e-11 0.9751166428 -1.106312472e-10) (-5.916047754e-10 1.171379824 2.132339668e-09)
10.425            (-7.089275295e-11 0.9751491931 -6.031810798e-11) (-5.824944044e-10 1.171787655 2.127483441e-09)
10.43             (-7.178193622e-12 0.9751816507 -3.028060676e-11) (-5.623632633e-10 1.172168885 2.135770317e-09)
10.435            (-3.954453327e-12 0.9752140185 -3.535063361e-11) (-5.607444576e-10 1.172520482 2.138457304e-09)
10.44             (-3.12295737e-11 0.9752462997 -6.945247774e-11) (-5.823135708e-10 1.172844071 2.110680691e-09)
10.445            (-1.067903228e-11 0.9752784976 -6.456514917e-11) (-5.653631285e-10 1.173136651 2.122993651e-09)
10.45             (2.509380882e-12 0.9753106157 -7.004707601e-11) (-5.553129606e-10 1.173399941 2.119765774e-09)
10.455            (-3.228196843e-11 0.9753426573 -1.213681171e-10) (-6.127449447e-10 1.17363103 2.092271064e-09)
10.46             (-1.362964447e-11 0.975374626 -7.346424674e-11) (-5.639798551e-10 1.173831697 2.103375064e-09)
10.465            (-1.680205765e-11 0.9754065255 -6.993994167e-11) (-5.760995104e-10 1.173999157 2.106064857e-09)
10.47             (-1.730795064e-11 0.9754383591 -5.44505694e-11) (-5.772353237e-10 1.174135211 2.112685687e-09)
10.475            (-2.04494434e-11 0.9754701307 -4.208637324e-11) (-5.807543237e-10 1.174237265 2.118326034e-09)
10.48             (2.922260588e-11 0.9755018438 -6.099456037e-11) (-5.466160273e-10 1.174307114 2.105084302e-09)
10.485            (7.051129255e-12 0.975533502 -5.704919112e-11) (-5.574769326e-10 1.174342464 2.094657436e-09)
10.49             (2.505845454e-11 0.9755651088 -4.285215769e-11) (-5.456145373e-10 1.174345062 2.102546617e-09)
10.495            (2.288405187e-11 0.9755966675 -4.325800768e-11) (-5.455506959e-10 1.174312915 2.095569728e-09)
10.5              (2.421442615e-11 0.9756281816 -5.994419576e-11) (-5.619535212e-10 1.174247673 2.093303368e-09)
10.505            (3.460181324e-11 0.9756596541 -2.397942294e-11) (-5.376766881e-10 1.174147711 2.10150963e-09)
10.51             (2.306465303e-11 0.9756910881 -1.098772087e-11) (-5.121151206e-10 1.174014557 2.071931192e-09)
10.515            (-3.07421446e-11 0.9757224863 -7.323410257e-11) (-5.941725531e-10 1.173847009 2.055748572e-09)
10.52             (-2.97152142e-11 0.9757538515 -9.039581195e-11) (-5.809293261e-10 1.17364644 2.043419903e-09)
10.525            (-1.801647027e-11 0.9757851859 -9.265024977e-11) (-5.764628444e-10 1.173412055 2.04681074e-09)
10.53             (-2.518747207e-11 0.975816492 -1.037351331e-10) (-5.754101931e-10 1.173145034 2.021134517e-09)
10.535            (-2.401529901e-11 0.9758477716 -1.021395565e-10) (-5.723301686e-10 1.172845052 2.028663804e-09)
10.54             (-3.019208075e-12 0.9758790265 -6.771649164e-11) (-5.352651037e-10 1.172513086 2.051092422e-09)
10.545            (8.269063642e-11 0.9759102584 1.972315629e-11) (-4.647119313e-10 1.1721493 2.127229217e-09)
10.55             (-1.879491835e-11 0.9759414685 -7.4310693e-11) (-5.490964544e-10 1.171754441 2.046362751e-09)
10.555            (1.56693816e-11 0.975972658 -2.417941681e-11) (-5.137813513e-10 1.171329131 2.093109327e-09)
10.56             (-1.26419384e-11 0.9760038274 -7.354992497e-11) (-5.327496026e-10 1.170873865 2.069966369e-09)
10.565            (-1.533324426e-11 0.9760349774 -8.675169468e-11) (-5.293898483e-10 1.170389693 2.072525202e-09)
10.57             (-8.562314439e-11 0.9760661079 -2.056986781e-10) (-5.97483225e-10 1.169876855 1.989714976e-09)
10.575            (-1.71431353e-10 0.9760972188 -2.278722322e-10) (-5.951218947e-10 1.169336814 1.995615597e-09)
10.58             (-1.897855885e-10 0.9761283094 -2.399916324e-10) (-5.710057512e-10 1.168769569 1.983176701e-09)
10.585            (-1.907260635e-10 0.9761593786 -2.940808111e-10) (-8.551188962e-10 1.168176996 2.214049735e-09)
10.59             (-1.672972279e-10 0.9761904252 -2.411011121e-10) (-5.834483016e-10 1.167558854 2.000685629e-09)
10.595            (-1.491614578e-10 0.9762214474 -1.644914252e-10) (-4.668821224e-10 1.166917327 1.973222281e-09)
10.6              (-3.057202511e-10 0.9762524429 -2.858325183e-10) (-4.227102721e-10 1.166251937 1.65374603e-09)
10.605            (-1.574566034e-10 0.9762834094 -1.113068995e-10) (-5.296807338e-10 1.165565136 2.069104339e-09)
10.61             (-2.338093305e-10 0.9763143439 -8.129668682e-11) (-1.5584208e-09 1.164856234 3.075456372e-09)
10.615            (4.012374783e-11 0.9763452434 -2.580435683e-10) (-1.414285187e-10 1.164127932 1.693909206e-09)
10.62             (6.912001319e-11 0.9763761041 -9.174385499e-12) (1.937641746e-10 1.163379355 1.690664165e-09)
10.625            (-1.163349335e-10 0.9764069224 -2.819865345e-10) (-3.213953137e-10 1.162613344 1.805775206e-09)
10.63             (-2.814077687e-10 0.9764376939 -2.323416504e-10) (-5.432952469e-10 1.161828855 1.943193931e-09)
10.635            (-4.76446693e-10 0.976468414 2.210535815e-10) (-1.262270542e-09 1.161028845 2.827437224e-09)
10.64             (1.728045836e-10 0.9764990781 -3.844939208e-10) (-2.138176229e-10 1.16021214 1.690133296e-09)
10.645            (-4.322280895e-10 0.9765296808 3.633705453e-10) (-8.117706164e-10 1.159381769 2.361516236e-09)
10.65             (-1.064814721e-10 0.9765602168 1.229305409e-10) (-6.668877343e-10 1.158536447 2.359193639e-09)
10.655            (-5.364516969e-11 0.9765906802 -1.1053966e-10) (-4.260610851e-10 1.157679188 1.964335772e-09)
10.66             (8.191618216e-10 0.9766210649 -6.772269526e-10) (6.576818439e-10 1.156808622 1.130009249e-09)
10.665            (1.616824261e-10 0.9766513645 5.302437984e-11) (-2.056165576e-10 1.155927703 1.905870364e-09)
10.67             (2.187775294e-10 0.9766815724 -2.254499935e-10) (-3.302935101e-10 1.155035012 1.737335956e-09)
10.675            (3.576624124e-11 0.9767116815 1.695810163e-10) (-3.921690792e-10 1.154133456 1.980448598e-09)
10.68             (-1.341425742e-09 0.9767416845 1.258277513e-09) (-1.360284146e-09 1.153221596 2.734539868e-09)
10.685            (9.096177806e-10 0.9767715738 -1.26827448e-09) (-2.894793779e-10 1.152302207 1.293779551e-09)
10.69             (-2.55841676e-09 0.9768013413 -2.520002609e-10) (-2.168847174e-09 1.151373837 6.790211574e-10)
10.695            (-3.053429014e-10 0.9768309788 3.106307252e-11) (-6.400883671e-10 1.150439112 1.877902463e-09)
10.7              (-6.584665587e-10 0.9768604778 -7.840647168e-11) (-7.835404845e-10 1.149496603 1.378325205e-09)
10.705            (-5.227163751e-09 0.9768898291 5.907617362e-09) (-1.201865735e-09 1.148548802 4.016806432e-09)
10.71             (2.124269715e-09 0.9769190235 -1.783143599e-09) (7.42097144e-11 1.147594317 1.89768528e-09)
10.715            (1.252737517e-09 0.9769480515 -1.533594402e-10) (3.222542823e-10 1.146635445 2.38102579e-09)
10.72             (5.125022434e-10 0.976976903 -3.509907564e-10) (-2.022767009e-10 1.145670845 1.886188232e-09)
10.725            (5.866881017e-10 0.9770055677 -7.85380755e-10) (-2.932116038e-10 1.144702662 1.754483858e-09)
10.73             (-9.834960061e-10 0.9770340349 2.708974582e-09) (-2.997548661e-10 1.143729625 3.493273262e-09)
10.735            (4.022234108e-12 0.9770622935 3.151523335e-10) (-2.123782512e-10 1.142753698 2.087117561e-09)
10.74             (3.778030714e-10 0.977090332 -4.553911265e-10) (-2.766282594e-10 1.141773674 1.890154168e-09)
10.745            (-8.752290895e-11 0.9771181385 -1.347199219e-10) (-4.27847132e-10 1.14079133 1.937699943e-09)
10.75             (-1.031086911e-09 0.9771457009 1.309860942e-09) (-2.456782921e-10 1.139805536 2.274558855e-09)
10.755            (1.940908002e-10 0.9771730067 -6.411178441e-10) (-6.95975324e-10 1.138817894 1.795702473e-09)
10.76             (-2.307588722e-09 0.9772000429 -3.233665427e-10) (-1.787556917e-09 1.137827366 4.02115995e-10)
10.765            (-1.842424301e-09 0.977226796 2.323806043e-10) (-7.470879278e-10 1.136835419 1.048697206e-09)
10.77             (8.537224495e-11 0.9772532525 -2.221879202e-10) (-3.438744715e-10 1.135841099 2.0256072e-09)
10.775            (9.101393328e-11 0.9772793982 -4.798389867e-10) (-7.151639724e-10 1.1348457 1.797112449e-09)
10.78             (-4.417781728e-10 0.977305219 -7.451848845e-10) (-5.853537902e-10 1.133848354 9.810140535e-10)
10.785            (-2.811515495e-10 0.9773307004 -4.19458045e-10) (-6.550796535e-10 1.132850226 1.723526362e-09)
10.79             (-3.94489665e-10 0.9773558276 -2.921529971e-10) (-9.517860428e-10 1.131850536 1.73216392e-09)
10.795            (1.205514747e-10 0.9773805859 6.715941213e-10) (-2.283529728e-10 1.130850304 2.930475172e-09)
10.8              (-2.108157932e-11 0.9774049603 -3.661990563e-10) (-6.761875796e-10 1.129848838 2.123779075e-09)
10.805            (-2.185189624e-10 0.9774289358 -6.002407908e-10) (-8.077262741e-10 1.128847054 1.930564267e-09)
10.81             (5.484503144e-10 0.9774524976 -3.580669125e-10) (-2.75420788e-10 1.127844345 2.530881465e-09)
10.815            (2.366475844e-10 0.9774756309 2.913184272e-10) (-2.41645871e-10 1.126841482 2.581689098e-09)
10.82             (1.844332996e-10 0.9774983211 3.913876705e-10) (-3.16941356e-11 1.125837934 2.25120436e-09)
10.825            (1.362924907e-10 0.9775205541 5.696939357e-10) (-4.981681396e-11 1.124834368 2.34699096e-09)
10.83             (4.846275443e-10 0.977542316 6.329639118e-10) (4.642716763e-10 1.123830336 2.170867966e-09)
10.835            (2.582669615e-10 0.9775635937 6.992714629e-10) (1.162527373e-10 1.122826428 2.328308682e-09)
10.84             (6.627565676e-10 0.9775843747 4.070873713e-10) (-4.789740142e-11 1.121822277 2.583559599e-09)
10.845            (7.027392698e-10 0.9776046473 4.533595208e-10) (-1.760639235e-10 1.120818382 2.739117505e-09)
10.85             (2.101029995e-09 0.9776244007 -9.609959829e-11) (-1.865708668e-10 1.119814441 3.71557906e-09)
10.855            (-1.463714579e-09 0.9776436252 3.96562209e-11) (-1.008984256e-09 1.118810823 2.494981354e-10)
10.86             (9.715681139e-10 0.9776623122 1.304429217e-09) (7.152620199e-10 1.117807293 2.876716103e-09)
10.865            (-1.679247293e-09 0.9776804549 -5.418394462e-10) (-1.212577252e-09 1.116804161 6.886243566e-11)
10.87             (-3.847731426e-10 0.9776980478 -1.637095204e-09) (-2.251533349e-09 1.115801268 1.365045591e-09)
10.875            (-7.511993775e-10 0.9777150872 -7.494772625e-10) (-1.215594584e-09 1.114798881 6.99941685e-10)
10.88             (-7.970598613e-10 0.9777315714 -1.382521121e-09) (-2.210013146e-09 1.113796901 9.415378315e-10)
10.885            (-1.141827624e-09 0.9777475003 -1.169621966e-09) (-1.792345482e-09 1.112795463 4.985817781e-10)
10.89             (-4.655276903e-10 0.977762876 -1.929290256e-09) (-2.027940761e-09 1.111794518 5.424756408e-10)
10.895            (-1.724345351e-09 0.9777777028 -1.110142284e-09) (-2.147989782e-09 1.110794132 6.897476904e-11)
10.9              (-7.014747864e-10 0.9777919873 -1.100109016e-09) (-1.686543169e-09 1.109794327 6.975998317e-10)
10.905            (-1.252972583e-09 0.9778057382 -1.051111738e-09) (-1.971577981e-09 1.108795187 3.998223863e-10)
10.91             (-6.808164063e-10 0.9778189668 -1.321837444e-09) (-1.899683272e-09 1.107796787 7.227890402e-10)
10.915            (-8.603099349e-10 0.9778316869 -8.799858274e-10) (-1.597038941e-09 1.106799212 7.595779136e-10)
10.92             (-2.287599749e-09 0.9778439146 2.650486673e-10) (-2.296483877e-09 1.105802552 4.709978603e-10)
10.925            (2.098893614e-10 0.9778556688 -8.27477627e-10) (-1.84014075e-09 1.104806659 4.661605355e-10)
10.93             (-5.461468345e-10 0.9778669705 3.100529054e-10) (-1.322877532e-09 1.103811628 9.22790058e-10)
10.935            (-2.686158647e-10 0.9778778436 6.895208689e-10) (-7.597063882e-10 1.102817293 4.179060638e-10)
10.94             (-5.402873828e-10 0.9778883142 1.912657631e-10) (-1.220978729e-09 1.101823832 1.138643168e-09)
10.945            (-1.142032329e-10 0.977898411 -2.978463693e-10) (-1.157224241e-09 1.10083109 1.020180025e-09)
10.95             (1.584820981e-10 0.9779081649 3.931821281e-10) (-1.419756411e-09 1.099839294 1.038227762e-10)
10.955            (7.77469781e-11 0.9779176088 -2.122700209e-10) (-1.159030247e-09 1.098848182 1.074952622e-09)
10.96             (-3.238007672e-10 0.9779267775 1.774824226e-11) (-1.394789678e-09 1.097858006 1.152607738e-09)
10.965            (-3.811237306e-10 0.9779357075 4.481527344e-10) (-1.007262192e-09 1.096868455 -4.022701471e-10)
10.97             (-9.458330223e-10 0.9779444368 -4.758454522e-10) (5.244521274e-10 1.095879814 2.653516949e-09)
10.975            (-3.4387877e-10 0.9779530054 1.352747012e-11) (-1.271070896e-09 1.094891743 1.15578141e-09)
10.98             (-2.145769026e-10 0.9779614543 -2.538676082e-10) (-1.477865203e-09 1.093904555 4.922096631e-10)
10.985            (2.151445879e-10 0.9779698252 -4.589271724e-10) (-1.55843205e-09 1.092917869 1.993437678e-09)
10.99             (-1.706493465e-10 0.9779781601 -2.594532158e-10) (-1.161528791e-09 1.091932019 8.437713511e-10)
10.995            (6.165916025e-10 0.9779865015 -2.67928047e-10) (-1.723975069e-09 1.090946579 7.129248518e-10)
11                (-2.203692648e-10 0.9779948918 1.64173973e-10) (-1.691355172e-09 1.089961905 1.60575611e-09)
11.005            (4.623101136e-10 0.9780033734 -5.492958846e-10) (-3.033748732e-09 1.088977592 1.488151325e-09)
11.01             (-5.810178307e-10 0.9780119882 2.195103505e-10) (-1.258168347e-09 1.087994015 9.454945021e-10)
11.015            (1.424764193e-11 0.9780207772 -4.170725381e-10) (-1.331527214e-09 1.087010714 1.088764471e-09)
11.02             (-4.386962889e-10 0.9780297803 5.168870401e-11) (-1.475377919e-09 1.086028059 1.076023036e-09)
11.025            (3.404210635e-10 0.9780390359 -1.492001072e-10) (-4.306046533e-10 1.085045566 1.06624067e-09)
11.03             (-4.190618302e-10 0.9780485806 3.052850339e-10) (-1.195642019e-09 1.084063621 1.244322607e-09)
11.035            (6.036977229e-11 0.9780584487 -2.364100489e-10) (-1.117476787e-09 1.083081785 1.155910981e-09)
11.04             (-1.446277435e-10 0.9780686733 -7.269582858e-11) (4.522795982e-10 1.082100455 7.998237627e-10)
11.045            (3.951799477e-10 0.9780792865 -2.681443883e-10) (-6.361302942e-10 1.081119172 1.744765756e-09)
11.05             (-1.803813516e-10 0.9780903195 4.855909207e-10) (-2.613263858e-09 1.080138317 4.092866195e-09)
11.055            (6.001571263e-11 0.9781018003 -3.393725636e-11) (-1.481527661e-09 1.07915739 2.139841128e-09)
11.06             (-1.934407481e-10 0.9781137513 1.723170212e-10) (6.133572836e-10 1.078176772 2.929045257e-10)
11.065            (-1.898453155e-11 0.9781261892 -1.030891617e-10) (-1.943893635e-10 1.077196007 5.924310849e-10)
11.07             (-1.471001951e-10 0.9781391279 2.952071266e-10) (-9.565758887e-10 1.076215487 3.100866285e-09)
11.075            (6.540007105e-11 0.9781525815 -1.773306025e-10) (-9.157686938e-10 1.075234768 8.915105722e-10)
11.08             (-1.924349724e-10 0.9781665635 2.903254217e-11) (-9.662674966e-10 1.074254236 4.046261142e-10)
11.085            (-7.51428381e-12 0.9781810849 -1.85610039e-10) (-1.5090108e-09 1.073273418 7.852106619e-10)
11.09             (-1.485631921e-10 0.9781961516 -3.042984396e-11) (-1.556498101e-09 1.072292694 1.026017976e-09)
11.095            (1.502405996e-11 0.9782117652 -2.17341161e-10) (-1.523828938e-09 1.07131165 6.601748742e-10)
11.1              (-1.337919839e-10 0.9782279242 -4.335173091e-11) (-1.182658968e-09 1.070330681 7.272509855e-10)
11.105            (2.710824054e-11 0.9782446255 -1.238380231e-10) (-7.750338969e-10 1.069349313 9.869850994e-10)
11.11             (-2.195817774e-10 0.9782618637 1.952393236e-10) (4.4340206e-10 1.068367939 1.866500732e-09)
11.115            (7.213505091e-12 0.9782796305 -9.857918066e-11) (4.817528032e-10 1.067386123 1.237527577e-09)
11.12             (-2.360869189e-10 0.9782979154 2.086660945e-10) (6.615813552e-10 1.066404287 1.939189677e-09)
11.125            (-4.166006456e-11 0.9783167056 -2.927607283e-11) (-1.549236078e-11 1.06542199 2.549448454e-09)
11.13             (-1.794102027e-10 0.9783359865 1.203041646e-10) (2.744405888e-10 1.064439665 2.575560767e-09)
11.135            (5.243406795e-11 0.9783557424 -1.22261378e-10) (7.592230514e-10 1.063456804 2.102257961e-09)
11.14             (-1.712732182e-10 0.9783759557 1.071233496e-10) (7.112435381e-10 1.062473869 2.232882939e-09)
11.145            (-1.038509795e-10 0.9783966076 3.164978878e-11) (3.67669827e-10 1.061490357 2.605706569e-09)
11.15             (-1.79136299e-10 0.9784176779 1.101861369e-10) (2.13811875e-10 1.060506793 2.732012445e-09)
11.155            (-1.540748353e-11 0.9784391454 -5.273015345e-11) (3.184338229e-10 1.059522691 2.562493916e-09)
11.16             (-1.106497508e-10 0.9784609883 4.479860538e-11) (5.499639217e-10 1.058538628 2.269292448e-09)
11.165            (2.198041659e-11 0.9784831843 -8.817143095e-11) (7.453276447e-10 1.057553959 1.984297846e-09)
11.17             (-4.321968531e-11 0.9785057108 -1.622400396e-11) (5.167415756e-10 1.05656931 1.737210011e-09)
11.175            (1.84429876e-11 0.9785285452 -8.263509037e-11) (7.509171868e-10 1.055584022 1.911037603e-09)
11.18             (-3.007607382e-11 0.9785516648 -3.027394893e-11) (4.495287755e-10 1.054598833 1.561484915e-09)
11.185            (3.090128617e-11 0.9785750471 -9.313839592e-11) (7.885772145e-10 1.053613052 1.86532729e-09)
11.19             (-6.228704356e-11 0.9785986702 -2.651522332e-12) (7.58978103e-10 1.052627518 1.83167124e-09)
11.195            (-9.584713395e-12 0.9786225132 -5.954687843e-11) (8.78480216e-10 1.051641332 1.789385756e-09)
11.2              (-7.691521205e-11 0.9786465554 1.27155544e-11) (9.498438305e-10 1.050655441 1.662268816e-09)
11.205            (-6.911206137e-12 0.9786707767 -6.330615748e-11) (9.334030057e-10 1.049668888 1.615504949e-09)
11.21             (-7.698963589e-11 0.9786951573 2.949403632e-12) (8.28351311e-10 1.04868279 1.632802086e-09)
11.215            (-2.480446994e-12 0.9787196779 -6.577334296e-11) (9.346675236e-10 1.047696081 1.573753477e-09)
11.22             (-5.582280417e-11 0.9787443206 -1.910894713e-11) (1.089114215e-09 1.046710035 1.675964857e-09)
11.225            (-2.817441049e-11 0.9787690686 -3.537057275e-11) (1.14630234e-09 1.045723368 1.57327832e-09)
11.23             (-4.204325105e-11 0.9787939063 -1.110519631e-11) (1.226468072e-09 1.044737528 1.41685782e-09)
11.235            (3.23807509e-11 0.9788188192 -7.920348368e-11) (1.063655468e-09 1.043751076 1.320316793e-09)
11.24             (-1.632087318e-11 0.9788437937 -3.349289491e-11) (9.440779412e-10 1.042765689 1.174552812e-09)
11.245            (2.264908898e-10 0.9788688168 -2.869668728e-10) (1.927932546e-09 1.041779741 9.723935434e-10)
11.25             (-5.253831394e-11 0.978893877 -4.532892469e-12) (4.611360335e-10 1.040795141 1.17819793e-09)
11.255            (-2.420757264e-11 0.9789189637 -1.534879519e-11) (3.111393192e-10 1.039810016 1.201996674e-09)
11.26             (6.908486399e-11 0.9789440673 -9.220356528e-11) (3.012822425e-10 1.038826532 1.167502428e-09)
11.265            (-3.842224465e-11 0.9789691793 1.212831539e-11) (4.694080942e-10 1.037842575 1.053275979e-09)
11.27             (2.158962593e-11 0.9789942915 -5.268116531e-11) (7.75058804e-10 1.036860611 1.035435441e-09)
11.275            (-5.181116945e-12 0.9790193965 -2.33193164e-11) (1.025507523e-09 1.035878261 7.713284364e-10)
11.28             (-1.360862353e-10 0.9790444877 1.013596722e-10) (7.242522024e-10 1.034898308 1.037833972e-09)
11.285            (-4.057727569e-11 0.979069559 2.799530183e-12) (9.79960792e-10 1.033918054 1.118558147e-09)
11.29             (-3.365338235e-11 0.9790946054 -1.718645247e-12) (1.003566808e-09 1.032940621 1.151984225e-09)
11.295            (-4.997263832e-11 0.9791196224 1.4126891e-11) (9.443713604e-10 1.031962988 1.129565478e-09)
11.3              (-7.732546223e-11 0.9791446062 3.915810822e-11) (1.021474845e-09 1.03098865 1.042291879e-09)
11.305            (-4.214916758e-11 0.9791695534 3.460492714e-12) (1.021995415e-09 1.030014258 1.148438534e-09)
11.31             (-4.829002469e-11 0.9791944609 1.157788585e-11) (1.184425954e-09 1.029043701 1.083720591e-09)
11.315            (1.93961266e-11 0.979219326 -5.460294958e-11) (1.237413423e-09 1.028073215 1.085662289e-09)
11.32             (-2.43726988e-11 0.9792441465 -9.196916837e-12) (1.234278795e-09 1.027107102 9.639599959e-10)
11.325            (-5.937241189e-11 0.9792689204 2.585671905e-11) (1.144934289e-09 1.026141151 9.21803904e-10)
11.33             (-6.256538672e-11 0.9792936461 2.242645234e-11) (1.054642793e-09 1.025180114 8.357950205e-10)
11.335            (1.629757361e-11 0.9793183223 -5.516291802e-11) (9.691040589e-10 1.024219493 8.35697628e-10)
11.34             (-4.793180838e-11 0.9793429479 1.086009406e-11) (1.118949986e-09 1.02326452 9.953582274e-10)
11.345            (-1.824183417e-11 0.9793675219 -1.597362485e-11) (1.193544366e-09 1.022310139 1.207031399e-09)
11.35             (-3.685089877e-11 0.9793920437 5.415236173e-12) (1.270772967e-09 1.021362021 1.353323801e-09)
11.355            (-1.57634888e-11 0.9794165126 -1.314279765e-11) (1.342448926e-09 1.020414544 1.363181576e-09)
11.36             (-2.330206587e-11 0.9794409283 -8.007520876e-12) (1.374862438e-09 1.01947389 1.361807342e-09)
11.365            (-2.520270868e-11 0.9794652905 -8.349500856e-12) (1.409279683e-09 1.01853411 1.298688212e-09)
11.37             (-4.153503995e-11 0.979489599 9.273001491e-12) (1.517523188e-09 1.017601914 1.241608237e-09)
11.375            (-1.823092219e-11 0.9795138537 -1.157330702e-11) (1.503663984e-09 1.016670694 1.21270371e-09)
11.38             (-1.817597522e-11 0.9795380545 -1.177894752e-11) (1.671337417e-09 1.015747626 1.35688736e-09)
11.385            (-7.823692184e-12 0.9795622012 -2.440180521e-11) (1.908870746e-09 1.014825646 1.449136619e-09)
11.39             (-3.088335221e-11 0.9795862937 -2.655611597e-12) (1.941035458e-09 1.013912452 1.521766619e-09)
11.395            (-1.43368029e-11 0.9796103317 -2.009103981e-11) (1.95478634e-09 1.013000528 1.567381083e-09)
11.4              (-2.545392512e-11 0.9796343148 -1.062048035e-11) (2.016334779e-09 1.01209805 1.563412311e-09)
11.405            (-3.395456467e-11 0.9796582426 -1.055999471e-11) (2.20535732e-09 1.011196767 1.561285306e-09)
11.41             (-5.884428453e-11 0.9796821145 7.566297991e-12) (2.315991635e-09 1.0103053 1.55234436e-09)
11.415            (-5.698695161e-11 0.9797059296 7.092286432e-12) (2.210471191e-09 1.009414961 1.871540842e-09)
11.42             (-8.397244564e-11 0.9797296872 2.813134951e-11) (2.159544013e-09 1.008534872 1.824422471e-09)
11.425            (-5.106717037e-11 0.9797533861 -1.962837216e-12) (2.344663649e-09 1.007655942 1.91500075e-09)
11.43             (-7.558583494e-11 0.979777025 2.186062918e-11) (2.938577151e-09 1.0067877 1.31989626e-09)
11.435            (-1.308723478e-11 0.9798006029 -3.820326096e-11) (3.224695818e-09 1.005920451 1.347707781e-09)
11.44             (-6.411995453e-11 0.9798241187 2.552781461e-11) (3.188838821e-09 1.005064066 1.183343712e-09)
11.445            (1.447781428e-11 0.9798475714 -4.690191901e-11) (2.928867223e-09 1.004208415 1.473787253e-09)
11.45             (-7.922343275e-11 0.97987096 1.362531508e-11) (2.480000189e-09 1.003363723 1.625012609e-09)
11.455            (7.251059766e-12 0.9798942838 -4.216216343e-11) (3.073133084e-09 1.00251942 1.554697493e-09)
11.46             (-3.76670323e-11 0.9799175425 -2.645798332e-11) (2.735315515e-09 1.00168602 1.556408434e-09)
11.465            (5.287319648e-11 0.9799407356 -6.178339965e-11) (2.712715666e-09 1.000852788 2.005817388e-09)
11.47             (-6.090581765e-11 0.9799638632 9.561317628e-11) (2.634800473e-09 1.000030465 1.946208146e-09)
11.475            (4.765061554e-11 0.9799869254 -3.793173208e-11) (3.239065241e-09 0.9992078435 1.546826282e-09)
11.48             (-3.165202315e-11 0.9800099226 6.066284022e-12) (3.242644163e-09 0.9983957587 8.598840608e-10)
11.485            (4.567986888e-11 0.980032855 -6.206953627e-11) (2.863736358e-09 0.9975826677 1.300971734e-09)
11.49             (1.408139433e-11 0.9800557233 -1.076267713e-11) (2.774413793e-09 0.996779533 1.452097923e-09)
11.495            (-3.029580921e-12 0.9800785281 4.817950884e-12) (2.646395334e-09 0.9959750103 1.522854468e-09)
11.5              (-1.53805086e-11 0.9801012702 7.26499235e-12) (2.57938181e-09 0.9951801387 1.579565969e-09)
11.505            (-4.959172191e-11 0.9801239506 3.676658798e-11) (2.595252989e-09 0.9943832975 1.609325375e-09)
11.51             (1.099054656e-11 0.98014657 -1.327864342e-11) (2.491232497e-09 0.9935953841 1.58720467e-09)
11.515            (1.583640666e-11 0.9801691296 2.313583159e-11) (1.858424257e-09 0.9928047036 1.103913042e-09)
11.52             (-2.541162594e-11 0.9801916302 3.568410577e-11) (1.784326162e-09 0.9920220392 1.583814002e-09)
11.525            (-5.014339329e-12 0.980214073 -3.075168674e-13) (2.339569647e-09 0.9912345816 1.363775771e-09)
11.53             (6.419055179e-11 0.980236459 -5.108040135e-11) (1.785794647e-09 0.9904530249 1.158458317e-09)
11.535            (-2.827013831e-11 0.9802587892 1.983708063e-11) (2.22437364e-09 0.9896687151 1.644328928e-09)
11.54             (5.168907562e-11 0.9802810646 -6.016190086e-11) (2.339166621e-09 0.9888924628 1.641944984e-09)
11.545            (-6.600701413e-11 0.9803032862 4.733632558e-11) (2.520401471e-09 0.988112514 1.871089931e-09)
11.55             (-2.111984129e-11 0.9803254548 3.488958153e-12) (2.262233918e-09 0.9873382099 1.605120628e-09)
11.555            (-8.042408576e-11 0.9803475714 6.98295909e-11) (2.417005299e-09 0.9865572656 1.751468833e-09)
11.56             (-1.182611743e-11 0.9803696366 2.364233342e-12) (1.90509058e-09 0.9857792708 1.383740757e-09)
11.565            (-9.104095637e-12 0.9803916512 1.967004105e-12) (1.746463406e-09 0.9849954211 1.256751008e-09)
11.57             (9.965997259e-11 0.9804136158 -1.07991483e-10) (2.000375772e-09 0.9842154322 1.10939385e-09)
11.575            (3.319647963e-11 0.9804355308 -4.231404734e-11) (1.695277432e-09 0.983429432 1.5518409e-09)
11.58             (1.450615694e-11 0.9804573964 -2.3592059e-11) (1.668226409e-09 0.9826459383 1.48439942e-09)
11.585            (1.903118003e-12 0.980479213 -1.357409069e-11) (1.738101102e-09 0.9818550218 1.739011554e-09)
11.59             (1.481811676e-11 0.9805009805 -2.436448094e-11) (2.822529866e-09 0.9810648724 1.607725063e-09)
11.595            (-8.339579784e-12 0.9805226987 -2.058736277e-12) (2.25118636e-09 0.9802672192 1.515099569e-09)
11.6              (-1.796312657e-11 0.9805443674 1.051647001e-11) (1.294783451e-09 0.9794699876 2.750699063e-09)
11.605            (-1.336155795e-11 0.980565986 2.117506715e-12) (2.036241976e-09 0.9786652679 1.676114194e-09)
11.61             (-1.306330328e-12 0.9805875538 -2.202947451e-12) (2.398532054e-09 0.9778602165 2.147422883e-09)
11.615            (-9.576528174e-11 0.9806090699 8.772433113e-11) (1.768226443e-09 0.9770470699 1.770700711e-09)
11.62             (-1.710561561e-11 0.980630533 -8.030691263e-12) (1.947680907e-09 0.9762324175 1.331258375e-09)
11.625            (-6.92639576e-12 0.9806519419 -2.488568343e-11) (1.812168634e-09 0.9754094672 1.216296253e-09)
11.63             (2.740105118e-11 0.9806732951 -5.307830005e-11) (2.17674501e-09 0.9745844089 1.988329126e-09)
11.635            (-2.394073752e-11 0.9806945908 -1.437972843e-11) (2.00024876e-09 0.9737512937 1.199779082e-09)
11.64             (-4.522556572e-11 0.9807158265 -5.978606498e-12) (1.654987285e-09 0.9729157244 9.709296792e-10)
11.645            (-6.055866962e-11 0.9807369996 1.207154324e-11) (1.507154265e-09 0.972071984 9.422978642e-10)
11.65             (-2.84227851e-11 0.9807581073 -5.295769811e-12) (1.980018379e-09 0.9712250666 1.879286513e-09)
11.655            (5.097609638e-11 0.9807791465 -2.929442055e-11) (3.114842369e-09 0.9703699974 1.451785982e-09)
11.66             (-1.148281246e-11 0.9808001146 1.586286232e-11) (2.382048162e-09 0.9695113585 8.010587658e-10)
11.665            (1.855240448e-11 0.9808210085 5.067817242e-13) (2.520928986e-09 0.9686449048 2.116895326e-09)
11.67             (2.153221064e-11 0.9808418251 -1.081551623e-12) (3.246311568e-09 0.9677747316 1.981492824e-09)
11.675            (-3.910364958e-12 0.9808625609 3.638583129e-11) (3.799520789e-09 0.9668969584 2.865564786e-09)
11.68             (8.498524723e-13 0.980883212 4.114612232e-11) (3.181033652e-09 0.9660151737 2.448957843e-09)
11.685            (7.495041256e-11 0.9809037741 2.021146342e-11) (4.186513537e-09 0.9651260129 3.65339708e-09)
11.69             (1.44446546e-11 0.9809242427 3.404738084e-11) (3.467716839e-09 0.964232679 2.93732336e-09)
11.695            (3.751147061e-11 0.9809446132 6.61251509e-11) (4.390166438e-09 0.9633323753 3.865984122e-09)
11.7              (1.21084942e-11 0.9809648811 3.298138101e-11) (3.319929095e-09 0.9624279298 2.76237131e-09)
11.705            (-2.590345724e-11 0.9809850418 3.436573722e-12) (3.678869664e-09 0.9615169125 3.1485129e-09)
11.71             (1.300205163e-11 0.9810050907 3.323739742e-11) (3.576655281e-09 0.9606017679 3.159144874e-09)
11.715            (1.691521381e-11 0.981025023 7.833992199e-11) (4.754163854e-09 0.9596804166 3.987535751e-09)
11.72             (5.565969036e-12 0.9810448338 -4.146018312e-12) (3.663002808e-09 0.9587549831 3.139164774e-09)
11.725            (2.795519039e-11 0.9810645179 7.308901015e-11) (4.37249692e-09 0.9578237883 3.777112189e-09)
11.73             (-1.407512551e-10 0.9810840699 9.972267065e-11) (3.295102017e-09 0.9568886774 2.943630007e-09)
11.735            (-5.72794955e-11 0.9811034846 7.49024609e-11) (3.027552247e-09 0.9559482409 2.475229903e-09)
11.74             (5.986600949e-11 0.9811227565 -9.554413154e-11) (1.746827139e-09 0.9550040493 1.386267825e-09)
11.745            (7.123614281e-11 0.9811418802 -9.86825773e-11) (1.96986577e-09 0.9540549237 1.428057277e-09)
11.75             (-9.488355148e-11 0.9811608501 2.06136386e-11) (1.131892655e-09 0.953102212 8.156627004e-10)
11.755            (1.429994955e-10 0.9811796607 -2.47212299e-10) (1.382292981e-09 0.9521450427 2.660101228e-10)
11.76             (2.077187339e-11 0.9811983064 -8.288732701e-11) (1.972563497e-09 0.9511845666 1.046135471e-09)
11.765            (-1.085347576e-10 0.9812167813 1.619985295e-11) (2.232609672e-09 0.9502200617 1.834417387e-09)
11.77             (7.183636138e-11 0.9812350799 -1.852678696e-10) (1.414598267e-09 0.9492524646 1.002437747e-09)
11.775            (-3.207425195e-10 0.9812531963 1.757496298e-10) (4.629309655e-09 0.9482811665 -2.906759916e-09)
11.78             (-4.980565926e-11 0.9812711247 -2.224071318e-11) (2.354967661e-09 0.9473069511 7.719827116e-10)
11.785            (-2.12127585e-10 0.9812888591 1.183422783e-10) (1.188105085e-09 0.9463294466 2.637167679e-09)
11.79             (-2.441429035e-10 0.9813063938 6.741152821e-11) (2.09965514e-09 0.9453493308 2.740610834e-10)
11.795            (-1.096979809e-10 0.9813237228 3.248399185e-11) (2.781848799e-09 0.9443663582 1.225293974e-09)
11.8              (1.049208327e-10 0.9813408401 -1.700570607e-10) (2.216677026e-09 0.943381062 2.350112423e-09)
11.805            (-2.644664801e-10 0.9813577398 2.635158471e-10) (2.196601771e-09 0.9423931976 3.24406408e-09)
11.81             (-3.722078854e-10 0.9813744158 2.359721215e-10) (4.568143834e-09 0.9414031705 3.6842094e-10)
11.815            (1.061644501e-10 0.9813908621 -2.859079282e-10) (3.601090368e-09 0.940410891 1.25901005e-09)
11.82             (-1.281129844e-10 0.9814070725 -5.970927173e-11) (3.081575742e-09 0.9394167003 1.506750558e-09)
11.825            (-8.506810724e-11 0.9814230409 2.355504435e-11) (6.107057952e-09 0.9384206059 2.815764032e-09)
11.83             (2.573386096e-10 0.9814387611 -2.844306318e-10) (3.874016669e-09 0.9374228609 5.788022753e-09)
11.835            (-1.588558913e-10 0.9814542271 -6.747658285e-11) (7.214293577e-09 0.9364235422 1.017333734e-09)
11.84             (-1.06372534e-10 0.9814694331 7.802694425e-11) (4.342992562e-09 0.9354228175 6.041902648e-09)
11.845            (1.002101658e-10 0.9814843732 -9.527189983e-11) (5.485683877e-09 0.9344207328 5.007679101e-09)
11.85             (-1.794850674e-10 0.9814990415 -1.009986895e-11) (2.978568199e-09 0.9334173839 5.234450025e-09)
11.855            (-9.039515687e-11 0.9815134319 1.267545535e-10) (7.674162924e-09 0.932413003 3.604949461e-09)
11.86             (-1.160418968e-10 0.9815275383 -1.497917094e-10) (1.172503986e-09 0.931407651 7.391852089e-09)
11.865            (-2.758562205e-10 0.9815413547 -2.523812094e-11) (5.471497309e-09 0.9304016595 3.100484158e-09)
11.87             (2.854568011e-11 0.9815548759 -3.527196696e-10) (4.284250684e-09 0.9293950008 3.91008613e-09)
11.875            (1.06500424e-10 0.9815680969 -8.726166875e-11) (7.557440321e-09 0.9283876409 7.042158787e-09)
11.88             (9.354435599e-11 0.981581013 2.137438701e-10) (9.998812585e-09 0.9273794784 8.559923738e-09)
11.885            (5.352731812e-11 0.9815936197 3.407469979e-10) (1.092201174e-08 0.9263708893 8.864180397e-09)
11.89             (2.263992706e-11 0.9816059122 -7.366953844e-11) (7.732548058e-09 0.9253618505 6.597372299e-09)
11.895            (2.999143518e-11 0.9816178864 -4.004710628e-11) (7.476331791e-09 0.9243527554 7.223106011e-09)
11.9              (2.346437129e-10 0.9816295385 2.303220352e-10) (1.10509462e-08 0.9233434731 9.948874195e-09)
11.905            (2.016974689e-10 0.9816408657 8.129392454e-11) (9.231051697e-09 0.9223341126 9.203890315e-09)
11.91             (4.448813414e-10 0.9816518654 2.37908112e-10) (1.380682542e-08 0.9213244859 1.026823527e-08)
11.915            (-2.429120755e-10 0.9816625358 -1.197272768e-10) (6.60014494e-09 0.9203150954 3.982264966e-09)
11.92             (4.748048837e-10 0.9816728756 4.943176571e-10) (1.433352813e-08 0.9193058283 1.180837632e-08)
11.925            (6.932706848e-11 0.9816828842 1.15400395e-11) (7.365009087e-09 0.9182969384 1.118220157e-08)
11.93             (4.105779121e-10 0.9816925617 3.790165958e-11) (1.241412093e-08 0.9172882085 8.065578532e-09)
11.935            (1.675555289e-10 0.9817019094 6.28535576e-11) (8.189309722e-09 0.9162800075 9.558556268e-09)
11.94             (-8.226649993e-13 0.9817109289 -8.579215211e-11) (8.508244996e-09 0.9152721352 9.159545154e-09)
11.945            (-2.213943565e-10 0.9817196231 -2.876336532e-10) (7.6936212e-09 0.9142648752 5.865119287e-09)
11.95             (1.350181861e-10 0.9817279957 -5.369775212e-11) (8.811537144e-09 0.9132580102 9.977035223e-09)
11.955            (-1.402664189e-10 0.9817360513 -4.485428184e-13) (1.189003239e-08 0.9122519561 7.154980425e-09)
11.96             (-4.299809496e-10 0.9817437957 -3.78150372e-10) (8.453030764e-09 0.9112465187 7.297664228e-09)
11.965            (5.056018417e-11 0.9817512357 8.677111531e-11) (1.069750986e-08 0.9102419388 7.268281741e-09)
11.97             (-6.096831775e-11 0.9817583792 1.69111553e-11) (1.217166584e-08 0.909237989 7.055894435e-09)
11.975            (4.784018919e-10 0.9817652355 4.293481955e-10) (9.526231225e-09 0.908235026 9.005322732e-09)
11.98             (2.768803384e-11 0.9817718151 -9.343910222e-11) (8.654784738e-09 0.9072328632 9.362172448e-09)
11.985            (-1.375834379e-10 0.9817781296 -4.851931073e-11) (8.982308237e-09 0.9062317293 8.856873369e-09)
11.99             (-1.602105161e-10 0.9817841923 1.534291756e-11) (1.047293657e-08 0.9052314233 8.314069036e-09)
11.995            (4.404845416e-10 0.9817900176 3.56880963e-10) (1.009386119e-08 0.9042322511 9.281614719e-09)
12                (3.529965301e-11 0.981795621 -1.995950916e-10) (8.566486868e-09 0.9032340468 1.007451644e-08)
12.005            (2.66502592e-10 0.9818010196 -1.006587745e-10) (9.587598519e-09 0.9022369767 9.759264805e-09)
12.01             (5.54140797e-09 0.9818062311 5.527857776e-09) (3.86753087e-08 0.9012408577 3.5019538e-08)
12.015            (1.090148132e-10 0.9818112742 -7.68300217e-11) (9.98917728e-09 0.9002459612 1.005630831e-08)
12.02             (2.177412941e-10 0.9818161683 1.198821385e-11) (9.523838123e-09 0.8992521673 9.489716241e-09)
12.025            (-1.2270105e-10 0.9818209333 -3.923234804e-11) (9.897943371e-09 0.8982595785 9.533255891e-09)
12.03             (-2.412100214e-10 0.981825589 -2.414837374e-10) (8.1753054e-09 0.8972680522 7.816282109e-09)
12.035            (3.070503978e-10 0.9818301561 1.365004202e-10) (9.807131753e-09 0.8962777753 9.89636494e-09)
12.04             (1.648435496e-09 0.9818346549 1.54765361e-09) (1.401887626e-08 0.8952886497 1.347500171e-08)
12.045            (-1.329719903e-10 0.9818391057 -1.735573637e-10) (9.565823309e-09 0.8943007914 9.599370463e-09)
12.05             (-2.227027012e-10 0.9818435289 -2.779298907e-10) (9.837584412e-09 0.8933141238 9.536913726e-09)
12.055            (4.520224744e-10 0.9818479447 4.79270622e-10) (1.118575151e-08 0.8923286855 1.159713139e-08)
12.06             (9.621998697e-10 0.9818523728 7.65906762e-10) (1.324619883e-08 0.8913444358 1.346805647e-08)
12.065            (-3.413053445e-10 0.981856833 -7.571411117e-10) (9.398977837e-09 0.8903614985 9.696246683e-09)
12.07             (4.571075964e-10 0.9818613455 5.741225191e-10) (1.227387983e-08 0.8893798338 1.154908748e-08)
12.075            (-4.048271392e-10 0.9818659307 -2.674294133e-10) (1.010224691e-08 0.8883994603 9.876919211e-09)
12.08             (-5.205834056e-10 0.981870609 -1.083546451e-09) (8.635393786e-09 0.8874203674 9.25666763e-09)
12.085            (-2.387704274e-10 0.9818754006 -3.935404642e-10) (1.014547744e-08 0.8864425049 1.023431823e-08)
12.09             (-1.362900889e-10 0.981880325 -1.263054622e-10) (1.04879455e-08 0.8854658864 1.014154899e-08)
12.095            (2.609701037e-10 0.9818854016 -3.977507398e-10) (1.056886446e-08 0.8844906317 1.024550442e-08)
12.1              (1.402589334e-10 0.9818906485 1.249487806e-11) (1.067138078e-08 0.8835167911 1.043445116e-08)
12.105            (1.560620182e-10 0.9818960835 1.64529761e-10) (1.06176025e-08 0.8825442958 1.067831172e-08)
12.11             (4.678935105e-10 0.981901723 -1.071822479e-10) (1.066206433e-08 0.8815731812 1.042020734e-08)
12.115            (4.526943583e-10 0.9819075824 8.395184096e-11) (1.05668282e-08 0.8806034642 1.046159384e-08)
12.12             (2.521670042e-10 0.9819136757 4.118398483e-10) (1.057700536e-08 0.8796352409 1.039381207e-08)
12.125            (4.21505324e-10 0.9819200157 2.990165339e-10) (1.050751769e-08 0.878668363 1.045783063e-08)
12.13             (3.84972229e-10 0.9819266139 3.771148999e-10) (1.050881957e-08 0.8777029248 1.041969799e-08)
12.135            (3.994947905e-10 0.9819334804 3.358521766e-10) (1.037121866e-08 0.8767391819 1.055096578e-08)
12.14             (3.660624042e-10 0.9819406241 3.084890135e-10) (1.04583575e-08 0.8757772871 1.054536414e-08)
12.145            (4.290665075e-10 0.9819480523 1.916314491e-10) (1.041474611e-08 0.8748176569 1.062711436e-08)
12.15             (3.911940869e-10 0.9819557721 1.835330181e-10) (1.053279104e-08 0.873860332 1.053725213e-08)
12.155            (5.011340037e-10 0.9819637893 3.124298331e-11) (1.037044076e-08 0.8729042089 1.067149032e-08)
12.16             (3.588298211e-10 0.9819721082 1.55862772e-10) (1.060769846e-08 0.8719492699 1.04868178e-08)
12.165            (2.523923241e-10 0.98198073 1.802988536e-10) (1.065052891e-08 0.8709964982 1.037323824e-08)
12.17             (2.007387066e-10 0.9819896539 2.084617917e-10) (1.068622564e-08 0.8700463351 1.031886745e-08)
12.175            (2.22388467e-10 0.9819988789 2.32924041e-10) (1.06769229e-08 0.8690989418 1.038267515e-08)
12.18             (1.925974392e-10 0.982008405 -1.548166248e-12) (1.037518792e-08 0.8681542952 1.052813139e-08)
12.185            (-2.637204143e-10 0.9820182331 -3.239479581e-10) (1.008847102e-08 0.8672120507 1.030034202e-08)
12.19             (-2.443982672e-10 0.9820283619 -3.03695392e-10) (1.036421961e-08 0.8662722574 1.008604432e-08)
12.195            (-1.151699342e-10 0.9820387875 -1.006918483e-10) (1.037805731e-08 0.8653354439 1.02316458e-08)
12.2              (-7.589569081e-11 0.9820495042 -6.217496041e-11) (1.021553864e-08 0.8644018605 1.02553529e-08)
12.205            (-1.142348017e-10 0.9820605058 -1.157773042e-10) (1.017882077e-08 0.8634718886 1.040741372e-08)
12.21             (2.221819199e-10 0.9820717866 3.186938362e-11) (1.046732428e-08 0.8625455958 1.037737935e-08)
12.215            (3.650890531e-10 0.9820833406 2.94057641e-10) (1.060765711e-08 0.8616231538 1.05408932e-08)
12.22             (1.657349128e-10 0.9820951611 3.866184117e-10) (1.064349438e-08 0.8607046051 1.034771165e-08)
12.225            (9.401623978e-10 0.9821072407 8.816416578e-10) (1.117728362e-08 0.8597904449 1.098877238e-08)
12.23             (7.70128172e-10 0.9821195716 5.971965235e-10) (1.074377127e-08 0.8588807768 1.080522403e-08)
12.235            (2.823145133e-10 0.9821321456 5.114242734e-10) (1.053247448e-08 0.8579761841 1.067523291e-08)
12.24             (6.52476552e-10 0.9821449546 4.979151921e-10) (1.089774982e-08 0.8570766988 1.061606326e-08)
12.245            (4.293853349e-10 0.9821579902 6.310260074e-10) (9.968316847e-09 0.8561828996 1.084382093e-08)
12.25             (1.157649192e-09 0.9821712438 1.360261164e-09) (1.18785611e-08 0.8552947625 1.174082061e-08)
12.255            (3.884549625e-10 0.9821847069 2.156820971e-10) (1.052020655e-08 0.854413022 1.036477966e-08)
12.26             (1.958042033e-10 0.9821983711 4.090862907e-10) (1.059375383e-08 0.8535376386 1.06949995e-08)
12.265            (7.389570347e-10 0.9822122278 5.908289495e-10) (1.079769386e-08 0.8526694921 1.088225927e-08)
12.27             (3.385726519e-10 0.9822262688 2.329990365e-10) (1.055277512e-08 0.8518084832 1.029644199e-08)
12.275            (6.718053989e-10 0.9822404857 6.203105638e-10) (1.089616815e-08 0.8509555738 1.080235048e-08)
12.28             (3.667265101e-10 0.9822548708 4.501424437e-10) (1.051411128e-08 0.8501105913 1.044926365e-08)
12.285            (7.488067107e-10 0.9822694162 8.611976578e-10) (1.085104455e-08 0.8492746391 1.098157955e-08)
12.29             (5.969214483e-10 0.9822841143 6.770421605e-10) (1.076502041e-08 0.8484474835 1.052119836e-08)
12.295            (6.147025189e-10 0.982298958 6.132550227e-10) (1.088382653e-08 0.8476303724 1.084356698e-08)
12.3              (3.167199721e-10 0.9823139403 2.319525807e-10) (1.053418499e-08 0.8468229936 1.052803969e-08)
12.305            (-1.172497641e-11 0.9823290543 -7.470987762e-11) (1.032888138e-08 0.8460267368 1.030892551e-08)
12.31             (1.683954476e-10 0.9823442939 7.061167754e-12) (1.065199657e-08 0.845241206 1.031552052e-08)
12.315            (2.839664369e-13 0.9823596527 1.251966595e-10) (1.039144565e-08 0.8444679429 1.046000727e-08)
12.32             (-8.32312733e-11 0.9823751248 2.781246806e-10) (1.072507078e-08 0.8437064621 1.031365341e-08)
12.325            (5.630976763e-11 0.9823907047 3.658235756e-11) (1.061966299e-08 0.8429584443 1.059246369e-08)
12.33             (-6.277337248e-11 0.9824063867 8.35276912e-11) (1.0565404e-08 0.8422233073 1.051472511e-08)
12.335            (1.223279582e-10 0.9824221657 -3.920018689e-11) (1.057534514e-08 0.8415028879 1.056685385e-08)
12.34             (-6.76668475e-10 0.9824380363 7.661305819e-10) (1.10491708e-08 0.8407965147 1.014533956e-08)
12.345            (-2.23167377e-10 0.9824539939 -5.008347696e-11) (1.049495238e-08 0.8401061624 1.021410949e-08)
12.35             (-3.24458601e-11 0.9824700334 -1.075097935e-10) (1.044552435e-08 0.8394310456 1.055795388e-08)
12.355            (-1.134215005e-10 0.9824861504 -5.901613885e-11) (1.055583232e-08 0.8387732548 1.046883675e-08)
12.36             (5.632411478e-11 0.9825023403 4.67182401e-11) (1.063518132e-08 0.8381318941 1.063930338e-08)
12.365            (1.793923664e-10 0.9825185988 1.727791132e-10) (1.078329987e-08 0.8375092065 1.072309537e-08)
12.37             (-1.902271732e-10 0.9825349218 -1.887940875e-10) (1.027971759e-08 0.8369042093 1.026566128e-08)
12.375            (1.274550812e-12 0.9825513052 -1.091176108e-11) (1.048830875e-08 0.8363192815 1.046329433e-08)
12.38             (-1.031091475e-10 0.9825677451 4.234332608e-11) (1.04359585e-08 0.8357533495 1.064306711e-08)
12.385            (4.429828264e-11 0.982584238 -5.469687865e-11) (1.039151323e-08 0.8352088233 1.052868724e-08)
12.39             (-2.438086445e-10 0.9826007804 -4.376757669e-10) (1.014239573e-08 0.8346845231 1.023184877e-08)
12.395            (-1.130465176e-10 0.9826173689 -2.106889648e-10) (1.019491567e-08 0.8341829293 1.096142795e-08)
12.4              (-2.12818885e-10 0.9826340006 -1.829822402e-10) (1.04096486e-08 0.8337027922 1.053218926e-08)
12.405            (-2.163602455e-10 0.9826506724 -2.151118699e-10) (1.036415241e-08 0.8332466701 1.038350221e-08)
12.41             (-2.609445878e-10 0.982667381 -3.199490354e-11) (1.053327284e-08 0.8328132505 1.036019033e-08)
12.415            (-7.793995917e-10 0.9826841235 5.349865869e-10) (1.085166619e-08 0.8324050753 1.00636834e-08)
12.42             (-1.364789087e-10 0.9827008966 -1.780785346e-10) (1.035595631e-08 0.832020767 1.032574519e-08)
12.425            (-2.56069637e-10 0.9827176974 -1.677133297e-11) (1.034230968e-08 0.8316628541 1.028078121e-08)
12.43             (-1.287197674e-10 0.9827345229 -1.103508553e-10) (1.03039572e-08 0.8313299253 1.030536538e-08)
12.435            (1.377230708e-10 0.9827513698 1.624115712e-10) (1.05310704e-08 0.831024426 1.062195137e-08)
12.44             (-1.146713303e-10 0.9827682351 -1.006007519e-10) (1.026049888e-08 0.8307449256 1.034357617e-08)
12.445            (-2.311935655e-10 0.9827851156 1.992343925e-10) (1.059031199e-08 0.8304937285 1.035880339e-08)
12.45             (-1.768786283e-11 0.9828020083 -2.184818117e-10) (1.027159799e-08 0.8302694152 1.039010504e-08)
12.455            (-1.209296927e-10 0.9828189099 -7.078323906e-11) (1.034312272e-08 0.8300742622 1.040711456e-08)
12.46             (-1.136169716e-10 0.9828358176 -2.499991248e-11) (1.038373539e-08 0.8299068909 1.039660422e-08)
12.465            (-5.743777217e-11 0.9828527282 -6.792011589e-11) (1.035665071e-08 0.82976935 1.040546855e-08)
12.47             (-9.260449837e-11 0.9828696389 -7.313129371e-11) (1.031224987e-08 0.8296602779 1.037203502e-08)
12.475            (-8.724197266e-11 0.9828865468 -5.930874508e-11) (1.031097854e-08 0.8295814533 1.035603595e-08)
12.48             (-7.105715199e-11 0.9829034491 -4.862992689e-11) (1.031242245e-08 0.8295315883 1.034856053e-08)
12.485            (-6.128179413e-11 0.9829203432 -4.699699012e-11) (1.030496445e-08 0.8295122752 1.03343701e-08)
12.49             (-5.273719603e-11 0.9829372266 -4.374421318e-11) (1.029044163e-08 0.829522338 1.03349713e-08)
12.495            (-5.13350159e-11 0.982954097 -4.257247294e-11) (1.027653949e-08 0.8295630925 1.033098288e-08)
12.5              (-2.586570016e-11 0.9829709521 -6.078752596e-11) (1.029788947e-08 0.8296334639 1.02916608e-08)
12.505            (-3.384807022e-11 0.98298779 -2.654442614e-11) (1.026292831e-08 0.8297344275 1.032381392e-08)
12.51             (-2.534667453e-11 0.9830046088 -1.493310435e-11) (1.023780019e-08 0.829865034 1.033572313e-08)
12.515            (-1.684489333e-11 0.9830214069 -1.009186025e-11) (1.023466319e-08 0.8300259553 1.032403667e-08)
12.52             (-9.740241896e-12 0.9830381827 -1.477214639e-12) (1.022736865e-08 0.8302164003 1.032098369e-08)
12.525            (-3.713151604e-12 0.983054935 6.518532343e-12) (1.021593252e-08 0.8304367628 1.032038323e-08)
12.53             (2.772099464e-12 0.9830716627 1.324922273e-11) (1.021542636e-08 0.83068641 1.030874802e-08)
12.535            (8.24679087e-12 0.9830883649 8.531822111e-11) (1.029780425e-08 0.8309652571 1.03310175e-08)
12.54             (5.346405506e-11 0.9831050409 6.464558144e-11) (1.027597715e-08 0.8312728261 1.030157004e-08)
12.545            (8.052173024e-11 0.9831216903 8.513260773e-11) (1.021457668e-08 0.8316088496 1.030442026e-08)
12.55             (9.49048072e-11 0.983138313 8.782799734e-11) (1.018704339e-08 0.8319730649 1.028902098e-08)
12.555            (-1.591923824e-10 0.9831549089 -7.24076441e-11) (1.019439857e-08 0.8323647371 9.940820013e-09)
12.56             (-4.009907224e-11 0.9831714786 -6.259011379e-11) (1.020825987e-08 0.8327837516 1.024202356e-08)
12.565            (-2.121358209e-11 0.9831880225 -1.94678949e-11) (1.011687581e-08 0.8332290823 1.02238255e-08)
12.57             (-1.047023618e-11 0.9832045418 1.119337918e-12) (1.006923628e-08 0.8337008248 1.021299311e-08)
12.575            (-6.810472096e-11 0.9832210376 -4.136647678e-11) (1.010475304e-08 0.8341976781 1.008714235e-08)
12.58             (-1.763892304e-10 0.9832375117 -1.684835673e-10) (9.913192182e-09 0.8347199199 1.011558619e-08)
12.585            (-3.283896803e-10 0.983253966 -3.124280282e-10) (9.94888749e-09 0.8352659053 9.923310696e-09)
12.59             (-4.47018012e-10 0.9832704028 -4.252857321e-10) (9.805335072e-09 0.8358360783 9.975350224e-09)
12.595            (-5.020161133e-10 0.9832868245 -4.712341145e-10) (9.882774031e-09 0.8364285591 9.877923627e-09)
12.6              (-5.216391417e-10 0.983303234 -4.844632312e-10) (9.800988828e-09 0.8370439759 9.960565373e-09)
12.605            (-6.385317179e-10 0.9833196346 -5.985756438e-10) (9.792041655e-09 0.8376802305 9.809390184e-09)
12.61             (-6.713731986e-10 0.9833360295 -6.28336376e-10) (9.730808039e-09 0.8383381046 9.864999279e-09)
12.615            (-7.885284024e-10 0.9833524227 -7.38395769e-10) (9.713150259e-09 0.8390152806 9.735490606e-09)
12.62             (-7.801679707e-10 0.983368818 -7.25954528e-10) (9.687301521e-09 0.8397126739 9.813826711e-09)
12.625            (-2.167995285e-10 0.9833852198 -2.253072689e-10) (1.021386459e-08 0.8404278192 1.014124131e-08)
12.63             (-4.972167483e-10 0.9834016326 -5.612898254e-10) (9.695493491e-09 0.8411617624 9.766899314e-09)
12.635            (-6.435546318e-10 0.9834180614 -6.897448135e-10) (9.658947246e-09 0.8419119502 9.671035077e-09)
12.64             (-8.227222456e-10 0.9834345112 -8.698664175e-10) (9.553362261e-09 0.8426795337 9.608614348e-09)
12.645            (-8.323920287e-10 0.9834509876 -8.806039298e-10) (9.594913673e-09 0.8434618205 9.605958302e-09)
12.65             (-8.889704363e-10 0.9834674965 -9.373489796e-10) (9.541386098e-09 0.8442600395 9.578761161e-09)
12.655            (-9.10450236e-10 0.9834840441 -9.544195262e-10) (9.51328543e-09 0.8450715086 9.549877292e-09)
12.66             (-8.377454907e-10 0.9835006369 -8.650073904e-10) (9.540670859e-09 0.8458975379 9.567938424e-09)
12.665            (-2.825628524e-10 0.983517282 -2.958008867e-10) (1.004721172e-08 0.8467354285 1.016517027e-08)
12.67             (-6.143313344e-11 0.9835339865 -6.093451877e-11) (1.004381458e-08 0.8475865248 1.009938636e-08)
12.675            (-4.241735387e-10 0.9835507584 -4.156679107e-10) (9.794517674e-09 0.8484481002 9.784840871e-09)
12.68             (-3.542183641e-10 0.9835676055 -3.411564083e-10) (9.746619663e-09 0.8493215281 9.735229179e-09)
12.685            (-3.149009264e-10 0.983584536 -3.035931675e-10) (9.697897062e-09 0.8502042266 9.741409095e-09)
12.69             (-4.149229472e-10 0.9836015586 -3.991417938e-10) (9.789777348e-09 0.8510975953 9.540209308e-09)
12.695            (-2.404815146e-10 0.983618682 -2.329620062e-10) (9.776271003e-09 0.8519990677 9.855726163e-09)
12.7              (-1.726728416e-10 0.9836359151 -1.695048351e-10) (9.816373245e-09 0.8529100134 9.906360832e-09)
12.705            (-9.975246827e-11 0.9836532672 -9.453235782e-11) (9.909494114e-09 0.8538279406 9.917689853e-09)
12.71             (-6.824509444e-12 0.9836707478 -2.153117042e-12) (9.962526176e-09 0.8547542027 1.00196068e-08)
12.715            (4.027279164e-10 0.9836883664 4.049314981e-10) (1.008898399e-08 0.8556864802 1.022105247e-08)
12.72             (1.771303234e-10 0.9837061328 1.842370507e-10) (1.032163668e-08 0.8566261003 1.043801443e-08)
12.725            (2.849205574e-10 0.9837240572 2.984645543e-10) (1.02301742e-08 0.857570842 1.030454533e-08)
12.73             (7.357510544e-10 0.9837421497 7.56245564e-10) (1.08261846e-08 0.8585219829 1.069715131e-08)
12.735            (5.993420131e-10 0.9837604208 6.071278604e-10) (1.042576266e-08 0.8594774299 1.054475396e-08)
12.74             (5.419421918e-10 0.9837788811 5.529044452e-10) (1.049724421e-08 0.8604384029 1.065657631e-08)
12.745            (6.246198551e-10 0.9837975412 6.297222427e-10) (1.05140863e-08 0.8614029919 1.067017357e-08)
12.75             (3.671948497e-10 0.9838164116 3.761413505e-10) (1.050297338e-08 0.8623723631 1.046877303e-08)
12.755            (7.11117444e-10 0.9838355032 7.190184457e-10) (1.017691447e-08 0.8633447142 1.033991498e-08)
12.76             (7.750727837e-10 0.9838548269 7.80351148e-10) (1.011799623e-08 0.8643211323 1.026960535e-08)
12.765            (5.343455189e-10 0.9838743939 5.435999107e-10) (9.978901182e-09 0.8652999706 1.017675491e-08)
12.77             (4.413946681e-10 0.983894215 4.497917451e-10) (9.944030823e-09 0.8662822413 1.005746042e-08)
12.775            (4.477426823e-10 0.9839143011 4.589986338e-10) (9.838248712e-09 0.8672664428 1.003469523e-08)
12.78             (4.530714943e-10 0.983934663 4.563815792e-10) (9.832304086e-09 0.8682535052 9.951275694e-09)
12.785            (4.345249266e-10 0.983955311 4.487472763e-10) (9.718028367e-09 0.8692420818 9.908081746e-09)
12.79             (4.250031719e-10 0.9839762554 4.216656886e-10) (9.659900408e-09 0.8702330281 9.777757377e-09)
12.795            (3.791530151e-10 0.9839975061 3.96534121e-10) (9.549149113e-09 0.8712251122 9.735224449e-09)
12.8              (3.452726015e-10 0.9840190728 3.372276692e-10) (9.510392054e-09 0.872219106 9.643416101e-09)
12.805            (2.745313702e-10 0.9840409646 3.062495008e-10) (9.421411479e-09 0.8732139697 9.608521599e-09)
12.81             (2.498413025e-10 0.9840631902 2.209872887e-10) (9.382411498e-09 0.8742103974 9.533553744e-09)
12.815            (1.431127999e-10 0.9840857577 1.973047315e-10) (9.329985234e-09 0.8752074972 9.510157056e-09)
12.82             (7.529047383e-11 0.9841086749 -6.756177331e-12) (9.313262877e-09 0.8762058619 9.492960137e-09)
12.825            (-1.394647729e-11 0.9841319485 1.313290689e-10) (9.256390545e-09 0.8772044911 9.439840471e-09)
12.83             (1.026111371e-10 0.9841555848 -7.92218387e-11) (9.221629793e-09 0.8782038872 9.380797465e-09)
12.835            (-1.120729632e-11 0.9841795891 2.044971596e-10) (9.262633255e-09 0.8792032177 9.404235642e-09)
12.84             (4.624786084e-09 0.9842039661 4.563534384e-09) (9.382783318e-09 0.880202984 9.077652693e-09)
12.845            (1.758357712e-11 0.9842287194 2.315065487e-10) (9.244357118e-09 0.8812030514 9.24194115e-09)
12.85             (4.153229338e-09 0.9842538516 3.612604938e-09) (9.286374554e-09 0.8822038484 1.05217042e-08)
12.855            (1.680081491e-10 0.9842793642 -4.9582911e-10) (9.061873374e-09 0.8832043767 8.691264214e-09)
12.86             (6.238650143e-10 0.9843052576 -3.217848271e-10) (1.187103073e-08 0.8842048129 7.957587345e-09)
12.865            (-1.198625677e-09 0.9843315311 -1.753720075e-10) (1.101251083e-08 0.8852047159 6.116908935e-09)
12.87             (-1.55970864e-09 0.9843581825 3.489578423e-09) (1.497081305e-08 0.8862044291 5.861040222e-09)
12.875            (-1.428111325e-09 0.9843852084 1.084978141e-09) (9.2458093e-09 0.8872037916 8.740311558e-09)
12.88             (-9.300163354e-10 0.9844126042 -1.12752657e-09) (9.10561041e-09 0.8882030419 9.174596553e-09)
12.885            (-1.606640556e-10 0.9844403635 -1.27730034e-09) (9.749154114e-09 0.8892014871 1.035095046e-08)
12.89             (6.734880197e-10 0.9844684788 -1.657755631e-09) (6.320149113e-09 0.8901992242 1.482749274e-08)
12.895            (-3.111340579e-10 0.9844969414 2.508047677e-10) (9.36587796e-09 0.8911962642 1.009677526e-08)
12.9              (-3.212006612e-10 0.9845257413 3.937854497e-10) (1.000032231e-08 0.8921928108 9.550630873e-09)
12.905            (7.192449973e-10 0.9845548668 -1.322229933e-09) (9.84571482e-09 0.8931888591 1.041126021e-08)
12.91             (8.902419362e-11 0.9845843039 1.846932114e-10) (9.749510724e-09 0.8941844304 9.529404099e-09)
12.915            (3.524666857e-10 0.9846140362 4.414152518e-11) (9.611123874e-09 0.8951792232 9.506348546e-09)
12.92             (3.213786994e-10 0.9846440466 3.389216599e-10) (9.459327285e-09 0.8961731855 9.094977389e-09)
12.925            (-1.711629031e-09 0.9846743176 4.629661227e-10) (1.332512664e-08 0.8971663826 9.513261653e-09)
12.93             (1.349340999e-09 0.9847048323 -2.550502085e-09) (-5.770346647e-09 0.8981587971 -1.641980986e-09)
12.935            (-1.632869319e-09 0.9847355724 -1.571491617e-10) (-1.22437174e-08 0.8991505591 -1.376910489e-08)
12.94             (1.244771327e-10 0.9847665167 -1.677465717e-09) (-8.908687788e-09 0.9001415827 -6.509895688e-09)
12.945            (-1.822567406e-09 0.9847976412 1.750303933e-10) (-1.079398889e-08 0.9011319067 -1.287137776e-08)
12.95             (4.580827614e-10 0.9848289205 -2.077168708e-09) (-9.916411736e-09 0.9021213715 -8.407675277e-09)
12.955            (-6.17120384e-10 0.9848603297 1.242248348e-10) (-8.233358428e-09 0.9031101572 -9.323938675e-09)
12.96             (7.681533409e-10 0.9848918441 -2.308592134e-09) (-1.248921399e-08 0.9040980982 -8.576700071e-09)
12.965            (-1.330460207e-09 0.984923438 1.93680168e-10) (-2.496029863e-09 0.9050854341 -3.113555073e-09)
12.97             (2.50004236e-10 0.9849550845 -9.847851742e-10) (-8.707530843e-09 0.9060719502 -7.752102174e-09)
12.975            (-2.222066946e-09 0.9849867559 8.439066581e-10) (-7.888651341e-09 0.9070578891 -1.16336968e-08)
12.98             (3.788083231e-10 0.9850184239 -1.327191352e-09) (-3.881580327e-09 0.9080429971 -1.013543088e-09)
12.985            (-1.043573896e-09 0.9850500608 4.024968686e-10) (-6.545108505e-09 0.909027569 -8.73331652e-09)
12.99             (1.029889735e-09 0.9850816387 -2.259296637e-09) (-1.128841548e-08 0.9100113356 -6.967658907e-09)
12.995            (-1.559344409e-09 0.9851131296 4.721167687e-10) (-6.460523484e-09 0.9109946483 -6.485238854e-09)
13                (4.982986698e-10 0.9851445054 -1.348858912e-09) (-9.33365495e-09 0.911977212 -7.665685519e-09)
13.005            (-1.749016641e-09 0.9851757383 9.671601765e-10) (2.991249546e-10 0.912959387 -6.390181398e-09)
13.01             (4.68873445e-10 0.9852068005 -6.422614785e-10) (-4.898986539e-09 0.9139408467 -3.348044913e-09)
13.015            (-2.334047345e-09 0.9852376651 1.50209274e-09) (-4.835540558e-09 0.9149219767 -1.000860865e-08)
13.02             (7.416813992e-10 0.9852683062 -1.487905302e-09) (-4.362598001e-09 0.9159024337 -6.356915712e-09)
13.025            (-1.203962775e-09 0.9852986986 6.051816511e-10) (-5.75656509e-09 0.9168826383 -8.45363672e-09)
13.03             (1.747055686e-09 0.9853288183 -2.235188079e-09) (-5.223689195e-09 0.9178622293 5.389325989e-09)
13.035            (-1.274450117e-09 0.9853586421 8.11086293e-10) (-4.540380903e-09 0.9188416406 -4.884894512e-09)
13.04             (-4.10310083e-10 0.9853881478 2.145414916e-10) (1.058855481e-08 0.9198204898 1.0333185e-08)
13.045            (-1.324084101e-09 0.9854173147 8.529899071e-10) (2.776613765e-09 0.9207992254 6.22014222e-09)
13.05             (1.03216408e-09 0.9854461234 -1.505507683e-09) (-7.996922126e-09 0.9217774482 -4.259905016e-09)
13.055            (-2.389068078e-09 0.9854745559 1.962315869e-09) (-1.247591568e-09 0.9227556262 -7.652808801e-09)
13.06             (2.434428381e-10 0.985502596 -7.77193277e-10) (-3.807432304e-09 0.9237333421 -7.20182173e-09)
13.065            (-1.508176895e-09 0.9855302287 1.166706446e-09) (-3.03616646e-09 0.924711077 -7.501682392e-09)
13.07             (1.795401611e-09 0.9855574412 -2.280438123e-09) (-1.021018647e-08 0.9256883919 -2.524044981e-09)
13.075            (-8.466666809e-10 0.9855842219 6.079861559e-10) (-4.328855659e-09 0.9266657836 -4.487871692e-09)
13.08             (-4.038260907e-10 0.9856105612 -9.076052325e-12) (5.47624174e-09 0.9276427911 4.946806113e-09)
13.085            (-3.660741889e-10 0.9856364512 3.283760225e-11) (5.213363039e-09 0.9286199292 6.264397785e-09)
13.09             (9.502343317e-10 0.9856618858 -1.178237471e-09) (-4.596680132e-09 0.9295967121 -1.549367326e-09)
13.095            (-2.238388482e-09 0.9856868607 1.921125646e-09) (-3.672311853e-09 0.9305736717 -7.883809282e-09)
13.1              (2.341335833e-10 0.9857113731 -6.287653043e-10) (5.493001865e-09 0.9315502901 4.772461116e-09)
13.105            (2.403168291e-11 0.9857354221 -3.247503704e-10) (8.878619381e-09 0.9325271232 -6.348590205e-10)
13.11             (4.092281351e-11 0.9857590083 -2.737330771e-10) (-1.749267865e-09 0.9335036177 -3.946818992e-09)
13.115            (-1.657318618e-09 0.9857821342 1.407388074e-09) (-5.612804163e-09 0.9344803617 -3.62173589e-09)
13.12             (-3.391646888e-10 0.9858048035 3.83903077e-11) (9.629860729e-09 0.9354567578 9.208775859e-09)
13.125            (-7.603478237e-11 0.9858270219 -1.94354418e-10) (9.551236249e-09 0.9364334287 9.883373215e-09)
13.13             (2.469567768e-09 0.9858487958 -2.670666593e-09) (4.459910555e-09 0.9374097232 1.371729267e-08)
13.135            (-5.930381489e-11 0.9858701328 -1.748199828e-10) (9.167509926e-09 0.938386335 9.388930517e-09)
13.14             (-1.476086253e-10 0.9858910414 -9.898568403e-11) (9.1141994e-09 0.9393625503 8.860587712e-09)
13.145            (-3.943538654e-10 0.985911531 1.520574978e-10) (8.838577925e-09 0.9403390492 9.533585157e-09)
13.15             (-9.507076758e-11 0.985931613 -1.732467174e-10) (3.069522068e-09 0.9413150585 5.760731704e-10)
13.155            (2.24053934e-10 0.9859513 -4.870081664e-10) (2.02510806e-09 0.9422913186 2.745250037e-09)
13.16             (-1.362942738e-11 0.9859706056 -2.474851721e-10) (3.8738579e-09 0.9432669625 3.232132888e-09)
13.165            (-2.262222082e-10 0.9859895435 -3.622174532e-11) (4.860205971e-09 0.9442429146 4.582527475e-09)
13.17             (-2.122341983e-10 0.9860081272 -5.78999153e-11) (6.39985557e-09 0.9452182117 5.634270773e-09)
13.175            (-1.952744226e-10 0.9860263703 -8.371419965e-11) (7.375494971e-09 0.9461938089 6.740279504e-09)
13.18             (-2.056883847e-10 0.9860442869 -7.37429179e-11) (7.557274139e-09 0.9471686152 8.570670703e-09)
13.185            (-2.088231686e-10 0.9860618919 -7.163463403e-11) (9.720030302e-09 0.9481436548 1.008408717e-08)
13.19             (-1.748304666e-10 0.9860792005 -1.109333846e-10) (1.261559962e-08 0.9491176961 8.980414959e-09)
13.195            (-1.900801393e-10 0.986096228 -1.002248609e-10) (1.452717471e-08 0.9500919267 1.366866507e-08)
13.2              (-2.160766157e-10 0.9861129897 -7.584430676e-11) (1.375220754e-08 0.9510649878 1.507924749e-08)
13.205            (-5.835388839e-11 0.9861295003 -2.092216665e-10) (1.114115822e-08 0.9520383597 1.080581774e-08)
13.21             (-5.534380861e-10 0.9861457748 2.861104643e-10) (1.063002484e-08 0.9530105188 1.08473431e-08)
13.215            (5.87347187e-10 0.9861618278 -8.572822495e-10) (1.083263493e-08 0.9539837198 7.828085503e-09)
13.22             (1.478367191e-10 0.9861776739 -4.240096866e-10) (1.026348133e-08 0.9549561479 1.046180349e-08)
13.225            (1.399066297e-09 0.9861933273 -1.6517203e-09) (6.028600227e-09 0.9559273058 8.190130941e-09)
13.23             (-7.110659862e-11 0.9862088018 -1.823586942e-10) (8.91842157e-09 0.9568950149 8.501085252e-09)
13.235            (-3.502985339e-10 0.9862241108 9.31852657e-11) (1.065794169e-08 0.9578623671 1.102349818e-08)
13.24             (5.997079048e-11 0.9862392666 -3.160378267e-10) (1.063831827e-08 0.9588278068 9.747306751e-09)
13.245            (-6.722006e-10 0.9862542813 4.169578527e-10) (1.303220313e-08 0.9597939113 1.097521275e-08)
13.25             (-4.083137054e-10 0.9862691664 1.537334946e-10) (9.99794493e-09 0.9607581552 8.95499925e-09)
13.255            (-1.047974473e-09 0.9862839329 7.980679873e-10) (1.506788066e-08 0.9617217595 9.721715989e-09)
13.26             (-3.653593914e-10 0.9862985914 1.191502051e-10) (1.249369512e-08 0.9626818433 1.262797448e-08)
13.265            (9.810383062e-11 0.9863131517 -3.39678575e-10) (1.259831226e-08 0.9636413518 1.24191696e-08)
13.27             (-4.366980919e-10 0.9863276229 1.923431712e-10) (1.297549849e-08 0.9645975859 1.348596408e-08)
13.275            (-3.389770571e-10 0.9863420136 1.028731706e-10) (1.194231989e-08 0.9655537072 1.193874028e-08)
13.28             (-3.641425256e-10 0.9863563318 1.436669641e-10) (9.358200062e-09 0.9665064477 1.101685657e-08)
13.285            (2.345237382e-10 0.9863705848 -4.5035129e-10) (9.312965241e-09 0.9674585092 1.133885763e-08)
13.29             (4.181543152e-11 0.9863847797 -2.651904995e-10) (1.36418583e-08 0.9684062055 1.409013676e-08)
13.295            (-5.683698951e-10 0.9863989227 3.538080451e-10) (9.362473528e-09 0.9693530258 9.94246731e-09)
13.3              (-3.825618926e-10 0.9864130194 1.680202283e-10) (1.129034084e-08 0.9702951433 1.059657656e-08)
13.305            (-3.864217741e-11 0.9864270749 -1.760020344e-10) (1.01001107e-08 0.9712365917 9.595372576e-09)
13.31             (-1.701173537e-10 0.9864410934 -5.658578997e-11) (9.366702768e-09 0.972173111 9.665057819e-09)
13.315            (-7.386405923e-11 0.9864550789 -1.471878957e-10) (1.051292317e-08 0.9731086481 1.036315806e-08)
13.32             (-3.23020199e-10 0.9864690348 1.056731187e-10) (1.118925702e-08 0.9740384897 1.055950706e-08)
13.325            (3.813472786e-11 0.9864829641 -2.457905225e-10) (1.35617356e-08 0.9749671876 1.229374463e-08)
13.33             (-2.989037166e-10 0.9864968693 8.582383812e-11) (9.724061259e-09 0.9758897496 9.337295019e-09)
13.335            (6.623123921e-11 0.986510753 -2.754665942e-10) (8.150542683e-09 0.9768112186 9.339262445e-09)
13.34             (-1.548786512e-11 0.9865246174 -1.94032198e-10) (9.246245309e-09 0.9777262136 8.793465912e-09)
13.345            (-1.356427085e-10 0.9865384646 -7.011051256e-11) (9.124799345e-09 0.9786400393 9.167180376e-09)
13.35             (-2.425662584e-10 0.9865522965 4.126460963e-11) (9.851588955e-09 0.9795468296 1.029233667e-08)
13.355            (-1.63237979e-10 0.986566115 -3.657672268e-11) (9.05447797e-09 0.980452243 9.05872332e-09)
13.36             (-3.907398635e-10 0.9865799219 1.930471644e-10) (1.025093727e-08 0.9813500127 9.890898389e-09)
13.365            (-2.385034647e-10 0.9865937191 4.207048038e-11) (7.625551679e-09 0.9822464818 8.228116254e-09)
13.37             (-4.992047725e-10 0.9866075087 3.026370143e-10) (1.207867372e-08 0.9831350264 1.335162668e-08)
13.375            (-1.920683705e-10 0.9866212929 1.374246114e-12) (8.442255518e-09 0.9840222341 8.530879327e-09)
13.38             (-6.064772603e-11 0.9866350741 -1.261996464e-10) (8.302833034e-09 0.9849010329 8.514257891e-09)
13.385            (-1.063067313e-10 0.9866488544 -9.115758538e-11) (8.765645354e-09 0.9857785571 9.083706805e-09)
13.39             (-8.232372484e-11 0.9866626362 -1.064290895e-10) (8.873658281e-09 0.9866473762 8.946501786e-09)
13.395            (-1.212036908e-10 0.9866764216 -5.813897106e-11) (8.541769241e-09 0.9875149937 8.720019624e-09)
13.4              (-1.118914989e-10 0.9866902125 -6.796016321e-11) (9.098511811e-09 0.988373574 8.645500437e-09)
13.405            (-1.78779817e-10 0.9867040109 -5.449166278e-12) (8.921555314e-09 0.9892310249 8.89857962e-09)
13.41             (-6.531685654e-11 0.9867178185 -1.226040462e-10) (8.764157843e-09 0.9900791621 8.759047575e-09)
13.415            (-1.616019714e-10 0.9867316368 -3.124857169e-11) (8.732602223e-09 0.9909262204 8.596345663e-09)
13.42             (-8.747249801e-11 0.9867454672 -1.037662911e-10) (8.255908892e-09 0.9917636956 8.418950644e-09)
13.425            (-1.324439088e-10 0.9867593105 -3.648747035e-11) (8.036829497e-09 0.9926005617 8.19514333e-09)
13.43             (-1.222284478e-10 0.9867731677 -6.388738309e-11) (7.800153168e-09 0.9934280314 7.993262956e-09)
13.435            (-1.543490819e-10 0.9867870393 -2.649138713e-11) (8.080103191e-09 0.9942551986 7.882869295e-09)
13.44             (-1.068961407e-10 0.9868009261 -8.098761798e-11) (7.86602267e-09 0.9950728956 7.886210313e-09)
13.445            (-1.382146843e-10 0.9868148282 -2.016717636e-11) (7.471694454e-09 0.9958904629 7.555865421e-09)
13.45             (-1.190107197e-10 0.986828746 -1.133358549e-11) (7.498972886e-09 0.9966985252 7.472681682e-09)
13.455            (-9.266093257e-11 0.9868426794 -4.965308658e-11) (7.458466085e-09 0.9975069414 7.544837893e-09)
13.46             (-1.232034094e-10 0.9868566283 -6.283708447e-12) (6.908706133e-09 0.9983061736 7.015709854e-09)
13.465            (-3.810375691e-11 0.9868705929 -7.532869919e-11) (6.864095218e-09 0.9991062178 7.453442926e-09)
13.47             (-2.085988372e-10 0.9868845732 2.802693301e-11) (6.620129277e-09 0.9998973229 6.86842347e-09)
13.475            (-8.680549164e-11 0.9868985693 -9.121494347e-11) (6.52781382e-09 1.000689609 7.379411423e-09)
13.48             (-8.260058383e-11 0.9869125813 -9.520429446e-11) (6.838729813e-09 1.00147323 7.189692434e-09)
13.485            (-9.351382007e-11 0.9869266093 -6.477109062e-11) (7.027042597e-09 1.002258601 7.039882844e-09)
13.49             (-1.08087166e-10 0.9869406529 -2.947468737e-11) (6.981218223e-09 1.003035845 7.030147198e-09)
13.495            (-9.214179026e-11 0.986954712 -9.098672723e-11) (6.835130192e-09 1.003815371 7.074394267e-09)
13.5              (-9.893709077e-11 0.9869687863 -5.164295449e-11) (6.966444286e-09 1.00458725 6.923462478e-09)
13.505            (-1.026210125e-10 0.9869828752 -3.438933496e-11) (6.959159546e-09 1.005361898 7.014449415e-09)
13.51             (-8.794689582e-11 0.9869969785 -6.513179955e-11) (6.975281593e-09 1.006129451 7.224502715e-09)
13.515            (-8.096881417e-11 0.9870110957 -3.651147068e-11) (6.736999098e-09 1.006900405 6.848179749e-09)
13.52             (-1.010210544e-10 0.9870252264 -1.952969496e-11) (6.775763437e-09 1.00766501 6.817170078e-09)
13.525            (-3.539520669e-11 0.9870393701 -9.935449905e-11) (7.154797699e-09 1.008433591 7.003935946e-09)
13.53             (3.784580408e-12 0.9870535265 -1.2926331e-10) (6.60246201e-09 1.009196503 6.944080474e-09)
13.535            (-6.412896238e-11 0.987067695 -7.51994476e-11) (7.040943409e-09 1.009963916 7.017844084e-09)
13.54             (4.475764069e-11 0.9870818754 -1.829198925e-10) (7.105338839e-09 1.010726382 7.370085216e-09)
13.545            (-1.068711136e-10 0.9870960671 -8.21634098e-12) (6.7143813e-09 1.011493898 7.084360455e-09)
13.55             (-3.590189696e-11 0.9871102698 -9.88249305e-11) (7.607151006e-09 1.012257267 7.04987234e-09)
13.555            (1.265870937e-10 0.9871244833 -2.513378334e-10) (6.616796941e-09 1.013026214 6.917372885e-09)
13.56             (3.953249899e-11 0.9871387073 -1.662951899e-10) (6.504370446e-09 1.013791816 6.60793622e-09)
13.565            (-6.754140379e-11 0.9871529415 -6.015880629e-11) (5.55184854e-09 1.014563451 5.729625379e-09)
13.57             (-9.565679145e-12 0.987167186 -1.090958946e-10) (5.905879004e-09 1.015332511 6.21933708e-09)
13.575            (-2.59786892e-10 0.9871814406 1.376995711e-10) (6.068796727e-09 1.016108084 6.905778847e-09)
13.58             (-2.47909793e-10 0.9871957054 1.257522793e-10) (6.802915624e-09 1.016881929 7.319510135e-09)
13.585            (-9.578488179e-11 0.9872099807 -2.636594093e-11) (5.593239406e-09 1.017662721 7.341727148e-09)
13.59             (1.014762404e-10 0.9872242667 -2.202699066e-10) (7.341412112e-09 1.018442577 6.827414455e-09)
13.595            (-2.668775154e-10 0.9872385639 1.446392521e-10) (6.697948915e-09 1.019229618 7.022934723e-09)
13.6              (-2.384059548e-10 0.987252873 1.190152424e-10) (7.667161811e-09 1.020016357 7.686587347e-09)
13.605            (-1.150406391e-10 0.9872671947 -1.140324649e-11) (6.253356053e-09 1.020810535 7.766477525e-09)
13.61             (9.857752448e-11 0.9872815301 -2.192814365e-10) (9.854053086e-09 1.021605126 8.971375076e-09)
13.615            (-1.49533032e-10 0.9872958804 4.124804974e-11) (3.240795741e-09 1.022407528 3.826877715e-09)
13.62             (1.179197628e-10 0.987310247 -2.188828533e-10) (-1.888011083e-09 1.023211133 -6.501814187e-10)
13.625            (-6.573933264e-11 0.9873246317 -4.999995668e-11) (5.376299242e-09 1.024022537 5.794827169e-09)
13.63             (7.18167202e-11 0.9873390362 -1.860137425e-10) (5.644173324e-09 1.024835528 6.285398271e-09)
13.635            (-3.10680578e-11 0.9873534623 -7.682882344e-11) (3.495038791e-09 1.025656377 2.64287972e-09)
13.64             (-1.599607045e-10 0.9873679119 5.752162512e-11) (2.877030056e-09 1.026479386 3.870964529e-09)
13.645            (-2.575337836e-11 0.987382387 -8.404932038e-11) (5.681145476e-09 1.027310328 5.930862975e-09)
13.65             (-1.069026522e-10 0.9873968896 -9.212410484e-12) (1.575518912e-09 1.028143909 4.696797026e-09)
13.655            (-2.858309643e-11 0.9874114224 -7.197575879e-11) (2.651407265e-09 1.028985354 4.22026384e-09)
13.66             (-2.169681075e-10 0.9874259879 1.004690493e-10) (1.259247082e-09 1.029829801 6.075736234e-09)
13.665            (-2.886714616e-11 0.9874405892 -8.277196447e-11) (4.698490638e-09 1.030681975 5.969188536e-09)
13.67             (2.089102537e-10 0.9874552289 -3.336114534e-10) (6.465555841e-09 1.031537442 6.767775304e-09)
13.675            (-5.250197428e-11 0.9874699099 -5.72832026e-11) (2.528959572e-09 1.03240099 3.586954942e-09)
13.68             (-1.272650095e-10 0.9874846343 1.972119837e-11) (3.314996025e-09 1.033268583 4.514378427e-09)
13.685            (-1.653856191e-10 0.9874994047 4.235355235e-11) (2.241785837e-09 1.034142742 4.50377748e-09)
13.69             (-1.853653979e-11 0.9875142234 -8.660133834e-11) (4.849875281e-09 1.035019678 6.047492879e-09)
13.695            (2.045949554e-10 0.987529093 -3.25116961e-10) (5.495918602e-09 1.035903555 3.648522979e-09)
13.7              (-1.096935431e-10 0.9875440161 -2.756983093e-11) (9.155704936e-09 1.036791461 5.801130963e-09)
13.705            (-8.052779266e-11 0.9875589957 -8.352713409e-12) (1.703236862e-09 1.037686733 2.744136657e-09)
13.71             (-1.840080838e-11 0.9875740349 -8.197418798e-11) (2.920780364e-09 1.038586347 3.666956975e-09)
13.715            (4.327038962e-12 0.9875891375 -1.211061188e-10) (4.182650628e-09 1.039492114 5.018997731e-09)
13.72             (-3.150893038e-10 0.9876043074 1.952692672e-10) (4.047728571e-09 1.040401279 8.001333593e-09)
13.725            (-9.337583333e-11 0.9876195493 8.947956312e-12) (3.208149987e-09 1.041316267 3.779740786e-09)
13.73             (-3.209305846e-10 0.9876348683 2.224869753e-10) (6.947535299e-09 1.042234963 7.447834228e-09)
13.735            (-4.26424338e-12 0.98765027 -7.126096412e-11) (4.991763777e-09 1.043159498 3.721718341e-09)
13.74             (-1.487324511e-10 0.9876657605 4.915796589e-11) (7.632691396e-09 1.044087894 6.614071601e-09)
13.745            (2.626412633e-10 0.987681346 -3.223792152e-10) (5.078151711e-09 1.04502175 5.810633168e-09)
13.75             (-1.910686531e-11 0.9876970329 -1.054358378e-10) (1.501888104e-09 1.045959198 2.284377986e-09)
13.755            (-7.300830464e-12 0.9877128275 -1.017191744e-10) (4.059375014e-09 1.046901364 4.518016992e-09)
13.76             (3.393412743e-11 0.987728736 -1.09416044e-10) (5.695946024e-09 1.04784678 6.071015702e-09)
13.765            (1.481409978e-10 0.9877447644 -2.12865747e-10) (6.622325892e-09 1.048796756 6.63124983e-09)
13.77             (-4.797686516e-11 0.9877609185 -6.432682012e-11) (4.907070728e-09 1.049750098 4.892048528e-09)
13.775            (5.875775776e-11 0.987777204 -1.215774227e-10) (6.154814015e-09 1.050707613 5.65760362e-09)
13.78             (-3.080487314e-11 0.9877936264 -5.045815078e-11) (5.596173022e-09 1.051668084 5.420641047e-09)
13.785            (-2.356959604e-10 0.9878101913 9.263279927e-11) (-2.193669715e-09 1.052632265 1.686411994e-09)
13.79             (-6.670481024e-11 0.987826904 -3.486128359e-11) (3.981020112e-09 1.053599246 4.565943494e-09)
13.795            (-9.264147629e-12 0.9878437699 -8.131431506e-11) (4.516279752e-09 1.054569534 4.120786768e-09)
13.8              (-7.704918393e-10 0.9878607942 6.818263808e-10) (-5.07820928e-10 1.055542378 4.606784656e-09)
13.805            (1.367631787e-10 0.9878779827 -2.72386954e-10) (3.274008527e-09 1.056518252 5.82831796e-09)
13.81             (-3.93876028e-11 0.9878953409 -7.687551007e-11) (3.819063947e-09 1.057496537 4.128510933e-09)
13.815            (-6.076525699e-11 0.9879128747 -3.855055203e-11) (4.964362255e-09 1.058477425 5.255432785e-09)
13.82             (-1.185310348e-10 0.9879305899 -3.658867512e-14) (5.937606471e-09 1.05946037 5.409776242e-09)
13.825            (-4.683900303e-11 0.9879484926 -1.184492462e-11) (5.176377854e-09 1.060445574 5.071712784e-09)
13.83             (-3.191020233e-11 0.9879665885 -2.482008016e-11) (5.788420864e-09 1.061432638 5.614983493e-09)
13.835            (3.653309463e-10 0.9879848835 -4.753413532e-10) (2.083154958e-09 1.062421906 -1.625505007e-09)
13.84             (-1.769792962e-10 0.9880033833 6.808451506e-11) (3.590336752e-09 1.063413203 3.306971696e-09)
13.845            (-2.352028662e-11 0.9880220933 -8.63850829e-11) (3.912943752e-09 1.064406062 3.997522983e-09)
13.85             (-2.161981262e-10 0.9880410189 1.763999681e-10) (5.90305175e-09 1.06540011 1.883608811e-10)
13.855            (-7.192617887e-11 0.9880601651 -3.660597521e-12) (4.410147434e-09 1.066395176 3.997331635e-09)
13.86             (-2.060897595e-11 0.9880795369 -4.840766365e-11) (3.967785181e-09 1.067391297 3.713134351e-09)
13.865            (7.347722326e-10 0.9880991389 -6.328266247e-10) (8.290755893e-09 1.068388918 3.823217861e-09)
13.87             (-1.077303976e-12 0.9881189755 -4.095706279e-11) (4.044201553e-09 1.069388051 3.97458994e-09)
13.875            (-6.955013353e-11 0.9881390508 1.029969818e-10) (4.62815999e-09 1.070388121 3.998537568e-09)
13.88             (-6.646328383e-10 0.9881593688 7.381354309e-10) (6.522056985e-09 1.071388979 3.0496552e-09)
13.885            (-7.516668987e-11 0.988179933 2.90161461e-11) (4.142502826e-09 1.072390219 3.823271014e-09)
13.89             (2.130598376e-11 0.9882007469 -7.544653373e-11) (4.009853342e-09 1.073391959 3.554624696e-09)
13.895            (8.943787197e-10 0.9882218134 -7.492060263e-10) (9.302554505e-09 1.074394217 3.754912448e-09)
13.9              (-1.912640189e-12 0.9882431352 -6.396136125e-11) (4.178464726e-09 1.075397171 3.694882453e-09)
13.905            (-7.107488338e-11 0.9882647144 8.796756053e-12) (3.980125144e-09 1.0764008 3.7351059e-09)
13.91             (-6.131758027e-10 0.9882865528 8.448309096e-10) (9.831044219e-09 1.077405165 5.526146744e-09)
13.915            (2.626879005e-10 0.9883086513 -3.679149641e-11) (1.047478474e-08 1.078409346 8.427736802e-09)
13.92             (7.572271342e-11 0.9883310103 -2.822303438e-11) (4.343764531e-09 1.079413367 4.17985889e-09)
13.925            (1.505132028e-10 0.9883536293 -4.233747631e-11) (3.164400275e-09 1.080416693 2.830915867e-09)
13.93             (-9.229559506e-10 0.9883765072 1.241717564e-09) (5.935257499e-09 1.081419671 8.136933962e-09)
13.935            (5.141757273e-10 0.9883996422 -1.764653254e-10) (1.066155569e-08 1.08242272 1.036679487e-08)
13.94             (-1.6283514e-10 0.9884230316 -1.842152988e-10) (9.742637733e-09 1.083426165 9.491027651e-09)
13.945            (7.571873797e-10 0.9884466714 -3.728418736e-10) (1.586193612e-08 1.084429281 1.430969611e-08)
13.95             (-6.30306931e-10 0.9884705565 1.301483441e-09) (1.478281486e-08 1.085432083 1.749716777e-08)
13.955            (4.601093241e-10 0.9884946814 1.129355817e-11) (1.521880099e-08 1.086434031 1.6144129e-08)
13.96             (-3.809380452e-11 0.9885190401 4.767378078e-10) (8.636954173e-09 1.08743537 9.587222255e-09)
13.965            (1.113510805e-09 0.988543626 -3.7938581e-10) (1.555205996e-08 1.088436152 1.433580874e-08)
13.97             (3.589273648e-12 0.9885684313 6.29858891e-10) (1.581492239e-08 1.089436665 1.696126219e-08)
13.975            (8.048126823e-10 0.9885934461 -9.196560916e-11) (1.547247586e-08 1.090436489 1.487093772e-08)
13.98             (-4.519704865e-11 0.9886186597 6.143538676e-10) (1.52560618e-08 1.091435736 1.504299241e-08)
13.985            (9.487402652e-10 0.9886440614 -1.766117337e-10) (1.730902793e-08 1.092433983 1.39713607e-08)
13.99             (4.888505036e-11 0.9886696402 6.662861129e-10) (1.570346574e-08 1.093431415 1.501270361e-08)
13.995            (7.379580445e-10 0.9886953852 -2.580758069e-11) (1.38154766e-08 1.094427916 1.307699614e-08)
14                (3.695808711e-10 0.9887212839 2.070186544e-10) (6.200025209e-09 1.095423691 5.666756993e-09)
14.005            (1.168757679e-09 0.988747323 -2.792156675e-10) (1.526772078e-08 1.096418481 1.194899889e-08)
14.01             (2.200717192e-10 0.9887734886 8.663547608e-10) (1.582656856e-08 1.09741243 1.365799157e-08)
14.015            (3.967724658e-10 0.9887997662 5.094699488e-10) (6.134576826e-09 1.098405222 6.114053902e-09)
14.02             (6.412252124e-10 0.9888261413 4.604200847e-10) (6.559711112e-09 1.09939699 5.825687499e-09)
14.025            (4.701278001e-10 0.9888525985 1.816546027e-10) (5.04613824e-09 1.10038762 5.372333884e-09)
14.03             (3.551177346e-10 0.9888791221 3.725233264e-10) (5.15335845e-09 1.101377265 4.707165023e-09)
14.035            (-5.179284499e-10 0.9889056959 -6.039979541e-10) (3.076079184e-09 1.102365684 3.334297915e-09)
14.04             (-1.949480463e-10 0.9889323036 -8.988467262e-11) (3.956433198e-09 1.103352972 3.238497613e-09)
14.045            (9.020087848e-10 0.9889589286 9.359789249e-10) (5.397467482e-09 1.104338939 5.582907318e-09)
14.05             (-1.718899804e-09 0.9889855543 7.132113971e-10) (7.43719438e-09 1.105323702 1.027994885e-08)
14.055            (-1.0420541e-10 0.9890121637 2.079461422e-10) (5.243236575e-09 1.106307152 4.552406681e-09)
14.06             (-2.998559541e-10 0.9890387397 -1.633284186e-10) (5.127404681e-09 1.107289352 4.389476105e-09)
14.065            (-8.001221323e-10 0.9890652653 -8.116816554e-10) (4.800436795e-09 1.108270132 5.087428808e-09)
14.07             (3.035713858e-11 0.9890917239 -3.455063793e-10) (4.847788576e-09 1.109249535 3.448767591e-09)
14.075            (-2.296813058e-10 0.9891180991 6.459152813e-10) (5.273163553e-09 1.110227437 5.237896945e-09)
14.08             (2.341709105e-11 0.9891443745 -3.207190607e-10) (6.115259881e-09 1.1112039 6.269077732e-09)
14.085            (-5.145503667e-10 0.9891705342 -3.283101806e-10) (5.601489257e-09 1.112178827 6.233634582e-09)
14.09             (5.356332538e-10 0.9891965627 -1.74574315e-12) (7.016345157e-09 1.11315226 7.374890176e-09)
14.095            (-4.118518861e-10 0.9892224444 6.071731549e-11) (6.19582085e-09 1.114124043 6.853467498e-09)
14.1              (3.798643611e-10 0.9892481647 5.216581475e-10) (5.318356684e-09 1.11509418 4.667092173e-09)
14.105            (7.479405548e-10 0.9892737093 1.989420301e-10) (4.361584339e-09 1.116062529 4.296602734e-09)
14.11             (5.362812455e-10 0.9892990646 1.180413115e-10) (3.994559295e-09 1.117029107 3.478058634e-09)
14.115            (-3.396520677e-09 0.9893242178 -5.881944498e-09) (1.034373082e-08 1.117993841 9.195220138e-09)
14.12             (-2.656697849e-10 0.9893491568 -2.606637062e-10) (5.636472213e-09 1.118956737 5.55323e-09)
14.125            (3.744215938e-10 0.9893738701 5.231443969e-10) (4.431040929e-09 1.119917521 4.46159811e-09)
14.13             (5.66304098e-10 0.9893983469 4.511448044e-10) (4.889277799e-09 1.120876172 4.288081181e-09)
14.135            (1.484237597e-09 0.9894225771 2.271267474e-09) (3.624444146e-09 1.121832606 4.633477334e-09)
14.14             (4.50350004e-10 0.9894465513 7.206923478e-10) (4.419179117e-09 1.122786852 4.163279576e-09)
14.145            (1.135856229e-09 0.9894702613 9.871453823e-10) (4.87772317e-09 1.123738669 4.561443088e-09)
14.15             (1.506040699e-09 0.9894936994 9.613676393e-10) (4.909603783e-09 1.124688044 4.118796888e-09)
14.155            (9.305405154e-10 0.989516859 1.592399455e-09) (2.85529856e-09 1.125634693 3.895825111e-09)
14.16             (5.521629926e-10 0.9895397342 7.282965615e-10) (4.278824733e-09 1.126578627 4.225679754e-09)
14.165            (-4.306802758e-10 0.9895623197 -5.830755406e-10) (3.776058543e-09 1.127519612 4.264070806e-09)
14.17             (-4.892165993e-09 0.9895846115 -3.481209139e-09) (5.264038037e-09 1.128457679 5.48453564e-09)
14.175            (1.387811983e-10 0.9896066065 -1.893140771e-10) (4.625342951e-09 1.129392418 4.072572267e-09)
14.18             (3.290080654e-10 0.9896283023 3.027348764e-10) (4.326014673e-09 1.130323855 4.067803987e-09)
14.185            (2.070960999e-10 0.9896496979 4.819615093e-10) (3.646371933e-09 1.131251623 4.112785005e-09)
14.19             (-2.008050652e-10 0.9896707927 -5.965263225e-10) (4.747727757e-09 1.132175794 2.208734955e-09)
14.195            (-3.579439635e-10 0.9896915872 -1.551228069e-10) (4.157579468e-09 1.13309587 4.033631512e-09)
14.2              (-5.96258029e-10 0.9897120826 -1.199201046e-09) (3.679369538e-09 1.134011932 3.547547885e-09)
14.205            (-2.280077212e-09 0.989732281 -1.862766505e-09) (-1.460677935e-08 1.134923381 -1.505712422e-08)
14.21             (8.74382997e-11 0.9897521848 2.145797321e-10) (3.273570838e-09 1.135830363 3.773766505e-09)
14.215            (1.974515799e-09 0.9897717975 -2.137678669e-11) (5.124549402e-09 1.136732285 3.724040468e-09)
14.22             (-4.041201425e-11 0.9897911224 5.534153261e-10) (3.928401448e-09 1.137629323 3.898567666e-09)
14.225            (3.315725771e-10 0.9898101636 2.635008327e-10) (4.381942751e-09 1.138520697 3.939611833e-09)
14.23             (-6.936238535e-10 0.9898289255 -6.26591834e-10) (6.159096172e-11 1.139406604 -3.897317015e-11)
14.235            (-7.467876796e-10 0.9898474128 3.147518271e-10) (2.957816004e-09 1.1402862 4.656234461e-09)
14.24             (-6.344490905e-10 0.9898656305 -1.858572806e-10) (2.611599807e-09 1.141159772 2.981928575e-09)
14.245            (6.338295809e-10 0.9898835841 -8.187697142e-10) (4.917039812e-09 1.142026377 2.818093067e-09)
14.25             (-3.971687744e-10 0.9899012791 -1.690192502e-10) (3.733410192e-09 1.142886331 3.730018429e-09)
14.255            (-1.168959489e-09 0.989918721 -1.145874121e-09) (-2.105619673e-09 1.143738554 -2.38535209e-09)
14.26             (-1.266775334e-10 0.9899359146 1.205009562e-10) (4.547710407e-09 1.14458344 4.500272543e-09)
14.265            (2.279538988e-10 0.9899528654 2.81951193e-10) (4.487684137e-09 1.145419806 4.370327397e-09)
14.27             (1.541240623e-09 0.9899695804 1.433893837e-09) (1.138019533e-08 1.1462481 1.09424583e-08)
14.275            (1.749640377e-09 0.9899860677 1.78470729e-09) (1.255519786e-08 1.147067001 1.227873356e-08)
14.28             (1.46640928e-09 0.9900023346 1.516855985e-09) (1.082362733e-08 1.147877026 1.051213971e-08)
14.285            (1.260043056e-09 0.9900183863 1.262600538e-09) (9.464292345e-09 1.148676779 9.141337209e-09)
14.29             (1.079948956e-09 0.9900342275 1.13460152e-09) (8.564091103e-09 1.149466862 8.263912515e-09)
14.295            (1.020288507e-09 0.9900498635 1.015184887e-09) (7.929093387e-09 1.150245761 7.636111523e-09)
14.3              (-5.630571228e-10 0.9900653015 -3.725986141e-11) (3.509445877e-09 1.151014143 4.23113627e-09)
14.305            (-9.844174203e-11 0.9900805488 7.17289388e-11) (4.283989197e-09 1.151770276 3.952287133e-09)
14.31             (1.109218742e-10 0.9900956117 -1.251158958e-10) (4.287144602e-09 1.152514874 3.979278221e-09)
14.315            (-5.804840732e-10 0.990110496 -3.287545249e-10) (3.910753987e-09 1.153246176 3.806831606e-09)
14.32             (-4.546994434e-12 0.9901252074 -2.639112034e-10) (4.047892252e-09 1.153965026 3.601394551e-09)
14.325            (-2.44918438e-10 0.9901397519 -2.45096464e-10) (3.986531313e-09 1.154669601 3.638181724e-09)
14.33             (-3.435609677e-10 0.9901541353 -1.558685873e-10) (3.97046375e-09 1.155360796 3.856831655e-09)
14.335            (-1.436089679e-10 0.9901683638 -1.451424728e-10) (4.181439929e-09 1.156036551 3.9482686e-09)
14.34             (-9.004929253e-11 0.9901824431 -1.299667805e-10) (4.252059325e-09 1.156697809 3.885868302e-09)
14.345            (1.857322764e-10 0.9901963792 1.565468736e-10) (4.148041269e-09 1.157342478 4.255607411e-09)
14.35             (-4.625303733e-10 0.9902101778 -4.300322868e-10) (3.873728405e-09 1.157971605 3.86543649e-09)
14.355            (-8.56579961e-10 0.9902238446 -7.959197303e-10) (4.116592658e-09 1.158583079 3.102435433e-09)
14.36             (-1.889681438e-11 0.9902373851 1.907502161e-10) (4.175031948e-09 1.159178008 4.078677175e-09)
14.365            (2.427636305e-10 0.9902508046 5.270351202e-10) (4.56001092e-09 1.159754141 3.945079756e-09)
14.37             (2.445495649e-10 0.990264108 1.703670341e-10) (4.096595985e-09 1.160312626 4.15033378e-09)
14.375            (1.316575899e-10 0.9902773 1.500998518e-10) (4.074643515e-09 1.160851185 3.941089875e-09)
14.38             (8.320818442e-11 0.9902903851 1.370440561e-10) (4.080144246e-09 1.161371031 3.908667955e-09)
14.385            (5.522841452e-11 0.9903033675 1.282615986e-10) (4.05477671e-09 1.161869884 3.911747613e-09)
14.39             (3.880321215e-11 0.9903162515 1.233014713e-10) (4.05716298e-09 1.162348997 3.891843544e-09)
14.395            (-1.240637717e-10 0.9903290408 5.823288401e-11) (3.966834524e-09 1.162806061 3.808457275e-09)
14.4              (1.995605134e-11 0.9903417393 9.417183115e-11) (4.040064713e-09 1.163242343 3.878817132e-09)
14.405            (3.920930985e-11 0.9903543507 9.605165316e-11) (4.04638027e-09 1.16365556 3.88845083e-09)
14.41             (-8.577411009e-11 0.9903668789 5.245392736e-12) (3.950258643e-09 1.164046994 3.785859131e-09)
14.415            (-4.966717466e-11 0.9903793277 1.022019847e-11) (4.038687394e-09 1.16441443 3.877899143e-09)
14.42             (-6.140479072e-11 0.9903917012 -1.647059957e-11) (4.012423124e-09 1.164759155 3.846287883e-09)
14.425            (-7.028650581e-11 0.9904040034 -1.100750718e-11) (3.987125318e-09 1.165079026 3.822544946e-09)
14.43             (-7.84891124e-11 0.9904162385 -1.655994872e-11) (3.972851496e-09 1.165375312 3.802867214e-09)
14.435            (-7.518682392e-11 0.9904284105 -9.520533832e-12) (3.967996499e-09 1.165645963 3.800602063e-09)
14.44             (-6.966402733e-11 0.9904405234 -1.408606186e-11) (3.964960489e-09 1.165892211 3.792817195e-09)
14.445            (-6.848013325e-11 0.990452581 -1.667541711e-11) (3.958439573e-09 1.16611215 3.785028148e-09)
14.45             (-6.287553426e-11 0.9904645871 6.716386504e-12) (3.96100576e-09 1.166306968 3.791862274e-09)
14.455            (-4.603549814e-11 0.9904765451 2.389333687e-12) (3.952761501e-09 1.166474912 3.774747962e-09)
14.46             (-4.494054365e-11 0.9904884579 1.485723543e-12) (3.952422713e-09 1.166617102 3.771104444e-09)
14.465            (-5.697533932e-11 0.9905003283 -1.086289449e-11) (3.942589461e-09 1.166731953 3.756807548e-09)
14.47             (-5.397201222e-11 0.9905121588 -1.634297881e-12) (3.942158053e-09 1.166820506 3.758619006e-09)
14.475            (-6.187319226e-11 0.9905239517 -3.292430662e-12) (3.929958825e-09 1.166881416 3.751843879e-09)
14.48             (-3.523896684e-11 0.9905357089 1.679907246e-11) (3.94595604e-09 1.166915637 3.762581067e-09)
14.485            (-2.704200974e-11 0.9905474321 2.729540265e-11) (3.945220148e-09 1.166922052 3.76279507e-09)
14.49             (-2.690735148e-11 0.9905591229 2.126590782e-11) (3.935749858e-09 1.166901496 3.751758519e-09)
14.495            (-5.153837225e-11 0.9905707828 -3.929838104e-12) (3.912172916e-09 1.166853075 3.725071008e-09)
14.5              (-4.96772768e-11 0.9905824128 5.409669714e-12) (3.915184991e-09 1.166777501 3.72813851e-09)
14.505            (-5.864149051e-11 0.9905940142 -6.420908029e-12) (3.898305255e-09 1.166674166 3.715435902e-09)
14.51             (-5.040132265e-11 0.9906055878 -2.023202085e-12) (3.902727388e-09 1.166543657 3.719130922e-09)
14.515            (-5.356377599e-11 0.9906171344 -5.487388018e-12) (3.897433531e-09 1.166385626 3.714201191e-09)
14.52             (-2.64014435e-11 0.9906286547 9.155174053e-11) (3.91307518e-09 1.166200512 3.792911319e-09)
14.525            (-9.886862495e-11 0.9906401491 -3.838253744e-11) (3.854790636e-09 1.165988241 3.680385179e-09)
14.53             (-3.997968925e-11 0.9906516179 -2.479684732e-12) (3.89506135e-09 1.165749105 3.700172016e-09)
14.535            (4.272569059e-11 0.9906630611 9.126799458e-11) (3.942587867e-09 1.165483331 3.778697533e-09)
14.54             (3.231060501e-10 0.9906744787 1.124232978e-10) (4.190081974e-09 1.165191059 3.789867413e-09)
14.545            (1.066848653e-10 0.9906858703 1.600735424e-10) (3.99526109e-09 1.164872795 3.766805379e-09)
14.55             (1.75606245e-10 0.9906972355 1.942755758e-10) (3.96915008e-09 1.164528522 3.843558025e-09)
14.555            (5.39349628e-11 0.9907085734 7.689959585e-11) (3.87868049e-09 1.164159027 3.741610183e-09)
14.56             (-1.07310996e-10 0.9907198831 2.790126982e-10) (3.936562329e-09 1.163764135 3.911228528e-09)
14.565            (1.042383487e-11 0.9907311633 -5.435666481e-11) (3.931412213e-09 1.163344885 3.728481023e-09)
14.57             (-1.277392262e-10 0.9907424124 -7.061442048e-11) (3.894784132e-09 1.162900946 3.738221165e-09)
14.575            (-1.276663343e-10 0.9907536285 -5.817693777e-11) (3.92442392e-09 1.162433618 3.762901919e-09)
14.58             (-1.158125575e-10 0.9907648096 -3.981030902e-11) (3.939010394e-09 1.161942423 3.782657973e-09)
14.585            (8.81361573e-12 0.9907759531 1.047188398e-10) (4.011183776e-09 1.161428899 3.904304878e-09)
14.59             (4.699818952e-10 0.9907870564 -2.244901815e-10) (4.168586876e-09 1.160892423 3.827877096e-09)
14.595            (1.719324453e-10 0.9907981164 8.842595508e-11) (4.039257275e-09 1.160334748 3.865966526e-09)
14.6              (1.099999722e-10 0.9908091299 4.323237603e-11) (4.101406664e-09 1.159755114 3.701615574e-09)
14.605            (-7.160197208e-12 0.9908200931 9.846003227e-12) (3.934612854e-09 1.159155462 3.752844626e-09)
14.61             (-3.933081609e-11 0.9908310024 2.116237356e-11) (3.920525192e-09 1.158534908 3.744879129e-09)
14.615            (-6.287732659e-11 0.9908418536 -9.798803118e-11) (3.895848689e-09 1.157895565 3.71243104e-09)
14.62             (-1.56508953e-10 0.9908526423 -1.482035836e-10) (3.842679401e-09 1.157236436 3.687625916e-09)
14.625            (-9.810215617e-11 0.9908633639 -1.372478675e-10) (3.916986822e-09 1.156559774 3.742364779e-09)
14.63             (1.200248224e-10 0.9908740133 -2.115046607e-10) (4.011783745e-09 1.155864482 3.75212445e-09)
14.635            (-4.939845212e-11 0.9908845854 -1.016653468e-10) (3.863243305e-09 1.155152916 3.715767855e-09)
14.64             (-1.12143169e-10 0.9908950747 -9.695316209e-11) (3.827985716e-09 1.154423894 3.68313166e-09)
14.645            (8.328139951e-10 0.9909054752 6.661035545e-10) (5.706813155e-09 1.153679873 5.437254689e-09)
14.65             (1.801669489e-10 0.9909157809 1.428036394e-10) (4.019730237e-09 1.152919595 3.859971768e-09)
14.655            (-1.791104662e-10 0.9909259856 -2.58214366e-10) (3.708960219e-09 1.152145561 3.466376204e-09)
14.66             (2.996098986e-10 0.9909360824 3.853966537e-10) (4.606932365e-09 1.151356461 4.440014799e-09)
14.665            (5.871944688e-10 0.9909460646 5.419718687e-10) (4.681803573e-09 1.150554826 4.547269524e-09)
14.67             (1.77614654e-10 0.9909559251 4.076576124e-10) (4.588073477e-09 1.149739305 4.603236159e-09)
14.675            (-5.087140458e-12 0.9909656565 2.879378985e-11) (3.768093013e-09 1.14891243 3.701479707e-09)
14.68             (4.794333271e-10 0.9909752514 5.891601161e-10) (4.387477865e-09 1.148072831 4.416235922e-09)
14.685            (-9.72633939e-12 0.990984702 -3.521333753e-11) (3.808941863e-09 1.14722303 3.737395514e-09)
14.69             (-1.533880557e-10 0.9909940005 -2.946902878e-10) (3.722401937e-09 1.146361646 3.690320782e-09)
14.695            (3.261094476e-10 0.9910031387 3.686751846e-10) (4.364125853e-09 1.145491145 4.164877769e-09)
14.7              (3.017570221e-11 0.9910121084 -3.876814873e-12) (3.906613811e-09 1.144610147 3.715527289e-09)
14.705            (2.904259134e-10 0.9910209013 2.720758938e-10) (4.120551519e-09 1.14372104 4.064505672e-09)
14.71             (1.149855565e-10 0.9910295092 1.589028926e-10) (3.937276911e-09 1.14282245 3.87698264e-09)
14.715            (1.19953137e-10 0.9910379235 1.645314536e-10) (3.967248333e-09 1.141916702 3.900071989e-09)
14.72             (-1.966494097e-10 0.9910461357 -1.481682302e-10) (3.813524964e-09 1.141002461 3.746526087e-09)
14.725            (-4.161021406e-10 0.9910541373 -3.776479506e-10) (3.765245602e-09 1.140081971 3.694623521e-09)
14.73             (4.064789967e-11 0.9910619199 8.529342461e-11) (4.151346335e-09 1.139153942 4.063223864e-09)
14.735            (1.964371785e-10 0.9910694749 2.617381701e-10) (4.234064969e-09 1.138220501 4.164451915e-09)
14.74             (-3.643539871e-10 0.991076794 -3.793694174e-10) (3.39465143e-09 1.137280396 3.234235531e-09)
14.745            (-4.02000288e-10 0.9910838688 -5.049502553e-10) (3.600000883e-09 1.136335633 3.389565491e-09)
14.75             (-3.633012604e-10 0.9910906911 -3.443044586e-10) (3.681066836e-09 1.13538502 3.59713652e-09)
14.755            (-4.396994413e-10 0.9910972529 -4.186147673e-10) (3.575405346e-09 1.134430449 3.430082525e-09)
14.76             (7.343442401e-11 0.9911035463 -1.808240039e-10) (4.032683414e-09 1.133470785 3.798643998e-09)
14.765            (-1.063430154e-10 0.9911095636 -1.674179355e-10) (3.545161257e-09 1.132507772 3.514841031e-09)
14.77             (-3.372496241e-10 0.9911152973 1.343375519e-10) (4.257842054e-09 1.131540334 3.239539816e-09)
14.775            (-1.275945771e-09 0.9911207402 -2.31610943e-09) (1.962447344e-09 1.130570104 1.514700013e-09)
14.78             (-7.423425847e-10 0.9911258854 -7.712183479e-10) (2.96409672e-09 1.129596085 2.709983886e-09)
14.785            (-1.058391016e-10 0.9911307262 -3.122397302e-10) (3.506189644e-09 1.128619793 3.272888665e-09)
14.79             (2.953071597e-10 0.9911352565 3.5131406e-10) (4.023855004e-09 1.127640309 3.872633404e-09)
14.795            (1.126468495e-09 0.9911394703 1.68790185e-09) (6.417157905e-09 1.126659009 4.028069298e-09)
14.8              (-4.402854861e-12 0.9911433619 -7.076240428e-11) (3.605538519e-09 1.125675044 3.298709029e-09)
14.805            (-5.500163039e-13 0.9911469259 1.769729956e-10) (4.254836121e-09 1.124689652 4.31795386e-09)
14.81             (-7.764400185e-10 0.9911501582 -6.820582557e-10) (2.488545225e-09 1.123702058 2.417423397e-09)
14.815            (4.980602375e-10 0.9911530561 4.662170382e-10) (4.017701818e-09 1.122713378 3.709762283e-09)
14.82             (2.790966348e-10 0.9911556172 2.448536989e-10) (3.649840935e-09 1.121722928 3.631883471e-09)
14.825            (1.074573993e-09 0.9911578392 5.494800792e-10) (5.186902607e-09 1.12073172 3.916979084e-09)
14.83             (-8.343508415e-10 0.9911597196 -4.797601451e-10) (2.446079815e-09 1.119739147 3.393123928e-09)
14.835            (4.719480666e-10 0.9911612561 7.149948114e-10) (4.052920007e-09 1.118746087 4.55444896e-09)
14.84             (4.866211662e-10 0.9911624482 3.947079535e-10) (3.756408412e-09 1.117751998 3.897149514e-09)
14.845            (1.138977771e-09 0.9911632973 8.292820203e-10) (4.726329955e-09 1.116757635 4.298424012e-09)
14.85             (5.988211194e-10 0.9911638059 8.39251906e-10) (4.053808932e-09 1.115762529 4.413660389e-09)
14.855            (4.860246109e-10 0.9911639768 5.468936181e-10) (4.198915521e-09 1.114767342 4.021849301e-09)
14.86             (3.163065667e-09 0.9911638124 -7.404814998e-10) (4.814442205e-09 1.113771689 5.503310329e-09)
14.865            (7.250277672e-10 0.9911633166 5.979088811e-10) (4.255676498e-09 1.112776123 3.966540004e-09)
14.87             (-2.7349904e-10 0.9911624949 1.146292813e-10) (3.589847069e-09 1.111780323 2.92805993e-09)
14.875            (4.542010961e-11 0.9911613539 1.560015715e-10) (3.896927725e-09 1.11078476 3.841925719e-09)
14.88             (-3.932546358e-10 0.9911599009 3.774000893e-10) (4.033621561e-09 1.109789178 3.669292915e-09)
14.885            (8.439551167e-10 0.9911581438 1.602977465e-09) (5.354279789e-09 1.108793936 5.676322219e-09)
14.89             (2.74558778e-11 0.9911560915 1.745540899e-10) (4.061111224e-09 1.107798837 3.808426525e-09)
14.895            (2.086017341e-10 0.9911537543 7.267226247e-10) (3.82810168e-09 1.106804158 5.12529849e-09)
14.9              (9.917356966e-10 0.9911511434 3.548539468e-10) (5.077274027e-09 1.105809772 3.806215113e-09)
14.905            (-1.291795909e-09 0.9911482708 -3.590869283e-10) (3.085223191e-09 1.104816027 2.727686107e-09)
14.91             (4.034890591e-10 0.9911451495 1.020695071e-09) (4.303904513e-09 1.103822843 4.034709866e-09)
14.915            (-4.895866139e-10 0.9911417932 -2.334513932e-10) (6.263916266e-09 1.10283039 5.59899569e-09)
14.92             (-3.754670802e-10 0.9911382166 6.469909079e-10) (3.155001518e-09 1.101838585 3.689335161e-09)
14.925            (-2.292483496e-10 0.9911344354 -2.444486187e-10) (3.502779646e-09 1.100847453 2.646099221e-09)
14.93             (1.689173261e-10 0.9911304661 -5.375339132e-11) (3.012593667e-09 1.09985697 2.7964582e-09)
14.935            (-8.73738111e-11 0.9911263257 1.590858436e-10) (3.316684434e-09 1.098867212 2.646517533e-09)
14.94             (-2.241357805e-10 0.991122032 -1.652067033e-10) (2.898686174e-09 1.097878231 3.131568403e-09)
14.945            (6.915397501e-10 0.9911176033 -8.573358061e-10) (3.678169229e-09 1.096889985 2.590805952e-09)
14.95             (-5.416763889e-10 0.9911130583 1.410414481e-10) (3.025901278e-09 1.095902548 3.243502156e-09)
14.955            (-2.605619398e-10 0.9911084163 -1.234573326e-10) (3.564481411e-09 1.094915775 2.431686441e-09)
14.96             (1.113380015e-09 0.9911036974 -1.25014355e-09) (4.730241692e-09 1.093929786 7.126384217e-10)
14.965            (-2.607929059e-10 0.991098922 -8.915315947e-11) (3.034323551e-09 1.092944489 2.813157346e-09)
14.97             (-4.355647095e-10 0.9910941105 -8.083471172e-11) (3.108313958e-09 1.091960056 2.429997226e-09)
14.975            (1.848582876e-09 0.9910892835 -2.19925478e-09) (4.724833723e-09 1.090976269 1.175617601e-11)
14.98             (-4.192727715e-10 0.9910844617 -1.498203484e-10) (2.836354395e-09 1.089993312 2.640734713e-09)
14.985            (-3.870100297e-10 0.9910796657 -2.505145914e-10) (2.813428946e-09 1.089010912 2.435213289e-09)
14.99             (1.4633766e-09 0.9910749165 -1.901607888e-09) (3.633241858e-09 1.088029304 1.05667262e-09)
14.995            (-1.477567719e-10 0.9910702345 -3.308801093e-10) (3.324107018e-09 1.087048253 2.180045484e-09)
15                (-4.606160854e-10 0.9910656402 -8.498980981e-11) (2.758165982e-09 1.086068037 2.392935851e-09)
15.005            (1.283950145e-09 0.9910611537 -1.318502982e-09) (3.734013459e-09 1.085088317 2.279648564e-09)
15.01             (-3.488077869e-10 0.9910567945 -2.342361141e-10) (2.771310291e-09 1.084109383 2.353024618e-09)
15.015            (-1.217228659e-09 0.991052582 1.240062917e-09) (3.097115063e-09 1.083130879 2.672797208e-09)
15.02             (-4.582846657e-10 0.9910485349 -4.859160293e-11) (2.844771476e-09 1.082153138 2.439309817e-09)
15.025            (9.507661617e-11 0.9910446714 -6.383330552e-10) (3.03891164e-09 1.081175776 2.406124271e-09)
15.03             (-4.776278348e-10 0.9910410087 4.132942703e-10) (3.35573893e-09 1.080199158 3.782983532e-09)
15.035            (4.220746698e-11 0.9910375638 -3.864360848e-10) (3.332280508e-09 1.079222831 2.347691323e-09)
15.04             (-3.448190705e-10 0.9910343524 -1.701175138e-11) (3.003423938e-09 1.078247193 2.602477164e-09)
15.045            (-3.107769575e-10 0.9910313898 3.899398877e-10) (3.432273385e-09 1.077271835 3.927576673e-09)
15.05             (-1.525335458e-10 0.9910286898 -4.730261363e-11) (2.875458185e-09 1.076297196 2.649270699e-09)
15.055            (-2.098647439e-11 0.9910262653 -2.301322233e-10) (3.212307754e-09 1.075322807 2.228276501e-09)
15.06             (-5.187088263e-10 0.9910241285 6.438970045e-10) (4.149266021e-09 1.074349123 3.632939918e-09)
15.065            (6.121886171e-11 0.9910222909 -2.543234584e-10) (3.305825846e-09 1.073375581 2.229350213e-09)
15.07             (-2.157883778e-10 0.9910207634 -7.341018685e-11) (2.717185135e-09 1.072402675 2.604634359e-09)
15.075            (-2.307377943e-10 0.9910195557 -5.272737263e-11) (2.862788964e-09 1.071429899 2.99499026e-09)
15.08             (-2.61940596e-10 0.9910186754 -5.747636675e-11) (2.644529219e-09 1.07045781 2.746726278e-09)
15.085            (3.358691289e-10 0.9910181281 -3.45945772e-10) (4.339948016e-09 1.069485827 3.935932943e-09)
15.09             (-2.71091189e-10 0.991017918 7.428381831e-12) (2.552726288e-09 1.068514538 2.532092195e-09)
15.095            (-7.323583969e-11 0.9910180494 -9.613108697e-11) (3.575994162e-09 1.067543315 2.690724164e-09)
15.1              (-1.749275028e-10 0.9910185261 7.701388186e-12) (3.353794713e-09 1.066572802 2.816035289e-09)
15.105            (-2.218951122e-10 0.9910193506 -7.293271126e-11) (2.904718967e-09 1.065602354 2.601492761e-09)
15.11             (-1.837130812e-10 0.991020524 -6.466290764e-11) (3.311388222e-09 1.064632679 2.846805756e-09)
15.115            (-9.270247195e-11 0.991022046 -1.473335531e-10) (3.325390541e-09 1.063663036 2.769053096e-09)
15.12             (-1.587687968e-10 0.9910239153 -4.706486269e-11) (3.257762178e-09 1.062694188 3.057603726e-09)
15.125            (-1.508102864e-10 0.9910261298 -4.858847195e-11) (3.307110737e-09 1.061725364 3.162541557e-09)
15.13             (-2.006646557e-10 0.9910286867 1.588322881e-11) (3.407494413e-09 1.060757411 3.092537646e-09)
15.135            (-6.021946287e-11 0.9910315818 -1.218861048e-10) (3.513562392e-09 1.059789514 2.922765328e-09)
15.14             (-1.319074418e-10 0.9910348099 -3.936939214e-11) (3.300980028e-09 1.058822611 3.022188642e-09)
15.145            (-1.323084715e-10 0.9910383651 -4.44781397e-11) (3.238737868e-09 1.057855762 3.238055327e-09)
15.15             (-1.874998924e-10 0.9910422409 1.925575233e-11) (3.491550758e-09 1.056889994 3.055628826e-09)
15.155            (-1.305099926e-10 0.9910464299 -3.710524619e-11) (4.036771486e-09 1.055924339 2.529572743e-09)
15.16             (-1.624277262e-10 0.9910509241 -1.50004123e-12) (3.945709914e-09 1.054959935 2.600140517e-09)
15.165            (-9.186207086e-11 0.9910557151 -7.092748042e-11) (3.879697849e-09 1.053995694 2.693988546e-09)
15.17             (-1.189942981e-10 0.9910607936 -3.853237801e-11) (3.753827886e-09 1.053032859 2.788220325e-09)
15.175            (-6.427585159e-11 0.9910661501 -9.157450488e-11) (3.770146821e-09 1.052070165 2.827608128e-09)
15.18             (-9.641030036e-11 0.9910717745 -5.70172992e-11) (3.66867605e-09 1.051108996 2.941171833e-09)
15.185            (-9.699490219e-11 0.9910776564 -5.500840695e-11) (3.685792169e-09 1.050148109 2.893280525e-09)
15.19             (-1.126673962e-10 0.9910837854 -3.746480256e-11) (3.761953817e-09 1.049189057 2.843414044e-09)
15.195            (-6.042818508e-11 0.9910901506 -8.757755426e-11) (3.965175159e-09 1.048230365 2.59678109e-09)
15.2              (-9.794572494e-11 0.9910967417 -4.64138717e-11) (3.863031073e-09 1.047273712 2.674911428e-09)
15.205            (-9.511162122e-11 0.9911035479 -4.786509573e-11) (3.840882601e-09 1.046317419 2.590348617e-09)
15.21             (-6.716415983e-11 0.9911105582 -7.092624699e-11) (3.404736269e-09 1.04536336 2.150179964e-09)
15.215            (-6.483940589e-11 0.9911177614 -7.495118809e-11) (3.702437924e-09 1.044409812 2.375373414e-09)
15.22             (-7.106740155e-11 0.9911251461 -6.200040289e-11) (3.335783306e-09 1.043458863 2.003191725e-09)
15.225            (-1.047532501e-10 0.9911327012 -2.853395422e-11) (3.503500292e-09 1.042508538 2.078912413e-09)
15.23             (-8.965654547e-11 0.9911404161 -4.431516851e-11) (3.57668113e-09 1.041561101 2.304863068e-09)
15.235            (-8.191824471e-11 0.9911482804 -4.888559763e-11) (3.66028221e-09 1.040614346 2.512127331e-09)
15.24             (-6.845898003e-11 0.9911562838 -6.122463897e-11) (3.705344238e-09 1.039670775 2.597971863e-09)
15.245            (-8.087077733e-11 0.991164416 -4.773425735e-11) (3.739806557e-09 1.038728016 2.596629228e-09)
15.25             (-7.435536488e-11 0.9911726671 -5.359233195e-11) (3.791743302e-09 1.037788824 2.581185795e-09)
15.255            (-8.235977386e-11 0.9911810272 -4.599230318e-11) (3.809833724e-09 1.036850563 2.657387887e-09)
15.26             (-4.189229215e-11 0.9911894872 -7.904599727e-11) (4.031092441e-09 1.035916233 2.771183405e-09)
15.265            (-4.954373316e-11 0.9911980379 -7.595037032e-11) (3.870185247e-09 1.034982924 2.597215113e-09)
15.27             (-1.29036147e-10 0.9912066708 6.645118224e-12) (4.000326978e-09 1.034053909 2.56686116e-09)
15.275            (-1.234983927e-10 0.9912153778 1.749092934e-11) (4.552774627e-09 1.033126027 2.30307138e-09)
15.28             (-8.412987646e-11 0.9912241509 -3.719086172e-11) (4.165397057e-09 1.032202846 2.416683644e-09)
15.285            (-1.445571309e-10 0.9912329827 2.06958569e-11) (4.113729676e-09 1.0312809 2.478040006e-09)
15.29             (-7.423852097e-11 0.9912418659 -5.013301214e-11) (4.10805979e-09 1.030364052 2.655251492e-09)
15.295            (-8.867548214e-11 0.9912507937 -2.633374195e-11) (4.103680958e-09 1.029448533 2.502869186e-09)
15.3              (-6.367512347e-11 0.9912597596 -4.713244181e-11) (3.920752702e-09 1.028538523 2.333963294e-09)
15.305            (-6.851917932e-11 0.9912687575 -4.13566738e-11) (3.883875428e-09 1.027629928 2.450833046e-09)
15.31             (-7.503200497e-11 0.9912777815 -3.509089685e-11) (3.904183083e-09 1.026727251 2.638817324e-09)
15.315            (-6.510991224e-11 0.9912868265 -4.5449958e-11) (4.170398802e-09 1.025826028 2.774501341e-09)
15.32             (-7.276445354e-11 0.9912958875 -3.735863782e-11) (4.232864859e-09 1.024931097 2.915611789e-09)
15.325            (-6.841684799e-11 0.9913049599 -4.222990658e-11) (4.366406493e-09 1.02403768 3.011741062e-09)
15.33             (-6.04239708e-11 0.9913140395 -5.111938319e-11) (4.479421362e-09 1.023150962 3.147833405e-09)
15.335            (-6.898979826e-11 0.9913231223 -4.029352021e-11) (4.473652653e-09 1.022265811 3.179921772e-09)
15.34             (-6.429855014e-11 0.9913322045 -4.386289038e-11) (4.505860491e-09 1.021387742 3.269900363e-09)
15.345            (-6.796607332e-11 0.9913412827 -4.006404405e-11) (4.598663489e-09 1.02051122 3.38966721e-09)
15.35             (-6.041592596e-11 0.9913503536 -4.496058738e-11) (4.540694518e-09 1.019642103 3.360509271e-09)
15.355            (-7.34634607e-11 0.9913594147 -2.884904809e-11) (4.604450858e-09 1.018774498 3.475814601e-09)
15.36             (-6.185359401e-11 0.9913684635 -4.275339634e-11) (4.680227122e-09 1.017914615 3.553043745e-09)
15.365            (-5.869851773e-11 0.991377498 -4.438959363e-11) (4.672432856e-09 1.017056201 3.608821348e-09)
15.37             (-4.131596519e-11 0.9913865165 -5.932994542e-11) (4.677757458e-09 1.016205807 3.658711065e-09)
15.375            (-6.335593903e-11 0.9913955174 -3.668894757e-11) (4.665701411e-09 1.015355381 3.769897833e-09)
15.38             (-5.589089379e-11 0.9914044991 -4.359341223e-11) (4.618400355e-09 1.014511855 3.808999792e-09)
15.385            (-6.136792621e-11 0.9914134604 -3.79953596e-11) (4.366049526e-09 1.013670719 3.975716035e-09)
15.39             (-5.373607622e-11 0.9914223997 -4.58881139e-11) (4.705496347e-09 1.012839635 3.820987547e-09)
15.395            (-6.180391023e-11 0.9914313157 -3.817268236e-11) (4.629736732e-09 1.012010737 3.959490369e-09)
15.4              (-6.522324081e-11 0.991440207 -3.763486591e-11) (4.000203113e-09 1.011190889 4.576181266e-09)
15.405            (-5.400145916e-11 0.991449072 -5.133474794e-11) (5.124219826e-09 1.010370679 3.498184441e-09)
15.41             (-5.225708646e-11 0.9914579094 -5.247160983e-11) (4.547378377e-09 1.009557782 4.176039267e-09)
15.415            (-4.265171353e-11 0.9914667175 -6.36445853e-11) (5.520026759e-09 1.008745611 3.175253795e-09)
15.42             (-4.896348458e-11 0.9914754945 -5.289548779e-11) (3.78478413e-09 1.007942718 5.239086723e-09)
15.425            (-2.574354939e-11 0.991484239 -7.083935859e-11) (5.998248089e-09 1.007140719 3.240493998e-09)
15.43             (-6.26029468e-11 0.9914929492 -3.439193773e-11) (4.252508303e-09 1.00634767 4.385729661e-09)
15.435            (-6.24807165e-11 0.9915016234 -3.222792974e-11) (5.134760104e-09 1.005554081 4.086416478e-09)
15.44             (-6.398577831e-11 0.9915102602 -3.03607479e-11) (3.988712271e-09 1.00476838 4.778055115e-09)
15.445            (-4.174944884e-11 0.9915188582 -5.121016186e-11) (5.286281195e-09 1.003982223 3.531377759e-09)
15.45             (-3.961884602e-11 0.9915274161 -5.437630259e-11) (4.517316806e-09 1.003204551 4.749214143e-09)
15.455            (-3.65133051e-11 0.991535933 -4.468946475e-11) (5.413883629e-09 1.002426459 3.512322092e-09)
15.46             (-6.556757374e-11 0.991544408 -1.503480703e-11) (4.53093819e-09 1.001656728 4.487289304e-09)
15.465            (-1.882902177e-11 0.9915528405 -6.158813857e-11) (5.379625306e-09 1.000885558 3.485314573e-09)
15.47             (-5.200465018e-11 0.9915612301 -1.962567224e-11) (4.371809746e-09 1.000121823 4.510459205e-09)
15.475            (-5.124706458e-11 0.9915695762 -2.380552137e-11) (5.141987158e-09 0.9993561976 3.536122876e-09)
15.48             (-4.908803429e-11 0.9915778786 -3.663971178e-11) (4.82238109e-09 0.9985978519 3.682057486e-09)
15.485            (-4.045823319e-11 0.991586137 -4.576031755e-11) (4.959309553e-09 0.9978374836 3.685206418e-09)
15.49             (-5.49438803e-11 0.9915943515 -1.186511659e-11) (4.641192686e-09 0.9970842119 3.974966963e-09)
15.495            (-4.483535734e-11 0.9916025221 -3.549225383e-11) (4.635586162e-09 0.9963282152 3.993250477e-09)
15.5              (-5.787252456e-11 0.991610649 -2.487098489e-11) (4.559682719e-09 0.9955785303 4.061086262e-09)
15.505            (-3.289279618e-11 0.9916187325 -1.136501213e-11) (4.207257059e-09 0.994825529 3.928155651e-09)
15.51             (-8.173744432e-11 0.9916267727 -4.298988284e-12) (4.616920186e-09 0.994078323 4.033612104e-09)
15.515            (-1.57813136e-11 0.9916347696 2.872062727e-12) (3.873730344e-09 0.9933274484 3.320919915e-09)
15.52             (-1.508598195e-11 0.9916427233 -6.146211324e-12) (4.009272979e-09 0.9925819071 3.232009779e-09)
15.525            (-3.59375904e-11 0.991650634 -2.76425521e-11) (4.3876282e-09 0.9918321043 3.841446857e-09)
15.53             (-1.22979428e-11 0.9916585017 -2.027907655e-11) (3.680632877e-09 0.9910868927 3.43764448e-09)
15.535            (-1.359739849e-11 0.9916663268 -2.17728665e-11) (4.08549483e-09 0.9903368948 2.893557359e-09)
15.54             (-3.674771575e-11 0.9916741092 -2.329695546e-11) (4.282152035e-09 0.9895908656 3.672240404e-09)
15.545            (-3.494071873e-11 0.9916818493 -2.434958632e-11) (4.339853778e-09 0.9888396247 3.758773762e-09)
15.55             (-2.648982884e-11 0.991689547 -3.347020986e-11) (4.264646813e-09 0.9880917206 3.650033442e-09)
15.555            (-3.77730759e-11 0.9916972023 -2.332871633e-11) (4.329209272e-09 0.9873381188 3.764548656e-09)
15.56             (-2.330602721e-11 0.9917048153 -3.91885349e-11) (4.092073094e-09 0.9865871323 3.798361682e-09)
15.565            (-3.323374178e-11 0.9917123858 -2.744660977e-11) (4.202065902e-09 0.9858300222 3.604746571e-09)
15.57             (-3.260981311e-11 0.9917199137 -2.728957573e-11) (4.082754185e-09 0.9850748669 3.635485862e-09)
15.575            (-4.276427342e-11 0.9917273988 -1.867809454e-11) (3.91618369e-09 0.9843132366 3.695166283e-09)
15.58             (-3.687771256e-11 0.9917348407 -2.487087834e-11) (4.141614769e-09 0.983552925 3.955711392e-09)
15.585            (-3.312797454e-11 0.9917422393 -2.97733484e-11) (4.037240922e-09 0.9827857345 4.267361463e-09)
15.59             (-3.091072371e-11 0.9917495939 -3.257346292e-11) (4.134790648e-09 0.9820191488 4.316539456e-09)
15.595            (-3.572804097e-11 0.991756904 -2.670638268e-11) (4.435504045e-09 0.9812454928 3.878713068e-09)
15.6              (-3.316792096e-11 0.9917641691 -2.802245103e-11) (3.780849811e-09 0.9804719474 4.648296506e-09)
15.605            (-3.030262711e-11 0.9917713884 -3.127349952e-11) (4.220408681e-09 0.9796910301 4.383835192e-09)
15.61             (-3.745082124e-11 0.991778561 -2.75584268e-11) (4.579231123e-09 0.9789095338 4.061384922e-09)
15.615            (-3.138695248e-11 0.9917856863 -3.101361946e-11) (3.430082793e-09 0.9781204732 4.643190535e-09)
15.62             (-4.717574198e-11 0.9917927631 -1.422936268e-11) (4.458861805e-09 0.9773303233 3.87749142e-09)
15.625            (-3.269912184e-11 0.9917997906 -2.897280497e-11) (4.491191329e-09 0.9765325999 3.929667918e-09)
15.63             (-4.563664969e-11 0.9918067676 -1.591846166e-11) (4.027317118e-09 0.9757333939 3.913354486e-09)
15.635            (-3.966469365e-11 0.9918136925 -4.523967581e-11) (4.121310796e-09 0.9749263683 3.566570165e-09)
15.64             (-2.794138916e-11 0.9918205637 -2.25137048e-11) (4.843290579e-09 0.9741172107 4.373809409e-09)
15.645            (-2.593210604e-11 0.9918273792 -1.205937196e-11) (5.000086618e-09 0.9733002791 4.12205108e-09)
15.65             (-1.709815897e-11 0.9918341369 -3.208092269e-11) (4.526860688e-09 0.9724809573 3.80003092e-09)
15.655            (-2.181299513e-11 0.9918408346 -2.544510521e-11) (4.378117641e-09 0.9716540042 4.159777846e-09)
15.66             (-2.580290782e-11 0.9918474705 2.082636031e-11) (5.375689686e-09 0.970824372 5.227487933e-09)
15.665            (1.425900499e-10 0.9918540425 -2.049353205e-10) (5.031527624e-09 0.9699872182 1.793517987e-09)
15.67             (2.523658973e-11 0.9918605485 -1.198430596e-10) (3.882210025e-09 0.9691471069 4.09817783e-09)
15.675            (-1.353352977e-10 0.9918669861 9.717267537e-12) (3.942628564e-09 0.9682994642 2.890728694e-09)
15.68             (5.540159223e-12 0.9918733526 8.608888481e-12) (5.482265667e-09 0.9674484894 5.137015667e-09)
15.685            (-1.726144659e-11 0.9918796451 4.021941726e-12) (5.045313318e-09 0.9665901177 4.720091937e-09)
15.69             (2.370071207e-11 0.9918858602 1.246135613e-11) (6.394939903e-09 0.9657282475 5.335596025e-09)
15.695            (5.868267523e-12 0.9918919948 -1.378570441e-11) (5.741530167e-09 0.9648593136 5.2550839e-09)
15.7              (4.750476732e-11 0.9918980455 2.635312205e-11) (6.583243988e-09 0.9639868675 6.009406905e-09)
15.705            (2.571655448e-11 0.9919040086 4.068019675e-11) (6.598895606e-09 0.9631075625 5.538966726e-09)
15.71             (3.827800489e-11 0.9919098807 5.52949682e-11) (6.6907924e-09 0.9622245817 6.009864316e-09)
15.715            (5.236162839e-11 0.9919156578 3.501881603e-11) (6.054655226e-09 0.9613349821 6.375045461e-09)
15.72             (-3.727528849e-11 0.9919213359 -5.356798361e-12) (5.733677977e-09 0.9604416657 5.325426063e-09)
15.725            (-1.743359638e-11 0.9919269106 -4.590267433e-12) (5.340468595e-09 0.9595421237 4.792139654e-09)
15.73             (3.264366623e-11 0.9919323779 4.02315583e-11) (6.351660856e-09 0.9586389623 5.996942702e-09)
15.735            (3.214233371e-13 0.9919377332 5.713762259e-11) (6.197786e-09 0.9577298748 5.797849173e-09)
15.74             (-1.476752513e-11 0.9919429724 -3.648078646e-11) (5.453943978e-09 0.9568171559 5.065241168e-09)
15.745            (-4.707319639e-11 0.9919480907 -4.154888488e-11) (3.525539646e-09 0.9558988195 4.09547124e-09)
15.75             (3.961028978e-12 0.9919530835 -4.506666417e-11) (6.431926565e-09 0.9549769209 2.702119639e-09)
15.755            (-5.356996583e-11 0.9919579457 -4.381196033e-11) (4.274645676e-09 0.9540497935 3.873237135e-09)
15.76             (-8.69100449e-11 0.991962672 -9.911638336e-12) (4.573628614e-09 0.9531192578 3.344436425e-09)
15.765            (-8.163020639e-11 0.9919672572 2.623421196e-12) (3.593270328e-09 0.9521838597 4.63117999e-09)
15.77             (5.015496544e-11 0.9919716959 -1.016174686e-10) (4.777564473e-09 0.9512451791 3.683204001e-09)
15.775            (-5.244008184e-11 0.9919759828 1.907261506e-12) (5.115043442e-09 0.9503020086 3.684436555e-09)
15.78             (5.70803375e-11 0.9919801123 -1.91750807e-10) (5.346186635e-09 0.9493557145 2.498920821e-09)
15.785            (-6.1131255e-11 0.9919840788 5.186315603e-12) (4.884679136e-09 0.9484052831 4.831872723e-09)
15.79             (-8.152427098e-11 0.9919878767 -4.236732598e-11) (5.690306458e-09 0.9474518893 5.239150799e-09)
15.795            (-4.997459433e-11 0.9919915003 -9.748670203e-11) (5.42675705e-09 0.9464947056 4.628776021e-09)
15.8              (-2.313773743e-10 0.9919949437 4.472696929e-11) (4.76953155e-09 0.9455347426 6.066796538e-09)
15.805            (-1.639378616e-11 0.9919982012 -6.929855752e-11) (6.790939066e-09 0.9445713558 6.270689622e-09)
15.81             (-9.143545118e-11 0.992001267 -3.92538678e-11) (7.214995032e-09 0.9436053988 6.99497082e-09)
15.815            (1.312247334e-10 0.9920041356 -7.27539606e-11) (9.014965927e-09 0.9426363919 6.76993642e-09)
15.82             (-2.920601047e-11 0.9920068012 -1.476917572e-10) (8.777214119e-09 0.941665045 4.812075602e-09)
15.825            (-8.880284052e-11 0.9920092588 4.777620281e-11) (7.716491793e-09 0.9406909634 8.130135089e-09)
15.83             (-4.13198222e-11 0.9920115031 -1.809444322e-11) (8.873399587e-09 0.9397147152 7.834231393e-09)
15.835            (-1.745486495e-10 0.9920135297 -3.931476328e-11) (7.616602192e-09 0.9387360939 7.801772153e-09)
15.84             (-2.342417734e-10 0.9920153344 -4.091871987e-11) (7.101990775e-09 0.9377555654 9.009639918e-09)
15.845            (-4.835400333e-11 0.9920169131 1.197864772e-11) (1.027463501e-08 0.9367729254 8.94475715e-09)
15.85             (-8.738011132e-11 0.9920182624 6.426335879e-11) (1.050678997e-08 0.9357885166 9.36335637e-09)
15.855            (-1.464455819e-10 0.992019379 -1.527853692e-10) (8.304900817e-09 0.9348023175 9.351363386e-09)
15.86             (6.023793667e-11 0.9920202599 -9.600510016e-11) (1.113755399e-08 0.9338146002 1.006302767e-08)
15.865            (-5.52032702e-11 0.9920209024 7.720852406e-11) (1.160010508e-08 0.9328254153 1.093022196e-08)
15.87             (4.902654106e-12 0.9920213044 -3.874429478e-10) (1.042440732e-08 0.9318349338 7.845400473e-09)
15.875            (2.90779538e-12 0.9920214639 6.309223118e-11) (1.154955425e-08 0.9308431947 1.229623428e-08)
15.88             (-1.305742694e-10 0.9920213788 4.034269024e-11) (1.175791327e-08 0.9298502904 1.062272759e-08)
15.885            (3.755081257e-11 0.9920210467 2.595841645e-10) (1.311999471e-08 0.9288564191 1.392285095e-08)
15.89             (2.520442507e-10 0.9920204651 2.700418502e-10) (1.528915832e-08 0.9278616289 1.55962379e-08)
15.895            (3.480833524e-12 0.9920196311 1.006857186e-11) (1.206577991e-08 0.9268660959 1.142823501e-08)
15.9              (6.162578406e-12 0.9920185424 1.299297893e-11) (1.226900919e-08 0.9258697938 1.149344669e-08)
15.905            (1.145054629e-10 0.9920171967 1.833412509e-10) (1.441204043e-08 0.9248730007 1.359274022e-08)
15.91             (2.530790686e-10 0.9920155925 4.124536043e-11) (1.387373813e-08 0.923875654 1.524243538e-08)
15.915            (9.798485932e-13 0.9920137286 1.828349492e-10) (1.397879297e-08 0.9228779896 1.550088078e-08)
15.92             (-3.194907624e-10 0.9920116047 -1.242535669e-10) (1.238395165e-08 0.9218798933 9.040497445e-09)
15.925            (-5.974337594e-11 0.9920092215 5.194071857e-10) (1.641484424e-08 0.9208814851 1.430567117e-08)
15.93             (-2.505416197e-10 0.9920065803 1.287682595e-11) (1.373511204e-08 0.9198826502 8.573524811e-09)
15.935            (8.184062424e-11 0.9920036839 1.49165323e-10) (1.59426412e-08 0.9188839109 1.277291799e-08)
15.94             (3.94191295e-11 0.9920005357 -1.944186396e-11) (1.230933078e-08 0.9178851686 1.602092266e-08)
15.945            (-2.038155834e-10 0.9919971401 1.291648281e-10) (1.665514571e-08 0.9168873546 1.278209305e-08)
15.95             (-2.585171463e-11 0.9919935022 5.466614652e-11) (1.135574583e-08 0.9158902215 1.709797356e-08)
15.955            (-6.595377441e-11 0.9919896278 1.617397391e-10) (1.305611205e-08 0.9148928197 1.650426961e-08)
15.96             (3.317022404e-10 0.9919855234 1.228842414e-10) (1.382662766e-08 0.9138947475 1.53524235e-08)
15.965            (-2.215987534e-10 0.9919811959 1.289938433e-10) (1.866262954e-08 0.9128970887 1.01101241e-08)
15.97             (7.218513099e-11 0.9919766528 2.034061473e-10) (1.559863052e-08 0.9118999693 1.414043917e-08)
15.975            (-1.442431934e-10 0.9919719019 9.528656749e-11) (1.560060082e-08 0.9109040008 1.329167145e-08)
15.98             (1.393581297e-10 0.9919669518 -1.956046214e-11) (1.417097947e-08 0.9099088779 1.50941324e-08)
15.985            (-2.435987602e-10 0.9919618115 -2.157093707e-10) (1.311511773e-08 0.9089142681 1.355751684e-08)
15.99             (5.231536992e-11 0.9919564902 -2.344909972e-10) (1.362441197e-08 0.907919838 1.677128034e-08)
15.995            (6.095539817e-11 0.9919509983 -5.50514334e-11) (1.539693205e-08 0.9069261741 1.345239228e-08)
16                (-9.305175062e-12 0.9919453463 -2.777580198e-11) (1.845844659e-08 0.9059332331 1.186747852e-08)
16.005            (-5.851364895e-11 0.9919395455 -2.512426546e-11) (2.029343945e-08 0.9049415506 1.122489122e-08)
16.01             (2.582080889e-10 0.9919336075 2.139321051e-10) (1.687357603e-08 0.9039509104 1.417300174e-08)
16.015            (-9.836267471e-11 0.9919275434 -6.093742007e-11) (1.241986145e-08 0.9029612612 1.797583424e-08)
16.02             (6.230098941e-11 0.9919213645 2.468894037e-10) (1.651245434e-08 0.9019723415 1.393329125e-08)
16.025            (-3.835426172e-11 0.9919150829 5.357274295e-11) (1.545036265e-08 0.9009845431 1.424320792e-08)
16.03             (-1.414784491e-09 0.9919087123 -1.21980596e-09) (1.327656293e-08 0.8999977708 1.349968763e-08)
16.035            (-4.133966169e-10 0.991902267 -2.729168803e-10) (1.51457978e-08 0.8990124398 1.434664882e-08)
16.04             (1.741757433e-09 0.9918957617 2.043498082e-09) (2.178441958e-08 0.8980283628 1.94272907e-08)
16.045            (-1.116570112e-10 0.99188921 -3.041873322e-11) (1.531877274e-08 0.8970456233 1.38476955e-08)
16.05             (-2.712065823e-10 0.9918826253 -3.193354651e-10) (1.357265885e-08 0.8960640357 1.50580065e-08)
16.055            (9.837037724e-10 0.9918760215 9.160537357e-10) (1.733117931e-08 0.8950838946 1.658659779e-08)
16.06             (5.993296224e-10 0.9918694124 4.974970878e-10) (1.51006514e-08 0.8941051179 1.674539544e-08)
16.065            (-1.853361432e-10 0.9918628122 -2.122824737e-10) (1.421303531e-08 0.893128091 1.498530296e-08)
16.07             (6.626191456e-11 0.991856235 6.00539929e-11) (1.560281925e-08 0.8921526628 1.465241978e-08)
16.075            (1.488614034e-11 0.9918496949 5.494278809e-11) (1.607854562e-08 0.8911789324 1.32721499e-08)
16.08             (3.339192836e-11 0.9918432061 3.092445147e-11) (1.518353679e-08 0.8902067279 1.417308336e-08)
16.085            (7.050511183e-11 0.9918367824 2.928822201e-11) (1.407231419e-08 0.8892363742 1.534454892e-08)
16.09             (9.811099365e-11 0.9918304375 6.614523102e-11) (1.456472505e-08 0.8882677745 1.503680089e-08)
16.095            (8.71350879e-11 0.9918241844 1.137907292e-10) (1.586150409e-08 0.8873012586 1.380121904e-08)
16.1              (-1.858650735e-11 0.9918180361 -2.945535015e-11) (1.511906238e-08 0.8863367022 1.419031506e-08)
16.105            (3.862541049e-10 0.9918120051 3.549988904e-10) (1.47290006e-08 0.8853743612 1.551817893e-08)
16.11             (5.804152859e-10 0.9918061031 5.638565475e-10) (1.504446921e-08 0.8844140937 1.504188343e-08)
16.115            (6.034268157e-10 0.9918003418 6.890222314e-10) (1.597440481e-08 0.8834562048 1.383601537e-08)
16.12             (6.42890053e-10 0.9917947321 6.143810504e-10) (1.554951591e-08 0.8825005614 1.405724821e-08)
16.125            (6.70616512e-10 0.9917892847 6.089620074e-10) (1.46024427e-08 0.8815475423 1.496894661e-08)
16.13             (6.520702056e-10 0.9917840096 6.066013212e-10) (1.467725251e-08 0.8805970123 1.482827466e-08)
16.135            (5.587908446e-10 0.9917789158 6.566521528e-10) (1.522875255e-08 0.8796494424 1.418253057e-08)
16.14             (5.458384885e-10 0.991774012 5.821690995e-10) (1.510468906e-08 0.878704668 1.418354122e-08)
16.145            (6.098719364e-10 0.9917693061 4.589674435e-10) (1.447332918e-08 0.8777629217 1.468756853e-08)
16.15             (5.412105272e-10 0.9917648051 4.842730173e-10) (1.455680153e-08 0.8768240013 1.460614679e-08)
16.155            (3.851359927e-10 0.9917605158 4.929905855e-10) (1.495265266e-08 0.8758884858 1.404004781e-08)
16.16             (3.489872947e-10 0.991756444 4.202936643e-10) (1.529508979e-08 0.8749562329 1.362041005e-08)
16.165            (3.466514622e-10 0.9917525948 3.315959714e-10) (1.49574704e-08 0.8740278255 1.38839234e-08)
16.17             (6.24280555e-10 0.9917489728 -7.217207767e-11) (1.165515655e-08 0.8731030342 1.697649939e-08)
16.175            (1.29986202e-09 0.9917455821 1.561596841e-09) (1.57133945e-08 0.8721824152 1.575872909e-08)
16.18             (1.897283264e-10 0.9917424253 2.163610097e-10) (1.366405496e-08 0.8712656993 1.497122852e-08)
16.185            (-7.005913034e-10 0.9917395056 -8.303693943e-10) (1.416836426e-08 0.8703535177 1.259997558e-08)
16.19             (9.742135648e-10 0.9917368268 9.935205034e-10) (1.584428961e-08 0.8694455867 1.514445135e-08)
16.195            (-2.997897339e-10 0.9917343912 -3.279857475e-10) (1.417711689e-08 0.8685427022 1.33932091e-08)
16.2              (-5.402522278e-10 0.991732199 -4.880166532e-10) (1.39396251e-08 0.8676445512 1.371593694e-08)
16.205            (-2.920328204e-10 0.9917302488 -3.064787399e-10) (1.423511755e-08 0.8667519434 1.380679501e-08)
16.21             (-7.280320952e-11 0.99172854 -4.820284726e-11) (1.445480926e-08 0.8658645001 1.406773486e-08)
16.215            (-5.408192899e-10 0.9917270737 -5.763369747e-10) (1.395170231e-08 0.8649831658 1.356130288e-08)
16.22             (-6.22161858e-11 0.9917258511 -3.526921135e-11) (1.445319088e-08 0.864107528 1.408148893e-08)
16.225            (3.695873712e-11 0.9917248718 3.021637471e-11) (1.46173794e-08 0.8632385441 1.396251116e-08)
16.23             (-2.9775578e-10 0.991724133 -2.673721483e-10) (1.415732416e-08 0.8623757383 1.389893596e-08)
16.235            (2.716658385e-10 0.9917236313 2.624892244e-10) (1.514447853e-08 0.8615202747 1.439963548e-08)
16.24             (2.723905027e-11 0.9917233637 5.396135122e-11) (1.481312276e-08 0.8606716407 1.415045222e-08)
16.245            (-4.860366341e-10 0.9917233277 -4.516791837e-10) (1.363886305e-08 0.8598310181 1.435414537e-08)
16.25             (-2.522455597e-11 0.99172352 -7.036471053e-11) (1.497044712e-08 0.8589978105 1.416370547e-08)
16.255            (-2.758993169e-10 0.9917239369 -2.774448244e-10) (1.430021173e-08 0.8581733166 1.414873001e-08)
16.26             (1.306376094e-10 0.9917245738 2.079535047e-10) (1.473758084e-08 0.8573568958 1.428202202e-08)
16.265            (4.7071939e-10 0.9917254266 4.879171877e-10) (1.457736142e-08 0.8565499893 1.45287195e-08)
16.27             (5.036141533e-10 0.9917264905 4.183590646e-10) (1.436589794e-08 0.8557518995 1.426253754e-08)
16.275            (3.32568311e-10 0.991727761 3.320444732e-10) (1.466545284e-08 0.8549641316 1.427922424e-08)
16.28             (6.36507327e-10 0.9917292331 6.444142727e-10) (1.487044574e-08 0.8541859091 1.462674431e-08)
16.285            (8.102047597e-10 0.9917309019 8.137031717e-10) (1.498458371e-08 0.8534188278 1.445803449e-08)
16.29             (8.103077681e-10 0.9917327621 7.895784373e-10) (1.472989539e-08 0.8526620548 1.448399079e-08)
16.295            (6.923643485e-10 0.9917348085 6.797474475e-10) (1.477499911e-08 0.8519173197 1.409810474e-08)
16.3              (1.015245317e-10 0.9917370357 8.724255912e-11) (1.404659818e-08 0.8511837374 1.386158574e-08)
16.305            (4.551188433e-10 0.9917394386 4.731042533e-10) (1.468205122e-08 0.8504631023 1.447855876e-08)
16.31             (6.073258237e-10 0.9917420117 5.652861164e-10) (1.503183075e-08 0.8497544628 1.353200685e-08)
16.315            (6.307063968e-10 0.9917447494 6.17228586e-10) (1.452898201e-08 0.8490596968 1.410439408e-08)
16.32             (5.709821969e-10 0.9917476466 5.696926113e-10) (1.485341775e-08 0.848377795 1.391876965e-08)
16.325            (5.572947912e-10 0.9917506979 3.993242511e-10) (1.362749968e-08 0.8477107188 1.477242432e-08)
16.33             (5.38638878e-10 0.9917538977 3.077584134e-10) (1.391989124e-08 0.8470574123 1.463078747e-08)
16.335            (3.331749501e-11 0.9917572407 6.987234965e-11) (1.44435453e-08 0.8464199137 1.380959714e-08)
16.34             (-1.792033336e-10 0.9917607218 -1.509156031e-10) (1.396115863e-08 0.8457971154 1.422187553e-08)
16.345            (1.834769992e-11 0.9917643356 -1.109087445e-11) (1.528461909e-08 0.8451910696 1.343676474e-08)
16.35             (1.942742354e-10 0.9917680769 3.130913073e-10) (1.487113663e-08 0.8446006202 1.377838572e-08)
16.355            (1.773196667e-10 0.9917719407 1.431348848e-10) (1.440785782e-08 0.8440278781 1.402854603e-08)
16.36             (-1.380651863e-10 0.9917759221 -1.724375019e-10) (1.424196416e-08 0.8434716622 1.373128491e-08)
16.365            (-7.160370161e-11 0.9917800162 -1.048193136e-10) (1.436357774e-08 0.8429341296 1.397612882e-08)
16.37             (-5.300408943e-12 0.9917842181 -7.050732751e-11) (1.436955735e-08 0.8424140694 1.398134959e-08)
16.375            (2.100741867e-11 0.9917885232 -6.38597409e-12) (1.438516658e-08 0.8419136002 1.394908627e-08)
16.38             (3.335147264e-11 0.9917929269 4.706808686e-12) (1.43633983e-08 0.8414314833 1.395657418e-08)
16.385            (2.698441721e-11 0.9917974249 1.21561571e-11) (1.43532175e-08 0.8409698628 1.39306001e-08)
16.39             (4.082153289e-11 0.9918020126 3.303722516e-11) (1.442392252e-08 0.8405275038 1.392712235e-08)
16.395            (4.749898886e-11 0.9918066861 4.109105946e-11) (1.446012789e-08 0.8401066614 1.399425777e-08)
16.4              (-1.190499037e-10 0.9918114411 -1.292397964e-10) (1.422059014e-08 0.8397060918 1.383281829e-08)
16.405            (-8.822213614e-11 0.9918162735 -1.119179464e-10) (1.431022817e-08 0.839327704 1.390693019e-08)
16.41             (-4.712846652e-11 0.9918211795 -5.643588853e-11) (1.433837298e-08 0.8389702211 1.386946663e-08)
16.415            (-1.816177605e-11 0.9918261554 -2.818796174e-11) (1.431997869e-08 0.838635269 1.386175404e-08)
16.42             (-9.980120789e-12 0.9918311973 -2.166529749e-11) (1.429576383e-08 0.8383216865 1.387358648e-08)
16.425            (-2.978382124e-11 0.9918363012 -3.481574283e-11) (1.42718126e-08 0.8380318386 1.386208915e-08)
16.43             (-3.992260074e-11 0.9918414635 -5.062401102e-11) (1.425588749e-08 0.8377647052 1.384007558e-08)
16.435            (-3.893502248e-11 0.9918466805 -3.174683318e-11) (1.426119629e-08 0.8375219155 1.382111574e-08)
16.44             (-1.159768346e-11 0.9918519485 -3.673308068e-11) (1.423871246e-08 0.8373022772 1.38385353e-08)
16.445            (-9.995202131e-12 0.9918572641 -9.768281403e-12) (1.425440087e-08 0.8371071568 1.382363179e-08)
16.45             (2.903249275e-11 0.991862624 8.832929047e-12) (1.422914952e-08 0.8369355283 1.383644904e-08)
16.455            (-1.41295157e-10 0.9918680248 -1.561587152e-10) (1.411319807e-08 0.8367890655 1.370772404e-08)
16.46             (-9.031666839e-11 0.9918734637 -9.682629777e-11) (1.413782093e-08 0.8366669089 1.370102796e-08)
16.465            (-4.603694469e-11 0.9918789378 -4.7590755e-11) (1.417391763e-08 0.8365702819 1.375608784e-08)
16.47             (-2.646621843e-11 0.9918844445 -3.137951806e-11) (1.416937747e-08 0.836498303 1.375419454e-08)
16.475            (-3.64155533e-11 0.9918899817 -4.444436669e-11) (1.414469713e-08 0.8364519092 1.373081784e-08)
16.48             (-2.543009764e-11 0.9918955474 -3.083821354e-11) (1.414193652e-08 0.8364303583 1.372684501e-08)
16.485            (-2.526092057e-11 0.9919011398 -2.610539317e-11) (1.413152313e-08 0.8364345792 1.371474907e-08)
16.49             (-5.10073688e-11 0.9919067573 -3.519642911e-11) (1.410832255e-08 0.8364639904 1.36801699e-08)
16.495            (-5.100307219e-11 0.9919123986 -6.24937522e-11) (1.408073022e-08 0.8365192159 1.367386643e-08)
16.5              (-4.056691014e-11 0.9919180627 -2.493536894e-11) (1.409454678e-08 0.8365997549 1.366091482e-08)
16.505            (7.104801033e-11 0.9919237487 -9.967717005e-12) (1.411751059e-08 0.8367059295 1.369150144e-08)
16.51             (-9.280830459e-11 0.9919294556 8.89241534e-11) (1.41564672e-08 0.8368373723 1.354214915e-08)
16.515            (-1.192461659e-10 0.9919351831 -1.2062316e-10) (1.396936379e-08 0.8369942576 1.353670198e-08)
16.52             (-4.87579027e-11 0.9919409308 -5.056549025e-11) (1.401231869e-08 0.8371763765 1.360791979e-08)
16.525            (1.699873149e-11 0.9919466985 2.069675669e-11) (1.405249595e-08 0.8373836344 1.363408914e-08)
16.53             (8.65952298e-12 0.9919524864 6.571682446e-12) (1.40392014e-08 0.8376159429 1.363189092e-08)
16.535            (-7.688416084e-11 0.9919582946 -5.976248999e-11) (1.396071483e-08 0.8378729201 1.353014051e-08)
16.54             (3.108248563e-11 0.991964124 1.277789024e-11) (1.399136371e-08 0.8381546176 1.359223987e-08)
16.545            (-2.03995922e-11 0.9919699752 -2.60117977e-11) (1.396587107e-08 0.8384604537 1.356822414e-08)
16.55             (-4.649522521e-11 0.9919758495 -4.770772727e-11) (1.394439808e-08 0.8387906345 1.355103493e-08)
16.555            (-1.26145905e-10 0.9919817482 -8.884180384e-11) (1.390841061e-08 0.8391443309 1.344944281e-08)
16.56             (-4.032396926e-11 0.9919876729 -3.06934941e-11) (1.393461851e-08 0.8395218821 1.354574986e-08)
16.565            (-3.701126836e-11 0.9919936255 -3.239536625e-11) (1.392371153e-08 0.8399222189 1.353392392e-08)
16.57             (2.003463015e-10 0.9919996082 2.481056178e-10) (1.408995684e-08 0.8403458164 1.369228541e-08)
16.575            (3.486327432e-10 0.9920056233 3.552686653e-10) (1.413498005e-08 0.8407914024 1.361886479e-08)
16.58             (4.261860651e-10 0.9920116734 2.98283071e-10) (1.411068881e-08 0.8412595875 1.350907207e-08)
16.585            (1.556360255e-10 0.9920177613 2.576728831e-10) (1.387142764e-08 0.841748891 1.342763846e-08)
16.59             (6.781162202e-10 0.9920238901 5.974428969e-10) (1.407181785e-08 0.8422600454 1.404630064e-08)
16.595            (2.879843416e-10 0.9920300631 1.250263098e-10) (1.397654412e-08 0.8427913872 1.328720546e-08)
16.6              (4.424985272e-10 0.9920362837 5.207180218e-10) (1.393121851e-08 0.8433437622 1.373058387e-08)
16.605            (5.062550769e-10 0.9920425558 5.269578875e-10) (1.402705829e-08 0.8439153293 1.358122812e-08)
16.61             (4.97086338e-10 0.9920488834 1.127375204e-10) (1.387884472e-08 0.8445070432 1.337461346e-08)
16.615            (3.788314212e-10 0.9920552705 2.331560493e-10) (1.375599812e-08 0.8451169304 1.353601972e-08)
16.62             (2.048133339e-10 0.9920617215 1.732962663e-10) (1.371905745e-08 0.8457460492 1.338510001e-08)
16.625            (6.486540014e-11 0.9920682412 1.506410279e-10) (1.378912106e-08 0.8463923067 1.324389421e-08)
16.63             (-1.542745383e-11 0.9920748345 -3.488352241e-11) (1.37420336e-08 0.8470568361 1.31247616e-08)
16.635            (3.094072785e-11 0.9920815063 2.549291386e-11) (1.381001635e-08 0.8477373906 1.323550686e-08)
16.64             (2.472383083e-11 0.9920882621 -3.636030025e-11) (1.379014463e-08 0.8484351725 1.322912225e-08)
16.645            (-7.156418325e-11 0.9920951074 -5.113357224e-11) (1.372950351e-08 0.8491479122 1.318055802e-08)
16.65             (-1.568388977e-11 0.9921020479 -4.959653614e-11) (1.376688409e-08 0.849876892 1.318077989e-08)
16.655            (-5.092855685e-11 0.9921090897 -3.885232143e-11) (1.376750137e-08 0.8506197626 1.315440509e-08)
16.66             (3.535715301e-10 0.9921162388 3.077545123e-10) (1.412575707e-08 0.8513778424 1.355580344e-08)
16.665            (3.023848072e-10 0.9921235016 2.146422061e-10) (1.394221129e-08 0.8521487351 1.331728247e-08)
16.67             (3.10425371e-10 0.9921308845 7.450811511e-11) (1.359502673e-08 0.8529337954 1.360599517e-08)
16.675            (-1.212415599e-10 0.9921383943 -3.247058264e-11) (1.381191619e-08 0.8537306167 1.329003423e-08)
16.68             (-4.606116055e-11 0.9921460375 -5.272774042e-11) (1.393686153e-08 0.8545405809 1.331629597e-08)
16.685            (4.792046344e-11 0.992153821 1.485226151e-11) (1.371974531e-08 0.855361283 1.33526929e-08)
16.69             (1.228728749e-10 0.9921617515 7.688952488e-11) (1.370914497e-08 0.8561941166 1.334157153e-08)
16.695            (1.741869196e-10 0.9921698359 1.60751921e-10) (1.376264764e-08 0.8570366856 1.327447436e-08)
16.7              (6.081617304e-10 0.9921780812 5.02071203e-10) (1.389157467e-08 0.8578903861 1.325053083e-08)
16.705            (3.361809376e-10 0.9921864943 2.537252752e-10) (1.37384149e-08 0.8587528855 1.344622196e-08)
16.71             (7.997167478e-10 0.9921950819 6.602995784e-10) (1.398392618e-08 0.8596255675 1.375470053e-08)
16.715            (6.883831991e-10 0.9922038511 7.162475033e-10) (1.401349149e-08 0.8605061361 1.366586426e-08)
16.72             (5.36413844e-10 0.9922128086 5.877135432e-10) (1.412251507e-08 0.861395943 1.366498745e-08)
16.725            (8.976465223e-10 0.9922219611 8.779944612e-10) (1.440914772e-08 0.8622927555 1.41252824e-08)
16.73             (5.092914117e-10 0.9922313152 4.991720824e-10) (1.421486622e-08 0.8631979055 1.384313021e-08)
16.735            (5.594861388e-10 0.9922408775 5.64349703e-10) (1.427215338e-08 0.8641092767 1.389082833e-08)
16.74             (6.193061572e-10 0.9922506544 6.172983363e-10) (1.426495175e-08 0.8650281683 1.389737792e-08)
16.745            (4.078635256e-09 0.992260652 4.001813992e-09) (1.453145346e-08 0.8659525487 1.204163941e-08)
16.75             (7.053996588e-10 0.9922708764 8.815883393e-10) (1.417454179e-08 0.8668836579 1.359472227e-08)
16.755            (4.990152553e-10 0.9922813333 5.014187166e-10) (1.390532575e-08 0.8678195222 1.362284931e-08)
16.76             (6.339659038e-10 0.9922920282 6.060940881e-10) (1.381088101e-08 0.8687613238 1.340632119e-08)
16.765            (5.143061068e-10 0.9923029666 5.145043626e-10) (1.37384416e-08 0.8697072318 1.337536667e-08)
16.77             (4.989207022e-10 0.9923141532 4.971753514e-10) (1.367016861e-08 0.8706583767 1.332121861e-08)
16.775            (4.368264151e-10 0.9923255926 4.427970971e-10) (1.36509958e-08 0.8716130491 1.323858453e-08)
16.78             (4.223796457e-10 0.9923372893 4.251297706e-10) (1.36089972e-08 0.872572311 1.32044281e-08)
16.785            (3.623246542e-10 0.992349247 3.600749559e-10) (1.355789326e-08 0.8735345487 1.31710557e-08)
16.79             (3.011053179e-10 0.9923614693 3.116821628e-10) (1.355112363e-08 0.8745007533 1.310316859e-08)
16.795            (2.660223082e-10 0.9923739594 2.593457979e-10) (1.347298275e-08 0.8754694389 1.312206922e-08)
16.8              (2.22342647e-10 0.9923867197 2.340992099e-10) (1.35172965e-08 0.8764415293 1.302981844e-08)
16.805            (2.060756899e-10 0.9923997525 2.017233402e-10) (1.340989696e-08 0.8774156685 1.307900397e-08)
16.81             (1.789649125e-10 0.9924130595 1.894408049e-10) (1.346669463e-08 0.8783927054 1.29547021e-08)
16.815            (1.712488286e-10 0.9924266417 1.639701043e-10) (1.332435934e-08 0.8793713649 1.30331396e-08)
16.82             (1.235330756e-10 0.9924404996 1.362224922e-10) (1.342578191e-08 0.8803524187 1.286976847e-08)
16.825            (2.485975419e-11 0.9924546333 5.29382451e-12) (1.325078596e-08 0.8813347828 1.304698654e-08)
16.83             (1.841180911e-10 0.992469042 1.912926456e-10) (1.33738319e-08 0.8823191635 1.279281416e-08)
16.835            (-2.780819657e-11 0.9924837245 -1.924749993e-11) (1.341803466e-08 0.8833045395 1.305066883e-08)
16.84             (2.545526478e-11 0.9924986789 1.229366467e-11) (1.309114197e-08 0.8842915227 1.260178042e-08)
16.845            (3.708682098e-09 0.9925139023 3.178795763e-09) (1.214587342e-08 0.8852791712 1.321536606e-08)
16.85             (5.995196693e-09 0.9925293916 1.344132762e-09) (1.852660015e-08 0.8862680322 1.010964757e-08)
16.855            (-8.030769572e-11 0.9925451433 3.263891307e-10) (1.227227807e-08 0.8872573636 1.21918015e-08)
16.86             (7.044898001e-11 0.9925611537 -1.371639566e-10) (1.242824802e-08 0.8882476537 1.171886099e-08)
16.865            (1.273886744e-09 0.992577416 1.822088642e-09) (1.737171097e-08 0.889238091 1.320631064e-08)
16.87             (-3.620664053e-10 0.9925939211 -1.264013549e-10) (1.236279812e-08 0.8902290746 1.156610378e-08)
16.875            (-4.277013425e-10 0.9926106603 -5.828868462e-10) (1.191497393e-08 0.8912197468 1.204307158e-08)
16.88             (1.710008463e-10 0.992627628 -9.5771031e-10) (1.336889986e-08 0.8922105022 1.234579244e-08)
16.885            (-4.104872731e-10 0.9926448184 2.249233159e-10) (1.282408637e-08 0.8932011645 1.277112377e-08)
16.89             (-9.675765299e-10 0.9926622231 3.031121663e-09) (1.638736258e-08 0.8941921118 1.365013947e-08)
16.895            (7.199025855e-10 0.9926798305 -2.266506223e-10) (1.266725388e-08 0.8951828007 1.222815403e-08)
16.9              (-3.939874901e-10 0.9926976286 1.145396609e-09) (1.287450863e-08 0.8961734003 1.15379166e-08)
16.905            (6.402515468e-10 0.9927156059 -4.124101679e-10) (1.262911942e-08 0.8971631433 1.222336149e-08)
16.91             (-5.170518087e-10 0.9927337514 5.585976619e-10) (1.292541185e-08 0.8981522262 1.197940247e-08)
16.915            (-4.301470656e-10 0.9927520532 -4.729948091e-10) (1.377416556e-08 0.8991407989 1.311566379e-08)
16.92             (8.568028896e-10 0.9927704984 -1.147517551e-09) (1.168093477e-08 0.900129134 1.178691947e-08)
16.925            (-3.720664959e-09 0.9927890734 6.070636798e-10) (-2.70524438e-09 0.9011170531 -3.503385863e-09)
16.93             (-7.175117961e-10 0.9928077643 -1.303304968e-09) (1.337721747e-10 0.9021045582 -8.396664971e-10)
16.935            (-1.092679578e-09 0.9928265571 -1.014468117e-09) (-8.968603209e-09 0.9030912543 -9.431356968e-09)
16.94             (3.043533251e-10 0.9928454369 -2.905967541e-09) (-6.436282457e-09 0.9040771328 -6.446543829e-09)
16.945            (-2.042506128e-09 0.9928643885 -2.617148863e-10) (-5.603600346e-09 0.9050622676 -6.316260719e-09)
16.95             (-8.206798024e-10 0.9928833965 -1.166613502e-09) (-8.712463208e-09 0.9060466977 -8.928276295e-09)
16.955            (-2.096196558e-09 0.9929024451 -2.087888064e-10) (-7.418544492e-09 0.9070305161 -7.816744433e-09)
16.96             (-8.181880459e-10 0.9929215183 -1.143099576e-09) (-8.044842934e-09 0.9080136376 -8.313762385e-09)
16.965            (-1.383239851e-09 0.9929405998 -5.184729461e-10) (-4.344839857e-09 0.9089960237 -5.624378753e-09)
16.97             (-8.166095303e-10 0.9929596731 -3.686251831e-10) (-5.921063958e-09 0.9099775197 -6.20032933e-09)
16.975            (-6.668286137e-10 0.9929787215 -1.105912486e-09) (-6.112316246e-09 0.9109582923 -6.986554294e-09)
16.98             (1.463643949e-09 0.9929977284 -2.601457733e-09) (7.527834576e-09 0.9119381945 2.485864958e-09)
16.985            (-1.220853992e-09 0.9930166776 2.028532459e-11) (-3.846879552e-09 0.9129174668 -4.799705877e-09)
16.99             (3.339033007e-10 0.9930355529 -1.802037433e-09) (-6.339848227e-09 0.9138958958 -3.221065063e-09)
16.995            (-1.00096611e-10 0.9930543383 -2.496845997e-10) (1.480547305e-08 0.91487369 1.421744985e-08)
17                (8.904632698e-10 0.9930730182 -2.304251292e-09) (-1.324171351e-09 0.9158505752 -1.300675388e-09)
17.005            (-1.127148989e-09 0.9930915776 -1.727229725e-10) (-4.303127415e-09 0.9168268318 -6.472122154e-09)
17.01             (-1.299311424e-09 0.9931100015 2.912632198e-10) (-1.605956955e-09 0.9178021599 -6.548489507e-10)
17.015            (-1.505771071e-09 0.9931282751 4.00867798e-10) (-3.170736571e-09 0.9187769264 2.891257739e-10)
17.02             (-4.87419355e-10 0.9931463831 -5.355129675e-10) (-4.751720727e-09 0.9197507887 -4.462495484e-09)
17.025            (-2.498006014e-10 0.9931643107 -8.705211593e-10) (-2.02994269e-09 0.9207241233 -6.465306527e-09)
17.03             (-7.35089065e-10 0.9931820446 -2.667518416e-10) (-4.481380904e-09 0.9216965299 -5.231868671e-09)
17.035            (5.335001373e-10 0.9931995728 -1.520630595e-09) (-3.812664998e-09 0.9226684279 1.166412669e-09)
17.04             (-9.11827779e-10 0.9932168843 3.732111092e-10) (-5.356989653e-10 0.9236393762 1.398874494e-10)
17.045            (-5.277560573e-10 0.9932339674 2.823910968e-11) (1.41596989e-08 0.9246098602 1.411346647e-08)
17.05             (-2.434564608e-09 0.9932508106 1.705764917e-09) (4.975872546e-09 0.9255793935 1.005504484e-08)
17.055            (-4.194045512e-10 0.9932674035 -5.22888053e-11) (1.396392374e-08 0.9265484953 1.314198439e-08)
17.06             (-2.654629448e-11 0.9932837364 -4.366961798e-10) (1.426410806e-08 0.9275166222 1.386856995e-08)
17.065            (1.303032516e-09 0.9932998011 -1.8800219e-09) (1.00905797e-08 0.928484334 1.049106329e-08)
17.07             (-1.104940216e-10 0.9933155897 -3.652405261e-10) (1.41961046e-08 0.9294510348 1.297449843e-08)
17.075            (-4.497680971e-10 0.9933310949 -2.013057997e-11) (1.356671978e-08 0.9304173426 1.356442342e-08)
17.08             (-1.78936197e-09 0.9933463101 1.270634004e-09) (1.104256034e-08 0.9313826043 1.327324417e-08)
17.085            (-3.539379965e-10 0.9933612301 -1.348888043e-10) (1.367446019e-08 0.932347488 1.315619509e-08)
17.09             (-9.866931808e-11 0.9933758499 -3.923967483e-10) (1.367037722e-08 0.9333112747 1.3117433e-08)
17.095            (1.15310344e-09 0.9933901659 -1.647323548e-09) (1.430294171e-08 0.9342746849 1.235784834e-08)
17.1              (-8.677127816e-11 0.9934041748 -4.628736103e-10) (1.124828746e-08 0.9352369309 1.008973157e-08)
17.105            (-1.718909002e-09 0.9934178744 1.22640992e-09) (1.465507613e-08 0.9361987974 1.181913825e-08)
17.11             (-3.124362936e-10 0.9934312631 -2.12090819e-10) (1.340137595e-08 0.9371594219 1.316554915e-08)
17.115            (-7.111445923e-11 0.9934443404 -4.338826045e-10) (1.355022339e-08 0.9381196552 1.256622226e-08)
17.12             (9.927832539e-10 0.9934571063 -1.451697177e-09) (1.620880125e-08 0.9390785487 1.481936352e-08)
17.125            (-3.628618935e-09 0.9934695617 3.175198526e-09) (1.130525588e-08 0.9400370282 1.557719409e-08)
17.13             (-5.229325566e-10 0.9934817081 4.022306713e-11) (1.32846568e-08 0.9409940535 1.290806034e-08)
17.135            (5.947284918e-11 0.9934935481 -4.960675173e-10) (1.339620282e-08 0.9419506343 1.277710552e-08)
17.14             (4.636212318e-09 0.9935050844 -5.00718435e-09) (1.291080086e-08 0.9429056294 1.218384345e-08)
17.145            (-1.939324633e-11 0.9935163204 -3.87781589e-10) (1.295619133e-08 0.9438601662 1.247158849e-08)
17.15             (-3.206678195e-10 0.99352726 -8.288794864e-11) (1.283681234e-08 0.9448129909 1.230085029e-08)
17.155            (-3.799311177e-10 0.9935379073 -1.74744576e-11) (1.262535575e-08 0.9457652697 1.255664577e-08)
17.16             (2.035461826e-10 0.9935482678 -6.060307852e-10) (1.349707426e-08 0.9467156179 1.348649636e-08)
17.165            (3.635099941e-10 0.9935583478 -8.100278222e-10) (8.027651191e-09 0.94766533 6.985830023e-09)
17.17             (-2.222104485e-10 0.9935681539 -2.162165392e-10) (7.397146302e-09 0.9486129088 6.813081513e-09)
17.175            (-3.403890023e-10 0.993577693 -7.721903376e-11) (9.025929418e-09 0.9495598558 8.501045285e-09)
17.18             (-1.872168413e-10 0.9935869719 -2.188643996e-10) (1.011799542e-08 0.9505045365 9.472562565e-09)
17.185            (-1.430806098e-10 0.9935959977 -2.579297291e-10) (1.124479034e-08 0.951448507 1.055037258e-08)
17.19             (-1.696018651e-10 0.9936047779 -2.277805297e-10) (1.22234629e-08 0.9523899349 1.144609289e-08)
17.195            (-1.355020101e-10 0.9936133204 -2.567407171e-10) (1.4338965e-08 0.9533305149 1.35654493e-08)
17.2              (-1.580037325e-10 0.9936216335 -2.344315553e-10) (1.498399141e-08 0.9542682734 1.432104663e-08)
17.205            (-1.286325224e-10 0.9936297256 -2.43591384e-10) (1.43994378e-08 0.9552051264 1.379830169e-08)
17.21             (-4.965735897e-10 0.9936376055 1.276794955e-10) (1.434828651e-08 0.9561389132 1.418189928e-08)
17.215            (2.035376587e-10 0.9936452817 -5.709986056e-10) (1.39827777e-08 0.9570714362 1.395720538e-08)
17.22             (-2.290425143e-09 0.9936527631 1.92597367e-09) (9.747794159e-09 0.9580003478 1.094838887e-08)
17.225            (-2.89017143e-10 0.9936600586 -8.409397401e-11) (1.146084939e-08 0.9589283893 1.096596383e-08)
17.23             (1.226899172e-10 0.9936671768 -4.834113487e-10) (1.376873047e-08 0.9598530858 1.326240973e-08)
17.235            (1.708863524e-09 0.9936741267 -2.042995302e-09) (1.325790594e-08 0.9607768434 1.147214233e-08)
17.24             (-1.396186061e-10 0.9936809167 -1.917635669e-10) (1.518285426e-08 0.9616967458 1.207941456e-08)
17.245            (-4.667291664e-10 0.9936875554 1.19413876e-10) (1.420356722e-08 0.9626150421 1.397263187e-08)
17.25             (1.187024873e-10 0.993694051 -4.615019032e-10) (1.408101579e-08 0.9635286865 1.332517072e-08)
17.255            (-1.014109049e-09 0.9937004116 6.818651422e-10) (1.468282e-08 0.9644409129 1.396580232e-08)
17.26             (-2.794760667e-10 0.9937066456 -5.200331122e-11) (1.393409748e-08 0.965348585 1.289636444e-08)
17.265            (1.656218148e-10 0.9937127609 -4.956061322e-10) (1.355044653e-08 0.9662549433 1.32694947e-08)
17.27             (-8.066793263e-10 0.9937187657 4.751934603e-10) (1.480205943e-08 0.9671564255 1.491310216e-08)
17.275            (-4.077442744e-10 0.9937246675 8.172486434e-11) (1.354697338e-08 0.9680562855 1.328276694e-08)
17.28             (1.050404214e-10 0.9937304736 -4.176070386e-10) (1.392264339e-08 0.9689506968 1.321306647e-08)
17.285            (1.776856305e-09 0.9937361912 -2.087402772e-09) (1.107080631e-08 0.96984392 1.182276012e-08)
17.29             (-5.953407102e-10 0.9937418268 3.046913203e-10) (1.165162929e-08 0.9707319255 1.114964224e-08)
17.295            (-3.1494078e-10 0.993747387 3.277700241e-11) (1.337715998e-08 0.9716190704 1.315239954e-08)
17.3              (-5.9510593e-11 0.9937528778 -2.29733971e-10) (1.085413792e-08 0.9725007833 1.029477507e-08)
17.305            (-2.046058705e-09 0.9937583048 1.745627453e-09) (1.176508353e-08 0.9733790426 1.117720691e-08)
17.31             (-1.444336633e-10 0.9937636733 -1.444349983e-10) (1.125284999e-08 0.9742490469 1.076381948e-08)
17.315            (-1.664061756e-10 0.9937689882 -1.219700994e-10) (1.125711495e-08 0.9751175014 1.078447139e-08)
17.32             (6.444559787e-11 0.9937742543 -3.420600137e-10) (1.174849324e-08 0.9759801753 1.114586704e-08)
17.325            (-4.631527471e-10 0.9937794755 1.998286082e-10) (1.263896627e-08 0.9768419964 1.225460478e-08)
17.33             (2.281586697e-10 0.9937846559 -4.930228394e-10) (1.116282398e-08 0.9776973659 1.060978345e-08)
17.335            (-1.252106065e-10 0.9937897991 -1.341223631e-10) (1.100986504e-08 0.9785504247 1.077955669e-08)
17.34             (-1.54171424e-10 0.9937949083 -9.987534929e-11) (1.098659911e-08 0.979395504 1.088118497e-08)
17.345            (-6.531793782e-10 0.9937999867 4.122409098e-10) (1.191087716e-08 0.9802389785 1.192665593e-08)
17.35             (-1.398039486e-10 0.9938050377 -1.071709523e-10) (1.073174807e-08 0.9810752792 1.078459055e-08)
17.355            (-1.125867754e-10 0.9938100641 -1.336892992e-10) (1.050078552e-08 0.9819103502 1.063107879e-08)
17.36             (-2.479788876e-11 0.9938150691 -2.219308338e-10) (1.051589357e-08 0.9827379223 1.074731905e-08)
17.365            (-4.160691523e-10 0.9938200556 1.763260073e-10) (1.069783586e-08 0.9835638509 1.110392841e-08)
17.37             (6.448358058e-10 0.9938250269 -8.755899208e-10) (1.208533357e-08 0.9843816644 1.237009192e-08)
17.375            (8.478169789e-11 0.9938299861 -3.240037556e-10) (9.799390971e-09 0.9851982151 1.012582034e-08)
17.38             (7.891208376e-10 0.9938349364 -1.007565061e-09) (1.239932626e-08 0.986006907 1.269559092e-08)
17.385            (-4.099705641e-10 0.9938398812 1.926136629e-10) (1.157434065e-08 0.9868146334 1.206227896e-08)
17.39             (-2.217455829e-10 0.993844824 -1.277743731e-12) (9.821361405e-09 0.9876143749 1.023712181e-08)
17.395            (-2.921316369e-10 0.9938497681 7.227228328e-11) (1.032699732e-08 0.9884131675 1.066079574e-08)
17.4              (1.746992112e-10 0.9938547166 -3.918865001e-10) (1.05755502e-08 0.9892037683 1.063936439e-08)
17.405            (-4.135822272e-10 0.9938596727 1.990597447e-10) (1.051861338e-08 0.9899937659 1.072866126e-08)
17.41             (-3.828842821e-11 0.9938646392 -1.734460107e-10) (9.945216002e-09 0.9907757404 1.019972066e-08)
17.415            (-3.303422883e-10 0.9938696187 1.172379614e-10) (1.000956236e-08 0.9915574536 1.026905573e-08)
17.42             (-2.087562678e-10 0.9938746134 5.494497965e-12) (9.653995747e-09 0.9923312038 9.844825838e-09)
17.425            (-1.887416883e-10 0.9938796254 -2.020413177e-11) (9.509474746e-09 0.9931049291 9.587254434e-09)
17.43             (7.404231032e-11 0.9938846566 -2.792457808e-10) (9.643572598e-09 0.9938707409 9.636951882e-09)
17.435            (-2.883612613e-10 0.9938897084 8.387030418e-11) (9.393990069e-09 0.9946369171 9.651852436e-09)
17.44             (-1.830827819e-10 0.9938947823 8.081715923e-13) (9.222003915e-09 0.9953954231 9.348089397e-09)
17.445            (-1.866872445e-10 0.9938998796 -7.141213175e-12) (9.234838768e-09 0.9961547083 9.344198361e-09)
17.45             (-3.915559817e-10 0.9939050011 2.272015218e-10) (9.121233984e-09 0.9969065643 9.297509389e-09)
17.455            (2.354826314e-10 0.9939101479 -4.114660845e-10) (8.891261175e-09 0.9976595769 8.701851708e-09)
17.46             (-4.005090792e-10 0.9939153207 2.07272254e-10) (8.807815896e-09 0.9984054156 8.426954951e-09)
17.465            (4.78442446e-10 0.9939205203 -6.846477666e-10) (8.811544084e-09 0.9991528123 8.222871406e-09)
17.47             (-3.768685321e-10 0.9939257471 1.643985468e-10) (8.291674612e-09 0.9998933599 8.909538183e-09)
17.475            (3.054114544e-10 0.9939310016 -5.584434722e-10) (8.507693443e-09 1.000635955 8.580720181e-09)
17.48             (-4.451103106e-10 0.9939362842 2.565517729e-10) (8.868875437e-09 1.001372135 8.811618894e-09)
17.485            (-1.44763837e-10 0.9939415952 -4.212979037e-11) (8.787450769e-09 1.00211104 8.832451391e-09)
17.49             (2.823820575e-11 0.9939469349 -1.872368277e-10) (8.818635663e-09 1.002844149 8.780815227e-09)
17.495            (-5.53635709e-11 0.9939523037 -1.010469394e-10) (8.744502666e-09 1.003580217 8.746725885e-09)
17.5              (-1.471372411e-10 0.9939577015 -6.391343703e-11) (8.884616362e-09 1.004310666 8.970095792e-09)
17.505            (-1.208731765e-11 0.9939631286 -2.066572201e-10) (9.007703401e-09 1.005044468 8.899869315e-09)
17.51             (1.616439595e-10 0.993968585 -3.630799635e-10) (8.79338387e-09 1.005773196 8.976405287e-09)
17.515            (8.955153619e-11 0.9939740707 -2.928554439e-10) (8.91350981e-09 1.00650606 8.827059254e-09)
17.52             (-2.028371698e-10 0.9939795859 2.343437184e-11) (8.606857268e-09 1.007234673 8.613585097e-09)
17.525            (-1.093772807e-10 0.9939851304 -8.845230165e-11) (8.831887887e-09 1.007967712 8.831687955e-09)
17.53             (2.709952837e-10 0.9939907045 -4.598278229e-10) (8.623638455e-09 1.00869679 8.542373463e-09)
17.535            (-2.22470182e-11 0.9939963082 -1.774497293e-10) (8.832483208e-09 1.009430647 8.758068697e-09)
17.54             (1.436330203e-12 0.9940019417 -1.605132825e-10) (8.507188187e-09 1.010161118 8.435951365e-09)
17.545            (-3.211203524e-10 0.9940076051 1.367859323e-10) (8.895623896e-09 1.010896933 8.904965191e-09)
17.55             (-1.007115092e-09 0.9940132986 8.428332478e-10) (8.277566617e-09 1.011630082 8.512147078e-09)
17.555            (-5.299940857e-10 0.9940190223 3.55754662e-10) (8.65135607e-09 1.0123688 8.633828593e-09)
17.56             (-9.858141474e-11 0.9940247762 -7.539648733e-11) (7.99698021e-09 1.013105217 7.92713784e-09)
17.565            (-2.246918091e-10 0.9940305607 5.829709668e-11) (7.875311491e-09 1.013847709 7.88712958e-09)
17.57             (4.10485492e-10 0.994036376 -5.724934062e-10) (8.32848668e-09 1.014588694 8.145869184e-09)
17.575            (6.895182051e-10 0.9940422222 -8.542577773e-10) (9.313779297e-09 1.015336222 9.176371461e-09)
17.58             (-1.279335994e-09 0.9940480998 1.11765488e-09) (8.31173223e-09 1.016082869 8.6013989e-09)
17.585            (-4.788236057e-10 0.9940540092 3.193283e-10) (9.137401886e-09 1.016836208 9.085952052e-09)
17.59             (6.079957765e-10 0.9940599509 -7.647613435e-10) (9.508483225e-09 1.017589052 9.257135386e-09)
17.595            (-1.683069475e-09 0.9940659256 1.526539654e-09) (8.138870657e-09 1.018348859 8.208647251e-09)
17.6              (8.623738369e-11 0.9940719339 -2.43732961e-10) (9.871304748e-09 1.019108779 8.051404401e-09)
17.605            (4.114009487e-10 0.9940779768 -5.678960245e-10) (1.020219016e-08 1.019875977 1.009024719e-08)
17.61             (1.156762233e-09 0.9940840551 -1.315052337e-09) (8.245270893e-09 1.020643867 7.811228944e-09)
17.615            (5.019882231e-11 0.9940901699 -2.067555709e-10) (1.234209537e-08 1.021419146 1.209561478e-08)
17.62             (-6.399152649e-10 0.9940963224 4.839409416e-10) (2.37847015e-08 1.022195504 2.352359343e-08)
17.625            (8.966974756e-10 0.9941025136 -1.039096941e-09) (4.103730634e-09 1.022979283 3.248769064e-09)
17.63             (5.969661769e-10 0.9941087448 -7.35534256e-10) (4.958866865e-09 1.023764524 4.309091736e-09)
17.635            (1.004853072e-09 0.9941150174 -1.147173935e-09) (5.259875843e-09 1.024557424 3.160022572e-09)
17.64             (1.095724539e-09 0.9941213328 -1.229264708e-09) (7.912632832e-09 1.02535236 6.199816274e-09)
17.645            (-1.469513843e-09 0.9941276926 1.326514314e-09) (6.567558265e-09 1.026154946 5.233056245e-09)
17.65             (-7.670426805e-10 0.9941340986 6.322683718e-10) (5.426338318e-09 1.026959817 5.601533612e-09)
17.655            (-2.197907544e-10 0.9941405527 8.243060646e-11) (8.539436146e-09 1.027772156 8.287621773e-09)
17.66             (7.6041423e-10 0.9941470572 -9.047423436e-10) (6.320577442e-09 1.028586979 5.975101265e-09)
17.665            (-1.756320052e-10 0.9941536143 4.269551954e-11) (8.609192544e-09 1.029409466 8.508532536e-09)
17.67             (1.783621064e-09 0.9941602268 -1.908566833e-09) (9.471190795e-09 1.030235 6.791224316e-09)
17.675            (6.663199936e-10 0.9941668972 -7.592721279e-10) (8.08612459e-09 1.031067927 7.319819853e-09)
17.68             (-1.34957933e-09 0.9941736284 1.240556939e-09) (7.265973078e-09 1.031903854 8.311850481e-09)
17.685            (-1.388003244e-09 0.9941804233 1.269578669e-09) (7.691598138e-09 1.032746959 8.132206295e-09)
17.69             (1.007275292e-09 0.9941872848 -1.141267588e-09) (7.058961989e-09 1.033593269 6.327068973e-09)
17.695            (8.754471188e-10 0.9941942163 -9.864362744e-10) (8.447342707e-09 1.034447006 7.386565552e-09)
17.7              (8.788571574e-10 0.9942012211 -1.011069763e-09) (7.232299558e-09 1.035304485 6.478328427e-09)
17.705            (-1.585566599e-09 0.9942083028 1.44826848e-09) (6.83305198e-09 1.03616864 9.831345784e-09)
17.71             (-5.522859807e-10 0.9942154653 4.373804146e-10) (6.19079172e-09 1.037035967 6.607344695e-09)
17.715            (7.50050553e-10 0.9942227127 -8.646430493e-10) (7.583042133e-09 1.03790987 5.852383607e-09)
17.72             (-1.545954503e-09 0.9942300489 1.405633866e-09) (6.472894404e-09 1.038787381 8.932817798e-09)
17.725            (8.427021306e-10 0.9942374783 -9.839925394e-10) (7.410633861e-09 1.039671554 7.330155019e-09)
17.73             (8.229722893e-10 0.9942450051 -9.233079071e-10) (6.75322659e-09 1.040559544 5.714673756e-09)
17.735            (3.976520864e-11 0.9942526335 -1.538795885e-10) (8.023491185e-09 1.041453553 7.701798814e-09)
17.74             (-5.276991273e-11 0.9942603677 -9.925781123e-11) (8.248544427e-09 1.042350955 8.040344958e-09)
17.745            (9.116230059e-11 0.9942682118 -2.278075622e-10) (8.798301767e-09 1.043254028 6.865854283e-09)
17.75             (-1.95907129e-11 0.9942761701 -2.662414614e-11) (6.351681025e-09 1.044160545 6.192950451e-09)
17.755            (-1.55970773e-11 0.9942842464 -4.600385964e-11) (9.070871625e-09 1.04507267 8.901848101e-09)
17.76             (-1.262795077e-10 0.9942924449 6.206193418e-11) (8.502604243e-09 1.045988379 8.976271514e-09)
17.765            (-6.980908057e-12 0.9943007692 -6.553752743e-11) (8.417420287e-09 1.04690925 8.115708797e-09)
17.77             (-4.570283921e-10 0.9943092232 3.257087858e-10) (2.245102928e-09 1.047833497 4.79663579e-09)
17.775            (9.985644377e-12 0.9943178106 -1.099301501e-10) (6.340406938e-09 1.048762496 5.983222193e-09)
17.78             (-7.233243664e-11 0.9943265351 -3.111476675e-11) (5.98337731e-09 1.049694537 6.196307535e-09)
17.785            (5.225218415e-11 0.9943354008 -1.660376623e-10) (3.535267396e-09 1.050630973 3.211738965e-09)
17.79             (2.903678676e-11 0.9943444119 -1.205234827e-10) (6.160358453e-09 1.051570499 5.912068153e-09)
17.795            (2.753150055e-10 0.9943535728 -3.777609154e-10) (4.495145454e-09 1.052514259 3.744890039e-09)
17.8              (-3.616152006e-10 0.9943628886 2.885877629e-10) (7.280876379e-09 1.053460988 5.240325869e-09)
17.805            (-1.815150472e-10 0.9943723643 1.197179422e-10) (5.164934583e-09 1.05441163 5.443796541e-09)
17.81             (-2.023979222e-10 0.9943820055 9.922152008e-12) (6.385931213e-09 1.055365066 6.414871274e-09)
17.815            (6.845085399e-10 0.9943918179 -8.677129319e-10) (2.252433923e-09 1.056321595 1.601466833e-09)
17.82             (-2.081480625e-10 0.9944018074 4.392268677e-11) (5.132997479e-09 1.057280391 5.863809694e-09)
17.825            (4.677135477e-10 0.99441198 -5.870507693e-10) (5.576564041e-09 1.058242184 4.288379959e-09)
17.83             (1.487756018e-11 0.9944223416 -1.434781284e-10) (5.861235906e-09 1.05920628 6.083997804e-09)
17.835            (-1.551754418e-10 0.9944328975 5.160951344e-11) (5.828136553e-09 1.060173603 6.014175115e-09)
17.84             (-1.317383572e-09 0.9944436528 1.26045436e-09) (5.089869639e-09 1.061143571 4.350077546e-09)
17.845            (-2.077910848e-10 0.9944546118 1.333312239e-10) (5.871460397e-09 1.062116208 5.923501662e-09)
17.85             (1.163497316e-11 0.9944657784 -1.010340934e-10) (5.383519262e-09 1.063090835 5.708215133e-09)
17.855            (1.366439755e-09 0.9944771558 -1.364698993e-09) (5.252803281e-09 1.064066496 7.596937707e-09)
17.86             (1.514477622e-11 0.9944887468 -8.96506078e-11) (5.658200163e-09 1.065042854 5.989273524e-09)
17.865            (-2.473093763e-10 0.9945005537 2.405863199e-10) (5.944153295e-09 1.066021726 6.162246282e-09)
17.87             (-1.324240869e-09 0.9945125786 1.315211011e-09) (5.128840957e-09 1.067003216 3.571229228e-09)
17.875            (-1.260550293e-11 0.994524823 9.714306894e-11) (7.424142371e-09 1.067986589 7.146745651e-09)
17.88             (7.812491221e-11 0.9945372885 -1.358874987e-10) (4.89461313e-09 1.068971261 5.971516419e-09)
17.885            (-1.210378932e-10 0.9945499762 1.047194176e-10) (5.190410953e-09 1.069956586 5.599242452e-09)
17.89             (-6.142510658e-10 0.994562887 6.437440356e-10) (3.316581465e-09 1.070942534 2.827495291e-09)
17.895            (1.642176493e-09 0.9945760215 -1.465646027e-09) (5.404997882e-09 1.071929744 1.023261825e-08)
17.9              (-9.273260624e-10 0.9945893801 1.044586108e-09) (1.878797611e-08 1.072918376 1.718348806e-08)
17.905            (-1.497002947e-10 0.9946029629 2.156115041e-10) (5.778209985e-09 1.073908003 5.750415009e-09)
17.91             (4.670321518e-10 0.99461677 -3.580226878e-10) (4.306337364e-09 1.074898493 6.563001186e-09)
17.915            (-1.010998452e-10 0.9946308009 9.619535408e-11) (5.445335111e-09 1.075889313 5.651869518e-09)
17.92             (4.053367223e-10 0.9946450545 -7.404301898e-11) (1.463788556e-08 1.076880524 7.619725947e-09)
17.925            (-3.202287064e-11 0.9946595289 2.674578303e-10) (1.450735719e-08 1.077872107 1.633181013e-08)
17.93             (1.453370502e-10 0.9946742215 1.424019572e-10) (1.691708055e-08 1.07886426 1.299487594e-08)
17.935            (3.847514878e-10 0.9946891294 5.874065146e-11) (1.679657205e-08 1.079856663 2.052144632e-08)
17.94             (2.235731898e-10 0.9947042492 2.262220585e-10) (1.497491539e-08 1.080849412 1.715052323e-08)
17.945            (-7.096515622e-11 0.9947195775 -5.637763791e-11) (1.216956008e-08 1.081842027 1.320732372e-08)
17.95             (3.127149306e-10 0.9947351105 1.123087241e-10) (1.837608893e-08 1.082834661 1.631845944e-08)
17.955            (-2.720036125e-11 0.9947508439 1.289243025e-10) (4.689082282e-09 1.083827067 5.693751374e-09)
17.96             (-3.633780985e-10 0.9947667723 7.726542027e-10) (1.503704116e-08 1.084819482 7.679795539e-09)
17.965            (1.879189988e-10 0.9947828896 -2.290717969e-10) (1.105806237e-08 1.08581158 1.439135328e-08)
17.97             (-2.598654994e-10 0.9947991891 6.378909853e-10) (1.671437188e-08 1.086803544 1.359723432e-08)
17.975            (4.748515635e-10 0.994815664 1.090881078e-10) (1.049336418e-08 1.087794924 1.186560393e-08)
17.98             (1.102909467e-09 0.9948323067 -9.719835237e-10) (5.271672995e-09 1.088785903 6.565774987e-09)
17.985            (1.518205207e-10 0.9948491093 -2.398013542e-11) (5.314728694e-09 1.08977616 6.035674706e-09)
17.99             (-2.171638007e-10 0.994866063 9.103884122e-10) (9.251005379e-09 1.090765946 6.867600499e-09)
17.995            (1.259997141e-09 0.9948831585 -4.89556719e-10) (1.36131997e-08 1.091754966 1.904979801e-08)
18                (3.05184083e-10 0.994900386 3.834571084e-10) (6.667175844e-09 1.092743423 7.413293432e-09)
18.005            (1.819054575e-10 0.9949177356 1.321519119e-10) (5.238419682e-09 1.093730829 5.640754962e-09)
18.01             (6.970642977e-10 0.9949351975 -1.526167077e-10) (3.371747729e-09 1.094717398 7.038254897e-09)
18.015            (6.623155833e-11 0.9949527621 8.780942124e-11) (4.931355103e-09 1.0957028 5.856670275e-09)
18.02             (7.339049401e-11 0.9949704192 4.62803428e-11) (5.860559937e-09 1.096687283 5.324002697e-09)
18.025            (1.726673644e-10 0.9949881569 1.205759733e-10) (5.904911734e-09 1.097670536 6.036720938e-09)
18.03             (6.35698918e-10 0.9950059627 8.706253678e-10) (1.537232267e-08 1.098652773 1.61111339e-08)
18.035            (6.15126962e-12 0.9950238248 2.752823796e-10) (5.374220037e-09 1.099633442 5.350248066e-09)
18.04             (1.929073815e-10 0.9950417327 -1.968867895e-10) (4.85614458e-09 1.100612759 6.029318848e-09)
18.045            (2.912971304e-10 0.9950596756 5.001648674e-10) (8.542439754e-09 1.101590889 8.610571535e-09)
18.05             (8.3309624e-10 0.9950776422 6.407001016e-10) (5.815347746e-09 1.1025681 6.251149699e-09)
18.055            (-2.044305132e-09 0.9950956207 2.165174442e-09) (6.524389474e-09 1.103543486 5.068942458e-09)
18.06             (4.154430326e-10 0.9951135995 7.425297402e-10) (5.119768547e-09 1.10451711 5.614248457e-09)
18.065            (7.716339209e-10 0.9951315665 -2.158439354e-10) (6.077419751e-09 1.105488535 6.322902711e-09)
18.07             (-3.676299636e-10 0.9951495103 2.521901747e-09) (5.385697741e-09 1.106458098 3.909547518e-09)
18.075            (2.767316519e-09 0.9951674191 3.130461666e-09) (4.263603785e-09 1.107425958 3.590682078e-09)
18.08             (7.654984884e-10 0.9951852816 7.363979146e-10) (6.084937431e-09 1.108392403 5.616781139e-09)
18.085            (1.712201994e-10 0.9952030862 1.170271595e-09) (4.561990249e-09 1.109356551 6.04880605e-09)
18.09             (7.505966041e-10 0.995220821 9.223534152e-10) (6.314186963e-09 1.110318497 5.405576959e-09)
18.095            (1.182044998e-09 0.9952384744 -1.15562752e-09) (3.10984698e-09 1.111277938 5.413541071e-09)
18.1              (1.665077822e-09 0.9952560351 7.962711495e-10) (4.964853642e-09 1.112235198 5.629312235e-09)
18.105            (1.500242155e-09 0.9952734923 4.416957855e-10) (6.234105269e-09 1.113189886 6.940083247e-09)
18.11             (1.049999201e-09 0.995290835 1.357248163e-09) (5.709759962e-09 1.114142246 6.11385556e-09)
18.115            (3.56338093e-09 0.9953080527 3.898751031e-09) (3.915078679e-09 1.115091727 3.420543384e-09)
18.12             (1.445246455e-09 0.9953251361 3.949055279e-10) (5.201458736e-09 1.11603857 5.834846006e-09)
18.125            (6.250676779e-11 0.9953420756 1.378046469e-10) (5.179034881e-09 1.116982167 5.323481441e-09)
18.13             (1.241473993e-09 0.99535886 5.50095373e-10) (5.900950921e-09 1.117922817 6.38185385e-09)
18.135            (8.971722654e-10 0.9953754789 1.185414539e-09) (5.893174326e-09 1.118860098 6.225014384e-09)
18.14             (-2.802619591e-09 0.9953919261 1.237821374e-10) (4.51480656e-09 1.119794354 4.139541383e-09)
18.145            (9.122936189e-10 0.9954081974 9.118039261e-11) (4.819395637e-09 1.12072485 5.580863073e-09)
18.15             (3.760504924e-09 0.9954242873 2.508742145e-09) (5.105098458e-09 1.121651873 6.828555376e-09)
18.155            (-2.544233435e-10 0.9954401873 -1.11652654e-09) (5.340841985e-09 1.12257467 5.182790773e-09)
18.16             (-3.460852551e-11 0.9954558876 6.076010378e-10) (5.64479745e-09 1.123493631 5.685851004e-09)
18.165            (7.070919939e-10 0.9954713812 7.659574906e-11) (5.107489413e-09 1.124408208 5.907359283e-09)
18.17             (-3.247540941e-10 0.9954866648 1.163603073e-10) (5.56774617e-09 1.125318832 5.028035744e-09)
18.175            (6.599126937e-10 0.995501735 1.092729961e-09) (6.28078776e-09 1.126224566 6.464476021e-09)
18.18             (1.296185587e-10 0.9955165877 -2.284306626e-10) (5.444811932e-09 1.127125794 6.14041762e-09)
18.185            (-6.432895874e-10 0.9955312185 3.60662865e-09) (6.429578367e-09 1.128021576 6.113635132e-09)
18.19             (-3.610408796e-10 0.9955456245 -3.106845131e-10) (1.743869767e-09 1.128912397 1.975948882e-09)
18.195            (-2.289372246e-10 0.995559802 8.434843425e-11) (5.20812201e-09 1.129797424 5.029707866e-09)
18.2              (1.180695404e-10 0.9955737487 -5.967848079e-10) (4.844281931e-09 1.130677213 5.321153013e-09)
18.205            (7.810545938e-10 0.9955874646 3.790832202e-10) (5.29966825e-09 1.131550694 6.412103661e-09)
18.21             (-9.130446884e-10 0.9956009488 -6.608195012e-10) (1.858919145e-09 1.132418391 2.111864423e-09)
18.215            (4.529205967e-10 0.9956141983 -3.927011251e-10) (4.948452752e-09 1.13327911 5.662556147e-09)
18.22             (-2.949630013e-10 0.9956272123 3.505176853e-10) (4.96418896e-09 1.134133473 5.146119144e-09)
18.225            (-2.816158218e-09 0.9956399936 -2.247222496e-09) (-8.981696508e-09 1.134980344 -9.198137305e-09)
18.23             (4.865436952e-11 0.9956525424 1.173643335e-09) (1.132328645e-08 1.13582041 1.115713776e-08)
18.235            (-1.049625594e-09 0.9956648579 -7.937822426e-10) (6.820492845e-10 1.136652358 1.087304586e-09)
18.24             (8.363743684e-10 0.9956769416 8.593868076e-10) (1.074557357e-08 1.137476894 1.081105167e-08)
18.245            (1.838953215e-09 0.9956887962 1.184818086e-09) (1.322690762e-08 1.138292614 1.388209903e-08)
18.25             (1.364372958e-09 0.9957004238 1.767958526e-09) (1.342063815e-08 1.139100286 1.334311442e-08)
18.255            (1.478159716e-09 0.995711826 1.322942264e-09) (1.164407255e-08 1.139898444 1.198565433e-08)
18.26             (1.095189306e-09 0.9957230047 1.252731828e-09) (1.058051176e-08 1.140687924 1.05120012e-08)
18.265            (1.083592899e-09 0.995733963 9.223918994e-10) (9.365338331e-09 1.141467173 9.595136083e-09)
18.27             (-5.135938464e-10 0.9957447037 -5.687664711e-10) (5.051697899e-09 1.142237085 5.202787875e-09)
18.275            (-4.899697235e-10 0.9957552303 -8.783127973e-11) (5.152697886e-09 1.142995999 5.603514532e-09)
18.28             (9.093454033e-11 0.9957655464 4.004104609e-10) (6.267516653e-09 1.14374484 5.152179111e-09)
18.285            (-1.385069766e-09 0.9957756551 -1.248467389e-09) (4.839720906e-09 1.144481868 4.977792632e-09)
18.29             (-1.260936922e-10 0.9957855595 -1.555283888e-10) (5.328276923e-09 1.145208091 5.414915419e-09)
18.295            (2.724741188e-10 0.9957952635 1.525513482e-10) (5.347485228e-09 1.145921745 5.376822526e-09)
18.3              (1.880378171e-10 0.9958047714 -2.177855165e-11) (5.173098797e-09 1.146623886 5.480301921e-09)
18.305            (6.325432031e-10 0.9958140876 3.15227537e-10) (5.412259871e-09 1.147312612 5.906793926e-09)
18.31             (7.712815993e-10 0.995823216 6.774393902e-10) (6.833412345e-09 1.147988999 7.061546422e-09)
18.315            (8.023768632e-10 0.9958321606 6.29191831e-10) (6.862124521e-09 1.148651078 6.966416617e-09)
18.32             (7.042603749e-10 0.9958409253 4.558199833e-10) (5.152382738e-09 1.149300001 5.992995026e-09)
18.325            (1.087237841e-10 0.9958495153 2.557766724e-11) (5.146784691e-09 1.149933606 5.390973403e-09)
18.33             (-1.695575556e-11 0.9958579357 -6.555343363e-11) (5.142661143e-09 1.150553073 5.434114974e-09)
18.335            (9.375189164e-10 0.9958661906 5.486736132e-10) (5.941603459e-09 1.15115649 5.491511167e-09)
18.34             (8.914071034e-11 0.995874284 -1.204979244e-10) (5.365046714e-09 1.151745134 5.781392545e-09)
18.345            (9.566274186e-11 0.9958822209 1.306592652e-10) (5.390943076e-09 1.152317563 5.823450948e-09)
18.35             (2.428988695e-11 0.9958900064 -9.376842966e-12) (5.24496101e-09 1.152874983 5.51702201e-09)
18.355            (-1.296627463e-11 0.9958976454 -8.87647739e-11) (5.165566249e-09 1.153414645 5.507609009e-09)
18.36             (3.140667369e-10 0.9959051425 1.764263616e-10) (5.362310061e-09 1.153937573 6.038918935e-09)
18.365            (1.489016737e-09 0.9959125027 -8.023627989e-10) (7.041877115e-09 1.154441777 4.14157452e-09)
18.37             (-1.800231616e-10 0.9959197306 1.037492472e-10) (6.86808693e-09 1.154928615 7.22117969e-09)
18.375            (8.498359818e-11 0.9959268309 9.190240279e-11) (5.181382318e-09 1.155396501 5.579228766e-09)
18.38             (1.891049331e-10 0.9959338082 1.322237714e-10) (5.251844751e-09 1.155846707 5.417618571e-09)
18.385            (2.137838427e-09 0.9959406675 -1.376381178e-09) (6.778945045e-09 1.156276955 4.294096566e-09)
18.39             (1.686650517e-10 0.9959474131 4.465045185e-11) (5.208523546e-09 1.156688316 5.402016122e-09)
18.395            (3.349261899e-11 0.9959540492 1.172226836e-10) (5.097160287e-09 1.157078836 5.466562825e-09)
18.4              (3.539466619e-10 0.9959605801 -2.6692048e-10) (5.156061987e-09 1.157449735 5.313840088e-09)
18.405            (1.046752792e-10 0.9959670104 5.346684747e-12) (5.091523048e-09 1.157799392 5.367631492e-09)
18.41             (1.11900885e-10 0.9959733444 7.703484451e-11) (5.149150128e-09 1.158128975 5.402499262e-09)
18.415            (-1.000210199e-10 0.9959795862 2.094516468e-10) (5.140027274e-09 1.158436637 5.337854516e-09)
18.42             (-4.294340013e-11 0.9959857397 1.961661092e-10) (5.074426919e-09 1.158723403 5.397288923e-09)
18.425            (4.053047441e-11 0.9959918087 5.150950152e-11) (5.040735589e-09 1.158987606 5.347525914e-09)
18.43             (9.220779998e-11 0.9959977968 4.79945494e-11) (5.053123234e-09 1.159230275 5.353291351e-09)
18.435            (-3.776989987e-10 0.9960037078 5.52734922e-10) (4.849467219e-09 1.15945001 5.586799689e-09)
18.44             (4.701724903e-11 0.9960095451 9.394284906e-11) (5.019081129e-09 1.159647771 5.345612234e-09)
18.445            (7.118175913e-11 0.9960153118 1.457215476e-10) (5.039531703e-09 1.159822177 5.366628413e-09)
18.45             (5.944441035e-11 0.9960210111 7.626946116e-11) (4.998083681e-09 1.159974067 5.311719225e-09)
18.455            (7.160675065e-11 0.9960266458 5.297363756e-11) (5.007992095e-09 1.160102218 5.287532005e-09)
18.46             (5.356369202e-11 0.9960322186 7.01193804e-11) (4.986739921e-09 1.160207401 5.303424023e-09)
18.465            (4.502822497e-11 0.9960377319 8.815230927e-11) (4.989386913e-09 1.160288642 5.294584984e-09)
18.47             (7.937302987e-11 0.9960431878 4.392956921e-11) (4.985553063e-09 1.160346619 5.266258377e-09)
18.475            (3.585147281e-11 0.9960485885 8.44776434e-11) (4.952752175e-09 1.160380518 5.283346311e-09)
18.48             (5.911294458e-11 0.9960539356 7.206304362e-11) (4.963420945e-09 1.160390889 5.272356551e-09)
18.485            (8.321913244e-11 0.9960592306 1.39249872e-11) (4.95139909e-09 1.160377089 5.243790966e-09)
18.49             (5.900059175e-11 0.9960644751 6.546647431e-11) (4.948743218e-09 1.160339553 5.257038533e-09)
18.495            (5.317777048e-11 0.99606967 6.92621978e-11) (4.939695286e-09 1.16027788 5.253254536e-09)
18.5              (2.54682923e-11 0.9960748164 6.073301069e-11) (4.918084553e-09 1.160192394 5.231514719e-09)
18.505            (2.432318276e-10 0.9960799149 3.785693773e-11) (4.993963157e-09 1.160082914 5.268511561e-09)
18.51             (5.723680105e-11 0.996084966 1.152555561e-10) (4.925642561e-09 1.159949626 5.24157101e-09)
18.515            (1.166058653e-10 0.9960899702 4.05490402e-11) (4.919348468e-09 1.159792527 5.234589088e-09)
18.52             (6.881322699e-11 0.9960949274 8.540865805e-11) (4.91515878e-09 1.159611669 5.229406534e-09)
18.525            (7.631166504e-11 0.9960998375 8.223743965e-11) (4.905898573e-09 1.159407276 5.230926444e-09)
18.53             (1.307485785e-10 0.9961047002 9.741035784e-11) (4.934006593e-09 1.159179278 5.262396891e-09)
18.535            (-1.080801324e-09 0.9961095147 -1.059019874e-09) (3.57549198e-09 1.158928112 4.265998493e-09)
18.54             (1.841625358e-11 0.9961142801 2.634278887e-11) (4.838619106e-09 1.158653579 5.163182105e-09)
18.545            (1.349847049e-10 0.9961189955 1.267548469e-10) (4.960845128e-09 1.158356383 5.272963203e-09)
18.55             (3.50782508e-11 0.9961236593 3.757086019e-11) (4.904424358e-09 1.158036201 5.200782191e-09)
18.555            (6.204796789e-12 0.9961282701 8.74537938e-11) (4.93874524e-09 1.157693904 5.228357905e-09)
18.56             (9.041800843e-12 0.9961328259 -1.942000311e-12) (4.915596383e-09 1.157329027 5.20093616e-09)
18.565            (1.74660216e-10 0.9961373247 1.877267636e-10) (5.081957095e-09 1.156942621 5.362665034e-09)
18.57             (1.472593058e-10 0.9961417644 1.671204479e-10) (5.00134676e-09 1.156534098 5.275270383e-09)
18.575            (1.839234263e-10 0.9961461423 1.89022128e-10) (5.004683889e-09 1.156104753 5.296991062e-09)
18.58             (-1.072299558e-10 0.9961504559 -1.202124188e-10) (4.400526019e-09 1.155653888 4.643078358e-09)
18.585            (1.104651402e-10 0.9961547021 2.645734347e-11) (4.977614092e-09 1.155182945 5.236211991e-09)
18.59             (-4.906992487e-11 0.9961588779 7.894798885e-11) (5.00196117e-09 1.154691097 5.260967335e-09)
18.595            (9.519667029e-11 0.99616298 4.062391666e-10) (5.222322542e-09 1.154179962 5.435316735e-09)
18.6              (1.644763643e-10 0.9961670048 1.666177121e-10) (5.005319836e-09 1.153648621 5.261169832e-09)
18.605            (3.43321168e-11 0.9961709487 3.116672703e-10) (4.987738942e-09 1.153098848 5.270143325e-09)
18.61             (-1.524007834e-10 0.9961748077 2.201630338e-10) (4.827858157e-09 1.152529623 5.235635249e-09)
18.615            (-5.804994759e-11 0.9961785776 -9.3714915e-11) (4.895733955e-09 1.151942849 5.120799252e-09)
18.62             (1.463629546e-10 0.9961822543 -2.080037767e-10) (5.05970706e-09 1.151337414 5.12596186e-09)
18.625            (-2.6580564e-11 0.9961858333 7.252636227e-11) (4.960177107e-09 1.15071533 5.175926824e-09)
18.63             (4.730307251e-11 0.99618931 4.468902581e-10) (5.173960385e-09 1.150075409 5.316880413e-09)
18.635            (-6.784334343e-11 0.9961926796 1.848511778e-10) (4.883585757e-09 1.149419775 5.08225261e-09)
18.64             (-8.426357999e-12 0.9961959375 -9.234789964e-11) (4.93044172e-09 1.148747178 5.151580382e-09)
18.645            (-1.853315205e-11 0.9961990787 9.341482378e-12) (4.910700204e-09 1.14805982 5.097839107e-09)
18.65             (-2.526208821e-10 0.9962020979 2.451125644e-10) (5.025798497e-09 1.147356394 4.915532024e-09)
18.655            (-2.506007286e-10 0.99620499 3.385706026e-11) (4.832507897e-09 1.146639156 4.973441342e-09)
18.66             (-1.353844275e-10 0.9962077499 -3.870626429e-10) (4.797545443e-09 1.145906752 4.93384191e-09)
18.665            (3.24005593e-10 0.996210372 -5.230629642e-10) (5.035812907e-09 1.145161486 5.150392967e-09)
18.67             (-5.191077388e-11 0.996212851 1.273283819e-10) (5.035352285e-09 1.144401972 5.074246948e-09)
18.675            (1.546758203e-11 0.9962151813 1.894984909e-10) (4.94619503e-09 1.14363053 5.116722353e-09)
18.68             (1.95952488e-10 0.9962173574 -1.786695939e-12) (4.995428783e-09 1.142845751 4.995844958e-09)
18.685            (1.627694822e-12 0.9962193736 2.264829534e-10) (4.931442448e-09 1.142049979 5.093062308e-09)
18.69             (-3.380590948e-10 0.9962212244 3.447779046e-10) (5.015019228e-09 1.141241794 4.791760008e-09)
18.695            (-2.907694501e-10 0.9962229041 -1.250684395e-11) (4.672499442e-09 1.140423523 4.836753239e-09)
18.7              (3.056930106e-10 0.9962244071 -4.213616488e-10) (4.656008153e-09 1.139593741 5.213643022e-09)
18.705            (7.748763757e-12 0.9962257279 -2.483370689e-10) (4.666044332e-09 1.138754735 4.965366046e-09)
18.71             (5.354582493e-11 0.996226861 5.29087682e-10) (5.607778462e-09 1.137905094 4.841158827e-09)
18.715            (-3.330899074e-10 0.9962278009 -3.637933757e-10) (4.542568582e-09 1.137047081 4.663944587e-09)
18.72             (-2.421087761e-10 0.9962285424 -3.104289799e-10) (4.625878628e-09 1.136179307 4.817970657e-09)
18.725            (-5.109262691e-10 0.9962290801 1.018825022e-10) (5.071746967e-09 1.13530398 4.580169755e-09)
18.73             (-1.735138547e-10 0.9962294089 -3.832058891e-10) (4.556943382e-09 1.134419732 4.73158917e-09)
18.735            (4.069428183e-10 0.9962295239 -5.189089308e-10) (4.837010228e-09 1.133528691 4.988136659e-09)
18.74             (-3.355256003e-10 0.9962294202 -2.627736466e-10) (4.653608959e-09 1.132629526 4.835714638e-09)
18.745            (2.735657323e-11 0.9962290933 -1.342252874e-12) (4.927171429e-09 1.131724303 5.131571927e-09)
18.75             (-2.982976229e-10 0.9962285387 -2.03762469e-10) (4.473286711e-09 1.130811739 4.698206392e-09)
18.755            (1.890299279e-11 0.9962277523 -1.394322068e-10) (4.764433793e-09 1.129893819 5.005675681e-09)
18.76             (-2.68725177e-10 0.9962267301 -2.810178988e-10) (4.490659651e-09 1.128969305 4.679878866e-09)
18.765            (1.217515102e-11 0.9962254687 -1.197392646e-10) (4.797409648e-09 1.128040077 4.913351555e-09)
18.77             (1.156812364e-09 0.9962239647 -7.078350782e-10) (4.942131198e-09 1.127104949 5.213135677e-09)
18.775            (-1.243362337e-10 0.9962222155 1.405870934e-10) (4.650008105e-09 1.126165706 4.820032532e-09)
18.78             (-1.573270721e-10 0.9962202184 -3.17266171e-10) (4.385776917e-09 1.125221226 4.547550512e-09)
18.785            (1.199280999e-10 0.9962179717 6.334808693e-10) (5.562253448e-09 1.1242732 5.026925522e-09)
18.79             (-1.59767142e-09 0.9962154739 -3.828458117e-10) (3.665611576e-09 1.123320569 3.876496018e-09)
18.795            (4.074650205e-10 0.9962127242 -3.010568263e-09) (3.42517506e-09 1.122364909 3.453934191e-09)
18.8              (-5.646797973e-10 0.9962097221 -1.521845607e-10) (4.466764402e-09 1.121405229 4.497214376e-09)
18.805            (-3.032574193e-10 0.9962064678 -1.983966543e-10) (4.400165664e-09 1.120443003 4.549822372e-09)
18.81             (-1.392661893e-10 0.9962029623 -1.510813373e-10) (4.471809661e-09 1.119477311 4.632477233e-09)
18.815            (4.609808317e-10 0.9961992067 -4.166512029e-10) (4.67507801e-09 1.118509501 4.798553639e-09)
18.82             (8.643920206e-10 0.9961952027 4.116959986e-10) (5.180698472e-09 1.117538721 5.457162992e-09)
18.825            (3.21376081e-10 0.9961909528 4.386467338e-10) (4.779779599e-09 1.116566226 4.959870086e-09)
18.83             (-3.258012883e-09 0.9961864595 3.016483804e-09) (4.522946363e-09 1.11559124 4.285827675e-09)
18.835            (4.402322211e-10 0.9961817259 6.567146159e-10) (5.166055675e-09 1.11461491 5.234639259e-09)
18.84             (-4.451128439e-10 0.9961767554 2.62640719e-10) (4.526490347e-09 1.113636531 4.258071802e-09)
18.845            (3.701149812e-10 0.9961715518 -1.226426301e-09) (3.759773055e-09 1.112657114 3.834692927e-09)
18.85             (-6.201474242e-10 0.9961661194 -1.091054032e-10) (3.946293067e-09 1.111676026 4.072035523e-09)
18.855            (-1.504196688e-10 0.9961604629 -5.70031513e-10) (3.982328624e-09 1.11069419 4.09201119e-09)
18.86             (-1.089230685e-09 0.9961545872 -3.36547002e-10) (3.347423553e-09 1.109711055 3.586685146e-09)
18.865            (-1.640457127e-09 0.9961484981 -3.400395568e-09) (1.695934249e-09 1.108727432 1.482058329e-09)
18.87             (4.95781618e-10 0.9961422018 -1.252963909e-09) (3.691641882e-09 1.107742835 4.160923084e-09)
18.875            (-7.914210055e-10 0.9961357052 -2.268492214e-10) (3.732091316e-09 1.106757974 3.67938834e-09)
18.88             (-2.997517821e-10 0.9961290157 1.300518685e-09) (4.391206687e-09 1.105772433 5.209435759e-09)
18.885            (6.26485307e-10 0.9961221416 6.330160532e-10) (4.926836087e-09 1.104786806 4.952674807e-09)
18.89             (-8.222667091e-10 0.9961150906 1.054667349e-10) (3.343346614e-09 1.103800747 4.351290144e-09)
18.895            (-3.826735535e-10 0.9961078702 1.99648693e-09) (6.376673167e-09 1.102814792 4.521084416e-09)
18.9              (7.386387445e-10 0.9961004917 -9.096871625e-11) (4.216718306e-09 1.10182866 3.784890163e-09)
18.905            (-2.199551523e-11 0.9960929705 2.313846856e-11) (3.57202044e-09 1.100842889 4.367467333e-09)
18.91             (7.053165972e-11 0.996085319 6.849902499e-11) (3.386863863e-09 1.099857251 5.310249775e-09)
18.915            (-5.266311174e-10 0.9960775443 1.460006939e-10) (4.013686832e-09 1.098872155 4.381182732e-09)
18.92             (1.261208515e-09 0.9960696532 -9.941191849e-10) (3.369570717e-09 1.09788739 3.143319714e-09)
18.925            (-1.656702539e-10 0.9960616577 8.711845199e-10) (4.417080759e-09 1.096903185 2.976157654e-09)
18.93             (5.936118659e-10 0.9960535725 -4.877239676e-10) (2.130912677e-09 1.095919388 1.468592843e-09)
18.935            (2.204351298e-10 0.9960454119 -1.061924989e-10) (3.647209877e-09 1.094936251 4.150981404e-09)
18.94             (1.917383224e-10 0.996037188 -1.978536579e-10) (3.831131302e-09 1.093953715 4.267622414e-09)
18.945            (-4.42311693e-10 0.9960289126 7.046733023e-10) (4.49037809e-09 1.092971907 3.542900468e-09)
18.95             (3.12740894e-10 0.9960205987 -4.454233969e-10) (3.934460399e-09 1.091990799 3.93229563e-09)
18.955            (-2.35744532e-10 0.9960122598 -2.368811523e-11) (3.665478248e-09 1.091010411 4.026819797e-09)
18.96             (-1.384737913e-09 0.9960039093 1.279633409e-09) (4.454311728e-09 1.090030777 5.038005009e-09)
18.965            (-1.040564142e-09 0.9959955603 1.107035853e-09) (3.287655129e-09 1.089051911 4.380000612e-09)
18.97             (-3.328399284e-11 0.9959872261 -2.409746334e-10) (3.64396547e-09 1.088073915 3.886228409e-09)
18.975            (4.107288377e-10 0.99597892 -4.038148767e-10) (4.074740123e-09 1.087096712 2.654629743e-09)
18.98             (4.825464641e-11 0.9959706553 -3.056448164e-10) (3.687459506e-09 1.086120443 3.749336624e-09)
18.985            (-3.992129031e-10 0.9959624453 1.352512645e-10) (3.670115497e-09 1.085144945 3.930201652e-09)
18.99             (7.973320773e-10 0.9959543029 -9.651335938e-10) (5.441474544e-09 1.084170417 2.547753813e-09)
18.995            (-8.323529267e-11 0.9959462408 -1.294070438e-10) (3.980711897e-09 1.083196669 3.889015815e-09)
19                (-2.40899468e-10 0.9959382713 -5.314249527e-11) (3.56964256e-09 1.082223961 4.012686296e-09)
19.005            (1.19616841e-10 0.9959304063 8.094452403e-11) (5.71651356e-09 1.081252021 3.087828198e-09)
19.01             (2.331199609e-10 0.9959226581 -4.259494532e-10) (4.027954254e-09 1.080281154 3.705546792e-09)
19.015            (-4.946170983e-10 0.9959150397 3.109259825e-10) (3.375878039e-09 1.079311044 4.536835399e-09)
19.02             (-4.966765037e-10 0.9959075638 8.11288012e-10) (3.620323984e-09 1.078342058 5.621783184e-09)
19.025            (-1.100620234e-10 0.9959002417 6.742415081e-11) (3.795380261e-09 1.077373807 4.103674614e-09)
19.03             (1.203293829e-10 0.9958930828 -2.77548452e-10) (4.094643513e-09 1.076406713 3.886307117e-09)
19.035            (-5.065354557e-10 0.9958860959 7.150805771e-10) (4.918263941e-09 1.075440334 5.050561111e-09)
19.04             (1.27541092e-10 0.9958792907 -2.463339354e-10) (3.949458133e-09 1.074475154 4.085393072e-09)
19.045            (-1.739801248e-10 0.9958726773 -2.644509646e-11) (3.917518028e-09 1.073510718 4.042836285e-09)
19.05             (-1.270705818e-09 0.9958662653 9.649849325e-10) (3.575166569e-09 1.072547572 4.954443116e-09)
19.055            (7.543339591e-12 0.9958600632 -2.25601602e-10) (3.722370757e-09 1.071585113 4.169811027e-09)
19.06             (-1.39168812e-10 0.9958540786 -1.124953394e-10) (3.710368113e-09 1.070623942 3.719962001e-09)
19.065            (-9.274053913e-10 0.9958483187 7.082063914e-10) (3.891634295e-09 1.069663466 4.398644903e-09)
19.07             (-6.259051325e-10 0.9958427901 3.675035913e-10) (3.427156926e-09 1.068704375 4.701806567e-09)
19.075            (-4.779394025e-10 0.9958374989 2.00788187e-10) (3.193241762e-09 1.067746 4.739935389e-09)
19.08             (-1.663688534e-10 0.9958324505 -8.877741836e-11) (3.303391815e-09 1.066789089 4.856864063e-09)
19.085            (-2.815340431e-10 0.9958276494 -1.502691748e-10) (2.951807404e-09 1.065832883 3.708676407e-09)
19.09             (-2.634056392e-11 0.9958230997 -2.400724304e-10) (3.77906178e-09 1.064878207 4.427701195e-09)
19.095            (-2.379941957e-10 0.9958188047 3.730333589e-11) (4.031417665e-09 1.063924269 4.652369865e-09)
19.1              (7.974262754e-11 0.9958147674 -1.600108563e-10) (4.138280956e-09 1.062971987 4.737921735e-09)
19.105            (6.238279522e-11 0.9958109903 -3.043960359e-10) (3.865858256e-09 1.062020456 4.055426501e-09)
19.11             (1.410155284e-10 0.9958074755 -3.360959943e-10) (4.067791046e-09 1.061070673 4.268865642e-09)
19.115            (-1.821730998e-10 0.9958042237 -5.45020625e-12) (3.895965598e-09 1.060121637 4.370197945e-09)
19.12             (-1.273014233e-10 0.9958012347 -5.498491381e-11) (3.608956456e-09 1.059174448 4.635760497e-09)
19.125            (-2.302337184e-10 0.995798508 7.104537133e-11) (3.641813754e-09 1.058228097 4.54994039e-09)
19.13             (5.274499989e-11 0.9957960426 -2.413128193e-10) (3.902823094e-09 1.057283801 4.586498887e-09)
19.135            (-5.440630638e-11 0.9957938376 -1.134387586e-10) (3.839610219e-09 1.056340371 4.592701796e-09)
19.14             (-6.214426327e-11 0.9957918913 -1.044538916e-10) (3.61966258e-09 1.055399116 4.810694661e-09)
19.145            (-1.981239184e-10 0.9957902014 3.381411457e-11) (3.755634072e-09 1.054458764 4.634445509e-09)
19.15             (1.078028111e-11 0.9957887649 -1.852622284e-10) (4.288784025e-09 1.053520759 4.343279654e-09)
19.155            (-1.50726764e-10 0.9957875783 -1.22177018e-11) (4.090102976e-09 1.052583726 4.460487702e-09)
19.16             (-1.753815802e-10 0.9957866378 1.462670501e-11) (3.602141887e-09 1.051649239 4.975600453e-09)
19.165            (-1.845836345e-10 0.9957859394 2.853347026e-11) (3.686967356e-09 1.050715808 4.859070188e-09)
19.17             (1.28702887e-10 0.9957854783 -2.856847677e-10) (3.990289327e-09 1.049785146 4.689633049e-09)
19.175            (-2.23741002e-11 0.9957852497 -1.272901025e-10) (4.045765526e-09 1.048855585 4.641528626e-09)
19.18             (-1.369161353e-10 0.9957852481 -1.1542091e-11) (4.076835848e-09 1.047928985 4.700736911e-09)
19.185            (-1.54680975e-10 0.9957854679 7.6936099e-12) (4.067593052e-09 1.047003571 4.67860396e-09)
19.19             (6.014336454e-11 0.9957859032 -2.061629518e-10) (3.93439887e-09 1.046081377 4.775775233e-09)
19.195            (-4.544851844e-11 0.9957865478 -9.605326863e-11) (3.859636309e-09 1.045160461 4.836388036e-09)
19.2              (-1.216883672e-10 0.9957873956 -1.604249447e-11) (3.884482157e-09 1.044243023 4.826421386e-09)
19.205            (-6.918619221e-11 0.9957884403 -6.735566104e-11) (3.901453763e-09 1.043326932 4.75655213e-09)
19.21             (-8.252912726e-11 0.9957896753 -4.834739692e-11) (4.088694519e-09 1.042414573 4.693988562e-09)
19.215            (1.018710551e-10 0.9957910939 -2.475905657e-10) (4.769713741e-09 1.041503651 5.007600867e-09)
19.22             (-1.487591995e-10 0.9957926887 1.630798279e-11) (4.413254654e-09 1.040596748 4.999031287e-09)
19.225            (-6.246617126e-11 0.9957944526 -5.347315283e-11) (3.823538821e-09 1.039691356 4.693570067e-09)
19.23             (-4.36517685e-11 0.9957963782 -7.226450001e-11) (3.867758866e-09 1.038790257 4.801656573e-09)
19.235            (-5.83598775e-11 0.9957984585 -5.604508382e-11) (3.967052207e-09 1.037890752 4.795424087e-09)
19.24             (2.402067795e-11 0.9958006865 -1.378815506e-10) (4.125662019e-09 1.036995843 4.928921544e-09)
19.245            (-4.51849463e-11 0.9958030553 -6.807999479e-11) (3.748721334e-09 1.03610261 4.71584093e-09)
19.25             (-5.636492107e-11 0.9958055579 -5.554037477e-11) (3.86260919e-09 1.035214276 4.763227167e-09)
19.255            (-5.373148956e-11 0.9958081873 -5.536965509e-11) (3.953269624e-09 1.034327678 4.803539135e-09)
19.26             (-4.233283346e-11 0.9958109364 -6.64095967e-11) (3.953514704e-09 1.033446273 4.808689086e-09)
19.265            (-4.678078472e-11 0.9958137984 -6.032300319e-11) (4.05669875e-09 1.03256667 4.87905254e-09)
19.27             (-5.177844971e-11 0.9958167665 -6.032433899e-11) (3.982994721e-09 1.031692571 4.862584166e-09)
19.275            (-4.751338205e-11 0.9958198342 -6.430956348e-11) (4.004645136e-09 1.030820317 4.886602229e-09)
19.28             (-6.35119493e-11 0.9958229951 -4.929150693e-11) (4.079136114e-09 1.029953857 4.951623635e-09)
19.285            (-3.874147512e-11 0.9958262429 -6.17527365e-11) (3.895498472e-09 1.029089246 4.814430704e-09)
19.29             (8.054362893e-11 0.9958295717 -1.78078316e-10) (3.974736607e-09 1.028230692 5.421704867e-09)
19.295            (-5.010198134e-11 0.9958329754 -4.943822523e-11) (3.902044234e-09 1.027374056 4.924268205e-09)
19.3              (-7.663244712e-11 0.9958364481 -3.431940914e-11) (4.121175847e-09 1.02652381 5.111031954e-09)
19.305            (-5.521554905e-11 0.995839984 -5.405516995e-11) (4.147705699e-09 1.025675477 5.161221099e-09)
19.31             (-1.106466762e-10 0.9958435778 8.50521254e-12) (4.102748252e-09 1.024833773 5.067281865e-09)
19.315            (-4.073382579e-11 0.9958472241 -6.644725752e-11) (4.150845738e-09 1.023993869 5.325572381e-09)
19.32             (-5.120465515e-11 0.995850918 -4.509947632e-11) (4.178666873e-09 1.023160753 5.357363807e-09)
19.325            (-4.575000127e-11 0.9958546546 -5.343723866e-11) (4.239430239e-09 1.022329466 5.479531722e-09)
19.33             (-4.447339843e-11 0.9958584294 -5.230126171e-11) (4.188171589e-09 1.021505289 5.508896163e-09)
19.335            (-2.948027095e-11 0.9958622381 -6.744167539e-11) (4.188789437e-09 1.020681497 5.584748364e-09)
19.34             (-1.004473837e-10 0.9958660767 2.192617979e-13) (4.135537104e-09 1.019863649 5.637297772e-09)
19.345            (-5.516091394e-11 0.9958699412 -4.680294553e-11) (4.095667679e-09 1.019048383 5.689348948e-09)
19.35             (-3.805236178e-12 0.9958738278 -8.23490204e-11) (4.241982857e-09 1.018241932 5.767390583e-09)
19.355            (-3.035734706e-11 0.9958777331 -5.215857715e-11) (4.273851031e-09 1.01743828 5.859765081e-09)
19.36             (-3.736134953e-11 0.9958816539 -4.048954626e-11) (4.274156408e-09 1.016642892 5.955195553e-09)
19.365            (3.185791598e-12 0.9958855871 -7.531869e-11) (4.239105239e-09 1.015847758 6.067586154e-09)
19.37             (-8.669288319e-12 0.9958895301 -6.353994305e-11) (4.213996355e-09 1.01505894 6.167397459e-09)
19.375            (-8.148643348e-12 0.9958934805 -6.644212225e-11) (4.20796498e-09 1.014271139 6.286176212e-09)
19.38             (-3.203550787e-11 0.9958974359 -4.523579387e-11) (4.249065514e-09 1.013491366 6.405827873e-09)
19.385            (-3.9744354e-11 0.995901394 -3.880830601e-11) (4.78390439e-09 1.012713161 7.107091714e-09)
19.39             (-3.424671955e-11 0.9959053526 -4.393216973e-11) (5.901167859e-09 1.011943119 8.171030946e-09)
19.395            (-2.359361113e-12 0.9959093095 -7.190434645e-11) (6.209625866e-09 1.011173408 8.295302182e-09)
19.4              (-4.577589555e-11 0.9959132623 -2.99825492e-11) (6.059021301e-09 1.010410836 8.549861783e-09)
19.405            (-1.950477205e-11 0.9959172088 -5.779654716e-11) (6.118422392e-09 1.009648492 8.688799917e-09)
19.41             (-3.17888087e-11 0.9959211468 -4.693733893e-11) (6.085709951e-09 1.008893735 8.833751916e-09)
19.415            (-8.125645771e-11 0.9959250738 1.501343309e-12) (6.084764892e-09 1.008139283 8.847148075e-09)
19.42             (-1.939857496e-11 0.9959289873 -6.179101213e-11) (6.062003818e-09 1.007392465 8.870267493e-09)
19.425            (1.087511431e-10 0.9959328847 -1.90445301e-10) (6.125670128e-09 1.006645262 8.830476015e-09)
19.43             (1.611899122e-10 0.9959367633 -2.42968479e-10) (6.350740499e-09 1.005905121 8.775300803e-09)
19.435            (2.052299968e-11 0.9959406204 -1.002051337e-10) (6.023666522e-09 1.005164246 8.89215046e-09)
19.44             (-2.050442011e-10 0.9959444538 1.268987129e-10) (6.440058375e-09 1.004430371 8.848467122e-09)
19.445            (-5.493777986e-11 0.995948261 -2.462624928e-11) (5.706937687e-09 1.003695549 9.211759081e-09)
19.45             (1.824071279e-10 0.9959520401 -2.492959016e-10) (5.492322877e-09 1.00296757 1.008006402e-08)
19.455            (-1.111091795e-11 0.9959557893 -5.788029235e-11) (4.908229296e-09 1.002238122 9.835101868e-09)
19.46             (-2.88789328e-10 0.9959595067 2.3329029e-10) (5.796641547e-09 1.001515054 9.299432439e-09)
19.465            (1.668072422e-11 0.9959631912 -7.749787825e-11) (5.447943995e-09 1.00079007 9.279593356e-09)
19.47             (9.289083613e-11 0.9959668415 -1.630099878e-10) (4.872554234e-09 1.000071145 9.656623426e-09)
19.475            (-8.667288834e-11 0.9959704567 1.929976316e-11) (4.203633107e-09 0.999349924 1.012176727e-08)
19.48             (-2.786523658e-12 0.9959740358 -6.601375664e-11) (4.893226759e-09 0.9986344161 9.657440165e-09)
19.485            (-1.072319035e-11 0.9959775783 -5.659492089e-11) (5.099567197e-09 0.9979161522 9.483141142e-09)
19.49             (-3.334505893e-11 0.9959810834 -4.578107096e-11) (5.127213036e-09 0.9972031557 9.474679335e-09)
19.495            (8.86290249e-12 0.9959845508 -7.42941052e-11) (5.170600139e-09 0.9964869606 9.361847398e-09)
19.5              (4.026470724e-11 0.9959879799 -9.097827653e-11) (5.444359894e-09 0.9957755946 9.103371799e-09)
19.505            (-3.94366698e-11 0.9959913703 -4.874315503e-11) (5.248460106e-09 0.9950605901 9.561364803e-09)
19.51             (-7.544780328e-11 0.9959947216 9.429920298e-12) (4.765840174e-09 0.9943499396 9.730164597e-09)
19.515            (6.537899302e-13 0.9959980336 -2.797271763e-11) (4.799358535e-09 0.9936351962 9.078982949e-09)
19.52             (-8.313829549e-12 0.9960013059 1.332959491e-11) (4.545564362e-09 0.9929242712 8.664135746e-09)
19.525            (-2.030076869e-10 0.9960045382 2.033819683e-10) (3.889593549e-09 0.9922088092 9.279040304e-09)
19.53             (-4.145003238e-13 0.9960077302 -3.789166905e-11) (4.993121001e-09 0.9914966826 9.158059048e-09)
19.535            (-7.571516745e-11 0.9960108814 4.739926139e-11) (5.043726281e-09 0.9907796617 8.562110801e-09)
19.54             (-3.592066454e-11 0.9960139918 -1.236537594e-11) (4.99283584e-09 0.9900654848 9.262653158e-09)
19.545            (-2.818054183e-11 0.9960170611 -1.977934615e-11) (4.806370733e-09 0.9893459533 9.198836217e-09)
19.55             (-2.062190167e-11 0.9960200891 -3.00074244e-11) (4.997388447e-09 0.9886286568 9.293818276e-09)
19.555            (-1.00467772e-10 0.9960230757 6.227591118e-11) (4.647731953e-09 0.9879056243 8.86899205e-09)
19.56             (-4.196818409e-11 0.9960260205 -8.131616003e-12) (5.113346297e-09 0.9871843163 9.28183041e-09)
19.565            (1.231669866e-10 0.9960289232 -1.695414583e-10) (6.154273542e-09 0.9864569583 8.304285093e-09)
19.57             (-6.036464157e-12 0.9960317831 -4.277480591e-11) (4.695209013e-09 0.9857308206 9.091295966e-09)
19.575            (2.929854517e-11 0.9960345999 -7.787455313e-11) (4.604374415e-09 0.9849983166 8.659621092e-09)
19.58             (-1.987731607e-11 0.9960373729 -3.126029166e-11) (4.509042504e-09 0.9842665097 8.946450301e-09)
19.585            (-1.612326749e-11 0.9960401015 -3.405809348e-11) (4.232559739e-09 0.9835280687 8.968196777e-09)
19.59             (3.785065974e-11 0.996042785 -8.766734235e-11) (3.052443122e-09 0.9827898384 1.016093489e-08)
19.595            (-8.078284898e-12 0.9960454225 -4.021255816e-11) (4.07598168e-09 0.9820446199 8.837792069e-09)
19.6              (-3.550568351e-11 0.9960480134 -1.274751732e-11) (4.366350598e-09 0.9812990208 8.58937929e-09)
19.605            (-4.677244958e-11 0.9960505567 -2.303495322e-12) (4.839890932e-09 0.9805463743 8.713017195e-09)
19.61             (1.416220493e-10 0.9960530513 -1.858947291e-10) (4.766662659e-09 0.9797930729 8.239869793e-09)
19.615            (4.225468962e-11 0.9960554964 -8.80069866e-11) (3.738003419e-09 0.9790327739 9.726555703e-09)
19.62             (-1.614223451e-10 0.9960578906 1.150745046e-10) (5.676158145e-09 0.9782715286 8.027895799e-09)
19.625            (5.79896252e-11 0.9960602329 -1.037400807e-10) (4.997992016e-09 0.9775027524 8.651843261e-09)
19.63             (-6.162149993e-11 0.996062522 2.74998834e-12) (4.323536884e-09 0.9767321877 8.387025816e-09)
19.635            (-6.360312101e-11 0.9960647561 -2.295337536e-12) (4.534925757e-09 0.9759540139 7.907585904e-09)
19.64             (9.388691396e-12 0.9960669337 -8.081012054e-11) (3.24989435e-09 0.9751738531 8.858235409e-09)
19.645            (-1.626502308e-11 0.9960690526 -1.934017859e-11) (4.49661587e-09 0.9743862999 9.10914709e-09)
19.65             (-5.464061726e-12 0.9960711108 -1.901624095e-11) (4.859520529e-09 0.9735966105 9.316177976e-09)
19.655            (5.050489542e-12 0.9960731062 -3.131498931e-11) (4.219116081e-09 0.9727993787 9.625391074e-09)
19.66             (6.653931379e-12 0.9960750365 -1.774936706e-11) (4.885883595e-09 0.9719995128 9.671970582e-09)
19.665            (1.399846471e-11 0.9960768997 -1.733509072e-11) (5.205532061e-09 0.9711921023 9.559720823e-09)
19.67             (-1.143679011e-12 0.9960786936 -3.757603642e-11) (5.583783643e-09 0.9703818427 6.803949576e-09)
19.675            (-3.203903106e-11 0.9960804158 -2.191110027e-11) (3.374592702e-09 0.969564225 8.847313597e-09)
19.68             (2.702564119e-11 0.9960820638 -2.038015257e-11) (5.208061652e-09 0.968743629 9.85269672e-09)
19.685            (-3.219243404e-11 0.9960836347 -6.588938704e-11) (3.742551687e-09 0.9679157454 8.411872531e-09)
19.69             (2.602076363e-11 0.9960851256 6.963208553e-12) (5.409871358e-09 0.9670846345 1.023748855e-08)
19.695            (2.380387952e-11 0.9960865334 2.089651658e-11) (5.990852723e-09 0.9662463693 9.789959952e-09)
19.7              (9.084990298e-12 0.996087855 -5.289194168e-12) (5.177904501e-09 0.9654047471 9.884158879e-09)
19.705            (1.163649359e-11 0.996089087 9.878298096e-12) (4.881782345e-09 0.9645561689 9.780630002e-09)
19.71             (-1.074358664e-11 0.9960902262 -4.68308173e-11) (4.567743699e-09 0.9637041432 7.871854407e-09)
19.715            (1.208683469e-11 0.9960912689 -9.903288718e-12) (5.051975002e-09 0.9628453573 9.468157178e-09)
19.72             (4.600885278e-11 0.9960922116 4.059909605e-11) (5.755587511e-09 0.9619830455 1.068511313e-08)
19.725            (-9.192690387e-12 0.9960930504 6.728496686e-11) (5.453924135e-09 0.9611142207 1.070836686e-08)
19.73             (-4.425379537e-11 0.9960937815 -4.583126503e-11) (3.506085156e-09 0.9602418567 8.201980565e-09)
19.735            (-3.015381801e-11 0.9960944009 -2.771816647e-11) (4.500245089e-09 0.9593632402 8.724133217e-09)
19.74             (3.109558244e-11 0.9960949046 -8.718327288e-11) (3.290229988e-09 0.9584810781 8.136097046e-09)
19.745            (-9.877979099e-11 0.9960952883 -8.405905477e-12) (2.874796192e-09 0.9575929261 7.885152347e-09)
19.75             (5.35754523e-11 0.9960955477 -1.859788308e-10) (1.671834785e-09 0.956701245 9.167020022e-09)
19.755            (2.907771841e-10 0.9960956786 -3.632157951e-10) (5.967273649e-09 0.9558038728 6.809316856e-09)
19.76             (1.200107997e-10 0.9960956766 -2.191248846e-10) (3.869546526e-09 0.9549030445 8.543892392e-09)
19.765            (-5.091176112e-11 0.9960955374 -1.081489337e-10) (2.14954033e-09 0.9539968444 9.143571632e-09)
19.77             (-1.174015853e-10 0.9960952563 1.794683127e-11) (2.366236698e-09 0.9530872771 1.053280398e-08)
19.775            (1.256943907e-10 0.9960948287 -3.07371595e-10) (3.245164321e-09 0.9521726444 8.851285104e-09)
19.78             (-3.644045334e-12 0.99609425 -1.074419295e-10) (3.675265493e-09 0.9512547269 1.024679549e-08)
19.785            (-3.673858977e-10 0.9960935156 2.35026954e-10) (7.14255295e-09 0.9503320452 8.380769618e-09)
19.79             (-2.352955984e-10 0.9960926215 1.39271194e-10) (5.28903814e-09 0.9494061879 1.099668794e-08)
19.795            (-2.856658278e-10 0.9960915635 9.697245736e-11) (6.376896732e-09 0.9484758992 9.593257803e-09)
19.8              (6.501288569e-11 0.996090338 -3.097436993e-10) (9.369516129e-09 0.9475425886 7.409855155e-09)
19.805            (2.639547567e-11 0.9960889417 -1.706796626e-10) (6.16014087e-09 0.946605206 1.264780364e-08)
19.81             (1.394539392e-10 0.9960873715 -4.099105008e-10) (4.697417625e-09 0.9456649783 1.255133331e-08)
19.815            (-1.934111295e-11 0.9960856247 -1.441184258e-10) (6.352380717e-09 0.9447209894 1.347276875e-08)
19.82             (1.804295005e-10 0.9960836987 -5.164873375e-10) (1.281214335e-09 0.9437742943 1.714292658e-08)
19.825            (7.672922799e-11 0.9960815913 -2.084271643e-10) (1.040418307e-08 0.9428241801 1.064388923e-08)
19.83             (-2.632133772e-10 0.9960792999 1.659208925e-10) (9.193532183e-09 0.9418715584 1.274813225e-08)
19.835            (1.763192731e-10 0.9960768219 -4.362730816e-10) (5.019978656e-09 0.9409158063 1.538233831e-08)
19.84             (-2.452356007e-10 0.9960741541 -5.277932019e-11) (9.650289007e-09 0.9399576866 1.11761087e-08)
19.845            (-1.924556773e-10 0.9960712934 6.68542154e-11) (8.290613788e-09 0.9389967854 1.564381292e-08)
19.85             (1.282941282e-10 0.9960682363 -2.102681284e-10) (1.168986319e-08 0.9380337487 1.282911945e-08)
19.855            (-5.808692101e-10 0.9960649794 2.039018252e-10) (8.177271103e-09 0.9370682454 1.331275645e-08)
19.86             (-1.727033125e-10 0.9960615191 -1.581638089e-10) (1.487340989e-08 0.9361007852 6.758346146e-09)
19.865            (5.403292722e-12 0.9960578516 -9.762235793e-11) (1.022303779e-08 0.935131153 1.571436512e-08)
19.87             (-3.243944955e-11 0.996053973 -2.287228133e-10) (1.152062057e-08 0.9341597522 1.254684745e-08)
19.875            (-3.572569459e-10 0.9960498799 -1.55869489e-10) (1.347726141e-08 0.9331862231 7.571509906e-09)
19.88             (-1.50953314e-10 0.9960455692 5.663999312e-12) (9.622209732e-09 0.9322108797 1.673733143e-08)
19.885            (1.496306809e-10 0.9960410389 2.616295292e-11) (1.384518526e-08 0.9312339165 1.521580819e-08)
19.89             (-2.820567806e-11 0.9960362875 -9.205403724e-11) (1.03324388e-08 0.9302556345 1.429195166e-08)
19.895            (-4.626588782e-11 0.9960313146 -9.47937895e-12) (1.010083684e-08 0.9292767617 1.490626902e-08)
19.9              (3.122608383e-10 0.9960261204 2.349554534e-10) (1.425024738e-08 0.9282973783 1.945430475e-08)
19.905            (-6.32926368e-12 0.9960207056 1.764005132e-10) (1.179392275e-08 0.9273163237 1.779985386e-08)
19.91             (3.88960924e-10 0.9960150718 -8.074313838e-11) (9.277364021e-09 0.9263334213 2.305295771e-08)
19.915            (-2.808590008e-10 0.9960092212 4.032553543e-10) (7.63695408e-09 0.9253495292 2.244079593e-08)
19.92             (4.261254215e-10 0.9960031563 1.187409603e-10) (1.077072962e-08 0.9243649679 2.059838208e-08)
19.925            (-5.875502813e-11 0.9959968796 -7.548739006e-11) (9.437998461e-09 0.9233803202 1.655718048e-08)
19.93             (4.109793269e-10 0.9959903935 -3.906366914e-10) (5.135409444e-09 0.9223954522 2.594984416e-08)
19.935            (-2.480871222e-10 0.9959837007 3.098562921e-10) (1.16418413e-08 0.9214100407 1.678307942e-08)
19.94             (3.055101884e-10 0.9959768044 -2.68280166e-10) (1.588495458e-08 0.9204238275 1.274935342e-08)
19.945            (2.952470411e-10 0.9959697092 5.725182805e-10) (1.629037532e-08 0.9194372925 1.472160672e-08)
19.95             (-2.78991055e-10 0.9959624204 -1.73155383e-11) (1.252161938e-08 0.9184504185 1.245745114e-08)
19.955            (-4.899245185e-10 0.9959549431 4.502008622e-10) (1.80825551e-08 0.9174638451 1.133559101e-08)
19.96             (2.504707484e-10 0.9959472824 -2.80405423e-10) (1.724455097e-08 0.9164774012 1.184378475e-08)
19.965            (1.364321881e-10 0.9959394434 3.851525443e-10) (1.391690182e-08 0.9154912067 1.451020479e-08)
19.97             (-3.243750112e-10 0.9959314319 -7.906747042e-11) (1.229322243e-08 0.9145049664 1.284839847e-08)
19.975            (-4.209691194e-10 0.9959232542 2.783219435e-10) (1.572477381e-08 0.9135190623 1.310676802e-08)
19.98             (3.643242929e-10 0.9959149158 -4.565830364e-10) (1.156786445e-08 0.9125333098 1.710252966e-08)
19.985            (-1.284131448e-10 0.995906423 -2.476686527e-10) (1.027930872e-08 0.9115482843 1.5096194e-08)
19.99             (4.455441279e-10 0.9958977831 -3.466673881e-10) (1.366840184e-08 0.9105637624 1.527927919e-08)
19.995            (7.071337986e-10 0.9958890053 -7.476901589e-10) (1.468464815e-08 0.909580096 1.457564129e-08)
20                (5.078000595e-10 0.9958800989 -4.195617213e-10) (1.434110225e-08 0.9085969821 1.452943392e-08)
