# Probe 0 (0 999 0)
# Probe 1 (0 500 0)
# Time            0                 1                
0                 98100             98100            
0                 98100             98100            
0.005             97481.96814       99352.55284      
0.005             97481.96814       99352.55284      
0.005             97481.96814       99352.55284      
0.01              96564.2756        99796.75245      
0.01              96564.2756        99796.75245      
0.015             95488.54028       99748.89157      
0.015             95488.54028       99748.89157      
0.02              94422.57634       99695.32201      
0.02              94422.57634       99695.32201      
0.025             93380.79755       99701.38022      
0.03              92357.22066       99707.73295      
0.03              92357.22066       99707.73295      
0.035             91345.87116       99707.9518       
0.035             91345.87116       99707.9518       
0.04              90340.05331       99707.20184      
0.04              90340.05331       99707.20184      
0.045             89335.2087        99709.85684      
0.045             89335.2087        99709.85684      
0.05              88330.05494       99711.00243      
0.055             87324.83394       99711.57331      
0.06              86319.821         99711.18685      
0.065             85315.16558       99711.32546      
0.07              84311.02691       99711.41155      
0.075             83307.47394       99711.70495      
0.08              82304.4352        99711.67589      
0.085             81301.80196       99711.65154      
0.09              80299.50341       99711.59065      
0.095             79297.49136       99711.69008      
0.1               78295.71212       99711.73623      
0.105             77294.11259       99711.76758      
0.11              76292.65463       99711.74725      
0.115             75291.31038       99711.77645      
0.12              74290.05995       99711.80569      
0.125             73288.88256       99711.83984      
0.13              72287.76049       99711.84823      
0.135             71286.67514       99711.8656       
0.14              70285.63125       99711.8826       
0.145             69284.62378       99711.9066       
0.15              68283.63361       99711.92268      
0.155             67282.64796       99711.9389       
0.16              66281.66866       99711.95258      
0.165             65280.70066       99711.96885      
0.17              64279.7389        99711.98272      
0.175             63278.77505       99711.99625      
0.18              62277.80751       99712.00801      
0.185             61276.83706       99712.02053      
0.19              60275.87143       99712.03246      
0.195             59274.90875       99712.04436      
0.2               58273.94474       99712.05517      
0.205             57272.97868       99712.06568      
0.21              56272.01322       99712.07569      
0.215             55271.05024       99712.08588      
0.22              54270.09071       99712.0961       
0.225             53269.13509       99712.10653      
0.23              52268.18396       99712.11671      
0.235             51267.23863       99712.12648      
0.24              50266.326         99712.13553      
0.245             49265.37268       99712.14399      
0.25              48264.39079       99712.15211      
0.255             47263.47515       99712.16004      
0.26              46262.59927       99712.16768      
0.265             45261.7107        99712.17488      
0.27              44260.81569       99712.18174      
0.275             43259.91831       99712.18844      
0.28              42259.02957       99712.19504      
0.285             41258.16413       99712.20166      
0.29              40257.3138        99712.20799      
0.295             39256.48638       99712.2141       
0.3               38255.67447       99712.21998      
0.305             37254.85768       99712.22559      
0.31              36254.03787       99712.23095      
0.315             35253.23735       99712.236        
0.32              34252.46425       99712.24068      
0.325             33251.70651       99712.24486      
0.33              32250.95375       99712.24839      
0.335             31250.20887       99712.25093      
0.34              30249.48015       99712.2517       
0.345             29248.77056       99712.24911      
0.35              28248.07857       99712.24013      
0.355             27247.40522       99712.21922      
0.36              26246.75735       99712.1766       
0.365             25246.14634       99712.09537      
0.37              24245.58822       99711.94699      
0.375             23245.1079        99711.68435      
0.38              22244.74586       99711.23157      
0.385             21244.56595       99710.46907      
0.39              20244.66527       99709.21271      
0.395             19245.188         99707.18552      
0.4               18246.34372       99703.98176      
0.405             17248.42935       99699.02196      
0.405             17248.42935       99699.02196      
0.41              16251.85673       99691.84735      
0.41              16251.85673       99691.84735      
0.415             15257.17241       99681.19459      
0.415             15257.17241       99681.19459      
0.42              14265.1095        99665.17528      
0.42              14265.1095        99665.17528      
0.425             13276.60187       99642.03276      
0.425             13276.60187       99642.03276      
0.43              12292.79261       99609.35521      
0.43              12292.79261       99609.35521      
0.435             11315.06252       99564.05981      
0.435             11315.06252       99564.05981      
0.44              10345.01579       99502.3604       
0.44              10345.01579       99502.3604       
0.445             9384.444999       99419.87604      
0.45              8435.264975       99311.87857      
0.45              8435.264975       99311.87857      
0.455             7499.40964        99172.30352      
0.455             7499.40964        99172.30352      
0.46              6578.706985       98995.0272       
0.46              6578.706985       98995.0272       
0.465             5674.710702       98774.33794      
0.465             5674.710702       98774.33794      
0.47              4788.533233       98504.11207      
0.47              4788.533233       98504.11207      
0.475             3920.645659       98178.44135      
0.475             3920.645659       98178.44135      
0.48              3070.729644       97792.21195      
0.48              3070.729644       97792.21195      
0.485             2237.561234       97341.41565      
0.485             2237.561234       97341.41565      
0.49              1418.951833       96823.2699       
0.49              1418.951833       96823.2699       
0.495             611.7714777       96236.52229      
0.495             611.7714777       96236.52229      
0.5               -187.9366539      95581.59635      
0.5               -187.9366539      95581.59635      
0.505             -984.7390569      94860.65699      
0.505             -984.7390569      94860.65699      
0.51              -1783.534815      94077.5711       
0.51              -1783.534815      94077.5711       
0.515             -2589.226279      93237.64513      
0.515             -2589.226279      93237.64513      
0.52              -3406.37278       92347.37818      
0.52              -3406.37278       92347.37818      
0.525             -4238.867394      91414.11793      
0.525             -4238.867394      91414.11793      
0.53              -5089.671612      90445.63983      
0.53              -5089.671612      90445.63983      
0.535             -5960.644163      89449.73711      
0.535             -5960.644163      89449.73711      
0.54              -6852.48222       88433.83223      
0.54              -6852.48222       88433.83223      
0.545             -7764.776933      87404.62569      
0.545             -7764.776933      87404.62569      
0.55              -8696.161175      86367.87         
0.55              -8696.161175      86367.87         
0.555             -9644.537228      85328.22402      
0.555             -9644.537228      85328.22402      
0.56              -10607.34835      84289.20768      
0.56              -10607.34835      84289.20768      
0.565             -11581.8514       83253.24241      
0.565             -11581.8514       83253.24241      
0.57              -12565.36047      82221.76649      
0.57              -12565.36047      82221.76649      
0.575             -13555.43765      81195.41385      
0.575             -13555.43765      81195.41385      
0.58              -14550.01885      80174.21005      
0.58              -14550.01885      80174.21005      
0.585             -15547.47165      79157.76488      
0.585             -15547.47165      79157.76488      
0.59              -16546.5935       78145.44186      
0.59              -16546.5935       78145.44186      
0.595             -17546.566        77136.50535      
0.595             -17546.566        77136.50535      
0.6               -18546.88246      76130.22394      
0.6               -18546.88246      76130.22394      
0.605             -19547.26682      75125.94109      
0.605             -19547.26682      75125.94109      
0.61              -20547.5965       74123.10711      
0.61              -20547.5965       74123.10711      
0.615             -21547.83909      73121.29021      
0.615             -21547.83909      73121.29021      
0.62              -22548.00565      72120.16534      
0.62              -22548.00565      72120.16534      
0.625             -23548.12138      71119.50471      
0.625             -23548.12138      71119.50471      
0.63              -24548.20948      70119.14299      
0.63              -24548.20948      70119.14299      
0.635             -25548.28605      69118.97476      
0.635             -25548.28605      69118.97476      
0.64              -26548.35874      68118.9375       
0.64              -26548.35874      68118.9375       
0.645             -27548.43009      67118.98142      
0.645             -27548.43009      67118.98142      
0.65              -28548.49959      66119.07673      
0.65              -28548.49959      66119.07673      
0.655             -29548.5658       65119.20479      
0.655             -29548.5658       65119.20479      
0.66              -30548.62785      64119.35253      
0.66              -30548.62785      64119.35253      
0.665             -31548.68499      63119.51601      
0.665             -31548.68499      63119.51601      
0.67              -32548.73739      62119.68814      
0.67              -32548.73739      62119.68814      
0.675             -33548.78514      61119.86125      
0.675             -33548.78514      61119.86125      
0.68              -34548.82872      60120.033        
0.68              -34548.82872      60120.033        
0.685             -35548.86817      59120.20725      
0.685             -35548.86817      59120.20725      
0.69              -36548.90372      58120.38089      
0.69              -36548.90372      58120.38089      
0.695             -37548.93527      57120.55318      
0.695             -37548.93527      57120.55318      
0.7               -38548.96296      56120.7234       
0.7               -38548.96296      56120.7234       
0.705             -39548.98657      55120.89083      
0.705             -39548.98657      55120.89083      
0.71              -40549.00636      54121.05701      
0.71              -40549.00636      54121.05701      
0.715             -41549.02217      53121.22252      
0.715             -41549.02217      53121.22252      
0.72              -42549.03404      52121.38368      
0.72              -42549.03404      52121.38368      
0.725             -43549.04217      51121.5392       
0.725             -43549.04217      51121.5392       
0.73              -44549.04658      50121.69648      
0.73              -44549.04658      50121.69648      
0.735             -45549.0475       49121.85066      
0.735             -45549.0475       49121.85066      
0.74              -46549.04502      48122.00053      
0.74              -46549.04502      48122.00053      
0.745             -47549.03951      47122.15106      
0.745             -47549.03951      47122.15106      
0.75              -48549.03108      46122.29896      
0.75              -48549.03108      46122.29896      
0.755             -49549.02024      45122.444        
0.755             -49549.02024      45122.444        
0.76              -50549.00708      44122.58873      
0.76              -50549.00708      44122.58873      
0.765             -51548.99215      43122.73078      
0.765             -51548.99215      43122.73078      
0.77              -52548.97591      42122.87323      
0.77              -52548.97591      42122.87323      
0.775             -53548.95885      41123.01474      
0.775             -53548.95885      41123.01474      
0.78              -54548.94205      40123.15659      
0.78              -54548.94205      40123.15659      
0.785             -55548.92643      39123.29906      
0.785             -55548.92643      39123.29906      
0.79              -56548.91417      38123.44296      
0.79              -56548.91417      38123.44296      
0.795             -57548.90763      37123.5904       
0.795             -57548.90763      37123.5904       
0.8               -58548.91109      36123.74577      
0.8               -58548.91109      36123.74577      
0.805             -59548.93022      35123.90792      
0.805             -59548.93022      35123.90792      
0.81              -60548.97379      34124.08003      
0.81              -60548.97379      34124.08003      
0.815             -61549.05379      33124.27412      
0.815             -61549.05379      33124.27412      
0.82              -62549.18777      32124.50007      
0.82              -62549.18777      32124.50007      
0.825             -63549.39991      31124.76635      
0.825             -63549.39991      31124.76635      
0.83              -64549.72393      30125.08823      
0.83              -64549.72393      30125.08823      
0.835             -65550.20563      29125.49592      
0.835             -65550.20563      29125.49592      
0.84              -66550.90739      28126.02247      
0.84              -66550.90739      28126.02247      
0.845             -67551.91223      27126.70849      
0.845             -67551.91223      27126.70849      
0.85              -68553.33006      26127.60929      
0.85              -68553.33006      26127.60929      
0.855             -69555.30399      25128.80925      
0.855             -69555.30399      25128.80925      
0.86              -70558.0186       24130.39569      
0.86              -70558.0186       24130.39569      
0.865             -71561.70851      23132.49343      
0.865             -71561.70851      23132.49343      
0.87              -72566.66799      22135.26245      
0.87              -72566.66799      22135.26245      
0.875             -73573.26169      21138.88829      
0.875             -73573.26169      21138.88829      
0.88              -74581.93469      20143.59274      
0.88              -74581.93469      20143.59274      
0.885             -75593.21928      19149.66766      
0.885             -75593.21928      19149.66766      
0.89              -76607.7494       18157.44844      
0.89              -76607.7494       18157.44844      
0.895             -77626.26726      17167.3168       
0.895             -77626.26726      17167.3168       
0.9               -78649.62211      16179.71211      
0.9               -78649.62211      16179.71211      
0.905             -79678.76954      15195.13198      
0.905             -79678.76954      15195.13198      
0.91              -80714.76646      14214.12969      
0.91              -80714.76646      14214.12969      
0.915             -81758.75871      13237.30457      
0.915             -81758.75871      13237.30457      
0.92              -82811.96082      12265.28607      
0.92              -82811.96082      12265.28607      
0.925             -83875.62712      11298.73815      
0.925             -83875.62712      11298.73815      
0.93              -84951.0169       10338.31339      
0.93              -84951.0169       10338.31339      
0.935             -86039.34926      9384.651675      
0.935             -86039.34926      9384.651675      
0.94              -87141.75396      8438.351567      
0.94              -87141.75396      8438.351567      
0.945             -88259.21269      7499.928183      
0.945             -88259.21269      7499.928183      
0.95              -89392.50788      6569.807563      
0.95              -89392.50788      6569.807563      
0.955             -90542.17348      5648.264898      
0.955             -90542.17348      5648.264898      
0.96              -91708.43346      4735.432917      
0.96              -91708.43346      4735.432917      
0.965             -92891.15276      3831.245299      
0.965             -92891.15276      3831.245299      
0.97              -94089.79764      2935.420174      
0.97              -94089.79764      2935.420174      
0.975             -95303.41609      2047.468758      
0.975             -95303.41609      2047.468758      
0.98              -96530.64328      1166.678695      
0.98              -96530.64328      1166.678695      
0.985             -97769.71923      292.1212305      
0.985             -97769.71923      292.1212305      
0.99              -99018.51451      -577.332127      
0.99              -99018.51451      -577.332127      
0.995             -100274.5853      -1442.983472     
0.995             -100274.5853      -1442.983472     
1                 -101535.2381      -2306.268299     
1                 -101535.2381      -2306.268299     
1.005             -102797.602       -3168.756738     
1.005             -102797.602       -3168.756738     
1.01              -104058.7623      -4031.923514     
1.01              -104058.7623      -4031.923514     
1.015             -105315.8195      -4897.357921     
1.015             -105315.8195      -4897.357921     
1.02              -106565.9828      -5766.603158     
1.02              -106565.9828      -5766.603158     
1.025             -107806.6773      -6641.014595     
1.025             -107806.6773      -6641.014595     
1.03              -109035.6244      -7521.786124     
1.03              -109035.6244      -7521.786124     
1.035             -110250.9028      -8409.931643     
1.035             -110250.9028      -8409.931643     
1.04              -111450.9928      -9306.241136     
1.04              -111450.9928      -9306.241136     
1.045             -112634.8039      -10211.25548     
1.045             -112634.8039      -10211.25548     
1.05              -113801.683       -11125.27713     
1.05              -113801.683       -11125.27713     
1.055             -114951.4013      -12048.38861     
1.055             -114951.4013      -12048.38861     
1.06              -116084.1246      -12980.4678      
1.06              -116084.1246      -12980.4678      
1.065             -117200.3686      -13921.19928     
1.065             -117200.3686      -13921.19928     
1.07              -118300.9432      -14870.10106     
1.07              -118300.9432      -14870.10106     
1.075             -119386.894       -15826.57089     
1.075             -119386.894       -15826.57089     
1.08              -120459.4354      -16789.92313     
1.08              -120459.4354      -16789.92313     
1.085             -121519.8896      -17759.42766     
1.085             -121519.8896      -17759.42766     
1.09              -122569.6278      -18734.33952     
1.09              -122569.6278      -18734.33952     
1.095             -123610.0186      -19713.9263      
1.095             -123610.0186      -19713.9263      
1.1               -124642.3853      -20697.49102     
1.1               -124642.3853      -20697.49102     
1.105             -125667.9714      -21684.3891      
1.105             -125667.9714      -21684.3891      
1.11              -126687.9171      -22674.04006     
1.11              -126687.9171      -22674.04006     
1.115             -127703.2432      -23665.93283     
1.115             -127703.2432      -23665.93283     
1.12              -128714.8448      -24659.62727     
1.12              -128714.8448      -24659.62727     
1.125             -129723.4961      -25654.72321     
1.125             -129723.4961      -25654.72321     
1.13              -130729.8407      -26650.96714     
1.13              -130729.8407      -26650.96714     
1.135             -131734.4086      -27648.09045     
1.135             -131734.4086      -27648.09045     
1.14              -132737.6322      -28645.86252     
1.14              -132737.6322      -28645.86252     
1.145             -133739.8518      -29644.23058     
1.145             -133739.8518      -29644.23058     
1.15              -134741.3372      -30642.93798     
1.15              -134741.3372      -30642.93798     
1.155             -135742.2993      -31641.79071     
1.155             -135742.2993      -31641.79071     
1.16              -136742.8909      -32640.92536     
1.16              -136742.8909      -32640.92536     
1.165             -137743.224       -33640.29367     
1.165             -137743.224       -33640.29367     
1.17              -138743.3815      -34639.78784     
1.17              -138743.3815      -34639.78784     
1.175             -139743.422       -35639.35892     
1.175             -139743.422       -35639.35892     
1.18              -140743.3862      -36638.98068     
1.18              -140743.3862      -36638.98068     
1.185             -141743.302       -37638.63401     
1.185             -141743.302       -37638.63401     
1.19              -142743.1902      -38638.33197     
1.19              -142743.1902      -38638.33197     
1.195             -143743.0559      -39638.03789     
1.195             -143743.0559      -39638.03789     
1.2               -144742.9082      -40637.85641     
1.2               -144742.9082      -40637.85641     
1.205             -145742.7565      -41637.6524      
1.205             -145742.7565      -41637.6524      
1.21              -146742.6067      -42637.31593     
1.21              -146742.6067      -42637.31593     
1.215             -147742.4569      -43637.04425     
1.215             -147742.4569      -43637.04425     
1.22              -148742.3059      -44636.83453     
1.22              -148742.3059      -44636.83453     
1.225             -149742.155       -45636.61667     
1.225             -149742.155       -45636.61667     
1.23              -150742.0042      -46636.37634     
1.23              -150742.0042      -46636.37634     
1.235             -151741.8535      -47636.13205     
1.235             -151741.8535      -47636.13205     
1.24              -152741.7019      -48635.87685     
1.24              -152741.7019      -48635.87685     
1.245             -153741.5488      -49635.61089     
1.245             -153741.5488      -49635.61089     
1.25              -154741.3903      -50635.44389     
1.25              -154741.3903      -50635.44389     
1.255             -155741.2293      -51635.14026     
1.255             -155741.2293      -51635.14026     
1.26              -156741.0645      -52634.84876     
1.26              -156741.0645      -52634.84876     
1.265             -157740.8912      -53634.61133     
1.265             -157740.8912      -53634.61133     
1.27              -158740.7037      -54634.46314     
1.27              -158740.7037      -54634.46314     
1.275             -159740.5017      -55634.14825     
1.275             -159740.5017      -55634.14825     
1.28              -160740.28        -56633.82558     
1.28              -160740.28        -56633.82558     
1.285             -161740.029       -57633.54438     
1.285             -161740.029       -57633.54438     
1.29              -162739.7394      -58633.24903     
1.29              -162739.7394      -58633.24903     
1.295             -163739.3984      -59632.92309     
1.295             -163739.3984      -59632.92309     
1.3               -164738.9897      -60632.5647      
1.3               -164738.9897      -60632.5647      
1.305             -165738.49        -61632.26033     
1.305             -165738.49        -61632.26033     
1.31              -166737.8743      -62631.86229     
1.31              -166737.8743      -62631.86229     
1.315             -167737.1121      -63631.34725     
1.315             -167737.1121      -63631.34725     
1.32              -168736.1658      -64630.6666      
1.32              -168736.1658      -64630.6666      
1.325             -169734.9845      -65629.95296     
1.325             -169734.9845      -65629.95296     
1.33              -170733.5056      -66629.14506     
1.33              -170733.5056      -66629.14506     
1.335             -171731.6535      -67628.22066     
1.335             -171731.6535      -67628.22066     
1.34              -172729.3446      -68626.87983     
1.34              -172729.3446      -68626.87983     
1.345             -173726.4754      -69625.21478     
1.345             -173726.4754      -69625.21478     
1.35              -174722.9216      -70623.19496     
1.35              -174722.9216      -70623.19496     
1.355             -175718.5386      -71620.75371     
1.355             -175718.5386      -71620.75371     
1.36              -176713.1666      -72617.50559     
1.36              -176713.1666      -72617.50559     
1.365             -177706.6164      -73613.54326     
1.365             -177706.6164      -73613.54326     
1.37              -178698.6769      -74608.55883     
1.37              -178698.6769      -74608.55883     
1.375             -179689.1175      -75602.17356     
1.375             -179689.1175      -75602.17356     
1.38              -180677.6747      -76594.25099     
1.38              -180677.6747      -76594.25099     
1.385             -181664.0659      -77584.43772     
1.385             -181664.0659      -77584.43772     
1.39              -182647.9913      -78572.25487     
1.39              -182647.9913      -78572.25487     
1.395             -183629.1315      -79557.20352     
1.395             -183629.1315      -79557.20352     
1.4               -184607.1509      -80538.69707     
1.4               -184607.1509      -80538.69707     
1.405             -185581.7056      -81516.06747     
1.405             -185581.7056      -81516.06747     
1.41              -186552.4502      -82488.54956     
1.41              -186552.4502      -82488.54956     
1.415             -187519.0444      -83455.27071     
1.415             -187519.0444      -83455.27071     
1.42              -188481.1618      -84415.25769     
1.42              -188481.1618      -84415.25769     
1.425             -189438.4988      -85367.3944      
1.425             -189438.4988      -85367.3944      
1.43              -190390.7852      -86310.46831     
1.43              -190390.7852      -86310.46831     
1.435             -191337.7925      -87243.14411     
1.435             -191337.7925      -87243.14411     
1.44              -192279.3469      -88163.96815     
1.44              -192279.3469      -88163.96815     
1.445             -193215.3368      -89071.40207     
1.445             -193215.3368      -89071.40207     
1.45              -194145.7222      -89963.79386     
1.45              -194145.7222      -89963.79386     
1.455             -195070.5431      -90839.40856     
1.455             -195070.5431      -90839.40856     
1.46              -195989.9245      -91696.45476     
1.46              -195989.9245      -91696.45476     
1.465             -196904.081       -92533.09811     
1.465             -196904.081       -92533.09811     
1.47              -197813.3182      -93347.48497     
1.47              -197813.3182      -93347.48497     
1.475             -198718.0269      -94137.78478     
1.475             -198718.0269      -94137.78478     
1.48              -199618.6969      -94902.16689     
1.48              -199618.6969      -94902.16689     
1.485             -200515.8993      -95638.89397     
1.485             -200515.8993      -95638.89397     
1.49              -201410.2532      -96346.38868     
1.49              -201410.2532      -96346.38868     
1.495             -202302.4714      -97023.12458     
1.495             -202302.4714      -97023.12458     
1.5               -203193.2762      -97667.79463     
1.5               -203193.2762      -97667.79463     
1.505             -204083.4511      -98279.25261     
1.505             -204083.4511      -98279.25261     
1.51              -204973.7963      -98856.57614     
1.51              -204973.7963      -98856.57614     
1.515             -205865.0979      -99399.13916     
1.515             -205865.0979      -99399.13916     
1.52              -206758.1248      -99906.55088     
1.52              -206758.1248      -99906.55088     
1.525             -207653.6138      -100378.7093     
1.525             -207653.6138      -100378.7093     
1.53              -208552.2528      -100815.7373     
1.53              -208552.2528      -100815.7373     
1.535             -209454.6672      -101218.0383     
1.535             -209454.6672      -101218.0383     
1.54              -210361.4057      -101586.3174     
1.54              -210361.4057      -101586.3174     
1.545             -211272.9317      -101921.5332     
1.545             -211272.9317      -101921.5332     
1.55              -212189.62        -102224.8635     
1.55              -212189.62        -102224.8635     
1.555             -213111.7519      -102497.4925     
1.555             -213111.7519      -102497.4925     
1.56              -214039.5115      -102741.3209     
1.56              -214039.5115      -102741.3209     
1.565             -214972.9977      -102957.9177     
1.565             -214972.9977      -102957.9177     
1.57              -215912.2083      -103148.991      
1.57              -215912.2083      -103148.991      
1.575             -216857.0723      -103316.4143     
1.575             -216857.0723      -103316.4143     
1.58              -217807.4424      -103462.2119     
1.58              -217807.4424      -103462.2119     
1.585             -218763.1086      -103588.3085     
1.585             -218763.1086      -103588.3085     
1.59              -219723.8031      -103696.536      
1.59              -219723.8031      -103696.536      
1.595             -220689.222       -103788.7416     
1.595             -220689.222       -103788.7416     
1.6               -221659.0325      -103866.7858     
1.6               -221659.0325      -103866.7858     
1.605             -222632.8773      -103932.3291     
1.605             -222632.8773      -103932.3291     
1.61              -223610.3866      -103987.0143     
1.61              -223610.3866      -103987.0143     
1.615             -224591.1946      -104032.1072     
1.615             -224591.1946      -104032.1072     
1.62              -225574.943       -104069.0432     
1.62              -225574.943       -104069.0432     
1.625             -226561.2862      -104099.2066     
1.625             -226561.2862      -104099.2066     
1.63              -227549.8966      -104123.6633     
1.63              -227549.8966      -104123.6633     
1.635             -228540.4677      -104143.293      
1.635             -228540.4677      -104143.293      
1.64              -229532.7207      -104158.8665     
1.64              -229532.7207      -104158.8665     
1.645             -230526.3968      -104170.9908     
1.645             -230526.3968      -104170.9908     
1.65              -231521.28        -104180.6539     
1.65              -231521.28        -104180.6539     
1.655             -232517.1564      -104188.0182     
1.655             -232517.1564      -104188.0182     
1.66              -233513.855       -104193.7797     
1.66              -233513.855       -104193.7797     
1.665             -234511.2245      -104198.1478     
1.665             -234511.2245      -104198.1478     
1.67              -235509.1363      -104201.3428     
1.67              -235509.1363      -104201.3428     
1.675             -236507.4848      -104203.7279     
1.675             -236507.4848      -104203.7279     
1.68              -237506.1802      -104205.5251     
1.68              -237506.1802      -104205.5251     
1.685             -238505.1273      -104206.7621     
1.685             -238505.1273      -104206.7621     
1.69              -239504.3009      -104207.6264     
1.69              -239504.3009      -104207.6264     
1.695             -240503.6502      -104208.2577     
1.695             -240503.6502      -104208.2577     
1.7               -241503.1344      -104208.792      
1.7               -241503.1344      -104208.792      
1.705             -242502.6696      -104209.1035     
1.705             -242502.6696      -104209.1035     
1.71              -243502.2529      -104209.2156     
1.71              -243502.2529      -104209.2156     
1.715             -244501.9091      -104209.2708     
1.715             -244501.9091      -104209.2708     
1.72              -245501.6094      -104209.3141     
1.72              -245501.6094      -104209.3141     
1.725             -246501.3151      -104209.3086     
1.725             -246501.3151      -104209.3086     
1.73              -247501.0105      -104209.257      
1.73              -247501.0105      -104209.257      
1.735             -248500.6912      -104209.1929     
1.735             -248500.6912      -104209.1929     
1.74              -249500.3417      -104209.1196     
1.74              -249500.3417      -104209.1196     
1.745             -250499.9719      -104209.0334     
1.745             -250499.9719      -104209.0334     
1.75              -251499.5571      -104208.9344     
1.75              -251499.5571      -104208.9344     
1.755             -252499.0629      -104208.8302     
1.755             -252499.0629      -104208.8302     
1.76              -253498.47        -104208.7269     
1.76              -253498.47        -104208.7269     
1.765             -254497.7602      -104208.6227     
1.765             -254497.7602      -104208.6227     
1.77              -255496.9031      -104208.5162     
1.77              -255496.9031      -104208.5162     
1.775             -256495.8498      -104208.4085     
1.775             -256495.8498      -104208.4085     
1.78              -257494.5411      -104208.3016     
1.78              -257494.5411      -104208.3016     
1.785             -258492.8999      -104208.1972     
1.785             -258492.8999      -104208.1972     
1.79              -259490.8701      -104208.0937     
1.79              -259490.8701      -104208.0937     
1.795             -260488.3327      -104207.9926     
1.795             -260488.3327      -104207.9926     
1.8               -261485.1734      -104207.8927     
1.8               -261485.1734      -104207.8927     
1.805             -262481.2257      -104207.7867     
1.805             -262481.2257      -104207.7867     
1.81              -263476.317       -104207.6942     
1.81              -263476.317       -104207.6942     
1.815             -264470.2389      -104207.6182     
1.815             -264470.2389      -104207.6182     
1.82              -265462.7242      -104207.5254     
1.82              -265462.7242      -104207.5254     
1.825             -266453.4646      -104207.4509     
1.825             -266453.4646      -104207.4509     
1.83              -267442.0993      -104207.4232     
1.83              -267442.0993      -104207.4232     
1.835             -268428.1458      -104207.2885     
1.835             -268428.1458      -104207.2885     
1.84              -269411.2263      -104207.3163     
1.84              -269411.2263      -104207.3163     
1.845             -270390.6502      -104207.2323     
1.845             -270390.6502      -104207.2323     
1.85              -271365.7885      -104207.1601     
1.85              -271365.7885      -104207.1601     
1.855             -272335.9113      -104207.1516     
1.855             -272335.9113      -104207.1516     
1.86              -273300.1134      -104207.1375     
1.86              -273300.1134      -104207.1375     
1.865             -274257.4058      -104207.1104     
1.865             -274257.4058      -104207.1104     
1.87              -275206.7048      -104207.0961     
1.87              -275206.7048      -104207.0961     
1.875             -276146.7815      -104207.0901     
1.875             -276146.7815      -104207.0901     
1.88              -277076.2613      -104207.0776     
1.88              -277076.2613      -104207.0776     
1.885             -277993.6426      -104207.0636     
1.885             -277993.6426      -104207.0636     
1.89              -278897.2838      -104207.0504     
1.89              -278897.2838      -104207.0504     
1.895             -279785.3947      -104207.0278     
1.895             -279785.3947      -104207.0278     
1.9               -280656.0464      -104206.9917     
1.9               -280656.0464      -104206.9917     
1.905             -281507.2067      -104207.0447     
1.905             -281507.2067      -104207.0447     
1.91              -282336.6553      -104207.0888     
1.91              -282336.6553      -104207.0888     
1.915             -283142.0694      -104207.042      
1.915             -283142.0694      -104207.042      
1.92              -283921.0433      -104206.9067     
1.92              -283921.0433      -104206.9067     
1.925             -284671.0768      -104206.743      
1.925             -284671.0768      -104206.743      
1.93              -285389.5873      -104206.5702     
1.93              -285389.5873      -104206.5702     
1.935             -286073.941       -104206.3737     
1.935             -286073.941       -104206.3737     
1.94              -286721.4891      -104206.1257     
1.94              -286721.4891      -104206.1257     
1.945             -287329.5945      -104205.8236     
1.945             -287329.5945      -104205.8236     
1.95              -287895.6617      -104205.4849     
1.95              -287895.6617      -104205.4849     
1.955             -288417.1455      -104205.0829     
1.955             -288417.1455      -104205.0829     
1.96              -288891.616       -104204.6246     
1.96              -288891.616       -104204.6246     
1.965             -289316.7756      -104204.1318     
1.965             -289316.7756      -104204.1318     
1.97              -289690.4923      -104203.632      
1.97              -289690.4923      -104203.632      
1.975             -290010.8158      -104203.0808     
1.975             -290010.8158      -104203.0808     
1.98              -290276.0383      -104202.477      
1.98              -290276.0383      -104202.477      
1.985             -290484.7097      -104201.8366     
1.985             -290484.7097      -104201.8366     
1.99              -290635.6504      -104201.1674     
1.99              -290635.6504      -104201.1674     
1.995             -290728.0896      -104200.4788     
1.995             -290728.0896      -104200.4788     
2                 -290761.3275      -104199.7992     
2                 -290761.3275      -104199.7992     
2.005             -290735.0494      -104199.1318     
2.005             -290735.0494      -104199.1318     
2.01              -290649.3538      -104198.3781     
2.01              -290649.3538      -104198.3781     
2.015             -290504.6487      -104197.6026     
2.015             -290504.6487      -104197.6026     
2.02              -290301.6513      -104196.8766     
2.02              -290301.6513      -104196.8766     
2.025             -290041.5916      -104196.3228     
2.025             -290041.5916      -104196.3228     
2.03              -289725.7733      -104195.8611     
2.03              -289725.7733      -104195.8611     
2.035             -289355.8431      -104195.5753     
2.035             -289355.8431      -104195.5753     
2.04              -288933.5461      -104195.1417     
2.04              -288933.5461      -104195.1417     
2.045             -288460.9507      -104194.6294     
2.045             -288460.9507      -104194.6294     
2.05              -287940.3566      -104194.2171     
2.05              -287940.3566      -104194.2171     
2.055             -287374.1894      -104193.9376     
2.055             -287374.1894      -104193.9376     
2.06              -286765.0133      -104193.7284     
2.06              -286765.0133      -104193.7284     
2.065             -286115.4708      -104193.5846     
2.065             -286115.4708      -104193.5846     
2.07              -285428.263       -104193.4747     
2.07              -285428.263       -104193.4747     
2.075             -284706.111       -104193.4126     
2.075             -284706.111       -104193.4126     
2.08              -283951.7321      -104193.4102     
2.08              -283951.7321      -104193.4102     
2.085             -283167.8063      -104193.4665     
2.085             -283167.8063      -104193.4665     
2.09              -282356.9473      -104193.5641     
2.09              -282356.9473      -104193.5641     
2.095             -281521.6803      -104193.6976     
2.095             -281521.6803      -104193.6976     
2.1               -280664.4243      -104193.8601     
2.1               -280664.4243      -104193.8601     
2.105             -279787.4781      -104194.0475     
2.105             -279787.4781      -104194.0475     
2.11              -278893.0062      -104194.2522     
2.11              -278893.0062      -104194.2522     
2.115             -277983.0294      -104194.4687     
2.115             -277983.0294      -104194.4687     
2.12              -277059.4181      -104194.6909     
2.12              -277059.4181      -104194.6909     
2.125             -276123.8901      -104194.9142     
2.125             -276123.8901      -104194.9142     
2.13              -275178.0107      -104195.1333     
2.13              -275178.0107      -104195.1333     
2.135             -274223.1951      -104195.3442     
2.135             -274223.1951      -104195.3442     
2.14              -273260.7131      -104195.543      
2.14              -273260.7131      -104195.543      
2.145             -272291.6954      -104195.7271     
2.145             -272291.6954      -104195.7271     
2.15              -271317.1408      -104195.8939     
2.15              -271317.1408      -104195.8939     
2.155             -270337.9254      -104196.0415     
2.155             -270337.9254      -104196.0415     
2.16              -269354.8117      -104196.1576     
2.16              -269354.8117      -104196.1576     
2.165             -268368.4584      -104196.2564     
2.165             -268368.4584      -104196.2564     
2.17              -267379.4303      -104196.3491     
2.17              -267379.4303      -104196.3491     
2.175             -266388.2083      -104196.4154     
2.175             -266388.2083      -104196.4154     
2.18              -265395.199       -104196.4516     
2.18              -265395.199       -104196.4516     
2.185             -264400.7435      -104196.4624     
2.185             -264400.7435      -104196.4624     
2.19              -263405.126       -104196.4661     
2.19              -263405.126       -104196.4661     
2.195             -262408.5817      -104196.4392     
2.195             -262408.5817      -104196.4392     
2.2               -261411.3039      -104196.3578     
2.2               -261411.3039      -104196.3578     
2.205             -260413.4508      -104196.249      
2.205             -260413.4508      -104196.249      
2.21              -259415.1512      -104196.1178     
2.21              -259415.1512      -104196.1178     
2.215             -258416.5089      -104195.9503     
2.215             -258416.5089      -104195.9503     
2.22              -257417.6081      -104195.7363     
2.22              -257417.6081      -104195.7363     
2.225             -256418.5167      -104195.4687     
2.225             -256418.5167      -104195.4687     
2.23              -255419.29        -104195.1371     
2.23              -255419.29        -104195.1371     
2.235             -254419.9733      -104194.7276     
2.235             -254419.9733      -104194.7276     
2.24              -253420.6044      -104194.2226     
2.24              -253420.6044      -104194.2226     
2.245             -252421.2164      -104193.6009     
2.245             -252421.2164      -104193.6009     
2.25              -251421.8386      -104192.8189     
2.25              -251421.8386      -104192.8189     
2.255             -250422.4988      -104191.8712     
2.255             -250422.4988      -104191.8712     
2.26              -249423.2238      -104190.7298     
2.26              -249423.2238      -104190.7298     
2.265             -248424.0411      -104189.3168     
2.265             -248424.0411      -104189.3168     
2.27              -247424.9796      -104187.5769     
2.27              -247424.9796      -104187.5769     
2.275             -246426.0711      -104185.4477     
2.275             -246426.0711      -104185.4477     
2.28              -245427.3506      -104182.8519     
2.28              -245427.3506      -104182.8519     
2.285             -244428.858       -104179.6938     
2.285             -244428.858       -104179.6938     
2.29              -243430.627       -104175.8298     
2.29              -243430.627       -104175.8298     
2.295             -242432.708       -104171.1219     
2.295             -242432.708       -104171.1219     
2.3               -241435.1599      -104165.439      
2.3               -241435.1599      -104165.439      
2.305             -240438.0438      -104158.636      
2.305             -240438.0438      -104158.636      
2.31              -239441.4334      -104150.5026     
2.31              -239441.4334      -104150.5026     
2.315             -238445.413       -104140.7836     
2.315             -238445.413       -104140.7836     
2.32              -237450.0681      -104129.1869     
2.32              -237450.0681      -104129.1869     
2.325             -236455.4728      -104115.359      
2.325             -236455.4728      -104115.359      
2.33              -235461.7507      -104098.9665     
2.33              -235461.7507      -104098.9665     
2.335             -234469.0287      -104079.6743     
2.335             -234469.0287      -104079.6743     
2.34              -233477.432       -104057.1024     
2.34              -233477.432       -104057.1024     
2.345             -232487.1069      -104030.7718     
2.345             -232487.1069      -104030.7718     
2.35              -231498.1969      -104000.1301     
2.35              -231498.1969      -104000.1301     
2.355             -230510.8526      -103964.5688     
2.355             -230510.8526      -103964.5688     
2.36              -229525.229       -103923.4191     
2.36              -229525.229       -103923.4191     
2.365             -228541.4861      -103875.9715     
2.365             -228541.4861      -103875.9715     
2.37              -227559.7914      -103821.4716     
2.37              -227559.7914      -103821.4716     
2.375             -226580.3103      -103759.123      
2.375             -226580.3103      -103759.123      
2.38              -225603.2143      -103688.0762     
2.38              -225603.2143      -103688.0762     
2.385             -224628.6734      -103607.3758     
2.385             -224628.6734      -103607.3758     
2.39              -223656.8554      -103516.1163     
2.39              -223656.8554      -103516.1163     
2.395             -222687.9254      -103413.2968     
2.395             -222687.9254      -103413.2968     
2.4               -221722.0303      -103297.8437     
2.4               -221722.0303      -103297.8437     
2.405             -220759.3048      -103168.6738     
2.405             -220759.3048      -103168.6738     
2.41              -219799.8676      -103024.7247     
2.41              -219799.8676      -103024.7247     
2.415             -218843.8206      -102864.6611     
2.415             -218843.8206      -102864.6611     
2.42              -217891.2287      -102687.4752     
2.42              -217891.2287      -102687.4752     
2.425             -216942.1461      -102492.0563     
2.425             -216942.1461      -102492.0563     
2.43              -215996.605       -102277.2245     
2.43              -215996.605       -102277.2245     
2.435             -215054.5853      -102041.8395     
2.435             -215054.5853      -102041.8395     
2.44              -214116.0335      -101784.859      
2.44              -214116.0335      -101784.859      
2.445             -213180.887       -101505.2957     
2.445             -213180.887       -101505.2957     
2.45              -212249.034       -101202.2032     
2.45              -212249.034       -101202.2032     
2.455             -211320.3194      -100874.6978     
2.455             -211320.3194      -100874.6978     
2.46              -210394.552       -100521.9366     
2.46              -210394.552       -100521.9366     
2.465             -209471.5099      -100143.1683     
2.465             -209471.5099      -100143.1683     
2.47              -208550.9393      -99737.7708      
2.47              -208550.9393      -99737.7708      
2.475             -207632.5518      -99305.24714     
2.475             -207632.5518      -99305.24714     
2.48              -206716.0304      -98845.24103     
2.48              -206716.0304      -98845.24103     
2.485             -205801.0316      -98357.5048      
2.485             -205801.0316      -98357.5048      
2.49              -204887.1914      -97841.91234     
2.49              -204887.1914      -97841.91234     
2.495             -203974.1321      -97298.5368      
2.495             -203974.1321      -97298.5368      
2.5               -203061.4554      -96727.14167     
2.5               -203061.4554      -96727.14167     
2.505             -202148.7683      -96128.48948     
2.505             -202148.7683      -96128.48948     
2.51              -201235.6691      -95503.00896     
2.51              -201235.6691      -95503.00896     
2.515             -200321.7628      -94850.983       
2.515             -200321.7628      -94850.983       
2.52              -199406.663       -94173.0237      
2.52              -199406.663       -94173.0237      
2.525             -198489.9991      -93469.95854     
2.525             -198489.9991      -93469.95854     
2.53              -197571.42        -92742.6914      
2.53              -197571.42        -92742.6914      
2.535             -196650.6033      -91992.16906     
2.535             -196650.6033      -91992.16906     
2.54              -195727.2407      -91219.34596     
2.54              -195727.2407      -91219.34596     
2.545             -194801.0654      -90425.31008     
2.545             -194801.0654      -90425.31008     
2.55              -193871.8514      -89611.24315     
2.55              -193871.8514      -89611.24315     
2.555             -192939.4122      -88778.34166     
2.555             -192939.4122      -88778.34166     
2.56              -192003.5854      -87927.78771     
2.56              -192003.5854      -87927.78771     
2.565             -191064.2461      -87060.78337     
2.565             -191064.2461      -87060.78337     
2.57              -190121.3191      -86178.55261     
2.57              -190121.3191      -86178.55261     
2.575             -189174.7642      -85282.29446     
2.575             -189174.7642      -85282.29446     
2.58              -188224.5715      -84373.1801      
2.58              -188224.5715      -84373.1801      
2.585             -187270.7664      -83452.36169     
2.585             -187270.7664      -83452.36169     
2.59              -186313.4012      -82520.94851     
2.59              -186313.4012      -82520.94851     
2.595             -185352.5622      -81580.00973     
2.595             -185352.5622      -81580.00973     
2.6               -184388.3634      -80630.55663     
2.6               -184388.3634      -80630.55663     
2.605             -183420.9379      -79673.5474      
2.605             -183420.9379      -79673.5474      
2.61              -182450.4337      -78709.85022     
2.61              -182450.4337      -78709.85022     
2.615             -181477.0134      -77740.27909     
2.615             -181477.0134      -77740.27909     
2.62              -180500.8502      -76765.60331     
2.62              -180500.8502      -76765.60331     
2.625             -179522.1249      -75786.50126     
2.625             -179522.1249      -75786.50126     
2.63              -178541.0229      -74803.62007     
2.63              -178541.0229      -74803.62007     
2.635             -177557.73        -73817.47941     
2.635             -177557.73        -73817.47941     
2.64              -176572.4305      -72828.57754     
2.64              -176572.4305      -72828.57754     
2.645             -175585.3034      -71837.36669     
2.645             -175585.3034      -71837.36669     
2.65              -174596.5296      -70844.24729     
2.65              -174596.5296      -70844.24729     
2.655             -173606.2704      -69849.56758     
2.655             -173606.2704      -69849.56758     
2.66              -172614.6791      -68853.60685     
2.66              -172614.6791      -68853.60685     
2.665             -171621.9055      -67856.62429     
2.665             -171621.9055      -67856.62429     
2.67              -170628.0892      -66858.82385     
2.67              -170628.0892      -66858.82385     
2.675             -169633.356       -65860.38561     
2.675             -169633.356       -65860.38561     
2.68              -168637.8192      -64861.46369     
2.68              -168637.8192      -64861.46369     
2.685             -167641.577       -63862.08131     
2.685             -167641.577       -63862.08131     
2.69              -166644.7313      -62862.45644     
2.69              -166644.7313      -62862.45644     
2.695             -165647.3628      -61862.71693     
2.695             -165647.3628      -61862.71693     
2.7               -164649.5338      -60862.88838     
2.7               -164649.5338      -60862.88838     
2.705             -163651.3         -59862.95883     
2.705             -163651.3         -59862.95883     
2.71              -162652.7126      -58862.94878     
2.71              -162652.7126      -58862.94878     
2.715             -161653.8083      -57863.02196     
2.715             -161653.8083      -57863.02196     
2.72              -160654.6276      -56863.0389      
2.72              -160654.6276      -56863.0389      
2.725             -159655.1846      -55863.32181     
2.725             -159655.1846      -55863.32181     
2.73              -158655.496       -54863.66987     
2.73              -158655.496       -54863.66987     
2.735             -157655.572       -53864.02036     
2.735             -157655.572       -53864.02036     
2.74              -156655.4119      -52864.39122     
2.74              -156655.4119      -52864.39122     
2.745             -155655.0144      -51864.72053     
2.745             -155655.0144      -51864.72053     
2.75              -154654.3525      -50865.4485      
2.75              -154654.3525      -50865.4485      
2.755             -153653.4039      -49866.50549     
2.755             -153653.4039      -49866.50549     
2.76              -152652.1401      -48867.69149     
2.76              -152652.1401      -48867.69149     
2.765             -151650.5224      -47868.86169     
2.765             -151650.5224      -47868.86169     
2.77              -150648.5035      -46870.16709     
2.77              -150648.5035      -46870.16709     
2.775             -149646.0278      -45871.78791     
2.775             -149646.0278      -45871.78791     
2.78              -148643.031       -44873.83429     
2.78              -148643.031       -44873.83429     
2.785             -147639.4401      -43876.25792     
2.785             -147639.4401      -43876.25792     
2.79              -146635.1715      -42879.05517     
2.79              -146635.1715      -42879.05517     
2.795             -145630.1328      -41882.21168     
2.795             -145630.1328      -41882.21168     
2.8               -144624.2207      -40885.91381     
2.8               -144624.2207      -40885.91381     
2.805             -143617.3254      -39890.2297      
2.805             -143617.3254      -39890.2297      
2.81              -142609.3187      -38895.10462     
2.81              -142609.3187      -38895.10462     
2.815             -141600.0621      -37900.72033     
2.815             -141600.0621      -37900.72033     
2.82              -140589.4076      -36907.21554     
2.82              -140589.4076      -36907.21554     
2.825             -139577.1955      -35914.60031     
2.825             -139577.1955      -35914.60031     
2.83              -138563.2547      -34922.95219     
2.83              -138563.2547      -34922.95219     
2.835             -137547.403       -33932.40248     
2.835             -137547.403       -33932.40248     
2.84              -136529.4474      -32943.09697     
2.84              -136529.4474      -32943.09697     
2.845             -135509.1855      -31955.15346     
2.845             -135509.1855      -31955.15346     
2.85              -134486.4084      -30968.68519     
2.85              -134486.4084      -30968.68519     
2.855             -133460.8851      -29983.77099     
2.855             -133460.8851      -29983.77099     
2.86              -132432.4049      -29000.58744     
2.86              -132432.4049      -29000.58744     
2.865             -131400.7357      -28019.23536     
2.865             -131400.7357      -28019.23536     
2.87              -130365.6555      -27039.8588      
2.87              -130365.6555      -27039.8588      
2.875             -129326.9395      -26062.58979     
2.875             -129326.9395      -26062.58979     
2.88              -128284.3614      -25087.53391     
2.88              -128284.3614      -25087.53391     
2.885             -127237.7025      -24114.81464     
2.885             -127237.7025      -24114.81464     
2.89              -126186.7492      -23144.51572     
2.89              -126186.7492      -23144.51572     
2.895             -125131.323       -22176.78278     
2.895             -125131.323       -22176.78278     
2.9               -124071.2612      -21211.7257      
2.9               -124071.2612      -21211.7257      
2.905             -123006.3973      -20249.39063     
2.905             -123006.3973      -20249.39063     
2.91              -121936.599       -19289.86373     
2.91              -121936.599       -19289.86373     
2.915             -120861.7749      -18333.21665     
2.915             -120861.7749      -18333.21665     
2.92              -119781.8625      -17379.47057     
2.92              -119781.8625      -17379.47057     
2.925             -118696.8272      -16428.62589     
2.925             -118696.8272      -16428.62589     
2.93              -117606.6702      -15480.67723     
2.93              -117606.6702      -15480.67723     
2.935             -116511.4329      -14535.60146     
2.935             -116511.4329      -14535.60146     
2.94              -115411.1995      -13593.34232     
2.94              -115411.1995      -13593.34232     
2.945             -114306.0969      -12653.81643     
2.945             -114306.0969      -12653.81643     
2.95              -113196.2947      -11716.91959     
2.95              -113196.2947      -11716.91959     
2.955             -112082.0057      -10782.53218     
2.955             -112082.0057      -10782.53218     
2.96              -110963.4861      -9850.508103     
2.96              -110963.4861      -9850.508103     
2.965             -109841.0341      -8920.675621     
2.965             -109841.0341      -8920.675621     
2.97              -108714.9903      -7992.8534       
2.97              -108714.9903      -7992.8534       
2.975             -107585.725       -7066.785063     
2.975             -107585.725       -7066.785063     
2.98              -106453.647       -6142.227344     
2.98              -106453.647       -6142.227344     
2.985             -105319.2056      -5218.979205     
2.985             -105319.2056      -5218.979205     
2.99              -104182.8683      -4296.750987     
2.99              -104182.8683      -4296.750987     
2.995             -103045.1203      -3375.251902     
2.995             -103045.1203      -3375.251902     
3                 -101906.4648      -2454.187176     
3                 -101906.4648      -2454.187176     
3.005             -100767.4165      -1533.254358     
3.005             -100767.4165      -1533.254358     
3.01              -99628.50304      -612.1739473     
3.01              -99628.50304      -612.1739473     
3.015             -98490.249        309.2985316      
3.015             -98490.249        309.2985316      
3.02              -97353.16048      1231.549383      
3.02              -97353.16048      1231.549383      
3.025             -96217.74051      2154.816953      
3.025             -96217.74051      2154.816953      
3.03              -95084.47775      3079.351198      
3.03              -95084.47775      3079.351198      
3.035             -93953.83409      4005.433554      
3.035             -93953.83409      4005.433554      
3.04              -92826.24237      4933.315956      
3.04              -92826.24237      4933.315956      
3.045             -91702.10403      5863.215462      
3.045             -91702.10403      5863.215462      
3.05              -90581.78307      6795.332316      
3.05              -90581.78307      6795.332316      
3.055             -89465.61854      7729.830998      
3.055             -89465.61854      7729.830998      
3.06              -88353.89948      8666.883504      
3.06              -88353.89948      8666.883504      
3.065             -87246.84785      9606.655145      
3.065             -87246.84785      9606.655145      
3.07              -86144.65766      10549.22398      
3.07              -86144.65766      10549.22398      
3.075             -85047.49355      11494.64486      
3.075             -85047.49355      11494.64486      
3.08              -83955.47137      12442.97811      
3.08              -83955.47137      12442.97811      
3.085             -82868.65599      13394.25716      
3.085             -82868.65599      13394.25716      
3.09              -81787.06803      14348.48535      
3.09              -81787.06803      14348.48535      
3.095             -80710.69068      15305.64747      
3.095             -80710.69068      15305.64747      
3.1               -79639.47201      16265.70655      
3.1               -79639.47201      16265.70655      
3.105             -78573.32634      17228.65242      
3.105             -78573.32634      17228.65242      
3.11              -77512.13251      18194.39458      
3.11              -77512.13251      18194.39458      
3.115             -76455.74171      19162.81518      
3.115             -76455.74171      19162.81518      
3.12              -75403.98656      20133.84459      
3.12              -75403.98656      20133.84459      
3.125             -74356.675        21107.35279      
3.125             -74356.675        21107.35279      
3.13              -73313.59733      22083.21049      
3.13              -73313.59733      22083.21049      
3.135             -72274.53461      23061.29588      
3.135             -72274.53461      23061.29588      
3.14              -71239.25976      24041.46329      
3.14              -71239.25976      24041.46329      
3.145             -70207.54197      25023.60667      
3.145             -70207.54197      25023.60667      
3.15              -69179.13953      26007.57557      
3.15              -69179.13953      26007.57557      
3.155             -68153.81206      26993.21971      
3.155             -68153.81206      26993.21971      
3.16              -67131.33107      27980.44366      
3.16              -67131.33107      27980.44366      
3.165             -66111.46622      28969.08137      
3.165             -66111.46622      28969.08137      
3.17              -65093.98861      29958.98303      
3.17              -65093.98861      29958.98303      
3.175             -64078.70608      30950.11622      
3.175             -64078.70608      30950.11622      
3.18              -63065.40187      31942.37511      
3.18              -63065.40187      31942.37511      
3.185             -62053.88374      32935.51152      
3.185             -62053.88374      32935.51152      
3.19              -61043.97747      33929.44999      
3.19              -61043.97747      33929.44999      
3.195             -60035.51491      34924.14963      
3.195             -60035.51491      34924.14963      
3.2               -59028.34108      35919.50914      
3.2               -59028.34108      35919.50914      
3.205             -58022.31602      36915.42092      
3.205             -58022.31602      36915.42092      
3.21              -57017.314        37911.80026      
3.21              -57017.314        37911.80026      
3.215             -56013.22201      38908.57079      
3.215             -56013.22201      38908.57079      
3.22              -55009.93946      39905.65892      
3.22              -55009.93946      39905.65892      
3.225             -54007.37844      40902.9934       
3.225             -54007.37844      40902.9934       
3.23              -53005.46364      41900.51085      
3.23              -53005.46364      41900.51085      
3.235             -52004.13188      42898.15569      
3.235             -52004.13188      42898.15569      
3.24              -51003.33552      43895.79376      
3.24              -51003.33552      43895.79376      
3.245             -50003.02036      44893.55965      
3.245             -50003.02036      44893.55965      
3.25              -49003.16448      45891.25048      
3.25              -49003.16448      45891.25048      
3.255             -48003.75532      46888.75523      
3.255             -48003.75532      46888.75523      
3.26              -47004.77809      47886.06923      
3.26              -47004.77809      47886.06923      
3.265             -46006.22756      48883.13893      
3.265             -46006.22756      48883.13893      
3.27              -45008.11104      49879.87445      
3.27              -45008.11104      49879.87445      
3.275             -44010.45042      50876.11949      
3.275             -44010.45042      50876.11949      
3.28              -43013.26102      51871.91044      
3.28              -43013.26102      51871.91044      
3.285             -42016.56856      52867.20187      
3.285             -42016.56856      52867.20187      
3.29              -41020.427        53861.69245      
3.29              -41020.427        53861.69245      
3.295             -40024.88514      54855.27604      
3.295             -40024.88514      54855.27604      
3.3               -39029.98682      55847.84751      
3.3               -39029.98682      55847.84751      
3.305             -38035.79326      56839.36629      
3.305             -38035.79326      56839.36629      
3.31              -37042.35106      57829.64472      
3.31              -37042.35106      57829.64472      
3.315             -36049.74435      58818.46683      
3.315             -36049.74435      58818.46683      
3.32              -35058.05987      59805.51937      
3.32              -35058.05987      59805.51937      
3.325             -34067.37921      60790.5665       
3.325             -34067.37921      60790.5665       
3.33              -33077.76909      61773.55863      
3.33              -33077.76909      61773.55863      
3.335             -32089.31663      62754.18231      
3.335             -32089.31663      62754.18231      
3.34              -31102.12549      63732.0388       
3.34              -31102.12549      63732.0388       
3.345             -30116.297        64706.81203      
3.345             -30116.297        64706.81203      
3.35              -29131.92979      65678.17286      
3.35              -29131.92979      65678.17286      
3.355             -28149.12402      66645.76869      
3.355             -28149.12402      66645.76869      
3.36              -27167.97574      67609.15871      
3.36              -27167.97574      67609.15871      
3.365             -26188.58184      68567.88808      
3.365             -26188.58184      68567.88808      
3.37              -25211.04333      69521.50479      
3.37              -25211.04333      69521.50479      
3.375             -24235.45431      70469.52056      
3.375             -24235.45431      70469.52056      
3.38              -23261.90642      71411.3847       
3.38              -23261.90642      71411.3847       
3.385             -22290.4821       72346.51985      
3.385             -22290.4821       72346.51985      
3.39              -21321.26002      73274.31316      
3.39              -21321.26002      73274.31316      
3.395             -20354.31399      74194.12616      
3.395             -20354.31399      74194.12616      
3.4               -19389.70843      75105.30844      
3.4               -19389.70843      75105.30844      
3.405             -18427.49375      76007.19986      
3.405             -18427.49375      76007.19986      
3.41              -17467.70777      76899.09942      
3.41              -17467.70777      76899.09942      
3.415             -16510.3761       77780.2839       
3.415             -16510.3761       77780.2839       
3.42              -15555.51124      78650.0097       
3.42              -15555.51124      78650.0097       
3.425             -14603.11065      79507.52022      
3.425             -14603.11065      79507.52022      
3.43              -13653.15561      80352.04714      
3.43              -13653.15561      80352.04714      
3.435             -12705.61017      81182.81837      
3.435             -12705.61017      81182.81837      
3.44              -11760.42132      81999.06304      
3.44              -11760.42132      81999.06304      
3.445             -10817.51802      82800.01691      
3.445             -10817.51802      82800.01691      
3.45              -9876.814442      83584.92807      
3.45              -9876.814442      83584.92807      
3.455             -8938.186822      84353.11356      
3.455             -8938.186822      84353.11356      
3.46              -8001.528706      85103.69517      
3.46              -8001.528706      85103.69517      
3.465             -7066.715862      85836.05823      
3.47              -6133.566659      86714.76888      
3.47              -6133.566659      86714.76888      
3.475             -5201.902852      87445.27204      
3.48              -4271.551225      88046.79262      
3.485             -3342.311548      88808.84851      
3.49              -2413.995571      89501.22871      
3.495             -1486.365921      90071.37635      
3.5               -559.2004864      90603.26544      
3.505             367.7217281       91165.34705      
3.51              1294.635105       91722.06438      
3.515             2221.774853       92239.88661      
3.52              3149.370216       92716.89365      
3.525             4077.645392       93176.46134      
3.53              5006.819025       93622.86578      
3.535             5937.102598       94049.25409      
3.54              6868.697225       94448.27284      
3.545             7801.79413        94823.42194      
3.55              8736.570352       95178.62114      
3.555             9673.187606       95515.09421      
3.56              10611.79046       95830.93765      
3.565             11552.50802       96125.93354      
3.57              12495.4514        96401.25823      
3.575             13440.71495       96658.48574      
3.58              14388.37378       96897.89185      
3.585             15338.48349       97119.78459      
3.59              16291.08012       97324.76456      
3.595             17246.18379       97513.9244       
3.6               18203.7974        97688.12154      
3.605             19163.90717       97848.06964      
3.61              20126.48561       97994.39727      
3.615             21091.48812       98127.88974      
3.62              22058.85205       98249.43789      
3.625             23028.53914       98359.74559      
3.63              24000.44714       98459.4424       
3.635             24974.48702       98549.68669      
3.64              25950.56612       98630.94833      
3.645             26928.58507       98703.8693       
3.65              27908.43522       98769.19193      
3.655             28889.99974       98827.45165      
3.66              29873.15946       98879.14705      
3.665             30857.79351       98924.9          
3.67              31843.7795        98965.35816      
3.675             32830.99615       99001.0675       
3.68              33819.31572       99032.4555       
3.685             34808.61716       99059.92618      
3.69              35798.77466       99083.8902       
3.695             36789.66358       99104.74757      
3.7               37781.12262       99122.8277       
3.705             38773.07349       99138.47309      
3.71              39765.38219       99151.95236      
3.715             40757.9044        99163.54106      
3.72              41750.4727        99173.47312      
3.725             42742.95423       99181.96224      
3.73              43735.20032       99189.18651      
3.735             44727.07163       99195.30011      
3.74              45718.38353       99200.48114      
3.745             46708.971         99204.87744      
3.75              47698.63489       99208.61072      
3.755             48687.16388       99211.77321      
3.76              49674.33692       99214.44798      
3.765             50659.91267       99216.71384      
3.77              51643.61981       99218.64247      
3.775             52625.16127       99220.29687      
3.78              53604.21432       99221.73023      
3.785             54580.4301        99222.98819      
3.79              55553.42507       99224.10773      
3.795             56522.78415       99225.12187      
3.8               57488.05222       99226.05871      
3.805             58448.73907       99226.94307      
3.81              59404.30987       99227.79581      
3.815             60354.18808       99228.63408      
3.82              61297.74956       99229.47166      
3.825             62234.32447       99230.32082      
3.83              63163.19581       99231.19234      
3.835             64083.59808       99232.09463      
3.84              64994.71632       99233.03355      
3.845             65895.68622       99234.0137       
3.85              66785.59518       99235.03697      
3.855             67663.47445       99236.10545      
3.86              68528.33834       99237.21989      
3.865             69379.15444       99238.37863      
3.87              70214.80961       99239.57872      
3.875             71034.21595       99240.81692      
3.88              71836.2357        99242.08818      
3.885             72619.73518       99243.38717      
3.89              73383.5812        99244.7083       
3.895             74126.60601       99246.04486      
3.9               74847.67019       99247.38936      
3.905             75545.66907       99248.73418      
3.91              76219.51033       99250.06999      
3.915             76868.11277       99251.38786      
3.92              77490.4069        99252.67805      
3.925             78085.32951       99253.9306       
3.93              78651.80584       99255.13438      
3.935             79188.73006       99256.27862      
3.94              79694.94489       99257.35268      
3.945             80169.22498       99258.3464       
3.95              80610.2629        99259.24955      
3.955             81016.6638        99260.05253      
3.96              81386.9511        99260.74645      
3.965             81719.58716       99261.32364      
3.97              82013.00787       99261.77774      
3.975             82265.6708        99262.10343      
3.98              82476.11267       99262.29634      
3.985             82643.01207       99262.35268      
3.99              82765.25107       99262.26953      
3.995             82841.9699        99262.04541      
4                 82872.60852       99261.6809       
4.005             82856.91604       99261.17633      
4.01              82794.99754       99260.53241      
4.015             82687.22918       99259.75275      
4.02              82534.26108       99258.84173      
4.025             82336.9934        99257.80445      
4.03              82096.51141       99256.64736      
4.035             81814.01493       99255.37786      
4.04              81490.8064        99254.00337      
4.045             81128.1782        99252.53232      
4.05              80727.42712       99250.97462      
4.055             80289.8629        99249.34068      
4.06              79816.79271       99247.64092      
4.065             79309.51852       99245.88556      
4.07              78769.34218       99244.08492      
4.075             78197.57037       99242.24932      
4.08              77595.51594       99240.3884       
4.085             76964.50196       99238.51203      
4.09              76305.86023       99236.62876      
4.095             75620.92304       99234.74706      
4.1               74911.05494       99232.8744       
4.105             74177.60812       99231.01772      
4.11              73421.92761       99229.18361      
4.115             72645.31552       99227.37581      
4.12              71849.05836       99225.59466      
4.125             71034.46107       99223.84066      
4.13              70202.78734       99222.11214      
4.135             69355.21311       99220.40756      
4.14              68492.89355       99218.72741      
4.145             67616.95577       99217.06826      
4.15              66728.47626       99215.41993      
4.155             65828.4777        99213.76968      
4.16              64917.93464       99212.10311      
4.165             63997.76152       99210.40602      
4.17              63068.82665       99208.6642       
4.175             62131.94389       99206.8598       
4.18              61187.87253       99204.96531      
4.185             60237.33465       99202.95218      
4.19              59280.98326       99200.78641      
4.195             58319.44792       99198.43777      
4.2               57353.28306       99195.86635      
4.205             56383.02036       99193.0275       
4.21              55409.14601       99189.86848      
4.215             54432.10631       99186.3306       
4.22              53452.30921       99182.35139      
4.225             52470.12873       99177.86205      
4.23              51485.90684       99172.78363      
4.235             50499.95556       99167.02609      
4.24              49512.52135       99160.481        
4.245             48523.92057       99153.05038      
4.25              47534.35622       99144.60554      
4.255             46544.08148       99135.02657      
4.26              45553.25767       99124.16439      
4.265             44562.0718        99111.85938      
4.27              43570.70877       99097.93114      
4.275             42579.32321       99082.1839       
4.28              41588.07098       99064.40398      
4.285             40597.07514       99044.37856      
4.29              39606.47075       99021.8609       
4.295             38616.37155       98996.58602      
4.3               37626.8929        98968.26537      
4.305             36638.14781       98936.58553      
4.31              35650.247         98901.21732      
4.315             34663.28982       98861.81131      
4.32              33677.37447       98817.99633      
4.325             32692.59337       98769.37895      
4.33              31709.04754       98715.53419      
4.335             30726.81892       98656.01851      
4.34              29745.98687       98590.37422      
4.345             28766.63222       98518.12146      
4.35              27788.83068       98438.74839      
4.355             26812.65242       98351.71981      
4.36              25838.16321       98256.48036      
4.365             24865.42331       98152.46795      
4.37              23894.48722       98039.11648      
4.375             22925.40259       97915.85148      
4.38              21958.21264       97782.07646      
4.385             20992.94555       97637.22239      
4.39              20029.62139       97480.6579       
4.395             19068.25986       97311.78672      
4.4               18108.88508       97130.02732      
4.405             17151.46886       96934.78802      
4.41              16195.98501       96725.48616      
4.415             15242.40759       96501.55352      
4.42              14290.72748       96262.435        
4.425             13340.88114       96007.59939      
4.43              12392.79405       95736.52263      
4.435             11446.39616       95448.70155      
4.44              10501.61141       95143.6584       
4.445             9558.345776       94820.94127      
4.45              8616.491554       94480.12497      
4.455             7675.931531       94120.80504      
4.46              6736.542811       93742.60309      
4.465             5798.191081       93345.17457      
4.47              4860.737136       92928.21334      
4.475             3924.031604       92491.45371      
4.48              2987.921533       92034.67037      
4.485             2052.247974       91557.68287      
4.49              1116.849857       91060.3615       
4.495             181.5628503       90542.63428      
4.5               -753.7795442      90004.4883       
4.505             -1689.339761      89445.97109      
4.51              -2625.283967      88867.193        
4.515             -3561.771716      88268.32         
4.52              -4498.960239      87649.59354      
4.525             -5437.00177       87011.31416      
4.53              -6376.041153      86353.8734       
4.535             -7316.220098      85677.28609      
4.54              -8257.678385      84982.55444      
4.545             -9200.507041      84269.95829      
4.55              -10144.83257      83539.99988      
4.555             -11090.7864       82793.31719      
4.56              -12038.41615      82030.32548      
4.565             -12987.82911      81251.74813      
4.57              -13939.08702      80458.19481      
4.575             -14892.21254      79650.225        
4.58              -15847.30037      78828.56463      
4.585             -16804.37765      77993.80647      
4.59              -17763.43135      77146.52664      
4.595             -18724.51002      76287.47236      
4.6               -19687.59889      75417.2317       
4.6               -19687.59889      75417.2317       
4.605             -20652.67537      74361.85612      
4.61              -21619.74024      73423.53697      
4.61              -21619.74024      73423.53697      
4.615             -22588.77207      72515.51048      
4.615             -22588.77207      72515.51048      
4.62              -23559.73077      71443.21393      
4.62              -23559.73077      71443.21393      
4.625             -24532.56683      70476.95977      
4.625             -24532.56683      70476.95977      
4.63              -25507.23458      69549.11813      
4.63              -25507.23458      69549.11813      
4.635             -26483.70199      68620.48132      
4.635             -26483.70199      68620.48132      
4.64              -27461.89198      67673.23517      
4.64              -27461.89198      67673.23517      
4.645             -28441.71991      66725.62195      
4.645             -28441.71991      66725.62195      
4.65              -29423.1537       65770.41829      
4.65              -29423.1537       65770.41829      
4.655             -30406.13975      64813.04515      
4.655             -30406.13975      64813.04515      
4.66              -31390.59889      63848.74176      
4.66              -31390.59889      63848.74176      
4.665             -32376.45698      62882.01163      
4.665             -32376.45698      62882.01163      
4.67              -33363.66528      61910.57321      
4.67              -33363.66528      61910.57321      
4.675             -34352.14275      60936.75306      
4.675             -34352.14275      60936.75306      
4.68              -35341.80329      59959.2229       
4.68              -35341.80329      59959.2229       
4.685             -36332.62604      58979.62618      
4.685             -36332.62604      58979.62618      
4.69              -37324.56253      57997.30222      
4.69              -37324.56253      57997.30222      
4.695             -38317.52922      57013.26089      
4.695             -38317.52922      57013.26089      
4.7               -39311.47875      56027.15451      
4.7               -39311.47875      56027.15451      
4.705             -40306.3764       55039.65811      
4.705             -40306.3764       55039.65811      
4.71              -41302.18309      54050.63608      
4.71              -41302.18309      54050.63608      
4.715             -42298.86286      53060.55876      
4.715             -42298.86286      53060.55876      
4.72              -43296.38441      52069.40097      
4.72              -43296.38441      52069.40097      
4.725             -44294.72491      51077.50254      
4.725             -44294.72491      51077.50254      
4.73              -45293.86724      50084.89085      
4.73              -45293.86724      50084.89085      
4.735             -46293.801        49091.80866      
4.735             -46293.801        49091.80866      
4.74              -47294.52057      48098.31141      
4.74              -47294.52057      48098.31141      
4.745             -48296.02763      47104.58614      
4.745             -48296.02763      47104.58614      
4.75              -49298.32925      46110.70243      
4.75              -49298.32925      46110.70243      
4.755             -50301.44006      45116.80388      
4.755             -50301.44006      45116.80388      
4.76              -51305.37997      44122.96216      
4.76              -51305.37997      44122.96216      
4.765             -52310.17657      43129.29478      
4.765             -52310.17657      43129.29478      
4.77              -53315.86273      42135.87597      
4.77              -53315.86273      42135.87597      
4.775             -54322.47848      41142.80776      
4.775             -54322.47848      41142.80776      
4.78              -55330.0701       40150.1623       
4.78              -55330.0701       40150.1623       
4.785             -56338.69005      39158.02976      
4.785             -56338.69005      39158.02976      
4.79              -57348.39696      38166.48096      
4.79              -57348.39696      38166.48096      
4.795             -58359.25653      37175.59771      
4.795             -58359.25653      37175.59771      
4.8               -59371.33887      36185.45059      
4.8               -59371.33887      36185.45059      
4.805             -60384.72132      35196.11314      
4.805             -60384.72132      35196.11314      
4.81              -61399.48602      34207.65994      
4.81              -61399.48602      34207.65994      
4.815             -62415.72086      33220.16579      
4.815             -62415.72086      33220.16579      
4.82              -63433.5184       32233.69342      
4.82              -63433.5184       32233.69342      
4.825             -64452.97566      31248.31281      
4.825             -64452.97566      31248.31281      
4.83              -65474.18727      30264.07896      
4.83              -65474.18727      30264.07896      
4.835             -66497.27153      29281.09697      
4.835             -66497.27153      29281.09697      
4.84              -67522.32399      28299.38232      
4.84              -67522.32399      28299.38232      
4.845             -68549.45026      27319.01732      
4.845             -68549.45026      27319.01732      
4.85              -69578.76523      26340.05936      
4.85              -69578.76523      26340.05936      
4.855             -70610.3717       25362.56644      
4.855             -70610.3717       25362.56644      
4.86              -71644.37162      24386.58361      
4.86              -71644.37162      24386.58361      
4.865             -72680.87511      23412.17365      
4.865             -72680.87511      23412.17365      
4.87              -73719.95864      22439.35614      
4.87              -73719.95864      22439.35614      
4.875             -74761.68943      21468.17591      
4.875             -74761.68943      21468.17591      
4.88              -75806.16476      20498.7088       
4.88              -75806.16476      20498.7088       
4.885             -76853.46385      19530.97012      
4.885             -76853.46385      19530.97012      
4.89              -77903.60243      18564.93403      
4.89              -77903.60243      18564.93403      
4.895             -78956.59685      17600.63081      
4.895             -78956.59685      17600.63081      
4.9               -80012.46373      16638.08872      
4.9               -80012.46373      16638.08872      
4.905             -81071.19485      15677.29751      
4.905             -81071.19485      15677.29751      
4.91              -82132.75062      14718.23953      
4.91              -82132.75062      14718.23953      
4.915             -83197.06491      13760.9065       
4.915             -83197.06491      13760.9065       
4.92              -84264.04883      12805.28102      
4.92              -84264.04883      12805.28102      
4.925             -85333.59584      11851.34419      
4.925             -85333.59584      11851.34419      
4.93              -86405.55156      10898.97384      
4.93              -86405.55156      10898.97384      
4.935             -87479.76209      9948.1769        
4.935             -87479.76209      9948.1769        
4.94              -88556.04916      8998.901244      
4.94              -88556.04916      8998.901244      
4.945             -89634.20136      8051.055703      
4.945             -89634.20136      8051.055703      
4.95              -90713.98994      7104.565908      
4.95              -90713.98994      7104.565908      
4.955             -91795.17526      6159.348008      
4.955             -91795.17526      6159.348008      
4.96              -92877.50742      5215.305905      
4.96              -92877.50742      5215.305905      
4.965             -93960.72755      4272.338938      
4.965             -93960.72755      4272.338938      
4.97              -95044.57025      3330.357688      
4.97              -95044.57025      3330.357688      
4.975             -96128.77199      2389.208611      
4.975             -96128.77199      2389.208611      
4.98              -97213.07739      1448.781708      
4.98              -97213.07739      1448.781708      
4.985             -98297.24102      508.9604254      
4.985             -98297.24102      508.9604254      
4.99              -99381.03068      -430.3889865     
4.99              -99381.03068      -430.3889865     
4.995             -100464.2337      -1369.402209     
4.995             -100464.2337      -1369.402209     
5                 -101546.6648      -2308.211115     
5                 -101546.6648      -2308.211115     
5.005             -102118.1231      -3246.958217     
5.005             -102118.1231      -3246.958217     
5.01              -102252.2974      -4185.786728     
5.01              -102252.2974      -4185.786728     
5.015             -102281.7067      -5124.817153     
5.015             -102281.7067      -5124.817153     
5.02              -102333.2796      -6064.271368     
5.02              -102333.2796      -6064.271368     
5.025             -102402.238       -7004.134833     
5.025             -102402.238       -7004.134833     
5.03              -102467.3318      -7944.373115     
5.03              -102467.3318      -7944.373115     
5.035             -102527.7464      -8885.390641     
5.035             -102527.7464      -8885.390641     
5.04              -102589.1474      -9827.477507     
5.04              -102589.1474      -9827.477507     
5.045             -102652.5874      -10770.649       
5.045             -102652.5874      -10770.649       
5.05              -102716.898       -11714.85737     
5.05              -102716.898       -11714.85737     
5.055             -102782.1292      -12660.17524     
5.055             -102782.1292      -12660.17524     
5.06              -102849.1981      -13606.71563     
5.06              -102849.1981      -13606.71563     
5.065             -102918.7132      -14554.57847     
5.065             -102918.7132      -14554.57847     
5.07              -102990.9474      -15503.78877     
5.07              -102990.9474      -15503.78877     
5.075             -103066.1905      -16454.58724     
5.075             -103066.1905      -16454.58724     
5.08              -103144.7145      -17407.13121     
5.08              -103144.7145      -17407.13121     
5.085             -103226.5815      -18361.23236     
5.085             -103226.5815      -18361.23236     
5.09              -103311.5852      -19316.81474     
5.09              -103311.5852      -19316.81474     
5.095             -103399.2854      -20274.2793      
5.095             -103399.2854      -20274.2793      
5.1               -103489.0164      -21233.3658      
5.1               -103489.0164      -21233.3658      
5.105             -103579.8794      -22194.30365     
5.105             -103579.8794      -22194.30365     
5.11              -103670.7857      -23156.97173     
5.11              -103670.7857      -23156.97173     
5.115             -103760.5327      -24121.20785     
5.115             -103760.5327      -24121.20785     
5.12              -103847.8814      -25087.37369     
5.12              -103847.8814      -25087.37369     
5.125             -103931.6312      -26055.23754     
5.125             -103931.6312      -26055.23754     
5.13              -104010.6875      -27024.68599     
5.13              -104010.6875      -27024.68599     
5.135             -104084.1324      -27995.77669     
5.135             -104084.1324      -27995.77669     
5.14              -104151.2881      -28968.49519     
5.14              -104151.2881      -28968.49519     
5.145             -104211.7552      -29942.77539     
5.145             -104211.7552      -29942.77539     
5.15              -104265.421       -30918.54482     
5.15              -104265.421       -30918.54482     
5.155             -104312.4389      -31895.74466     
5.155             -104312.4389      -31895.74466     
5.16              -104353.1845      -32874.31574     
5.16              -104353.1845      -32874.31574     
5.165             -104388.1989      -33854.18559     
5.165             -104388.1989      -33854.18559     
5.17              -104418.1247      -34835.276       
5.17              -104418.1247      -34835.276       
5.175             -104443.6443      -35817.50197     
5.175             -104443.6443      -35817.50197     
5.18              -104465.4245      -36800.78807     
5.18              -104465.4245      -36800.78807     
5.185             -104484.0747      -37785.04428     
5.185             -104484.0747      -37785.04428     
5.19              -104500.12        -38770.1913      
5.19              -104500.12        -38770.1913      
5.195             -104513.9891      -39756.13671     
5.195             -104513.9891      -39756.13671     
5.2               -104526.0156      -40742.71532     
5.2               -104526.0156      -40742.71532     
5.205             -104536.4471      -41729.99223     
5.205             -104536.4471      -41729.99223     
5.21              -104545.4625      -42717.68891     
5.21              -104545.4625      -42717.68891     
5.215             -104553.1869      -43705.77456     
5.215             -104553.1869      -43705.77456     
5.22              -104559.7076      -44694.17059     
5.22              -104559.7076      -44694.17059     
5.225             -104565.0875      -45682.71744     
5.225             -104565.0875      -45682.71744     
5.23              -104569.3738      -46671.29306     
5.23              -104569.3738      -46671.29306     
5.235             -104572.6046      -47659.78165     
5.235             -104572.6046      -47659.78165     
5.24              -104574.813       -48648.06317     
5.24              -104574.813       -48648.06317     
5.245             -104576.0288      -49636.00705     
5.245             -104576.0288      -49636.00705     
5.25              -104576.2782      -50623.47315     
5.25              -104576.2782      -50623.47315     
5.255             -104575.5833      -51610.31856     
5.255             -104575.5833      -51610.31856     
5.26              -104573.9612      -52596.39536     
5.26              -104573.9612      -52596.39536     
5.265             -104571.4242      -53581.54592     
5.265             -104571.4242      -53581.54592     
5.27              -104567.9795      -54565.60356     
5.27              -104567.9795      -54565.60356     
5.275             -104563.629       -55548.39512     
5.275             -104563.629       -55548.39512     
5.28              -104558.3699      -56529.73938     
5.28              -104558.3699      -56529.73938     
5.285             -104552.1942      -57509.44566     
5.285             -104552.1942      -57509.44566     
5.29              -104545.0892      -58487.3163      
5.29              -104545.0892      -58487.3163      
5.295             -104537.0375      -59463.1393      
5.295             -104537.0375      -59463.1393      
5.3               -104528.0177      -60436.69372     
5.3               -104528.0177      -60436.69372     
5.305             -104518.0043      -61407.74876     
5.305             -104518.0043      -61407.74876     
5.31              -104506.9688      -62376.05944     
5.31              -104506.9688      -62376.05944     
5.315             -104494.8792      -63341.3884      
5.315             -104494.8792      -63341.3884      
5.32              -104481.7014      -64303.45076     
5.32              -104481.7014      -64303.45076     
5.325             -104467.3991      -65261.95531     
5.325             -104467.3991      -65261.95531     
5.33              -104451.9343      -66216.60423     
5.33              -104451.9343      -66216.60423     
5.335             -104435.2679      -67167.08921     
5.335             -104435.2679      -67167.08921     
5.34              -104417.3602      -68113.09817     
5.34              -104417.3602      -68113.09817     
5.345             -104398.1715      -69054.30782     
5.345             -104398.1715      -69054.30782     
5.35              -104377.6625      -69990.369       
5.35              -104377.6625      -69990.369       
5.355             -104355.7944      -70920.92057     
5.355             -104355.7944      -70920.92057     
5.36              -104332.5296      -71845.57196     
5.36              -104332.5296      -71845.57196     
5.365             -104307.8321      -72763.89989     
5.365             -104307.8321      -72763.89989     
5.37              -104281.668       -73675.49671     
5.37              -104281.668       -73675.49671     
5.375             -104254.0064      -74579.9396      
5.375             -104254.0064      -74579.9396      
5.38              -104224.8202      -75476.79334     
5.38              -104224.8202      -75476.79334     
5.385             -104194.0862      -76365.56668     
5.385             -104194.0862      -76365.56668     
5.39              -104161.7856      -77245.71187     
5.39              -104161.7856      -77245.71187     
5.395             -104127.9045      -78116.61796     
5.395             -104127.9045      -78116.61796     
5.4               -104092.4344      -78977.62689     
5.4               -104092.4344      -78977.62689     
5.405             -104055.3728      -79827.99868     
5.405             -104055.3728      -79827.99868     
5.41              -104016.7229      -80666.88376     
5.41              -104016.7229      -80666.88376     
5.415             -103976.4943      -81493.26563     
5.415             -103976.4943      -81493.26563     
5.42              -103934.7034      -82305.91413     
5.42              -103934.7034      -82305.91413     
5.425             -103891.3739      -83103.32253     
5.425             -103891.3739      -83103.32253     
5.43              -103846.5364      -83883.65213     
5.43              -103846.5364      -83883.65213     
5.435             -103800.2288      -84644.65558     
5.435             -103800.2288      -84644.65558     
5.44              -103752.4964      -85383.60601     
5.44              -103752.4964      -85383.60601     
5.445             -103703.3917      -86097.23165     
5.445             -103703.3917      -86097.23165     
5.45              -103652.9743      -86781.67052     
5.45              -103652.9743      -86781.67052     
5.455             -103601.3115      -87432.45131     
5.455             -103601.3115      -87432.45131     
5.46              -103548.4768      -88044.51563     
5.46              -103548.4768      -88044.51563     
5.465             -103494.5507      -88612.28782     
5.465             -103494.5507      -88612.28782     
5.47              -103439.6196      -89129.80325     
5.47              -103439.6196      -89129.80325     
5.475             -103383.7766      -89590.89781     
5.475             -103383.7766      -89590.89781     
5.48              -103327.12        -89989.4455      
5.48              -103327.12        -89989.4455      
5.485             -103269.7528      -90319.64447     
5.485             -103269.7528      -90319.64447     
5.49              -103211.7822      -90576.3294      
5.49              -103211.7822      -90576.3294      
5.495             -103153.3199      -90755.28163     
5.495             -103153.3199      -90755.28163     
5.5               -103094.4797      -90853.50716     
5.5               -103094.4797      -90853.50716     
5.505             -103035.3777      -90869.46688     
5.505             -103035.3777      -90869.46688     
5.51              -102976.1325      -90803.21125     
5.51              -102976.1325      -90803.21125     
5.515             -102916.8622      -90656.46543     
5.515             -102916.8622      -90656.46543     
5.52              -102857.6851      -90432.42654     
5.52              -102857.6851      -90432.42654     
5.525             -102798.7196      -90135.65101     
5.525             -102798.7196      -90135.65101     
5.53              -102740.082       -89771.80507     
5.53              -102740.082       -89771.80507     
5.535             -102681.8863      -89347.28936     
5.535             -102681.8863      -89347.28936     
5.54              -102624.2442      -88868.85451     
5.54              -102624.2442      -88868.85451     
5.545             -102567.2633      -88343.24006     
5.545             -102567.2633      -88343.24006     
5.55              -102511.0476      -87776.85828     
5.55              -102511.0476      -87776.85828     
5.555             -102455.696       -87175.53927     
5.555             -102455.696       -87175.53927     
5.56              -102401.3018      -86544.36084     
5.56              -102401.3018      -86544.36084     
5.565             -102347.9527      -85887.56762     
5.565             -102347.9527      -85887.56762     
5.57              -102295.7297      -85208.56952     
5.57              -102295.7297      -85208.56952     
5.575             -102244.7065      -84510.00566     
5.575             -102244.7065      -84510.00566     
5.58              -102194.9488      -83793.85121     
5.58              -102194.9488      -83793.85121     
5.585             -102146.5145      -83061.54898     
5.585             -102146.5145      -83061.54898     
5.59              -102099.4525      -82314.14262     
5.59              -102099.4525      -82314.14262     
5.595             -102053.803       -81552.399       
5.595             -102053.803       -81552.399       
5.6               -102009.5969      -80776.90666     
5.6               -102009.5969      -80776.90666     
5.605             -101966.8558      -79988.15586     
5.605             -101966.8558      -79988.15586     
5.61              -101925.5917      -79186.58448     
5.61              -101925.5917      -79186.58448     
5.615             -101885.8071      -78372.6155      
5.615             -101885.8071      -78372.6155      
5.62              -101847.4948      -77546.67112     
5.62              -101847.4948      -77546.67112     
5.625             -101810.6379      -76709.18188     
5.625             -101810.6379      -76709.18188     
5.63              -101775.2103      -75860.58378     
5.63              -101775.2103      -75860.58378     
5.635             -101741.1756      -75001.33044     
5.635             -101741.1756      -75001.33044     
5.64              -101708.4878      -74131.87756     
5.64              -101708.4878      -74131.87756     
5.645             -101677.0916      -73252.68748     
5.645             -101677.0916      -73252.68748     
5.65              -101646.9218      -72364.23826     
5.65              -101646.9218      -72364.23826     
5.655             -101617.9032      -71467.01648     
5.655             -101617.9032      -71467.01648     
5.66              -101589.9515      -70561.49899     
5.66              -101589.9515      -70561.49899     
5.665             -101562.9723      -69648.18024     
5.665             -101562.9723      -69648.18024     
5.67              -101536.8613      -68727.55642     
5.67              -101536.8613      -68727.55642     
5.675             -101511.504       -67800.11481     
5.675             -101511.504       -67800.11481     
5.68              -101486.7757      -66866.33703     
5.68              -101486.7757      -66866.33703     
5.685             -101462.5414      -65926.68814     
5.685             -101462.5414      -65926.68814     
5.69              -101438.655       -64981.60984     
5.69              -101438.655       -64981.60984     
5.695             -101414.9593      -64031.54137     
5.695             -101414.9593      -64031.54137     
5.7               -101391.2862      -63076.88647     
5.7               -101391.2862      -63076.88647     
5.705             -101367.4555      -62118.02148     
5.705             -101367.4555      -62118.02148     
5.71              -101343.2743      -61155.32713     
5.71              -101343.2743      -61155.32713     
5.715             -101318.5372      -60189.12374     
5.715             -101318.5372      -60189.12374     
5.72              -101293.0253      -59219.72469     
5.72              -101293.0253      -59219.72469     
5.725             -101266.5052      -58247.42201     
5.725             -101266.5052      -58247.42201     
5.73              -101238.7297      -57272.44432     
5.73              -101238.7297      -57272.44432     
5.735             -101209.4358      -56295.04788     
5.735             -101209.4358      -56295.04788     
5.74              -101178.3445      -55315.45941     
5.74              -101178.3445      -55315.45941     
5.745             -101145.1597      -54333.87655     
5.745             -101145.1597      -54333.87655     
5.75              -101109.5677      -53350.48579     
5.75              -101109.5677      -53350.48579     
5.755             -101071.2361      -52365.45739     
5.755             -101071.2361      -52365.45739     
5.76              -101029.8134      -51378.94683     
5.76              -101029.8134      -51378.94683     
5.765             -100984.9276      -50391.08783     
5.765             -100984.9276      -50391.08783     
5.77              -100936.1856      -49402.04357     
5.77              -100936.1856      -49402.04357     
5.775             -100883.1722      -48411.9626      
5.775             -100883.1722      -48411.9626      
5.78              -100825.4508      -47420.87961     
5.78              -100825.4508      -47420.87961     
5.785             -100762.5615      -46428.92302     
5.785             -100762.5615      -46428.92302     
5.79              -100694.0207      -45436.21502     
5.79              -100694.0207      -45436.21502     
5.795             -100619.3219      -44442.78916     
5.795             -100619.3219      -44442.78916     
5.8               -100537.933       -43448.79628     
5.8               -100537.933       -43448.79628     
5.805             -100449.2979      -42454.32121     
5.805             -100449.2979      -42454.32121     
5.81              -100352.8356      -41459.39847     
5.81              -100352.8356      -41459.39847     
5.815             -100247.9404      -40464.08109     
5.815             -100247.9404      -40464.08109     
5.82              -100133.9814      -39468.38886     
5.82              -100133.9814      -39468.38886     
5.825             -100010.3033      -38472.3661      
5.825             -100010.3033      -38472.3661      
5.83              -99876.22632      -37476.10357     
5.83              -99876.22632      -37476.10357     
5.835             -99731.04714      -36479.65061     
5.835             -99731.04714      -36479.65061     
5.84              -99574.0397       -35483.02675     
5.84              -99574.0397       -35483.02675     
5.845             -99404.45574      -34486.24156     
5.845             -99404.45574      -34486.24156     
5.85              -99221.5199       -33489.59519     
5.85              -99221.5199       -33489.59519     
5.855             -99024.44665      -32492.71412     
5.855             -99024.44665      -32492.71412     
5.86              -98812.43028      -31495.53108     
5.86              -98812.43028      -31495.53108     
5.865             -98584.64536      -30498.17097     
5.865             -98584.64536      -30498.17097     
5.87              -98340.25212      -29500.8065      
5.87              -98340.25212      -29500.8065      
5.875             -98078.39853      -28503.50486     
5.875             -98078.39853      -28503.50486     
5.88              -97798.22296      -27506.19105     
5.88              -97798.22296      -27506.19105     
5.885             -97498.85651      -26508.73242     
5.885             -97498.85651      -26508.73242     
5.89              -97179.42546      -25511.1188      
5.89              -97179.42546      -25511.1188      
5.895             -96839.05214      -24513.35574     
5.895             -96839.05214      -24513.35574     
5.9               -96476.85618      -23515.65702     
5.9               -96476.85618      -23515.65702     
5.905             -96091.96686      -22517.937       
5.905             -96091.96686      -22517.937       
5.91              -95683.53214      -21519.90151     
5.91              -95683.53214      -21519.90151     
5.915             -95250.71143      -20522.04752     
5.915             -95250.71143      -20522.04752     
5.92              -94792.6831       -19524.10962     
5.92              -94792.6831       -19524.10962     
5.925             -94308.63855      -18525.88539     
5.925             -94308.63855      -18525.88539     
5.93              -93797.76899      -17527.72709     
5.93              -93797.76899      -17527.72709     
5.935             -93259.28753      -16529.38488     
5.935             -93259.28753      -16529.38488     
5.94              -92692.42925      -15530.93262     
5.94              -92692.42925      -15530.93262     
5.945             -92096.45732      -14532.49059     
5.945             -92096.45732      -14532.49059     
5.95              -91470.66459      -13533.89174     
5.95              -91470.66459      -13533.89174     
5.955             -90814.37084      -12535.10252     
5.955             -90814.37084      -12535.10252     
5.96              -90126.91741      -11536.18297     
5.96              -90126.91741      -11536.18297     
5.965             -89407.66862      -10537.14099     
5.965             -89407.66862      -10537.14099     
5.97              -88656.01587      -9537.964549     
5.97              -88656.01587      -9537.964549     
5.975             -87871.37945      -8538.653297     
5.975             -87871.37945      -8538.653297     
5.98              -87053.20994      -7539.195788     
5.98              -87053.20994      -7539.195788     
5.985             -86200.99017      -6539.57538      
5.985             -86200.99017      -6539.57538      
5.99              -85314.23837      -5539.783276     
5.99              -85314.23837      -5539.783276     
5.995             -84392.51328      -4539.821324     
5.995             -84392.51328      -4539.821324     
6                 -83435.41965      -3539.695662     
6                 -83435.41965      -3539.695662     
6.005             -82442.61515      -2539.411917     
6.005             -82442.61515      -2539.411917     
6.01              -81413.81787      -1538.970514     
6.01              -81413.81787      -1538.970514     
6.015             -80348.819        -538.3409178     
6.015             -80348.819        -538.3409178     
6.02              -79247.47153      462.3892127      
6.02              -79247.47153      462.3892127      
6.025             -78109.71666      1463.332489      
6.025             -78109.71666      1463.332489      
6.03              -76935.59301      2464.42897       
6.03              -76935.59301      2464.42897       
6.035             -75725.23774      3465.6446        
6.035             -75725.23774      3465.6446        
6.04              -74478.87099      4466.974536      
6.04              -74478.87099      4466.974536      
6.045             -73196.82371      5468.463892      
6.045             -73196.82371      5468.463892      
6.05              -71879.53481      6470.100348      
6.05              -71879.53481      6470.100348      
6.055             -70527.54409      7471.849787      
6.055             -70527.54409      7471.849787      
6.06              -69141.4994       8473.698418      
6.06              -69141.4994       8473.698418      
6.065             -67722.13431      9475.670278      
6.065             -67722.13431      9475.670278      
6.07              -66270.27003      10477.77241      
6.07              -66270.27003      10477.77241      
6.075             -64786.8097       11479.99747      
6.075             -64786.8097       11479.99747      
6.08              -63272.72909      12482.33892      
6.08              -63272.72909      12482.33892      
6.085             -61729.06833      13484.79885      
6.085             -61729.06833      13484.79885      
6.09              -60156.92099      14487.37659      
6.09              -60156.92099      14487.37659      
6.095             -58557.42239      15490.06219      
6.095             -58557.42239      15490.06219      
6.1               -56931.73814      16492.83666      
6.1               -56931.73814      16492.83666      
6.105             -55281.05532      17495.69282      
6.105             -55281.05532      17495.69282      
6.11              -53606.57422      18498.63984      
6.11              -53606.57422      18498.63984      
6.115             -51909.49955      19501.69732      
6.115             -51909.49955      19501.69732      
6.12              -50191.03062      20504.88476      
6.12              -50191.03062      20504.88476      
6.125             -48452.35576      21508.20571      
6.125             -48452.35576      21508.20571      
6.13              -46694.64467      22511.65917      
6.13              -46694.64467      22511.65917      
6.135             -44919.03903      23515.25752      
6.135             -44919.03903      23515.25752      
6.14              -43126.64896      24519.02803      
6.14              -43126.64896      24519.02803      
6.145             -41318.54948      25522.99869      
6.145             -41318.54948      25522.99869      
6.15              -39495.77602      26527.19352      
6.15              -39495.77602      26527.19352      
6.155             -37659.32161      27531.64161      
6.155             -37659.32161      27531.64161      
6.16              -35810.13461      28536.37649      
6.16              -35810.13461      28536.37649      
6.165             -33949.11632      29541.43355      
6.165             -33949.11632      29541.43355      
6.17              -32077.12018      30546.84886      
6.17              -32077.12018      30546.84886      
6.175             -30194.9486       31552.67031      
6.175             -30194.9486       31552.67031      
6.18              -28303.36102      32558.95231      
6.18              -28303.36102      32558.95231      
6.185             -26403.07091      33565.74745      
6.185             -26403.07091      33565.74745      
6.19              -24494.74831      34573.11547      
6.19              -24494.74831      34573.11547      
6.195             -22579.02129      35581.13154      
6.195             -22579.02129      35581.13154      
6.2               -20656.47841      36589.87746      
6.2               -20656.47841      36589.87746      
6.205             -18727.67075      37599.44131      
6.205             -18727.67075      37599.44131      
6.21              -16793.11522      38609.91962      
6.21              -16793.11522      38609.91962      
6.215             -14853.29641      39621.41727      
6.215             -14853.29641      39621.41727      
6.22              -12908.66958      40634.04472      
6.22              -12908.66958      40634.04472      
6.225             -10959.66244      41647.91767      
6.225             -10959.66244      41647.91767      
6.23              -9006.677463      42663.16005      
6.23              -9006.677463      42663.16005      
6.235             -7050.093417      43679.90674      
6.235             -7050.093417      43679.90674      
6.24              -5090.268754      44698.30495      
6.24              -5090.268754      44698.30495      
6.245             -3127.543064      45718.51307      
6.245             -3127.543064      45718.51307      
6.25              -1162.23562       46740.69981      
6.25              -1162.23562       46740.69981      
6.255             805.3512881       47765.04454      
6.255             805.3512881       47765.04454      
6.26              2774.932592       48791.73868      
6.26              2774.932592       48791.73868      
6.265             4746.236841       49820.98956      
6.265             4746.236841       49820.98956      
6.27              6719.00959        50853.0001       
6.27              6719.00959        50853.0001       
6.275             8693.008945       51887.99386      
6.275             8693.008945       51887.99386      
6.28              10668.00734       52926.20483      
6.28              10668.00734       52926.20483      
6.285             12643.79101       53967.88001      
6.285             12643.79101       53967.88001      
6.29              14620.15849       55013.27171      
6.29              14620.15849       55013.27171      
6.295             16596.92116       56062.64578      
6.295             16596.92116       56062.64578      
6.3               18573.90348       57116.2699       
6.3               18573.90348       57116.2699       
6.305             20550.9401        58174.42722      
6.305             20550.9401        58174.42722      
6.31              22527.87937       59237.39616      
6.31              22527.87937       59237.39616      
6.315             24504.58016       60305.45634      
6.315             24504.58016       60305.45634      
6.32              26480.9108        61378.89169      
6.32              26480.9108        61378.89169      
6.325             28456.75291       62457.98068      
6.325             28456.75291       62457.98068      
6.33              30431.99574       63542.99506      
6.33              30431.99574       63542.99506      
6.335             32406.53976       64634.19898      
6.335             32406.53976       64634.19898      
6.34              34380.29503       65731.83972      
6.34              34380.29503       65731.83972      
6.345             36353.18041       66836.13843      
6.345             36353.18041       66836.13843      
6.35              38325.12352       67947.29182      
6.35              38325.12352       67947.29182      
6.355             40296.06053       69065.46107      
6.355             40296.06053       69065.46107      
6.36              42265.93689       70190.75786      
6.36              42265.93689       70190.75786      
6.365             44234.70473       71323.24327      
6.365             44234.70473       71323.24327      
6.37              46202.32408       72462.92787      
6.375             48168.76351       73854.77548      
6.375             48168.76351       73854.77548      
6.38              50133.99819       75062.63309      
6.385             52098.01155       76127.60331      
6.39              54060.79481       77476.49863      
6.395             56022.34403       78750.03201      
6.4               57982.66653       79871.98173      
6.405             59941.77588       80975.9826       
6.41              61899.69153       82165.43624      
6.415             63856.4399        83382.51835      
6.42              65812.0543        84574.2984       
6.425             67766.57519       85738.22269      
6.43              69720.04907       86909.60031      
6.435             71672.52837       88093.19342      
6.44              73624.07152       89276.32731      
6.445             75574.74248       90446.07721      
6.45              77524.61003       91606.18317      
6.455             79473.74791       92760.78031      
6.46              81422.23361       93909.57689      
6.465             83370.14866       95047.20817      
6.47              85317.57779       96171.48658      
6.475             87264.60879       97282.26743      
6.48              89211.33176       98380.03959      
6.485             91157.83877       99463.43669      
6.49              93104.22324       100531.1655      
6.495             95050.57955       101582.4983      
6.5               96997.00243       102617.6199      
6.505             98943.58651       103636.5711      
6.51              100890.4257       104639.4099      
6.515             102837.6128       105626.2844      
6.52              104785.239        106597.7973      
6.525             106733.3931       107554.7459      
6.53              108682.1616       108498.0778      
6.535             110631.6278       109428.7911      
6.54              112581.8714       110348.0548      
6.545             114532.9686       111257.1521      
6.55              116484.9915       112157.4595      
6.555             118438.0081       113050.3621      
6.56              120392.0821       113937.2601      
6.565             122347.2723       114819.54        
6.57              124303.6331       115698.5646      
6.575             126261.2137       116575.6301      
6.58              128220.0586       117451.953       
6.585             130180.2069       118328.6508      
6.59              132141.6927       119206.7379      
6.595             134104.5451       120087.1128      
6.6               136068.788        120970.5535      
6.605             138034.4404       121857.7136      
6.61              140001.5163       122749.1262      
6.615             141970.0253       123645.2074      
6.62              143939.9725       124546.2631      
6.625             145911.3589       125452.4957      
6.63              147884.1819       126364.0147      
6.635             149858.4353       127280.8464      
6.64              151834.1099       128202.9455      
6.645             153811.1937       129130.2054      
6.65              155789.6725       130062.4691      
6.655             157769.5299       130999.5392      
6.66              159750.7478       131941.1877      
6.665             161733.3069       132887.1644      
6.67              163717.187        133837.205       
6.675             165702.3668       134791.0368      
6.68              167688.8253       135748.3856      
6.685             169676.541        136708.9792      
6.69              171665.4934       137672.5518      
6.695             173655.662        138638.8461      
6.7               175647.0279       139607.6155      
6.705             177639.5732       140578.625       
6.71              179633.2813       141551.6523      
6.715             181628.1377       142526.4876      
6.72              183624.1274       143502.9319      
6.725             185621.2427       144480.8062      
6.73              187619.4742       145459.9363      
6.735             189618.8145       146440.1584      
6.74              191619.2566       147421.316       
6.745             193620.8026       148403.2688      
6.75              195623.453        149385.8762      
6.755             197627.2114       150369.0083      
6.76              199632.0869       151352.5449      
6.765             201638.0946       152336.3685      
6.77              203645.2577       153320.3656      
6.775             205653.6107       154304.4308      
6.78              207663.2018       155288.4647      
6.785             209674.0982       156272.3731      
6.79              211686.3889       157256.0641      
6.795             213700.1895       158239.4488      
6.8               215715.6436       159222.4413      
6.805             217732.9234       160204.9592      
6.81              219752.2247       161186.9238      
6.815             221773.7583       162168.2616      
6.82              223797.7314       163148.9032      
6.825             225824.3232       164128.7836      
6.83              227853.6494       165107.8418      
6.835             229885.7188       166086.0202      
6.84              231920.3827       167063.266       
6.845             233957.2802       168039.531       
6.85              235995.7837       169014.7712      
6.855             238034.9506       169988.9478      
6.86              240073.4864       170962.0262      
6.865             242109.7256       171933.9764      
6.87              244141.6348       172904.7737      
6.875             246166.8395       173874.398       
6.88              248182.6756       174842.8348      
6.885             250186.2572       175810.0738      
6.89              252174.5614       176776.1105      
6.895             254144.5168       177740.9459      
6.9               256093.0868       178704.5858      
6.905             258017.3411       179667.0427      
6.91              259914.5043       180628.3341      
6.915             261781.9815       181588.4819      
6.92              263617.3599       182547.5115      
6.925             265418.3867       183505.4517      
6.93              267182.9324       184462.3362      
6.935             268908.9471       185418.2067      
6.94              270594.4182       186373.1105      
6.945             272237.3389       187327.1012      
6.95              273835.6926       188280.2375      
6.955             275387.4512       189232.5811      
6.96              276890.5948       190184.197       
6.965             278343.1477       191135.1521      
6.97              279743.2203       192085.5049      
6.975             281089.0545       193035.3021      
6.98              282379.0811       193984.6236      
6.985             283611.966        194933.5786      
6.99              284786.6343       195882.2675      
6.995             285902.3151       196830.7894      
7                 286958.5644       197779.213       
7.005             287955.2664       198727.5735      
7.01              288892.6475       199675.9229      
7.015             289771.2675       200624.3503      
7.02              290592.011        201572.9681      
7.025             291356.0747       202521.8822      
7.03              292064.948        203471.1742      
7.035             292720.3855       204420.908       
7.04              293324.3761       205371.1444      
7.045             293879.1119       206321.9501      
7.05              294386.9552       207273.3945      
7.055             294850.4063       208225.5437      
7.06              295272.0662       209178.4598      
7.065             295654.6006       210132.2003      
7.07              296000.7033       211086.8181      
7.075             296313.0609       212042.3613      
7.08              296594.3235       212998.8709      
7.085             296847.0784       213956.3834      
7.09              297073.8311       214914.9297      
7.095             297276.9904       215874.5361      
7.1               297458.8515       216835.2225      
7.105             297621.5737       217797.003       
7.11              297767.1588       218759.8853      
7.115             297897.4405       219723.8712      
7.12              298014.09         220688.9568      
7.125             298118.6294       221655.1314      
7.13              298212.4393       222622.3782      
7.135             298296.7591       223590.6741      
7.14              298372.6886       224559.9893      
7.145             298441.1918       225530.2874      
7.15              298503.1105       226501.5254      
7.155             298559.1798       227473.6542      
7.16              298610.0375       228446.6195      
7.165             298656.2324       229420.3624      
7.17              298698.2348       230394.8193      
7.175             298736.446        231369.9194      
7.18              298771.2077       232345.5833      
7.185             298802.8108       233321.7216      
7.19              298831.5029       234298.2365      
7.195             298857.4959       235275.0241      
7.2               298880.9718       236251.9757      
7.205             298902.0886       237228.9788      
7.21              298920.9837       238205.9139      
7.215             298937.778        239182.6533      
7.22              298952.5781       240159.0598      
7.225             298965.4788       241134.9867      
7.23              298976.5655       242110.2788      
7.235             298985.9156       243084.772       
7.24              298993.5994       244058.2926      
7.245             298999.6806       245030.6568      
7.25              299004.2171       246001.6699      
7.255             299007.262        246971.1266      
7.26              299008.8634       247938.8101      
7.265             299009.0649       248904.4919      
7.265             299009.0649       248904.4919      
7.27              299007.905        250087.3984      
7.275             299005.4173       251108.0502      
7.275             299005.4173       251108.0502      
7.28              299001.6301       252071.4983      
7.28              299001.6301       252071.4983      
7.285             298996.567        253224.4527      
7.285             298996.567        253224.4527      
7.29              298990.2476       254232.7919      
7.29              298990.2476       254232.7919      
7.295             298982.6878       255180.9968      
7.295             298982.6878       255180.9968      
7.3               298973.8999       256117.8673      
7.3               298973.8999       256117.8673      
7.305             298963.8929       257065.8912      
7.305             298963.8929       257065.8912      
7.31              298952.6724       258002.6189      
7.31              298952.6724       258002.6189      
7.315             298940.2411       258937.361       
7.315             298940.2411       258937.361       
7.32              298926.5996       259863.4347      
7.32              298926.5996       259863.4347      
7.325             298911.7464       260786.8043      
7.325             298911.7464       260786.8043      
7.33              298895.6788       261701.8173      
7.33              298895.6788       261701.8173      
7.335             298878.3925       262611.2632      
7.335             298878.3925       262611.2632      
7.34              298859.8826       263512.0169      
7.34              298859.8826       263512.0169      
7.345             298840.143        264405.5324      
7.345             298840.143        264405.5324      
7.35              298819.1668       265289.4399      
7.35              298819.1668       265289.4399      
7.355             298796.9475       266164.1319      
7.355             298796.9475       266164.1319      
7.36              298773.4789       267027.8184      
7.36              298773.4789       267027.8184      
7.365             298748.7564       267880.3063      
7.365             298748.7564       267880.3063      
7.37              298722.7771       268720.0121      
7.37              298722.7771       268720.0121      
7.375             298695.54         269546.2893      
7.375             298695.54         269546.2893      
7.38              298667.0467       270357.65        
7.38              298667.0467       270357.65        
7.385             298637.3009       271153.1567      
7.385             298637.3009       271153.1567      
7.39              298606.3081       271931.3342      
7.39              298606.3081       271931.3342      
7.395             298574.0778       272691.0294      
7.395             298574.0778       272691.0294      
7.4               298540.6216       273430.7569      
7.4               298540.6216       273430.7569      
7.405             298505.9552       274149.2273      
7.405             298505.9552       274149.2273      
7.41              298470.0969       274844.9448      
7.41              298470.0969       274844.9448      
7.415             298433.0692       275516.5381      
7.415             298433.0692       275516.5381      
7.42              298394.8973       276162.518       
7.42              298394.8973       276162.518       
7.425             298355.6106       276781.4839      
7.425             298355.6106       276781.4839      
7.43              298315.2417       277371.9758      
7.43              298315.2417       277371.9758      
7.435             298273.8267       277932.6053      
7.435             298273.8267       277932.6053      
7.44              298231.406        278461.9692      
7.44              298231.406        278461.9692      
7.445             298188.0226       278958.7329      
7.445             298188.0226       278958.7329      
7.45              298143.7233       279421.579       
7.45              298143.7233       279421.579       
7.455             298098.5581       279849.2611      
7.455             298098.5581       279849.2611      
7.46              298052.5802       280240.5802      
7.46              298052.5802       280240.5802      
7.465             298005.8459       280594.4229      
7.465             298005.8459       280594.4229      
7.47              297958.4144       280909.7516      
7.47              297958.4144       280909.7516      
7.475             297910.3474       281185.6195      
7.475             297910.3474       281185.6195      
7.48              297861.7091       281421.1782      
7.48              297861.7091       281421.1782      
7.485             297812.5654       281615.7082      
7.485             297812.5654       281615.7082      
7.49              297762.9846       281768.6063      
7.49              297762.9846       281768.6063      
7.495             297713.0359       281879.3997      
7.495             297713.0359       281879.3997      
7.5               297662.7905       281947.7531      
7.5               297662.7905       281947.7531      
7.505             297612.3188       281973.4834      
7.505             297612.3188       281973.4834      
7.51              297561.6921       281956.5424      
7.51              297561.6921       281956.5424      
7.515             297510.9821       281897.0315      
7.515             297510.9821       281897.0315      
7.52              297460.2601       281795.2074      
7.52              297460.2601       281795.2074      
7.525             297409.5962       281651.4698      
7.525             297409.5962       281651.4698      
7.53              297359.0593       281466.353       
7.53              297359.0593       281466.353       
7.535             297308.7163       281240.5285      
7.535             297308.7163       281240.5285      
7.54              297258.6325       280974.7988      
7.54              297258.6325       280974.7988      
7.545             297208.8696       280670.0854      
7.545             297208.8696       280670.0854      
7.55              297159.4865       280327.4242      
7.55              297159.4865       280327.4242      
7.555             297110.5382       279947.9195      
7.555             297110.5382       279947.9195      
7.56              297062.076        279532.7568      
7.56              297062.076        279532.7568      
7.565             297014.1469       279083.1946      
7.565             297014.1469       279083.1946      
7.57              296966.7926       278600.5576      
7.57              296966.7926       278600.5576      
7.575             296920.0499       278086.214       
7.575             296920.0499       278086.214       
7.58              296873.9498       277541.5547      
7.58              296873.9498       277541.5547      
7.585             296828.5171       276967.9852      
7.585             296828.5171       276967.9852      
7.59              296783.7702       276366.9175      
7.59              296783.7702       276366.9175      
7.595             296739.7205       275739.7563      
7.595             296739.7205       275739.7563      
7.6               296696.3725       275087.8902      
7.6               296696.3725       275087.8902      
7.605             296653.723        274412.6829      
7.605             296653.723        274412.6829      
7.61              296611.7608       273715.4693      
7.61              296611.7608       273715.4693      
7.615             296570.4663       272997.5446      
7.615             296570.4663       272997.5446      
7.62              296529.8117       272260.1577      
7.62              296529.8117       272260.1577      
7.625             296489.76         271504.5083      
7.625             296489.76         271504.5083      
7.63              296450.2659       270731.7433      
7.63              296450.2659       270731.7433      
7.635             296411.2747       269942.9564      
7.635             296411.2747       269942.9564      
7.64              296372.7238       269139.1873      
7.64              296372.7238       269139.1873      
7.645             296334.5426       268321.4207      
7.645             296334.5426       268321.4207      
7.65              296296.6545       267490.5857      
7.65              296296.6545       267490.5857      
7.655             296258.9768       266647.5571      
7.655             296258.9768       266647.5571      
7.66              296221.4242       265793.1551      
7.66              296221.4242       265793.1551      
7.665             296183.9142       264928.1446      
7.665             296183.9142       264928.1446      
7.67              296146.37         264053.2436      
7.67              296146.37         264053.2436      
7.675             296108.7271       263169.1282      
7.675             296108.7271       263169.1282      
7.68              296070.9404       262276.4348      
7.68              296070.9404       262276.4348      
7.685             296032.9933       261375.7573      
7.685             296032.9933       261375.7573      
7.69              295994.906        260467.6442      
7.69              295994.906        260467.6442      
7.695             295956.7445       259552.6014      
7.695             295956.7445       259552.6014      
7.7               295918.6275       258631.1001      
7.7               295918.6275       258631.1001      
7.705             295880.7305       257703.5832      
7.705             295880.7305       257703.5832      
7.71              295843.2842       256770.4693      
7.71              295843.2842       256770.4693      
7.715             295806.5663       255832.1505      
7.715             295806.5663       255832.1505      
7.72              295770.8848       254888.993       
7.72              295770.8848       254888.993       
7.725             295736.5501       253941.3386      
7.725             295736.5501       253941.3386      
7.73              295703.8376       252989.5088      
7.73              295703.8376       252989.5088      
7.735             295672.9401       252033.8099      
7.735             295672.9401       252033.8099      
7.74              295643.9156       251074.5283      
7.74              295643.9156       251074.5283      
7.745             295616.6295       250111.9335      
7.745             295616.6295       250111.9335      
7.75              295590.7025       249146.2757      
7.75              295590.7025       249146.2757      
7.755             295565.4683       248177.7837      
7.755             295565.4683       248177.7837      
7.76              295539.9476       247206.668       
7.76              295539.9476       247206.668       
7.765             295512.8455       246233.1255      
7.765             295512.8455       246233.1255      
7.77              295482.5762       245257.3426      
7.77              295482.5762       245257.3426      
7.775             295447.3157       244279.4994      
7.775             295447.3157       244279.4994      
7.78              295405.0796       243299.7691      
7.78              295405.0796       243299.7691      
7.785             295353.8188       242318.3106      
7.785             295353.8188       242318.3106      
7.79              295291.5254       241335.2686      
7.79              295291.5254       241335.2686      
7.795             295216.3363       240350.7748      
7.795             295216.3363       240350.7748      
7.8               295126.6247       239364.9512      
7.8               295126.6247       239364.9512      
7.805             295021.0709       238377.9123      
7.805             295021.0709       238377.9123      
7.81              294898.7014       237389.7652      
7.81              294898.7014       237389.7652      
7.815             294758.8977       236400.6078      
7.815             294758.8977       236400.6078      
7.82              294601.3662       235410.532       
7.82              294601.3662       235410.532       
7.825             294426.0842       234419.6233      
7.825             294426.0842       234419.6233      
7.83              294233.2292       233427.9582      
7.83              294233.2292       233427.9582      
7.835             294023.1017       232435.6046      
7.835             294023.1017       232435.6046      
7.84              293796.0488       231442.6232      
7.84              293796.0488       231442.6232      
7.845             293552.398        230449.069       
7.845             293552.398        230449.069       
7.85              293292.4064       229454.9965      
7.85              293292.4064       229454.9965      
7.855             293016.228        228460.4543      
7.855             293016.228        228460.4543      
7.86              292723.8997       227465.4889      
7.86              292723.8997       227465.4889      
7.865             292415.3432       226470.1385      
7.865             292415.3432       226470.1385      
7.87              292090.3764       225474.4348      
7.87              292090.3764       225474.4348      
7.875             291748.7326       224478.4086      
7.875             291748.7326       224478.4086      
7.88              291390.0784       223482.0856      
7.88              291390.0784       223482.0856      
7.885             291014.0316       222485.4888      
7.885             291014.0316       222485.4888      
7.89              290620.1747       221488.6405      
7.89              290620.1747       221488.6405      
7.895             290208.0636       220491.5579      
7.895             290208.0636       220491.5579      
7.9               289777.2311       219494.2586      
7.9               289777.2311       219494.2586      
7.905             289327.1936       218496.7522      
7.905             289327.1936       218496.7522      
7.91              288857.4508       217499.0515      
7.91              288857.4508       217499.0515      
7.915             288367.4782       216501.1745      
7.915             288367.4782       216501.1745      
7.92              287856.7312       215503.1317      
7.92              287856.7312       215503.1317      
7.925             287324.6437       214504.9255      
7.925             287324.6437       214504.9255      
7.93              286770.6361       213506.5518      
7.93              286770.6361       213506.5518      
7.935             286194.1076       212508.007       
7.935             286194.1076       212508.007       
7.94              285594.4435       211509.2987      
7.94              285594.4435       211509.2987      
7.945             284971.0198       210510.437       
7.945             284971.0198       210510.437       
7.95              284323.2072       209511.429       
7.95              284323.2072       209511.429       
7.955             283650.3753       208512.2754      
7.955             283650.3753       208512.2754      
7.96              282951.8987       207512.9723      
7.96              282951.8987       207512.9723      
7.965             282227.1618       206513.5189      
7.965             282227.1618       206513.5189      
7.97              281475.5653       205513.9165      
7.97              281475.5653       205513.9165      
7.975             280696.5308       204514.168       
7.975             280696.5308       204514.168       
7.98              279889.5069       203514.2741      
7.98              279889.5069       203514.2741      
7.985             279053.9748       202514.2347      
7.985             279053.9748       202514.2347      
7.99              278189.4512       201514.0455      
7.99              278189.4512       201514.0455      
7.995             277295.4963       200513.7044      
7.995             277295.4963       200513.7044      
8                 276371.7155       199513.2105      
8                 276371.7155       199513.2105      
8.005             275417.765        198512.5632      
8.005             275417.765        198512.5632      
8.01              274433.3541       197511.7633      
8.01              274433.3541       197511.7633      
8.015             273418.2482       196510.8075      
8.015             273418.2482       196510.8075      
8.02              272372.2694       195509.6913      
8.02              272372.2694       195509.6913      
8.025             271295.3021       194508.4213      
8.025             271295.3021       194508.4213      
8.03              270187.2882       193506.997       
8.03              270187.2882       193506.997       
8.035             269048.2325       192505.4155      
8.035             269048.2325       192505.4155      
8.04              267878.2088       191503.6848      
8.04              267878.2088       191503.6848      
8.045             266677.3452       190501.7684      
8.045             266677.3452       190501.7684      
8.05              265445.8332       189499.6664      
8.05              265445.8332       189499.6664      
8.055             264183.9292       188497.39        
8.055             264183.9292       188497.39        
8.06              262891.9493       187494.9527      
8.06              262891.9493       187494.9527      
8.065             261570.2624       186492.3055      
8.065             261570.2624       186492.3055      
8.07              260219.2943       185489.4456      
8.07              260219.2943       185489.4456      
8.075             258839.5272       184486.3898      
8.075             258839.5272       184486.3898      
8.08              257431.4911       183483.1393      
8.08              257431.4911       183483.1393      
8.085             255995.7638       182479.6697      
8.085             255995.7638       182479.6697      
8.09              254532.9659       181475.9541      
8.09              254532.9659       181475.9541      
8.095             253043.7581       180471.9821      
8.095             253043.7581       180471.9821      
8.1               251528.8371       179467.7475      
8.1               251528.8371       179467.7475      
8.105             249988.9317       178463.2304      
8.105             249988.9317       178463.2304      
8.11              248424.7985       177458.3981      
8.11              248424.7985       177458.3981      
8.115             246837.2179       176453.2168      
8.115             246837.2179       176453.2168      
8.12              245226.99         175447.6579      
8.12              245226.99         175447.6579      
8.125             243594.9304       174441.693       
8.125             243594.9304       174441.693       
8.13              241941.8662       173435.287       
8.13              241941.8662       173435.287       
8.135             240268.6319       172428.3968      
8.135             240268.6319       172428.3968      
8.14              238576.0659       171420.9746      
8.14              238576.0659       171420.9746      
8.145             236865.0067       170412.9681      
8.145             236865.0067       170412.9681      
8.15              235136.2891       169404.3217      
8.15              235136.2891       169404.3217      
8.155             233390.7421       168394.9767      
8.155             233390.7421       168394.9767      
8.16              231629.1845       167384.8685      
8.16              231629.1845       167384.8685      
8.165             229852.4262       166373.9306      
8.165             229852.4262       166373.9306      
8.17              228061.2608       165362.0926      
8.17              228061.2608       165362.0926      
8.175             226256.4649       164349.2814      
8.175             226256.4649       164349.2814      
8.18              224438.7971       163335.4209      
8.18              224438.7971       163335.4209      
8.185             222608.9961       162320.4329      
8.185             222608.9961       162320.4329      
8.19              220767.7777       161304.235       
8.19              220767.7777       161304.235       
8.195             218915.8373       160286.7455      
8.195             218915.8373       160286.7455      
8.2               217053.8463       159267.8828      
8.2               217053.8463       159267.8828      
8.205             215182.4518       158247.567       
8.205             215182.4518       158247.567       
8.21              213302.2757       157225.7124      
8.21              213302.2757       157225.7124      
8.215             211413.9157       156202.2289      
8.215             211413.9157       156202.2289      
8.22              209517.9437       155177.0214      
8.22              209517.9437       155177.0214      
8.225             207614.9075       154149.9821      
8.225             207614.9075       154149.9821      
8.23              205705.3299       153120.99        
8.23              205705.3299       153120.99        
8.235             203789.7094       152089.9165      
8.235             203789.7094       152089.9165      
8.24              201868.5201       151056.6221      
8.24              201868.5201       151056.6221      
8.245             199942.2137       150020.9517      
8.245             199942.2137       150020.9517      
8.25              198011.2158       148982.7303      
8.25              198011.2158       148982.7303      
8.255             196075.9302       147941.7651      
8.255             196075.9302       147941.7651      
8.26              194136.7422       146897.8457      
8.26              194136.7422       146897.8457      
8.265             192194.0135       145850.7452      
8.265             192194.0135       145850.7452      
8.27              190248.0863       144800.2335      
8.27              190248.0863       144800.2335      
8.275             188299.2842       143746.0773      
8.275             188299.2842       143746.0773      
8.28              186347.9111       142688.043       
8.28              186347.9111       142688.043       
8.285             184394.253        141625.9036      
8.285             184394.253        141625.9036      
8.29              182438.5784       140559.445       
8.29              182438.5784       140559.445       
8.295             180481.1388       139488.4762      
8.295             180481.1388       139488.4762      
8.3               178522.1698       138412.8389      
8.3               178522.1698       138412.8389      
8.305             176561.8913       137332.4163      
8.305             176561.8913       137332.4163      
8.31              174600.5087       136247.1403      
8.31              174600.5087       136247.1403      
8.315             172638.2134       135156.9958      
8.315             172638.2134       135156.9958      
8.32              170675.1818       134062.0204      
8.32              170675.1818       134062.0204      
8.325             168711.5776       132962.3067      
8.325             168711.5776       132962.3067      
8.33              166747.5516       131858.0021      
8.33              166747.5516       131858.0021      
8.335             164783.2427       130749.3098      
8.335             164783.2427       130749.3098      
8.34              162818.778        129636.4862      
8.34              162818.778        129636.4862      
8.345             160854.2732       128519.8367      
8.345             160854.2732       128519.8367      
8.35              158889.8334       127399.7108      
8.35              158889.8334       127399.7108      
8.355             156925.5532       126276.4958      
8.355             156925.5532       126276.4958      
8.36              154961.5169       125150.6115      
8.36              154961.5169       125150.6115      
8.365             152997.7997       124022.506       
8.365             152997.7997       124022.506       
8.37              151034.467        122892.6531      
8.37              151034.467        122892.6531      
8.375             149071.5756       121761.5484      
8.375             149071.5756       121761.5484      
8.38              147109.1732       120629.7048      
8.38              147109.1732       120629.7048      
8.385             145147.2996       119497.6502      
8.385             145147.2996       119497.6502      
8.39              143185.9867       118365.9232      
8.39              143185.9867       118365.9232      
8.395             141225.259        117235.0709      
8.395             141225.259        117235.0709      
8.4               139265.134        116105.6452      
8.4               139265.134        116105.6452      
8.405             137305.6223       114978.199       
8.405             137305.6223       114978.199       
8.41              135346.7278       113853.2828      
8.41              135346.7278       113853.2828      
8.415             133388.4482       112731.4422      
8.42              131430.7748       111447.1961      
8.425             129473.6938       110129.3195      
8.43              127517.1855       109049.5978      
8.435             125561.2256       108065.8979      
8.44              123605.7845       107001.8073      
8.445             121650.8286       105870.2305      
8.45              119696.3199       104771.4453      
8.455             117742.2167       103725.4735      
8.46              115788.4739       102690.906       
8.465             113835.0435       101640.3178      
8.47              111881.8745       100588.3918      
8.475             109928.9135       99553.31763      
8.48              107976.1052       98535.11394      
8.485             106023.3925       97523.23995      
8.49              104070.7167       96514.69298      
8.495             102118.0185       95513.50419      
8.5               100165.2376       94523.05079      
8.505             98212.31294       93541.9094       
8.51              96259.18412       92567.80251      
8.515             94305.79078       91600.26127      
8.52              92352.07262       90640.19074      
8.525             90397.97011       89687.7046       
8.53              88443.42455       88742.04293      
8.535             86488.37824       87802.3757       
8.54              84532.77465       86868.39728      
8.545             82576.55849       85939.90268      
8.55              80619.67584       85016.48124      
8.555             78662.07416       84097.52105      
8.56              76703.7023        83182.47528      
8.565             74744.51043       82270.88388      
8.57              72784.44989       81362.30004      
8.575             70823.47313       80456.21351      
8.58              68861.53345       79552.10355      
8.585             66898.58448       78649.47707      
8.59              64934.57986       77747.87885      
8.595             62969.47287       76846.86272      
8.6               61003.21575       75945.99249      
8.605             59035.75916       75044.8514       
8.61              57067.05147       74143.05569      
8.615             55097.03819       73240.25112      
8.62              53125.66124       72336.11107      
8.625             51152.85841       71430.33595      
8.63              49178.56268       70522.65793      
8.635             47202.70188       69612.84149      
8.64              45225.19832       68700.6833       
8.645             43245.96892       67786.01005      
8.65              41264.92495       66868.67965      
8.655             39281.97237       65948.57929      
8.66              37297.01277       65025.62518      
8.66              37297.01277       65025.62518      
8.665             35309.94524       63923.42313      
8.67              33320.66662       62946.61761      
8.67              33320.66662       62946.61761      
8.675             31329.07331       62007.38108      
8.675             31329.07331       62007.38108      
8.68              29335.06552       60908.48458      
8.68              29335.06552       60908.48458      
8.685             27338.54767       59921.99681      
8.685             27338.54767       59921.99681      
8.69              25339.43289       58979.10113      
8.69              25339.43289       58979.10113      
8.695             23337.64639       58039.77094      
8.695             23337.64639       58039.77094      
8.7               21333.12817       57085.63405      
8.7               21333.12817       57085.63405      
8.705             19325.83864       56134.66903      
8.705             19325.83864       56134.66903      
8.71              17315.75991       55179.11115      
8.71              17315.75991       55179.11115      
8.715             15302.90164       54224.0965       
8.715             15302.90164       54224.0965       
8.72              13287.30412       53264.53229      
8.72              13287.30412       53264.53229      
8.725             11269.04123       52304.69141      
8.725             11269.04123       52304.69141      
8.73              9248.223608       51341.98486      
8.73              9248.223608       51341.98486      
8.735             7225.002728       50378.5655       
8.735             7225.002728       50378.5655       
8.74              5199.568045       49412.83955      
8.74              5199.568045       49412.83955      
8.745             3172.155704       48446.25946      
8.745             3172.155704       48446.25946      
8.75              1143.042216       47477.99351      
8.75              1143.042216       47477.99351      
8.755             -887.45107        46508.91516      
8.755             -887.45107        46508.91516      
8.76              -2918.96054       45538.54563      
8.76              -2918.96054       45538.54563      
8.765             -4951.080098      44567.47429      
8.765             -4951.080098      44567.47429      
8.77              -6983.363579      43595.47357      
8.77              -6983.363579      43595.47357      
8.775             -9015.326555      42622.93946      
8.775             -9015.326555      42622.93946      
8.78              -11046.44882      41649.76833      
8.78              -11046.44882      41649.76833      
8.785             -13076.17672      40676.24051      
8.785             -13076.17672      40676.24051      
8.79              -15103.92552      39702.33117      
8.79              -15103.92552      39702.33117      
8.795             -17129.08168      38728.24461      
8.795             -17129.08168      38728.24461      
8.8               -19151.00505      37753.9968       
8.8               -19151.00505      37753.9968       
8.805             -21169.03107      36779.73954      
8.805             -21169.03107      36779.73954      
8.81              -23182.4731       35805.50977      
8.81              -23182.4731       35805.50977      
8.815             -25190.62525      34831.43219      
8.815             -25190.62525      34831.43219      
8.82              -27192.76535      33857.55315      
8.82              -27192.76535      33857.55315      
8.825             -29188.15791      32883.96872      
8.825             -29188.15791      32883.96872      
8.83              -31176.05683      31910.72688      
8.83              -31176.05683      31910.72688      
8.835             -33155.70822      30937.9047       
8.835             -33155.70822      30937.9047       
8.84              -35126.35267      29965.54739      
8.84              -35126.35267      29965.54739      
8.845             -37087.22607      28993.71632      
8.845             -37087.22607      28993.71632      
8.85              -39037.55868      28022.45378      
8.85              -39037.55868      28022.45378      
8.855             -40976.56978      27051.80451      
8.855             -40976.56978      27051.80451      
8.86              -42903.45812      26081.79755      
8.86              -42903.45812      26081.79755      
8.865             -44817.38884      25112.47325      
8.865             -44817.38884      25112.47325      
8.87              -46717.47448      24143.85793      
8.87              -46717.47448      24143.85793      
8.875             -48602.75151      23175.97566      
8.875             -48602.75151      23175.97566      
8.88              -50472.151        22208.84249      
8.88              -50472.151        22208.84249      
8.885             -52324.46877      21242.47304      
8.885             -52324.46877      21242.47304      
8.89              -54158.33734      20276.8758       
8.89              -54158.33734      20276.8758       
8.895             -55972.20287      19312.05658      
8.895             -55972.20287      19312.05658      
8.9               -57764.31309      18348.01515      
8.9               -57764.31309      18348.01515      
8.905             -59532.71906      17384.74398      
8.905             -59532.71906      17384.74398      
8.91              -61275.29473      16422.24006      
8.91              -61275.29473      16422.24006      
8.915             -62989.77402      15460.49662      
8.915             -62989.77402      15460.49662      
8.92              -64673.80816      14499.49714      
8.92              -64673.80816      14499.49714      
8.925             -66325.03748      13539.21527      
8.925             -66325.03748      13539.21527      
8.93              -67941.16957      12579.61728      
8.93              -67941.16957      12579.61728      
8.935             -69520.06018      11620.68493      
8.935             -69520.06018      11620.68493      
8.94              -71059.77879      10662.40238      
8.94              -71059.77879      10662.40238      
8.945             -72558.67039      9704.729097      
8.945             -72558.67039      9704.729097      
8.95              -74015.39139      8747.634653      
8.95              -74015.39139      8747.634653      
8.955             -75428.92095      7791.08309       
8.955             -75428.92095      7791.08309       
8.96              -76798.54829      6835.0354        
8.96              -76798.54829      6835.0354        
8.965             -78123.8404       5879.444495      
8.965             -78123.8404       5879.444495      
8.97              -79404.5954       4924.258779      
8.97              -79404.5954       4924.258779      
8.975             -80640.78661      3969.433671      
8.975             -80640.78661      3969.433671      
8.98              -81832.51929      3014.87864       
8.98              -81832.51929      3014.87864       
8.985             -82979.9728       2060.600487      
8.985             -82979.9728       2060.600487      
8.99              -84083.3782       1106.504498      
8.99              -84083.3782       1106.504498      
8.995             -85142.99156      152.5971541      
8.995             -85142.99156      152.5971541      
9                 -86159.09318      -801.2013426     
9                 -86159.09318      -801.2013426     
9.005             -87131.98974      -1754.994902     
9.005             -87131.98974      -1754.994902     
9.01              -88062.02837      -2708.761248     
9.01              -88062.02837      -2708.761248     
9.015             -88949.61067      -3662.550604     
9.015             -88949.61067      -3662.550604     
9.02              -89795.20746      -4616.427579     
9.02              -89795.20746      -4616.427579     
9.025             -90599.37512      -5570.468174     
9.025             -90599.37512      -5570.468174     
9.03              -91362.76003      -6524.72054      
9.03              -91362.76003      -6524.72054      
9.035             -92086.10266      -7479.233869     
9.035             -92086.10266      -7479.233869     
9.04              -92770.23788      -8434.059122     
9.04              -92770.23788      -8434.059122     
9.045             -93416.09319      -9389.242868     
9.045             -93416.09319      -9389.242868     
9.05              -94024.68384      -10344.82393     
9.05              -94024.68384      -10344.82393     
9.055             -94597.1079       -11300.84509     
9.055             -94597.1079       -11300.84509     
9.06              -95134.54005      -12257.34415     
9.06              -95134.54005      -12257.34415     
9.065             -95638.22707      -13214.3641      
9.065             -95638.22707      -13214.3641      
9.07              -96109.48111      -14172.03724     
9.07              -96109.48111      -14172.03724     
9.075             -96549.68792      -15130.16308     
9.075             -96549.68792      -15130.16308     
9.08              -96960.2941       -16088.9452      
9.08              -96960.2941       -16088.9452      
9.085             -97342.80687      -17048.56082     
9.085             -97342.80687      -17048.56082     
9.09              -97698.80595      -18008.73168     
9.09              -97698.80595      -18008.73168     
9.095             -98029.92783      -18969.64627     
9.095             -98029.92783      -18969.64627     
9.1               -98337.86698      -19931.39666     
9.1               -98337.86698      -19931.39666     
9.105             -98624.36855      -20894.05049     
9.105             -98624.36855      -20894.05049     
9.11              -98891.22064      -21857.45797     
9.11              -98891.22064      -21857.45797     
9.115             -99140.22969      -22821.6789      
9.115             -99140.22969      -22821.6789      
9.12              -99373.19216      -23786.82245     
9.12              -99373.19216      -23786.82245     
9.125             -99591.86056      -24752.91067     
9.125             -99591.86056      -24752.91067     
9.13              -99797.90062      -25719.95436     
9.13              -99797.90062      -25719.95436     
9.135             -99992.84313      -26687.97336     
9.135             -99992.84313      -26687.97336     
9.14              -100178.0343      -27656.99292     
9.14              -100178.0343      -27656.99292     
9.145             -100354.5886      -28627.02867     
9.145             -100354.5886      -28627.02867     
9.15              -100523.3485      -29598.09442     
9.15              -100523.3485      -29598.09442     
9.155             -100684.86        -30570.2059      
9.155             -100684.86        -30570.2059      
9.16              -100839.3671      -31543.37783     
9.16              -100839.3671      -31543.37783     
9.165             -100986.8286      -32517.61729     
9.165             -100986.8286      -32517.61729     
9.17              -101126.9575      -33492.9177      
9.17              -101126.9575      -33492.9177      
9.175             -101259.2809      -34469.26887     
9.175             -101259.2809      -34469.26887     
9.18              -101383.2172      -35446.62772     
9.18              -101383.2172      -35446.62772     
9.185             -101498.1623      -36424.95734     
9.185             -101498.1623      -36424.95734     
9.19              -101603.5775      -37404.21331     
9.19              -101603.5775      -37404.21331     
9.195             -101699.067       -38384.31614     
9.195             -101699.067       -38384.31614     
9.2               -101784.4369      -39365.12444     
9.2               -101784.4369      -39365.12444     
9.205             -101859.7285      -40346.62105     
9.205             -101859.7285      -40346.62105     
9.21              -101925.2253      -41328.65495     
9.21              -101925.2253      -41328.65495     
9.215             -101981.4347      -42311.00998     
9.215             -101981.4347      -42311.00998     
9.22              -102029.0488      -43293.49533     
9.22              -102029.0488      -43293.49533     
9.225             -102068.8905      -44275.90327     
9.225             -102068.8905      -44275.90327     
9.23              -102101.8528      -45257.98619     
9.23              -102101.8528      -45257.98619     
9.235             -102128.8375      -46239.46154     
9.235             -102128.8375      -46239.46154     
9.24              -102150.7019      -47220.01627     
9.24              -102150.7019      -47220.01627     
9.245             -102168.2179      -48199.30814     
9.245             -102168.2179      -48199.30814     
9.25              -102182.0482      -49176.96228     
9.25              -102182.0482      -49176.96228     
9.255             -102192.7368      -50152.56574     
9.255             -102192.7368      -50152.56574     
9.26              -102200.713       -51125.67432     
9.26              -102200.713       -51125.67432     
9.265             -102206.3038      -52095.81767     
9.265             -102206.3038      -52095.81767     
9.27              -102209.7514      -53062.49881     
9.27              -102209.7514      -53062.49881     
9.275             -102211.2329      -54025.19336     
9.275             -102211.2329      -54025.19336     
9.28              -102210.8773      -54983.35223     
9.28              -102210.8773      -54983.35223     
9.285             -102208.7818      -55936.40147     
9.285             -102208.7818      -55936.40147     
9.29              -102205.0223      -56883.74801     
9.29              -102205.0223      -56883.74801     
9.295             -102199.6615      -57824.78047     
9.295             -102199.6615      -57824.78047     
9.3               -102192.7541      -58758.86978     
9.3               -102192.7541      -58758.86978     
9.305             -102184.3483      -59685.37528     
9.305             -102184.3483      -59685.37528     
9.31              -102174.4877      -60603.64737     
9.31              -102174.4877      -60603.64737     
9.315             -102163.2118      -61513.01595     
9.315             -102163.2118      -61513.01595     
9.32              -102150.556       -62412.79853     
9.32              -102150.556       -62412.79853     
9.325             -102136.552       -63302.30484     
9.325             -102136.552       -63302.30484     
9.33              -102121.2287      -64180.84909     
9.33              -102121.2287      -64180.84909     
9.335             -102104.6118      -65047.73435     
9.335             -102104.6118      -65047.73435     
9.34              -102086.725       -65902.28107     
9.34              -102086.725       -65902.28107     
9.345             -102067.5897      -66743.75655     
9.345             -102067.5897      -66743.75655     
9.35              -102047.226       -67571.43318     
9.35              -102047.226       -67571.43318     
9.355             -102025.6525      -68384.60401     
9.355             -102025.6525      -68384.60401     
9.36              -102002.888       -69182.57311     
9.36              -102002.888       -69182.57311     
9.365             -101978.9503      -69964.57682     
9.365             -101978.9503      -69964.57682     
9.37              -101953.8574      -70729.8416      
9.37              -101953.8574      -70729.8416      
9.375             -101927.6278      -71477.54517     
9.375             -101927.6278      -71477.54517     
9.38              -101900.2806      -72206.89192     
9.38              -101900.2806      -72206.89192     
9.385             -101871.8359      -72917.08146     
9.385             -101871.8359      -72917.08146     
9.39              -101842.3143      -73607.3         
9.39              -101842.3143      -73607.3         
9.395             -101811.7374      -74276.72538     
9.395             -101811.7374      -74276.72538     
9.4               -101780.128       -74924.51422     
9.4               -101780.128       -74924.51422     
9.405             -101747.5101      -75549.79901     
9.405             -101747.5101      -75549.79901     
9.41              -101713.9088      -76151.70065     
9.41              -101713.9088      -76151.70065     
9.415             -101679.3512      -76729.33284     
9.415             -101679.3512      -76729.33284     
9.42              -101643.8657      -77281.82579     
9.42              -101643.8657      -77281.82579     
9.425             -101607.4821      -77808.31697     
9.425             -101607.4821      -77808.31697     
9.43              -101570.2314      -78307.96444     
9.43              -101570.2314      -78307.96444     
9.435             -101532.1466      -78779.93778     
9.435             -101532.1466      -78779.93778     
9.44              -101493.2615      -79223.43388     
9.44              -101493.2615      -79223.43388     
9.445             -101453.6118      -79637.69995     
9.445             -101453.6118      -79637.69995     
9.45              -101413.2342      -80022.02321     
9.45              -101413.2342      -80022.02321     
9.455             -101372.167       -80375.74092     
9.455             -101372.167       -80375.74092     
9.46              -101330.4494      -80698.24851     
9.46              -101330.4494      -80698.24851     
9.465             -101288.1221      -80988.99678     
9.465             -101288.1221      -80988.99678     
9.47              -101245.2269      -81247.49788     
9.47              -101245.2269      -81247.49788     
9.475             -101201.8065      -81473.33127     
9.475             -101201.8065      -81473.33127     
9.48              -101157.9043      -81666.13044     
9.48              -101157.9043      -81666.13044     
9.485             -101113.5644      -81825.5957      
9.485             -101113.5644      -81825.5957      
9.49              -101068.8313      -81951.49113     
9.49              -101068.8313      -81951.49113     
9.495             -101023.7499      -82043.64266     
9.495             -101023.7499      -82043.64266     
9.5               -100978.3653      -82101.93302     
9.5               -100978.3653      -82101.93302     
9.505             -100932.7216      -82126.30334     
9.505             -100932.7216      -82126.30334     
9.51              -100886.8628      -82116.75854     
9.51              -100886.8628      -82116.75854     
9.515             -100840.8328      -82073.36355     
9.515             -100840.8328      -82073.36355     
9.52              -100794.6742      -81996.24443     
9.52              -100794.6742      -81996.24443     
9.525             -100748.4286      -81885.57833     
9.525             -100748.4286      -81885.57833     
9.53              -100702.1365      -81741.59816     
9.53              -100702.1365      -81741.59816     
9.535             -100655.8372      -81564.59332     
9.535             -100655.8372      -81564.59332     
9.54              -100609.5677      -81354.91113     
9.54              -100609.5677      -81354.91113     
9.545             -100563.3628      -81112.95809     
9.545             -100563.3628      -81112.95809     
9.55              -100517.2557      -80839.19894     
9.55              -100517.2557      -80839.19894     
9.555             -100471.2773      -80534.15195     
9.555             -100471.2773      -80534.15195     
9.56              -100425.4559      -80198.38547     
9.56              -100425.4559      -80198.38547     
9.565             -100379.8171      -79832.51604     
9.565             -100379.8171      -79832.51604     
9.57              -100334.384       -79437.20721     
9.57              -100334.384       -79437.20721     
9.575             -100289.1759      -79013.16762     
9.575             -100289.1759      -79013.16762     
9.58              -100244.2084      -78561.1453      
9.58              -100244.2084      -78561.1453      
9.585             -100199.4947      -78081.92181     
9.585             -100199.4947      -78081.92181     
9.59              -100155.0451      -77576.31211     
9.59              -100155.0451      -77576.31211     
9.595             -100110.8647      -77045.16558     
9.595             -100110.8647      -77045.16558     
9.6               -100066.955       -76489.3558      
9.6               -100066.955       -76489.3558      
9.605             -100023.3133      -75909.77439     
9.605             -100023.3133      -75909.77439     
9.61              -99979.93224      -75307.32211     
9.61              -99979.93224      -75307.32211     
9.615             -99936.7997       -74682.9062      
9.615             -99936.7997       -74682.9062      
9.62              -99893.8981       -74037.43748     
9.62              -99893.8981       -74037.43748     
9.625             -99851.20411      -73371.8252      
9.625             -99851.20411      -73371.8252      
9.63              -99808.68795      -72686.97204     
9.63              -99808.68795      -72686.97204     
9.635             -99766.31284      -71983.76173     
9.635             -99766.31284      -71983.76173     
9.64              -99724.03424      -71263.05631     
9.64              -99724.03424      -71263.05631     
9.645             -99681.7985       -70525.69271     
9.645             -99681.7985       -70525.69271     
9.65              -99639.54339      -69772.47167     
9.65              -99639.54339      -69772.47167     
9.655             -99597.1968       -69004.165       
9.655             -99597.1968       -69004.165       
9.66              -99554.67341      -68221.52076     
9.66              -99554.67341      -68221.52076     
9.665             -99511.8769       -67425.24376     
9.665             -99511.8769       -67425.24376     
9.67              -99468.69658      -66616.00202     
9.67              -99468.69658      -66616.00202     
9.675             -99425.00664      -65794.43598     
9.675             -99425.00664      -65794.43598     
9.68              -99380.66543      -64961.14982     
9.68              -99380.66543      -64961.14982     
9.685             -99335.5139       -64116.72066     
9.685             -99335.5139       -64116.72066     
9.69              -99289.3743       -63261.71152     
9.69              -99289.3743       -63261.71152     
9.695             -99242.04897      -62396.66919     
9.695             -99242.04897      -62396.66919     
9.7               -99193.31936      -61522.13214     
9.7               -99193.31936      -61522.13214     
9.705             -99142.94537      -60638.62314     
9.705             -99142.94537      -60638.62314     
9.71              -99090.66444      -59746.64184     
9.71              -99090.66444      -59746.64184     
9.715             -99036.19034      -58846.69765     
9.715             -99036.19034      -58846.69765     
9.72              -98979.2139       -57939.26171     
9.72              -98979.2139       -57939.26171     
9.725             -98919.40071      -57024.81536     
9.725             -98919.40071      -57024.81536     
9.73              -98856.3908       -56103.85842     
9.73              -98856.3908       -56103.85842     
9.735             -98789.80092      -55176.82892     
9.735             -98789.80092      -55176.82892     
9.74              -98719.2228       -54244.16327     
9.74              -98719.2228       -54244.16327     
9.745             -98644.2246       -53306.30309     
9.745             -98644.2246       -53306.30309     
9.75              -98564.35169      -52363.66421     
9.75              -98564.35169      -52363.66421     
9.755             -98479.12956      -51416.58155     
9.755             -98479.12956      -51416.58155     
9.76              -98388.06254      -50465.42638     
9.76              -98388.06254      -50465.42638     
9.765             -98290.636        -49510.54216     
9.765             -98290.636        -49510.54216     
9.77              -98186.31852      -48552.23562     
9.77              -98186.31852      -48552.23562     
9.775             -98074.56354      -47590.79672     
9.775             -98074.56354      -47590.79672     
9.78              -97954.81394      -46626.42341     
9.78              -97954.81394      -46626.42341     
9.785             -97826.50057      -45659.3624      
9.785             -97826.50057      -45659.3624      
9.79              -97689.04606      -44689.83757     
9.79              -97689.04606      -44689.83757     
9.795             -97541.86945      -43717.98396     
9.795             -97541.86945      -43717.98396     
9.8               -97384.38623      -42744.04496     
9.8               -97384.38623      -42744.04496     
9.805             -97216.01266      -41768.18841     
9.805             -97216.01266      -41768.18841     
9.81              -97036.16873      -40790.5259      
9.81              -97036.16873      -40790.5259      
9.815             -96844.28047      -39811.17865     
9.815             -96844.28047      -39811.17865     
9.82              -96639.78273      -38830.23663     
9.82              -96639.78273      -38830.23663     
9.825             -96422.12184      -37847.80462     
9.825             -96422.12184      -37847.80462     
9.83              -96190.75814      -36864.04878     
9.83              -96190.75814      -36864.04878     
9.835             -95945.1681       -35879.07994     
9.835             -95945.1681       -35879.07994     
9.84              -95684.84646      -34892.96416     
9.84              -95684.84646      -34892.96416     
9.845             -95409.30394      -33905.86828     
9.845             -95409.30394      -33905.86828     
9.85              -95118.07732      -32917.9058      
9.85              -95118.07732      -32917.9058      
9.855             -94810.72973      -31928.88857     
9.855             -94810.72973      -31928.88857     
9.86              -94486.84467      -30938.87208     
9.86              -94486.84467      -30938.87208     
9.865             -94146.02808      -29948.03567     
9.865             -94146.02808      -29948.03567     
9.87              -93787.90983      -28956.57352     
9.87              -93787.90983      -28956.57352     
9.875             -93412.14304      -27964.5529      
9.875             -93412.14304      -27964.5529      
9.88              -93018.40164      -26971.87662     
9.88              -93018.40164      -26971.87662     
9.885             -92606.38137      -25978.55846     
9.885             -92606.38137      -25978.55846     
9.89              -92175.79383      -24984.64669     
9.89              -92175.79383      -24984.64669     
9.895             -91726.36518      -23990.20061     
9.895             -91726.36518      -23990.20061     
9.9               -91257.82915      -22995.38026     
9.9               -91257.82915      -22995.38026     
9.905             -90769.93199      -22000.15656     
9.905             -90769.93199      -22000.15656     
9.91              -90262.42497      -21004.4715      
9.91              -90262.42497      -21004.4715      
9.915             -89735.06093      -20008.32548     
9.915             -89735.06093      -20008.32548     
9.92              -89187.58546      -19011.9991      
9.92              -89187.58546      -19011.9991      
9.925             -88619.73914      -18015.36672     
9.925             -88619.73914      -18015.36672     
9.93              -88031.257        -17018.346       
9.93              -88031.257        -17018.346       
9.935             -87421.86246      -16021.02014     
9.935             -87421.86246      -16021.02014     
9.94              -86791.26558      -15023.43291     
9.94              -86791.26558      -15023.43291     
9.945             -86139.16346      -14025.54345     
9.945             -86139.16346      -14025.54345     
9.95              -85465.23636      -13027.43454     
9.95              -85465.23636      -13027.43454     
9.955             -84769.15189      -12029.10121     
9.955             -84769.15189      -12029.10121     
9.96              -84050.56363      -11030.50113     
9.96              -84050.56363      -11030.50113     
9.965             -83309.11415      -10031.68933     
9.965             -83309.11415      -10031.68933     
9.97              -82544.43759      -9032.648794     
9.97              -82544.43759      -9032.648794     
9.975             -81756.16495      -8033.378942     
9.975             -81756.16495      -8033.378942     
9.98              -80943.92733      -7033.890869     
9.98              -80943.92733      -7033.890869     
9.985             -80107.35531      -6034.169024     
9.985             -80107.35531      -6034.169024     
9.99              -79246.08077      -5034.242113     
9.99              -79246.08077      -5034.242113     
9.995             -78359.74028      -4034.132843     
9.995             -78359.74028      -4034.132843     
10                -77447.98088      -3033.790103     
10                -77447.98088      -3033.790103     
10.005            -76510.46924      -2033.222286     
10.005            -76510.46924      -2033.222286     
10.01             -75546.89563      -1032.438249     
10.01             -75546.89563      -1032.438249     
10.015            -74556.97529      -31.42389768     
10.015            -74556.97529      -31.42389768     
10.02             -73540.44901      969.8213778      
10.02             -73540.44901      969.8213778      
10.025            -72497.09104      1971.33458       
10.025            -72497.09104      1971.33458       
10.03             -71426.69129      2973.066512      
10.03             -71426.69129      2973.066512      
10.035            -70329.09282      3975.065104      
10.035            -70329.09282      3975.065104      
10.04             -69204.16559      4977.314409      
10.04             -69204.16559      4977.314409      
10.045            -68051.8052       5979.815407      
10.045            -68051.8052       5979.815407      
10.05             -66871.9601       6982.6292        
10.05             -66871.9601       6982.6292        
10.055            -65664.61754      7985.746645      
10.055            -65664.61754      7985.746645      
10.06             -64429.80191      8989.157113      
10.06             -64429.80191      8989.157113      
10.065            -63167.57829      9992.882276      
10.065            -63167.57829      9992.882276      
10.07             -61878.05881      10996.94182      
10.07             -61878.05881      10996.94182      
10.075            -60561.3867       12001.37222      
10.075            -60561.3867       12001.37222      
10.08             -59217.75053      13006.19933      
10.08             -59217.75053      13006.19933      
10.085            -57847.38527      14011.45729      
10.085            -57847.38527      14011.45729      
10.09             -56450.57026      15017.18067      
10.09             -56450.57026      15017.18067      
10.095            -55027.63038      16023.39239      
10.095            -55027.63038      16023.39239      
10.1              -53578.93582      17030.11171      
10.1              -53578.93582      17030.11171      
10.105            -52104.90069      18037.35846      
10.105            -52104.90069      18037.35846      
10.11             -50605.98923      19045.15489      
10.11             -50605.98923      19045.15489      
10.115            -49082.7103       20053.53902      
10.115            -49082.7103       20053.53902      
10.12             -47535.61793      21062.56291      
10.12             -47535.61793      21062.56291      
10.125            -45965.31303      22072.27896      
10.125            -45965.31303      22072.27896      
10.13             -44372.43946      23082.73263      
10.13             -44372.43946      23082.73263      
10.135            -42757.68179      24093.97161      
10.135            -42757.68179      24093.97161      
10.14             -41121.76373      25106.0456       
10.14             -41121.76373      25106.0456       
10.145            -39465.44119      26119.01044      
10.145            -39465.44119      26119.01044      
10.15             -37789.50488      27132.9218       
10.15             -37789.50488      27132.9218       
10.155            -36094.76944      28147.82957      
10.155            -36094.76944      28147.82957      
10.16             -34382.07109      29163.78895      
10.16             -34382.07109      29163.78895      
10.165            -32652.25909      30180.87013      
10.165            -32652.25909      30180.87013      
10.17             -30906.192        31199.14539      
10.17             -30906.192        31199.14539      
10.175            -29144.73278      32218.68366      
10.175            -29144.73278      32218.68366      
10.18             -27368.73558      33239.56314      
10.18             -27368.73558      33239.56314      
10.185            -25579.04806      34261.8708       
10.185            -25579.04806      34261.8708       
10.19             -23776.50144      35285.68113      
10.19             -23776.50144      35285.68113      
10.195            -21961.90533      36311.06122      
10.195            -21961.90533      36311.06122      
10.2              -20136.04262      37338.08844      
10.2              -20136.04262      37338.08844      
10.205            -18299.66617      38366.84407      
10.205            -18299.66617      38366.84407      
10.21             -16453.49484      39397.41055      
10.21             -16453.49484      39397.41055      
10.215            -14598.21156      40429.87221      
10.215            -14598.21156      40429.87221      
10.22             -12734.46137      41464.31613      
10.22             -12734.46137      41464.31613      
10.225            -10862.84963      42500.82858      
10.225            -10862.84963      42500.82858      
10.23             -8983.944942      43539.49209      
10.23             -8983.944942      43539.49209      
10.235            -7098.276381      44580.38498      
10.235            -7098.276381      44580.38498      
10.24             -5206.335593      45623.58368      
10.24             -5206.335593      45623.58368      
10.245            -3308.578654      46669.16314      
10.245            -3308.578654      46669.16314      
10.25             -1405.428117      47717.1955       
10.25             -1405.428117      47717.1955       
10.255            502.7246675       48767.74855      
10.255            502.7246675       48767.74855      
10.26             2415.516426       49820.88164      
10.26             2415.516426       49820.88164      
10.265            4332.609944       50876.64709      
10.265            4332.609944       50876.64709      
10.27             6253.692004       51935.08882      
10.27             6253.692004       51935.08882      
10.275            8178.468325       52996.24742      
10.275            8178.468325       52996.24742      
10.28             10106.66472       54060.14434      
10.28             10106.66472       54060.14434      
10.285            12038.0243        55126.78703      
10.285            12038.0243        55126.78703      
10.29             13972.30466       56196.17531      
10.29             13972.30466       56196.17531      
10.295            15909.27683       57268.30501      
10.295            15909.27683       57268.30501      
10.3              17848.72421       58343.15464      
10.3              17848.72421       58343.15464      
10.305            19790.4423        59420.6745       
10.305            19790.4423        59420.6745       
10.31             21734.23577       60500.79919      
10.31             21734.23577       60500.79919      
10.315            23679.91909       61583.44722      
10.315            23679.91909       61583.44722      
10.32             25627.31643       62668.51461      
10.325            27576.25943       63998.10305      
10.325            27576.25943       63998.10305      
10.33             29526.5907        65141.02271      
10.335            31478.16255       66138.14325      
10.34             33430.83101       67411.69334      
10.345            35384.46349       68606.62304      
10.35             37338.93663       69647.85178      
10.355            39294.13313       70667.92897      
10.36             41249.94308       71769.61103      
10.365            43206.26704       72896.31907      
10.37             45163.01275       73996.36395      
10.375            47120.09525       75067.97263      
10.38             49077.43753       76146.90815      
10.385            51034.96988       77238.79257      
10.39             52992.63074       78332.03908      
10.395            54950.36764       79414.83542      
10.4              56908.13261       80491.86817      
10.405            58865.88623       81568.22575      
10.41             60823.59503       82644.60048      
10.415            62781.2329        83716.61869      
10.42             64738.78019       84782.97533      
10.425            66696.22227       85844.29463      
10.43             68653.55146       86901.7187       
10.435            70610.76462       87954.42502      
10.44             72567.86372       89001.51586      
10.445            74524.85561       90042.49128      
10.45             76481.75141       91077.58541      
10.455            78438.56633       92106.71364      
10.46             80395.31937       93129.63558      
10.465            82352.03301       94146.03283      
10.47             84308.73296       95155.8772       
10.475            86265.44796       96159.18684      
10.48             88222.20954       97156.0004       
10.485            90179.05181       98146.29882      
10.49             92136.01126       99130.14762      
10.495            94093.12662       100107.666       
10.5              96050.43856       101079.0332      
10.505            98007.98968       102044.4308      
10.51             99965.82417       103004.077       
10.515            101923.9877       103958.2193      
10.52             103882.5272       104907.1467      
10.525            105841.4906       105851.1683      
10.53             107800.9267       106790.6167      
10.535            109760.8854       107725.8407      
10.54             111721.4168       108657.2109      
10.545            113682.5719       109585.1111      
10.55             115644.4019       110509.9371      
10.555            117606.9584       111432.0903      
10.56             119570.2928       112351.9776      
10.565            121534.4572       113270.0067      
10.57             123499.5031       114186.5842      
10.575            125465.4823       115102.1103      
10.58             127432.4462       116016.9773      
10.585            129400.4458       116931.5651      
10.59             131369.5311       117846.2391      
10.595            133339.7515       118761.3468      
10.6              135311.1548       119677.2151      
10.605            137283.7873       120594.1477      
10.61             139257.6934       121512.4226      
10.615            141232.9148       122432.2906      
10.62             143209.4904       123353.9734      
10.625            145187.4557       124277.6622      
10.63             147166.8421       125203.5177      
10.635            149147.6761       126131.6684      
10.64             151129.9792       127062.2113      
10.645            153113.7666       127995.212       
10.65             155099.0468       128930.7064      
10.655            157085.8209       129868.702       
10.66             159074.081        130809.1796      
10.665            161063.8106       131752.0952      
10.67             163054.9826       132697.382       
10.675            165047.5592       133644.954       
10.68             167041.4903       134594.7086      
10.685            169036.7136       135546.5302      
10.69             171033.1533       136500.2929      
10.695            173030.7201       137455.8633      
10.7              175029.3107       138413.1028      
10.705            177028.8083       139371.8712      
10.71             179029.0835       140332.0287      
10.715            181029.9958       141293.4382      
10.72             183031.3963       142255.9676      
10.725            185033.1311       143219.4914      
10.73             187035.0461       144183.8914      
10.735            189036.992        145149.0579      
10.74             191038.8284       146114.8875      
10.745            193040.4386       147081.2947      
10.75             195041.7245       148048.1953      
10.755            197042.6143       149015.5137      
10.76             199043.0636       149983.1824      
10.765            201043.0509       150951.1395      
10.77             203042.5655       151919.3292      
10.775            205041.5899       152887.7055      
10.78             207040.072        153856.2303      
10.785            209037.8907       154824.8698      
10.79             211034.8141       155793.5924      
10.795            213030.4547       156762.3677      
10.8              215024.2246       157731.1661      
10.805            217015.2978       158699.9582      
10.81             219002.5824       159668.7152      
10.815            220984.7115       160637.4094      
10.82             222960.0547       161606.0138      
10.825            224926.7524       162574.5024      
10.83             226882.7723       163542.8486      
10.835            228825.9831       164511.0258      
10.84             230754.2406       165479.0072      
10.845            232665.4764       166446.7665      
10.85             234557.7805       167414.2778      
10.855            236429.4663       168381.5163      
10.86             238279.1128       169348.4576      
10.865            240105.5805       170315.079       
10.87             241907.999        171281.3591      
10.875            243685.7304       172247.2785      
10.88             245438.3139       173212.819       
10.885            247165.4028       174177.9659      
10.89             248866.6979       175142.7057      
10.895            250541.8921       176107.0281      
10.9              252190.625        177070.9254      
10.905            253812.4532       178034.3911      
10.91             255406.8448       178997.4245      
10.915            256973.1807       179960.0274      
10.92             258510.7677       180922.2028      
10.925            260018.8629       181883.9581      
10.93             261496.6984       182845.3034      
10.935            262943.5078       183806.2516      
10.94             264358.5409       184766.813       
10.945            265741.0836       185727.0005      
10.95             267090.4753       186686.8328      
10.955            268406.1146       187646.3289      
10.96             269687.4636       188605.5102      
10.965            270934.0532       189564.4035      
10.97             272145.4866       190523.0429      
10.975            273321.441        191481.4651      
10.98             274461.6648       192439.7035      
10.985            275565.9844       193397.7878      
10.99             276634.3058       194355.7456      
10.995            277666.6056       195313.5987      
11                278662.9388       196271.3824      
11.005            279623.4387       197229.1402      
11.01             280548.3125       198186.9114      
11.015            281437.8401       199144.7305      
11.02             282292.3717       200102.6333      
11.025            283112.3276       201060.6595      
11.03             283898.1917       202018.8479      
11.035            284650.5108       202977.2335      
11.04             285369.8884       203935.8434      
11.045            286056.9825       204894.7028      
11.05             286712.5013       205853.8426      
11.055            287337.1989       206813.3001      
11.06             287931.8706       207773.1129      
11.065            288497.3469       208733.3117      
11.07             289034.488        209693.9208      
11.075            289544.1785       210654.9608      
11.08             290027.323        211616.4528      
11.085            290484.844        212578.4171      
11.09             290917.6798       213540.8696      
11.095            291326.7785       214503.8219      
11.1              291713.0891       215467.2812      
11.105            292077.5506       216431.2507      
11.11             292421.0878       217395.7296      
11.115            292744.6115       218360.7113      
11.12             293049.021        219326.1834      
11.125            293335.2019       220292.1271      
11.13             293604.0197       221258.5165      
11.135            293856.3143       222225.3188      
11.14             294092.8963       223192.4926      
11.145            294314.5479       224159.9878      
11.15             294522.0238       225127.7453      
11.155            294716.0446       226095.6939      
11.16             294897.302        227063.7527      
11.165            295066.4562       228031.8289      
11.17             295224.1348       228999.8179      
11.175            295370.9346       229967.6032      
11.18             295507.4224       230935.0555      
11.185            295634.1363       231902.0298      
11.19             295751.5862       232868.364       
11.195            295860.2556       233833.879       
11.2              295960.6021       234798.3789      
11.205            296053.0592       235761.6533      
11.21             296138.0382       236723.477       
11.215            296215.9293       237683.6099      
11.22             296287.1032       238641.7962      
11.225            296351.9127       239597.7641      
11.23             296410.6937       240551.2266      
11.235            296463.7663       241501.8826      
11.235            296463.7663       241501.8826      
11.24             296511.4355       242670.3918      
11.245            296553.9931       243674.6006      
11.245            296553.9931       243674.6006      
11.25             296591.7176       244619.8755      
11.25             296591.7176       244619.8755      
11.255            296624.8746       245754.5895      
11.255            296624.8746       245754.5895      
11.26             296653.7176       246742.578       
11.26             296653.7176       246742.578       
11.265            296678.4882       247668.7581      
11.265            296678.4882       247668.7581      
11.27             296699.4172       248582.135       
11.27             296699.4172       248582.135       
11.275            296716.725        249505.2704      
11.275            296716.725        249505.2704      
11.28             296730.6213       250415.5082      
11.28             296730.6213       250415.5082      
11.285            296741.3058       251322.1607      
11.285            296741.3058       251322.1607      
11.29             296748.9671       252218.4542      
11.29             296748.9671       252218.4542      
11.295            296753.7824       253110.3557      
11.295            296753.7824       253110.3557      
11.3              296755.9184       253992.1515      
11.3              296755.9184       253992.1515      
11.305            296755.5316       254866.6409      
11.305            296755.5316       254866.6409      
11.31             296752.7691       255730.6934      
11.31             296752.7691       255730.6934      
11.315            296747.7685       256585.8175      
11.315            296747.7685       256585.8175      
11.32             296740.6585       257429.7105      
11.32             296740.6585       257429.7105      
11.325            296731.5579       258262.8963      
11.325            296731.5579       258262.8963      
11.33             296720.5773       259083.753       
11.33             296720.5773       259083.753       
11.335            296707.8184       259892.3227      
11.335            296707.8184       259892.3227      
11.34             296693.3752       260687.3089      
11.34             296693.3752       260687.3089      
11.345            296677.3342       261468.4246      
11.345            296677.3342       261468.4246      
11.35             296659.7751       262234.6025      
11.35             296659.7751       262234.6025      
11.355            296640.771        262985.3974      
11.355            296640.771        262985.3974      
11.36             296620.3891       263719.891       
11.36             296620.3891       263719.891       
11.365            296598.6913       264437.5532      
11.365            296598.6913       264437.5532      
11.37             296575.7348       265137.5793      
11.37             296575.7348       265137.5793      
11.375            296551.5726       265819.4136      
11.375            296551.5726       265819.4136      
11.38             296526.2539       266482.3393      
11.38             296526.2539       266482.3393      
11.385            296499.8243       267125.7969      
11.385            296499.8243       267125.7969      
11.39             296472.3262       267749.1305      
11.39             296472.3262       267749.1305      
11.395            296443.7995       268351.7839      
11.395            296443.7995       268351.7839      
11.4              296414.2821       268933.1443      
11.4              296414.2821       268933.1443      
11.405            296383.8099       269492.6628      
11.405            296383.8099       269492.6628      
11.41             296352.4179       270029.7587      
11.41             296352.4179       270029.7587      
11.415            296320.1399       270543.8919      
11.415            296320.1399       270543.8919      
11.42             296287.0091       271034.5043      
11.42             296287.0091       271034.5043      
11.425            296253.0581       271501.0659      
11.425            296253.0581       271501.0659      
11.43             296218.3193       271943.0427      
11.43             296218.3193       271943.0427      
11.435            296182.8248       272359.9237      
11.435            296182.8248       272359.9237      
11.44             296146.6064       272751.1995      
11.44             296146.6064       272751.1995      
11.445            296109.6955       273116.3951      
11.445            296109.6955       273116.3951      
11.45             296072.1231       273455.0466      
11.45             296072.1231       273455.0466      
11.455            296033.9199       273766.7153      
11.455            296033.9199       273766.7153      
11.46             295995.1165       274050.991       
11.46             295995.1165       274050.991       
11.465            295955.7433       274307.4974      
11.465            295955.7433       274307.4974      
11.47             295915.8309       274535.8894      
11.47             295915.8309       274535.8894      
11.475            295875.4097       274735.8634      
11.475            295875.4097       274735.8634      
11.48             295834.5096       274907.1517      
11.48             295834.5096       274907.1517      
11.485            295793.1601       275049.5244      
11.485            295793.1601       275049.5244      
11.49             295751.3901       275162.7976      
11.49             295751.3901       275162.7976      
11.495            295709.2281       275246.826       
11.495            295709.2281       275246.826       
11.5              295666.7026       275301.507       
11.5              295666.7026       275301.507       
11.505            295623.8396       275326.7857      
11.505            295623.8396       275326.7857      
11.51             295580.6646       275322.6423      
11.51             295580.6646       275322.6423      
11.515            295537.2032       275289.0946      
11.515            295537.2032       275289.0946      
11.52             295493.479        275226.2121      
11.52             295493.479        275226.2121      
11.525            295449.5138       275134.1129      
11.525            295449.5138       275134.1129      
11.53             295405.3278       275012.9496      
11.53             295405.3278       275012.9496      
11.535            295360.9389       274862.9068      
11.535            295360.9389       274862.9068      
11.54             295316.3627       274684.2096      
11.54             295316.3627       274684.2096      
11.545            295271.6126       274477.1344      
11.545            295271.6126       274477.1344      
11.55             295226.6987       274241.9908      
11.55             295226.6987       274241.9908      
11.555            295181.6274       273979.1216      
11.555            295181.6274       273979.1216      
11.56             295136.4025       273688.9161      
11.56             295136.4025       273688.9161      
11.565            295091.0241       273371.7702      
11.565            295091.0241       273371.7702      
11.57             295045.4875       273028.1094      
11.57             295045.4875       273028.1094      
11.575            294999.7834       272658.4015      
11.575            294999.7834       272658.4015      
11.58             294953.8983       272263.147       
11.58             294953.8983       272263.147       
11.585            294907.8137       271842.8704      
11.585            294907.8137       271842.8704      
11.59             294861.5052       271398.1152      
11.59             294861.5052       271398.1152      
11.595            294814.9429       270929.4435      
11.595            294814.9429       270929.4435      
11.6              294768.0911       270437.4358      
11.6              294768.0911       270437.4358      
11.605            294720.9078       269922.6897      
11.605            294720.9078       269922.6897      
11.61             294673.345        269385.8144      
11.61             294673.345        269385.8144      
11.615            294625.3494       268827.4309      
11.615            294625.3494       268827.4309      
11.62             294576.8632       268248.1704      
11.62             294576.8632       268248.1704      
11.625            294527.8254       267648.6725      
11.625            294527.8254       267648.6725      
11.63             294478.1742       267029.5818      
11.63             294478.1742       267029.5818      
11.635            294427.8505       266391.545       
11.635            294427.8505       266391.545       
11.64             294376.8023       265735.2104      
11.64             294376.8023       265735.2104      
11.645            294324.9909       265061.2253      
11.645            294324.9909       265061.2253      
11.65             294272.3973       264370.2342      
11.65             294272.3973       264370.2342      
11.655            294219.0314       263662.8776      
11.655            294219.0314       263662.8776      
11.66             294164.94         262939.791       
11.66             294164.94         262939.791       
11.665            294110.2159       262201.6033      
11.665            294110.2159       262201.6033      
11.67             294055.0045       261448.934       
11.67             294055.0045       261448.934       
11.675            293999.5079       260682.3928      
11.675            293999.5079       260682.3928      
11.68             293943.9835       259902.579       
11.68             293943.9835       259902.579       
11.685            293888.7358       259110.0803      
11.685            293888.7358       259110.0803      
11.69             293834.0994       258305.4713      
11.69             293834.0994       258305.4713      
11.695            293780.4117       257489.3125      
11.695            293780.4117       257489.3125      
11.7              293727.9768       256662.1496      
11.7              293727.9768       256662.1496      
11.705            293677.016        255824.5148      
11.705            293677.016        255824.5148      
11.71             293627.6186       254976.9231      
11.71             293627.6186       254976.9231      
11.715            293579.6818       254119.8755      
11.715            293579.6818       254119.8755      
11.72             293532.863        253253.8564      
11.72             293532.863        253253.8564      
11.725            293486.5379       252379.3361      
11.725            293486.5379       252379.3361      
11.73             293439.7734       251496.7725      
11.73             293439.7734       251496.7725      
11.735            293391.3288       250606.6064      
11.735            293391.3288       250606.6064      
11.74             293339.6819       249709.257       
11.74             293339.6819       249709.257       
11.745            293283.0828       248805.1217      
11.745            293283.0828       248805.1217      
11.75             293219.6334       247894.5815      
11.75             293219.6334       247894.5815      
11.755            293147.3861       246978.0065      
11.755            293147.3861       246978.0065      
11.76             293064.4514       246055.7575      
11.76             293064.4514       246055.7575      
11.765            292969.1031       245128.1818      
11.765            292969.1031       245128.1818      
11.77             292859.8705       244195.6066      
11.77             292859.8705       244195.6066      
11.775            292735.6081       243258.339       
11.775            292735.6081       243258.339       
11.78             292595.5341       242316.6677      
11.78             292595.5341       242316.6677      
11.785            292439.2346       241370.8689      
11.785            292439.2346       241370.8689      
11.79             292266.6346       240421.2073      
11.79             292266.6346       240421.2073      
11.795            292077.9431       239467.934       
11.795            292077.9431       239467.934       
11.8              291873.5783       238511.2877      
11.8              291873.5783       238511.2877      
11.805            291654.0856       237551.4924      
11.805            291654.0856       237551.4924      
11.81             291420.0572       236588.759       
11.81             291420.0572       236588.759       
11.815            291172.0629       235623.2866      
11.815            291172.0629       235623.2866      
11.82             290910.597        234655.2607      
11.82             290910.597        234655.2607      
11.825            290636.0448       233684.8588      
11.825            290636.0448       233684.8588      
11.83             290348.6675       232712.2445      
11.83             290348.6675       232712.2445      
11.835            290048.6013       231737.5718      
11.835            290048.6013       231737.5718      
11.84             289735.8689       230760.9853      
11.84             289735.8689       230760.9853      
11.845            289410.3963       229782.6193      
11.845            289410.3963       229782.6193      
11.85             289072.0323       228802.5985      
11.85             289072.0323       228802.5985      
11.855            288720.5684       227821.0411      
11.855            288720.5684       227821.0411      
11.86             288355.7534       226838.0547      
11.86             288355.7534       226838.0547      
11.865            287977.3046       225853.7405      
11.865            287977.3046       225853.7405      
11.87             287584.9143       224868.1924      
11.87             287584.9143       224868.1924      
11.875            287178.2529       223881.4977      
11.875            287178.2529       223881.4977      
11.88             286756.9707       222893.7343      
11.88             286756.9707       222893.7343      
11.885            286320.7003       221904.98        
11.885            286320.7003       221904.98        
11.89             285869.0558       220915.2989      
11.89             285869.0558       220915.2989      
11.895            285401.6367       219924.7581      
11.895            285401.6367       219924.7581      
11.9              284918.0251       218933.4149      
11.9              284918.0251       218933.4149      
11.905            284417.7943       217941.3184      
11.905            284417.7943       217941.3184      
11.91             283900.5106       216948.5195      
11.91             283900.5106       216948.5195      
11.915            283365.7291       215955.0705      
11.915            283365.7291       215955.0705      
11.92             282813.0012       214961.0159      
11.92             282813.0012       214961.0159      
11.925            282241.877        213966.3871      
11.925            282241.877        213966.3871      
11.93             281651.9139       212971.2076      
11.93             281651.9139       212971.2076      
11.935            281042.67         211975.5007      
11.935            281042.67         211975.5007      
11.94             280413.7097       210979.2964      
11.94             280413.7097       210979.2964      
11.945            279764.6071       209982.6293      
11.945            279764.6071       209982.6293      
11.95             279094.947        208985.5239      
11.95             279094.947        208985.5239      
11.955            278404.3265       207987.9998      
11.955            278404.3265       207987.9998      
11.96             277692.3561       206990.0687      
11.96             277692.3561       206990.0687      
11.965            276958.6613       205991.7437      
11.965            276958.6613       205991.7437      
11.97             276202.8834       204993.0384      
11.97             276202.8834       204993.0384      
11.975            275424.6804       203993.9664      
11.975            275424.6804       203993.9664      
11.98             274623.7279       202994.5375      
11.98             274623.7279       202994.5375      
11.985            273799.7195       201994.7564      
11.985            273799.7195       201994.7564      
11.99             272952.3683       200994.6259      
11.99             272952.3683       200994.6259      
11.995            272081.4064       199994.1464      
11.995            272081.4064       199994.1464      
12                271186.5868       198993.3188      
12                271186.5868       198993.3188      
12.005            270267.6837       197992.1429      
12.005            270267.6837       197992.1429      
12.01             269324.4924       196990.6155      
12.01             269324.4924       196990.6155      
12.015            268356.8346       195988.7483      
12.015            268356.8346       195988.7483      
12.02             267364.5497       194986.5148      
12.02             267364.5497       194986.5148      
12.025            266347.5038       193983.9033      
12.025            266347.5038       193983.9033      
12.03             265305.5877       192980.9121      
12.03             265305.5877       192980.9121      
12.035            264238.7132       191977.5238      
12.035            264238.7132       191977.5238      
12.04             263146.8293       190973.7376      
12.04             263146.8293       190973.7376      
12.045            262029.9077       189969.5315      
12.045            262029.9077       189969.5315      
12.05             260887.9498       188964.8886      
12.05             260887.9498       188964.8886      
12.055            259720.9842       187959.7937      
12.055            259720.9842       187959.7937      
12.06             258529.0706       186954.2413      
12.06             258529.0706       186954.2413      
12.065            257312.296        185948.2132      
12.065            257312.296        185948.2132      
12.07             256070.7798       184941.6748      
12.07             256070.7798       184941.6748      
12.075            254804.6705       183934.5798      
12.075            254804.6705       183934.5798      
12.08             253514.1483       182926.8926      
12.08             253514.1483       182926.8926      
12.085            252199.4239       181918.588       
12.085            252199.4239       181918.588       
12.09             250860.7386       180909.6424      
12.09             250860.7386       180909.6424      
12.095            249498.3635       179900.024       
12.095            249498.3635       179900.024       
12.1              248112.5994       178889.6903      
12.1              248112.5994       178889.6903      
12.105            246703.7757       177878.5945      
12.105            246703.7757       177878.5945      
12.11             245272.2499       176866.6889      
12.11             245272.2499       176866.6889      
12.115            243818.4051       175853.925       
12.115            243818.4051       175853.925       
12.12             242342.6534       174840.2531      
12.12             242342.6534       174840.2531      
12.125            240845.4297       173825.62        
12.125            240845.4297       173825.62        
12.13             239327.1907       172809.9699      
12.13             239327.1907       172809.9699      
12.135            237788.4159       171793.2462      
12.135            237788.4159       171793.2462      
12.14             236229.6041       170775.3899      
12.14             236229.6041       170775.3899      
12.145            234651.2725       169756.3417      
12.145            234651.2725       169756.3417      
12.15             233053.9536       168736.0437      
12.15             233053.9536       168736.0437      
12.155            231438.1945       167714.4396      
12.155            231438.1945       167714.4396      
12.16             229804.5549       166691.4783      
12.16             229804.5549       166691.4783      
12.165            228153.607        165667.1104      
12.165            228153.607        165667.1104      
12.17             226485.9317       164641.2875      
12.17             226485.9317       164641.2875      
12.175            224802.1173       163613.9667      
12.175            224802.1173       163613.9667      
12.18             223102.7504       162585.104       
12.18             223102.7504       162585.104       
12.185            221388.415        161554.6561      
12.185            221388.415        161554.6561      
12.19             219659.6964       160522.5811      
12.19             219659.6964       160522.5811      
12.195            217917.1824       159488.8333      
12.195            217917.1824       159488.8333      
12.2              216161.4615       158453.3619      
12.2              216161.4615       158453.3619      
12.205            214393.118        157416.111       
12.205            214393.118        157416.111       
12.21             212612.7268       156377.0186      
12.21             212612.7268       156377.0186      
12.215            210820.8503       155336.0151      
12.215            210820.8503       155336.0151      
12.22             209018.0424       154293.0186      
12.22             209018.0424       154293.0186      
12.225            207204.8464       153247.9393      
12.225            207204.8464       153247.9393      
12.23             205381.7941       152200.6794      
12.23             205381.7941       152200.6794      
12.235            203549.4016       151151.1279      
12.235            203549.4016       151151.1279      
12.24             201708.173        150099.172       
12.24             201708.173        150099.172       
12.245            199858.595        149044.6974      
12.245            199858.595        149044.6974      
12.25             198001.1408       147987.598       
12.25             198001.1408       147987.598       
12.255            196136.2655       146927.7768      
12.255            196136.2655       146927.7768      
12.26             194264.4083       145865.1613      
12.26             194264.4083       145865.1613      
12.265            192385.993        144799.7085      
12.265            192385.993        144799.7085      
12.27             190501.4237       143731.4056      
12.27             190501.4237       143731.4056      
12.275            188611.0894       142660.2782      
12.275            188611.0894       142660.2782      
12.28             186715.3614       141586.3913      
12.28             186715.3614       141586.3913      
12.285            184814.5947       140509.8549      
12.285            184814.5947       140509.8549      
12.29             182909.1295       139430.8254      
12.29             182909.1295       139430.8254      
12.295            180999.2834       138349.4982      
12.295            180999.2834       138349.4982      
12.3              179085.3619       137266.1141      
12.3              179085.3619       137266.1141      
12.305            177167.6552       136180.9524      
12.305            177167.6552       136180.9524      
12.31             175246.4384       135094.2134      
12.31             175246.4384       135094.2134      
12.315            173321.9695       134006.5202      
12.315            173321.9695       134006.5202      
12.32             171394.493        132918.0743      
12.32             171394.493        132918.0743      
12.325            169464.2398       131829.1667      
12.325            169464.2398       131829.1667      
12.33             167531.426        130740.2108      
12.33             167531.426        130740.2108      
12.335            165596.2551       129651.6236      
12.335            165596.2551       129651.6236      
12.34             163658.9193       128563.7793      
12.34             163658.9193       128563.7793      
12.345            161719.5964       127477.0157      
12.345            161719.5964       127477.0157      
12.35             159778.454        126391.672       
12.35             159778.454        126391.672       
12.355            157835.648        125308.0942      
12.355            157835.648        125308.0942      
12.36             155891.324        124226.6127      
12.36             155891.324        124226.6127      
12.365            153945.6171       123147.5294      
12.365            153945.6171       123147.5294      
12.37             151998.6521       122071.12        
12.37             151998.6521       122071.12        
12.375            150050.5447       120997.6458      
12.375            150050.5447       120997.6458      
12.38             148101.4016       119927.3555      
12.385            146151.3205       118686.267       
12.385            146151.3205       118686.267       
12.39             144200.3915       117584.5683      
12.395            142248.6963       116599.3814      
12.4              140296.3087       115425.6451      
12.405            138343.2956       114309.2023      
12.41             136389.7171       113304.8538      
12.415            134435.6263       112322.1014      
12.42             132481.07         111288.1548      
12.425            130526.0889       110241.2436      
12.43             128570.718        109217.1238      
12.435            126614.9866       108217.5552      
12.44             124658.9186       107217.561       
12.445            122702.5329       106212.7602      
12.45             120745.8435       105210.7116      
12.455            118788.8599       104219.4431      
12.46             116831.5875       103235.495       
12.465            114874.0276       102255.0231      
12.47             112916.1776       101277.1255      
12.475            110958.0315       100304.4777      
12.48             108999.5798       99337.65344      
12.485            107040.8097       98375.88974      
12.49             105081.7057       97418.02278      
12.495            103122.2492       96464.25524      
12.5              101162.4194       95514.85517      
12.505            99202.19312       94569.83671      
12.51             97241.54486       93628.70454      
12.515            95280.44676       92691.19367      
12.52             93318.86964       91757.16095      
12.525            91356.78238       90826.53834      
12.53             89394.15213       89899.07431      
12.535            87430.9445        88974.50561      
12.54             85467.12343       88052.57493      
12.545            83502.65125       87133.0887       
12.55             81537.48848       86215.81768      
12.555            79571.59374       85300.51869      
12.56             77604.92351       84386.92979      
12.565            75637.4318        83474.81111      
12.57             73669.07002       82563.92258      
12.575            71699.78657       81654.02781      
12.58             69729.52652       80744.88405      
12.585            67758.23187       79836.25793      
12.59             65785.84005       78927.92213      
12.595            63812.28456       78019.65957      
12.6              61837.49478       77111.25838      
12.605            59861.39585       76202.51686      
12.61             57883.90873       75293.24361      
12.615            55904.95059       74383.26065      
12.62             53924.43549       73472.40172      
12.625            51942.27522       72560.51319      
12.63             49958.3805        71647.4533       
12.635            47972.66255       70733.09343      
12.64             45985.03506       69817.31797      
12.645            43995.41653       68900.02517      
12.65             42003.73308       67981.12696      
12.655            40009.92152       67060.54926      
12.66             38013.93289       66138.23141      
12.665            36015.73612       65214.12594      
12.67             34015.32275       64288.19895      
12.675            32012.70939       63360.42682      
12.68             30007.94232       62430.7964       
12.685            28001.10216       61499.30598      
12.69             25992.30678       60565.96385      
12.695            23981.71431       59630.7876       
12.7              21969.52662       58693.80684      
12.705            19955.99258       57755.06177      
12.71             17941.40621       56814.59818      
12.715            15926.11143       55872.46976      
12.715            15926.11143       55872.46976      
12.72             13910.49668       54749.9716       
12.725            11894.99869       53756.01661      
12.725            11894.99869       53756.01661      
12.73             9880.096578       52802.70492      
12.73             9880.096578       52802.70492      
12.735            7866.313089       51689.75992      
12.735            7866.313089       51689.75992      
12.74             5854.209116       50691.76188      
12.74             5854.209116       50691.76188      
12.745            3844.378865       49739.22396      
12.745            3844.378865       49739.22396      
12.75             1837.448853       48791.78387      
12.75             1837.448853       48791.78387      
12.755            -165.9303569      47830.84146      
12.755            -165.9303569      47830.84146      
12.76             -2165.085959      46874.55292      
12.76             -2165.085959      46874.55292      
12.765            -4159.330197      45915.03671      
12.765            -4159.330197      45915.03671      
12.77             -6147.964397      44957.45797      
12.77             -6147.964397      44957.45797      
12.775            -8130.286226      43996.61924      
12.775            -8130.286226      43996.61924      
12.78             -10105.59415      43036.78722      
12.78             -10105.59415      43036.78722      
12.785            -12073.19332      42075.28056      
12.785            -12073.19332      42075.28056      
12.79             -14032.40169      41114.20819      
12.79             -14032.40169      41114.20819      
12.795            -15982.55546      40151.88589      
12.795            -15982.55546      40151.88589      
12.8              -17923.01422      39189.7028       
12.8              -17923.01422      39189.7028       
12.805            -19853.16627      38226.74216      
12.805            -19853.16627      38226.74216      
12.81             -21772.43234      37263.81971      
12.81             -21772.43234      37263.81971      
12.815            -23680.2681       36300.37778      
12.815            -23680.2681       36300.37778      
12.82             -25576.16345      35336.92909      
12.82             -25576.16345      35336.92909      
12.825            -27459.63842      34373.15708      
12.825            -27459.63842      34373.15708      
12.83             -29330.23447      33409.37931      
12.83             -29330.23447      33409.37931      
12.835            -31187.5005       32445.4126       
12.835            -31187.5005       32445.4126       
12.84             -33030.97347      31481.4652       
12.84             -33030.97347      31481.4652       
12.845            -34860.15388      30517.43977      
12.845            -34860.15388      30517.43977      
12.85             -36674.47747      29553.46964      
12.85             -36674.47747      29553.46964      
12.855            -38473.2853       28589.5006       
12.855            -38473.2853       28589.5006       
12.86             -40255.79538      27625.62406      
12.86             -40255.79538      27625.62406      
12.865            -42021.07942      26661.81265      
12.865            -42021.07942      26661.81265      
12.87             -43768.04872      25698.12789      
12.87             -43768.04872      25698.12789      
12.875            -45495.45272      24734.56077      
12.875            -45495.45272      24734.56077      
12.88             -47201.89283      23771.15369      
12.88             -47201.89283      23771.15369      
12.885            -48885.8521       22807.90171      
12.885            -48885.8521       22807.90171      
12.89             -50545.74063      21844.83126      
12.89             -50545.74063      21844.83126      
12.895            -52179.9526       20881.93909      
12.895            -52179.9526       20881.93909      
12.9              -53786.92987      19919.24605      
12.9              -53786.92987      19919.24605      
12.905            -55365.22731      18956.75287      
12.905            -55365.22731      18956.75287      
12.91             -56913.56991      17994.46989      
12.91             -56913.56991      17994.46989      
12.915            -58430.89817      17032.39482      
12.915            -58430.89817      17032.39482      
12.92             -59916.39575      16070.53292      
12.92             -59916.39575      16070.53292      
12.925            -61369.49578      15108.88001      
12.925            -61369.49578      15108.88001      
12.93             -62789.87165      14147.42943      
12.93             -62789.87165      14147.42943      
12.935            -64177.3944       13186.18554      
12.935            -64177.3944       13186.18554      
12.94             -65532.10849      12225.13383      
12.94             -65532.10849      12225.13383      
12.945            -66854.16467      11264.28103      
12.945            -66854.16467      11264.28103      
12.95             -68143.77722      10303.61492      
12.95             -68143.77722      10303.61492      
12.955            -69401.18435      9343.127135      
12.955            -69401.18435      9343.127135      
12.96             -70626.61578      8382.802961      
12.96             -70626.61578      8382.802961      
12.965            -71820.2689       7422.638598      
12.965            -71820.2689       7422.638598      
12.97             -72982.31028      6462.584067      
12.97             -72982.31028      6462.584067      
12.975            -74112.85684      5502.634707      
12.975            -74112.85684      5502.634707      
12.98             -75211.98556      4542.794766      
12.98             -75211.98556      4542.794766      
12.985            -76279.7625       3582.997929      
12.985            -76279.7625       3582.997929      
12.99             -77316.24863      2623.253612      
12.99             -77316.24863      2623.253612      
12.995            -78321.52099      1663.56231       
12.995            -78321.52099      1663.56231       
13                -79295.6817       703.9231609      
13                -79295.6817       703.9231609      
13.005            -80238.86794      -255.7234583     
13.005            -80238.86794      -255.7234583     
13.01             -81151.25273      -1215.414658     
13.01             -81151.25273      -1215.414658     
13.015            -82033.04667      -2175.11571      
13.015            -82033.04667      -2175.11571      
13.02             -82884.50418      -3134.868226     
13.02             -82884.50418      -3134.868226     
13.025            -83705.92071      -4094.721816     
13.025            -83705.92071      -4094.721816     
13.03             -84497.6314       -5054.699502     
13.03             -84497.6314       -5054.699502     
13.035            -85260.0089       -6014.809546     
13.035            -85260.0089       -6014.809546     
13.04             -85993.46237      -6975.072097     
13.04             -85993.46237      -6975.072097     
13.045            -86698.43561      -7935.516676     
13.045            -86698.43561      -7935.516676     
13.05             -87375.40494      -8896.166439     
13.05             -87375.40494      -8896.166439     
13.055            -88024.87698      -9857.039705     
13.055            -88024.87698      -9857.039705     
13.06             -88647.38624      -10818.15845     
13.06             -88647.38624      -10818.15845     
13.065            -89243.49252      -11779.54852     
13.065            -89243.49252      -11779.54852     
13.07             -89813.77985      -12741.24        
13.07             -89813.77985      -12741.24        
13.075            -90358.85397      -13703.26282     
13.075            -90358.85397      -13703.26282     
13.08             -90879.34049      -14665.64256     
13.08             -90879.34049      -14665.64256     
13.085            -91375.88236      -15628.40402     
13.085            -91375.88236      -15628.40402     
13.09             -91849.13778      -16591.57657     
13.09             -91849.13778      -16591.57657     
13.095            -92299.77849      -17555.18471     
13.095            -92299.77849      -17555.18471     
13.1              -92728.48901      -18519.25561     
13.1              -92728.48901      -18519.25561     
13.105            -93135.96584      -19483.81579     
13.105            -93135.96584      -19483.81579     
13.11             -93522.91767      -20448.88751     
13.11             -93522.91767      -20448.88751     
13.115            -93890.06648      -21414.49118     
13.115            -93890.06648      -21414.49118     
13.12             -94238.14963      -22380.64497     
13.12             -94238.14963      -22380.64497     
13.125            -94567.923        -23347.35836     
13.125            -94567.923        -23347.35836     
13.13             -94880.16397      -24314.7629      
13.13             -94880.16397      -24314.7629      
13.135            -95175.68207      -25282.66561     
13.135            -95175.68207      -25282.66561     
13.14             -95455.32217      -26251.06786     
13.14             -95455.32217      -26251.06786     
13.145            -95719.96948      -27220.03942     
13.145            -95719.96948      -27220.03942     
13.15             -95970.55591      -28189.55293     
13.15             -95970.55591      -28189.55293     
13.155            -96208.06262      -29159.54784     
13.155            -96208.06262      -29159.54784     
13.16             -96433.51866      -30129.93855     
13.16             -96433.51866      -30129.93855     
13.165            -96647.99386      -31100.64344     
13.165            -96647.99386      -31100.64344     
13.17             -96852.58448      -32071.56824     
13.17             -96852.58448      -32071.56824     
13.175            -97048.39056      -33042.58389     
13.175            -97048.39056      -33042.58389     
13.18             -97236.48453      -34013.54226     
13.18             -97236.48453      -34013.54226     
13.185            -97417.8721       -34984.26762     
13.185            -97417.8721       -34984.26762     
13.19             -97593.44674      -35954.56808     
13.19             -97593.44674      -35954.56808     
13.195            -97763.94293      -36924.21109     
13.195            -97763.94293      -36924.21109     
13.2              -97929.89208      -37892.92778     
13.2              -97929.89208      -37892.92778     
13.205            -98091.58588      -38860.42061     
13.205            -98091.58588      -38860.42061     
13.21             -98249.05341      -39826.31738     
13.21             -98249.05341      -39826.31738     
13.215            -98402.05658      -40790.37061     
13.215            -98402.05658      -40790.37061     
13.22             -98550.10734      -41752.17944     
13.22             -98550.10734      -41752.17944     
13.225            -98692.50712      -42711.27053     
13.225            -98692.50712      -42711.27053     
13.23             -98828.40775      -43667.20303     
13.23             -98828.40775      -43667.20303     
13.235            -98956.89017      -44619.52581     
13.235            -98956.89017      -44619.52581     
13.24             -99077.05178      -45567.75306     
13.24             -99077.05178      -45567.75306     
13.245            -99188.09213      -46511.37054     
13.245            -99188.09213      -46511.37054     
13.25             -99289.38785      -47449.85226     
13.25             -99289.38785      -47449.85226     
13.255            -99380.54929      -48382.66081     
13.255            -99380.54929      -48382.66081     
13.26             -99461.45307      -49309.24408     
13.26             -99461.45307      -49309.24408     
13.265            -99532.24799      -50229.03583     
13.265            -99532.24799      -50229.03583     
13.27             -99593.33444      -51141.4653      
13.27             -99593.33444      -51141.4653      
13.275            -99645.32169      -52045.96125     
13.275            -99645.32169      -52045.96125     
13.28             -99688.96966      -52941.95686     
13.28             -99688.96966      -52941.95686     
13.285            -99725.1239       -53828.88683     
13.285            -99725.1239       -53828.88683     
13.29             -99754.65203      -54706.19132     
13.29             -99754.65203      -54706.19132     
13.295            -99778.38867      -55573.31888     
13.295            -99778.38867      -55573.31888     
13.3              -99797.09439      -56429.73008     
13.3              -99797.09439      -56429.73008     
13.305            -99811.43051      -57274.88775     
13.305            -99811.43051      -57274.88775     
13.31             -99821.94837      -58108.27994     
13.31             -99821.94837      -58108.27994     
13.315            -99829.09139      -58929.36569     
13.315            -99829.09139      -58929.36569     
13.32             -99833.20677      -59737.63605     
13.32             -99833.20677      -59737.63605     
13.325            -99834.56265      -60532.62719     
13.325            -99834.56265      -60532.62719     
13.33             -99833.36687      -61313.86019     
13.33             -99833.36687      -61313.86019     
13.335            -99829.78431      -62080.85047     
13.335            -99829.78431      -62080.85047     
13.34             -99823.9513       -62833.12381     
13.34             -99823.9513       -62833.12381     
13.345            -99815.98614      -63570.19536     
13.345            -99815.98614      -63570.19536     
13.35             -99805.99629      -64291.63154     
13.35             -99805.99629      -64291.63154     
13.355            -99794.08238      -64996.96975     
13.355            -99794.08238      -64996.96975     
13.36             -99780.34022      -65685.69471     
13.36             -99780.34022      -65685.69471     
13.365            -99764.86158      -66357.27914     
13.365            -99764.86158      -66357.27914     
13.37             -99747.73409      -67011.21482     
13.37             -99747.73409      -67011.21482     
13.375            -99729.04103      -67646.98348     
13.375            -99729.04103      -67646.98348     
13.38             -99708.86102      -68264.09366     
13.38             -99708.86102      -68264.09366     
13.385            -99687.26786      -68862.05708     
13.385            -99687.26786      -68862.05708     
13.39             -99664.33106      -69440.37666     
13.39             -99664.33106      -69440.37666     
13.395            -99640.11633      -69998.54123     
13.395            -99640.11633      -69998.54123     
13.4              -99614.68587      -70536.03215     
13.4              -99614.68587      -70536.03215     
13.405            -99588.09838      -71052.36135     
13.405            -99588.09838      -71052.36135     
13.41             -99560.40947      -71547.05621     
13.41             -99560.40947      -71547.05621     
13.415            -99531.67136      -72019.63369     
13.415            -99531.67136      -72019.63369     
13.42             -99501.93331      -72469.66391     
13.42             -99501.93331      -72469.66391     
13.425            -99471.24179      -72896.73984     
13.425            -99471.24179      -72896.73984     
13.43             -99439.64114      -73300.4763      
13.43             -99439.64114      -73300.4763      
13.435            -99407.17332      -73680.51279     
13.435            -99407.17332      -73680.51279     
13.44             -99373.87821      -74036.51708     
13.44             -99373.87821      -74036.51708     
13.445            -99339.79375      -74368.18799     
13.445            -99339.79375      -74368.18799     
13.45             -99304.95619      -74675.24792     
13.45             -99304.95619      -74675.24792     
13.455            -99269.39958      -74957.44563     
13.455            -99269.39958      -74957.44563     
13.46             -99233.1558       -75214.55418     
13.46             -99233.1558       -75214.55418     
13.465            -99196.25481      -75446.36963     
13.465            -99196.25481      -75446.36963     
13.47             -99158.72477      -75652.70621     
13.47             -99158.72477      -75652.70621     
13.475            -99120.59236      -75833.39623     
13.475            -99120.59236      -75833.39623     
13.48             -99081.88292      -75988.29622     
13.48             -99081.88292      -75988.29622     
13.485            -99042.62049      -76117.28085     
13.485            -99042.62049      -76117.28085     
13.49             -99002.82779      -76220.24102     
13.49             -99002.82779      -76220.24102     
13.495            -98962.52604      -76297.08904     
13.495            -98962.52604      -76297.08904     
13.5              -98921.73565      -76347.76052     
13.5              -98921.73565      -76347.76052     
13.505            -98880.47408      -76372.21428     
13.505            -98880.47408      -76372.21428     
13.51             -98838.75807      -76370.43421     
13.51             -98838.75807      -76370.43421     
13.515            -98796.60318      -76342.43245     
13.515            -98796.60318      -76342.43245     
13.52             -98754.02335      -76288.23951     
13.52             -98754.02335      -76288.23951     
13.525            -98711.03092      -76207.91615     
13.525            -98711.03092      -76207.91615     
13.53             -98667.63683      -76101.55772     
13.53             -98667.63683      -76101.55772     
13.535            -98623.85021      -75969.28282     
13.535            -98623.85021      -75969.28282     
13.54             -98579.6786       -75811.23728     
13.54             -98579.6786       -75811.23728     
13.545            -98535.1275       -75627.59371     
13.545            -98535.1275       -75627.59371     
13.55             -98490.20109      -75418.55441     
13.55             -98490.20109      -75418.55441     
13.555            -98444.90203      -75184.35278     
13.555            -98444.90203      -75184.35278     
13.56             -98399.23027      -74925.25053     
13.56             -98399.23027      -74925.25053     
13.565            -98353.18368      -74641.53183     
13.565            -98353.18368      -74641.53183     
13.57             -98306.75799      -74333.50195     
13.57             -98306.75799      -74333.50195     
13.575            -98259.94635      -74001.48882     
13.575            -98259.94635      -74001.48882     
13.58             -98212.73918      -73645.843       
13.58             -98212.73918      -73645.843       
13.585            -98165.12374      -73266.93583     
13.585            -98165.12374      -73266.93583     
13.59             -98117.08378      -72865.15818     
13.59             -98117.08378      -72865.15818     
13.595            -98068.59859      -72440.91969     
13.595            -98068.59859      -72440.91969     
13.6              -98019.64431      -71994.64403     
13.6              -98019.64431      -71994.64403     
13.605            -97970.19117      -71526.77345     
13.605            -97970.19117      -71526.77345     
13.61             -97920.20345      -71037.76319     
13.61             -97920.20345      -71037.76319     
13.615            -97869.63925      -70528.08172     
13.615            -97869.63925      -70528.08172     
13.62             -97818.44943      -69998.20899     
13.62             -97818.44943      -69998.20899     
13.625            -97766.57675      -69448.63767     
13.625            -97766.57675      -69448.63767     
13.63             -97713.9549       -68879.873       
13.63             -97713.9549       -68879.873       
13.635            -97660.50751      -68292.43285     
13.635            -97660.50751      -68292.43285     
13.64             -97606.14712      -67686.84684     
13.64             -97606.14712      -67686.84684     
13.645            -97550.77409      -67063.65299     
13.645            -97550.77409      -67063.65299     
13.65             -97494.27544      -66423.39592     
13.65             -97494.27544      -66423.39592     
13.655            -97436.52374      -65766.62481     
13.655            -97436.52374      -65766.62481     
13.66             -97377.37604      -65093.89585     
13.66             -97377.37604      -65093.89585     
13.665            -97316.67287      -64405.76661     
13.665            -97316.67287      -64405.76661     
13.67             -97254.23714      -63702.79315     
13.67             -97254.23714      -63702.79315     
13.675            -97189.87307      -62985.52886     
13.675            -97189.87307      -62985.52886     
13.68             -97123.36544      -62254.52222     
13.68             -97123.36544      -62254.52222     
13.685            -97054.47909      -61510.30975     
13.685            -97054.47909      -61510.30975     
13.69             -96982.95752      -60753.42173     
13.69             -96982.95752      -60753.42173     
13.695            -96908.52597      -59984.35391     
13.695            -96908.52597      -59984.35391     
13.7              -96830.88735      -59203.59399     
13.7              -96830.88735      -59203.59399     
13.705            -96749.72366      -58411.61888     
13.705            -96749.72366      -58411.61888     
13.71             -96664.69658      -57608.87505     
13.71             -96664.69658      -57608.87505     
13.715            -96575.44913      -56795.76608     
13.715            -96575.44913      -56795.76608     
13.72             -96481.60576      -55972.68366     
13.72             -96481.60576      -55972.68366     
13.725            -96382.77389      -55139.99348     
13.725            -96382.77389      -55139.99348     
13.73             -96278.5438       -54298.07688     
13.73             -96278.5438       -54298.07688     
13.735            -96168.49099      -53447.28599     
13.735            -96168.49099      -53447.28599     
13.74             -96052.18066      -52587.91512     
13.74             -96052.18066      -52587.91512     
13.745            -95929.16645      -51720.30355     
13.745            -95929.16645      -51720.30355     
13.75             -95798.99332      -50844.76015     
13.75             -95798.99332      -50844.76015     
13.755            -95661.20043      -49961.60198     
13.755            -95661.20043      -49961.60198     
13.76             -95515.32333      -49071.15768     
13.76             -95515.32333      -49071.15768     
13.765            -95360.89643      -48173.74849     
13.765            -95360.89643      -48173.74849     
13.77             -95197.45563      -47269.7079      
13.77             -95197.45563      -47269.7079      
13.775            -95024.53981      -46359.38895     
13.775            -95024.53981      -46359.38895     
13.78             -94841.69612      -45443.10496     
13.78             -94841.69612      -45443.10496     
13.785            -94648.48322      -44521.11026     
13.785            -94648.48322      -44521.11026     
13.79             -94444.46774      -43593.86366     
13.79             -94444.46774      -43593.86366     
13.795            -94229.23061      -42661.73572     
13.795            -94229.23061      -42661.73572     
13.8              -94002.37007      -41725.01523     
13.8              -94002.37007      -41725.01523     
13.805            -93763.50273      -40783.96829     
13.805            -93763.50273      -40783.96829     
13.81             -93512.26527      -39838.87227     
13.81             -93512.26527      -39838.87227     
13.815            -93248.31597      -38890.03575     
13.815            -93248.31597      -38890.03575     
13.82             -92971.33588      -37937.727       
13.82             -92971.33588      -37937.727       
13.825            -92681.02952      -36982.18744     
13.825            -92681.02952      -36982.18744     
13.83             -92377.12521      -36023.67361     
13.83             -92377.12521      -36023.67361     
13.835            -92059.37488      -35062.3818      
13.835            -92059.37488      -35062.3818      
13.84             -91727.55101      -34098.57073     
13.84             -91727.55101      -34098.57073     
13.845            -91381.4501       -33132.27857     
13.845            -91381.4501       -33132.27857     
13.85             -91020.89028      -32163.76154     
13.85             -91020.89028      -32163.76154     
13.855            -90645.71059      -31192.99504     
13.855            -90645.71059      -31192.99504     
13.86             -90255.76432      -30220.13065     
13.86             -90255.76432      -30220.13065     
13.865            -89850.91639      -29245.30586     
13.865            -89850.91639      -29245.30586     
13.87             -89431.04279      -28268.82192     
13.87             -89431.04279      -28268.82192     
13.875            -88996.02548      -27290.74192     
13.875            -88996.02548      -27290.74192     
13.88             -88545.74928      -26311.0298      
13.88             -88545.74928      -26311.0298      
13.885            -88080.09758      -25329.71032     
13.885            -88080.09758      -25329.71032     
13.89             -87598.95001      -24346.89053     
13.89             -87598.95001      -24346.89053     
13.895            -87102.17425      -23362.83258     
13.895            -87102.17425      -23362.83258     
13.9              -86589.62886      -22377.59342     
13.9              -86589.62886      -22377.59342     
13.905            -86061.15914      -21391.07508     
13.905            -86061.15914      -21391.07508     
13.91             -85516.59162      -20403.46404     
13.91             -85516.59162      -20403.46404     
13.915            -84955.73459      -19414.788       
13.915            -84955.73459      -19414.788       
13.92             -84378.37396      -18425.17975     
13.92             -84378.37396      -18425.17975     
13.925            -83784.27652      -17434.62148     
13.925            -83784.27652      -17434.62148     
13.93             -83173.19053      -16443.13689     
13.93             -83173.19053      -16443.13689     
13.935            -82544.83994      -15450.86506     
13.935            -82544.83994      -15450.86506     
13.94             -81898.93081      -14457.79932     
13.94             -81898.93081      -14457.79932     
13.945            -81235.15166      -13463.92814     
13.945            -81235.15166      -13463.92814     
13.95             -80553.17943      -12469.36805     
13.95             -80553.17943      -12469.36805     
13.955            -79852.68003      -11474.10825     
13.955            -79852.68003      -11474.10825     
13.96             -79133.31376      -10478.19749     
13.96             -79133.31376      -10478.19749     
13.965            -78394.73694      -9481.692035     
13.965            -78394.73694      -9481.692035     
13.97             -77636.60172      -8484.53924      
13.97             -77636.60172      -8484.53924      
13.975            -76858.56415      -7486.809182     
13.975            -76858.56415      -7486.809182     
13.98             -76060.28524      -6488.499722     
13.98             -76060.28524      -6488.499722     
13.985            -75241.4349       -5489.586998     
13.985            -75241.4349       -5489.586998     
13.99             -74401.697        -4490.134924     
13.99             -74401.697        -4490.134924     
13.995            -73540.77095      -3490.170065     
13.995            -73540.77095      -3490.170065     
14                -72658.37194      -2489.650421     
14                -72658.37194      -2489.650421     
14.005            -71754.23463      -1488.576508     
14.005            -71754.23463      -1488.576508     
14.01             -70828.11457      -486.9640502     
14.01             -70828.11457      -486.9640502     
14.015            -69879.79015      515.1877723      
14.015            -69879.79015      515.1877723      
14.02             -68909.06327      1517.884588      
14.02             -68909.06327      1517.884588      
14.025            -67915.76094      2521.136268      
14.025            -67915.76094      2521.136268      
14.03             -66899.73394      3524.965205      
14.03             -66899.73394      3524.965205      
14.035            -65860.86529      4529.368568      
14.035            -65860.86529      4529.368568      
14.04             -64799.04584      5534.321226      
14.04             -64799.04584      5534.321226      
14.045            -63714.20188      6539.884795      
14.045            -63714.20188      6539.884795      
14.05             -62606.28665      7546.073144      
14.05             -62606.28665      7546.073144      
14.055            -61475.27378      8552.881439      
14.055            -61475.27378      8552.881439      
14.06             -60321.15988      9560.332677      
14.06             -60321.15988      9560.332677      
14.065            -59143.96995      10568.44343      
14.065            -59143.96995      10568.44343      
14.07             -57943.73777      11577.25066      
14.07             -57943.73777      11577.25066      
14.075            -56720.5212       12586.79068      
14.075            -56720.5212       12586.79068      
14.08             -55474.39945      13597.09998      
14.08             -55474.39945      13597.09998      
14.085            -54205.47135      14608.20707      
14.085            -54205.47135      14608.20707      
14.09             -52913.85079      15620.13892      
14.09             -52913.85079      15620.13892      
14.095            -51599.67147      16632.91037      
14.095            -51599.67147      16632.91037      
14.1              -50263.08156      17646.54791      
14.1              -50263.08156      17646.54791      
14.105            -48904.24245      18661.08317      
14.105            -48904.24245      18661.08317      
14.11             -47523.33509      19676.55101      
14.11             -47523.33509      19676.55101      
14.115            -46120.55693      20692.99021      
14.115            -46120.55693      20692.99021      
14.12             -44696.12095      21710.44278      
14.12             -44696.12095      21710.44278      
14.125            -43250.2572       22728.94882      
14.125            -43250.2572       22728.94882      
14.13             -41783.21356      23748.54532      
14.13             -41783.21356      23748.54532      
14.135            -40295.25645      24769.2693       
14.135            -40295.25645      24769.2693       
14.14             -38786.67287      25791.16117      
14.14             -38786.67287      25791.16117      
14.145            -37257.77414      26814.25949      
14.145            -37257.77414      26814.25949      
14.15             -35708.88861      27838.60906      
14.15             -35708.88861      27838.60906      
14.155            -34140.37548      28864.25513      
14.155            -34140.37548      28864.25513      
14.16             -32552.61807      29891.23276      
14.16             -32552.61807      29891.23276      
14.165            -30946.02935      30919.56864      
14.165            -30946.02935      30919.56864      
14.17             -29321.04979      31949.29772      
14.17             -29321.04979      31949.29772      
14.175            -27678.15004      32980.4592       
14.175            -27678.15004      32980.4592       
14.18             -26017.83054      34013.09021      
14.18             -26017.83054      34013.09021      
14.185            -24340.6212       35047.22224      
14.185            -24340.6212       35047.22224      
14.19             -22647.08052      36082.88771      
14.19             -22647.08052      36082.88771      
14.195            -20937.79395      37120.1193       
14.195            -20937.79395      37120.1193       
14.2              -19213.37152      38158.946        
14.2              -19213.37152      38158.946        
14.205            -17474.44482      39199.3902       
14.205            -17474.44482      39199.3902       
14.21             -15721.66302      40241.47111      
14.21             -15721.66302      40241.47111      
14.215            -13955.68901      41285.20504      
14.215            -13955.68901      41285.20504      
14.22             -12177.19474      42330.60601      
14.22             -12177.19474      42330.60601      
14.225            -10386.85572      43377.68356      
14.225            -10386.85572      43377.68356      
14.23             -8585.346501      44426.44211      
14.23             -8585.346501      44426.44211      
14.235            -6773.334618      45476.88028      
14.235            -6773.334618      45476.88028      
14.24             -4951.475878      46528.99098      
14.24             -4951.475878      46528.99098      
14.245            -3120.409118      47582.76         
14.245            -3120.409118      47582.76         
14.25             -1280.751929      48638.16703      
14.25             -1280.751929      48638.16703      
14.255            566.9032702       49695.18305      
14.255            566.9032702       49695.18305      
14.26             2421.993314       50753.77123      
14.26             2421.993314       50753.77123      
14.265            4283.985874       51813.88527      
14.265            4283.985874       51813.88527      
14.27             6152.38278        52875.46945      
14.27             6152.38278        52875.46945      
14.275            8026.720562       53938.45706      
14.275            8026.720562       53938.45706      
14.28             9906.570861       55002.77499      
14.28             9906.570861       55002.77499      
14.285            11791.53846       56068.32987      
14.29             13681.26422       57376.00417      
14.29             13681.26422       57376.00417      
14.295            15575.41338       58496.84623      
14.3              17473.69018       59472.38329      
14.305            19375.83019       60722.62248      
14.31             21281.59363       61893.24374      
14.315            23190.7623        62909.69022      
14.32             25103.13288       63904.49808      
14.325            27018.52014       64980.15775      
14.33             28936.75809       66080.20404      
14.335            30857.69501       67153.16635      
14.34             32781.18987       68197.45968      
14.345            34707.10827       69248.89363      
14.35             36635.32303       70313.1811       
14.355            38565.71441       71378.86723      
14.36             40498.16871       72434.30741      
14.365            42432.57578       73484.31068      
14.37             44368.82879       74534.07077      
14.375            46306.82613       75584.38847      
14.38             48246.4713        76631.02294      
14.385            50187.66927       77672.7955       
14.39             52130.32961       78710.44185      
14.395            54074.36671       79745.19541      
14.4              56019.6981        80776.31821      
14.405            57966.24735       81802.99114      
14.41             59913.94048       82824.78478      
14.415            61862.71016       83841.99252      
14.42             63812.49332       84854.57642      
14.425            65763.23132       85862.3282       
14.43             67714.87118       86864.94734      
14.435            69667.36442       87862.40747      
14.44             71620.6678        88854.71399      
14.445            73574.74281       89841.87858      
14.45             75529.55578       90823.84155      
14.455            77485.0778        91800.6134       
14.46             79441.28454       92772.24379      
14.465            81398.15621       93738.82786      
14.47             83355.67734       94700.44962      
14.475            85313.83677       95657.21507      
14.48             87272.62742       96609.24725      
14.485            89232.04612       97556.7003       
14.49             91192.09348       98499.73742      
14.495            93152.77364       99438.53533      
14.5              95114.09413       100373.2787      
14.505            97076.06556       101304.167       
14.51             99038.70144       102231.4088      
14.515            101002.0179       103155.2212      
14.52             102966.0334       104075.825       
14.525            104930.7686       104993.4473      
14.53             106896.246        105908.3202      
14.535            108862.4895       106820.6802      
14.54             110829.5246       107730.7659      
14.545            112797.3777       108638.8181      
14.55             114766.0758       109545.0794      
14.555            116735.6467       110449.794       
14.56             118706.1179       111353.2066      
14.565            120677.5167       112255.5625      
14.57             122649.8698       113157.1068      
14.575            124623.2024       114058.0842      
14.58             126597.5378       114958.7389      
14.585            128572.897        115859.3132      
14.59             130549.2975       116760.0475      
14.595            132526.7532       117661.1793      
14.6              134505.2732       118562.9428      
14.605            136484.8609       119465.568       
14.61             138465.5135       120369.2791      
14.615            140447.2212       121274.2934      
14.62             142429.9661       122180.8197      
14.625            144413.7213       123089.0576      
14.63             146398.4503       123999.1961      
14.635            148384.106        124911.4119      
14.64             150370.63         125825.8676      
14.645            152357.9516       126742.7094      
14.65             154345.9872       127662.0665      
14.655            156334.6402       128584.0495      
14.66             158323.8004       129508.749       
14.665            160313.3439       130436.2343      
14.67             162303.1344       131366.5522      
14.675            164293.0232       132299.7267      
14.68             166282.8526       133235.7595      
14.685            168272.4576       134174.6285      
14.69             170261.6707       135116.2888      
14.695            172250.3268       136060.6729      
14.7              174238.2691       137007.6915      
14.705            176225.3544       137957.2341      
14.71             178211.4663       138909.1781      
14.715            180196.5135       139863.3798      
14.72             182180.4359       140819.6797      
14.725            184163.2134       141777.9142      
14.73             186144.8535       142737.9034      
14.735            188125.3818       143699.4592      
14.74             190104.8313       144662.3995      
14.745            192083.2132       145626.5423      
14.75             194060.4811       146591.7067      
14.755            196036.4947       147557.7205      
14.76             198010.969        148524.4105      
14.765            199983.4351       149491.6101      
14.77             201953.2032       150459.1637      
14.775            203919.3348       151426.9314      
14.78             205880.6341       152394.7936      
14.785            207835.6576       153362.65        
14.79             209782.7483       154330.4153      
14.795            211720.0907       155298.0159      
14.8              213645.785        156265.3882      
14.805            215557.9322       157232.4797      
14.81             217454.7211       158199.2494      
14.815            219334.5101       159165.669       
14.82             221195.891        160131.7217      
14.825            223037.7319       161097.401       
14.83             224859.1903       162062.7086      
14.835            226659.7008       163027.6522      
14.84             228438.9364       163992.2446      
14.845            230196.7528       164956.5023      
14.85             231933.1233       165920.4449      
14.855            233648.0714       166884.0935      
14.86             235341.6124       167847.4703      
14.865            237013.7061       168810.5972      
14.87             238664.2267       169773.4957      
14.875            240292.9485       170736.1859      
14.88             241899.5488       171698.6874      
14.885            243483.6178       172661.0158      
14.89             245044.69         173623.1924      
14.895            246582.2539       174585.231       
14.9              248095.7717       175547.1414      
14.905            249584.7063       176508.9384      
14.91             251048.5273       177470.6298      
14.915            252486.7245       178432.2201      
14.92             253898.8222       179393.7173      
14.925            255284.3787       180355.1287      
14.93             256642.987        181316.4613      
14.935            257974.2749       182277.7223      
14.94             259277.9129       183238.9244      
14.945            260553.6052       184200.0726      
14.95             261801.0962       185161.1715      
14.955            263020.1684       186122.2237      
14.96             264210.6464       187083.2325      
14.965            265372.3956       188044.2021      
14.97             266505.3189       189005.1382      
14.975            267609.3602       189966.0554      
14.98             268684.5015       190926.9713      
14.985            269730.7641       191887.9034      
14.99             270748.2059       192848.8612      
14.995            271736.9223       193809.8473      
15                272697.0446       194770.8659      
15.005            273628.7391       195731.9269      
15.01             274532.2063       196693.0476      
15.015            275407.6784       197654.2451      
15.02             276255.4205       198615.5299      
15.025            277075.7274       199576.9041      
15.03             277868.9235       200538.3705      
15.035            278635.3604       201499.9383      
15.04             279375.4162       202461.6216      
15.045            280089.4946       203423.4328      
15.05             280778.0243       204385.3783      
15.055            281441.4566       205347.4596      
15.06             282080.2646       206309.6758      
15.065            282694.941        207272.0257      
15.07             283285.9971       208234.5057      
15.075            283853.9615       209197.1082      
15.08             284399.3789       210159.8208      
15.085            284922.8076       211122.6271      
15.09             285424.8189       212085.5054      
15.095            285905.9943       213048.4293      
15.1              286366.9242       214011.3658      
15.105            286808.2057       214974.2749      
15.11             287230.4404       215937.1094      
15.115            287634.2328       216899.8139      
15.12             288020.1887       217862.3244      
15.125            288388.9145       218824.5674      
15.13             288741.0145       219786.4592      
15.135            289077.0875       220747.9053      
15.14             289397.7226       221708.7995      
15.145            289703.4973       222669.0235      
15.15             289994.9765       223628.446       
15.155            290272.7147       224586.9236      
15.16             290537.2481       225544.2963      
15.165            290789.1001       226500.3921      
15.17             291028.7759       227455.0251      
15.175            291256.7605       228407.9952      
15.18             291473.5189       229359.0915      
15.185            291679.4952       230308.0903      
15.19             291875.1124       231254.7552      
15.195            292060.772        232198.8358      
15.2              292236.854        233140.0696      
15.205            292403.7178       234078.1839      
15.21             292561.7023       235012.899       
15.215            292711.1272       235943.9289      
15.215            292711.1272       235943.9289      
15.22             292852.2933       237092.5581      
15.225            292985.4853       238075.6179      
15.225            292985.4853       238075.6179      
15.23             293110.9715       238998.6284      
15.23             293110.9715       238998.6284      
15.235            293229.0051       240110.6952      
15.235            293229.0051       240110.6952      
15.24             293339.8276       241074.9238      
15.24             293339.8276       241074.9238      
15.245            293443.6687       241976.4608      
15.245            293443.6687       241976.4608      
15.25             293540.7479       242864.4522      
15.25             293540.7479       242864.4522      
15.255            293631.2768       243761.5512      
15.255            293631.2768       243761.5512      
15.26             293715.461        244645.0772      
15.26             293715.461        244645.0772      
15.265            293793.499        245524.3979      
15.265            293793.499        245524.3979      
15.27             293865.5841       246392.7587      
15.27             293865.5841       246392.7587      
15.275            293931.9082       247256.186       
15.275            293931.9082       247256.186       
15.28             293992.661        248109.0049      
15.28             293992.661        248109.0049      
15.285            294048.0309       248954.0862      
15.285            294048.0309       248954.0862      
15.29             294098.2042       249788.3718      
15.29             294098.2042       249788.3718      
15.295            294143.3683       250613.4676      
15.295            294143.3683       250613.4676      
15.3              294183.7108       251427.1727      
15.3              294183.7108       251427.1727      
15.305            294219.4187       252230.1336      
15.305            294219.4187       252230.1336      
15.31             294250.6784       253020.8655      
15.31             294250.6784       253020.8655      
15.315            294277.6741       253799.5772      
15.315            294277.6741       253799.5772      
15.32             294300.5897       254565.1597      
15.32             294300.5897       254565.1597      
15.325            294319.6084       255317.5371      
15.325            294319.6084       255317.5371      
15.33             294334.911        256055.8659      
15.33             294334.911        256055.8659      
15.335            294346.6763       256779.9405      
15.335            294346.6763       256779.9405      
15.34             294355.0797       257489.0913      
15.34             294355.0797       257489.0913      
15.345            294360.2927       258183.0438      
15.345            294360.2927       258183.0438      
15.35             294362.4827       258861.2473      
15.35             294362.4827       258861.2473      
15.355            294361.8122       259523.3961      
15.355            294361.8122       259523.3961      
15.36             294358.4383       260169.0162      
15.36             294358.4383       260169.0162      
15.365            294352.5121       260797.7851      
15.365            294352.5121       260797.7851      
15.37             294344.1787       261409.277       
15.37             294344.1787       261409.277       
15.375            294333.5766       262003.1571      
15.375            294333.5766       262003.1571      
15.38             294320.8373       262579.0234      
15.38             294320.8373       262579.0234      
15.385            294306.0861       263136.5274      
15.385            294306.0861       263136.5274      
15.39             294289.4409       263675.2776      
15.39             294289.4409       263675.2776      
15.395            294271.0136       264194.9157      
15.395            294271.0136       264194.9157      
15.4              294250.909        264695.0579      
15.4              294250.909        264695.0579      
15.405            294229.2256       265175.3449      
15.405            294229.2256       265175.3449      
15.41             294206.0555       265635.4018      
15.41             294206.0555       265635.4018      
15.415            294181.4841       266074.8745      
15.415            294181.4841       266074.8745      
15.42             294155.5903       266493.4097      
15.42             294155.5903       266493.4097      
15.425            294128.4474       266890.6716      
15.425            294128.4474       266890.6716      
15.43             294100.1229       267266.3316      
15.43             294100.1229       267266.3316      
15.435            294070.6796       267620.0792      
15.435            294070.6796       267620.0792      
15.44             294040.1759       267951.6184      
15.44             294040.1759       267951.6184      
15.445            294008.6655       268260.6738      
15.445            294008.6655       268260.6738      
15.45             293976.1981       268546.9877      
15.45             293976.1981       268546.9877      
15.455            293942.8188       268810.3217      
15.455            293942.8188       268810.3217      
15.46             293908.5686       269050.4554      
15.46             293908.5686       269050.4554      
15.465            293873.484        269267.1922      
15.465            293873.484        269267.1922      
15.47             293837.5963       269460.3552      
15.47             293837.5963       269460.3552      
15.475            293800.936        269629.7912      
15.475            293800.936        269629.7912      
15.48             293763.531        269775.3666      
15.48             293763.531        269775.3666      
15.485            293725.4056       269896.9734      
15.485            293725.4056       269896.9734      
15.49             293686.5815       269994.5247      
15.49             293686.5815       269994.5247      
15.495            293647.0776       270067.9554      
15.495            293647.0776       270067.9554      
15.5              293606.9109       270117.2248      
15.5              293606.9109       270117.2248      
15.505            293566.0928       270142.3081      
15.505            293566.0928       270142.3081      
15.51             293524.6331       270143.1993      
15.51             293524.6331       270143.1993      
15.515            293482.5395       270119.9152      
15.515            293482.5395       270119.9152      
15.52             293439.8167       270072.4913      
15.52             293439.8167       270072.4913      
15.525            293396.466        270000.9923      
15.525            293396.466        270000.9923      
15.53             293352.4855       269905.5085      
15.53             293352.4855       269905.5085      
15.535            293307.8702       269786.1445      
15.535            293307.8702       269786.1445      
15.54             293262.6114       269643.0208      
15.54             293262.6114       269643.0208      
15.545            293216.6965       269476.2817      
15.545            293216.6965       269476.2817      
15.55             293170.1097       269286.0972      
15.55             293170.1097       269286.0972      
15.555            293122.8299       269072.6578      
15.555            293122.8299       269072.6578      
15.56             293074.8321       268836.1698      
15.56             293074.8321       268836.1698      
15.565            293026.0867       268576.8726      
15.565            293026.0867       268576.8726      
15.57             292976.5588       268294.997       
15.57             292976.5588       268294.997       
15.575            292926.2079       267990.7901      
15.575            292926.2079       267990.7901      
15.58             292874.9882       267664.5295      
15.58             292874.9882       267664.5295      
15.585            292822.8483       267316.5161      
15.585            292822.8483       267316.5161      
15.59             292769.7315       266947.0648      
15.59             292769.7315       266947.0648      
15.595            292715.5746       266556.4993      
15.595            292715.5746       266556.4993      
15.6              292660.3108       266145.1562      
15.6              292660.3108       266145.1562      
15.605            292603.8708       265713.3863      
15.605            292603.8708       265713.3863      
15.61             292546.1846       265261.5552      
15.61             292546.1846       265261.5552      
15.615            292487.1857       264790.0409      
15.615            292487.1857       264790.0409      
15.62             292426.8147       264299.2322      
15.62             292426.8147       264299.2322      
15.625            292365.0258       263789.5265      
15.625            292365.0258       263789.5265      
15.63             292301.7934       263261.3272      
15.63             292301.7934       263261.3272      
15.635            292237.121        262715.0445      
15.635            292237.121        262715.0445      
15.64             292171.0498       262151.0949      
15.64             292171.0498       262151.0949      
15.645            292103.6675       261569.9019      
15.645            292103.6675       261569.9019      
15.65             292035.1154       260971.8944      
15.65             292035.1154       260971.8944      
15.655            291965.5933       260357.5053      
15.655            291965.5933       260357.5053      
15.66             291895.3583       259727.1692      
15.66             291895.3583       259727.1692      
15.665            291824.7169       259081.322       
15.665            291824.7169       259081.322       
15.67             291754.0086       258420.401       
15.67             291754.0086       258420.401       
15.675            291683.58         257744.8446      
15.675            291683.58         257744.8446      
15.68             291613.7474       257055.09        
15.68             291613.7474       257055.09        
15.685            291544.7514       256351.5715      
15.685            291544.7514       256351.5715      
15.69             291476.704        255634.7194      
15.69             291476.704        255634.7194      
15.695            291409.5347       254904.9608      
15.695            291409.5347       254904.9608      
15.7              291342.9387       254162.7203      
15.7              291342.9387       254162.7203      
15.705            291276.3366       253408.4187      
15.705            291276.3366       253408.4187      
15.71             291208.8519       252642.4721      
15.71             291208.8519       252642.4721      
15.715            291139.3099       251865.2902      
15.715            291139.3099       251865.2902      
15.72             291066.2652       251077.2758      
15.72             291066.2652       251077.2758      
15.725            290988.0558       250278.8253      
15.725            290988.0558       250278.8253      
15.73             290902.8826       249470.3285      
15.73             290902.8826       249470.3285      
15.735            290808.9087       248652.1695      
15.735            290808.9087       248652.1695      
15.74             290704.3619       247824.7243      
15.74             290704.3619       247824.7243      
15.745            290587.6418       246988.358       
15.745            290587.6418       246988.358       
15.75             290457.4185       246143.4218      
15.75             290457.4185       246143.4218      
15.755            290312.6897       245290.2634      
15.755            290312.6897       245290.2634      
15.76             290152.8243       244429.2278      
15.76             290152.8243       244429.2278      
15.765            289977.5637       243560.6563      
15.765            289977.5637       243560.6563      
15.77             289786.9865       242684.8843      
15.77             289786.9865       242684.8843      
15.775            289581.4532       241802.2304      
15.775            289581.4532       241802.2304      
15.78             289361.5309       240912.9958      
15.78             289361.5309       240912.9958      
15.785            289127.9078       240017.469       
15.785            289127.9078       240017.469       
15.79             288881.3114       239115.9326      
15.79             288881.3114       239115.9326      
15.795            288622.4378       238208.6699      
15.795            288622.4378       238208.6699      
15.8              288351.8968       237295.96        
15.8              288351.8968       237295.96        
15.805            288070.1787       236378.0737      
15.805            288070.1787       236378.0737      
15.81             287777.6375       235455.2681      
15.81             287777.6375       235455.2681      
15.815            287474.4928       234527.7864      
15.815            287474.4928       234527.7864      
15.82             287160.841        233595.8613      
15.82             287160.841        233595.8613      
15.825            286836.6741       232659.7172      
15.825            286836.6741       232659.7172      
15.83             286501.901        231719.5731      
15.83             286501.901        231719.5731      
15.835            286156.3669       230775.6391      
15.835            286156.3669       230775.6391      
15.84             285799.8708       229828.117       
15.84             285799.8708       229828.117       
15.845            285432.1788       228877.2002      
15.845            285432.1788       228877.2002      
15.85             285053.0325       227923.0719      
15.85             285053.0325       227923.0719      
15.855            284662.1539       226965.9074      
15.855            284662.1539       226965.9074      
15.86             284259.2495       226005.875       
15.86             284259.2495       226005.875       
15.865            283844.0114       225043.1331      
15.865            283844.0114       225043.1331      
15.87             283416.1192       224077.8323      
15.87             283416.1192       224077.8323      
15.875            282975.2429       223110.1178      
15.875            282975.2429       223110.1178      
15.88             282521.0441       222140.1237      
15.88             282521.0441       222140.1237      
15.885            282053.1783       221167.9768      
15.885            282053.1783       221167.9768      
15.89             281571.2955       220193.8009      
15.89             281571.2955       220193.8009      
15.895            281075.0489       219217.7049      
15.895            281075.0489       219217.7049      
15.9              280564.089        218239.8009      
15.9              280564.089        218239.8009      
15.905            280038.0672       217260.1916      
15.905            280038.0672       217260.1916      
15.91             279496.6398       216278.9715      
15.91             279496.6398       216278.9715      
15.915            278939.4679       215296.2237      
15.915            278939.4679       215296.2237      
15.92             278366.2184       214312.0241      
15.92             278366.2184       214312.0241      
15.925            277776.5645       213326.4452      
15.925            277776.5645       213326.4452      
15.93             277170.1868       212339.5596      
15.93             277170.1868       212339.5596      
15.935            276546.7733       211351.4384      
15.935            276546.7733       211351.4384      
15.94             275906.0195       210362.1466      
15.94             275906.0195       210362.1466      
15.945            275247.6289       209371.7383      
15.945            275247.6289       209371.7383      
15.95             274571.3126       208380.2638      
15.95             274571.3126       208380.2638      
15.955            273876.7904       207387.7652      
15.955            273876.7904       207387.7652      
15.96             273163.7896       206394.2849      
15.96             273163.7896       206394.2849      
15.965            272432.0459       205399.8587      
15.965            272432.0459       205399.8587      
15.97             271681.3037       204404.523       
15.97             271681.3037       204404.523       
15.975            270911.3153       203408.3085      
15.975            270911.3153       203408.3085      
15.98             270121.843        202411.2409      
15.98             270121.843        202411.2409      
15.985            269312.6572       201413.3441      
15.985            269312.6572       201413.3441      
15.99             268483.5381       200414.6386      
15.99             268483.5381       200414.6386      
15.995            267634.2788       199415.1373      
15.995            267634.2788       199415.1373      
16                266764.6819       198414.8569      
16                266764.6819       198414.8569      
16.005            265874.5597       197413.8124      
16.005            265874.5597       197413.8124      
16.01             264963.735        196412.0125      
16.01             264963.735        196412.0125      
16.015            264032.0418       195409.4599      
16.015            264032.0418       195409.4599      
16.02             263079.3261       194406.1539      
16.02             263079.3261       194406.1539      
16.025            262105.4525       193402.0902      
16.025            262105.4525       193402.0902      
16.03             261110.2994       192397.2672      
16.03             261110.2994       192397.2672      
16.035            260093.7653       191391.6896      
16.035            260093.7653       191391.6896      
16.04             259055.7611       190385.3577      
16.04             259055.7611       190385.3577      
16.045            257996.2095       189378.2622      
16.045            257996.2095       189378.2622      
16.05             256915.055        188370.3889      
16.05             256915.055        188370.3889      
16.055            255812.2548       187361.7113      
16.055            255812.2548       187361.7113      
16.06             254687.7891       186352.209       
16.06             254687.7891       186352.209       
16.065            253541.6543       185341.8627      
16.065            253541.6543       185341.8627      
16.07             252373.8645       184330.6538      
16.07             252373.8645       184330.6538      
16.075            251184.4529       183318.5592      
16.075            251184.4529       183318.5592      
16.08             249973.4727       182305.5519      
16.08             249973.4727       182305.5519      
16.085            248740.9994       181291.6155      
16.085            248740.9994       181291.6155      
16.09             247487.1223       180276.6799      
16.09             247487.1223       180276.6799      
16.095            246211.9519       179260.7183      
16.095            246211.9519       179260.7183      
16.1              244915.623        178243.7104      
16.1              244915.623        178243.7104      
16.105            243598.2869       177225.6177      
16.105            243598.2869       177225.6177      
16.11             242260.1159       176206.3884      
16.11             242260.1159       176206.3884      
16.115            240901.3014       175185.9743      
16.115            240901.3014       175185.9743      
16.12             239522.0544       174164.3434      
16.12             239522.0544       174164.3434      
16.125            238122.6052       173141.4621      
16.125            238122.6052       173141.4621      
16.13             236703.2025       172117.2825      
16.13             236703.2025       172117.2825      
16.135            235264.1172       171091.7577      
16.135            235264.1172       171091.7577      
16.14             233805.6363       170064.8472      
16.14             233805.6363       170064.8472      
16.145            232328.0636       169036.5222      
16.145            232328.0636       169036.5222      
16.15             230831.7207       168006.7597      
16.15             230831.7207       168006.7597      
16.155            229316.9461       166975.5374      
16.155            229316.9461       166975.5374      
16.16             227784.0946       165942.8335      
16.16             227784.0946       165942.8335      
16.165            226233.5345       164908.6265      
16.165            226233.5345       164908.6265      
16.17             224665.652        163872.9018      
16.17             224665.652        163872.9018      
16.175            223080.8439       162835.6476      
16.175            223080.8439       162835.6476      
16.18             221479.5192       161796.8503      
16.18             221479.5192       161796.8503      
16.185            219862.0986       160756.4928      
16.185            219862.0986       160756.4928      
16.19             218229.0119       159714.5489      
16.19             218229.0119       159714.5489      
16.195            216580.7009       158670.9873      
16.195            216580.7009       158670.9873      
16.2              214917.6132       157625.7713      
16.2              214917.6132       157625.7713      
16.205            213240.2014       156578.856       
16.205            213240.2014       156578.856       
16.21             211548.9252       155530.1962      
16.21             211548.9252       155530.1962      
16.215            209844.2494       154479.7426      
16.215            209844.2494       154479.7426      
16.22             208126.6391       153427.4383      
16.22             208126.6391       153427.4383      
16.225            206396.5607       152373.2315      
16.225            206396.5607       152373.2315      
16.23             204654.477        151317.0804      
16.23             204654.477        151317.0804      
16.235            202900.8478       150258.9586      
16.235            202900.8478       150258.9586      
16.24             201136.1349       149198.8607      
16.24             201136.1349       149198.8607      
16.245            199360.7977       148136.8081      
16.245            199360.7977       148136.8081      
16.25             197575.2891       147072.8521      
16.25             197575.2891       147072.8521      
16.255            195780.053        146007.0771      
16.255            195780.053        146007.0771      
16.26             193975.525        144939.6061      
16.26             193975.525        144939.6061      
16.265            192162.1322       143870.6041      
16.265            192162.1322       143870.6041      
16.27             190340.2926       142800.2754      
16.27             190340.2926       142800.2754      
16.275            188510.4141       141728.8613      
16.275            188510.4141       141728.8613      
16.28             186672.8923       140656.6363      
16.28             186672.8923       140656.6363      
16.285            184828.1107       139583.905       
16.285            184828.1107       139583.905       
16.29             182976.4409       138510.9953      
16.29             182976.4409       138510.9953      
16.295            181118.2441       137438.2539      
16.295            181118.2441       137438.2539      
16.3              179253.8613       136366.027       
16.3              179253.8613       136366.027       
16.305            177383.6243       135294.665       
16.305            177383.6243       135294.665       
16.31             175507.8521       134224.5133      
16.31             175507.8521       134224.5133      
16.315            173626.8493       133155.8049      
16.315            173626.8493       133155.8049      
16.32             171740.9053       132089.1223      
16.32             171740.9053       132089.1223      
16.325            169850.2969       131024.6244      
16.325            169850.2969       131024.6244      
16.33             167955.2878       129962.5205      
16.33             167955.2878       129962.5205      
16.335            166056.128        128903.1022      
16.335            166056.128        128903.1022      
16.34             164153.0541       127846.6342      
16.34             164153.0541       127846.6342      
16.345            162246.2901       126793.3255      
16.345            162246.2901       126793.3255      
16.35             160336.0473       125743.3456      
16.35             160336.0473       125743.3456      
16.355            158422.5263       124696.8501      
16.355            158422.5263       124696.8501      
16.36             156505.9158       123653.9947      
16.365            154586.3934       122441.9852      
16.365            154586.3934       122441.9852      
16.37             152664.1258       121368.6298      
16.375            150739.2699       120409.6657      
16.38             148811.973        119262.4379      
16.385            146882.3731       118172.975       
16.39             144950.599        117195.4418      
16.395            143016.7714       116238.8569      
16.4              141081.0027       115230.6062      
16.405            139143.3981       114209.0716      
16.41             137204.0555       113209.9681      
16.415            135263.0657       112234.8526      
16.42             133320.5132       111258.6793      
16.425            131376.476        110277.0792      
16.43             129431.0263       109297.634       
16.435            127484.2308       108328.3286      
16.44             125536.1509       107365.6661      
16.445            123586.8426       106405.7919      
16.45             121636.3575       105447.8245      
16.455            119684.7422       104494.4518      
16.46             117732.0392       103546.2568      
16.465            115778.287        102602.4896      
16.47             113823.52         101662.0145      
16.475            111867.7688       100725.0691      
16.48             109911.0607       99791.9593       
16.485            107953.4193       98862.73599      
16.49             105994.8651       97936.94738      
16.495            104035.4159       97014.37694      
16.5              102075.0863       96094.93294      
16.505            100113.8883       95178.6016       
16.51             98151.83145       94265.18702      
16.515            96188.92267       93354.4819       
16.52             94225.16639       92446.28595      
16.525            92260.56459       91540.46306      
16.53             90295.11679       90636.84111      
16.535            88328.81992       89735.23234      
16.54             86361.66816       88835.42765      
16.545            84393.65274       87937.23757      
16.55             82424.76175       87040.47015      
16.555            80454.97986       86144.93451      
16.56             78484.28805       85250.42938      
16.565            76512.66347       84356.7574       
16.57             74540.07853       83463.72095      
16.575            72566.50185       82571.1271       
16.58             70591.89762       81678.78251      
16.585            68616.22546       80786.49818      
16.59             66639.44084       79894.08908      
16.595            64661.49545       79001.37637      
16.6              62682.33788       78108.18538      
16.605            60701.91442       77214.34709      
16.61             58720.17062       76319.69871      
16.615            56737.05234       75424.08538      
16.62             54752.50899       74527.36147      
16.625            52766.49429       73629.39046      
16.63             50778.9692        72730.04436      
16.635            48789.90734       71829.20514      
16.64             46799.29586       70926.76396      
16.645            44807.1392        70022.62115      
16.65             42813.46414       69116.68811      
16.655            40818.32402       68208.88854      
16.66             38821.80218       67299.15765      
16.665            36824.01493       66387.44142      
16.67             34825.1174        65473.69949      
16.675            32825.30521       64557.90272      
16.68             30824.81769       63640.03293      
16.685            28823.93777       62720.07954      
16.69             26822.99485       61798.03954      
16.695            24822.36488       60873.91613      
16.7              22822.47029       59947.72199      
16.705            20823.77965       59019.482        
16.71             18826.8017        58089.23109      
16.715            16832.0868        57157.01745      
16.72             14840.21794       56222.89339      
16.725            12851.81049       55286.9163       
16.73             10867.50437       54349.14533      
16.735            8887.961006       53409.64234      
16.74             6913.855834       52468.47352      
16.745            4945.873117       51525.71297      
16.75             2984.698215       50581.44035      
16.755            1031.01402        49635.74199      
16.76             -914.5060682      48688.70519      
16.76             -914.5060682      48688.70519      
16.765            -2851.206762      47560.04148      
16.77             -4778.457651      46561.47459      
16.77             -4778.457651      46561.47459      
16.775            -6695.658268      45604.97821      
16.775            -6695.658268      45604.97821      
16.78             -8602.24269       44488.25673      
16.78             -8602.24269       44488.25673      
16.785            -10497.6887       43487.61978      
16.785            -10497.6887       43487.61978      
16.79             -12381.52033      42533.10943      
16.79             -12381.52033      42533.10943      
16.795            -14253.30981      41584.12899      
16.795            -14253.30981      41584.12899      
16.8              -16112.67857      40621.93001      
16.8              -16112.67857      40621.93001      
16.805            -17959.29318      39664.79706      
16.805            -17959.29318      39664.79706      
16.81             -19792.85652      38704.78594      
16.81             -19792.85652      38704.78594      
16.815            -21613.09381      37747.09396      
16.815            -21613.09381      37747.09396      
16.82             -23419.73292      36786.46505      
16.82             -23419.73292      36786.46505      
16.825            -25212.4794       35827.1811       
16.825            -25212.4794       35827.1811       
16.83             -26990.98732      34866.52697      
16.83             -26990.98732      34866.52697      
16.835            -28754.82822      33906.6158       
16.835            -28754.82822      33906.6158       
16.84             -30503.46127      32945.73712      
16.84             -30503.46127      32945.73712      
16.845            -32236.20827      31985.27284      
16.845            -32236.20827      31985.27284      
16.85             -33952.23739      31024.27106      
16.85             -33952.23739      31024.27106      
16.855            -35650.55928      30063.52171      
16.855            -35650.55928      30063.52171      
16.86             -37330.0381       29102.43579      
16.86             -37330.0381       29102.43579      
16.865            -38989.41862      28141.50749      
16.865            -38989.41862      28141.50749      
16.87             -40627.36852      27180.3968       
16.87             -40627.36852      27180.3968       
16.875            -42242.53279      26219.39834      
16.875            -42242.53279      26219.39834      
16.88             -43833.59528      25258.30084      
16.88             -43833.59528      25258.30084      
16.885            -45399.34116      24297.2884       
16.885            -45399.34116      24297.2884       
16.89             -46938.71311      23336.23463      
16.89             -46938.71311      23336.23463      
16.895            -48450.85534      22375.25402      
16.895            -48450.85534      22375.25402      
16.9              -49935.13997      21414.26897      
16.9              -49935.13997      21414.26897      
16.905            -51391.17379      20453.34593      
16.905            -51391.17379      20453.34593      
16.91             -52818.78475      19492.43702      
16.91             -52818.78475      19492.43702      
16.915            -54217.99153      18531.58112      
16.915            -54217.99153      18531.58112      
16.92             -55588.95949      17570.74573      
16.92             -55588.95949      17570.74573      
16.925            -56931.94977      16609.95556      
16.925            -56931.94977      16609.95556      
16.93             -58247.27493      15649.19088      
16.93             -58247.27493      15649.19088      
16.935            -59535.26302      14688.45874      
16.935            -59535.26302      14688.45874      
16.94             -60796.20998      13727.7551       
16.94             -60796.20998      13727.7551       
16.945            -62030.36925      12767.07852      
16.945            -62030.36925      12767.07852      
16.95             -63237.92546      11806.42043      
16.95             -63237.92546      11806.42043      
16.955            -64418.99955      10845.7887       
16.955            -64418.99955      10845.7887       
16.96             -65573.66655      9885.184227      
16.96             -65573.66655      9885.184227      
16.965            -66701.97224      8924.599487      
16.965            -66701.97224      8924.599487      
16.97             -67803.9394       7964.026183      
16.97             -67803.9394       7964.026183      
16.975            -68879.5917       7003.435288      
16.975            -68879.5917       7003.435288      
16.98             -69928.95102      6042.838518      
16.98             -69928.95102      6042.838518      
16.985            -70952.05511      5082.235924      
16.985            -70952.05511      5082.235924      
16.99             -71948.96393      4121.616455      
16.99             -71948.96393      4121.616455      
16.995            -72919.7593       3160.995568      
16.995            -72919.7593       3160.995568      
17                -73864.55446      2200.337424      
17                -73864.55446      2200.337424      
17.005            -74783.48212      1239.695896      
17.005            -74783.48212      1239.695896      
17.01             -75676.70544      279.0396872      
17.01             -75676.70544      279.0396872      
17.015            -76544.41169      -681.6451288     
17.015            -76544.41169      -681.6451288     
17.02             -77386.81222      -1642.36071      
17.02             -77386.81222      -1642.36071      
17.025            -78204.14103      -2603.115974     
17.025            -78204.14103      -2603.115974     
17.03             -78996.6551       -3563.907044     
17.03             -78996.6551       -3563.907044     
17.035            -79764.63361      -4524.731349     
17.035            -79764.63361      -4524.731349     
17.04             -80508.3767       -5485.589484     
17.04             -80508.3767       -5485.589484     
17.045            -81228.20422      -6446.491512     
17.045            -81228.20422      -6446.491512     
17.05             -81924.45429      -7407.439032     
17.05             -81924.45429      -7407.439032     
17.055            -82597.48315      -8368.435885     
17.055            -82597.48315      -8368.435885     
17.06             -83247.66414      -9329.487362     
17.06             -83247.66414      -9329.487362     
17.065            -83875.38702      -10290.60092     
17.065            -83875.38702      -10290.60092     
17.07             -84481.05691      -11251.78728     
17.07             -84481.05691      -11251.78728     
17.075            -85065.09378      -12213.07409     
17.075            -85065.09378      -12213.07409     
17.08             -85627.92912      -13174.41102     
17.08             -85627.92912      -13174.41102     
17.085            -86170.00622      -14135.83373     
17.085            -86170.00622      -14135.83373     
17.09             -86691.77621      -15097.36022     
17.09             -86691.77621      -15097.36022     
17.095            -87193.69685      -16058.98083     
17.095            -87193.69685      -16058.98083     
17.1              -87676.23386      -17020.72085     
17.1              -87676.23386      -17020.72085     
17.105            -88139.85691      -17982.51177     
17.105            -88139.85691      -17982.51177     
17.11             -88585.04331      -18944.38639     
17.11             -88585.04331      -18944.38639     
17.115            -89012.27371      -19906.33035     
17.115            -89012.27371      -19906.33035     
17.12             -89422.03035      -20868.31044     
17.12             -89422.03035      -20868.31044     
17.125            -89814.7962       -21830.2902      
17.125            -89814.7962       -21830.2902      
17.13             -90191.05473      -22792.23059     
17.13             -90191.05473      -22792.23059     
17.135            -90551.28963      -23754.07166     
17.135            -90551.28963      -23754.07166     
17.14             -90895.98231      -24715.84934     
17.14             -90895.98231      -24715.84934     
17.145            -91225.61736      -25677.28311     
17.145            -91225.61736      -25677.28311     
17.15             -91540.67986      -26638.28587     
17.15             -91540.67986      -26638.28587     
17.155            -91841.65575      -27598.79517     
17.155            -91841.65575      -27598.79517     
17.16             -92129.03559      -28558.65795     
17.16             -92129.03559      -28558.65795     
17.165            -92403.31819      -29517.67459     
17.165            -92403.31819      -29517.67459     
17.17             -92665.01566      -30475.62558     
17.17             -92665.01566      -30475.62558     
17.175            -92914.65921      -31432.286       
17.175            -92914.65921      -31432.286       
17.18             -93152.80603      -32387.39226     
17.18             -93152.80603      -32387.39226     
17.185            -93380.04671      -33340.64965     
17.185            -93380.04671      -33340.64965     
17.19             -93597.01272      -34291.73919     
17.19             -93597.01272      -34291.73919     
17.195            -93804.38266      -35240.32664     
17.195            -93804.38266      -35240.32664     
17.2              -94002.88598      -36186.04119     
17.2              -94002.88598      -36186.04119     
17.205            -94193.30254      -37128.48635     
17.205            -94193.30254      -37128.48635     
17.21             -94376.4564       -38067.18721     
17.21             -94376.4564       -38067.18721     
17.215            -94553.20159      -39001.80188     
17.215            -94553.20159      -39001.80188     
17.22             -94724.40049      -39931.85581     
17.22             -94724.40049      -39931.85581     
17.225            -94890.89319      -40856.81677     
17.225            -94890.89319      -40856.81677     
17.23             -95053.45887      -41776.19279     
17.23             -95053.45887      -41776.19279     
17.235            -95212.77159      -42689.49781     
17.235            -95212.77159      -42689.49781     
17.24             -95369.35322      -43596.22737     
17.24             -95369.35322      -43596.22737     
17.245            -95523.52869      -44495.86585     
17.245            -95523.52869      -44495.86585     
17.25             -95675.38924      -45387.90339     
17.25             -95675.38924      -45387.90339     
17.255            -95824.76986      -46271.83659     
17.255            -95824.76986      -46271.83659     
17.26             -95971.24614      -47147.165       
17.26             -95971.24614      -47147.165       
17.265            -96114.15316      -48013.39082     
17.265            -96114.15316      -48013.39082     
17.27             -96252.62701      -48870.02866     
17.27             -96252.62701      -48870.02866     
17.275            -96385.66657      -49716.60798     
17.275            -96385.66657      -49716.60798     
17.28             -96512.21124      -50552.67554     
17.28             -96512.21124      -50552.67554     
17.285            -96631.22737      -51377.79401     
17.285            -96631.22737      -51377.79401     
17.29             -96741.79411      -52191.53961     
17.29             -96741.79411      -52191.53961     
17.295            -96843.17927      -52993.50599     
17.295            -96843.17927      -52993.50599     
17.3              -96934.89623      -53783.30396     
17.3              -96934.89623      -53783.30396     
17.305            -97016.736        -54560.57171     
17.305            -97016.736        -54560.57171     
17.31             -97088.77187      -55324.93366     
17.31             -97088.77187      -55324.93366     
17.315            -97151.33747      -56075.99657     
17.315            -97151.33747      -56075.99657     
17.32             -97204.98276      -56813.44112     
17.32             -97204.98276      -56813.44112     
17.325            -97250.41482      -57536.94678     
17.325            -97250.41482      -57536.94678     
17.33             -97288.43205      -58246.16348     
17.33             -97288.43205      -58246.16348     
17.335            -97319.85588      -58940.81114     
17.335            -97319.85588      -58940.81114     
17.34             -97345.48499      -59620.56262     
17.34             -97345.48499      -59620.56262     
17.345            -97366.04779      -60285.05745     
17.345            -97366.04779      -60285.05745     
17.35             -97382.17498      -60933.88658     
17.35             -97382.17498      -60933.88658     
17.355            -97394.39047      -61566.67432     
17.355            -97394.39047      -61566.67432     
17.36             -97403.11378      -62183.05928     
17.36             -97403.11378      -62183.05928     
17.365            -97408.67177      -62782.68241     
17.365            -97408.67177      -62782.68241     
17.37             -97411.31575      -63365.18836     
17.37             -97411.31575      -63365.18836     
17.375            -97411.23966      -63930.23176     
17.375            -97411.23966      -63930.23176     
17.38             -97408.59782      -64477.45142     
17.38             -97408.59782      -64477.45142     
17.385            -97403.519        -65006.50501     
17.385            -97403.519        -65006.50501     
17.39             -97396.11666      -65517.04522     
17.39             -97396.11666      -65517.04522     
17.395            -97386.49566      -66008.72091     
17.395            -97386.49566      -66008.72091     
17.4              -97374.75584      -66481.21541     
17.4              -97374.75584      -66481.21541     
17.405            -97360.99363      -66934.23238     
17.405            -97360.99363      -66934.23238     
17.41             -97345.30241      -67367.49374     
17.41             -97345.30241      -67367.49374     
17.415            -97327.77216      -67780.74521     
17.415            -97327.77216      -67780.74521     
17.42             -97308.48907      -68173.75174     
17.42             -97308.48907      -68173.75174     
17.425            -97287.53514      -68546.29326     
17.425            -97287.53514      -68546.29326     
17.43             -97264.98786      -68898.16959     
17.43             -97264.98786      -68898.16959     
17.435            -97240.91998      -69229.19499     
17.435            -97240.91998      -69229.19499     
17.44             -97215.39978      -69539.1888      
17.44             -97215.39978      -69539.1888      
17.445            -97188.49091      -69827.98641     
17.445            -97188.49091      -69827.98641     
17.45             -97160.25262      -70095.45155     
17.45             -97160.25262      -70095.45155     
17.455            -97130.73995      -70341.43924     
17.455            -97130.73995      -70341.43924     
17.46             -97100.00375      -70565.81005     
17.46             -97100.00375      -70565.81005     
17.465            -97068.09075      -70768.44069     
17.465            -97068.09075      -70768.44069     
17.47             -97035.04368      -70949.20735     
17.47             -97035.04368      -70949.20735     
17.475            -97000.90131      -71108.00105     
17.475            -97000.90131      -71108.00105     
17.48             -96965.69876      -71244.71231     
17.48             -96965.69876      -71244.71231     
17.485            -96929.46754      -71359.25777     
17.485            -96929.46754      -71359.25777     
17.49             -96892.23592      -71451.56326     
17.49             -96892.23592      -71451.56326     
17.495            -96854.03407      -71521.5608      
17.495            -96854.03407      -71521.5608      
17.5              -96814.87652      -71569.19858     
17.5              -96814.87652      -71569.19858     
17.505            -96774.78169      -71594.44168     
17.505            -96774.78169      -71594.44168     
17.51             -96733.76742      -71597.2727      
17.51             -96733.76742      -71597.2727      
17.515            -96691.84637      -71577.69311     
17.515            -96691.84637      -71577.69311     
17.52             -96649.02798      -71535.72128     
17.52             -96649.02798      -71535.72128     
17.525            -96605.31961      -71471.40019     
17.525            -96605.31961      -71471.40019     
17.53             -96560.7253       -71384.79033     
17.53             -96560.7253       -71384.79033     
17.535            -96515.2468       -71275.96589     
17.535            -96515.2468       -71275.96589     
17.54             -96468.88294      -71145.01852     
17.54             -96468.88294      -71145.01852     
17.545            -96421.6296       -70992.06058     
17.545            -96421.6296       -70992.06058     
17.55             -96373.47999      -70817.2202      
17.55             -96373.47999      -70817.2202      
17.555            -96324.42494      -70620.64204     
17.555            -96324.42494      -70620.64204     
17.56             -96274.4517       -70402.48904     
17.56             -96274.4517       -70402.48904     
17.565            -96223.54461      -70162.94277     
17.565            -96223.54461      -70162.94277     
17.57             -96171.68491      -69902.19939     
17.57             -96171.68491      -69902.19939     
17.575            -96118.85028      -69620.46741     
17.575            -96118.85028      -69620.46741     
17.58             -96065.01444      -69317.96795     
17.58             -96065.01444      -69317.96795     
17.585            -96010.14664      -68994.93714     
17.585            -96010.14664      -68994.93714     
17.59             -95954.21119      -68651.62558     
17.59             -95954.21119      -68651.62558     
17.595            -95897.16676      -68288.29756     
17.595            -95897.16676      -68288.29756     
17.6              -95838.96589      -67905.23004     
17.6              -95838.96589      -67905.23004     
17.605            -95779.55345      -67502.70866     
17.605            -95779.55345      -67502.70866     
17.61             -95718.86811      -67081.02603     
17.61             -95718.86811      -67081.02603     
17.615            -95656.83886      -66640.4875      
17.615            -95656.83886      -66640.4875      
17.62             -95593.38491      -66181.40638     
17.62             -95593.38491      -66181.40638     
17.625            -95528.41525      -65704.10657     
17.625            -95528.41525      -65704.10657     
17.63             -95461.82733      -65208.91571     
17.63             -95461.82733      -65208.91571     
17.635            -95393.50619      -64696.16775     
17.635            -95393.50619      -64696.16775     
17.64             -95323.32348      -64166.20446     
17.64             -95323.32348      -64166.20446     
17.645            -95251.1367       -63619.37567     
17.645            -95251.1367       -63619.37567     
17.65             -95176.78836      -63056.03736     
17.65             -95176.78836      -63056.03736     
17.655            -95100.10514      -62476.55337     
17.655            -95100.10514      -62476.55337     
17.66             -95020.89737      -61881.28745     
17.66             -95020.89737      -61881.28745     
17.665            -94938.9584       -61270.60914     
17.665            -94938.9584       -61270.60914     
17.67             -94854.06442      -60644.89438     
17.67             -94854.06442      -60644.89438     
17.675            -94765.97419      -60004.52204     
17.675            -94765.97419      -60004.52204     
17.68             -94674.42807      -59349.88072     
17.68             -94674.42807      -59349.88072     
17.685            -94579.15084      -58681.36029     
17.685            -94579.15084      -58681.36029     
17.69             -94479.85163      -57999.35476     
17.69             -94479.85163      -57999.35476     
17.695            -94376.22011      -57304.27448     
17.695            -94376.22011      -57304.27448     
17.7              -94267.9339       -56596.51791     
17.7              -94267.9339       -56596.51791     
17.705            -94154.65375      -55876.49907     
17.705            -94154.65375      -55876.49907     
17.71             -94036.03047      -55144.60968     
17.71             -94036.03047      -55144.60968     
17.715            -93911.702        -54401.25156     
17.715            -93911.702        -54401.25156     
17.72             -93781.29626      -53646.83542     
17.72             -93781.29626      -53646.83542     
17.725            -93644.43404      -52881.75835     
17.725            -93644.43404      -52881.75835     
17.73             -93500.72967      -52106.41689     
17.73             -93500.72967      -52106.41689     
17.735            -93349.79598      -51321.15408     
17.735            -93349.79598      -51321.15408     
17.74             -93191.24142      -50526.35015     
17.74             -93191.24142      -50526.35015     
17.745            -93024.67919      -49722.34029     
17.745            -93024.67919      -49722.34029     
17.75             -92849.72333      -48909.44884     
17.75             -92849.72333      -48909.44884     
17.755            -92665.99291      -48087.98224     
17.755            -92665.99291      -48087.98224     
17.76             -92473.11455      -47258.23206     
17.76             -92473.11455      -47258.23206     
17.765            -92270.72858      -46420.42308     
17.765            -92270.72858      -46420.42308     
17.77             -92058.48585      -45574.8035      
17.77             -92058.48585      -45574.8035      
17.775            -91836.05157      -44721.61218     
17.775            -91836.05157      -44721.61218     
17.78             -91603.10697      -43861.09313     
17.78             -91603.10697      -43861.09313     
17.785            -91359.35352      -42993.43109     
17.785            -91359.35352      -42993.43109     
17.79             -91104.51507      -42118.7453      
17.79             -91104.51507      -42118.7453      
17.795            -90838.33254      -41237.3542      
17.795            -90838.33254      -41237.3542      
17.8              -90560.56943      -40349.50477     
17.8              -90560.56943      -40349.50477     
17.805            -90271.01339      -39455.39152     
17.805            -90271.01339      -39455.39152     
17.81             -89969.47524      -38555.2077      
17.81             -89969.47524      -38555.2077      
17.815            -89655.78872      -37649.18239     
17.815            -89655.78872      -37649.18239     
17.82             -89329.80978      -36737.54977     
17.82             -89329.80978      -36737.54977     
17.825            -88991.41562      -35820.5825      
17.825            -88991.41562      -35820.5825      
17.83             -88640.50319      -34898.59936     
17.83             -88640.50319      -34898.59936     
17.835            -88276.98725      -33971.86501     
17.835            -88276.98725      -33971.86501     
17.84             -87900.79524      -33040.71506     
17.84             -87900.79524      -33040.71506     
17.845            -87511.86909      -32105.28246     
17.845            -87511.86909      -32105.28246     
17.85             -87110.16106      -31165.90388     
17.85             -87110.16106      -31165.90388     
17.855            -86695.63145      -30222.67135     
17.855            -86695.63145      -30222.67135     
17.86             -86268.24086      -29275.77504     
17.86             -86268.24086      -29275.77504     
17.865            -85827.94702      -28325.58537     
17.865            -85827.94702      -28325.58537     
17.87             -85374.70304      -27372.43353     
17.87             -85374.70304      -27372.43353     
17.875            -84908.45167      -26416.41199     
17.875            -84908.45167      -26416.41199     
17.88             -84429.12282      -25457.53631     
17.88             -84429.12282      -25457.53631     
17.885            -83936.63067      -24495.91127     
17.885            -83936.63067      -24495.91127     
17.89             -83430.87033      -23531.77749     
17.89             -83430.87033      -23531.77749     
17.895            -82911.71907      -22565.30151     
17.895            -82911.71907      -22565.30151     
17.9              -82379.03376      -21596.65031     
17.9              -82379.03376      -21596.65031     
17.905            -81832.649        -20625.83281     
17.905            -81832.649        -20625.83281     
17.91             -81272.3746       -19652.92608     
17.91             -81272.3746       -19652.92608     
17.915            -80697.9981       -18678.04331     
17.915            -80697.9981       -18678.04331     
17.92             -80109.28682      -17701.25291     
17.92             -80109.28682      -17701.25291     
17.925            -79505.98546      -16722.71363     
17.925            -79505.98546      -16722.71363     
17.93             -78887.82433      -15742.46574     
17.93             -78887.82433      -15742.46574     
17.935            -78254.51855      -14760.53713     
17.935            -78254.51855      -14760.53713     
17.94             -77605.77027      -13776.99619     
17.94             -77605.77027      -13776.99619     
17.945            -76941.27206      -12791.92638     
17.945            -76941.27206      -12791.92638     
17.95             -76260.70949      -11805.37278     
17.95             -76260.70949      -11805.37278     
17.955            -75563.76734      -10817.45704     
17.955            -75563.76734      -10817.45704     
17.96             -74850.12811      -9828.171675     
17.96             -74850.12811      -9828.171675     
17.965            -74119.478        -8837.582651     
17.965            -74119.478        -8837.582651     
17.97             -73371.50883      -7845.762412     
17.97             -73371.50883      -7845.762412     
17.975            -72605.91794      -6852.683536     
17.975            -72605.91794      -6852.683536     
17.98             -71822.41394      -5858.420784     
17.98             -71822.41394      -5858.420784     
17.985            -71020.71871      -4863.050287     
17.985            -71020.71871      -4863.050287     
17.99             -70200.56599      -3866.551733     
17.99             -70200.56599      -3866.551733     
17.995            -69361.70361      -2868.950513     
17.995            -69361.70361      -2868.950513     
18                -68503.89433      -1870.282192     
18                -68503.89433      -1870.282192     
18.005            -67626.91697      -870.5663149     
18.005            -67626.91697      -870.5663149     
18.01             -66730.56773      130.1782274      
18.01             -66730.56773      130.1782274      
18.015            -65814.66081      1131.93742       
18.015            -65814.66081      1131.93742       
18.02             -64879.02902      2134.701664      
18.02             -64879.02902      2134.701664      
18.025            -63923.52352      3138.455427      
18.025            -63923.52352      3138.455427      
18.03             -62948.01194      4143.211543      
18.03             -62948.01194      4143.211543      
18.035            -61952.38083      5148.945459      
18.035            -61952.38083      5148.945459      
18.04             -60936.53219      6155.65244       
18.04             -60936.53219      6155.65244       
18.045            -59900.38756      7163.346593      
18.045            -59900.38756      7163.346593      
18.05             -58843.88514      8172.028367      
18.05             -58843.88514      8172.028367      
18.055            -57766.98479      9181.689722      
18.055            -57766.98479      9181.689722      
18.06             -56669.65654      10192.34673      
18.06             -56669.65654      10192.34673      
18.065            -55551.88588      11204.01898      
18.065            -55551.88588      11204.01898      
18.07             -54413.67819      12216.72826      
18.07             -54413.67819      12216.72826      
18.075            -53255.05341      13230.49055      
18.075            -53255.05341      13230.49055      
18.08             -52076.04736      14245.31691      
18.08             -52076.04736      14245.31691      
18.085            -50876.71183      15261.20541      
18.085            -50876.71183      15261.20541      
18.09             -49657.10999      16278.16125      
18.09             -49657.10999      16278.16125      
18.095            -48417.31878      17296.20136      
18.095            -48417.31878      17296.20136      
18.1              -47157.4272       18315.34803      
18.1              -47157.4272       18315.34803      
18.105            -45877.53967      19335.62375      
18.105            -45877.53967      19335.62375      
18.11             -44577.77233      20357.04384      
18.11             -44577.77233      20357.04384      
18.115            -43258.25022      21379.62461      
18.115            -43258.25022      21379.62461      
18.12             -41919.10823      22403.38407      
18.12             -41919.10823      22403.38407      
18.125            -40560.49035      23428.33774      
18.125            -40560.49035      23428.33774      
18.13             -39182.5491       24454.5017       
18.13             -39182.5491       24454.5017       
18.135            -37785.4423       25481.89058      
18.135            -37785.4423       25481.89058      
18.14             -36369.3412       26510.52331      
18.14             -36369.3412       26510.52331      
18.145            -34934.4281       27540.41514      
18.145            -34934.4281       27540.41514      
18.15             -33480.89264      28571.57404      
18.15             -33480.89264      28571.57404      
18.155            -32008.91601      29604.01206      
18.155            -32008.91601      29604.01206      
18.16             -30518.69152      30637.73942      
18.16             -30518.69152      30637.73942      
18.165            -29010.42204      31672.75587      
18.165            -29010.42204      31672.75587      
18.17             -27484.32371      32709.05305      
18.17             -27484.32371      32709.05305      
18.175            -25940.62647      33746.62665      
18.175            -25940.62647      33746.62665      
18.18             -24379.57072      34785.48102      
18.18             -24379.57072      34785.48102      
18.185            -22801.41145      35825.61428      
18.185            -22801.41145      35825.61428      
18.19             -21206.40775      36867.02224      
18.19             -21206.40775      36867.02224      
18.195            -19594.84682      37909.69838      
18.195            -19594.84682      37909.69838      
18.2              -17967.03099      38953.63368      
18.2              -17967.03099      38953.63368      
18.205            -16323.28177      39998.80847      
18.205            -16323.28177      39998.80847      
18.21             -14663.94457      41045.19351      
18.21             -14663.94457      41045.19351      
18.215            -12989.38904      42092.75419      
18.215            -12989.38904      42092.75419      
18.22             -11300.00955      43141.45193      
18.22             -11300.00955      43141.45193      
18.225            -9596.22706       44191.245        
18.225            -9596.22706       44191.245        
18.23             -7878.487524      45242.0861       
18.23             -7878.487524      45242.0861       
18.235            -6147.262138      46293.92131      
18.235            -6147.262138      46293.92131      
18.24             -4403.046082      47346.69465      
18.24             -4403.046082      47346.69465      
18.245            -2646.356188      48400.34377      
18.245            -2646.356188      48400.34377      
18.25             -877.7238092      49454.79867      
18.25             -877.7238092      49454.79867      
18.255            902.2921787       50509.97776      
18.255            902.2921787       50509.97776      
18.26             2693.127438       51565.79195      
18.265            4494.211085       52861.10645      
18.265            4494.211085       52861.10645      
18.27             6304.969558       53970.60148      
18.275            8124.831182       54935.87494      
18.28             9953.233038       56173.34143      
18.285            11789.61579       57331.10407      
18.29             13633.44368       58335.29848      
18.295            15484.20393       59317.66157      
18.3              17341.40628       60379.93062      
18.305            19204.58517       61466.01905      
18.31             21073.30976       62524.85477      
18.315            22947.18145       63554.94965      
18.32             24825.83293       64591.91367      
18.325            26708.93033       65641.43871      
18.33             28596.17307       66692.16452      
18.335            30487.29207       67732.575        
18.34             32382.04759       68767.50892      
18.345            34280.229         69802.17899      
18.35             36181.64636       70837.40987      
18.355            38086.13584       71869.02951      
18.36             39993.5529        72895.89229      
18.365            41903.7703        73918.76411      
18.37             43816.67317       74938.90355      
18.375            45732.15918       75955.60696      
18.38             47650.13584       76968.08436      
18.385            49570.51659       77975.95379      
18.39             51493.22355       78979.47096      
18.395            53418.18435       79978.6029       
18.4              55345.32648       80973.20189      
18.405            57274.58241       81962.96915      
18.41             59205.88442       82947.86297      
18.415            61139.16871       83927.8894       
18.42             63074.37049       84903.05543      
18.425            65011.42777       85873.28533      
18.43             66950.27939       86838.56793      
18.435            68890.86589       87798.93656      
18.44             70833.12894       88754.47442      
18.445            72777.01222       89705.25067      
18.45             74722.46117       90651.34744      
18.455            76669.42362       91592.85768      
18.46             78617.84975       92529.90417      
18.465            80567.69241       93462.61967      
18.47             82518.90725       94391.14971      
18.475            84471.45291       95315.64552      
18.48             86425.29107       96236.271        
18.485            88380.38646       97153.19667      
18.49             90336.70682       98066.60021      
18.495            92294.22283       98976.66214      
18.5              94252.90794       99883.56768      
18.505            96212.73821       100787.5046      
18.51             98173.69201       101688.6633      
18.515            100135.7499       102587.2348      
18.52             102098.8941       103483.411       
18.525            104063.1085       104377.3833      
18.53             106028.3782       105269.3436      
18.535            107994.689        106159.4825      
18.54             109962.0273       107047.9901      
18.545            111930.3796       107935.0552      
18.55             113899.732        108820.8653      
18.555            115870.0699       109705.6064      
18.56             117841.3774       110589.4633      
18.565            119813.6365       111472.6191      
18.57             121786.8267       112355.2553      
18.575            123760.9244       113237.5522      
18.58             125735.9017       114119.6885      
18.585            127711.7261       115001.8411      
18.59             129688.359        115884.1856      
18.595            131665.756        116766.8961      
18.6              133643.8648       117650.1452      
18.605            135622.6253       118534.1042      
18.61             137601.9683       119418.9428      
18.615            139581.8147       120304.8286      
18.62             141562.0751       121191.9268      
18.625            143542.6489       122080.4006      
18.63             145523.4244       122970.4112      
18.635            147504.2778       123862.117       
18.64             149485.0739       124755.6733      
18.645            151465.6667       125651.2309      
18.65             153445.9003       126548.9354      
18.655            155425.6114       127448.9269      
18.66             157404.632        128351.3391      
18.665            159382.7934       129256.2986      
18.67             161359.9318       130163.9234      
18.675            163335.8942       131074.3212      
18.68             165310.5454       131987.589       
18.685            167283.7756       132903.8109      
18.69             169255.5062       133823.0569      
18.695            171225.6918       134745.3788      
18.7              173194.33         135670.8198      
18.705            175161.4572       136599.4082      
18.71             177127.1272       137531.1425      
18.715            179091.4036       138466.0029      
18.72             181054.3329       139403.9453      
18.725            183015.9126       140344.9044      
18.73             184976.0487       141288.7993      
18.735            186934.5104       142235.5358      
18.74             188890.8957       143185.012       
18.745            190844.5903       144137.1055      
18.75             192794.7327       145091.6645      
18.755            194740.2118       146048.5206      
18.76             196679.6782       147007.4892      
18.765            198611.5757       147968.3734      
18.77             200534.1962       148930.974       
18.775            202445.7496       149895.093       
18.78             204344.4588       150860.5419      
18.785            206228.6318       151827.1235      
18.79             208096.7491       152794.6409      
18.795            209947.5278       153762.9006      
18.8              211779.9628       154731.7138      
18.805            213593.3395       155700.9017      
18.81             215387.221        156670.3005      
18.815            217161.4104       157639.765       
18.82             218915.8947       158609.1658      
18.825            220650.7793       159578.3896      
18.83             222366.2212       160547.3372      
18.835            224062.3697       161515.9243      
18.84             225739.3198       162484.0822      
18.845            227397.0804       163451.7572      
18.85             229035.5617       164418.9117      
18.855            230654.5738       165385.522       
18.86             232253.8404       166351.5779      
18.865            233833.0142       167317.0789      
18.87             235391.7023       168282.0355      
18.875            236929.4819       169246.464       
18.88             238445.923        170210.3896      
18.885            239940.5985       171173.8411      
18.89             241413.0965       172136.8521      
18.895            242863.0252       173099.4584      
18.9              244290.0169       174061.6968      
18.905            245693.7305       175023.6048      
18.91             247073.8483       175985.2175      
18.915            248430.0889       176946.5764      
18.92             249762.1893       177907.7122      
18.925            251069.9211       178868.6597      
18.93             252353.0826       179829.4497      
18.935            253611.4972       180790.1058      
18.94             254845.0188       181750.6507      
18.945            256053.5299       182711.1049      
18.95             257236.9385       183671.4851      
18.955            258395.1784       184631.8081      
18.96             259528.2102       185592.0887      
18.965            260636.026        186552.3398      
18.97             261718.6526       187512.5758      
18.975            262776.1374       188472.8055      
18.98             263808.5421       189433.0329      
18.985            264815.9474       190393.2602      
18.99             265798.4604       191353.4909      
18.995            266756.2129       192313.7256      
19                267689.3581       193273.9668      
19.005            268598.0659       194234.2116      
19.01             269482.5256       195194.4546      
19.015            270342.9444       196154.688       
19.02             271179.5479       197114.9035      
19.025            271992.577        198075.0908      
19.03             272782.288        199035.2383      
19.035            273548.9526       199995.3335      
19.04             274292.8583       200955.363       
19.045            275014.3066       201915.3118      
19.05             275713.6129       202875.1602      
19.055            276391.1054       203834.8835      
19.06             277047.1241       204794.4522      
19.065            277682.0208       205753.8337      
19.07             278296.1584       206712.9916      
19.075            278889.9124       207671.8843      
19.08             279463.6712       208630.464       
19.085            280017.8344       209588.6767      
19.09             280552.81         210546.4615      
19.095            281069.0126       211503.7507      
19.1              281566.8632       212460.4685      
19.105            282046.7911       213416.53        
19.11             282509.2333       214371.8412      
19.115            282954.6336       215326.2982      
19.12             283383.4411       216279.7869      
19.125            283796.1086       217232.1821      
19.13             284193.0924       218183.3473      
19.135            284574.8511       219133.1343      
19.14             284941.8445       220081.383       
19.145            285294.5324       221027.9217      
19.15             285633.373        221972.5666      
19.155            285958.8216       222915.123       
19.16             286271.3313       223855.386       
19.165            286571.3449       224793.1372      
19.17             286859.3016       225728.1518      
19.175            287135.6342       226660.196       
19.18             287400.7658       227589.029       
19.185            287655.1093       228514.4056      
19.19             287899.0647       229436.0771      
19.195            288133.0176       230353.7883      
19.2              288357.3386       231267.2777      
19.2              288357.3386       231267.2777      
19.205            288572.3822       232398.0984      
19.21             288778.4879       233362.6844      
19.21             288778.4879       233362.6844      
19.215            288975.9781       234266.5609      
19.215            288975.9781       234266.5609      
19.22             289165.1557       235359.1509      
19.22             289165.1557       235359.1509      
19.225            289346.3072       236303.3464      
19.225            289346.3072       236303.3464      
19.23             289519.6999       237184.3871      
19.23             289519.6999       237184.3871      
19.235            289685.5827       238051.4748      
19.235            289685.5827       238051.4748      
19.24             289844.1867       238927.3058      
19.24             289844.1867       238927.3058      
19.245            289995.7256       239789.206       
19.245            289995.7256       239789.206       
19.25             290140.3976       240646.5787      
19.25             290140.3976       240646.5787      
19.255            290278.382        241492.6912      
19.255            290278.382        241492.6912      
19.26             290409.8464       242333.6094      
19.26             290409.8464       242333.6094      
19.265            290534.944        243163.6935      
19.265            290534.944        243163.6935      
19.27             290653.8143       243985.8663      
19.27             290653.8143       243985.8663      
19.275            290766.5886       244797.1258      
19.275            290766.5886       244797.1258      
19.28             290873.3905       245599.1543      
19.28             290873.3905       245599.1543      
19.285            290974.3343       246389.8376      
19.285            290974.3343       246389.8376      
19.29             291069.5279       247169.9246      
19.29             291069.5279       247169.9246      
19.295            291159.0772       247938.0407      
19.295            291159.0772       247938.0407      
19.3              291243.0856       248694.5113      
19.3              291243.0856       248694.5113      
19.305            291321.6555       249438.3503      
19.305            291321.6555       249438.3503      
19.31             291394.8898       250169.6124      
19.31             291394.8898       250169.6124      
19.315            291462.8943       250887.5906      
19.315            291462.8943       250887.5906      
19.32             291525.7756       251592.2148      
19.32             291525.7756       251592.2148      
19.325            291583.6447       252282.947       
19.325            291583.6447       252282.947       
19.33             291636.6163       252959.6405      
19.33             291636.6163       252959.6405      
19.335            291684.8099       253621.8691      
19.335            291684.8099       253621.8691      
19.34             291728.3475       254269.4485      
19.34             291728.3475       254269.4485      
19.345            291767.3572       254902.0212      
19.345            291767.3572       254902.0212      
19.35             291801.972        255519.3723      
19.35             291801.972        255519.3723      
19.355            291832.3286       256121.1744      
19.355            291832.3286       256121.1744      
19.36             291858.5674       256707.1854      
19.36             291858.5674       256707.1854      
19.365            291880.8316       257277.0923      
19.365            291880.8316       257277.0923      
19.37             291899.2668       257830.6336      
19.37             291899.2668       257830.6336      
19.375            291914.0198       258367.5021      
19.375            291914.0198       258367.5021      
19.38             291925.2384       258887.4228      
19.38             291925.2384       258887.4228      
19.385            291933.07         259390.0943      
19.385            291933.07         259390.0943      
19.39             291937.661        259875.2402      
19.39             291937.661        259875.2402      
19.395            291939.156        260342.5697      
19.395            291939.156        260342.5697      
19.4              291937.6967       260791.8126      
19.4              291937.6967       260791.8126      
19.405            291933.4216       261222.6982      
19.405            291933.4216       261222.6982      
19.41             291926.4652       261634.9709      
19.41             291926.4652       261634.9709      
19.415            291916.9573       262028.3744      
19.415            291916.9573       262028.3744      
19.42             291905.023        262402.6727      
19.42             291905.023        262402.6727      
19.425            291890.7817       262757.6424      
19.425            291890.7817       262757.6424      
19.43             291874.3468       263093.0706      
19.43             291874.3468       263093.0706      
19.435            291855.8255       263408.7547      
19.435            291855.8255       263408.7547      
19.44             291835.3179       263704.5084      
19.44             291835.3179       263704.5084      
19.445            291812.9175       263980.1583      
19.445            291812.9175       263980.1583      
19.45             291788.7112       264235.5455      
19.45             291788.7112       264235.5455      
19.455            291762.7796       264470.5197      
19.455            291762.7796       264470.5197      
19.46             291735.1968       264684.9468      
19.46             291735.1968       264684.9468      
19.465            291706.031        264878.7065      
19.465            291706.031        264878.7065      
19.47             291675.3441       265051.6949      
19.47             291675.3441       265051.6949      
19.475            291643.1922       265203.8206      
19.475            291643.1922       265203.8206      
19.48             291609.6229       265334.9996      
19.48             291609.6229       265334.9996      
19.485            291574.6814       265445.1644      
19.485            291574.6814       265445.1644      
19.49             291538.407        265534.261       
19.49             291538.407        265534.261       
19.495            291500.8329       265602.2592      
19.495            291500.8329       265602.2592      
19.5              291461.988        265649.1406      
19.5              291461.988        265649.1406      
19.505            291421.8923       265674.8913      
19.505            291421.8923       265674.8913      
19.51             291380.5629       265679.5118      
19.51             291380.5629       265679.5118      
19.515            291338.0097       265663.0159      
19.515            291338.0097       265663.0159      
19.52             291294.2387       265625.4327      
19.52             291294.2387       265625.4327      
19.525            291249.2517       265566.8012      
19.525            291249.2517       265566.8012      
19.53             291203.0445       265487.1797      
19.53             291203.0445       265487.1797      
19.535            291155.6077       265386.6455      
19.535            291155.6077       265386.6455      
19.54             291106.927        265265.2809      
19.54             291106.927        265265.2809      
19.545            291056.9846       265123.1817      
19.545            291056.9846       265123.1817      
19.55             291005.7515       264960.4554      
19.55             291005.7515       264960.4554      
19.555            290953.1959       264777.2285      
19.555            290953.1959       264777.2285      
19.56             290899.2803       264573.6364      
19.56             290899.2803       264573.6364      
19.565            290843.9594       264349.8461      
19.565            290843.9594       264349.8461      
19.57             290787.1826       264106.0165      
19.57             290787.1826       264106.0165      
19.575            290728.8928       263842.3132      
19.575            290728.8928       263842.3132      
19.58             290669.0268       263558.9171      
19.58             290669.0268       263558.9171      
19.585            290607.5172       263256.0241      
19.585            290607.5172       263256.0241      
19.59             290544.2929       262933.8437      
19.59             290544.2929       262933.8437      
19.595            290479.2825       262592.5974      
19.595            290479.2825       262592.5974      
19.6              290412.4159       262232.5166      
19.6              290412.4159       262232.5166      
19.605            290343.6311       261853.841       
19.605            290343.6311       261853.841       
19.61             290272.8795       261456.8178      
19.61             290272.8795       261456.8178      
19.615            290200.1332       261041.7054      
19.615            290200.1332       261041.7054      
19.62             290125.3936       260608.7747      
19.62             290125.3936       260608.7747      
19.625            290048.7004       260158.305       
19.625            290048.7004       260158.305       
19.63             289970.1409       259690.5813      
19.63             289970.1409       259690.5813      
19.635            289889.8581       259205.8935      
19.635            289889.8581       259205.8935      
19.64             289808.0533       258704.5358      
19.64             289808.0533       258704.5358      
19.645            289724.988        258186.8091      
19.645            289724.988        258186.8091      
19.65             289640.9763       257653.0198      
19.65             289640.9763       257653.0198      
19.655            289556.3686       257103.482       
19.655            289556.3686       257103.482       
19.66             289471.527        256538.5161      
19.66             289471.527        256538.5161      
19.665            289386.7868       255958.4481      
19.665            289386.7868       255958.4481      
19.67             289302.4126       255363.6055      
19.67             289302.4126       255363.6055      
19.675            289218.5452       254754.3152      
19.675            289218.5452       254754.3152      
19.68             289135.151        254130.9039      
19.68             289135.151        254130.9039      
19.685            289051.9655       253493.7014      
19.685            289051.9655       253493.7014      
19.69             288968.4575       252843.0419      
19.69             288968.4575       252843.0419      
19.695            288883.8052       252179.2624      
19.695            288883.8052       252179.2624      
19.7              288796.896        251502.7005      
19.7              288796.896        251502.7005      
19.705            288706.3533       250813.6906      
19.705            288706.3533       250813.6906      
19.71             288610.5899       250112.5619      
19.71             288610.5899       250112.5619      
19.715            288507.8868       249399.6401      
19.715            288507.8868       249399.6401      
19.72             288396.4936       248675.2498      
19.72             288396.4936       248675.2498      
19.725            288274.7273       247939.7144      
19.725            288274.7273       247939.7144      
19.73             288141.0855       247193.3544      
19.73             288141.0855       247193.3544      
19.735            287994.3352       246436.4876      
19.735            287994.3352       246436.4876      
19.74             287833.573        245669.4318      
19.74             287833.573        245669.4318      
19.745            287658.2638       244892.5006      
19.745            287658.2638       244892.5006      
19.75             287468.2412       244106.0006      
19.75             287468.2412       244106.0006      
19.755            287263.6769       243310.2307      
19.755            287263.6769       243310.2307      
19.76             287045.0218       242505.4874      
19.76             287045.0218       242505.4874      
19.765            286812.923        241692.0664      
19.765            286812.923        241692.0664      
19.77             286568.1428       240870.2594      
19.77             286568.1428       240870.2594      
19.775            286311.4764       240040.349       
19.775            286311.4764       240040.349       
19.78             286043.6794       239202.605       
19.78             286043.6794       239202.605       
19.785            285765.4149       238357.2906      
19.785            285765.4149       238357.2906      
19.79             285477.2181       237504.6665      
19.79             285477.2181       237504.6665      
19.795            285179.481        236644.996       
19.795            285179.481        236644.996       
19.8              284872.4582       235778.5371      
19.8              284872.4582       235778.5371      
19.805            284556.275        234905.5446      
19.805            284556.275        234905.5446      
19.81             284230.9494       234026.2638      
19.81             284230.9494       234026.2638      
19.815            283896.4158       233140.9266      
19.815            283896.4158       233140.9266      
19.82             283552.5464       232249.7584      
19.82             283552.5464       232249.7584      
19.825            283199.167        231352.9768      
19.825            283199.167        231352.9768      
19.83             282836.0726       230450.8003      
19.83             282836.0726       230450.8003      
19.835            282463.0353       229543.4443      
19.835            282463.0353       229543.4443      
19.84             282079.8116       228631.1213      
19.84             282079.8116       228631.1213      
19.845            281686.1464       227714.0371      
19.845            281686.1464       227714.0371      
19.85             281281.7746       226792.3873      
19.85             281281.7746       226792.3873      
19.855            280866.4247       225866.3611      
19.855            280866.4247       225866.3611      
19.86             280439.8185       224936.14        
19.86             280439.8185       224936.14        
19.865            280001.6746       224001.9023      
19.865            280001.6746       224001.9023      
19.87             279551.7087       223063.8188      
19.87             279551.7087       223063.8188      
19.875            279089.6367       222122.0582      
19.875            279089.6367       222122.0582      
19.88             278615.1748       221176.7781      
19.88             278615.1748       221176.7781      
19.885            278128.0423       220228.1358      
19.885            278128.0423       220228.1358      
19.89             277627.9599       219276.2758      
19.89             277627.9599       219276.2758      
19.895            277114.6518       218321.343       
19.895            277114.6518       218321.343       
19.9              276587.8455       217363.4734      
19.9              276587.8455       217363.4734      
19.905            276047.2702       216402.7955      
19.905            276047.2702       216402.7955      
19.91             275492.6675       215439.4321      
19.91             275492.6675       215439.4321      
19.915            274923.7807       214473.5058      
19.915            274923.7807       214473.5058      
19.92             274340.3569       213505.1318      
19.92             274340.3569       213505.1318      
19.925            273742.1481       212534.4177      
19.925            273742.1481       212534.4177      
19.93             273128.9094       211561.4574      
19.93             273128.9094       211561.4574      
19.935            272500.3996       210586.3455      
19.935            272500.3996       210586.3455      
19.94             271856.3808       209609.1639      
19.94             271856.3808       209609.1639      
19.945            271196.6206       208630.0025      
19.945            271196.6206       208630.0025      
19.95             270520.8908       207648.9446      
19.95             270520.8908       207648.9446      
19.955            269828.9666       206666.0697      
19.955            269828.9666       206666.0697      
19.96             269120.6242       205681.447       
19.96             269120.6242       205681.447       
19.965            268395.6424       204695.1406      
19.965            268395.6424       204695.1406      
19.97             267653.8057       203707.207       
19.97             267653.8057       203707.207       
19.975            266894.9061       202717.7016      
19.975            266894.9061       202717.7016      
19.98             266118.742        201726.6763      
19.98             266118.742        201726.6763      
19.985            265325.1169       200734.178       
19.985            265325.1169       200734.178       
19.99             264513.8398       199740.2508      
19.99             264513.8398       199740.2508      
19.995            263684.7251       198744.9348      
19.995            263684.7251       198744.9348      
20                262837.596        197748.2648      
