0.000000e+00; 9.819817e+04; -4.565514e-03; 1.003659e+05; 1.400402e-03; 1.013250e+05; -4.365573e-17
5.000000e-03; 9.794341e+04; -2.261082e-03; 9.949632e+04; 1.849117e-03; 1.013250e+05; -8.731148e-17
1.000000e-02; 9.820992e+04; -4.026071e-03; 9.954607e+04; 1.759814e-03; 1.013250e+05; -1.309672e-16
1.500000e-02; 9.800283e+04; -2.524082e-03; 9.963569e+04; 1.648514e-03; 1.013250e+05; -1.746230e-16
2.000000e-02; 9.818693e+04; -3.851924e-03; 9.971501e+04; 1.614461e-03; 1.013250e+05; -2.182787e-16
2.500000e-02; 9.802109e+04; -2.656609e-03; 9.970524e+04; 1.614461e-03; 1.013250e+05; -2.619345e-16
3.000000e-02; 9.817218e+04; -3.744421e-03; 9.971125e+04; 1.619976e-03; 1.013250e+05; -3.055901e-16
3.500000e-02; 9.803365e+04; -2.747970e-03; 9.970308e+04; 1.617397e-03; 1.013250e+05; -3.492428e-16
4.000000e-02; 9.816117e+04; -3.664555e-03; 9.971187e+04; 1.615269e-03; 1.013250e+05; -3.928268e-16
4.500000e-02; 9.804348e+04; -2.819093e-03; 9.970890e+04; 1.613852e-03; 1.013250e+05; -4.352550e-16
5.000000e-02; 9.815229e+04; -3.600433e-03; 9.971266e+04; 1.613852e-03; 1.013250e+05; -4.550033e-16
5.500000e-02; 9.805157e+04; -2.877391e-03; 9.970977e+04; 1.614277e-03; 1.013250e+05; -1.582359e-16
6.000000e-02; 9.814489e+04; -3.547122e-03; 9.971202e+04; 1.613522e-03; 1.013250e+05; 1.407461e-16
6.500000e-02; 9.805837e+04; -2.926342e-03; 9.971119e+04; 1.613162e-03; 1.013250e+05; 3.839370e-16
7.000000e-02; 9.813862e+04; -3.502042e-03; 9.971242e+04; 1.613001e-03; 1.013250e+05; 6.690985e-17
7.500000e-02; 9.806417e+04; -2.967946e-03; 9.971138e+04; 1.613412e-03; 1.013250e+05; -1.116103e-15
8.000000e-02; 9.813326e+04; -3.463586e-03; 9.971185e+04; 1.613367e-03; 1.013250e+05; -3.130294e-15
8.500000e-02; 9.806912e+04; -3.003532e-03; 9.971154e+04; 1.613236e-03; 1.013250e+05; -1.385152e-15
9.000000e-02; 9.812867e+04; -3.430626e-03; 9.971204e+04; 1.613062e-03; 1.013250e+05; -4.278509e-14
9.500000e-02; 9.807338e+04; -3.034080e-03; 9.971177e+04; 1.613151e-03; 1.013250e+05; -2.223926e-13
1.000000e-01; 9.812472e+04; -3.402299e-03; 9.971191e+04; 1.613174e-03; 1.013250e+05; -1.042796e-12
1.050000e-01; 9.807704e+04; -3.060357e-03; 9.971177e+04; 1.613161e-03; 1.013250e+05; -4.111209e-12
1.100000e-01; 9.812132e+04; -3.377918e-03; 9.971195e+04; 1.613074e-03; 1.013250e+05; -1.522652e-11
1.150000e-01; 9.808020e+04; -3.082986e-03; 9.971190e+04; 1.613062e-03; 1.013250e+05; -5.331696e-11
1.200000e-01; 9.811839e+04; -3.356911e-03; 9.971197e+04; 1.613055e-03; 1.013250e+05; -1.769792e-10
1.250000e-01; 9.808292e+04; -3.102488e-03; 9.971192e+04; 1.613056e-03; 1.013250e+05; -5.564786e-10
1.300000e-01; 9.811587e+04; -3.338803e-03; 9.971199e+04; 1.613023e-03; 1.013250e+05; -1.660067e-09
1.350000e-01; 9.808526e+04; -3.119303e-03; 9.971198e+04; 1.613003e-03; 1.013250e+05; -4.705032e-09
1.400000e-01; 9.811369e+04; -3.323188e-03; 9.971202e+04; 1.612984e-03; 1.013250e+05; -1.268544e-08
1.450000e-01; 9.808728e+04; -3.133805e-03; 9.971202e+04; 1.612976e-03; 1.013249e+05; -3.257367e-08
1.500000e-01; 9.811181e+04; -3.309719e-03; 9.971204e+04; 1.612959e-03; 1.013248e+05; -7.974875e-08
1.550000e-01; 9.808903e+04; -3.146315e-03; 9.971205e+04; 1.612944e-03; 1.013246e+05; -1.863498e-07
1.600000e-01; 9.811019e+04; -3.298100e-03; 9.971207e+04; 1.612928e-03; 1.013242e+05; -4.160160e-07
1.650000e-01; 9.809053e+04; -3.157107e-03; 9.971208e+04; 1.612917e-03; 1.013232e+05; -8.881277e-07
1.700000e-01; 9.810880e+04; -3.288076e-03; 9.971210e+04; 1.612906e-03; 1.013213e+05; -1.814755e-06
1.750000e-01; 9.809183e+04; -3.166418e-03; 9.971210e+04; 1.612895e-03; 1.013175e+05; -3.552381e-06
1.800000e-01; 9.810759e+04; -3.279427e-03; 9.971212e+04; 1.612883e-03; 1.013107e+05; -6.667356e-06
1.850000e-01; 9.809295e+04; -3.174452e-03; 9.971213e+04; 1.612872e-03; 1.012986e+05; -1.200856e-05
1.900000e-01; 9.810655e+04; -3.271965e-03; 9.971214e+04; 1.612861e-03; 1.012784e+05; -2.077313e-05
1.950000e-01; 9.809392e+04; -3.181384e-03; 9.971215e+04; 1.612852e-03; 1.012458e+05; -3.454322e-05
2.000000e-01; 9.810565e+04; -3.265526e-03; 9.971216e+04; 1.612842e-03; 1.011955e+05; -5.526620e-05
2.050000e-01; 9.809475e+04; -3.187365e-03; 9.971217e+04; 1.612834e-03; 1.011211e+05; -8.515158e-05
2.100000e-01; 9.810488e+04; -3.259970e-03; 9.971217e+04; 1.612825e-03; 1.010158e+05; -1.264687e-04
2.150000e-01; 9.809547e+04; -3.192526e-03; 9.971218e+04; 1.612815e-03; 1.008725e+05; -1.812501e-04
2.200000e-01; 9.810421e+04; -3.255176e-03; 9.971219e+04; 1.612806e-03; 1.006858e+05; -2.509330e-04
2.250000e-01; 9.809609e+04; -3.196979e-03; 9.971220e+04; 1.612797e-03; 1.004522e+05; -3.360009e-04
2.300000e-01; 9.810363e+04; -3.251039e-03; 9.971221e+04; 1.612788e-03; 1.001717e+05; -4.357032e-04
2.350000e-01; 9.809663e+04; -3.200822e-03; 9.971222e+04; 1.612780e-03; 9.984840e+04; -5.479306e-04
2.400000e-01; 9.810313e+04; -3.247470e-03; 9.971223e+04; 1.612772e-03; 9.949068e+04; -6.692977e-04
2.450000e-01; 9.809709e+04; -3.204137e-03; 9.971223e+04; 1.612765e-03; 9.911057e+04; -7.954435e-04
2.500000e-01; 9.810270e+04; -3.244390e-03; 9.971224e+04; 1.612758e-03; 9.872264e+04; -9.215046e-04
2.550000e-01; 9.809749e+04; -3.206998e-03; 9.971225e+04; 1.612751e-03; 9.834236e+04; -1.042677e-03
2.600000e-01; 9.810233e+04; -3.241732e-03; 9.971225e+04; 1.612745e-03; 9.798423e+04; -1.154756e-03
2.650000e-01; 9.809783e+04; -3.209467e-03; 9.971226e+04; 1.612739e-03; 9.766021e+04; -1.254563e-03
2.700000e-01; 9.810201e+04; -3.239438e-03; 9.971227e+04; 1.612733e-03; 9.737853e+04; -1.340174e-03
2.750000e-01; 9.809813e+04; -3.211598e-03; 9.971227e+04; 1.612727e-03; 9.714326e+04; -1.410949e-03
2.800000e-01; 9.810174e+04; -3.237460e-03; 9.971228e+04; 1.612722e-03; 9.695443e+04; -1.467379e-03
2.850000e-01; 9.809839e+04; -3.213436e-03; 9.971228e+04; 1.612716e-03; 9.680883e+04; -1.510801e-03
2.900000e-01; 9.810150e+04; -3.235752e-03; 9.971229e+04; 1.612711e-03; 9.670096e+04; -1.543076e-03
2.950000e-01; 9.809861e+04; -3.215022e-03; 9.971229e+04; 1.612706e-03; 9.662419e+04; -1.566270e-03
3.000000e-01; 9.810129e+04; -3.234279e-03; 9.971230e+04; 1.612701e-03; 9.657173e+04; -1.582404e-03
3.050000e-01; 9.809880e+04; -3.216391e-03; 9.971230e+04; 1.612696e-03; 9.653732e+04; -1.593281e-03
3.100000e-01; 9.810112e+04; -3.233007e-03; 9.971231e+04; 1.612692e-03; 9.651566e+04; -1.600399e-03
3.150000e-01; 9.809896e+04; -3.217572e-03; 9.971231e+04; 1.612687e-03; 9.650259e+04; -1.604929e-03
3.200000e-01; 9.810096e+04; -3.231910e-03; 9.971232e+04; 1.612683e-03; 9.649505e+04; -1.607740e-03
3.250000e-01; 9.809911e+04; -3.218590e-03; 9.971232e+04; 1.612680e-03; 9.649090e+04; -1.609446e-03
3.300000e-01; 9.810083e+04; -3.230961e-03; 9.971232e+04; 1.612676e-03; 9.648872e+04; -1.610461e-03
3.350000e-01; 9.809923e+04; -3.219466e-03; 9.971232e+04; 1.612672e-03; 9.648764e+04; -1.611058e-03
3.400000e-01; 9.810072e+04; -3.230137e-03; 9.971231e+04; 1.612667e-03; 9.648715e+04; -1.611408e-03
3.450000e-01; 9.809933e+04; -3.220211e-03; 9.971230e+04; 1.612661e-03; 9.648694e+04; -1.611613e-03
3.500000e-01; 9.810062e+04; -3.229405e-03; 9.971227e+04; 1.612652e-03; 9.648688e+04; -1.611736e-03
3.550000e-01; 9.809943e+04; -3.220815e-03; 9.971222e+04; 1.612638e-03; 9.648687e+04; -1.611813e-03
3.600000e-01; 9.810053e+04; -3.228705e-03; 9.971212e+04; 1.612615e-03; 9.648688e+04; -1.611864e-03
3.650000e-01; 9.809950e+04; -3.221215e-03; 9.971194e+04; 1.612578e-03; 9.648690e+04; -1.611900e-03
3.700000e-01; 9.810046e+04; -3.227890e-03; 9.971163e+04; 1.612515e-03; 9.648693e+04; -1.611928e-03
3.750000e-01; 9.809957e+04; -3.221206e-03; 9.971110e+04; 1.612409e-03; 9.648695e+04; -1.611951e-03
3.800000e-01; 9.810040e+04; -3.226605e-03; 9.971022e+04; 1.612237e-03; 9.648697e+04; -1.611971e-03
3.850000e-01; 9.809963e+04; -3.220260e-03; 9.970878e+04; 1.611961e-03; 9.648699e+04; -1.611990e-03
3.900000e-01; 9.810034e+04; -3.224020e-03; 9.970650e+04; 1.611529e-03; 9.648700e+04; -1.612007e-03
3.950000e-01; 9.809968e+04; -3.217174e-03; 9.970292e+04; 1.610875e-03; 9.648702e+04; -1.612023e-03
4.000000e-01; 9.810030e+04; -3.218376e-03; 9.969745e+04; 1.609910e-03; 9.648704e+04; -1.612038e-03
4.050000e-01; 9.809973e+04; -3.209497e-03; 9.969018e+04; 1.607157e-03; 9.648705e+04; -1.612053e-03
4.100000e-01; 9.810026e+04; -3.206304e-03; 9.967854e+04; 1.605426e-03; 9.648706e+04; -1.612067e-03
4.150000e-01; 9.809977e+04; -3.192760e-03; 9.966103e+04; 1.602701e-03; 9.648708e+04; -1.612080e-03
4.200000e-01; 9.810023e+04; -3.182015e-03; 9.963674e+04; 1.599212e-03; 9.648709e+04; -1.612093e-03
4.250000e-01; 9.809980e+04; -3.159725e-03; 9.960261e+04; 1.595212e-03; 9.648710e+04; -1.612105e-03
4.300000e-01; 9.810020e+04; -3.136706e-03; 9.955579e+04; 1.591100e-03; 9.648712e+04; -1.612117e-03
4.350000e-01; 9.809983e+04; -3.100069e-03; 9.949255e+04; 1.587476e-03; 9.648713e+04; -1.612128e-03
4.400000e-01; 9.810017e+04; -3.058698e-03; 9.940884e+04; 1.585369e-03; 9.648714e+04; -1.612139e-03
4.450000e-01; 9.809986e+04; -3.001139e-03; 9.930057e+04; 1.585369e-03; 9.648715e+04; -1.612149e-03
4.500000e-01; 9.810015e+04; -2.934911e-03; 9.916069e+04; 1.593099e-03; 9.648716e+04; -1.612159e-03
4.550000e-01; 9.809987e+04; -2.850220e-03; 9.898499e+04; 1.607530e-03; 9.648717e+04; -1.612169e-03
4.600000e-01; 9.810013e+04; -2.753921e-03; 9.876854e+04; 1.634609e-03; 9.648718e+04; -1.612178e-03
4.650000e-01; 9.809989e+04; -2.638237e-03; 9.850433e+04; 1.678959e-03; 9.648719e+04; -1.612187e-03
4.700000e-01; 9.810010e+04; -2.510060e-03; 9.818792e+04; 1.746083e-03; 9.648720e+04; -1.612196e-03
4.750000e-01; 9.809990e+04; -2.363921e-03; 9.781439e+04; 1.842238e-03; 9.648720e+04; -1.612205e-03
4.800000e-01; 9.810008e+04; -2.207208e-03; 9.738026e+04; 1.974228e-03; 9.648721e+04; -1.612213e-03
4.850000e-01; 9.809990e+04; -2.036747e-03; 9.688277e+04; 2.148995e-03; 9.648722e+04; -1.612221e-03
4.900000e-01; 9.810006e+04; -1.860447e-03; 9.632074e+04; 2.373297e-03; 9.648723e+04; -1.612229e-03
4.950000e-01; 9.809991e+04; -1.676974e-03; 9.569425e+04; 2.653268e-03; 9.648724e+04; -1.612236e-03
5.000000e-01; 9.810005e+04; -1.494311e-03; 9.500504e+04; 2.994033e-03; 9.648724e+04; -1.612243e-03
5.050000e-01; 9.809992e+04; -1.312129e-03; 9.425618e+04; 3.399351e-03; 9.648725e+04; -1.612250e-03
5.100000e-01; 9.810004e+04; -1.137740e-03; 9.345212e+04; 3.871379e-03; 9.648726e+04; -1.612257e-03
5.150000e-01; 9.809993e+04; -9.708620e-04; 9.259830e+04; 4.410515e-03; 9.648726e+04; -1.612263e-03
5.200000e-01; 9.810004e+04; -8.174094e-04; 9.170102e+04; 5.015356e-03; 9.648727e+04; -1.612269e-03
5.250000e-01; 9.809994e+04; -6.763993e-04; 9.076703e+04; 5.682809e-03; 9.648728e+04; -1.612275e-03
5.300000e-01; 9.810004e+04; -5.519370e-04; 8.980325e+04; 6.408346e-03; 9.648728e+04; -1.612280e-03
5.350000e-01; 9.809996e+04; -4.420203e-04; 8.881638e+04; 7.186324e-03; 9.648729e+04; -1.612285e-03
5.400000e-01; 9.810004e+04; -3.489865e-04; 8.781268e+04; 8.010365e-03; 9.648729e+04; -1.612289e-03
5.450000e-01; 9.809997e+04; -2.699485e-04; 8.679764e+04; 8.873819e-03; 9.648730e+04; -1.612292e-03
5.500000e-01; 9.810004e+04; -2.058886e-04; 8.577592e+04; 9.770057e-03; 9.648730e+04; -1.612294e-03
5.550000e-01; 9.809998e+04; -1.534606e-04; 8.475124e+04; 1.069283e-02; 9.648730e+04; -1.612292e-03
5.600000e-01; 9.810004e+04; -1.128657e-04; 8.372637e+04; 1.163650e-02; 9.648731e+04; -1.612286e-03
5.650000e-01; 9.809998e+04; -8.078305e-05; 8.270318e+04; 1.259622e-02; 9.648731e+04; -1.612273e-03
5.700000e-01; 9.810003e+04; -5.715018e-05; 8.168281e+04; 1.356791e-02; 9.648731e+04; -1.612248e-03
5.750000e-01; 9.809999e+04; -3.903293e-05; 8.066575e+04; 1.454834e-02; 9.648730e+04; -1.612204e-03
5.800000e-01; 9.810003e+04; -2.643868e-05; 7.965208e+04; 1.553499e-02; 9.648729e+04; -1.612132e-03
5.850000e-01; 9.809999e+04; -1.698719e-05; 7.864153e+04; 1.652598e-02; 9.648727e+04; -1.612015e-03
5.900000e-01; 9.810002e+04; -1.088988e-05; 7.763369e+04; 1.751995e-02; 9.648724e+04; -1.611830e-03
5.950000e-01; 9.809999e+04; -6.320251e-06; 7.662806e+04; 1.851594e-02; 9.648718e+04; -1.611543e-03
6.000000e-01; 9.810002e+04; -3.686638e-06; 7.562415e+04; 1.951327e-02; 9.648710e+04; -1.611103e-03
6.050000e-01; 9.809999e+04; -1.621141e-06; 7.462153e+04; 2.051150e-02; 9.648696e+04; -1.610439e-03
6.100000e-01; 9.810001e+04; -6.571769e-07; 7.361983e+04; 2.151033e-02; 9.648676e+04; -1.609451e-03
6.150000e-01; 9.809999e+04; 2.355300e-07; 7.261879e+04; 2.250953e-02; 9.648645e+04; -1.607997e-03
6.200000e-01; 9.810001e+04; 4.773997e-07; 7.161819e+04; 2.350899e-02; 9.648598e+04; -1.605886e-03
6.250000e-01; 9.809999e+04; 8.661414e-07; 7.061787e+04; 2.450862e-02; 9.648528e+04; -1.602855e-03
6.300000e-01; 9.810001e+04; 8.341595e-07; 6.961774e+04; 2.550833e-02; 9.648424e+04; -1.598559e-03
6.350000e-01; 9.809999e+04; 1.021552e-06; 6.861775e+04; 2.650809e-02; 9.648270e+04; -1.592540e-03
6.400000e-01; 9.810001e+04; 9.051368e-07; 6.761782e+04; 2.750790e-02; 9.648047e+04; -1.584208e-03
6.450000e-01; 9.809999e+04; 1.014828e-06; 6.661795e+04; 2.850771e-02; 9.647724e+04; -1.572812e-03
6.500000e-01; 9.810001e+04; 8.845783e-07; 6.561811e+04; 2.950754e-02; 9.647264e+04; -1.557410e-03
6.550000e-01; 9.809999e+04; 9.624328e-07; 6.461829e+04; 3.050736e-02; 9.646616e+04; -1.536842e-03
6.600000e-01; 9.810001e+04; 8.406067e-07; 6.361848e+04; 3.150719e-02; 9.645713e+04; -1.509698e-03
6.650000e-01; 9.809999e+04; 9.023765e-07; 6.261869e+04; 3.250701e-02; 9.644470e+04; -1.474300e-03
6.700000e-01; 9.810001e+04; 7.939565e-07; 6.161888e+04; 3.350686e-02; 9.642782e+04; -1.428674e-03
6.750000e-01; 9.809999e+04; 8.450197e-07; 6.061908e+04; 3.450669e-02; 9.640516e+04; -1.370549e-03
6.800000e-01; 9.810000e+04; 7.497285e-07; 5.961929e+04; 3.550653e-02; 9.637513e+04; -1.297349e-03
6.850000e-01; 9.810000e+04; 7.922752e-07; 5.861948e+04; 3.650638e-02; 9.633582e+04; -1.206213e-03
6.900000e-01; 9.810000e+04; 7.086220e-07; 5.761968e+04; 3.750622e-02; 9.628502e+04; -1.094020e-03
6.950000e-01; 9.810000e+04; 7.439406e-07; 5.661988e+04; 3.850607e-02; 9.622015e+04; -9.574384e-04
7.000000e-01; 9.810000e+04; 6.703750e-07; 5.562006e+04; 3.950593e-02; 9.613835e+04; -7.929882e-04
7.050000e-01; 9.810000e+04; 6.994804e-07; 5.462025e+04; 4.050579e-02; 9.603645e+04; -5.971227e-04
7.100000e-01; 9.810000e+04; 6.346466e-07; 5.362044e+04; 4.150565e-02; 9.591104e+04; -3.663245e-04
7.150000e-01; 9.810000e+04; 6.584313e-07; 5.262062e+04; 4.250553e-02; 9.575852e+04; -9.721231e-05
7.200000e-01; 9.810000e+04; 6.011907e-07; 5.162079e+04; 4.350540e-02; 9.557521e+04; 2.133443e-04
7.250000e-01; 9.810000e+04; 6.204644e-07; 5.062097e+04; 4.450527e-02; 9.535745e+04; 5.681092e-04
7.300000e-01; 9.810000e+04; 5.698815e-07; 4.962114e+04; 4.550516e-02; 9.510172e+04; 9.693696e-04
7.350000e-01; 9.810000e+04; 5.854011e-07; 4.862130e+04; 4.650504e-02; 9.480475e+04; 1.418837e-03
7.400000e-01; 9.810000e+04; 5.407480e-07; 4.762147e+04; 4.750493e-02; 9.446365e+04; 1.917569e-03
7.450000e-01; 9.810000e+04; 5.532817e-07; 4.662163e+04; 4.850483e-02; 9.407606e+04; 2.465912e-03
7.500000e-01; 9.810000e+04; 5.141051e-07; 4.562179e+04; 4.950472e-02; 9.364022e+04; 3.063473e-03
7.550000e-01; 9.810000e+04; 5.245891e-07; 4.462195e+04; 5.050462e-02; 9.315507e+04; 3.709130e-03
7.600000e-01; 9.810000e+04; 4.909282e-07; 4.362210e+04; 5.150453e-02; 9.262028e+04; 4.401060e-03
7.650000e-01; 9.810000e+04; 5.008466e-07; 4.262226e+04; 5.250443e-02; 9.203632e+04; 5.136812e-03
7.700000e-01; 9.810000e+04; 4.737899e-07; 4.162241e+04; 5.350434e-02; 9.140436e+04; 5.913395e-03
7.750000e-01; 9.810000e+04; 4.860530e-07; 4.062256e+04; 5.450425e-02; 9.072631e+04; 6.727392e-03
7.800000e-01; 9.810000e+04; 4.690325e-07; 3.962271e+04; 5.550417e-02; 9.000466e+04; 7.575089e-03
7.850000e-01; 9.810000e+04; 4.899232e-07; 3.862287e+04; 5.650409e-02; 8.924246e+04; 8.452603e-03
7.900000e-01; 9.810000e+04; 4.915474e-07; 3.762303e+04; 5.750401e-02; 8.844309e+04; 9.356013e-03
7.950000e-01; 9.810000e+04; 5.348540e-07; 3.662320e+04; 5.850392e-02; 8.761024e+04; 1.028148e-02
8.000000e-01; 9.810000e+04; 5.748203e-07; 3.562336e+04; 5.950386e-02; 8.674768e+04; 1.122536e-02
8.050000e-01; 9.810000e+04; 6.702501e-07; 3.462355e+04; 6.050379e-02; 8.585921e+04; 1.218428e-02
8.100000e-01; 9.810000e+04; 7.911430e-07; 3.362376e+04; 6.150373e-02; 8.494849e+04; 1.315518e-02
8.150000e-01; 9.810000e+04; 1.000720e-06; 3.262400e+04; 6.250367e-02; 8.401898e+04; 1.413542e-02
8.200000e-01; 9.810000e+04; 1.290507e-06; 3.162428e+04; 6.350364e-02; 8.307387e+04; 1.512270e-02
8.250000e-01; 9.810000e+04; 1.739108e-06; 3.062462e+04; 6.450360e-02; 8.211602e+04; 1.611514e-02
8.300000e-01; 9.810000e+04; 2.372064e-06; 2.962506e+04; 6.550359e-02; 8.114793e+04; 1.711121e-02
8.350000e-01; 9.810000e+04; 3.301606e-06; 2.862562e+04; 6.650359e-02; 8.017176e+04; 1.810971e-02
8.400000e-01; 9.810000e+04; 4.609125e-06; 2.762635e+04; 6.750364e-02; 7.918930e+04; 1.910974e-02
8.450000e-01; 9.810000e+04; 6.469905e-06; 2.662730e+04; 6.850370e-02; 7.820205e+04; 2.011064e-02
8.500000e-01; 9.810000e+04; 9.056673e-06; 2.562857e+04; 6.950380e-02; 7.721119e+04; 2.111194e-02
8.550000e-01; 9.810000e+04; 1.265305e-05; 2.463023e+04; 7.050400e-02; 7.621768e+04; 2.211335e-02
8.600000e-01; 9.810000e+04; 1.757700e-05; 2.363243e+04; 7.150421e-02; 7.522223e+04; 2.311468e-02
8.650000e-01; 9.810000e+04; 2.428625e-05; 2.263533e+04; 7.250453e-02; 7.422539e+04; 2.411583e-02
8.700000e-01; 9.810000e+04; 3.332042e-05; 2.163910e+04; 7.350494e-02; 7.322759e+04; 2.511677e-02
8.750000e-01; 9.810000e+04; 4.540064e-05; 2.064399e+04; 7.450545e-02; 7.222912e+04; 2.611748e-02
8.800000e-01; 9.810001e+04; 6.138852e-05; 1.965027e+04; 7.550609e-02; 7.123019e+04; 2.711798e-02
8.850000e-01; 9.810001e+04; 8.238070e-05; 1.865827e+04; 7.650685e-02; 7.023096e+04; 2.811831e-02
8.900000e-01; 9.810001e+04; 1.096813e-04; 1.766840e+04; 7.750774e-02; 6.923153e+04; 2.911850e-02
8.950000e-01; 9.810001e+04; 1.448899e-04; 1.668108e+04; 7.850875e-02; 6.823197e+04; 3.011857e-02
9.000000e-01; 9.810001e+04; 1.898823e-04; 1.569681e+04; 7.950988e-02; 6.723232e+04; 3.111855e-02
9.050000e-01; 9.810001e+04; 2.468880e-04; 1.471613e+04; 8.051110e-02; 6.623263e+04; 3.211848e-02
9.100000e-01; 9.810002e+04; 3.184709e-04; 1.373964e+04; 8.151239e-02; 6.523291e+04; 3.311835e-02
9.150000e-01; 9.810002e+04; 4.075905e-04; 1.276793e+04; 8.251371e-02; 6.423316e+04; 3.411819e-02
9.200000e-01; 9.810002e+04; 5.175730e-04; 1.180170e+04; 8.351494e-02; 6.323341e+04; 3.511802e-02
9.250000e-01; 9.810002e+04; 6.521475e-04; 1.084153e+04; 8.451610e-02; 6.223365e+04; 3.611783e-02
9.300000e-01; 9.810002e+04; 8.153985e-04; 9.888076e+03; 8.551701e-02; 6.123389e+04; 3.711763e-02
9.350000e-01; 9.810002e+04; 1.011769e-03; 8.941914e+03; 8.651766e-02; 6.023412e+04; 3.811742e-02
9.400000e-01; 9.810003e+04; 1.245985e-03; 8.003529e+03; 8.751787e-02; 5.923435e+04; 3.911722e-02
9.450000e-01; 9.810003e+04; 1.523024e-03; 7.073353e+03; 8.851756e-02; 5.823458e+04; 4.011702e-02
9.500000e-01; 9.810003e+04; 1.848009e-03; 6.151624e+03; 8.951664e-02; 5.723480e+04; 4.111682e-02
9.550000e-01; 9.810003e+04; 2.226135e-03; 5.238502e+03; 9.051495e-02; 5.623503e+04; 4.211662e-02
9.600000e-01; 9.810003e+04; 2.662545e-03; 4.333880e+03; 9.151250e-02; 5.523525e+04; 4.311642e-02
9.650000e-01; 9.810003e+04; 3.162226e-03; 3.437494e+03; 9.250919e-02; 5.423547e+04; 4.411623e-02
9.700000e-01; 9.810002e+04; 3.729868e-03; 2.548878e+03; 9.350502e-02; 5.323569e+04; 4.511605e-02
9.750000e-01; 9.810002e+04; 4.369756e-03; 1.667328e+03; 9.450000e-02; 5.223590e+04; 4.611586e-02
9.800000e-01; 9.810002e+04; 5.085625e-03; 7.919465e+02; 9.549420e-02; 5.123612e+04; 4.711569e-02
9.850000e-01; 9.810001e+04; 5.880570e-03; -7.837380e+01; 9.648773e-02; 5.023633e+04; 4.811551e-02
9.900000e-01; 9.810001e+04; 6.756928e-03; -9.448956e+02; 9.748076e-02; 4.923654e+04; 4.911534e-02
9.950000e-01; 9.810001e+04; 7.716214e-03; -1.809021e+03; 9.847346e-02; 4.823674e+04; 5.011518e-02
1.000000e+00; 9.810000e+04; 8.759056e-03; -2.672240e+03; 9.946605e-02; 4.723695e+04; 5.111501e-02
1.005000e+00; 9.810000e+04; 9.885180e-03; -3.536065e+03; 1.004587e-01; 4.623716e+04; 5.211486e-02
1.010000e+00; 9.809999e+04; 1.109340e-02; -4.402066e+03; 1.014519e-01; 4.523737e+04; 5.311471e-02
1.015000e+00; 9.809999e+04; 1.238167e-02; -5.271725e+03; 1.024456e-01; 4.423758e+04; 5.411456e-02
1.020000e+00; 9.809998e+04; 1.374711e-02; -6.146367e+03; 1.034402e-01; 4.323780e+04; 5.511442e-02
1.025000e+00; 9.809998e+04; 1.518614e-02; -7.027206e+03; 1.044358e-01; 4.223803e+04; 5.611429e-02
1.030000e+00; 9.809998e+04; 1.669453e-02; -7.915256e+03; 1.054326e-01; 4.123827e+04; 5.711417e-02
1.035000e+00; 9.809997e+04; 1.826757e-02; -8.811330e+03; 1.064307e-01; 4.023854e+04; 5.811406e-02
1.040000e+00; 9.809997e+04; 1.990018e-02; -9.715987e+03; 1.074300e-01; 3.923884e+04; 5.911397e-02
1.045000e+00; 9.809997e+04; 2.158704e-02; -1.062956e+04; 1.084306e-01; 3.823918e+04; 6.011390e-02
1.050000e+00; 9.809997e+04; 2.332273e-02; -1.155215e+04; 1.094323e-01; 3.723958e+04; 6.111387e-02
1.055000e+00; 9.809997e+04; 2.510186e-02; -1.248367e+04; 1.104351e-01; 3.624006e+04; 6.211387e-02
1.060000e+00; 9.809997e+04; 2.691917e-02; -1.342383e+04; 1.114388e-01; 3.524067e+04; 6.311394e-02
1.065000e+00; 9.809997e+04; 2.876964e-02; -1.437217e+04; 1.124433e-01; 3.424143e+04; 6.411408e-02
1.070000e+00; 9.809998e+04; 3.064855e-02; -1.532812e+04; 1.134482e-01; 3.324240e+04; 6.511434e-02
1.075000e+00; 9.809998e+04; 3.255156e-02; -1.629102e+04; 1.144535e-01; 3.224367e+04; 6.611473e-02
1.080000e+00; 9.809998e+04; 3.447473e-02; -1.726014e+04; 1.154589e-01; 3.124531e+04; 6.711532e-02
1.085000e+00; 9.809998e+04; 3.641457e-02; -1.823473e+04; 1.164642e-01; 3.024744e+04; 6.811616e-02
1.090000e+00; 9.809998e+04; 3.836799e-02; -1.921408e+04; 1.174693e-01; 2.925023e+04; 6.911733e-02
1.095000e+00; 9.809999e+04; 4.033235e-02; -2.019748e+04; 1.184741e-01; 2.825385e+04; 7.011894e-02
1.100000e+00; 9.809999e+04; 4.230539e-02; -2.118428e+04; 1.194785e-01; 2.725855e+04; 7.112111e-02
1.105000e+00; 9.809999e+04; 4.428524e-02; -2.217388e+04; 1.204824e-01; 2.626462e+04; 7.212400e-02
1.110000e+00; 9.809999e+04; 4.627034e-02; -2.316577e+04; 1.214858e-01; 2.527242e+04; 7.312783e-02
1.115000e+00; 9.809999e+04; 4.825944e-02; -2.415949e+04; 1.224888e-01; 2.428237e+04; 7.413283e-02
1.120000e+00; 9.810000e+04; 5.025155e-02; -2.515466e+04; 1.234912e-01; 2.329501e+04; 7.513930e-02
1.125000e+00; 9.810000e+04; 5.224587e-02; -2.615097e+04; 1.244932e-01; 2.231095e+04; 7.614763e-02
1.130000e+00; 9.810000e+04; 5.424180e-02; -2.714813e+04; 1.254948e-01; 2.133091e+04; 7.715825e-02
1.135000e+00; 9.810000e+04; 5.623889e-02; -2.814596e+04; 1.264960e-01; 2.035575e+04; 7.817168e-02
1.140000e+00; 9.810000e+04; 5.823679e-02; -2.914430e+04; 1.274970e-01; 1.938645e+04; 7.918855e-02
1.145000e+00; 9.810000e+04; 6.023524e-02; -3.014306e+04; 1.284977e-01; 1.842411e+04; 8.020959e-02
1.150000e+00; 9.810000e+04; 6.223408e-02; -3.114211e+04; 1.294983e-01; 1.747001e+04; 8.123562e-02
1.155000e+00; 9.810000e+04; 6.423316e-02; -3.214130e+04; 1.304986e-01; 1.652553e+04; 8.226762e-02
1.160000e+00; 9.810000e+04; 6.623240e-02; -3.314064e+04; 1.314988e-01; 1.559224e+04; 8.330668e-02
1.165000e+00; 9.810000e+04; 6.823174e-02; -3.414013e+04; 1.324989e-01; 1.467182e+04; 8.435403e-02
1.170000e+00; 9.810000e+04; 7.023114e-02; -3.513970e+04; 1.334990e-01; 1.376609e+04; 8.541102e-02
1.175000e+00; 9.810000e+04; 7.223059e-02; -3.613934e+04; 1.344990e-01; 1.287697e+04; 8.647916e-02
1.180000e+00; 9.810000e+04; 7.423005e-02; -3.713900e+04; 1.354990e-01; 1.200651e+04; 8.756009e-02
1.185000e+00; 9.810000e+04; 7.622952e-02; -3.813869e+04; 1.364989e-01; 1.115678e+04; 8.865555e-02
1.190000e+00; 9.810000e+04; 7.822900e-02; -3.913842e+04; 1.374988e-01; 1.032992e+04; 8.976742e-02
1.195000e+00; 9.810000e+04; 8.022848e-02; -4.013815e+04; 1.384987e-01; 9.528063e+03; 9.089765e-02
1.200000e+00; 9.810000e+04; 8.222797e-02; -4.113794e+04; 1.394987e-01; 8.753301e+03; 9.204827e-02
1.205000e+00; 9.810000e+04; 8.422746e-02; -4.213775e+04; 1.404987e-01; 8.007649e+03; 9.322135e-02
1.210000e+00; 9.810000e+04; 8.622696e-02; -4.313749e+04; 1.414985e-01; 7.292995e+03; 9.441895e-02
1.215000e+00; 9.810000e+04; 8.822645e-02; -4.413724e+04; 1.424984e-01; 6.611064e+03; 9.564314e-02
1.220000e+00; 9.810000e+04; 9.022595e-02; -4.513699e+04; 1.434983e-01; 5.963373e+03; 9.689590e-02
1.225000e+00; 9.810000e+04; 9.222546e-02; -4.613674e+04; 1.444982e-01; 5.351190e+03; 9.817910e-02
1.230000e+00; 9.810000e+04; 9.422497e-02; -4.713651e+04; 1.454981e-01; 4.775509e+03; 9.949449e-02
1.235000e+00; 9.810000e+04; 9.622448e-02; -4.813625e+04; 1.464980e-01; 4.237014e+03; 1.008436e-01
1.240000e+00; 9.810000e+04; 9.822400e-02; -4.913598e+04; 1.474979e-01; 3.736067e+03; 1.022278e-01
1.245000e+00; 9.810000e+04; 1.002235e-01; -5.013572e+04; 1.484978e-01; 3.272694e+03; 1.036480e-01
1.250000e+00; 9.810000e+04; 1.022230e-01; -5.113551e+04; 1.494978e-01; 2.846586e+03; 1.051052e-01
1.255000e+00; 9.810000e+04; 1.042226e-01; -5.213526e+04; 1.504977e-01; 2.457102e+03; 1.065998e-01
1.260000e+00; 9.810000e+04; 1.062221e-01; -5.313497e+04; 1.514976e-01; 2.103293e+03; 1.081319e-01
1.265000e+00; 9.810000e+04; 1.082216e-01; -5.413470e+04; 1.524976e-01; 1.783918e+03; 1.097013e-01
1.270000e+00; 9.810000e+04; 1.102211e-01; -5.513445e+04; 1.534977e-01; 1.497484e+03; 1.113075e-01
1.275000e+00; 9.810000e+04; 1.122205e-01; -5.613416e+04; 1.544977e-01; 1.242276e+03; 1.129498e-01
1.280000e+00; 9.810000e+04; 1.142200e-01; -5.713381e+04; 1.554978e-01; 1.016405e+03; 1.146270e-01
1.285000e+00; 9.810000e+04; 1.162194e-01; -5.813345e+04; 1.564980e-01; 8.178476e+02; 1.163376e-01
1.290000e+00; 9.810000e+04; 1.182187e-01; -5.913306e+04; 1.574984e-01; 6.444928e+02; 1.180801e-01
1.295000e+00; 9.810000e+04; 1.202180e-01; -6.013261e+04; 1.584988e-01; 4.941854e+02; 1.198526e-01
1.300000e+00; 9.810000e+04; 1.222172e-01; -6.113210e+04; 1.594995e-01; 3.647668e+02; 1.216532e-01
1.305000e+00; 9.810000e+04; 1.242163e-01; -6.213156e+04; 1.605005e-01; 2.541137e+02; 1.234796e-01
1.310000e+00; 9.810000e+04; 1.262152e-01; -6.313091e+04; 1.615018e-01; 1.601703e+02; 1.253298e-01
1.315000e+00; 9.810000e+04; 1.282139e-01; -6.413010e+04; 1.625036e-01; 8.097646e+01; 1.272016e-01
1.320000e+00; 9.810000e+04; 1.302124e-01; -6.512908e+04; 1.635058e-01; 1.468926e+01; 1.290926e-01
1.325000e+00; 9.810000e+04; 1.322105e-01; -6.612780e+04; 1.645088e-01; -4.040054e+01; 1.310009e-01
1.330000e+00; 9.810000e+04; 1.342083e-01; -6.712625e+04; 1.655127e-01; -8.585818e+01; 1.329243e-01
1.335000e+00; 9.810000e+04; 1.362055e-01; -6.812437e+04; 1.665178e-01; -1.230995e+02; 1.348609e-01
1.340000e+00; 9.810000e+04; 1.382022e-01; -6.912198e+04; 1.675242e-01; -1.533905e+02; 1.368089e-01
1.345000e+00; 9.810000e+04; 1.401981e-01; -7.011895e+04; 1.685324e-01; -1.778500e+02; 1.387666e-01
1.350000e+00; 9.810000e+04; 1.421932e-01; -7.111520e+04; 1.695427e-01; -1.974567e+02; 1.407325e-01
1.355000e+00; 9.810000e+04; 1.441872e-01; -7.211058e+04; 1.705558e-01; -2.130573e+02; 1.427053e-01
1.360000e+00; 9.810000e+04; 1.461799e-01; -7.310481e+04; 1.715719e-01; -2.253773e+02; 1.446838e-01
1.365000e+00; 9.810000e+04; 1.481711e-01; -7.409766e+04; 1.725920e-01; -2.350322e+02; 1.466669e-01
1.370000e+00; 9.810000e+04; 1.501606e-01; -7.508886e+04; 1.736167e-01; -2.425392e+02; 1.486538e-01
1.375000e+00; 9.810000e+04; 1.521481e-01; -7.607794e+04; 1.746467e-01; -2.483289e+02; 1.506437e-01
1.380000e+00; 9.810000e+04; 1.541333e-01; -7.706455e+04; 1.756831e-01; -2.527569e+02; 1.526360e-01
1.385000e+00; 9.810000e+04; 1.561158e-01; -7.804822e+04; 1.767271e-01; -2.561139e+02; 1.546301e-01
1.390000e+00; 9.810000e+04; 1.580954e-01; -7.902839e+04; 1.777797e-01; -2.586356e+02; 1.566257e-01
1.395000e+00; 9.810000e+04; 1.600716e-01; -8.000438e+04; 1.788423e-01; -2.605116e+02; 1.586223e-01
1.400000e+00; 9.810000e+04; 1.620441e-01; -8.097547e+04; 1.799164e-01; -2.618929e+02; 1.606198e-01
1.405000e+00; 9.810000e+04; 1.640125e-01; -8.194083e+04; 1.810034e-01; -2.628988e+02; 1.626179e-01
1.410000e+00; 9.810000e+04; 1.659764e-01; -8.289953e+04; 1.821052e-01; -2.636227e+02; 1.646165e-01
1.415000e+00; 9.810000e+04; 1.679356e-01; -8.385058e+04; 1.832233e-01; -2.641369e+02; 1.666154e-01
1.420000e+00; 9.810000e+04; 1.698897e-01; -8.479277e+04; 1.843595e-01; -2.644970e+02; 1.686145e-01
1.425000e+00; 9.810000e+04; 1.718384e-01; -8.572495e+04; 1.855158e-01; -2.647450e+02; 1.706138e-01
1.430000e+00; 9.810000e+04; 1.737815e-01; -8.664571e+04; 1.866940e-01; -2.649127e+02; 1.726133e-01
1.435000e+00; 9.810000e+04; 1.757188e-01; -8.755362e+04; 1.878960e-01; -2.650231e+02; 1.746128e-01
1.440000e+00; 9.810000e+04; 1.776503e-01; -8.844720e+04; 1.891237e-01; -2.650935e+02; 1.766124e-01
1.445000e+00; 9.810000e+04; 1.795758e-01; -8.932479e+04; 1.903787e-01; -2.651359e+02; 1.786120e-01
1.450000e+00; 9.810000e+04; 1.814956e-01; -9.018475e+04; 1.916628e-01; -2.651589e+02; 1.806116e-01
1.455000e+00; 9.810000e+04; 1.834097e-01; -9.102536e+04; 1.929775e-01; -2.651687e+02; 1.826112e-01
1.460000e+00; 9.810000e+04; 1.853184e-01; -9.184489e+04; 1.943242e-01; -2.651694e+02; 1.846109e-01
1.465000e+00; 9.810000e+04; 1.872222e-01; -9.264160e+04; 1.957040e-01; -2.651641e+02; 1.866106e-01
1.470000e+00; 9.810000e+04; 1.891214e-01; -9.341377e+04; 1.971180e-01; -2.651554e+02; 1.886103e-01
1.475000e+00; 9.810000e+04; 1.910166e-01; -9.415974e+04; 1.985668e-01; -2.651451e+02; 1.906099e-01
1.480000e+00; 9.810000e+04; 1.929086e-01; -9.487793e+04; 2.000508e-01; -2.651356e+02; 1.926096e-01
1.485000e+00; 9.810000e+04; 1.947980e-01; -9.556686e+04; 2.015703e-01; -2.651289e+02; 1.946093e-01
1.490000e+00; 9.810000e+04; 1.966856e-01; -9.622522e+04; 2.031251e-01; -2.651278e+02; 1.966090e-01
1.495000e+00; 9.810000e+04; 1.985723e-01; -9.685184e+04; 2.047149e-01; -2.651357e+02; 1.986087e-01
1.500000e+00; 9.810000e+04; 2.004589e-01; -9.744571e+04; 2.063389e-01; -2.651566e+02; 2.006084e-01
1.505000e+00; 9.810000e+04; 2.023462e-01; -9.800602e+04; 2.079961e-01; -2.651961e+02; 2.026081e-01
1.510000e+00; 9.810000e+04; 2.042352e-01; -9.853237e+04; 2.096857e-01; -2.652610e+02; 2.046078e-01
1.515000e+00; 9.810000e+04; 2.061267e-01; -9.902438e+04; 2.114060e-01; -2.653601e+02; 2.066075e-01
1.520000e+00; 9.810000e+04; 2.080215e-01; -9.948211e+04; 2.131557e-01; -2.655047e+02; 2.086073e-01
1.525000e+00; 9.810000e+04; 2.099201e-01; -9.990565e+04; 2.149328e-01; -2.657093e+02; 2.106070e-01
1.530000e+00; 9.810000e+04; 2.118234e-01; -1.002955e+05; 2.167358e-01; -2.659919e+02; 2.126068e-01
1.535000e+00; 9.810000e+04; 2.137317e-01; -1.006525e+05; 2.185625e-01; -2.663754e+02; 2.146066e-01
1.540000e+00; 9.810000e+04; 2.156455e-01; -1.009775e+05; 2.204114e-01; -2.668880e+02; 2.166064e-01
1.545000e+00; 9.810000e+04; 2.175652e-01; -1.012717e+05; 2.222802e-01; -2.675647e+02; 2.186062e-01
1.550000e+00; 9.810000e+04; 2.194909e-01; -1.015364e+05; 2.241670e-01; -2.684483e+02; 2.206061e-01
1.555000e+00; 9.810000e+04; 2.214228e-01; -1.017731e+05; 2.260701e-01; -2.695911e+02; 2.226061e-01
1.560000e+00; 9.810000e+04; 2.233608e-01; -1.019835e+05; 2.279876e-01; -2.710561e+02; 2.246061e-01
1.565000e+00; 9.810000e+04; 2.253048e-01; -1.021694e+05; 2.299179e-01; -2.729191e+02; 2.266062e-01
1.570000e+00; 9.810000e+04; 2.272548e-01; -1.023324e+05; 2.318592e-01; -2.752703e+02; 2.286064e-01
1.575000e+00; 9.810000e+04; 2.292104e-01; -1.024746e+05; 2.338103e-01; -2.782165e+02; 2.306067e-01
1.580000e+00; 9.810000e+04; 2.311713e-01; -1.025977e+05; 2.357698e-01; -2.818827e+02; 2.326072e-01
1.585000e+00; 9.810000e+04; 2.331371e-01; -1.027035e+05; 2.377362e-01; -2.864146e+02; 2.346079e-01
1.590000e+00; 9.810000e+04; 2.351076e-01; -1.027938e+05; 2.397087e-01; -2.919798e+02; 2.366089e-01
1.595000e+00; 9.810000e+04; 2.370823e-01; -1.028703e+05; 2.416862e-01; -2.987700e+02; 2.386101e-01
1.600000e+00; 9.810000e+04; 2.390607e-01; -1.029347e+05; 2.436680e-01; -3.070024e+02; 2.406117e-01
1.605000e+00; 9.810000e+04; 2.410424e-01; -1.029885e+05; 2.456532e-01; -3.169203e+02; 2.426138e-01
1.610000e+00; 9.810000e+04; 2.430271e-01; -1.030331e+05; 2.476415e-01; -3.287941e+02; 2.446163e-01
1.615000e+00; 9.810000e+04; 2.450144e-01; -1.030697e+05; 2.496319e-01; -3.429215e+02; 2.466193e-01
1.620000e+00; 9.810000e+04; 2.470039e-01; -1.030995e+05; 2.516241e-01; -3.596260e+02; 2.486231e-01
1.625000e+00; 9.810000e+04; 2.489953e-01; -1.031237e+05; 2.536182e-01; -3.792561e+02; 2.506276e-01
1.630000e+00; 9.810000e+04; 2.509883e-01; -1.031432e+05; 2.556134e-01; -4.021825e+02; 2.526330e-01
1.635000e+00; 9.810000e+04; 2.529826e-01; -1.031587e+05; 2.576097e-01; -4.287943e+02; 2.546393e-01
1.640000e+00; 9.810000e+04; 2.549781e-01; -1.031710e+05; 2.596067e-01; -4.594947e+02; 2.566468e-01
1.645000e+00; 9.810000e+04; 2.569744e-01; -1.031805e+05; 2.616042e-01; -4.946948e+02; 2.586555e-01
1.650000e+00; 9.810000e+04; 2.589714e-01; -1.031880e+05; 2.636026e-01; -5.348068e+02; 2.606655e-01
1.655000e+00; 9.810000e+04; 2.609690e-01; -1.031939e+05; 2.656011e-01; -5.802354e+02; 2.626771e-01
1.660000e+00; 9.810000e+04; 2.629670e-01; -1.031981e+05; 2.675998e-01; -6.313694e+02; 2.646902e-01
1.665000e+00; 9.810000e+04; 2.649654e-01; -1.032014e+05; 2.695989e-01; -6.885710e+02; 2.667051e-01
1.670000e+00; 9.810000e+04; 2.669641e-01; -1.032038e+05; 2.715981e-01; -7.521659e+02; 2.687218e-01
1.675000e+00; 9.810000e+04; 2.689630e-01; -1.032057e+05; 2.735976e-01; -8.224318e+02; 2.707405e-01
1.680000e+00; 9.810000e+04; 2.709620e-01; -1.032070e+05; 2.755971e-01; -8.995879e+02; 2.727612e-01
1.685000e+00; 9.810000e+04; 2.729612e-01; -1.032078e+05; 2.775965e-01; -9.837842e+02; 2.747840e-01
1.690000e+00; 9.810000e+04; 2.749605e-01; -1.032085e+05; 2.795962e-01; -1.075092e+03; 2.768090e-01
1.695000e+00; 9.810000e+04; 2.769598e-01; -1.032090e+05; 2.815959e-01; -1.173494e+03; 2.788362e-01
1.700000e+00; 9.810000e+04; 2.789591e-01; -1.032093e+05; 2.835956e-01; -1.278879e+03; 2.808655e-01
1.705000e+00; 9.810000e+04; 2.809585e-01; -1.032095e+05; 2.855953e-01; -1.391034e+03; 2.828969e-01
1.710000e+00; 9.810000e+04; 2.829580e-01; -1.032096e+05; 2.875951e-01; -1.509646e+03; 2.849305e-01
1.715000e+00; 9.810000e+04; 2.849574e-01; -1.032096e+05; 2.895949e-01; -1.634295e+03; 2.869659e-01
1.720000e+00; 9.810000e+04; 2.869569e-01; -1.032096e+05; 2.915946e-01; -1.764459e+03; 2.890033e-01
1.725000e+00; 9.810000e+04; 2.889564e-01; -1.032095e+05; 2.935944e-01; -1.899522e+03; 2.910422e-01
1.730000e+00; 9.810000e+04; 2.909559e-01; -1.032095e+05; 2.955942e-01; -2.038776e+03; 2.930827e-01
1.735000e+00; 9.810000e+04; 2.929554e-01; -1.032094e+05; 2.975939e-01; -2.181435e+03; 2.951244e-01
1.740000e+00; 9.810000e+04; 2.949550e-01; -1.032094e+05; 2.995936e-01; -2.326645e+03; 2.971671e-01
1.745000e+00; 9.810000e+04; 2.969546e-01; -1.032093e+05; 3.015934e-01; -2.473504e+03; 2.992106e-01
1.750000e+00; 9.810000e+04; 2.989542e-01; -1.032092e+05; 3.035931e-01; -2.621071e+03; 3.012545e-01
1.755000e+00; 9.810000e+04; 3.009539e-01; -1.032091e+05; 3.055927e-01; -2.768392e+03; 3.032987e-01
1.760000e+00; 9.810000e+04; 3.029537e-01; -1.032090e+05; 3.075924e-01; -2.914510e+03; 3.053426e-01
1.765000e+00; 9.810000e+04; 3.049536e-01; -1.032089e+05; 3.095919e-01; -3.058492e+03; 3.073862e-01
1.770000e+00; 9.810000e+04; 3.069536e-01; -1.032089e+05; 3.115915e-01; -3.199438e+03; 3.094291e-01
1.775000e+00; 9.810000e+04; 3.089537e-01; -1.032088e+05; 3.135909e-01; -3.336508e+03; 3.114710e-01
1.780000e+00; 9.810000e+04; 3.109540e-01; -1.032088e+05; 3.155902e-01; -3.468927e+03; 3.135117e-01
1.785000e+00; 9.810000e+04; 3.129546e-01; -1.032087e+05; 3.175894e-01; -3.596007e+03; 3.155509e-01
1.790000e+00; 9.810000e+04; 3.149554e-01; -1.032087e+05; 3.195884e-01; -3.717150e+03; 3.175884e-01
1.795000e+00; 9.810000e+04; 3.169566e-01; -1.032087e+05; 3.215872e-01; -3.831862e+03; 3.196242e-01
1.800000e+00; 9.810000e+04; 3.189582e-01; -1.032087e+05; 3.235857e-01; -3.939755e+03; 3.216579e-01
1.805000e+00; 9.810000e+04; 3.209603e-01; -1.032088e+05; 3.255841e-01; -4.040550e+03; 3.236896e-01
1.810000e+00; 9.810000e+04; 3.229630e-01; -1.032089e+05; 3.275820e-01; -4.134075e+03; 3.257190e-01
1.815000e+00; 9.810000e+04; 3.249665e-01; -1.032090e+05; 3.295794e-01; -4.220263e+03; 3.277463e-01
1.820000e+00; 9.810000e+04; 3.269708e-01; -1.032093e+05; 3.315764e-01; -4.299145e+03; 3.297713e-01
1.825000e+00; 9.810000e+04; 3.289762e-01; -1.032095e+05; 3.335728e-01; -4.370842e+03; 3.317942e-01
1.830000e+00; 9.810000e+04; 3.309829e-01; -1.032098e+05; 3.355685e-01; -4.435558e+03; 3.338148e-01
1.835000e+00; 9.810000e+04; 3.329909e-01; -1.032102e+05; 3.375633e-01; -4.493564e+03; 3.358334e-01
1.840000e+00; 9.810000e+04; 3.350007e-01; -1.032107e+05; 3.395572e-01; -4.545192e+03; 3.378500e-01
1.845000e+00; 9.810000e+04; 3.370124e-01; -1.032112e+05; 3.415500e-01; -4.590818e+03; 3.398646e-01
1.850000e+00; 9.810000e+04; 3.390263e-01; -1.032118e+05; 3.435415e-01; -4.630853e+03; 3.418775e-01
1.855000e+00; 9.810000e+04; 3.410428e-01; -1.032125e+05; 3.455315e-01; -4.665731e+03; 3.438887e-01
1.860000e+00; 9.810000e+04; 3.430622e-01; -1.032134e+05; 3.475200e-01; -4.695898e+03; 3.458984e-01
1.865000e+00; 9.810000e+04; 3.450848e-01; -1.032143e+05; 3.495066e-01; -4.721802e+03; 3.479067e-01
1.870000e+00; 9.810000e+04; 3.471110e-01; -1.032153e+05; 3.514912e-01; -4.743883e+03; 3.499138e-01
1.875000e+00; 9.810000e+04; 3.491413e-01; -1.032165e+05; 3.534735e-01; -4.762567e+03; 3.519197e-01
1.880000e+00; 9.810000e+04; 3.511761e-01; -1.032178e+05; 3.554534e-01; -4.778259e+03; 3.539246e-01
1.885000e+00; 9.810000e+04; 3.532157e-01; -1.032191e+05; 3.574305e-01; -4.791341e+03; 3.559287e-01
1.890000e+00; 9.810000e+04; 3.552607e-01; -1.032206e+05; 3.594046e-01; -4.802164e+03; 3.579321e-01
1.895000e+00; 9.810000e+04; 3.573114e-01; -1.032222e+05; 3.613756e-01; -4.811050e+03; 3.599347e-01
1.900000e+00; 9.810000e+04; 3.593684e-01; -1.032239e+05; 3.633431e-01; -4.818288e+03; 3.619369e-01
1.905000e+00; 9.810000e+04; 3.614319e-01; -1.032258e+05; 3.653073e-01; -4.824137e+03; 3.639385e-01
1.910000e+00; 9.810000e+04; 3.635023e-01; -1.032277e+05; 3.672674e-01; -4.828825e+03; 3.659398e-01
1.915000e+00; 9.810000e+04; 3.655800e-01; -1.032296e+05; 3.692235e-01; -4.832550e+03; 3.679407e-01
1.920000e+00; 9.810000e+04; 3.676653e-01; -1.032316e+05; 3.711755e-01; -4.835484e+03; 3.699414e-01
1.925000e+00; 9.810000e+04; 3.697584e-01; -1.032335e+05; 3.731233e-01; -4.837771e+03; 3.719418e-01
1.930000e+00; 9.810000e+04; 3.718593e-01; -1.032355e+05; 3.750668e-01; -4.839537e+03; 3.739420e-01
1.935000e+00; 9.810000e+04; 3.739683e-01; -1.032374e+05; 3.770059e-01; -4.840883e+03; 3.759422e-01
1.940000e+00; 9.810000e+04; 3.760853e-01; -1.032393e+05; 3.789408e-01; -4.841896e+03; 3.779421e-01
1.945000e+00; 9.810000e+04; 3.782101e-01; -1.032410e+05; 3.808713e-01; -4.842643e+03; 3.799420e-01
1.950000e+00; 9.810000e+04; 3.803426e-01; -1.032427e+05; 3.827978e-01; -4.843182e+03; 3.819419e-01
1.955000e+00; 9.810000e+04; 3.824825e-01; -1.032441e+05; 3.847203e-01; -4.843555e+03; 3.839417e-01
1.960000e+00; 9.810000e+04; 3.846294e-01; -1.032455e+05; 3.866391e-01; -4.843799e+03; 3.859414e-01
1.965000e+00; 9.810000e+04; 3.867827e-01; -1.032466e+05; 3.885545e-01; -4.843939e+03; 3.879411e-01
1.970000e+00; 9.810000e+04; 3.889419e-01; -1.032476e+05; 3.904669e-01; -4.843995e+03; 3.899408e-01
1.975000e+00; 9.810000e+04; 3.911063e-01; -1.032482e+05; 3.923764e-01; -4.843980e+03; 3.919404e-01
1.980000e+00; 9.810000e+04; 3.932750e-01; -1.032487e+05; 3.942838e-01; -4.843902e+03; 3.939401e-01
1.985000e+00; 9.810000e+04; 3.954474e-01; -1.032488e+05; 3.961893e-01; -4.843765e+03; 3.959398e-01
1.990000e+00; 9.810000e+04; 3.976224e-01; -1.032487e+05; 3.980936e-01; -4.843569e+03; 3.979394e-01
1.995000e+00; 9.809999e+04; 3.997991e-01; -1.032484e+05; 3.999972e-01; -4.843310e+03; 3.999391e-01
2.000000e+00; 9.809999e+04; 4.019765e-01; -1.032477e+05; 4.019004e-01; -4.842980e+03; 4.019388e-01
2.005000e+00; 9.809999e+04; 4.041536e-01; -1.032467e+05; 4.038039e-01; -4.842567e+03; 4.039385e-01
2.010000e+00; 9.809999e+04; 4.063295e-01; -1.032455e+05; 4.057082e-01; -4.842055e+03; 4.059383e-01
2.015000e+00; 9.809999e+04; 4.085031e-01; -1.032440e+05; 4.076139e-01; -4.841425e+03; 4.079380e-01
2.020000e+00; 9.809999e+04; 4.106735e-01; -1.032423e+05; 4.095214e-01; -4.840651e+03; 4.099379e-01
2.025000e+00; 9.810000e+04; 4.128398e-01; -1.032406e+05; 4.114316e-01; -4.839702e+03; 4.119377e-01
2.030000e+00; 9.810000e+04; 4.150012e-01; -1.032388e+05; 4.133445e-01; -4.838541e+03; 4.139377e-01
2.035000e+00; 9.810000e+04; 4.171570e-01; -1.032369e+05; 4.152607e-01; -4.837126e+03; 4.159377e-01
2.040000e+00; 9.810000e+04; 4.193065e-01; -1.032346e+05; 4.171800e-01; -4.835403e+03; 4.179379e-01
2.045000e+00; 9.810000e+04; 4.214490e-01; -1.032322e+05; 4.191034e-01; -4.833314e+03; 4.199382e-01
2.050000e+00; 9.810000e+04; 4.235842e-01; -1.032298e+05; 4.210306e-01; -4.830788e+03; 4.219386e-01
2.055000e+00; 9.810000e+04; 4.257117e-01; -1.032274e+05; 4.229623e-01; -4.827744e+03; 4.239392e-01
2.060000e+00; 9.810000e+04; 4.278312e-01; -1.032251e+05; 4.248984e-01; -4.824090e+03; 4.259399e-01
2.065000e+00; 9.810000e+04; 4.299426e-01; -1.032228e+05; 4.268388e-01; -4.819721e+03; 4.279410e-01
2.070000e+00; 9.810000e+04; 4.320458e-01; -1.032205e+05; 4.287837e-01; -4.814518e+03; 4.299423e-01
2.075000e+00; 9.810000e+04; 4.341408e-01; -1.032183e+05; 4.307331e-01; -4.808347e+03; 4.319439e-01
2.080000e+00; 9.810000e+04; 4.362278e-01; -1.032162e+05; 4.326867e-01; -4.801060e+03; 4.339459e-01
2.085000e+00; 9.810000e+04; 4.383070e-01; -1.032142e+05; 4.346446e-01; -4.792493e+03; 4.359482e-01
2.090000e+00; 9.810000e+04; 4.403786e-01; -1.032123e+05; 4.366066e-01; -4.782465e+03; 4.379511e-01
2.095000e+00; 9.810000e+04; 4.424430e-01; -1.032106e+05; 4.385724e-01; -4.770780e+03; 4.399545e-01
2.100000e+00; 9.810000e+04; 4.445006e-01; -1.032090e+05; 4.405419e-01; -4.757227e+03; 4.419585e-01
2.105000e+00; 9.810000e+04; 4.465517e-01; -1.032075e+05; 4.425148e-01; -4.741579e+03; 4.439631e-01
2.110000e+00; 9.810000e+04; 4.485968e-01; -1.032061e+05; 4.444909e-01; -4.723594e+03; 4.459685e-01
2.115000e+00; 9.810000e+04; 4.506363e-01; -1.032049e+05; 4.464700e-01; -4.703020e+03; 4.479748e-01
2.120000e+00; 9.810000e+04; 4.526708e-01; -1.032039e+05; 4.484517e-01; -4.679593e+03; 4.499819e-01
2.125000e+00; 9.810000e+04; 4.547006e-01; -1.032029e+05; 4.504359e-01; -4.653043e+03; 4.519900e-01
2.130000e+00; 9.810000e+04; 4.567263e-01; -1.032020e+05; 4.524222e-01; -4.623092e+03; 4.539991e-01
2.135000e+00; 9.810000e+04; 4.587482e-01; -1.032013e+05; 4.544105e-01; -4.589465e+03; 4.560094e-01
2.140000e+00; 9.810000e+04; 4.607667e-01; -1.032006e+05; 4.564006e-01; -4.551887e+03; 4.580209e-01
2.145000e+00; 9.810000e+04; 4.627824e-01; -1.032001e+05; 4.583921e-01; -4.510091e+03; 4.600337e-01
2.150000e+00; 9.810000e+04; 4.647954e-01; -1.031996e+05; 4.603850e-01; -4.463823e+03; 4.620479e-01
2.155000e+00; 9.810000e+04; 4.668062e-01; -1.031991e+05; 4.623790e-01; -4.412848e+03; 4.640635e-01
2.160000e+00; 9.810000e+04; 4.688151e-01; -1.031988e+05; 4.643741e-01; -4.356951e+03; 4.660806e-01
2.165000e+00; 9.810000e+04; 4.708223e-01; -1.031985e+05; 4.663700e-01; -4.295949e+03; 4.680992e-01
2.170000e+00; 9.810000e+04; 4.728282e-01; -1.031982e+05; 4.683666e-01; -4.229694e+03; 4.701194e-01
2.175000e+00; 9.810000e+04; 4.748328e-01; -1.031980e+05; 4.703638e-01; -4.158076e+03; 4.721411e-01
2.180000e+00; 9.810000e+04; 4.768364e-01; -1.031977e+05; 4.723615e-01; -4.081031e+03; 4.741645e-01
2.185000e+00; 9.810000e+04; 4.788392e-01; -1.031976e+05; 4.743596e-01; -3.998546e+03; 4.761894e-01
2.190000e+00; 9.810000e+04; 4.808412e-01; -1.031974e+05; 4.763580e-01; -3.910661e+03; 4.782159e-01
2.195000e+00; 9.810000e+04; 4.828427e-01; -1.031971e+05; 4.783567e-01; -3.817473e+03; 4.802439e-01
2.200000e+00; 9.810000e+04; 4.848438e-01; -1.031969e+05; 4.803557e-01; -3.719139e+03; 4.822734e-01
2.205000e+00; 9.810000e+04; 4.868444e-01; -1.031967e+05; 4.823548e-01; -3.615876e+03; 4.843043e-01
2.210000e+00; 9.810000e+04; 4.888447e-01; -1.031965e+05; 4.843540e-01; -3.507961e+03; 4.863365e-01
2.215000e+00; 9.810000e+04; 4.908448e-01; -1.031962e+05; 4.863534e-01; -3.395733e+03; 4.883698e-01
2.220000e+00; 9.810000e+04; 4.928447e-01; -1.031959e+05; 4.883528e-01; -3.279584e+03; 4.904042e-01
2.225000e+00; 9.810000e+04; 4.948444e-01; -1.031956e+05; 4.903523e-01; -3.159963e+03; 4.924396e-01
2.230000e+00; 9.810000e+04; 4.968439e-01; -1.031951e+05; 4.923519e-01; -3.037367e+03; 4.944757e-01
2.235000e+00; 9.810000e+04; 4.988433e-01; -1.031946e+05; 4.943514e-01; -2.912335e+03; 4.965124e-01
2.240000e+00; 9.810000e+04; 5.008426e-01; -1.031940e+05; 4.963510e-01; -2.785444e+03; 4.985495e-01
2.245000e+00; 9.810000e+04; 5.028418e-01; -1.031932e+05; 4.983505e-01; -2.657297e+03; 5.005869e-01
2.250000e+00; 9.810000e+04; 5.048409e-01; -1.031922e+05; 5.003501e-01; -2.528519e+03; 5.026243e-01
2.255000e+00; 9.810000e+04; 5.068398e-01; -1.031911e+05; 5.023495e-01; -2.399744e+03; 5.046616e-01
2.260000e+00; 9.810000e+04; 5.088387e-01; -1.031897e+05; 5.043489e-01; -2.271607e+03; 5.066987e-01
2.265000e+00; 9.810000e+04; 5.108373e-01; -1.031880e+05; 5.063483e-01; -2.144738e+03; 5.087352e-01
2.270000e+00; 9.810000e+04; 5.128359e-01; -1.031859e+05; 5.083475e-01; -2.019745e+03; 5.107712e-01
2.275000e+00; 9.810000e+04; 5.148342e-01; -1.031833e+05; 5.103466e-01; -1.897213e+03; 5.128063e-01
2.280000e+00; 9.810000e+04; 5.168323e-01; -1.031802e+05; 5.123456e-01; -1.777691e+03; 5.148404e-01
2.285000e+00; 9.810000e+04; 5.188302e-01; -1.031764e+05; 5.143443e-01; -1.661686e+03; 5.168735e-01
2.290000e+00; 9.810000e+04; 5.208277e-01; -1.031717e+05; 5.163427e-01; -1.549657e+03; 5.189053e-01
2.295000e+00; 9.810000e+04; 5.228250e-01; -1.031662e+05; 5.183408e-01; -1.442010e+03; 5.209358e-01
2.300000e+00; 9.810000e+04; 5.248218e-01; -1.031595e+05; 5.203386e-01; -1.339093e+03; 5.229648e-01
2.305000e+00; 9.810000e+04; 5.268181e-01; -1.031515e+05; 5.223359e-01; -1.241194e+03; 5.249924e-01
2.310000e+00; 9.810000e+04; 5.288139e-01; -1.031419e+05; 5.243326e-01; -1.148538e+03; 5.270184e-01
2.315000e+00; 9.810000e+04; 5.308091e-01; -1.031306e+05; 5.263286e-01; -1.061290e+03; 5.290428e-01
2.320000e+00; 9.810000e+04; 5.328036e-01; -1.031171e+05; 5.283238e-01; -9.795494e+02; 5.310657e-01
2.325000e+00; 9.810000e+04; 5.347973e-01; -1.031010e+05; 5.303178e-01; -9.033604e+02; 5.330869e-01
2.330000e+00; 9.810000e+04; 5.367900e-01; -1.030821e+05; 5.323107e-01; -8.327084e+02; 5.351065e-01
2.335000e+00; 9.810000e+04; 5.387817e-01; -1.030601e+05; 5.343023e-01; -7.675266e+02; 5.371245e-01
2.340000e+00; 9.810000e+04; 5.407723e-01; -1.030343e+05; 5.362923e-01; -7.077006e+02; 5.391410e-01
2.345000e+00; 9.810000e+04; 5.427615e-01; -1.030044e+05; 5.382805e-01; -6.530732e+02; 5.411560e-01
2.350000e+00; 9.810000e+04; 5.447494e-01; -1.029697e+05; 5.402664e-01; -6.034503e+02; 5.431696e-01
2.355000e+00; 9.810000e+04; 5.467356e-01; -1.029296e+05; 5.422497e-01; -5.586069e+02; 5.451819e-01
2.360000e+00; 9.810000e+04; 5.487201e-01; -1.028834e+05; 5.442301e-01; -5.182932e+02; 5.471928e-01
2.365000e+00; 9.810000e+04; 5.507028e-01; -1.028303e+05; 5.462070e-01; -4.822404e+02; 5.492026e-01
2.370000e+00; 9.810000e+04; 5.526833e-01; -1.027696e+05; 5.481800e-01; -4.501664e+02; 5.512112e-01
2.375000e+00; 9.810000e+04; 5.546616e-01; -1.027004e+05; 5.501485e-01; -4.217815e+02; 5.532188e-01
2.380000e+00; 9.810000e+04; 5.566376e-01; -1.026218e+05; 5.521117e-01; -3.967932e+02; 5.552254e-01
2.385000e+00; 9.810000e+04; 5.586109e-01; -1.025331e+05; 5.540696e-01; -3.749106e+02; 5.572312e-01
2.390000e+00; 9.810000e+04; 5.605816e-01; -1.024332e+05; 5.560208e-01; -3.558488e+02; 5.592361e-01
2.395000e+00; 9.810000e+04; 5.625494e-01; -1.023209e+05; 5.579649e-01; -3.393315e+02; 5.612404e-01
2.400000e+00; 9.810000e+04; 5.645142e-01; -1.021953e+05; 5.599009e-01; -3.250945e+02; 5.632440e-01
2.405000e+00; 9.810000e+04; 5.664759e-01; -1.020553e+05; 5.618281e-01; -3.128875e+02; 5.652470e-01
2.410000e+00; 9.810000e+04; 5.684344e-01; -1.018998e+05; 5.637455e-01; -3.024759e+02; 5.672495e-01
2.415000e+00; 9.810000e+04; 5.703895e-01; -1.017276e+05; 5.656520e-01; -2.936416e+02; 5.692515e-01
2.420000e+00; 9.810000e+04; 5.723413e-01; -1.015377e+05; 5.675467e-01; -2.861841e+02; 5.712532e-01
2.425000e+00; 9.810000e+04; 5.742896e-01; -1.013288e+05; 5.694284e-01; -2.799200e+02; 5.732545e-01
2.430000e+00; 9.810000e+04; 5.762345e-01; -1.011000e+05; 5.712963e-01; -2.746836e+02; 5.752554e-01
2.435000e+00; 9.810000e+04; 5.781760e-01; -1.008502e+05; 5.731490e-01; -2.703257e+02; 5.772562e-01
2.440000e+00; 9.810000e+04; 5.801141e-01; -1.005784e+05; 5.749856e-01; -2.667133e+02; 5.792566e-01
2.445000e+00; 9.810000e+04; 5.820490e-01; -1.002836e+05; 5.768049e-01; -2.637284e+02; 5.812569e-01
2.450000e+00; 9.810000e+04; 5.839807e-01; -9.996501e+04; 5.786059e-01; -2.612668e+02; 5.832570e-01
2.455000e+00; 9.810000e+04; 5.859094e-01; -9.962173e+04; 5.803874e-01; -2.592370e+02; 5.852569e-01
2.460000e+00; 9.810000e+04; 5.878353e-01; -9.925303e+04; 5.821483e-01; -2.575588e+02; 5.872567e-01
2.465000e+00; 9.810000e+04; 5.897586e-01; -9.885827e+04; 5.838876e-01; -2.561617e+02; 5.892563e-01
2.470000e+00; 9.810000e+04; 5.916795e-01; -9.843692e+04; 5.856043e-01; -2.549838e+02; 5.912558e-01
2.475000e+00; 9.810000e+04; 5.935984e-01; -9.798859e+04; 5.872975e-01; -2.539703e+02; 5.932551e-01
2.480000e+00; 9.810000e+04; 5.955155e-01; -9.751298e+04; 5.889664e-01; -2.530720e+02; 5.952543e-01
2.485000e+00; 9.810000e+04; 5.974312e-01; -9.700993e+04; 5.906103e-01; -2.522437e+02; 5.972533e-01
2.490000e+00; 9.810000e+04; 5.993459e-01; -9.647944e+04; 5.922285e-01; -2.514436e+02; 5.992521e-01
2.495000e+00; 9.810000e+04; 6.012598e-01; -9.592149e+04; 5.938203e-01; -2.506308e+02; 6.012507e-01
2.500000e+00; 9.810000e+04; 6.031734e-01; -9.533641e+04; 5.953855e-01; -2.497651e+02; 6.032490e-01
2.505000e+00; 9.810000e+04; 6.050870e-01; -9.472454e+04; 5.969237e-01; -2.488047e+02; 6.052470e-01
2.510000e+00; 9.810000e+04; 6.070011e-01; -9.408627e+04; 5.984348e-01; -2.477057e+02; 6.072447e-01
2.515000e+00; 9.810000e+04; 6.089159e-01; -9.342226e+04; 5.999185e-01; -2.464199e+02; 6.092420e-01
2.520000e+00; 9.810000e+04; 6.108319e-01; -9.273316e+04; 6.013751e-01; -2.448941e+02; 6.112388e-01
2.525000e+00; 9.810000e+04; 6.127494e-01; -9.201979e+04; 6.028047e-01; -2.430680e+02; 6.132350e-01
2.530000e+00; 9.810000e+04; 6.146688e-01; -9.128299e+04; 6.042076e-01; -2.408734e+02; 6.152305e-01
2.535000e+00; 9.810000e+04; 6.165903e-01; -9.052373e+04; 6.055842e-01; -2.382319e+02; 6.172252e-01
2.540000e+00; 9.810000e+04; 6.185142e-01; -8.974300e+04; 6.069351e-01; -2.350536e+02; 6.192190e-01
2.545000e+00; 9.810000e+04; 6.204408e-01; -8.894194e+04; 6.082609e-01; -2.312354e+02; 6.212117e-01
2.550000e+00; 9.810000e+04; 6.223704e-01; -8.812166e+04; 6.095624e-01; -2.266587e+02; 6.232031e-01
2.555000e+00; 9.810000e+04; 6.243030e-01; -8.728329e+04; 6.108404e-01; -2.211878e+02; 6.251929e-01
2.560000e+00; 9.810000e+04; 6.262388e-01; -8.642802e+04; 6.120958e-01; -2.146677e+02; 6.271811e-01
2.565000e+00; 9.810000e+04; 6.281780e-01; -8.555703e+04; 6.133296e-01; -2.069218e+02; 6.291672e-01
2.570000e+00; 9.810000e+04; 6.301206e-01; -8.467148e+04; 6.145429e-01; -1.977495e+02; 6.311511e-01
2.575000e+00; 9.810000e+04; 6.320668e-01; -8.377251e+04; 6.157367e-01; -1.869238e+02; 6.331323e-01
2.580000e+00; 9.810000e+04; 6.340164e-01; -8.286127e+04; 6.169121e-01; -1.741892e+02; 6.351105e-01
2.585000e+00; 9.810000e+04; 6.359695e-01; -8.193885e+04; 6.180703e-01; -1.592586e+02; 6.370853e-01
2.590000e+00; 9.810000e+04; 6.379260e-01; -8.100631e+04; 6.192124e-01; -1.418110e+02; 6.390562e-01
2.595000e+00; 9.810000e+04; 6.398859e-01; -8.006466e+04; 6.203395e-01; -1.214897e+02; 6.410228e-01
2.600000e+00; 9.810000e+04; 6.418491e-01; -7.911488e+04; 6.214528e-01; -9.789942e+01; 6.429845e-01
2.605000e+00; 9.810000e+04; 6.438154e-01; -7.815780e+04; 6.225533e-01; -7.060461e+01; 6.449407e-01
2.610000e+00; 9.810000e+04; 6.457847e-01; -7.719430e+04; 6.236422e-01; -3.912794e+01; 6.468909e-01
2.615000e+00; 9.810000e+04; 6.477569e-01; -7.622518e+04; 6.247204e-01; -2.948718e+00; 6.488342e-01
2.620000e+00; 9.810000e+04; 6.497318e-01; -7.525109e+04; 6.257890e-01; 3.849807e+01; 6.507701e-01
2.625000e+00; 9.810000e+04; 6.517092e-01; -7.427278e+04; 6.268490e-01; 8.582238e+01; 6.526977e-01
2.630000e+00; 9.810000e+04; 6.536890e-01; -7.329066e+04; 6.279009e-01; 1.396793e+02; 6.546163e-01
2.635000e+00; 9.810000e+04; 6.556709e-01; -7.230538e+04; 6.289459e-01; 2.007688e+02; 6.565249e-01
2.640000e+00; 9.810000e+04; 6.576549e-01; -7.131739e+04; 6.299846e-01; 2.698344e+02; 6.584228e-01
2.645000e+00; 9.810000e+04; 6.596408e-01; -7.032711e+04; 6.310179e-01; 3.476623e+02; 6.603090e-01
2.650000e+00; 9.810000e+04; 6.616283e-01; -6.933496e+04; 6.320462e-01; 4.350782e+02; 6.621826e-01
2.655000e+00; 9.810000e+04; 6.636173e-01; -6.834118e+04; 6.330703e-01; 5.329449e+02; 6.640426e-01
2.660000e+00; 9.810000e+04; 6.656076e-01; -6.734611e+04; 6.340907e-01; 6.421581e+02; 6.658880e-01
2.665000e+00; 9.810000e+04; 6.675992e-01; -6.634995e+04; 6.351079e-01; 7.636418e+02; 6.677178e-01
2.670000e+00; 9.810000e+04; 6.695918e-01; -6.535294e+04; 6.361222e-01; 8.983432e+02; 6.695312e-01
2.675000e+00; 9.810000e+04; 6.715854e-01; -6.435523e+04; 6.371342e-01; 1.047226e+03; 6.713269e-01
2.680000e+00; 9.810000e+04; 6.735798e-01; -6.335698e+04; 6.381441e-01; 1.211266e+03; 6.731043e-01
2.685000e+00; 9.810000e+04; 6.755748e-01; -6.235821e+04; 6.391521e-01; 1.391439e+03; 6.748621e-01
2.690000e+00; 9.810000e+04; 6.775705e-01; -6.135915e+04; 6.401588e-01; 1.588718e+03; 6.765997e-01
2.695000e+00; 9.810000e+04; 6.795666e-01; -6.035994e+04; 6.411643e-01; 1.804063e+03; 6.783161e-01
2.700000e+00; 9.810000e+04; 6.815632e-01; -5.936052e+04; 6.421686e-01; 2.038411e+03; 6.800105e-01
2.705000e+00; 9.810000e+04; 6.835601e-01; -5.836095e+04; 6.431721e-01; 2.292671e+03; 6.816821e-01
2.710000e+00; 9.810000e+04; 6.855571e-01; -5.736129e+04; 6.441748e-01; 2.567709e+03; 6.833303e-01
2.715000e+00; 9.810000e+04; 6.875544e-01; -5.636174e+04; 6.451771e-01; 2.864346e+03; 6.849545e-01
2.720000e+00; 9.810000e+04; 6.895517e-01; -5.536205e+04; 6.461786e-01; 3.183341e+03; 6.865541e-01
2.725000e+00; 9.810000e+04; 6.915490e-01; -5.436260e+04; 6.471802e-01; 3.525391e+03; 6.881287e-01
2.730000e+00; 9.810000e+04; 6.935462e-01; -5.336327e+04; 6.481812e-01; 3.891118e+03; 6.896781e-01
2.735000e+00; 9.810000e+04; 6.955433e-01; -5.236374e+04; 6.491819e-01; 4.281062e+03; 6.912019e-01
2.740000e+00; 9.810000e+04; 6.975401e-01; -5.136442e+04; 6.501824e-01; 4.695675e+03; 6.927000e-01
2.745000e+00; 9.810000e+04; 6.995366e-01; -5.036493e+04; 6.511823e-01; 5.135317e+03; 6.941724e-01
2.750000e+00; 9.810000e+04; 7.015326e-01; -4.936602e+04; 6.521830e-01; 5.600251e+03; 6.956192e-01
2.755000e+00; 9.810000e+04; 7.035281e-01; -4.836738e+04; 6.531831e-01; 6.090635e+03; 6.970406e-01
2.760000e+00; 9.810000e+04; 7.055228e-01; -4.736858e+04; 6.541831e-01; 6.606529e+03; 6.984369e-01
2.765000e+00; 9.810000e+04; 7.075168e-01; -4.636999e+04; 6.551829e-01; 7.147886e+03; 6.998085e-01
2.770000e+00; 9.810000e+04; 7.095097e-01; -4.537164e+04; 6.561827e-01; 7.714556e+03; 7.011558e-01
2.775000e+00; 9.810000e+04; 7.115014e-01; -4.437373e+04; 6.571825e-01; 8.306286e+03; 7.024794e-01
2.780000e+00; 9.810000e+04; 7.134917e-01; -4.337617e+04; 6.581824e-01; 8.922726e+03; 7.037800e-01
2.785000e+00; 9.810000e+04; 7.154803e-01; -4.237899e+04; 6.591821e-01; 9.563429e+03; 7.050584e-01
2.790000e+00; 9.810000e+04; 7.174670e-01; -4.138221e+04; 6.601819e-01; 1.022786e+04; 7.063153e-01
2.795000e+00; 9.810000e+04; 7.194515e-01; -4.038597e+04; 6.611817e-01; 1.091539e+04; 7.075515e-01
2.800000e+00; 9.810000e+04; 7.214333e-01; -3.939027e+04; 6.621814e-01; 1.162534e+04; 7.087681e-01
2.805000e+00; 9.810000e+04; 7.234121e-01; -3.839512e+04; 6.631810e-01; 1.235692e+04; 7.099660e-01
2.810000e+00; 9.810000e+04; 7.253875e-01; -3.740078e+04; 6.641809e-01; 1.310932e+04; 7.111461e-01
2.815000e+00; 9.810000e+04; 7.273589e-01; -3.640733e+04; 6.651807e-01; 1.388166e+04; 7.123094e-01
2.820000e+00; 9.810000e+04; 7.293258e-01; -3.541474e+04; 6.661805e-01; 1.467300e+04; 7.134571e-01
2.825000e+00; 9.810000e+04; 7.312875e-01; -3.442315e+04; 6.671803e-01; 1.548241e+04; 7.145900e-01
2.830000e+00; 9.810000e+04; 7.332435e-01; -3.343263e+04; 6.681802e-01; 1.630889e+04; 7.157092e-01
2.835000e+00; 9.810000e+04; 7.351928e-01; -3.244337e+04; 6.691801e-01; 1.715145e+04; 7.168157e-01
2.840000e+00; 9.809999e+04; 7.371348e-01; -3.145545e+04; 6.701801e-01; 1.800909e+04; 7.179106e-01
2.845000e+00; 9.809999e+04; 7.390686e-01; -3.046899e+04; 6.711801e-01; 1.888082e+04; 7.189946e-01
2.850000e+00; 9.809999e+04; 7.409931e-01; -2.948411e+04; 6.721802e-01; 1.976564e+04; 7.200688e-01
2.855000e+00; 9.809999e+04; 7.429073e-01; -2.850097e+04; 6.731803e-01; 2.066258e+04; 7.211341e-01
2.860000e+00; 9.809999e+04; 7.448101e-01; -2.751965e+04; 6.741805e-01; 2.157070e+04; 7.221913e-01
2.865000e+00; 9.809999e+04; 7.467003e-01; -2.654030e+04; 6.751808e-01; 2.248907e+04; 7.232411e-01
2.870000e+00; 9.809999e+04; 7.485766e-01; -2.556306e+04; 6.761812e-01; 2.341682e+04; 7.242843e-01
2.875000e+00; 9.809999e+04; 7.504377e-01; -2.458802e+04; 6.771816e-01; 2.435310e+04; 7.253217e-01
2.880000e+00; 9.809999e+04; 7.522821e-01; -2.361531e+04; 6.781821e-01; 2.529712e+04; 7.263539e-01
2.885000e+00; 9.809999e+04; 7.541084e-01; -2.264504e+04; 6.791827e-01; 2.624810e+04; 7.273814e-01
2.890000e+00; 9.809999e+04; 7.559149e-01; -2.167732e+04; 6.801834e-01; 2.720534e+04; 7.284048e-01
2.895000e+00; 9.809999e+04; 7.577002e-01; -2.071226e+04; 6.811842e-01; 2.816819e+04; 7.294247e-01
2.900000e+00; 9.809999e+04; 7.594625e-01; -1.974992e+04; 6.821850e-01; 2.913601e+04; 7.304415e-01
2.905000e+00; 9.809999e+04; 7.612000e-01; -1.879038e+04; 6.831860e-01; 3.010825e+04; 7.314555e-01
2.910000e+00; 9.809999e+04; 7.629112e-01; -1.783372e+04; 6.841870e-01; 3.108438e+04; 7.324672e-01
2.915000e+00; 9.809999e+04; 7.645941e-01; -1.687995e+04; 6.851882e-01; 3.206393e+04; 7.334768e-01
2.920000e+00; 9.809999e+04; 7.662471e-01; -1.592906e+04; 6.861894e-01; 3.304645e+04; 7.344848e-01
2.925000e+00; 9.809999e+04; 7.678683e-01; -1.498108e+04; 6.871907e-01; 3.403157e+04; 7.354912e-01
2.930000e+00; 9.809999e+04; 7.694561e-01; -1.403595e+04; 6.881921e-01; 3.501891e+04; 7.364964e-01
2.935000e+00; 9.809999e+04; 7.710087e-01; -1.309364e+04; 6.891935e-01; 3.600817e+04; 7.375006e-01
2.940000e+00; 9.809999e+04; 7.725244e-01; -1.215405e+04; 6.901950e-01; 3.699906e+04; 7.385038e-01
2.945000e+00; 9.809999e+04; 7.740015e-01; -1.121709e+04; 6.911965e-01; 3.799132e+04; 7.395063e-01
2.950000e+00; 9.809999e+04; 7.754387e-01; -1.028263e+04; 6.921981e-01; 3.898473e+04; 7.405081e-01
2.955000e+00; 9.809999e+04; 7.768344e-01; -9.350534e+03; 6.931996e-01; 3.997908e+04; 7.415094e-01
2.960000e+00; 9.809999e+04; 7.781872e-01; -8.420618e+03; 6.942012e-01; 4.097420e+04; 7.425102e-01
2.965000e+00; 9.809999e+04; 7.794959e-01; -7.492690e+03; 6.952027e-01; 4.196992e+04; 7.435106e-01
2.970000e+00; 9.809999e+04; 7.807595e-01; -6.566533e+03; 6.962042e-01; 4.296609e+04; 7.445107e-01
2.975000e+00; 9.809999e+04; 7.819769e-01; -5.641916e+03; 6.972057e-01; 4.396259e+04; 7.455104e-01
2.980000e+00; 9.809999e+04; 7.831473e-01; -4.718584e+03; 6.982071e-01; 4.495928e+04; 7.465098e-01
2.985000e+00; 9.809999e+04; 7.842701e-01; -3.796257e+03; 6.992084e-01; 4.595606e+04; 7.475089e-01
2.990000e+00; 9.809999e+04; 7.853449e-01; -2.874660e+03; 7.002095e-01; 4.695281e+04; 7.485078e-01
2.995000e+00; 9.809999e+04; 7.863712e-01; -1.953514e+03; 7.012106e-01; 4.794942e+04; 7.495063e-01
3.000000e+00; 9.809999e+04; 7.873490e-01; -1.032529e+03; 7.022115e-01; 4.894579e+04; 7.505044e-01
3.005000e+00; 9.810000e+04; 7.882783e-01; -1.113998e+02; 7.032123e-01; 4.994180e+04; 7.515022e-01
3.010000e+00; 9.810000e+04; 7.891593e-01; 8.101788e+02; 7.042129e-01; 5.093734e+04; 7.524996e-01
3.015000e+00; 9.810000e+04; 7.899925e-01; 1.732484e+03; 7.052134e-01; 5.193228e+04; 7.534965e-01
3.020000e+00; 9.810000e+04; 7.907783e-01; 2.655788e+03; 7.062136e-01; 5.292649e+04; 7.544928e-01
3.025000e+00; 9.810000e+04; 7.915176e-01; 3.580369e+03; 7.072137e-01; 5.391982e+04; 7.554885e-01
3.030000e+00; 9.810000e+04; 7.922113e-01; 4.506489e+03; 7.082135e-01; 5.491212e+04; 7.564835e-01
3.035000e+00; 9.810000e+04; 7.928603e-01; 5.434395e+03; 7.092132e-01; 5.590320e+04; 7.574776e-01
3.040000e+00; 9.810000e+04; 7.934659e-01; 6.364308e+03; 7.102127e-01; 5.689288e+04; 7.584708e-01
3.045000e+00; 9.810000e+04; 7.940295e-01; 7.296426e+03; 7.112119e-01; 5.788094e+04; 7.594629e-01
3.050000e+00; 9.810000e+04; 7.945523e-01; 8.230918e+03; 7.122110e-01; 5.886715e+04; 7.604537e-01
3.055000e+00; 9.810000e+04; 7.950360e-01; 9.167969e+03; 7.132099e-01; 5.985124e+04; 7.614431e-01
3.060000e+00; 9.810000e+04; 7.954822e-01; 1.010773e+04; 7.142086e-01; 6.083292e+04; 7.624308e-01
3.065000e+00; 9.810001e+04; 7.958926e-01; 1.105026e+04; 7.152071e-01; 6.181190e+04; 7.634166e-01
3.070000e+00; 9.810001e+04; 7.962688e-01; 1.199565e+04; 7.162055e-01; 6.278781e+04; 7.644003e-01
3.075000e+00; 9.810001e+04; 7.966127e-01; 1.294395e+04; 7.172038e-01; 6.376030e+04; 7.653816e-01
3.080000e+00; 9.810001e+04; 7.969261e-01; 1.389519e+04; 7.182019e-01; 6.472894e+04; 7.663602e-01
3.085000e+00; 9.810001e+04; 7.972108e-01; 1.484938e+04; 7.192000e-01; 6.569332e+04; 7.673358e-01
3.090000e+00; 9.810001e+04; 7.974686e-01; 1.580651e+04; 7.201979e-01; 6.665294e+04; 7.683079e-01
3.095000e+00; 9.810001e+04; 7.977013e-01; 1.676653e+04; 7.211958e-01; 6.760731e+04; 7.692762e-01
3.100000e+00; 9.810001e+04; 7.979106e-01; 1.772942e+04; 7.221937e-01; 6.855588e+04; 7.702402e-01
3.105000e+00; 9.810001e+04; 7.980983e-01; 1.869510e+04; 7.231915e-01; 6.949808e+04; 7.711995e-01
3.110000e+00; 9.810001e+04; 7.982661e-01; 1.966349e+04; 7.241893e-01; 7.043330e+04; 7.721536e-01
3.115000e+00; 9.810001e+04; 7.984155e-01; 2.063446e+04; 7.251871e-01; 7.136090e+04; 7.731019e-01
3.120000e+00; 9.810001e+04; 7.985481e-01; 2.160791e+04; 7.261848e-01; 7.228019e+04; 7.740439e-01
3.125000e+00; 9.810001e+04; 7.986655e-01; 2.258373e+04; 7.271827e-01; 7.319049e+04; 7.749790e-01
3.130000e+00; 9.810001e+04; 7.987689e-01; 2.356178e+04; 7.281805e-01; 7.409105e+04; 7.759065e-01
3.135000e+00; 9.810000e+04; 7.988598e-01; 2.454193e+04; 7.291784e-01; 7.498112e+04; 7.768257e-01
3.140000e+00; 9.810000e+04; 7.989393e-01; 2.552402e+04; 7.301764e-01; 7.585992e+04; 7.777360e-01
3.145000e+00; 9.810000e+04; 7.990087e-01; 2.650794e+04; 7.311744e-01; 7.672666e+04; 7.786367e-01
3.150000e+00; 9.810000e+04; 7.990690e-01; 2.749358e+04; 7.321725e-01; 7.758053e+04; 7.795269e-01
3.155000e+00; 9.810000e+04; 7.991212e-01; 2.848076e+04; 7.331706e-01; 7.842072e+04; 7.804059e-01
3.160000e+00; 9.810000e+04; 7.991663e-01; 2.946936e+04; 7.341688e-01; 7.924639e+04; 7.812729e-01
3.165000e+00; 9.810000e+04; 7.992051e-01; 3.045926e+04; 7.351671e-01; 8.005675e+04; 7.821271e-01
3.170000e+00; 9.810000e+04; 7.992382e-01; 3.145032e+04; 7.361654e-01; 8.085097e+04; 7.829677e-01
3.175000e+00; 9.810000e+04; 7.992666e-01; 3.244245e+04; 7.371638e-01; 8.162827e+04; 7.837939e-01
3.180000e+00; 9.810000e+04; 7.992907e-01; 3.343556e+04; 7.381621e-01; 8.238787e+04; 7.846048e-01
3.185000e+00; 9.810000e+04; 7.993111e-01; 3.442950e+04; 7.391605e-01; 8.312902e+04; 7.853996e-01
3.190000e+00; 9.810000e+04; 7.993284e-01; 3.542417e+04; 7.401589e-01; 8.385100e+04; 7.861776e-01
3.195000e+00; 9.810000e+04; 7.993429e-01; 3.641947e+04; 7.411573e-01; 8.455315e+04; 7.869379e-01
3.200000e+00; 9.810000e+04; 7.993551e-01; 3.741531e+04; 7.421556e-01; 8.523483e+04; 7.876798e-01
3.205000e+00; 9.810000e+04; 7.993654e-01; 3.841161e+04; 7.431538e-01; 8.589547e+04; 7.884026e-01
3.210000e+00; 9.810000e+04; 7.993740e-01; 3.940828e+04; 7.441520e-01; 8.653453e+04; 7.891056e-01
3.215000e+00; 9.810000e+04; 7.993813e-01; 4.040526e+04; 7.451500e-01; 8.715157e+04; 7.897881e-01
3.220000e+00; 9.810000e+04; 7.993874e-01; 4.140246e+04; 7.461478e-01; 8.774618e+04; 7.904496e-01
3.225000e+00; 9.810000e+04; 7.993926e-01; 4.239983e+04; 7.471454e-01; 8.831804e+04; 7.910896e-01
3.230000e+00; 9.810000e+04; 7.993970e-01; 4.339728e+04; 7.481427e-01; 8.886690e+04; 7.917074e-01
3.235000e+00; 9.810000e+04; 7.994009e-01; 4.439477e+04; 7.491396e-01; 8.939259e+04; 7.923028e-01
3.240000e+00; 9.810000e+04; 7.994043e-01; 4.539221e+04; 7.501361e-01; 8.989501e+04; 7.928755e-01
3.245000e+00; 9.810000e+04; 7.994075e-01; 4.638956e+04; 7.511321e-01; 9.037414e+04; 7.934250e-01
3.250000e+00; 9.810000e+04; 7.994105e-01; 4.738673e+04; 7.521275e-01; 9.083004e+04; 7.939514e-01
3.255000e+00; 9.810000e+04; 7.994133e-01; 4.838365e+04; 7.531221e-01; 9.126286e+04; 7.944543e-01
3.260000e+00; 9.810000e+04; 7.994163e-01; 4.938026e+04; 7.541159e-01; 9.167282e+04; 7.949339e-01
3.265000e+00; 9.810000e+04; 7.994193e-01; 5.037645e+04; 7.551088e-01; 9.206020e+04; 7.953902e-01
3.270000e+00; 9.810000e+04; 7.994225e-01; 5.137214e+04; 7.561005e-01; 9.242537e+04; 7.958232e-01
3.275000e+00; 9.810000e+04; 7.994260e-01; 5.236722e+04; 7.570910e-01; 9.276878e+04; 7.962333e-01
3.280000e+00; 9.810000e+04; 7.994298e-01; 5.336159e+04; 7.580800e-01; 9.309091e+04; 7.966206e-01
3.285000e+00; 9.810000e+04; 7.994341e-01; 5.435513e+04; 7.590673e-01; 9.339232e+04; 7.969857e-01
3.290000e+00; 9.810000e+04; 7.994389e-01; 5.534771e+04; 7.600527e-01; 9.367364e+04; 7.973287e-01
3.295000e+00; 9.810000e+04; 7.994444e-01; 5.633918e+04; 7.610360e-01; 9.393553e+04; 7.976504e-01
3.300000e+00; 9.810000e+04; 7.994505e-01; 5.732937e+04; 7.620168e-01; 9.417868e+04; 7.979512e-01
3.305000e+00; 9.810000e+04; 7.994574e-01; 5.831811e+04; 7.629949e-01; 9.440384e+04; 7.982318e-01
3.310000e+00; 9.810000e+04; 7.994652e-01; 5.930517e+04; 7.639699e-01; 9.461179e+04; 7.984927e-01
3.315000e+00; 9.810000e+04; 7.994739e-01; 6.029035e+04; 7.649415e-01; 9.480332e+04; 7.987348e-01
3.320000e+00; 9.810000e+04; 7.994837e-01; 6.127341e+04; 7.659093e-01; 9.497924e+04; 7.989588e-01
3.325000e+00; 9.810000e+04; 7.994947e-01; 6.225412e+04; 7.668728e-01; 9.514037e+04; 7.991654e-01
3.330000e+00; 9.810000e+04; 7.995069e-01; 6.323216e+04; 7.678316e-01; 9.528756e+04; 7.993556e-01
3.335000e+00; 9.810000e+04; 7.995204e-01; 6.420716e+04; 7.687853e-01; 9.542162e+04; 7.995299e-01
3.340000e+00; 9.810000e+04; 7.995355e-01; 6.517884e+04; 7.697333e-01; 9.554337e+04; 7.996895e-01
3.345000e+00; 9.810000e+04; 7.995521e-01; 6.614683e+04; 7.706750e-01; 9.565364e+04; 7.998350e-01
3.350000e+00; 9.810000e+04; 7.995704e-01; 6.711073e+04; 7.716099e-01; 9.575320e+04; 7.999673e-01
3.355000e+00; 9.810000e+04; 7.995905e-01; 6.807010e+04; 7.725373e-01; 9.584285e+04; 8.000872e-01
3.360000e+00; 9.810000e+04; 7.996124e-01; 6.902445e+04; 7.734568e-01; 9.592332e+04; 8.001956e-01
3.365000e+00; 9.810000e+04; 7.996364e-01; 6.997335e+04; 7.743674e-01; 9.599535e+04; 8.002933e-01
3.370000e+00; 9.810000e+04; 7.996624e-01; 7.091628e+04; 7.752685e-01; 9.605963e+04; 8.003811e-01
3.375000e+00; 9.810000e+04; 7.996906e-01; 7.185267e+04; 7.761595e-01; 9.611681e+04; 8.004597e-01
3.380000e+00; 9.810000e+04; 7.997210e-01; 7.278195e+04; 7.770395e-01; 9.616754e+04; 8.005298e-01
3.385000e+00; 9.810000e+04; 7.997537e-01; 7.370351e+04; 7.779079e-01; 9.621239e+04; 8.005922e-01
3.390000e+00; 9.810000e+04; 7.997888e-01; 7.461666e+04; 7.787639e-01; 9.625194e+04; 8.006476e-01
3.395000e+00; 9.810000e+04; 7.998264e-01; 7.552078e+04; 7.796067e-01; 9.628671e+04; 8.006966e-01
3.400000e+00; 9.810000e+04; 7.998664e-01; 7.641523e+04; 7.804355e-01; 9.631717e+04; 8.007397e-01
3.405000e+00; 9.810000e+04; 7.999089e-01; 7.729927e+04; 7.812496e-01; 9.634380e+04; 8.007776e-01
3.410000e+00; 9.810000e+04; 7.999540e-01; 7.817220e+04; 7.820481e-01; 9.636699e+04; 8.008107e-01
3.415000e+00; 9.810000e+04; 8.000015e-01; 7.903327e+04; 7.828302e-01; 9.638715e+04; 8.008396e-01
3.420000e+00; 9.810000e+04; 8.000515e-01; 7.988176e+04; 7.835953e-01; 9.640463e+04; 8.008647e-01
3.425000e+00; 9.810000e+04; 8.001040e-01; 8.071690e+04; 7.843427e-01; 9.641974e+04; 8.008864e-01
3.430000e+00; 9.810000e+04; 8.001588e-01; 8.153794e+04; 7.850716e-01; 9.643278e+04; 8.009052e-01
3.435000e+00; 9.810000e+04; 8.002160e-01; 8.234412e+04; 7.857813e-01; 9.644402e+04; 8.009213e-01
3.440000e+00; 9.810000e+04; 8.002754e-01; 8.313472e+04; 7.864713e-01; 9.645370e+04; 8.009351e-01
3.445000e+00; 9.810000e+04; 8.003369e-01; 8.390899e+04; 7.871410e-01; 9.646203e+04; 8.009469e-01
3.450000e+00; 9.810000e+04; 8.004004e-01; 8.466624e+04; 7.877898e-01; 9.646922e+04; 8.009568e-01
3.455000e+00; 9.810000e+04; 8.004658e-01; 8.540577e+04; 7.884173e-01; 9.647545e+04; 8.009652e-01
3.460000e+00; 9.810000e+04; 8.005328e-01; 8.612691e+04; 7.890230e-01; 9.648087e+04; 8.009723e-01
3.465000e+00; 9.810000e+04; 8.006013e-01; 8.722877e+04; 7.890230e-01; 9.648562e+04; 8.009782e-01
3.470000e+00; 9.810000e+04; 8.006711e-01; 8.758567e+04; 7.904021e-01; 9.648985e+04; 8.009831e-01
3.475000e+00; 9.810000e+04; 8.007421e-01; 8.821842e+04; 7.904021e-01; 9.649367e+04; 8.009871e-01
3.480000e+00; 9.810000e+04; 8.008139e-01; 8.926009e+04; 7.908405e-01; 9.649719e+04; 8.009904e-01
3.485000e+00; 9.810000e+04; 8.008863e-01; 8.968004e+04; 7.914841e-01; 9.650051e+04; 8.009930e-01
3.490000e+00; 9.810000e+04; 8.009592e-01; 9.022201e+04; 7.920373e-01; 9.650374e+04; 8.009951e-01
3.495000e+00; 9.810000e+04; 8.010323e-01; 9.076798e+04; 7.924514e-01; 9.650694e+04; 8.009967e-01
3.500000e+00; 9.810000e+04; 8.011054e-01; 9.140056e+04; 7.928255e-01; 9.651023e+04; 8.009978e-01
3.505000e+00; 9.810000e+04; 8.011782e-01; 9.192096e+04; 7.932446e-01; 9.651367e+04; 8.009986e-01
3.510000e+00; 9.810000e+04; 8.012504e-01; 9.240625e+04; 7.936663e-01; 9.651734e+04; 8.009990e-01
3.515000e+00; 9.810000e+04; 8.013219e-01; 9.285772e+04; 7.940474e-01; 9.652134e+04; 8.009991e-01
3.520000e+00; 9.810000e+04; 8.013925e-01; 9.332768e+04; 7.943819e-01; 9.652574e+04; 8.009990e-01
3.525000e+00; 9.810000e+04; 8.014618e-01; 9.376873e+04; 7.947003e-01; 9.653062e+04; 8.009986e-01
3.530000e+00; 9.810000e+04; 8.015298e-01; 9.418391e+04; 7.950107e-01; 9.653606e+04; 8.009980e-01
3.535000e+00; 9.810000e+04; 8.015962e-01; 9.456460e+04; 7.953054e-01; 9.654216e+04; 8.009971e-01
3.540000e+00; 9.810000e+04; 8.016608e-01; 9.493267e+04; 7.955740e-01; 9.654901e+04; 8.009960e-01
3.545000e+00; 9.810000e+04; 8.017235e-01; 9.528142e+04; 7.958206e-01; 9.655670e+04; 8.009946e-01
3.550000e+00; 9.810000e+04; 8.017841e-01; 9.561188e+04; 7.960509e-01; 9.656533e+04; 8.009930e-01
3.555000e+00; 9.810000e+04; 8.018426e-01; 9.591743e+04; 7.962671e-01; 9.657499e+04; 8.009912e-01
3.560000e+00; 9.810000e+04; 8.018987e-01; 9.620433e+04; 7.964666e-01; 9.658580e+04; 8.009890e-01
3.565000e+00; 9.810000e+04; 8.019525e-01; 9.647263e+04; 7.966488e-01; 9.659787e+04; 8.009866e-01
3.570000e+00; 9.810000e+04; 8.020038e-01; 9.672447e+04; 7.968156e-01; 9.661131e+04; 8.009839e-01
3.575000e+00; 9.810000e+04; 8.020525e-01; 9.695752e+04; 7.969693e-01; 9.662624e+04; 8.009808e-01
3.580000e+00; 9.810000e+04; 8.020988e-01; 9.717344e+04; 7.971103e-01; 9.664277e+04; 8.009773e-01
3.585000e+00; 9.810000e+04; 8.021424e-01; 9.737271e+04; 7.972387e-01; 9.666105e+04; 8.009735e-01
3.590000e+00; 9.810000e+04; 8.021835e-01; 9.755719e+04; 7.973550e-01; 9.668117e+04; 8.009692e-01
3.595000e+00; 9.810000e+04; 8.022221e-01; 9.772688e+04; 7.974604e-01; 9.670329e+04; 8.009645e-01
3.600000e+00; 9.810000e+04; 8.022582e-01; 9.788266e+04; 7.975558e-01; 9.672751e+04; 8.009594e-01
3.605000e+00; 9.810000e+04; 8.022917e-01; 9.802497e+04; 7.976420e-01; 9.675397e+04; 8.009537e-01
3.610000e+00; 9.810000e+04; 8.023229e-01; 9.815498e+04; 7.977193e-01; 9.678278e+04; 8.009474e-01
3.615000e+00; 9.810000e+04; 8.023518e-01; 9.827331e+04; 7.977886e-01; 9.681407e+04; 8.009406e-01
3.620000e+00; 9.810000e+04; 8.023784e-01; 9.838082e+04; 7.978505e-01; 9.684796e+04; 8.009331e-01
3.625000e+00; 9.810000e+04; 8.024028e-01; 9.847806e+04; 7.979058e-01; 9.688456e+04; 8.009250e-01
3.630000e+00; 9.810000e+04; 8.024252e-01; 9.856570e+04; 7.979551e-01; 9.692398e+04; 8.009162e-01
3.635000e+00; 9.810000e+04; 8.024456e-01; 9.864458e+04; 7.979986e-01; 9.696634e+04; 8.009066e-01
3.640000e+00; 9.810000e+04; 8.024641e-01; 9.871578e+04; 7.980367e-01; 9.701175e+04; 8.008962e-01
3.645000e+00; 9.810000e+04; 8.024809e-01; 9.877966e+04; 7.980702e-01; 9.706036e+04; 8.008848e-01
3.650000e+00; 9.810000e+04; 8.024960e-01; 9.883647e+04; 7.980998e-01; 9.711231e+04; 8.008724e-01
3.655000e+00; 9.810000e+04; 8.025095e-01; 9.888677e+04; 7.981260e-01; 9.716779e+04; 8.008587e-01
3.660000e+00; 9.810000e+04; 8.025216e-01; 9.893137e+04; 7.981489e-01; 9.722703e+04; 8.008435e-01
3.665000e+00; 9.810000e+04; 8.025324e-01; 9.897092e+04; 7.981687e-01; 9.729026e+04; 8.008265e-01
3.670000e+00; 9.810000e+04; 8.025419e-01; 9.900584e+04; 7.981859e-01; 9.735777e+04; 8.008075e-01
3.675000e+00; 9.810000e+04; 8.025502e-01; 9.903649e+04; 7.982009e-01; 9.742981e+04; 8.007861e-01
3.680000e+00; 9.810000e+04; 8.025575e-01; 9.906331e+04; 7.982139e-01; 9.750662e+04; 8.007621e-01
3.685000e+00; 9.810000e+04; 8.025638e-01; 9.908674e+04; 7.982251e-01; 9.758833e+04; 8.007352e-01
3.690000e+00; 9.810000e+04; 8.025692e-01; 9.910718e+04; 7.982348e-01; 9.767494e+04; 8.007055e-01
3.695000e+00; 9.810000e+04; 8.025737e-01; 9.912493e+04; 7.982432e-01; 9.776626e+04; 8.006731e-01
3.700000e+00; 9.810000e+04; 8.025774e-01; 9.914027e+04; 7.982505e-01; 9.786188e+04; 8.006384e-01
3.705000e+00; 9.810000e+04; 8.025804e-01; 9.915348e+04; 7.982568e-01; 9.796117e+04; 8.006017e-01
3.710000e+00; 9.810000e+04; 8.025828e-01; 9.916488e+04; 7.982624e-01; 9.806334e+04; 8.005640e-01
3.715000e+00; 9.810000e+04; 8.025844e-01; 9.917471e+04; 7.982672e-01; 9.816742e+04; 8.005259e-01
3.720000e+00; 9.810000e+04; 8.025855e-01; 9.918314e+04; 7.982715e-01; 9.827243e+04; 8.004883e-01
3.725000e+00; 9.810000e+04; 8.025859e-01; 9.919030e+04; 7.982754e-01; 9.837740e+04; 8.004519e-01
3.730000e+00; 9.810000e+04; 8.025858e-01; 9.919638e+04; 7.982790e-01; 9.848146e+04; 8.004174e-01
3.735000e+00; 9.810000e+04; 8.025851e-01; 9.920157e+04; 7.982824e-01; 9.858394e+04; 8.003852e-01
3.740000e+00; 9.810000e+04; 8.025838e-01; 9.920603e+04; 7.982855e-01; 9.868435e+04; 8.003555e-01
3.745000e+00; 9.810000e+04; 8.025819e-01; 9.920984e+04; 7.982887e-01; 9.878239e+04; 8.003283e-01
3.750000e+00; 9.810000e+04; 8.025794e-01; 9.921311e+04; 7.982918e-01; 9.887794e+04; 8.003036e-01
3.755000e+00; 9.810000e+04; 8.025762e-01; 9.921592e+04; 7.982951e-01; 9.897103e+04; 8.002811e-01
3.760000e+00; 9.810000e+04; 8.025723e-01; 9.921835e+04; 7.982984e-01; 9.906174e+04; 8.002605e-01
3.765000e+00; 9.810000e+04; 8.025677e-01; 9.922047e+04; 7.983021e-01; 9.915020e+04; 8.002414e-01
3.770000e+00; 9.810000e+04; 8.025623e-01; 9.922235e+04; 7.983060e-01; 9.923654e+04; 8.002235e-01
3.775000e+00; 9.810000e+04; 8.025560e-01; 9.922404e+04; 7.983103e-01; 9.932085e+04; 8.002065e-01
3.780000e+00; 9.810000e+04; 8.025488e-01; 9.922558e+04; 7.983150e-01; 9.940318e+04; 8.001903e-01
3.785000e+00; 9.810000e+04; 8.025406e-01; 9.922702e+04; 7.983203e-01; 9.948353e+04; 8.001746e-01
3.790000e+00; 9.810000e+04; 8.025312e-01; 9.922839e+04; 7.983261e-01; 9.956187e+04; 8.001594e-01
3.795000e+00; 9.810000e+04; 8.025207e-01; 9.922971e+04; 7.983325e-01; 9.963813e+04; 8.001446e-01
3.800000e+00; 9.810000e+04; 8.025089e-01; 9.923101e+04; 7.983397e-01; 9.971221e+04; 8.001301e-01
3.805000e+00; 9.810000e+04; 8.024956e-01; 9.923233e+04; 7.983476e-01; 9.978401e+04; 8.001159e-01
3.810000e+00; 9.810000e+04; 8.024809e-01; 9.923367e+04; 7.983565e-01; 9.985342e+04; 8.001020e-01
3.815000e+00; 9.810000e+04; 8.024645e-01; 9.923504e+04; 7.983663e-01; 9.992034e+04; 8.000885e-01
3.820000e+00; 9.810000e+04; 8.024463e-01; 9.923647e+04; 7.983771e-01; 9.998465e+04; 8.000754e-01
3.825000e+00; 9.810000e+04; 8.024262e-01; 9.923796e+04; 7.983891e-01; 1.000463e+05; 8.000626e-01
3.830000e+00; 9.810000e+04; 8.024041e-01; 9.923952e+04; 7.984022e-01; 1.001052e+05; 8.000503e-01
3.835000e+00; 9.810000e+04; 8.023797e-01; 9.924116e+04; 7.984166e-01; 1.001613e+05; 8.000384e-01
3.840000e+00; 9.810000e+04; 8.023531e-01; 9.924289e+04; 7.984325e-01; 1.002145e+05; 8.000271e-01
3.845000e+00; 9.810000e+04; 8.023239e-01; 9.924470e+04; 7.984497e-01; 1.002649e+05; 8.000162e-01
3.850000e+00; 9.810000e+04; 8.022921e-01; 9.924659e+04; 7.984685e-01; 1.003125e+05; 8.000058e-01
3.855000e+00; 9.810000e+04; 8.022574e-01; 9.924857e+04; 7.984890e-01; 1.003572e+05; 7.999959e-01
3.860000e+00; 9.810000e+04; 8.022198e-01; 9.925064e+04; 7.985111e-01; 1.003991e+05; 7.999865e-01
3.865000e+00; 9.810000e+04; 8.021790e-01; 9.925278e+04; 7.985351e-01; 1.004383e+05; 7.999776e-01
3.870000e+00; 9.810000e+04; 8.021348e-01; 9.925499e+04; 7.985609e-01; 1.004748e+05; 7.999693e-01
3.875000e+00; 9.810000e+04; 8.020871e-01; 9.925726e+04; 7.985886e-01; 1.005087e+05; 7.999615e-01
3.880000e+00; 9.810000e+04; 8.020356e-01; 9.925959e+04; 7.986183e-01; 1.005401e+05; 7.999541e-01
3.885000e+00; 9.810000e+04; 8.019800e-01; 9.926196e+04; 7.986500e-01; 1.005690e+05; 7.999473e-01
3.890000e+00; 9.810000e+04; 8.019201e-01; 9.926436e+04; 7.986839e-01; 1.005956e+05; 7.999409e-01
3.895000e+00; 9.810000e+04; 8.018558e-01; 9.926679e+04; 7.987199e-01; 1.006200e+05; 7.999350e-01
3.900000e+00; 9.810000e+04; 8.017866e-01; 9.926922e+04; 7.987580e-01; 1.006423e+05; 7.999295e-01
3.905000e+00; 9.810000e+04; 8.017124e-01; 9.927164e+04; 7.987983e-01; 1.006625e+05; 7.999245e-01
3.910000e+00; 9.810000e+04; 8.016330e-01; 9.927404e+04; 7.988408e-01; 1.006808e+05; 7.999198e-01
3.915000e+00; 9.810000e+04; 8.015482e-01; 9.927640e+04; 7.988855e-01; 1.006974e+05; 7.999156e-01
3.920000e+00; 9.810000e+04; 8.014578e-01; 9.927871e+04; 7.989323e-01; 1.007122e+05; 7.999117e-01
3.925000e+00; 9.810000e+04; 8.013619e-01; 9.928095e+04; 7.989813e-01; 1.007255e+05; 7.999081e-01
3.930000e+00; 9.810000e+04; 8.012605e-01; 9.928309e+04; 7.990323e-01; 1.007373e+05; 7.999049e-01
3.935000e+00; 9.810000e+04; 8.011538e-01; 9.928512e+04; 7.990854e-01; 1.007477e+05; 7.999019e-01
3.940000e+00; 9.810000e+04; 8.010422e-01; 9.928703e+04; 7.991404e-01; 1.007569e+05; 7.998993e-01
3.945000e+00; 9.810000e+04; 8.009261e-01; 9.928880e+04; 7.991973e-01; 1.007649e+05; 7.998968e-01
3.950000e+00; 9.810000e+04; 8.008060e-01; 9.929041e+04; 7.992560e-01; 1.007717e+05; 7.998945e-01
3.955000e+00; 9.810000e+04; 8.006827e-01; 9.929184e+04; 7.993163e-01; 1.007776e+05; 7.998925e-01
3.960000e+00; 9.810000e+04; 8.005569e-01; 9.929309e+04; 7.993782e-01; 1.007825e+05; 7.998905e-01
3.965000e+00; 9.810000e+04; 8.004295e-01; 9.929414e+04; 7.994415e-01; 1.007865e+05; 7.998888e-01
3.970000e+00; 9.810000e+04; 8.003012e-01; 9.929498e+04; 7.995060e-01; 1.007896e+05; 7.998871e-01
3.975000e+00; 9.810000e+04; 8.001729e-01; 9.929560e+04; 7.995715e-01; 1.007920e+05; 7.998855e-01
3.980000e+00; 9.810000e+04; 8.000453e-01; 9.929600e+04; 7.996380e-01; 1.007936e+05; 7.998839e-01
3.985000e+00; 9.810000e+04; 7.999191e-01; 9.929616e+04; 7.997053e-01; 1.007945e+05; 7.998824e-01
3.990000e+00; 9.810000e+04; 7.997949e-01; 9.929609e+04; 7.997731e-01; 1.007947e+05; 7.998809e-01
3.995000e+00; 9.810000e+04; 7.996732e-01; 9.929579e+04; 7.998412e-01; 1.007942e+05; 7.998794e-01
4.000000e+00; 9.810000e+04; 7.995542e-01; 9.929525e+04; 7.999096e-01; 1.007930e+05; 7.998778e-01
4.005000e+00; 9.810000e+04; 7.994383e-01; 9.929447e+04; 7.999779e-01; 1.007911e+05; 7.998761e-01
4.010000e+00; 9.810000e+04; 7.993256e-01; 9.929346e+04; 8.000460e-01; 1.007886e+05; 7.998744e-01
4.015000e+00; 9.810000e+04; 7.992161e-01; 9.929223e+04; 8.001137e-01; 1.007853e+05; 7.998725e-01
4.020000e+00; 9.810000e+04; 7.991099e-01; 9.929078e+04; 8.001809e-01; 1.007812e+05; 7.998706e-01
4.025000e+00; 9.810000e+04; 7.990068e-01; 9.928913e+04; 8.002472e-01; 1.007764e+05; 7.998684e-01
4.030000e+00; 9.810000e+04; 7.989070e-01; 9.928728e+04; 8.003126e-01; 1.007707e+05; 7.998661e-01
4.035000e+00; 9.810000e+04; 7.988102e-01; 9.928525e+04; 8.003769e-01; 1.007641e+05; 7.998635e-01
4.040000e+00; 9.810000e+04; 7.987164e-01; 9.928305e+04; 8.004400e-01; 1.007566e+05; 7.998607e-01
4.045000e+00; 9.810000e+04; 7.986257e-01; 9.928069e+04; 8.005016e-01; 1.007481e+05; 7.998576e-01
4.050000e+00; 9.810000e+04; 7.985378e-01; 9.927819e+04; 8.005616e-01; 1.007385e+05; 7.998542e-01
4.055000e+00; 9.810000e+04; 7.984529e-01; 9.927558e+04; 8.006200e-01; 1.007278e+05; 7.998506e-01
4.060000e+00; 9.810000e+04; 7.983710e-01; 9.927286e+04; 8.006765e-01; 1.007158e+05; 7.998465e-01
4.065000e+00; 9.810000e+04; 7.982920e-01; 9.927005e+04; 8.007311e-01; 1.007026e+05; 7.998421e-01
4.070000e+00; 9.810000e+04; 7.982159e-01; 9.926718e+04; 8.007837e-01; 1.006879e+05; 7.998372e-01
4.075000e+00; 9.810000e+04; 7.981429e-01; 9.926425e+04; 8.008343e-01; 1.006716e+05; 7.998319e-01
4.080000e+00; 9.810000e+04; 7.980730e-01; 9.926129e+04; 8.008827e-01; 1.006538e+05; 7.998261e-01
4.085000e+00; 9.810000e+04; 7.980061e-01; 9.925830e+04; 8.009290e-01; 1.006343e+05; 7.998198e-01
4.090000e+00; 9.810000e+04; 7.979424e-01; 9.925531e+04; 8.009731e-01; 1.006129e+05; 7.998130e-01
4.095000e+00; 9.810000e+04; 7.978817e-01; 9.925234e+04; 8.010149e-01; 1.005895e+05; 7.998055e-01
4.100000e+00; 9.810000e+04; 7.978243e-01; 9.924938e+04; 8.010545e-01; 1.005641e+05; 7.997974e-01
4.105000e+00; 9.810000e+04; 7.977699e-01; 9.924646e+04; 8.010919e-01; 1.005365e+05; 7.997886e-01
4.110000e+00; 9.810000e+04; 7.977186e-01; 9.924358e+04; 8.011272e-01; 1.005066e+05; 7.997790e-01
4.115000e+00; 9.810000e+04; 7.976704e-01; 9.924075e+04; 8.011602e-01; 1.004742e+05; 7.997686e-01
4.120000e+00; 9.810000e+04; 7.976252e-01; 9.923799e+04; 8.011912e-01; 1.004393e+05; 7.997574e-01
4.125000e+00; 9.810000e+04; 7.975830e-01; 9.923527e+04; 8.012201e-01; 1.004016e+05; 7.997453e-01
4.130000e+00; 9.810000e+04; 7.975436e-01; 9.923261e+04; 8.012470e-01; 1.003611e+05; 7.997321e-01
4.135000e+00; 9.810000e+04; 7.975070e-01; 9.923001e+04; 8.012720e-01; 1.003177e+05; 7.997179e-01
4.140000e+00; 9.810000e+04; 7.974731e-01; 9.922748e+04; 8.012952e-01; 1.002712e+05; 7.997026e-01
4.145000e+00; 9.810000e+04; 7.974419e-01; 9.922500e+04; 8.013165e-01; 1.002216e+05; 7.996861e-01
4.150000e+00; 9.810000e+04; 7.974131e-01; 9.922257e+04; 8.013362e-01; 1.001687e+05; 7.996683e-01
4.155000e+00; 9.810000e+04; 7.973866e-01; 9.922016e+04; 8.013543e-01; 1.001125e+05; 7.996493e-01
4.160000e+00; 9.810000e+04; 7.973625e-01; 9.921777e+04; 8.013709e-01; 1.000530e+05; 7.996291e-01
4.165000e+00; 9.810000e+04; 7.973405e-01; 9.921538e+04; 8.013861e-01; 9.999008e+04; 7.996075e-01
4.170000e+00; 9.810000e+04; 7.973205e-01; 9.921298e+04; 8.014000e-01; 9.992381e+04; 7.995846e-01
4.175000e+00; 9.810000e+04; 7.973025e-01; 9.921053e+04; 8.014127e-01; 9.985425e+04; 7.995606e-01
4.180000e+00; 9.810000e+04; 7.972862e-01; 9.920802e+04; 8.014243e-01; 9.978148e+04; 7.995353e-01
4.185000e+00; 9.810000e+04; 7.972717e-01; 9.920539e+04; 8.014348e-01; 9.970563e+04; 7.995091e-01
4.190000e+00; 9.810000e+04; 7.972587e-01; 9.920263e+04; 8.014445e-01; 9.962688e+04; 7.994818e-01
4.195000e+00; 9.810000e+04; 7.972472e-01; 9.919970e+04; 8.014533e-01; 9.954542e+04; 7.994538e-01
4.200000e+00; 9.810000e+04; 7.972370e-01; 9.919655e+04; 8.014615e-01; 9.946152e+04; 7.994252e-01
4.205000e+00; 9.810000e+04; 7.972282e-01; 9.919312e+04; 8.014690e-01; 9.937545e+04; 7.993961e-01
4.210000e+00; 9.810000e+04; 7.972205e-01; 9.918935e+04; 8.014759e-01; 9.928750e+04; 7.993668e-01
4.215000e+00; 9.810000e+04; 7.972139e-01; 9.918519e+04; 8.014825e-01; 9.919801e+04; 7.993375e-01
4.220000e+00; 9.810000e+04; 7.972084e-01; 9.918056e+04; 8.014887e-01; 9.910731e+04; 7.993084e-01
4.225000e+00; 9.810000e+04; 7.972038e-01; 9.917539e+04; 8.014947e-01; 9.901573e+04; 7.992797e-01
4.230000e+00; 9.810000e+04; 7.972001e-01; 9.916959e+04; 8.015006e-01; 9.892361e+04; 7.992516e-01
4.235000e+00; 9.810000e+04; 7.971973e-01; 9.916306e+04; 8.015064e-01; 9.883129e+04; 7.992243e-01
4.240000e+00; 9.810000e+04; 7.971953e-01; 9.915567e+04; 8.015123e-01; 9.873907e+04; 7.991978e-01
4.245000e+00; 9.810000e+04; 7.971941e-01; 9.914733e+04; 8.015184e-01; 9.864725e+04; 7.991723e-01
4.250000e+00; 9.810000e+04; 7.971936e-01; 9.913790e+04; 8.015248e-01; 9.855609e+04; 7.991480e-01
4.255000e+00; 9.810000e+04; 7.971938e-01; 9.912725e+04; 8.015315e-01; 9.846584e+04; 7.991248e-01
4.260000e+00; 9.810000e+04; 7.971948e-01; 9.911522e+04; 8.015388e-01; 9.837671e+04; 7.991028e-01
4.265000e+00; 9.810000e+04; 7.971964e-01; 9.910163e+04; 8.015468e-01; 9.828890e+04; 7.990820e-01
4.270000e+00; 9.810000e+04; 7.971988e-01; 9.908627e+04; 8.015556e-01; 9.820258e+04; 7.990624e-01
4.275000e+00; 9.810000e+04; 7.972019e-01; 9.906896e+04; 8.015653e-01; 9.811790e+04; 7.990440e-01
4.280000e+00; 9.810000e+04; 7.972057e-01; 9.904948e+04; 8.015761e-01; 9.803497e+04; 7.990267e-01
4.285000e+00; 9.810000e+04; 7.972103e-01; 9.902760e+04; 8.015882e-01; 9.795392e+04; 7.990105e-01
4.290000e+00; 9.810000e+04; 7.972157e-01; 9.900304e+04; 8.016017e-01; 9.787483e+04; 7.989952e-01
4.295000e+00; 9.810000e+04; 7.972218e-01; 9.897554e+04; 8.016168e-01; 9.779781e+04; 7.989809e-01
4.300000e+00; 9.810000e+04; 7.972289e-01; 9.894477e+04; 8.016338e-01; 9.772292e+04; 7.989674e-01
4.305000e+00; 9.810000e+04; 7.972368e-01; 9.891043e+04; 8.016529e-01; 9.765024e+04; 7.989547e-01
4.310000e+00; 9.810000e+04; 7.972457e-01; 9.887217e+04; 8.016743e-01; 9.757982e+04; 7.989428e-01
4.315000e+00; 9.810000e+04; 7.972556e-01; 9.882962e+04; 8.016983e-01; 9.751174e+04; 7.989315e-01
4.320000e+00; 9.810000e+04; 7.972666e-01; 9.878241e+04; 8.017251e-01; 9.744604e+04; 7.989209e-01
4.325000e+00; 9.810000e+04; 7.972787e-01; 9.873011e+04; 8.017550e-01; 9.738276e+04; 7.989109e-01
4.330000e+00; 9.810000e+04; 7.972920e-01; 9.867229e+04; 8.017883e-01; 9.732195e+04; 7.989014e-01
4.335000e+00; 9.810000e+04; 7.973065e-01; 9.860850e+04; 8.018254e-01; 9.726364e+04; 7.988925e-01
4.340000e+00; 9.810000e+04; 7.973223e-01; 9.853826e+04; 8.018665e-01; 9.720785e+04; 7.988841e-01
4.345000e+00; 9.810000e+04; 7.973395e-01; 9.846109e+04; 8.019120e-01; 9.715460e+04; 7.988761e-01
4.350000e+00; 9.810000e+04; 7.973581e-01; 9.837645e+04; 8.019623e-01; 9.710388e+04; 7.988687e-01
4.355000e+00; 9.810000e+04; 7.973783e-01; 9.828378e+04; 8.020178e-01; 9.705571e+04; 7.988616e-01
4.360000e+00; 9.810000e+04; 7.974000e-01; 9.818254e+04; 8.020789e-01; 9.701006e+04; 7.988551e-01
4.365000e+00; 9.810000e+04; 7.974234e-01; 9.807216e+04; 8.021460e-01; 9.696690e+04; 7.988489e-01
4.370000e+00; 9.810000e+04; 7.974484e-01; 9.795209e+04; 8.022195e-01; 9.692621e+04; 7.988432e-01
4.375000e+00; 9.810000e+04; 7.974752e-01; 9.782175e+04; 8.022998e-01; 9.688793e+04; 7.988379e-01
4.380000e+00; 9.810000e+04; 7.975038e-01; 9.768053e+04; 8.023874e-01; 9.685201e+04; 7.988330e-01
4.385000e+00; 9.810000e+04; 7.975342e-01; 9.752786e+04; 8.024828e-01; 9.681839e+04; 7.988285e-01
4.390000e+00; 9.810000e+04; 7.975665e-01; 9.736312e+04; 8.025863e-01; 9.678699e+04; 7.988245e-01
4.395000e+00; 9.810000e+04; 7.976007e-01; 9.718577e+04; 8.026987e-01; 9.675773e+04; 7.988208e-01
4.400000e+00; 9.810000e+04; 7.976369e-01; 9.699522e+04; 8.028202e-01; 9.673053e+04; 7.988175e-01
4.405000e+00; 9.810000e+04; 7.976750e-01; 9.679089e+04; 8.029516e-01; 9.670529e+04; 7.988146e-01
4.410000e+00; 9.810000e+04; 7.977150e-01; 9.657222e+04; 8.030934e-01; 9.668192e+04; 7.988121e-01
4.415000e+00; 9.810000e+04; 7.977570e-01; 9.633869e+04; 8.032461e-01; 9.666030e+04; 7.988100e-01
4.420000e+00; 9.810000e+04; 7.978009e-01; 9.608977e+04; 8.034103e-01; 9.664033e+04; 7.988083e-01
4.425000e+00; 9.810000e+04; 7.978467e-01; 9.582497e+04; 8.035867e-01; 9.662190e+04; 7.988070e-01
4.430000e+00; 9.810000e+04; 7.978944e-01; 9.554377e+04; 8.037760e-01; 9.660490e+04; 7.988061e-01
4.435000e+00; 9.810000e+04; 7.979439e-01; 9.524570e+04; 8.039788e-01; 9.658921e+04; 7.988057e-01
4.440000e+00; 9.810000e+04; 7.979952e-01; 9.493035e+04; 8.041959e-01; 9.657471e+04; 7.988058e-01
4.445000e+00; 9.810000e+04; 7.980482e-01; 9.459728e+04; 8.044279e-01; 9.656128e+04; 7.988063e-01
4.450000e+00; 9.810000e+04; 7.981028e-01; 9.424609e+04; 8.046756e-01; 9.654881e+04; 7.988073e-01
4.455000e+00; 9.810000e+04; 7.981590e-01; 9.387639e+04; 8.049398e-01; 9.653716e+04; 7.988089e-01
4.460000e+00; 9.810000e+04; 7.982166e-01; 9.348784e+04; 8.052212e-01; 9.652622e+04; 7.988110e-01
4.465000e+00; 9.810000e+04; 7.982756e-01; 9.308012e+04; 8.055205e-01; 9.651586e+04; 7.988138e-01
4.470000e+00; 9.810000e+04; 7.983357e-01; 9.265294e+04; 8.058383e-01; 9.650595e+04; 7.988173e-01
4.475000e+00; 9.810000e+04; 7.983969e-01; 9.220606e+04; 8.061755e-01; 9.649637e+04; 7.988216e-01
4.480000e+00; 9.810000e+04; 7.984591e-01; 9.173926e+04; 8.065324e-01; 9.648699e+04; 7.988267e-01
4.485000e+00; 9.810000e+04; 7.985221e-01; 9.125237e+04; 8.069098e-01; 9.647767e+04; 7.988327e-01
4.490000e+00; 9.810000e+04; 7.985858e-01; 9.074528e+04; 8.073081e-01; 9.646828e+04; 7.988397e-01
4.495000e+00; 9.810000e+04; 7.986499e-01; 9.021795e+04; 8.077276e-01; 9.645867e+04; 7.988478e-01
4.500000e+00; 9.810000e+04; 7.987144e-01; 8.967036e+04; 8.081687e-01; 9.644870e+04; 7.988572e-01
4.505000e+00; 9.810000e+04; 7.987791e-01; 8.910259e+04; 8.086316e-01; 9.643822e+04; 7.988679e-01
4.510000e+00; 9.810000e+04; 7.988438e-01; 8.851475e+04; 8.091164e-01; 9.642707e+04; 7.988802e-01
4.515000e+00; 9.810000e+04; 7.989084e-01; 8.790703e+04; 8.096232e-01; 9.641509e+04; 7.988941e-01
4.520000e+00; 9.810000e+04; 7.989726e-01; 8.727968e+04; 8.101517e-01; 9.640210e+04; 7.989098e-01
4.525000e+00; 9.810000e+04; 7.990365e-01; 8.663301e+04; 8.107020e-01; 9.638791e+04; 7.989277e-01
4.530000e+00; 9.810000e+04; 7.990997e-01; 8.596741e+04; 8.112737e-01; 9.637234e+04; 7.989477e-01
4.535000e+00; 9.810000e+04; 7.991621e-01; 8.528319e+04; 8.118666e-01; 9.635519e+04; 7.989702e-01
4.540000e+00; 9.810000e+04; 7.992237e-01; 8.458081e+04; 8.124803e-01; 9.633623e+04; 7.989955e-01
4.545000e+00; 9.810000e+04; 7.992842e-01; 8.386089e+04; 8.131142e-01; 9.631524e+04; 7.990237e-01
4.550000e+00; 9.810000e+04; 7.993435e-01; 8.312397e+04; 8.137679e-01; 9.629197e+04; 7.990552e-01
4.555000e+00; 9.810000e+04; 7.994016e-01; 8.237055e+04; 8.144409e-01; 9.626617e+04; 7.990903e-01
4.560000e+00; 9.810000e+04; 7.994582e-01; 8.160123e+04; 8.151326e-01; 9.623757e+04; 7.991292e-01
4.565000e+00; 9.810000e+04; 7.995133e-01; 8.081662e+04; 8.158425e-01; 9.620588e+04; 7.991723e-01
4.570000e+00; 9.810000e+04; 7.995668e-01; 8.001736e+04; 8.165698e-01; 9.617080e+04; 7.992200e-01
4.575000e+00; 9.810000e+04; 7.996186e-01; 7.920403e+04; 8.173140e-01; 9.613200e+04; 7.992727e-01
4.580000e+00; 9.810000e+04; 7.996687e-01; 7.837725e+04; 8.180745e-01; 9.608916e+04; 7.993307e-01
4.585000e+00; 9.810000e+04; 7.997169e-01; 7.753769e+04; 8.188506e-01; 9.604191e+04; 7.993944e-01
4.590000e+00; 9.810000e+04; 7.997633e-01; 7.668599e+04; 8.196416e-01; 9.598990e+04; 7.994643e-01
4.595000e+00; 9.810000e+04; 7.998078e-01; 7.582280e+04; 8.204470e-01; 9.593274e+04; 7.995409e-01
4.600000e+00; 9.810000e+04; 7.998504e-01; 7.452637e+04; 8.218827e-01; 9.587003e+04; 7.996246e-01
4.605000e+00; 9.810000e+04; 7.998910e-01; 7.396419e+04; 8.218827e-01; 9.580134e+04; 7.997158e-01
4.610000e+00; 9.810000e+04; 7.999297e-01; 7.291954e+04; 8.235434e-01; 9.572626e+04; 7.998150e-01
4.615000e+00; 9.810000e+04; 7.999665e-01; 7.167498e+04; 8.242241e-01; 9.564434e+04; 7.999229e-01
4.620000e+00; 9.810000e+04; 8.000014e-01; 7.101582e+04; 8.250655e-01; 9.555512e+04; 8.000397e-01
4.625000e+00; 9.810000e+04; 8.000345e-01; 6.998642e+04; 8.259634e-01; 9.545812e+04; 8.001662e-01
4.630000e+00; 9.810000e+04; 8.000657e-01; 6.909354e+04; 8.268778e-01; 9.535287e+04; 8.003028e-01
4.635000e+00; 9.810000e+04; 8.000952e-01; 6.810698e+04; 8.277812e-01; 9.523887e+04; 8.004500e-01
4.640000e+00; 9.810000e+04; 8.001230e-01; 6.718934e+04; 8.286941e-01; 9.511562e+04; 8.006084e-01
4.645000e+00; 9.810000e+04; 8.001491e-01; 6.621998e+04; 8.296093e-01; 9.498258e+04; 8.007785e-01
4.650000e+00; 9.810000e+04; 8.001737e-01; 6.527974e+04; 8.305363e-01; 9.483925e+04; 8.009608e-01
4.655000e+00; 9.810000e+04; 8.001969e-01; 6.430884e+04; 8.314675e-01; 9.468508e+04; 8.011560e-01
4.660000e+00; 9.810000e+04; 8.002187e-01; 6.335293e+04; 8.324070e-01; 9.451953e+04; 8.013645e-01
4.665000e+00; 9.810000e+04; 8.002392e-01; 6.237893e+04; 8.333506e-01; 9.434205e+04; 8.015870e-01
4.670000e+00; 9.810000e+04; 8.002586e-01; 6.141222e+04; 8.343011e-01; 9.415207e+04; 8.018239e-01
4.675000e+00; 9.810000e+04; 8.002770e-01; 6.043403e+04; 8.352556e-01; 9.394903e+04; 8.020757e-01
4.680000e+00; 9.810000e+04; 8.002945e-01; 5.945933e+04; 8.362154e-01; 9.373237e+04; 8.023431e-01
4.685000e+00; 9.810000e+04; 8.003112e-01; 5.847728e+04; 8.371788e-01; 9.350152e+04; 8.026265e-01
4.690000e+00; 9.810000e+04; 8.003273e-01; 5.749670e+04; 8.381465e-01; 9.325592e+04; 8.029264e-01
4.695000e+00; 9.810000e+04; 8.003429e-01; 5.651127e+04; 8.391174e-01; 9.299500e+04; 8.032434e-01
4.700000e+00; 9.810000e+04; 8.003582e-01; 5.552630e+04; 8.400917e-01; 9.271821e+04; 8.035779e-01
4.705000e+00; 9.810000e+04; 8.003734e-01; 5.453810e+04; 8.410686e-01; 9.242501e+04; 8.039303e-01
4.710000e+00; 9.810000e+04; 8.003886e-01; 5.354991e+04; 8.420483e-01; 9.211489e+04; 8.043011e-01
4.715000e+00; 9.810000e+04; 8.004039e-01; 5.255955e+04; 8.430302e-01; 9.178733e+04; 8.046906e-01
4.720000e+00; 9.810000e+04; 8.004197e-01; 5.156906e+04; 8.440143e-01; 9.144188e+04; 8.050993e-01
4.725000e+00; 9.810000e+04; 8.004361e-01; 5.057717e+04; 8.450002e-01; 9.107809e+04; 8.055274e-01
4.730000e+00; 9.810000e+04; 8.004533e-01; 4.958516e+04; 8.459878e-01; 9.069557e+04; 8.059752e-01
4.735000e+00; 9.810000e+04; 8.004716e-01; 4.859228e+04; 8.469768e-01; 9.029395e+04; 8.064429e-01
4.740000e+00; 9.810000e+04; 8.004912e-01; 4.759936e+04; 8.479672e-01; 8.987293e+04; 8.069306e-01
4.745000e+00; 9.810000e+04; 8.005123e-01; 4.660599e+04; 8.489587e-01; 8.943226e+04; 8.074386e-01
4.750000e+00; 9.810000e+04; 8.005354e-01; 4.561269e+04; 8.499512e-01; 8.897173e+04; 8.079667e-01
4.755000e+00; 9.810000e+04; 8.005606e-01; 4.461926e+04; 8.509445e-01; 8.849119e+04; 8.085150e-01
4.760000e+00; 9.810000e+04; 8.005882e-01; 4.362605e+04; 8.519386e-01; 8.799057e+04; 8.090834e-01
4.765000e+00; 9.810000e+04; 8.006187e-01; 4.263295e+04; 8.529334e-01; 8.746982e+04; 8.096719e-01
4.770000e+00; 9.810000e+04; 8.006524e-01; 4.164021e+04; 8.539287e-01; 8.692897e+04; 8.102801e-01
4.775000e+00; 9.810000e+04; 8.006897e-01; 4.064781e+04; 8.549245e-01; 8.636805e+04; 8.109080e-01
4.780000e+00; 9.810000e+04; 8.007310e-01; 3.965592e+04; 8.559207e-01; 8.578715e+04; 8.115552e-01
4.785000e+00; 9.810000e+04; 8.007768e-01; 3.866455e+04; 8.569172e-01; 8.518636e+04; 8.122217e-01
4.790000e+00; 9.810000e+04; 8.008275e-01; 3.767384e+04; 8.579140e-01; 8.456572e+04; 8.129071e-01
4.795000e+00; 9.810000e+04; 8.008836e-01; 3.668382e+04; 8.589110e-01; 8.392529e+04; 8.136114e-01
4.800000e+00; 9.810000e+04; 8.009457e-01; 3.569460e+04; 8.599082e-01; 8.326506e+04; 8.143344e-01
4.805000e+00; 9.810000e+04; 8.010144e-01; 3.470624e+04; 8.609055e-01; 8.258497e+04; 8.150761e-01
4.810000e+00; 9.810000e+04; 8.010902e-01; 3.371883e+04; 8.619029e-01; 8.188494e+04; 8.158364e-01
4.815000e+00; 9.810000e+04; 8.011738e-01; 3.273241e+04; 8.629003e-01; 8.116491e+04; 8.166154e-01
4.820000e+00; 9.810000e+04; 8.012658e-01; 3.174708e+04; 8.638978e-01; 8.042486e+04; 8.174129e-01
4.825000e+00; 9.810000e+04; 8.013669e-01; 3.076290e+04; 8.648953e-01; 7.966495e+04; 8.182287e-01
4.830000e+00; 9.810001e+04; 8.014779e-01; 2.977993e+04; 8.658928e-01; 7.888550e+04; 8.190622e-01
4.835000e+00; 9.810001e+04; 8.015995e-01; 2.879824e+04; 8.668903e-01; 7.808715e+04; 8.199127e-01
4.840000e+00; 9.810001e+04; 8.017325e-01; 2.781788e+04; 8.678878e-01; 7.727081e+04; 8.207792e-01
4.845000e+00; 9.810001e+04; 8.018777e-01; 2.683893e+04; 8.688852e-01; 7.643774e+04; 8.216603e-01
4.850000e+00; 9.810001e+04; 8.020360e-01; 2.586145e+04; 8.698825e-01; 7.558941e+04; 8.225545e-01
4.855000e+00; 9.810001e+04; 8.022082e-01; 2.488546e+04; 8.708798e-01; 7.472750e+04; 8.234601e-01
4.860000e+00; 9.810001e+04; 8.023953e-01; 2.391103e+04; 8.718771e-01; 7.385374e+04; 8.243753e-01
4.865000e+00; 9.810001e+04; 8.025981e-01; 2.293821e+04; 8.728743e-01; 7.296979e+04; 8.252984e-01
4.870000e+00; 9.810001e+04; 8.028176e-01; 2.196704e+04; 8.738714e-01; 7.207715e+04; 8.262282e-01
4.875000e+00; 9.810001e+04; 8.030548e-01; 2.099757e+04; 8.748685e-01; 7.117710e+04; 8.271635e-01
4.880000e+00; 9.810001e+04; 8.033107e-01; 2.002980e+04; 8.758655e-01; 7.027059e+04; 8.281033e-01
4.885000e+00; 9.810001e+04; 8.035862e-01; 1.906374e+04; 8.768625e-01; 6.935834e+04; 8.290470e-01
4.890000e+00; 9.810001e+04; 8.038825e-01; 1.809944e+04; 8.778595e-01; 6.844080e+04; 8.299945e-01
4.895000e+00; 9.810001e+04; 8.042004e-01; 1.713690e+04; 8.788564e-01; 6.751823e+04; 8.309453e-01
4.900000e+00; 9.810001e+04; 8.045412e-01; 1.617611e+04; 8.798534e-01; 6.659080e+04; 8.318997e-01
4.905000e+00; 9.810001e+04; 8.049057e-01; 1.521705e+04; 8.808503e-01; 6.565857e+04; 8.328574e-01
4.910000e+00; 9.810001e+04; 8.052951e-01; 1.425972e+04; 8.818473e-01; 6.472164e+04; 8.338186e-01
4.915000e+00; 9.810001e+04; 8.057105e-01; 1.330409e+04; 8.828442e-01; 6.378010e+04; 8.347832e-01
4.920000e+00; 9.810001e+04; 8.061529e-01; 1.235014e+04; 8.838412e-01; 6.283409e+04; 8.357511e-01
4.925000e+00; 9.810001e+04; 8.066232e-01; 1.139779e+04; 8.848383e-01; 6.188381e+04; 8.367224e-01
4.930000e+00; 9.810001e+04; 8.071227e-01; 1.044704e+04; 8.858354e-01; 6.092950e+04; 8.376969e-01
4.935000e+00; 9.810001e+04; 8.076522e-01; 9.497769e+03; 8.868327e-01; 5.997143e+04; 8.386743e-01
4.940000e+00; 9.810001e+04; 8.082128e-01; 8.549938e+03; 8.878300e-01; 5.900991e+04; 8.396547e-01
4.945000e+00; 9.810001e+04; 8.088054e-01; 7.603472e+03; 8.888275e-01; 5.804525e+04; 8.406377e-01
4.950000e+00; 9.810001e+04; 8.094310e-01; 6.658277e+03; 8.898251e-01; 5.707779e+04; 8.416232e-01
4.955000e+00; 9.810001e+04; 8.100905e-01; 5.714266e+03; 8.908229e-01; 5.610787e+04; 8.426112e-01
4.960000e+00; 9.810001e+04; 8.107846e-01; 4.771341e+03; 8.918208e-01; 5.513581e+04; 8.436013e-01
4.965000e+00; 9.810001e+04; 8.115142e-01; 3.829379e+03; 8.928189e-01; 5.416193e+04; 8.445935e-01
4.970000e+00; 9.810001e+04; 8.122800e-01; 2.888257e+03; 8.938172e-01; 5.318657e+04; 8.455877e-01
4.975000e+00; 9.810001e+04; 8.130827e-01; 1.947888e+03; 8.948157e-01; 5.221004e+04; 8.465838e-01
4.980000e+00; 9.810001e+04; 8.139227e-01; 1.008113e+03; 8.958144e-01; 5.123264e+04; 8.475817e-01
4.985000e+00; 9.810001e+04; 8.148007e-01; 6.881791e+01; 8.968133e-01; 5.025467e+04; 8.485813e-01
4.990000e+00; 9.810001e+04; 8.157170e-01; -8.701418e+02; 8.978125e-01; 4.927643e+04; 8.495827e-01
4.995000e+00; 9.810001e+04; 8.166720e-01; -1.808894e+03; 8.988119e-01; 4.829821e+04; 8.505858e-01
5.000000e+00; 9.810001e+04; 8.176659e-01; -2.747586e+03; 8.998115e-01; 4.732030e+04; 8.515906e-01
5.005000e+00; 9.810001e+04; 8.186989e-01; -3.686358e+03; 9.008114e-01; 4.634299e+04; 8.525972e-01
5.010000e+00; 9.810001e+04; 8.197712e-01; -4.625328e+03; 9.018116e-01; 4.536658e+04; 8.536056e-01
5.015000e+00; 9.810000e+04; 8.208828e-01; -5.564642e+03; 9.028120e-01; 4.439134e+04; 8.546159e-01
5.020000e+00; 9.810000e+04; 8.220337e-01; -6.504490e+03; 9.038127e-01; 4.341758e+04; 8.556282e-01
5.025000e+00; 9.810000e+04; 8.232238e-01; -7.444818e+03; 9.048135e-01; 4.244559e+04; 8.566426e-01
5.030000e+00; 9.810000e+04; 8.244530e-01; -8.385856e+03; 9.058146e-01; 4.147568e+04; 8.576591e-01
5.035000e+00; 9.810000e+04; 8.257213e-01; -9.327744e+03; 9.068158e-01; 4.050816e+04; 8.586781e-01
5.040000e+00; 9.810000e+04; 8.270282e-01; -1.027070e+04; 9.078176e-01; 3.954334e+04; 8.596995e-01
5.045000e+00; 9.810000e+04; 8.283736e-01; -1.121489e+04; 9.088195e-01; 3.858156e+04; 8.607237e-01
5.050000e+00; 9.810000e+04; 8.297572e-01; -1.216020e+04; 9.098217e-01; 3.762314e+04; 8.617508e-01
5.055000e+00; 9.810000e+04; 8.311784e-01; -1.310673e+04; 9.108239e-01; 3.666843e+04; 8.627810e-01
5.060000e+00; 9.810000e+04; 8.326367e-01; -1.405456e+04; 9.118263e-01; 3.571780e+04; 8.638147e-01
5.065000e+00; 9.810000e+04; 8.341313e-01; -1.500383e+04; 9.128289e-01; 3.477160e+04; 8.648520e-01
5.070000e+00; 9.810000e+04; 8.356613e-01; -1.595458e+04; 9.138316e-01; 3.383022e+04; 8.658932e-01
5.075000e+00; 9.810000e+04; 8.372258e-01; -1.690694e+04; 9.148345e-01; 3.289404e+04; 8.669387e-01
5.080000e+00; 9.810000e+04; 8.388233e-01; -1.786096e+04; 9.158376e-01; 3.196347e+04; 8.679887e-01
5.085000e+00; 9.810000e+04; 8.404524e-01; -1.881666e+04; 9.168409e-01; 3.103893e+04; 8.690436e-01
5.090000e+00; 9.809999e+04; 8.421114e-01; -1.977401e+04; 9.178441e-01; 3.012082e+04; 8.701038e-01
5.095000e+00; 9.809999e+04; 8.437986e-01; -2.073311e+04; 9.188476e-01; 2.920960e+04; 8.711696e-01
5.100000e+00; 9.809999e+04; 8.455119e-01; -2.169394e+04; 9.198510e-01; 2.830569e+04; 8.722413e-01
5.105000e+00; 9.809999e+04; 8.472494e-01; -2.265653e+04; 9.208547e-01; 2.740957e+04; 8.733195e-01
5.110000e+00; 9.809999e+04; 8.490091e-01; -2.362088e+04; 9.218584e-01; 2.652168e+04; 8.744045e-01
5.115000e+00; 9.809999e+04; 8.507890e-01; -2.458691e+04; 9.228621e-01; 2.564251e+04; 8.754967e-01
5.120000e+00; 9.809999e+04; 8.525871e-01; -2.555468e+04; 9.238659e-01; 2.477252e+04; 8.765966e-01
5.125000e+00; 9.809999e+04; 8.544017e-01; -2.652412e+04; 9.248698e-01; 2.391221e+04; 8.777047e-01
5.130000e+00; 9.809999e+04; 8.562311e-01; -2.749519e+04; 9.258738e-01; 2.306207e+04; 8.788214e-01
5.135000e+00; 9.810000e+04; 8.580740e-01; -2.846787e+04; 9.268778e-01; 2.222258e+04; 8.799473e-01
5.140000e+00; 9.810000e+04; 8.599290e-01; -2.944209e+04; 9.278819e-01; 2.139424e+04; 8.810827e-01
5.145000e+00; 9.810000e+04; 8.617952e-01; -3.041779e+04; 9.288860e-01; 2.057754e+04; 8.822282e-01
5.150000e+00; 9.810000e+04; 8.636715e-01; -3.139491e+04; 9.298903e-01; 1.977300e+04; 8.833844e-01
5.155000e+00; 9.810000e+04; 8.655572e-01; -3.237340e+04; 9.308946e-01; 1.898108e+04; 8.845517e-01
5.160000e+00; 9.810000e+04; 8.674517e-01; -3.335317e+04; 9.318991e-01; 1.820230e+04; 8.857306e-01
5.165000e+00; 9.810000e+04; 8.693544e-01; -3.433415e+04; 9.329037e-01; 1.743712e+04; 8.869218e-01
5.170000e+00; 9.810000e+04; 8.712648e-01; -3.531624e+04; 9.339085e-01; 1.668604e+04; 8.881256e-01
5.175000e+00; 9.810000e+04; 8.731825e-01; -3.629938e+04; 9.349135e-01; 1.594950e+04; 8.893426e-01
5.180000e+00; 9.810000e+04; 8.751070e-01; -3.728345e+04; 9.359188e-01; 1.522798e+04; 8.905734e-01
5.185000e+00; 9.810000e+04; 8.770380e-01; -3.826841e+04; 9.369244e-01; 1.452190e+04; 8.918185e-01
5.190000e+00; 9.810000e+04; 8.789750e-01; -3.925413e+04; 9.379303e-01; 1.383170e+04; 8.930783e-01
5.195000e+00; 9.810000e+04; 8.809176e-01; -4.024049e+04; 9.389366e-01; 1.315778e+04; 8.943534e-01
5.200000e+00; 9.810000e+04; 8.828654e-01; -4.122742e+04; 9.399434e-01; 1.250052e+04; 8.956442e-01
5.205000e+00; 9.810000e+04; 8.848181e-01; -4.221481e+04; 9.409508e-01; 1.186028e+04; 8.969512e-01
5.210000e+00; 9.810000e+04; 8.867751e-01; -4.320253e+04; 9.419587e-01; 1.123740e+04; 8.982747e-01
5.215000e+00; 9.810000e+04; 8.887362e-01; -4.419046e+04; 9.429674e-01; 1.063218e+04; 8.996154e-01
5.220000e+00; 9.810000e+04; 8.907010e-01; -4.517852e+04; 9.439770e-01; 1.004490e+04; 9.009734e-01
5.225000e+00; 9.810000e+04; 8.926689e-01; -4.616656e+04; 9.449874e-01; 9.475817e+03; 9.023493e-01
5.230000e+00; 9.810000e+04; 8.946398e-01; -4.715445e+04; 9.459989e-01; 8.925132e+03; 9.037432e-01
5.235000e+00; 9.810000e+04; 8.966132e-01; -4.814206e+04; 9.470115e-01; 8.393031e+03; 9.051556e-01
5.240000e+00; 9.810000e+04; 8.985888e-01; -4.912927e+04; 9.480255e-01; 7.879663e+03; 9.065867e-01
5.245000e+00; 9.810000e+04; 9.005663e-01; -5.011591e+04; 9.490409e-01; 7.385140e+03; 9.080367e-01
5.250000e+00; 9.810000e+04; 9.025455e-01; -5.110185e+04; 9.500580e-01; 6.909545e+03; 9.095058e-01
5.255000e+00; 9.810000e+04; 9.045259e-01; -5.208692e+04; 9.510769e-01; 6.452924e+03; 9.109942e-01
5.260000e+00; 9.810000e+04; 9.065075e-01; -5.307097e+04; 9.520977e-01; 6.015290e+03; 9.125021e-01
5.265000e+00; 9.810000e+04; 9.084899e-01; -5.405381e+04; 9.531208e-01; 5.596623e+03; 9.140295e-01
5.270000e+00; 9.810000e+04; 9.104729e-01; -5.503528e+04; 9.541462e-01; 5.196869e+03; 9.155765e-01
5.275000e+00; 9.810000e+04; 9.124563e-01; -5.601518e+04; 9.551743e-01; 4.815938e+03; 9.171431e-01
5.280000e+00; 9.810000e+04; 9.144400e-01; -5.699330e+04; 9.562053e-01; 4.453708e+03; 9.187293e-01
5.285000e+00; 9.810000e+04; 9.164237e-01; -5.796946e+04; 9.572394e-01; 4.110014e+03; 9.203350e-01
5.290000e+00; 9.810000e+04; 9.184074e-01; -5.894342e+04; 9.582770e-01; 3.784656e+03; 9.219602e-01
5.295000e+00; 9.810000e+04; 9.203907e-01; -5.991496e+04; 9.593183e-01; 3.477388e+03; 9.236045e-01
5.300000e+00; 9.810000e+04; 9.223736e-01; -6.088383e+04; 9.603636e-01; 3.187919e+03; 9.252680e-01
5.305000e+00; 9.810000e+04; 9.243561e-01; -6.184980e+04; 9.614133e-01; 2.915909e+03; 9.269501e-01
5.310000e+00; 9.810000e+04; 9.263378e-01; -6.281258e+04; 9.624677e-01; 2.660964e+03; 9.286507e-01
5.315000e+00; 9.810000e+04; 9.283188e-01; -6.377194e+04; 9.635271e-01; 2.422639e+03; 9.303694e-01
5.320000e+00; 9.810000e+04; 9.302989e-01; -6.472755e+04; 9.645920e-01; 2.200430e+03; 9.321055e-01
5.325000e+00; 9.810000e+04; 9.322780e-01; -6.567908e+04; 9.656626e-01; 1.993778e+03; 9.338587e-01
5.330000e+00; 9.810000e+04; 9.342560e-01; -6.662625e+04; 9.667394e-01; 1.802071e+03; 9.356284e-01
5.335000e+00; 9.810000e+04; 9.362329e-01; -6.756872e+04; 9.678229e-01; 1.624649e+03; 9.374139e-01
5.340000e+00; 9.810000e+04; 9.382086e-01; -6.850618e+04; 9.689134e-01; 1.460805e+03; 9.392145e-01
5.345000e+00; 9.810000e+04; 9.401830e-01; -6.943826e+04; 9.700114e-01; 1.309799e+03; 9.410294e-01
5.350000e+00; 9.810000e+04; 9.421561e-01; -7.036460e+04; 9.711173e-01; 1.170863e+03; 9.428580e-01
5.355000e+00; 9.810000e+04; 9.441277e-01; -7.128479e+04; 9.722316e-01; 1.043214e+03; 9.446994e-01
5.360000e+00; 9.810000e+04; 9.460979e-01; -7.219841e+04; 9.733547e-01; 9.260634e+02; 9.465529e-01
5.365000e+00; 9.810000e+04; 9.480666e-01; -7.310508e+04; 9.744871e-01; 8.186305e+02; 9.484175e-01
5.370000e+00; 9.810000e+04; 9.500338e-01; -7.400437e+04; 9.756293e-01; 7.201521e+02; 9.502927e-01
5.375000e+00; 9.810000e+04; 9.519994e-01; -7.489578e+04; 9.767817e-01; 6.298930e+02; 9.521776e-01
5.380000e+00; 9.810000e+04; 9.539635e-01; -7.577891e+04; 9.779449e-01; 5.471548e+02; 9.540714e-01
5.385000e+00; 9.810000e+04; 9.559260e-01; -7.665319e+04; 9.791191e-01; 4.712822e+02; 9.559736e-01
5.390000e+00; 9.810000e+04; 9.578869e-01; -7.751801e+04; 9.803047e-01; 4.016682e+02; 9.578834e-01
5.395000e+00; 9.810000e+04; 9.598463e-01; -7.837277e+04; 9.815021e-01; 3.377561e+02; 9.598004e-01
5.400000e+00; 9.810000e+04; 9.618041e-01; -7.921674e+04; 9.827115e-01; 2.790405e+02; 9.617239e-01
5.405000e+00; 9.810000e+04; 9.637604e-01; -8.004912e+04; 9.839330e-01; 2.250657e+02; 9.636535e-01
5.410000e+00; 9.810000e+04; 9.657152e-01; -8.086897e+04; 9.851666e-01; 1.754230e+02; 9.655887e-01
5.415000e+00; 9.810000e+04; 9.676686e-01; -8.167513e+04; 9.864120e-01; 1.297463e+02; 9.675292e-01
5.420000e+00; 9.810000e+04; 9.696206e-01; -8.246620e+04; 9.876688e-01; 8.770762e+01; 9.694745e-01
5.425000e+00; 9.810000e+04; 9.715712e-01; -8.324051e+04; 9.889360e-01; 4.901158e+01; 9.714243e-01
5.430000e+00; 9.810000e+04; 9.735205e-01; -8.399599e+04; 9.902126e-01; 1.339029e+01; 9.733784e-01
5.435000e+00; 9.810000e+04; 9.754687e-01; -8.473012e+04; 9.914966e-01; -1.940171e+01; 9.753363e-01
5.440000e+00; 9.810000e+04; 9.774156e-01; -8.543989e+04; 9.927858e-01; -4.959197e+01; 9.772980e-01
5.445000e+00; 9.810000e+04; 9.793616e-01; -8.612172e+04; 9.940773e-01; -7.739402e+01; 9.792631e-01
5.450000e+00; 9.810000e+04; 9.813066e-01; -8.677144e+04; 9.953677e-01; -1.030106e+02; 9.812314e-01
5.455000e+00; 9.810000e+04; 9.832507e-01; -8.738431e+04; 9.966527e-01; -1.266359e+02; 9.832026e-01
5.460000e+00; 9.810000e+04; 9.851940e-01; -8.795506e+04; 9.979276e-01; -1.484579e+02; 9.851767e-01
5.465000e+00; 9.810000e+04; 9.871368e-01; -8.847797e+04; 9.991875e-01; -1.686589e+02; 9.871532e-01
5.470000e+00; 9.810000e+04; 9.890789e-01; -8.894708e+04; 1.000427e+00; -1.874169e+02; 9.891321e-01
5.475000e+00; 9.810000e+04; 9.910207e-01; -8.935638e+04; 1.001640e+00; -2.049054e+02; 9.911132e-01
5.480000e+00; 9.810000e+04; 9.929621e-01; -8.970005e+04; 1.002822e+00; -2.212939e+02; 9.930963e-01
5.485000e+00; 9.810000e+04; 9.949033e-01; -8.997277e+04; 1.003968e+00; -2.367476e+02; 9.950812e-01
5.490000e+00; 9.810000e+04; 9.968445e-01; -9.017003e+04; 1.005075e+00; -2.514275e+02; 9.970677e-01
5.495000e+00; 9.810000e+04; 9.987857e-01; -9.028839e+04; 1.006138e+00; -2.654896e+02; 9.990558e-01
5.500000e+00; 9.810000e+04; 1.000727e+00; -9.032574e+04; 1.007158e+00; -2.790856e+02; 1.001045e+00
5.505000e+00; 9.810000e+04; 1.002669e+00; -9.028146e+04; 1.008133e+00; -2.923620e+02; 1.003036e+00
5.510000e+00; 9.810000e+04; 1.004611e+00; -9.015652e+04; 1.009066e+00; -3.054604e+02; 1.005028e+00
5.515000e+00; 9.810000e+04; 1.006554e+00; -8.995340e+04; 1.009958e+00; -3.185177e+02; 1.007021e+00
5.520000e+00; 9.810000e+04; 1.008497e+00; -8.967594e+04; 1.010815e+00; -3.316657e+02; 1.009015e+00
5.525000e+00; 9.810000e+04; 1.010441e+00; -8.932923e+04; 1.011642e+00; -3.450315e+02; 1.011009e+00
5.530000e+00; 9.810000e+04; 1.012386e+00; -8.891919e+04; 1.012444e+00; -3.587377e+02; 1.013005e+00
5.535000e+00; 9.810000e+04; 1.014332e+00; -8.845225e+04; 1.013228e+00; -3.729026e+02; 1.015001e+00
5.540000e+00; 9.810000e+04; 1.016278e+00; -8.793505e+04; 1.013999e+00; -3.876400e+02; 1.016997e+00
5.545000e+00; 9.810000e+04; 1.018226e+00; -8.737404e+04; 1.014764e+00; -4.030597e+02; 1.018995e+00
5.550000e+00; 9.810000e+04; 1.020176e+00; -8.677526e+04; 1.015529e+00; -4.192675e+02; 1.020993e+00
5.555000e+00; 9.810000e+04; 1.022126e+00; -8.614410e+04; 1.016297e+00; -4.363651e+02; 1.022991e+00
5.560000e+00; 9.810000e+04; 1.024078e+00; -8.548522e+04; 1.017073e+00; -4.544503e+02; 1.024990e+00
5.565000e+00; 9.810000e+04; 1.026031e+00; -8.480246e+04; 1.017858e+00; -4.736167e+02; 1.026989e+00
5.570000e+00; 9.810000e+04; 1.027986e+00; -8.409890e+04; 1.018656e+00; -4.939534e+02; 1.028989e+00
5.575000e+00; 9.810000e+04; 1.029943e+00; -8.337693e+04; 1.019467e+00; -5.155447e+02; 1.030989e+00
5.580000e+00; 9.810000e+04; 1.031900e+00; -8.263836e+04; 1.020292e+00; -5.384692e+02; 1.032989e+00
5.585000e+00; 9.810000e+04; 1.033860e+00; -8.188453e+04; 1.021131e+00; -5.627988e+02; 1.034990e+00
5.590000e+00; 9.810000e+04; 1.035821e+00; -8.111642e+04; 1.021984e+00; -5.885972e+02; 1.036991e+00
5.595000e+00; 9.810000e+04; 1.037784e+00; -8.033481e+04; 1.022850e+00; -6.159179e+02; 1.038992e+00
5.600000e+00; 9.810000e+04; 1.039748e+00; -7.954028e+04; 1.023728e+00; -6.448012e+02; 1.040994e+00
5.605000e+00; 9.810000e+04; 1.041714e+00; -7.873334e+04; 1.024617e+00; -6.752705e+02; 1.042996e+00
5.610000e+00; 9.810000e+04; 1.043682e+00; -7.791446e+04; 1.025517e+00; -7.073275e+02; 1.044999e+00
5.615000e+00; 9.810000e+04; 1.045651e+00; -7.708406e+04; 1.026427e+00; -7.409450e+02; 1.047001e+00
5.620000e+00; 9.810000e+04; 1.047622e+00; -7.624258e+04; 1.027345e+00; -7.760593e+02; 1.049003e+00
5.625000e+00; 9.810000e+04; 1.049595e+00; -7.539042e+04; 1.028271e+00; -8.125587e+02; 1.051006e+00
5.630000e+00; 9.810000e+04; 1.051569e+00; -7.452803e+04; 1.029204e+00; -8.502707e+02; 1.053008e+00
5.635000e+00; 9.810000e+04; 1.053545e+00; -7.365583e+04; 1.030143e+00; -8.889452e+02; 1.055009e+00
5.640000e+00; 9.810000e+04; 1.055522e+00; -7.277425e+04; 1.031088e+00; -9.282356e+02; 1.057010e+00
5.645000e+00; 9.810000e+04; 1.057501e+00; -7.188373e+04; 1.032037e+00; -9.676752e+02; 1.059009e+00
5.650000e+00; 9.810000e+04; 1.059481e+00; -7.098471e+04; 1.032991e+00; -1.006652e+03; 1.061006e+00
5.655000e+00; 9.810000e+04; 1.061463e+00; -7.007766e+04; 1.033948e+00; -1.044379e+03; 1.063000e+00
5.660000e+00; 9.810000e+04; 1.063446e+00; -6.916301e+04; 1.034909e+00; -1.079864e+03; 1.064990e+00
5.665000e+00; 9.810000e+04; 1.065430e+00; -6.824123e+04; 1.035873e+00; -1.111880e+03; 1.066975e+00
5.670000e+00; 9.810000e+04; 1.067416e+00; -6.731277e+04; 1.036839e+00; -1.138932e+03; 1.068953e+00
5.675000e+00; 9.810000e+04; 1.069403e+00; -6.637809e+04; 1.037807e+00; -1.159234e+03; 1.070923e+00
5.680000e+00; 9.810000e+04; 1.071391e+00; -6.543764e+04; 1.038778e+00; -1.170688e+03; 1.072882e+00
5.685000e+00; 9.810000e+04; 1.073381e+00; -6.449183e+04; 1.039750e+00; -1.170871e+03; 1.074828e+00
5.690000e+00; 9.810000e+04; 1.075371e+00; -6.354109e+04; 1.040725e+00; -1.157040e+03; 1.076758e+00
5.695000e+00; 9.810000e+04; 1.077363e+00; -6.258582e+04; 1.041701e+00; -1.126147e+03; 1.078670e+00
5.700000e+00; 9.810000e+04; 1.079356e+00; -6.162639e+04; 1.042678e+00; -1.074874e+03; 1.080559e+00
5.705000e+00; 9.810000e+04; 1.081350e+00; -6.066316e+04; 1.043657e+00; -9.996841e+02; 1.082423e+00
5.710000e+00; 9.810000e+04; 1.083345e+00; -5.969647e+04; 1.044638e+00; -8.968981e+02; 1.084257e+00
5.715000e+00; 9.810000e+04; 1.085340e+00; -5.872662e+04; 1.045619e+00; -7.627820e+02; 1.086059e+00
5.720000e+00; 9.810000e+04; 1.087337e+00; -5.775389e+04; 1.046602e+00; -5.936554e+02; 1.087824e+00
5.725000e+00; 9.810000e+04; 1.089335e+00; -5.677855e+04; 1.047586e+00; -3.860092e+02; 1.089549e+00
5.730000e+00; 9.810000e+04; 1.091334e+00; -5.580086e+04; 1.048571e+00; -1.366298e+02; 1.091232e+00
5.735000e+00; 9.810000e+04; 1.093334e+00; -5.482100e+04; 1.049556e+00; 1.572789e+02; 1.092869e+00
5.740000e+00; 9.810000e+04; 1.095335e+00; -5.383919e+04; 1.050542e+00; 4.979811e+02; 1.094459e+00
5.745000e+00; 9.810000e+04; 1.097337e+00; -5.285563e+04; 1.051529e+00; 8.871113e+02; 1.096000e+00
5.750000e+00; 9.810000e+04; 1.099340e+00; -5.187049e+04; 1.052516e+00; 1.325600e+03; 1.097492e+00
5.755000e+00; 9.810000e+04; 1.101344e+00; -5.088392e+04; 1.053504e+00; 1.813629e+03; 1.098935e+00
5.760000e+00; 9.810000e+04; 1.103349e+00; -4.989604e+04; 1.054491e+00; 2.350615e+03; 1.100330e+00
5.765000e+00; 9.810000e+04; 1.105355e+00; -4.890707e+04; 1.055479e+00; 2.935235e+03; 1.101678e+00
5.770000e+00; 9.810000e+04; 1.107362e+00; -4.791707e+04; 1.056467e+00; 3.565480e+03; 1.102982e+00
5.775000e+00; 9.810000e+04; 1.109371e+00; -4.692612e+04; 1.057454e+00; 4.238736e+03; 1.104244e+00
5.780000e+00; 9.810000e+04; 1.111380e+00; -4.593436e+04; 1.058441e+00; 4.951897e+03; 1.105467e+00
5.785000e+00; 9.810000e+04; 1.113391e+00; -4.494188e+04; 1.059428e+00; 5.701487e+03; 1.106657e+00
5.790000e+00; 9.810000e+04; 1.115403e+00; -4.394880e+04; 1.060415e+00; 6.483799e+03; 1.107815e+00
5.795000e+00; 9.810000e+04; 1.117416e+00; -4.295510e+04; 1.061401e+00; 7.295023e+03; 1.108946e+00
5.800000e+00; 9.810000e+04; 1.119431e+00; -4.196095e+04; 1.062386e+00; 8.131382e+03; 1.110055e+00
5.805000e+00; 9.810000e+04; 1.121447e+00; -4.096641e+04; 1.063371e+00; 8.989236e+03; 1.111144e+00
5.810000e+00; 9.810000e+04; 1.123465e+00; -3.997154e+04; 1.064355e+00; 9.865184e+03; 1.112217e+00
5.815000e+00; 9.810000e+04; 1.125484e+00; -3.897629e+04; 1.065338e+00; 1.075613e+04; 1.113277e+00
5.820000e+00; 9.810000e+04; 1.127504e+00; -3.798074e+04; 1.066320e+00; 1.165932e+04; 1.114327e+00
5.825000e+00; 9.810000e+04; 1.129526e+00; -3.698503e+04; 1.067301e+00; 1.257241e+04; 1.115369e+00
5.830000e+00; 9.810000e+04; 1.131550e+00; -3.598913e+04; 1.068281e+00; 1.349340e+04; 1.116404e+00
5.835000e+00; 9.810000e+04; 1.133575e+00; -3.499308e+04; 1.069260e+00; 1.442067e+04; 1.117436e+00
5.840000e+00; 9.810000e+04; 1.135602e+00; -3.399689e+04; 1.070238e+00; 1.535296e+04; 1.118464e+00
5.845000e+00; 9.810000e+04; 1.137631e+00; -3.300059e+04; 1.071215e+00; 1.628929e+04; 1.119490e+00
5.850000e+00; 9.810000e+04; 1.139660e+00; -3.200448e+04; 1.072190e+00; 1.722894e+04; 1.120514e+00
5.855000e+00; 9.810000e+04; 1.141691e+00; -3.100814e+04; 1.073164e+00; 1.817143e+04; 1.121538e+00
5.860000e+00; 9.810000e+04; 1.143723e+00; -3.001144e+04; 1.074137e+00; 1.911643e+04; 1.122560e+00
5.865000e+00; 9.810000e+04; 1.145755e+00; -2.901478e+04; 1.075108e+00; 2.006376e+04; 1.123581e+00
5.870000e+00; 9.810000e+04; 1.147787e+00; -2.801817e+04; 1.076078e+00; 2.101332e+04; 1.124602e+00
5.875000e+00; 9.810000e+04; 1.149819e+00; -2.702156e+04; 1.077047e+00; 2.196511e+04; 1.125622e+00
5.880000e+00; 9.810000e+04; 1.151849e+00; -2.602480e+04; 1.078014e+00; 2.291914e+04; 1.126642e+00
5.885000e+00; 9.809999e+04; 1.153876e+00; -2.502792e+04; 1.078980e+00; 2.387546e+04; 1.127661e+00
5.890000e+00; 9.809999e+04; 1.155900e+00; -2.403095e+04; 1.079944e+00; 2.483412e+04; 1.128678e+00
5.895000e+00; 9.809999e+04; 1.157919e+00; -2.303392e+04; 1.080907e+00; 2.579517e+04; 1.129695e+00
5.900000e+00; 9.809999e+04; 1.159931e+00; -2.203677e+04; 1.081868e+00; 2.675865e+04; 1.130711e+00
5.905000e+00; 9.809999e+04; 1.161934e+00; -2.103960e+04; 1.082828e+00; 2.772458e+04; 1.131726e+00
5.910000e+00; 9.809998e+04; 1.163924e+00; -2.004240e+04; 1.083787e+00; 2.869296e+04; 1.132740e+00
5.915000e+00; 9.809998e+04; 1.165900e+00; -1.904508e+04; 1.084744e+00; 2.966376e+04; 1.133753e+00
5.920000e+00; 9.809998e+04; 1.167858e+00; -1.804762e+04; 1.085700e+00; 3.063696e+04; 1.134764e+00
5.925000e+00; 9.809998e+04; 1.169794e+00; -1.705002e+04; 1.086654e+00; 3.161250e+04; 1.135775e+00
5.930000e+00; 9.809997e+04; 1.171704e+00; -1.605232e+04; 1.087608e+00; 3.259029e+04; 1.136784e+00
5.935000e+00; 9.809997e+04; 1.173584e+00; -1.505448e+04; 1.088560e+00; 3.357027e+04; 1.137793e+00
5.940000e+00; 9.809997e+04; 1.175428e+00; -1.405649e+04; 1.089511e+00; 3.455233e+04; 1.138801e+00
5.945000e+00; 9.809997e+04; 1.177231e+00; -1.305834e+04; 1.090461e+00; 3.553638e+04; 1.139808e+00
5.950000e+00; 9.809996e+04; 1.178989e+00; -1.206005e+04; 1.091410e+00; 3.652231e+04; 1.140814e+00
5.955000e+00; 9.809996e+04; 1.180695e+00; -1.106163e+04; 1.092358e+00; 3.751003e+04; 1.141820e+00
5.960000e+00; 9.809996e+04; 1.182345e+00; -1.006299e+04; 1.093305e+00; 3.849944e+04; 1.142825e+00
5.965000e+00; 9.809996e+04; 1.183933e+00; -9.064162e+03; 1.094252e+00; 3.949045e+04; 1.143829e+00
5.970000e+00; 9.809996e+04; 1.185454e+00; -8.065151e+03; 1.095198e+00; 4.048297e+04; 1.144833e+00
5.975000e+00; 9.809997e+04; 1.186904e+00; -7.065950e+03; 1.096143e+00; 4.147691e+04; 1.145837e+00
5.980000e+00; 9.809997e+04; 1.188278e+00; -6.066539e+03; 1.097088e+00; 4.247222e+04; 1.146840e+00
5.985000e+00; 9.809997e+04; 1.189573e+00; -5.066910e+03; 1.098032e+00; 4.346884e+04; 1.147844e+00
5.990000e+00; 9.809998e+04; 1.190788e+00; -4.067062e+03; 1.098977e+00; 4.446671e+04; 1.148847e+00
5.995000e+00; 9.809998e+04; 1.191919e+00; -3.066999e+03; 1.099921e+00; 4.546579e+04; 1.149849e+00
6.000000e+00; 9.809998e+04; 1.192966e+00; -2.066723e+03; 1.100865e+00; 4.646606e+04; 1.150852e+00
6.005000e+00; 9.809999e+04; 1.193930e+00; -1.066236e+03; 1.101809e+00; 4.746748e+04; 1.151855e+00
6.010000e+00; 9.810000e+04; 1.194810e+00; -6.553802e+01; 1.102753e+00; 4.847006e+04; 1.152857e+00
6.015000e+00; 9.810000e+04; 1.195611e+00; 9.353718e+02; 1.103698e+00; 4.947377e+04; 1.153860e+00
6.020000e+00; 9.810000e+04; 1.196333e+00; 1.936507e+03; 1.104643e+00; 5.047862e+04; 1.154863e+00
6.025000e+00; 9.810001e+04; 1.196981e+00; 2.937839e+03; 1.105588e+00; 5.148461e+04; 1.155865e+00
6.030000e+00; 9.810001e+04; 1.197558e+00; 3.939349e+03; 1.106534e+00; 5.249176e+04; 1.156868e+00
6.035000e+00; 9.810002e+04; 1.198070e+00; 4.941029e+03; 1.107480e+00; 5.350007e+04; 1.157871e+00
6.040000e+00; 9.810002e+04; 1.198522e+00; 5.942917e+03; 1.108428e+00; 5.450956e+04; 1.158874e+00
6.045000e+00; 9.810002e+04; 1.198919e+00; 6.944988e+03; 1.109376e+00; 5.552026e+04; 1.159877e+00
6.050000e+00; 9.810002e+04; 1.199266e+00; 7.947200e+03; 1.110325e+00; 5.653217e+04; 1.160880e+00
6.055000e+00; 9.810002e+04; 1.199570e+00; 8.949569e+03; 1.111275e+00; 5.754532e+04; 1.161883e+00
6.060000e+00; 9.810002e+04; 1.199834e+00; 9.952072e+03; 1.112226e+00; 5.855972e+04; 1.162886e+00
6.065000e+00; 9.810002e+04; 1.200065e+00; 1.095474e+04; 1.113179e+00; 5.957537e+04; 1.163890e+00
6.070000e+00; 9.810002e+04; 1.200266e+00; 1.195756e+04; 1.114132e+00; 6.059228e+04; 1.164893e+00
6.075000e+00; 9.810002e+04; 1.200443e+00; 1.296052e+04; 1.115087e+00; 6.161044e+04; 1.165897e+00
6.080000e+00; 9.810001e+04; 1.200598e+00; 1.396362e+04; 1.116043e+00; 6.262982e+04; 1.166900e+00
6.085000e+00; 9.810001e+04; 1.200736e+00; 1.496686e+04; 1.117000e+00; 6.365037e+04; 1.167904e+00
6.090000e+00; 9.810001e+04; 1.200860e+00; 1.597022e+04; 1.117958e+00; 6.467203e+04; 1.168907e+00
6.095000e+00; 9.810001e+04; 1.200971e+00; 1.697369e+04; 1.118918e+00; 6.569471e+04; 1.169910e+00
6.100000e+00; 9.810001e+04; 1.201072e+00; 1.797724e+04; 1.119880e+00; 6.671826e+04; 1.170912e+00
6.105000e+00; 9.810001e+04; 1.201165e+00; 1.898090e+04; 1.120843e+00; 6.774251e+04; 1.171914e+00
6.110000e+00; 9.810000e+04; 1.201250e+00; 1.998467e+04; 1.121807e+00; 6.876724e+04; 1.172914e+00
6.115000e+00; 9.810000e+04; 1.201330e+00; 2.098857e+04; 1.122772e+00; 6.979213e+04; 1.173914e+00
6.120000e+00; 9.810000e+04; 1.201405e+00; 2.199259e+04; 1.123739e+00; 7.081683e+04; 1.174911e+00
6.125000e+00; 9.810000e+04; 1.201475e+00; 2.299673e+04; 1.124708e+00; 7.184088e+04; 1.175907e+00
6.130000e+00; 9.810000e+04; 1.201541e+00; 2.400100e+04; 1.125677e+00; 7.286374e+04; 1.176899e+00
6.135000e+00; 9.810000e+04; 1.201604e+00; 2.500544e+04; 1.126648e+00; 7.388476e+04; 1.177889e+00
6.140000e+00; 9.810000e+04; 1.201662e+00; 2.601006e+04; 1.127621e+00; 7.490315e+04; 1.178873e+00
6.145000e+00; 9.810000e+04; 1.201717e+00; 2.701488e+04; 1.128594e+00; 7.591803e+04; 1.179853e+00
6.150000e+00; 9.810000e+04; 1.201769e+00; 2.801992e+04; 1.129569e+00; 7.692835e+04; 1.180826e+00
6.155000e+00; 9.810000e+04; 1.201818e+00; 2.902523e+04; 1.130545e+00; 7.793295e+04; 1.181792e+00
6.160000e+00; 9.810000e+04; 1.201863e+00; 3.003083e+04; 1.131522e+00; 7.893049e+04; 1.182749e+00
6.165000e+00; 9.810000e+04; 1.201905e+00; 3.103675e+04; 1.132500e+00; 7.991951e+04; 1.183696e+00
6.170000e+00; 9.810000e+04; 1.201944e+00; 3.204304e+04; 1.133479e+00; 8.089840e+04; 1.184631e+00
6.175000e+00; 9.810000e+04; 1.201980e+00; 3.304977e+04; 1.134458e+00; 8.186539e+04; 1.185552e+00
6.180000e+00; 9.810000e+04; 1.202012e+00; 3.405696e+04; 1.135439e+00; 8.281862e+04; 1.186457e+00
6.185000e+00; 9.810000e+04; 1.202042e+00; 3.506469e+04; 1.136420e+00; 8.375610e+04; 1.187345e+00
6.190000e+00; 9.810000e+04; 1.202069e+00; 3.607302e+04; 1.137401e+00; 8.467574e+04; 1.188214e+00
6.195000e+00; 9.810000e+04; 1.202094e+00; 3.708203e+04; 1.138384e+00; 8.557543e+04; 1.189061e+00
6.200000e+00; 9.810000e+04; 1.202116e+00; 3.809181e+04; 1.139366e+00; 8.645301e+04; 1.189884e+00
6.205000e+00; 9.810000e+04; 1.202135e+00; 3.910245e+04; 1.140349e+00; 8.730631e+04; 1.190681e+00
6.210000e+00; 9.810000e+04; 1.202152e+00; 4.011405e+04; 1.141332e+00; 8.813323e+04; 1.191451e+00
6.215000e+00; 9.810000e+04; 1.202167e+00; 4.112672e+04; 1.142315e+00; 8.893175e+04; 1.192190e+00
6.220000e+00; 9.810000e+04; 1.202180e+00; 4.214058e+04; 1.143298e+00; 8.969999e+04; 1.192898e+00
6.225000e+00; 9.810000e+04; 1.202191e+00; 4.315575e+04; 1.144280e+00; 9.043621e+04; 1.193573e+00
6.230000e+00; 9.810000e+04; 1.202200e+00; 4.417235e+04; 1.145263e+00; 9.113890e+04; 1.194214e+00
6.235000e+00; 9.810000e+04; 1.202208e+00; 4.519054e+04; 1.146244e+00; 9.180680e+04; 1.194819e+00
6.240000e+00; 9.810000e+04; 1.202214e+00; 4.621046e+04; 1.147225e+00; 9.243891e+04; 1.195388e+00
6.245000e+00; 9.810000e+04; 1.202218e+00; 4.723229e+04; 1.148206e+00; 9.303452e+04; 1.195919e+00
6.250000e+00; 9.810000e+04; 1.202221e+00; 4.825619e+04; 1.149185e+00; 9.359325e+04; 1.196414e+00
6.255000e+00; 9.810000e+04; 1.202223e+00; 4.928236e+04; 1.150163e+00; 9.411505e+04; 1.196871e+00
6.260000e+00; 9.810000e+04; 1.202223e+00; 5.031100e+04; 1.151139e+00; 9.460017e+04; 1.197292e+00
6.265000e+00; 9.810000e+04; 1.202222e+00; 5.134231e+04; 1.152114e+00; 9.504921e+04; 1.197677e+00
6.270000e+00; 9.810000e+04; 1.202220e+00; 5.237649e+04; 1.153088e+00; 9.546304e+04; 1.198027e+00
6.275000e+00; 9.810000e+04; 1.202216e+00; 5.341380e+04; 1.154059e+00; 9.584283e+04; 1.198343e+00
6.280000e+00; 9.810000e+04; 1.202212e+00; 5.445446e+04; 1.155028e+00; 9.618998e+04; 1.198628e+00
6.285000e+00; 9.810000e+04; 1.202206e+00; 5.549871e+04; 1.155995e+00; 9.650611e+04; 1.198883e+00
6.290000e+00; 9.810000e+04; 1.202199e+00; 5.654683e+04; 1.156959e+00; 9.679301e+04; 1.199109e+00
6.295000e+00; 9.810000e+04; 1.202191e+00; 5.759907e+04; 1.157920e+00; 9.705260e+04; 1.199309e+00
6.300000e+00; 9.810000e+04; 1.202182e+00; 5.865569e+04; 1.158877e+00; 9.728689e+04; 1.199485e+00
6.305000e+00; 9.810000e+04; 1.202171e+00; 5.971697e+04; 1.159831e+00; 9.749794e+04; 1.199639e+00
6.310000e+00; 9.810000e+04; 1.202160e+00; 6.078319e+04; 1.160782e+00; 9.768780e+04; 1.199774e+00
6.315000e+00; 9.810000e+04; 1.202147e+00; 6.185459e+04; 1.161728e+00; 9.785849e+04; 1.199890e+00
6.320000e+00; 9.810000e+04; 1.202133e+00; 6.293147e+04; 1.162669e+00; 9.801198e+04; 1.199991e+00
6.325000e+00; 9.810000e+04; 1.202118e+00; 6.401405e+04; 1.163605e+00; 9.815014e+04; 1.200078e+00
6.330000e+00; 9.810000e+04; 1.202101e+00; 6.510259e+04; 1.164536e+00; 9.827472e+04; 1.200152e+00
6.335000e+00; 9.810000e+04; 1.202084e+00; 6.619733e+04; 1.165461e+00; 9.838733e+04; 1.200217e+00
6.340000e+00; 9.810000e+04; 1.202065e+00; 6.729843e+04; 1.166380e+00; 9.848947e+04; 1.200272e+00
6.345000e+00; 9.810000e+04; 1.202044e+00; 6.840609e+04; 1.167291e+00; 9.858246e+04; 1.200319e+00
6.350000e+00; 9.810000e+04; 1.202023e+00; 6.952043e+04; 1.168195e+00; 9.866748e+04; 1.200360e+00
6.355000e+00; 9.810000e+04; 1.202000e+00; 7.064152e+04; 1.169091e+00; 9.874557e+04; 1.200396e+00
6.360000e+00; 9.810000e+04; 1.201976e+00; 7.176939e+04; 1.169977e+00; 9.881764e+04; 1.200427e+00
6.365000e+00; 9.810000e+04; 1.201950e+00; 7.290400e+04; 1.170854e+00; 9.888443e+04; 1.200454e+00
6.370000e+00; 9.810000e+04; 1.201923e+00; 7.463816e+04; 1.170854e+00; 9.894662e+04; 1.200477e+00
6.375000e+00; 9.810000e+04; 1.201895e+00; 7.530301e+04; 1.172921e+00; 9.900474e+04; 1.200498e+00
6.380000e+00; 9.810000e+04; 1.201865e+00; 7.644170e+04; 1.172921e+00; 9.905924e+04; 1.200516e+00
6.385000e+00; 9.810000e+04; 1.201834e+00; 7.821474e+04; 1.173627e+00; 9.911051e+04; 1.200533e+00
6.390000e+00; 9.810000e+04; 1.201801e+00; 7.907491e+04; 1.174668e+00; 9.915884e+04; 1.200547e+00
6.395000e+00; 9.810000e+04; 1.201767e+00; 8.016271e+04; 1.175580e+00; 9.920450e+04; 1.200559e+00
6.400000e+00; 9.810000e+04; 1.201731e+00; 8.130105e+04; 1.176293e+00; 9.924770e+04; 1.200571e+00
6.405000e+00; 9.810000e+04; 1.201695e+00; 8.260473e+04; 1.176964e+00; 9.928863e+04; 1.200580e+00
6.410000e+00; 9.810000e+04; 1.201657e+00; 8.376953e+04; 1.177720e+00; 9.932744e+04; 1.200588e+00
6.415000e+00; 9.810000e+04; 1.201617e+00; 8.491394e+04; 1.178491e+00; 9.936429e+04; 1.200595e+00
6.420000e+00; 9.810000e+04; 1.201576e+00; 8.604214e+04; 1.179207e+00; 9.939930e+04; 1.200600e+00
6.425000e+00; 9.810000e+04; 1.201534e+00; 8.723100e+04; 1.179858e+00; 9.943260e+04; 1.200604e+00
6.430000e+00; 9.810000e+04; 1.201491e+00; 8.840574e+04; 1.180490e+00; 9.946433e+04; 1.200606e+00
6.435000e+00; 9.810000e+04; 1.201447e+00; 8.956886e+04; 1.181110e+00; 9.949463e+04; 1.200607e+00
6.440000e+00; 9.810000e+04; 1.201401e+00; 9.070654e+04; 1.181704e+00; 9.952362e+04; 1.200607e+00
6.445000e+00; 9.810000e+04; 1.201354e+00; 9.185046e+04; 1.182252e+00; 9.955146e+04; 1.200605e+00
6.450000e+00; 9.810000e+04; 1.201307e+00; 9.298826e+04; 1.182758e+00; 9.957829e+04; 1.200602e+00
6.455000e+00; 9.810000e+04; 1.201258e+00; 9.411901e+04; 1.183229e+00; 9.960427e+04; 1.200597e+00
6.460000e+00; 9.810000e+04; 1.201209e+00; 9.523074e+04; 1.183663e+00; 9.962957e+04; 1.200590e+00
6.465000e+00; 9.810000e+04; 1.201158e+00; 9.633100e+04; 1.184054e+00; 9.965435e+04; 1.200582e+00
6.470000e+00; 9.810000e+04; 1.201107e+00; 9.741792e+04; 1.184399e+00; 9.967880e+04; 1.200571e+00
6.475000e+00; 9.810000e+04; 1.201055e+00; 9.849298e+04; 1.184697e+00; 9.970309e+04; 1.200559e+00
6.480000e+00; 9.810000e+04; 1.201003e+00; 9.955107e+04; 1.184948e+00; 9.972742e+04; 1.200545e+00
6.485000e+00; 9.810000e+04; 1.200950e+00; 1.005932e+05; 1.185152e+00; 9.975198e+04; 1.200529e+00
6.490000e+00; 9.810000e+04; 1.200897e+00; 1.016184e+05; 1.185305e+00; 9.977698e+04; 1.200511e+00
6.495000e+00; 9.810000e+04; 1.200843e+00; 1.026283e+05; 1.185408e+00; 9.980261e+04; 1.200490e+00
6.500000e+00; 9.810000e+04; 1.200789e+00; 1.036218e+05; 1.185459e+00; 9.982909e+04; 1.200467e+00
6.505000e+00; 9.810000e+04; 1.200735e+00; 1.045992e+05; 1.185460e+00; 9.985663e+04; 1.200442e+00
6.510000e+00; 9.810000e+04; 1.200681e+00; 1.055608e+05; 1.185410e+00; 9.988547e+04; 1.200413e+00
6.515000e+00; 9.810000e+04; 1.200627e+00; 1.065077e+05; 1.185310e+00; 9.991582e+04; 1.200382e+00
6.520000e+00; 9.810000e+04; 1.200573e+00; 1.074407e+05; 1.185159e+00; 9.994793e+04; 1.200348e+00
6.525000e+00; 9.810000e+04; 1.200519e+00; 1.083607e+05; 1.184959e+00; 9.998203e+04; 1.200310e+00
6.530000e+00; 9.810000e+04; 1.200466e+00; 1.092688e+05; 1.184711e+00; 1.000184e+05; 1.200268e+00
6.535000e+00; 9.810000e+04; 1.200413e+00; 1.101663e+05; 1.184417e+00; 1.000573e+05; 1.200223e+00
6.540000e+00; 9.810000e+04; 1.200360e+00; 1.110546e+05; 1.184077e+00; 1.000990e+05; 1.200174e+00
6.545000e+00; 9.810000e+04; 1.200308e+00; 1.119351e+05; 1.183694e+00; 1.001439e+05; 1.200120e+00
6.550000e+00; 9.810000e+04; 1.200257e+00; 1.128092e+05; 1.183270e+00; 1.001923e+05; 1.200061e+00
6.555000e+00; 9.810000e+04; 1.200206e+00; 1.136783e+05; 1.182806e+00; 1.002448e+05; 1.199997e+00
6.560000e+00; 9.810000e+04; 1.200156e+00; 1.145438e+05; 1.182304e+00; 1.003017e+05; 1.199927e+00
6.565000e+00; 9.810000e+04; 1.200107e+00; 1.154071e+05; 1.181767e+00; 1.003638e+05; 1.199851e+00
6.570000e+00; 9.810000e+04; 1.200059e+00; 1.162694e+05; 1.181196e+00; 1.004316e+05; 1.199767e+00
6.575000e+00; 9.810000e+04; 1.200011e+00; 1.171320e+05; 1.180594e+00; 1.005061e+05; 1.199675e+00
6.580000e+00; 9.810000e+04; 1.199965e+00; 1.179959e+05; 1.179963e+00; 1.005880e+05; 1.199574e+00
6.585000e+00; 9.810000e+04; 1.199920e+00; 1.188620e+05; 1.179304e+00; 1.006782e+05; 1.199464e+00
6.590000e+00; 9.810000e+04; 1.199875e+00; 1.197313e+05; 1.178620e+00; 1.007774e+05; 1.199343e+00
6.595000e+00; 9.810000e+04; 1.199832e+00; 1.206045e+05; 1.177912e+00; 1.008861e+05; 1.199212e+00
6.600000e+00; 9.810000e+04; 1.199790e+00; 1.214821e+05; 1.177182e+00; 1.010047e+05; 1.199069e+00
6.605000e+00; 9.810000e+04; 1.199749e+00; 1.223646e+05; 1.176432e+00; 1.011333e+05; 1.198914e+00
6.610000e+00; 9.810000e+04; 1.199708e+00; 1.232525e+05; 1.175664e+00; 1.012715e+05; 1.198749e+00
6.615000e+00; 9.810000e+04; 1.199669e+00; 1.241459e+05; 1.174878e+00; 1.014189e+05; 1.198574e+00
6.620000e+00; 9.810000e+04; 1.199631e+00; 1.250450e+05; 1.174076e+00; 1.015747e+05; 1.198389e+00
6.625000e+00; 9.810000e+04; 1.199594e+00; 1.259500e+05; 1.173259e+00; 1.017380e+05; 1.198195e+00
6.630000e+00; 9.810000e+04; 1.199558e+00; 1.268606e+05; 1.172428e+00; 1.019080e+05; 1.197994e+00
6.635000e+00; 9.810000e+04; 1.199523e+00; 1.277770e+05; 1.171585e+00; 1.020841e+05; 1.197785e+00
6.640000e+00; 9.810000e+04; 1.199489e+00; 1.286989e+05; 1.170730e+00; 1.022658e+05; 1.197569e+00
6.645000e+00; 9.810000e+04; 1.199456e+00; 1.296262e+05; 1.169865e+00; 1.024530e+05; 1.197347e+00
6.650000e+00; 9.810000e+04; 1.199423e+00; 1.305586e+05; 1.168989e+00; 1.026458e+05; 1.197117e+00
6.655000e+00; 9.810000e+04; 1.199391e+00; 1.314959e+05; 1.168104e+00; 1.028447e+05; 1.196880e+00
6.660000e+00; 9.810000e+04; 1.199359e+00; 1.324378e+05; 1.167210e+00; 1.030504e+05; 1.196635e+00
6.665000e+00; 9.810000e+04; 1.199328e+00; 1.333841e+05; 1.166308e+00; 1.032635e+05; 1.196380e+00
6.670000e+00; 9.810000e+04; 1.199297e+00; 1.343343e+05; 1.165399e+00; 1.034851e+05; 1.196116e+00
6.675000e+00; 9.810000e+04; 1.199266e+00; 1.352883e+05; 1.164483e+00; 1.037160e+05; 1.195841e+00
6.680000e+00; 9.810000e+04; 1.199235e+00; 1.362458e+05; 1.163560e+00; 1.039570e+05; 1.195555e+00
6.685000e+00; 9.810000e+04; 1.199204e+00; 1.372065e+05; 1.162631e+00; 1.042088e+05; 1.195256e+00
6.690000e+00; 9.810000e+04; 1.199173e+00; 1.381701e+05; 1.161696e+00; 1.044723e+05; 1.194945e+00
6.695000e+00; 9.810000e+04; 1.199141e+00; 1.391363e+05; 1.160756e+00; 1.047480e+05; 1.194620e+00
6.700000e+00; 9.810000e+04; 1.199108e+00; 1.401050e+05; 1.159811e+00; 1.050364e+05; 1.194281e+00
6.705000e+00; 9.810000e+04; 1.199075e+00; 1.410759e+05; 1.158862e+00; 1.053382e+05; 1.193928e+00
6.710000e+00; 9.810000e+04; 1.199040e+00; 1.420487e+05; 1.157908e+00; 1.056538e+05; 1.193560e+00
6.715000e+00; 9.810000e+04; 1.199004e+00; 1.430233e+05; 1.156951e+00; 1.059836e+05; 1.193177e+00
6.720000e+00; 9.810000e+04; 1.198966e+00; 1.439994e+05; 1.155990e+00; 1.063280e+05; 1.192779e+00
6.725000e+00; 9.810000e+04; 1.198926e+00; 1.449769e+05; 1.155025e+00; 1.066875e+05; 1.192365e+00
6.730000e+00; 9.810000e+04; 1.198884e+00; 1.459557e+05; 1.154057e+00; 1.070624e+05; 1.191934e+00
6.735000e+00; 9.810000e+04; 1.198839e+00; 1.469355e+05; 1.153087e+00; 1.074531e+05; 1.191488e+00
6.740000e+00; 9.810000e+04; 1.198792e+00; 1.479162e+05; 1.152114e+00; 1.078600e+05; 1.191025e+00
6.745000e+00; 9.810000e+04; 1.198741e+00; 1.488976e+05; 1.151138e+00; 1.082832e+05; 1.190545e+00
6.750000e+00; 9.810000e+04; 1.198687e+00; 1.498797e+05; 1.150160e+00; 1.087232e+05; 1.190048e+00
6.755000e+00; 9.810000e+04; 1.198629e+00; 1.508623e+05; 1.149181e+00; 1.091802e+05; 1.189533e+00
6.760000e+00; 9.810000e+04; 1.198566e+00; 1.518453e+05; 1.148199e+00; 1.096544e+05; 1.189002e+00
6.765000e+00; 9.810000e+04; 1.198498e+00; 1.528285e+05; 1.147216e+00; 1.101459e+05; 1.188453e+00
6.770000e+00; 9.810000e+04; 1.198425e+00; 1.538118e+05; 1.146231e+00; 1.106550e+05; 1.187887e+00
6.775000e+00; 9.810000e+04; 1.198346e+00; 1.547952e+05; 1.145245e+00; 1.111818e+05; 1.187303e+00
6.780000e+00; 9.809999e+04; 1.198260e+00; 1.557785e+05; 1.144257e+00; 1.117262e+05; 1.186701e+00
6.785000e+00; 9.809999e+04; 1.198167e+00; 1.567616e+05; 1.143269e+00; 1.122884e+05; 1.186083e+00
6.790000e+00; 9.809999e+04; 1.198066e+00; 1.577445e+05; 1.142279e+00; 1.128682e+05; 1.185447e+00
6.795000e+00; 9.809999e+04; 1.197957e+00; 1.587271e+05; 1.141289e+00; 1.134657e+05; 1.184794e+00
6.800000e+00; 9.809999e+04; 1.197837e+00; 1.597092e+05; 1.140297e+00; 1.140806e+05; 1.184124e+00
6.805000e+00; 9.809999e+04; 1.197707e+00; 1.606908e+05; 1.139305e+00; 1.147127e+05; 1.183438e+00
6.810000e+00; 9.809999e+04; 1.197566e+00; 1.616719e+05; 1.138313e+00; 1.153619e+05; 1.182736e+00
6.815000e+00; 9.809999e+04; 1.197412e+00; 1.626522e+05; 1.137319e+00; 1.160278e+05; 1.182017e+00
6.820000e+00; 9.809999e+04; 1.197244e+00; 1.636319e+05; 1.136326e+00; 1.167102e+05; 1.181283e+00
6.825000e+00; 9.809999e+04; 1.197063e+00; 1.646107e+05; 1.135331e+00; 1.174086e+05; 1.180534e+00
6.830000e+00; 9.809999e+04; 1.196866e+00; 1.655887e+05; 1.134337e+00; 1.181227e+05; 1.179770e+00
6.835000e+00; 9.809999e+04; 1.196653e+00; 1.665657e+05; 1.133342e+00; 1.188520e+05; 1.178992e+00
6.840000e+00; 9.809999e+04; 1.196424e+00; 1.675419e+05; 1.132347e+00; 1.195960e+05; 1.178200e+00
6.845000e+00; 9.809999e+04; 1.196178e+00; 1.685170e+05; 1.131351e+00; 1.203543e+05; 1.177396e+00
6.850000e+00; 9.810000e+04; 1.195915e+00; 1.694910e+05; 1.130355e+00; 1.211264e+05; 1.176578e+00
6.855000e+00; 9.810000e+04; 1.195634e+00; 1.704640e+05; 1.129359e+00; 1.219117e+05; 1.175749e+00
6.860000e+00; 9.810000e+04; 1.195336e+00; 1.714358e+05; 1.128363e+00; 1.227096e+05; 1.174907e+00
6.865000e+00; 9.810000e+04; 1.195022e+00; 1.724065e+05; 1.127367e+00; 1.235197e+05; 1.174055e+00
6.870000e+00; 9.810000e+04; 1.194690e+00; 1.733761e+05; 1.126370e+00; 1.243413e+05; 1.173192e+00
6.875000e+00; 9.810000e+04; 1.194341e+00; 1.743444e+05; 1.125374e+00; 1.251740e+05; 1.172320e+00
6.880000e+00; 9.810000e+04; 1.193976e+00; 1.753116e+05; 1.124377e+00; 1.260171e+05; 1.171437e+00
6.885000e+00; 9.810000e+04; 1.193595e+00; 1.762776e+05; 1.123380e+00; 1.268700e+05; 1.170546e+00
6.890000e+00; 9.810000e+04; 1.193198e+00; 1.772424e+05; 1.122383e+00; 1.277323e+05; 1.169647e+00
6.895000e+00; 9.810000e+04; 1.192784e+00; 1.782060e+05; 1.121386e+00; 1.286034e+05; 1.168739e+00
6.900000e+00; 9.809999e+04; 1.192354e+00; 1.791684e+05; 1.120389e+00; 1.294827e+05; 1.167824e+00
6.905000e+00; 9.809999e+04; 1.191906e+00; 1.801296e+05; 1.119391e+00; 1.303697e+05; 1.166902e+00
6.910000e+00; 9.809999e+04; 1.191441e+00; 1.810897e+05; 1.118394e+00; 1.312639e+05; 1.165973e+00
6.915000e+00; 9.809999e+04; 1.190957e+00; 1.820487e+05; 1.117396e+00; 1.321648e+05; 1.165038e+00
6.920000e+00; 9.809999e+04; 1.190454e+00; 1.830066e+05; 1.116399e+00; 1.330719e+05; 1.164096e+00
6.925000e+00; 9.809999e+04; 1.189931e+00; 1.839635e+05; 1.115401e+00; 1.339848e+05; 1.163149e+00
6.930000e+00; 9.809999e+04; 1.189386e+00; 1.849193e+05; 1.114403e+00; 1.349029e+05; 1.162197e+00
6.935000e+00; 9.809999e+04; 1.188818e+00; 1.858742e+05; 1.113405e+00; 1.358258e+05; 1.161240e+00
6.940000e+00; 9.809999e+04; 1.188227e+00; 1.868281e+05; 1.112407e+00; 1.367530e+05; 1.160278e+00
6.945000e+00; 9.809999e+04; 1.187612e+00; 1.877812e+05; 1.111409e+00; 1.376842e+05; 1.159312e+00
6.950000e+00; 9.809999e+04; 1.186970e+00; 1.887335e+05; 1.110411e+00; 1.386189e+05; 1.158341e+00
6.955000e+00; 9.809999e+04; 1.186302e+00; 1.896851e+05; 1.109412e+00; 1.395566e+05; 1.157366e+00
6.960000e+00; 9.809999e+04; 1.185606e+00; 1.906360e+05; 1.108414e+00; 1.404971e+05; 1.156387e+00
6.965000e+00; 9.809999e+04; 1.184881e+00; 1.915863e+05; 1.107415e+00; 1.414399e+05; 1.155404e+00
6.970000e+00; 9.809999e+04; 1.184127e+00; 1.925361e+05; 1.106416e+00; 1.423846e+05; 1.154417e+00
6.975000e+00; 9.809999e+04; 1.183343e+00; 1.934854e+05; 1.105417e+00; 1.433308e+05; 1.153427e+00
6.980000e+00; 9.809999e+04; 1.182528e+00; 1.944342e+05; 1.104418e+00; 1.442782e+05; 1.152433e+00
6.985000e+00; 9.809999e+04; 1.181681e+00; 1.953828e+05; 1.103418e+00; 1.452263e+05; 1.151436e+00
6.990000e+00; 9.809999e+04; 1.180803e+00; 1.963313e+05; 1.102419e+00; 1.461748e+05; 1.150435e+00
6.995000e+00; 9.809999e+04; 1.179892e+00; 1.972797e+05; 1.101419e+00; 1.471233e+05; 1.149431e+00
7.000000e+00; 9.809999e+04; 1.178948e+00; 1.982280e+05; 1.100419e+00; 1.480715e+05; 1.148423e+00
7.005000e+00; 9.809999e+04; 1.177970e+00; 1.991763e+05; 1.099419e+00; 1.490189e+05; 1.147412e+00
7.010000e+00; 9.809999e+04; 1.176959e+00; 2.001247e+05; 1.098419e+00; 1.499652e+05; 1.146397e+00
7.015000e+00; 9.809999e+04; 1.175914e+00; 2.010732e+05; 1.097418e+00; 1.509099e+05; 1.145378e+00
7.020000e+00; 9.809999e+04; 1.174835e+00; 2.020221e+05; 1.096417e+00; 1.518526e+05; 1.144355e+00
7.025000e+00; 9.809999e+04; 1.173722e+00; 2.029713e+05; 1.095416e+00; 1.527929e+05; 1.143328e+00
7.030000e+00; 9.809999e+04; 1.172575e+00; 2.039210e+05; 1.094415e+00; 1.537304e+05; 1.142297e+00
7.035000e+00; 9.809999e+04; 1.171394e+00; 2.048712e+05; 1.093414e+00; 1.546647e+05; 1.141261e+00
7.040000e+00; 9.810000e+04; 1.170179e+00; 2.058219e+05; 1.092413e+00; 1.555952e+05; 1.140221e+00
7.045000e+00; 9.810000e+04; 1.168931e+00; 2.067733e+05; 1.091411e+00; 1.565216e+05; 1.139175e+00
7.050000e+00; 9.810000e+04; 1.167649e+00; 2.077254e+05; 1.090409e+00; 1.574433e+05; 1.138125e+00
7.055000e+00; 9.810000e+04; 1.166335e+00; 2.086782e+05; 1.089407e+00; 1.583600e+05; 1.137068e+00
7.060000e+00; 9.810000e+04; 1.164989e+00; 2.096319e+05; 1.088405e+00; 1.592711e+05; 1.136006e+00
7.065000e+00; 9.810000e+04; 1.163610e+00; 2.105865e+05; 1.087402e+00; 1.601762e+05; 1.134938e+00
7.070000e+00; 9.810000e+04; 1.162201e+00; 2.115419e+05; 1.086399e+00; 1.610749e+05; 1.133863e+00
7.075000e+00; 9.810000e+04; 1.160761e+00; 2.124984e+05; 1.085397e+00; 1.619669e+05; 1.132782e+00
7.080000e+00; 9.810000e+04; 1.159292e+00; 2.134558e+05; 1.084394e+00; 1.628516e+05; 1.131693e+00
7.085000e+00; 9.810000e+04; 1.157794e+00; 2.144142e+05; 1.083390e+00; 1.637289e+05; 1.130598e+00
7.090000e+00; 9.810000e+04; 1.156268e+00; 2.153738e+05; 1.082387e+00; 1.645984e+05; 1.129495e+00
7.095000e+00; 9.810000e+04; 1.154716e+00; 2.163343e+05; 1.081383e+00; 1.654599e+05; 1.128385e+00
7.100000e+00; 9.810000e+04; 1.153137e+00; 2.172960e+05; 1.080379e+00; 1.663131e+05; 1.127267e+00
7.105000e+00; 9.810000e+04; 1.151533e+00; 2.182588e+05; 1.079375e+00; 1.671579e+05; 1.126142e+00
7.110000e+00; 9.810000e+04; 1.149905e+00; 2.192226e+05; 1.078371e+00; 1.679941e+05; 1.125009e+00
7.115000e+00; 9.810000e+04; 1.148254e+00; 2.201876e+05; 1.077366e+00; 1.688216e+05; 1.123868e+00
7.120000e+00; 9.810000e+04; 1.146582e+00; 2.211536e+05; 1.076361e+00; 1.696403e+05; 1.122719e+00
7.125000e+00; 9.810000e+04; 1.144888e+00; 2.221207e+05; 1.075356e+00; 1.704502e+05; 1.121562e+00
7.130000e+00; 9.810000e+04; 1.143174e+00; 2.230888e+05; 1.074350e+00; 1.712511e+05; 1.120397e+00
7.135000e+00; 9.810000e+04; 1.141441e+00; 2.240579e+05; 1.073345e+00; 1.720429e+05; 1.119224e+00
7.140000e+00; 9.810000e+04; 1.139690e+00; 2.250280e+05; 1.072338e+00; 1.728255e+05; 1.118042e+00
7.145000e+00; 9.810000e+04; 1.137922e+00; 2.259990e+05; 1.071332e+00; 1.735988e+05; 1.116853e+00
7.150000e+00; 9.810000e+04; 1.136139e+00; 2.269708e+05; 1.070325e+00; 1.743626e+05; 1.115654e+00
7.155000e+00; 9.810000e+04; 1.134340e+00; 2.279435e+05; 1.069317e+00; 1.751166e+05; 1.114447e+00
7.160000e+00; 9.810000e+04; 1.132526e+00; 2.289169e+05; 1.068309e+00; 1.758607e+05; 1.113231e+00
7.165000e+00; 9.810000e+04; 1.130700e+00; 2.298910e+05; 1.067301e+00; 1.765945e+05; 1.112005e+00
7.170000e+00; 9.810000e+04; 1.128861e+00; 2.308657e+05; 1.066292e+00; 1.773177e+05; 1.110770e+00
7.175000e+00; 9.810000e+04; 1.127010e+00; 2.318410e+05; 1.065282e+00; 1.780299e+05; 1.109525e+00
7.180000e+00; 9.810000e+04; 1.125148e+00; 2.328167e+05; 1.064271e+00; 1.787309e+05; 1.108268e+00
7.185000e+00; 9.810000e+04; 1.123276e+00; 2.337927e+05; 1.063259e+00; 1.794201e+05; 1.107001e+00
7.190000e+00; 9.810000e+04; 1.121395e+00; 2.347689e+05; 1.062247e+00; 1.800972e+05; 1.105723e+00
7.195000e+00; 9.810000e+04; 1.119504e+00; 2.357452e+05; 1.061234e+00; 1.807618e+05; 1.104432e+00
7.200000e+00; 9.810000e+04; 1.117606e+00; 2.367215e+05; 1.060219e+00; 1.814135e+05; 1.103129e+00
7.205000e+00; 9.810000e+04; 1.115700e+00; 2.376977e+05; 1.059204e+00; 1.820518e+05; 1.101813e+00
7.210000e+00; 9.810000e+04; 1.113787e+00; 2.386737e+05; 1.058187e+00; 1.826764e+05; 1.100484e+00
7.215000e+00; 9.810000e+04; 1.111867e+00; 2.396492e+05; 1.057168e+00; 1.832869e+05; 1.099141e+00
7.220000e+00; 9.810000e+04; 1.109942e+00; 2.406242e+05; 1.056148e+00; 1.838829e+05; 1.097784e+00
7.225000e+00; 9.810000e+04; 1.108011e+00; 2.415984e+05; 1.055126e+00; 1.844642e+05; 1.096412e+00
7.230000e+00; 9.810000e+04; 1.106075e+00; 2.425718e+05; 1.054103e+00; 1.850304e+05; 1.095025e+00
7.235000e+00; 9.810000e+04; 1.104135e+00; 2.435441e+05; 1.053077e+00; 1.855812e+05; 1.093623e+00
7.240000e+00; 9.810000e+04; 1.102191e+00; 2.445151e+05; 1.052049e+00; 1.861165e+05; 1.092205e+00
7.245000e+00; 9.810000e+04; 1.100242e+00; 2.454846e+05; 1.051019e+00; 1.866359e+05; 1.090771e+00
7.250000e+00; 9.810000e+04; 1.098291e+00; 2.464525e+05; 1.049986e+00; 1.871395e+05; 1.089321e+00
7.255000e+00; 9.810000e+04; 1.096336e+00; 2.474184e+05; 1.048950e+00; 1.876269e+05; 1.087855e+00
7.260000e+00; 9.810000e+04; 1.094379e+00; 2.483823e+05; 1.047911e+00; 1.880981e+05; 1.086373e+00
7.265000e+00; 9.810000e+04; 1.092420e+00; 2.498748e+05; 1.046093e+00; 1.885531e+05; 1.084873e+00
7.270000e+00; 9.810000e+04; 1.090458e+00; 2.504283e+05; 1.046093e+00; 1.889918e+05; 1.083357e+00
7.275000e+00; 9.810000e+04; 1.088494e+00; 2.515623e+05; 1.044033e+00; 1.894141e+05; 1.081824e+00
7.280000e+00; 9.810000e+04; 1.086529e+00; 2.529374e+05; 1.043200e+00; 1.898203e+05; 1.080275e+00
7.285000e+00; 9.810000e+04; 1.084563e+00; 2.535688e+05; 1.042176e+00; 1.902102e+05; 1.078708e+00
7.290000e+00; 9.810000e+04; 1.082595e+00; 2.546477e+05; 1.041090e+00; 1.905841e+05; 1.077125e+00
7.295000e+00; 9.810000e+04; 1.080627e+00; 2.555432e+05; 1.039991e+00; 1.909421e+05; 1.075525e+00
7.300000e+00; 9.810000e+04; 1.078658e+00; 2.565430e+05; 1.038911e+00; 1.912844e+05; 1.073908e+00
7.305000e+00; 9.810000e+04; 1.076688e+00; 2.574447e+05; 1.037824e+00; 1.916111e+05; 1.072276e+00
7.310000e+00; 9.810000e+04; 1.074718e+00; 2.583989e+05; 1.036737e+00; 1.919226e+05; 1.070626e+00
7.315000e+00; 9.810000e+04; 1.072748e+00; 2.593049e+05; 1.035639e+00; 1.922192e+05; 1.068962e+00
7.320000e+00; 9.810000e+04; 1.070778e+00; 2.602374e+05; 1.034538e+00; 1.925010e+05; 1.067281e+00
7.325000e+00; 9.810000e+04; 1.068808e+00; 2.611395e+05; 1.033427e+00; 1.927686e+05; 1.065585e+00
7.330000e+00; 9.810000e+04; 1.066838e+00; 2.620524e+05; 1.032312e+00; 1.930221e+05; 1.063874e+00
7.335000e+00; 9.810000e+04; 1.064868e+00; 2.629443e+05; 1.031189e+00; 1.932622e+05; 1.062148e+00
7.340000e+00; 9.810000e+04; 1.062899e+00; 2.638385e+05; 1.030061e+00; 1.934890e+05; 1.060409e+00
7.345000e+00; 9.810000e+04; 1.060930e+00; 2.647159e+05; 1.028926e+00; 1.937032e+05; 1.058655e+00
7.350000e+00; 9.810000e+04; 1.058962e+00; 2.655899e+05; 1.027786e+00; 1.939050e+05; 1.056888e+00
7.355000e+00; 9.810000e+04; 1.056995e+00; 2.664488e+05; 1.026641e+00; 1.940950e+05; 1.055108e+00
7.360000e+00; 9.810000e+04; 1.055028e+00; 2.673000e+05; 1.025491e+00; 1.942737e+05; 1.053315e+00
7.365000e+00; 9.810000e+04; 1.053062e+00; 2.681363e+05; 1.024337e+00; 1.944414e+05; 1.051510e+00
7.370000e+00; 9.810000e+04; 1.051096e+00; 2.689614e+05; 1.023180e+00; 1.945988e+05; 1.049694e+00
7.375000e+00; 9.810000e+04; 1.049132e+00; 2.697704e+05; 1.022021e+00; 1.947461e+05; 1.047866e+00
7.380000e+00; 9.810000e+04; 1.047169e+00; 2.705653e+05; 1.020860e+00; 1.948840e+05; 1.046028e+00
7.385000e+00; 9.810000e+04; 1.045206e+00; 2.713423e+05; 1.019699e+00; 1.950130e+05; 1.044180e+00
7.390000e+00; 9.810000e+04; 1.043244e+00; 2.721019e+05; 1.018538e+00; 1.951333e+05; 1.042322e+00
7.395000e+00; 9.810000e+04; 1.041283e+00; 2.728416e+05; 1.017378e+00; 1.952456e+05; 1.040455e+00
7.400000e+00; 9.810000e+04; 1.039323e+00; 2.735608e+05; 1.016221e+00; 1.953503e+05; 1.038579e+00
7.405000e+00; 9.810000e+04; 1.037364e+00; 2.742574e+05; 1.015067e+00; 1.954478e+05; 1.036695e+00
7.410000e+00; 9.810000e+04; 1.035406e+00; 2.749306e+05; 1.013917e+00; 1.955386e+05; 1.034802e+00
7.415000e+00; 9.810000e+04; 1.033449e+00; 2.755784e+05; 1.012772e+00; 1.956230e+05; 1.032903e+00
7.420000e+00; 9.810000e+04; 1.031493e+00; 2.761998e+05; 1.011633e+00; 1.957016e+05; 1.030996e+00
7.425000e+00; 9.810000e+04; 1.029537e+00; 2.767929e+05; 1.010500e+00; 1.957746e+05; 1.029083e+00
7.430000e+00; 9.810000e+04; 1.027582e+00; 2.773567e+05; 1.009375e+00; 1.958425e+05; 1.027163e+00
7.435000e+00; 9.810000e+04; 1.025628e+00; 2.778895e+05; 1.008259e+00; 1.959057e+05; 1.025238e+00
7.440000e+00; 9.810000e+04; 1.023674e+00; 2.783900e+05; 1.007150e+00; 1.959645e+05; 1.023306e+00
7.445000e+00; 9.810000e+04; 1.021721e+00; 2.788569e+05; 1.006052e+00; 1.960196e+05; 1.021370e+00
7.450000e+00; 9.810000e+04; 1.019769e+00; 2.792889e+05; 1.004963e+00; 1.960712e+05; 1.019428e+00
7.455000e+00; 9.810000e+04; 1.017817e+00; 2.796848e+05; 1.003884e+00; 1.961201e+05; 1.017481e+00
7.460000e+00; 9.810000e+04; 1.015866e+00; 2.800435e+05; 1.002816e+00; 1.961668e+05; 1.015528e+00
7.465000e+00; 9.810000e+04; 1.013915e+00; 2.803638e+05; 1.001758e+00; 1.962120e+05; 1.013570e+00
7.470000e+00; 9.810000e+04; 1.011964e+00; 2.806448e+05; 1.000713e+00; 1.962567e+05; 1.011606e+00
7.475000e+00; 9.810000e+04; 1.010014e+00; 2.808857e+05; 9.996782e-01; 1.963016e+05; 1.009636e+00
7.480000e+00; 9.810000e+04; 1.008064e+00; 2.810857e+05; 9.986554e-01; 1.963478e+05; 1.007659e+00
7.485000e+00; 9.810000e+04; 1.006113e+00; 2.812441e+05; 9.976442e-01; 1.963959e+05; 1.005675e+00
7.490000e+00; 9.810000e+04; 1.004163e+00; 2.813604e+05; 9.966448e-01; 1.964468e+05; 1.003684e+00
7.495000e+00; 9.810000e+04; 1.002213e+00; 2.814343e+05; 9.956569e-01; 1.965008e+05; 1.001686e+00
7.500000e+00; 9.810000e+04; 1.000263e+00; 2.814656e+05; 9.946803e-01; 1.965580e+05; 9.996808e-01
7.505000e+00; 9.810000e+04; 9.983119e-01; 2.814541e+05; 9.937149e-01; 1.966181e+05; 9.976697e-01
7.510000e+00; 9.810000e+04; 9.963610e-01; 2.814000e+05; 9.927602e-01; 1.966805e+05; 9.956537e-01
7.515000e+00; 9.810000e+04; 9.944098e-01; 2.813033e+05; 9.918159e-01; 1.967443e+05; 9.936341e-01
7.520000e+00; 9.810000e+04; 9.924581e-01; 2.811646e+05; 9.908814e-01; 1.968081e+05; 9.916123e-01
7.525000e+00; 9.810000e+04; 9.905059e-01; 2.809843e+05; 9.899561e-01; 1.968709e+05; 9.895900e-01
7.530000e+00; 9.810000e+04; 9.885532e-01; 2.807630e+05; 9.890395e-01; 1.969313e+05; 9.875684e-01
7.535000e+00; 9.810000e+04; 9.865998e-01; 2.805015e+05; 9.881309e-01; 1.969885e+05; 9.855488e-01
7.540000e+00; 9.810000e+04; 9.846457e-01; 2.802007e+05; 9.872294e-01; 1.970417e+05; 9.835320e-01
7.545000e+00; 9.810000e+04; 9.826908e-01; 2.798616e+05; 9.863343e-01; 1.970905e+05; 9.815185e-01
7.550000e+00; 9.810000e+04; 9.807351e-01; 2.794852e+05; 9.854447e-01; 1.971350e+05; 9.795085e-01
7.555000e+00; 9.810000e+04; 9.787785e-01; 2.790729e+05; 9.845599e-01; 1.971752e+05; 9.775021e-01
7.560000e+00; 9.810000e+04; 9.768211e-01; 2.786258e+05; 9.836790e-01; 1.972114e+05; 9.754989e-01
7.565000e+00; 9.810000e+04; 9.748626e-01; 2.781452e+05; 9.828012e-01; 1.972442e+05; 9.734987e-01
7.570000e+00; 9.810000e+04; 9.729031e-01; 2.776325e+05; 9.819257e-01; 1.972740e+05; 9.715013e-01
7.575000e+00; 9.810000e+04; 9.709426e-01; 2.770891e+05; 9.810516e-01; 1.973010e+05; 9.695065e-01
7.580000e+00; 9.810000e+04; 9.689809e-01; 2.765165e+05; 9.801781e-01; 1.973256e+05; 9.675141e-01
7.585000e+00; 9.810000e+04; 9.670181e-01; 2.759160e+05; 9.793047e-01; 1.973479e+05; 9.655243e-01
7.590000e+00; 9.810000e+04; 9.650542e-01; 2.752890e+05; 9.784305e-01; 1.973677e+05; 9.635372e-01
7.595000e+00; 9.810000e+04; 9.630891e-01; 2.746371e+05; 9.775549e-01; 1.973849e+05; 9.615532e-01
7.600000e+00; 9.810000e+04; 9.611227e-01; 2.739615e+05; 9.766774e-01; 1.973992e+05; 9.595727e-01
7.605000e+00; 9.810000e+04; 9.591552e-01; 2.732636e+05; 9.757975e-01; 1.974101e+05; 9.575963e-01
7.610000e+00; 9.810000e+04; 9.571864e-01; 2.725448e+05; 9.749146e-01; 1.974170e+05; 9.556246e-01
7.615000e+00; 9.810000e+04; 9.552163e-01; 2.718063e+05; 9.740284e-01; 1.974192e+05; 9.536585e-01
7.620000e+00; 9.810000e+04; 9.532450e-01; 2.710494e+05; 9.731387e-01; 1.974161e+05; 9.516986e-01
7.625000e+00; 9.810000e+04; 9.512725e-01; 2.702752e+05; 9.722450e-01; 1.974067e+05; 9.497460e-01
7.630000e+00; 9.810000e+04; 9.492986e-01; 2.694849e+05; 9.713472e-01; 1.973901e+05; 9.478014e-01
7.635000e+00; 9.810000e+04; 9.473235e-01; 2.686795e+05; 9.704451e-01; 1.973655e+05; 9.458661e-01
7.640000e+00; 9.810000e+04; 9.453471e-01; 2.678600e+05; 9.695387e-01; 1.973318e+05; 9.439408e-01
7.645000e+00; 9.810000e+04; 9.433694e-01; 2.670274e+05; 9.686278e-01; 1.972880e+05; 9.420268e-01
7.650000e+00; 9.810000e+04; 9.413903e-01; 2.661826e+05; 9.677125e-01; 1.972330e+05; 9.401249e-01
7.655000e+00; 9.810000e+04; 9.394099e-01; 2.653264e+05; 9.667928e-01; 1.971659e+05; 9.382364e-01
7.660000e+00; 9.810000e+04; 9.374281e-01; 2.644596e+05; 9.658688e-01; 1.970854e+05; 9.363622e-01
7.665000e+00; 9.810000e+04; 9.354448e-01; 2.635829e+05; 9.649405e-01; 1.969906e+05; 9.345034e-01
7.670000e+00; 9.810000e+04; 9.334598e-01; 2.626971e+05; 9.640081e-01; 1.968804e+05; 9.326611e-01
7.675000e+00; 9.810000e+04; 9.314731e-01; 2.618028e+05; 9.630718e-01; 1.967537e+05; 9.308363e-01
7.680000e+00; 9.810000e+04; 9.294844e-01; 2.609005e+05; 9.621316e-01; 1.966094e+05; 9.290299e-01
7.685000e+00; 9.810000e+04; 9.274935e-01; 2.599909e+05; 9.611878e-01; 1.964467e+05; 9.272430e-01
7.690000e+00; 9.810000e+04; 9.255001e-01; 2.590744e+05; 9.602405e-01; 1.962645e+05; 9.254763e-01
7.695000e+00; 9.810000e+04; 9.235037e-01; 2.581515e+05; 9.592900e-01; 1.960619e+05; 9.237308e-01
7.700000e+00; 9.810000e+04; 9.215039e-01; 2.572228e+05; 9.583364e-01; 1.958381e+05; 9.220072e-01
7.705000e+00; 9.810000e+04; 9.195004e-01; 2.562885e+05; 9.573801e-01; 1.955923e+05; 9.203063e-01
7.710000e+00; 9.810000e+04; 9.174925e-01; 2.553491e+05; 9.564211e-01; 1.953237e+05; 9.186288e-01
7.715000e+00; 9.810000e+04; 9.154798e-01; 2.544049e+05; 9.554597e-01; 1.950316e+05; 9.169752e-01
7.720000e+00; 9.810000e+04; 9.134619e-01; 2.534563e+05; 9.544960e-01; 1.947156e+05; 9.153460e-01
7.725000e+00; 9.810000e+04; 9.114383e-01; 2.525037e+05; 9.535303e-01; 1.943749e+05; 9.137417e-01
7.730000e+00; 9.810000e+04; 9.094089e-01; 2.515473e+05; 9.525628e-01; 1.940093e+05; 9.121626e-01
7.735000e+00; 9.810000e+04; 9.073736e-01; 2.505873e+05; 9.515936e-01; 1.936183e+05; 9.106090e-01
7.740000e+00; 9.810000e+04; 9.053323e-01; 2.496241e+05; 9.506230e-01; 1.932018e+05; 9.090810e-01
7.745000e+00; 9.810000e+04; 9.032855e-01; 2.486580e+05; 9.496510e-01; 1.927596e+05; 9.075787e-01
7.750000e+00; 9.810000e+04; 9.012335e-01; 2.476890e+05; 9.486779e-01; 1.922916e+05; 9.061020e-01
7.755000e+00; 9.810000e+04; 8.991771e-01; 2.467176e+05; 9.477037e-01; 1.917978e+05; 9.046507e-01
7.760000e+00; 9.810000e+04; 8.971173e-01; 2.457437e+05; 9.467288e-01; 1.912784e+05; 9.032248e-01
7.765000e+00; 9.810001e+04; 8.950549e-01; 2.447677e+05; 9.457531e-01; 1.907337e+05; 9.018238e-01
7.770000e+00; 9.810001e+04; 8.929910e-01; 2.437897e+05; 9.447769e-01; 1.901640e+05; 9.004472e-01
7.775000e+00; 9.810001e+04; 8.909270e-01; 2.428099e+05; 9.438003e-01; 1.895697e+05; 8.990947e-01
7.780000e+00; 9.810001e+04; 8.888638e-01; 2.418283e+05; 9.428233e-01; 1.889513e+05; 8.977655e-01
7.785000e+00; 9.810001e+04; 8.868026e-01; 2.408453e+05; 9.418461e-01; 1.883095e+05; 8.964590e-01
7.790000e+00; 9.810000e+04; 8.847443e-01; 2.398608e+05; 9.408689e-01; 1.876448e+05; 8.951745e-01
7.795000e+00; 9.810000e+04; 8.826897e-01; 2.388751e+05; 9.398917e-01; 1.869580e+05; 8.939111e-01
7.800000e+00; 9.810000e+04; 8.806395e-01; 2.378882e+05; 9.389146e-01; 1.862500e+05; 8.926681e-01
7.805000e+00; 9.810000e+04; 8.785944e-01; 2.369002e+05; 9.379376e-01; 1.855215e+05; 8.914443e-01
7.810000e+00; 9.810000e+04; 8.765547e-01; 2.359113e+05; 9.369610e-01; 1.847735e+05; 8.902391e-01
7.815000e+00; 9.810000e+04; 8.745208e-01; 2.349214e+05; 9.359848e-01; 1.840068e+05; 8.890512e-01
7.820000e+00; 9.810000e+04; 8.724929e-01; 2.339308e+05; 9.350090e-01; 1.832225e+05; 8.878799e-01
7.825000e+00; 9.810000e+04; 8.704715e-01; 2.329394e+05; 9.340337e-01; 1.824214e+05; 8.867240e-01
7.830000e+00; 9.810000e+04; 8.684568e-01; 2.319474e+05; 9.330590e-01; 1.816046e+05; 8.855825e-01
7.835000e+00; 9.810000e+04; 8.664492e-01; 2.309548e+05; 9.320849e-01; 1.807730e+05; 8.844545e-01
7.840000e+00; 9.810000e+04; 8.644492e-01; 2.299616e+05; 9.311115e-01; 1.799276e+05; 8.833391e-01
7.845000e+00; 9.810000e+04; 8.624575e-01; 2.289680e+05; 9.301389e-01; 1.790692e+05; 8.822351e-01
7.850000e+00; 9.810001e+04; 8.604747e-01; 2.279738e+05; 9.291671e-01; 1.781988e+05; 8.811418e-01
7.855000e+00; 9.810001e+04; 8.585019e-01; 2.269793e+05; 9.281960e-01; 1.773173e+05; 8.800582e-01
7.860000e+00; 9.810001e+04; 8.565400e-01; 2.259844e+05; 9.272259e-01; 1.764254e+05; 8.789835e-01
7.865000e+00; 9.810001e+04; 8.545904e-01; 2.249892e+05; 9.262566e-01; 1.755241e+05; 8.779169e-01
7.870000e+00; 9.810001e+04; 8.526543e-01; 2.239936e+05; 9.252882e-01; 1.746140e+05; 8.768576e-01
7.875000e+00; 9.810001e+04; 8.507333e-01; 2.229978e+05; 9.243208e-01; 1.736959e+05; 8.758048e-01
7.880000e+00; 9.810001e+04; 8.488290e-01; 2.220017e+05; 9.233543e-01; 1.727704e+05; 8.747580e-01
7.885000e+00; 9.810001e+04; 8.469430e-01; 2.210053e+05; 9.223887e-01; 1.718381e+05; 8.737164e-01
7.890000e+00; 9.810001e+04; 8.450772e-01; 2.200087e+05; 9.214241e-01; 1.708996e+05; 8.726795e-01
7.895000e+00; 9.810001e+04; 8.432334e-01; 2.190119e+05; 9.204605e-01; 1.699555e+05; 8.716467e-01
7.900000e+00; 9.810001e+04; 8.414134e-01; 2.180149e+05; 9.194978e-01; 1.690060e+05; 8.706175e-01
7.905000e+00; 9.810001e+04; 8.396193e-01; 2.170176e+05; 9.185360e-01; 1.680517e+05; 8.695915e-01
7.910000e+00; 9.810001e+04; 8.378529e-01; 2.160202e+05; 9.175752e-01; 1.670929e+05; 8.685681e-01
7.915000e+00; 9.810001e+04; 8.361163e-01; 2.150226e+05; 9.166152e-01; 1.661299e+05; 8.675470e-01
7.920000e+00; 9.810001e+04; 8.344112e-01; 2.140249e+05; 9.156561e-01; 1.651629e+05; 8.665277e-01
7.925000e+00; 9.810001e+04; 8.327396e-01; 2.130269e+05; 9.146979e-01; 1.641922e+05; 8.655099e-01
7.930000e+00; 9.810001e+04; 8.311033e-01; 2.120288e+05; 9.137405e-01; 1.632178e+05; 8.644932e-01
7.935000e+00; 9.810001e+04; 8.295041e-01; 2.110305e+05; 9.127838e-01; 1.622400e+05; 8.634774e-01
7.940000e+00; 9.810001e+04; 8.279436e-01; 2.100320e+05; 9.118279e-01; 1.612587e+05; 8.624619e-01
7.945000e+00; 9.810001e+04; 8.264235e-01; 2.090333e+05; 9.108727e-01; 1.602740e+05; 8.614467e-01
7.950000e+00; 9.810001e+04; 8.249453e-01; 2.080345e+05; 9.099181e-01; 1.592859e+05; 8.604313e-01
7.955000e+00; 9.810001e+04; 8.235103e-01; 2.070354e+05; 9.089641e-01; 1.582945e+05; 8.594154e-01
7.960000e+00; 9.810001e+04; 8.221198e-01; 2.060362e+05; 9.080107e-01; 1.572998e+05; 8.583990e-01
7.965000e+00; 9.810001e+04; 8.207750e-01; 2.050369e+05; 9.070577e-01; 1.563017e+05; 8.573818e-01
7.970000e+00; 9.810001e+04; 8.194768e-01; 2.040373e+05; 9.061052e-01; 1.553002e+05; 8.563635e-01
7.975000e+00; 9.810001e+04; 8.182260e-01; 2.030376e+05; 9.051530e-01; 1.542954e+05; 8.553442e-01
7.980000e+00; 9.810001e+04; 8.170233e-01; 2.020377e+05; 9.042012e-01; 1.532874e+05; 8.543237e-01
7.985000e+00; 9.810001e+04; 8.158693e-01; 2.010376e+05; 9.032495e-01; 1.522763e+05; 8.533021e-01
7.990000e+00; 9.810001e+04; 8.147642e-01; 2.000374e+05; 9.022981e-01; 1.512621e+05; 8.522794e-01
7.995000e+00; 9.810001e+04; 8.137082e-01; 1.990369e+05; 9.013467e-01; 1.502452e+05; 8.512556e-01
8.000000e+00; 9.810000e+04; 8.127013e-01; 1.980363e+05; 9.003954e-01; 1.492257e+05; 8.502310e-01
8.005000e+00; 9.810000e+04; 8.117434e-01; 1.970355e+05; 8.994441e-01; 1.482038e+05; 8.492059e-01
8.010000e+00; 9.810000e+04; 8.108341e-01; 1.960345e+05; 8.984927e-01; 1.471800e+05; 8.481803e-01
8.015000e+00; 9.810000e+04; 8.099728e-01; 1.950333e+05; 8.975412e-01; 1.461545e+05; 8.471547e-01
8.020000e+00; 9.810000e+04; 8.091588e-01; 1.940319e+05; 8.965894e-01; 1.451278e+05; 8.461294e-01
8.025000e+00; 9.810000e+04; 8.083914e-01; 1.930303e+05; 8.956373e-01; 1.441002e+05; 8.451048e-01
8.030000e+00; 9.810000e+04; 8.076695e-01; 1.920285e+05; 8.946850e-01; 1.430721e+05; 8.440811e-01
8.035000e+00; 9.810000e+04; 8.069920e-01; 1.910266e+05; 8.937322e-01; 1.420439e+05; 8.430588e-01
8.040000e+00; 9.810000e+04; 8.063576e-01; 1.900245e+05; 8.927789e-01; 1.410160e+05; 8.420382e-01
8.045000e+00; 9.810000e+04; 8.057650e-01; 1.890221e+05; 8.918252e-01; 1.399888e+05; 8.410197e-01
8.050000e+00; 9.810000e+04; 8.052127e-01; 1.880195e+05; 8.908709e-01; 1.389626e+05; 8.400036e-01
8.055000e+00; 9.810000e+04; 8.046992e-01; 1.870168e+05; 8.899160e-01; 1.379377e+05; 8.389902e-01
8.060000e+00; 9.810000e+04; 8.042227e-01; 1.860138e+05; 8.889605e-01; 1.369146e+05; 8.379799e-01
8.065000e+00; 9.809999e+04; 8.037816e-01; 1.850106e+05; 8.880043e-01; 1.358936e+05; 8.369729e-01
8.070000e+00; 9.809999e+04; 8.033743e-01; 1.840072e+05; 8.870474e-01; 1.348748e+05; 8.359697e-01
8.075000e+00; 9.809999e+04; 8.029988e-01; 1.830035e+05; 8.860897e-01; 1.338587e+05; 8.349704e-01
8.080000e+00; 9.809999e+04; 8.026535e-01; 1.819997e+05; 8.851313e-01; 1.328456e+05; 8.339753e-01
8.085000e+00; 9.809999e+04; 8.023365e-01; 1.809955e+05; 8.841720e-01; 1.318358e+05; 8.329850e-01
8.090000e+00; 9.809999e+04; 8.020462e-01; 1.799911e+05; 8.832119e-01; 1.308297e+05; 8.319996e-01
8.095000e+00; 9.809999e+04; 8.017807e-01; 1.789865e+05; 8.822509e-01; 1.298277e+05; 8.310196e-01
8.100000e+00; 9.809999e+04; 8.015384e-01; 1.779815e+05; 8.812891e-01; 1.288302e+05; 8.300456e-01
8.105000e+00; 9.809999e+04; 8.013177e-01; 1.769762e+05; 8.803264e-01; 1.278377e+05; 8.290778e-01
8.110000e+00; 9.809999e+04; 8.011169e-01; 1.759706e+05; 8.793629e-01; 1.268507e+05; 8.281170e-01
8.115000e+00; 9.809999e+04; 8.009345e-01; 1.749646e+05; 8.783984e-01; 1.258699e+05; 8.271636e-01
8.120000e+00; 9.809999e+04; 8.007690e-01; 1.739581e+05; 8.774331e-01; 1.248958e+05; 8.262183e-01
8.125000e+00; 9.809999e+04; 8.006192e-01; 1.729513e+05; 8.764668e-01; 1.239291e+05; 8.252819e-01
8.130000e+00; 9.810000e+04; 8.004836e-01; 1.719439e+05; 8.754996e-01; 1.229706e+05; 8.243549e-01
8.135000e+00; 9.810000e+04; 8.003610e-01; 1.709360e+05; 8.745315e-01; 1.220210e+05; 8.234383e-01
8.140000e+00; 9.810000e+04; 8.002503e-01; 1.699275e+05; 8.735624e-01; 1.210811e+05; 8.225327e-01
8.145000e+00; 9.810000e+04; 8.001504e-01; 1.689183e+05; 8.725924e-01; 1.201517e+05; 8.216390e-01
8.150000e+00; 9.810000e+04; 8.000604e-01; 1.679084e+05; 8.716213e-01; 1.192337e+05; 8.207580e-01
8.155000e+00; 9.810000e+04; 7.999792e-01; 1.668977e+05; 8.706492e-01; 1.183280e+05; 8.198906e-01
8.160000e+00; 9.810000e+04; 7.999062e-01; 1.658862e+05; 8.696760e-01; 1.174355e+05; 8.190376e-01
8.165000e+00; 9.810000e+04; 7.998405e-01; 1.648737e+05; 8.687016e-01; 1.165570e+05; 8.182000e-01
8.170000e+00; 9.810000e+04; 7.997814e-01; 1.638602e+05; 8.677259e-01; 1.156934e+05; 8.173785e-01
8.175000e+00; 9.810000e+04; 7.997284e-01; 1.628457e+05; 8.667489e-01; 1.148456e+05; 8.165740e-01
8.180000e+00; 9.810000e+04; 7.996807e-01; 1.618299e+05; 8.657705e-01; 1.140144e+05; 8.157873e-01
8.185000e+00; 9.810000e+04; 7.996381e-01; 1.608129e+05; 8.647905e-01; 1.132006e+05; 8.150191e-01
8.190000e+00; 9.810000e+04; 7.995999e-01; 1.597945e+05; 8.638089e-01; 1.124051e+05; 8.142703e-01
8.195000e+00; 9.810000e+04; 7.995658e-01; 1.587748e+05; 8.628257e-01; 1.116286e+05; 8.135415e-01
8.200000e+00; 9.810000e+04; 7.995355e-01; 1.577535e+05; 8.618406e-01; 1.108719e+05; 8.128333e-01
8.205000e+00; 9.810000e+04; 7.995085e-01; 1.567307e+05; 8.608538e-01; 1.101355e+05; 8.121464e-01
8.210000e+00; 9.810000e+04; 7.994847e-01; 1.557062e+05; 8.598651e-01; 1.094200e+05; 8.114814e-01
8.215000e+00; 9.810000e+04; 7.994638e-01; 1.546801e+05; 8.588745e-01; 1.087261e+05; 8.108386e-01
8.220000e+00; 9.810000e+04; 7.994455e-01; 1.536521e+05; 8.578823e-01; 1.080543e+05; 8.102185e-01
8.225000e+00; 9.810000e+04; 7.994298e-01; 1.526223e+05; 8.568884e-01; 1.074048e+05; 8.096215e-01
8.230000e+00; 9.810000e+04; 7.994163e-01; 1.515905e+05; 8.558930e-01; 1.067781e+05; 8.090478e-01
8.235000e+00; 9.810000e+04; 7.994050e-01; 1.505566e+05; 8.548965e-01; 1.061745e+05; 8.084976e-01
8.240000e+00; 9.810000e+04; 7.993957e-01; 1.495205e+05; 8.538992e-01; 1.055941e+05; 8.079710e-01
8.245000e+00; 9.810000e+04; 7.993884e-01; 1.484820e+05; 8.529015e-01; 1.050371e+05; 8.074681e-01
8.250000e+00; 9.810000e+04; 7.993829e-01; 1.474411e+05; 8.519040e-01; 1.045035e+05; 8.069888e-01
8.255000e+00; 9.810000e+04; 7.993791e-01; 1.463976e+05; 8.509071e-01; 1.039933e+05; 8.065331e-01
8.260000e+00; 9.810000e+04; 7.993770e-01; 1.453511e+05; 8.499117e-01; 1.035063e+05; 8.061007e-01
8.265000e+00; 9.810000e+04; 7.993764e-01; 1.443017e+05; 8.489183e-01; 1.030424e+05; 8.056914e-01
8.270000e+00; 9.810000e+04; 7.993775e-01; 1.432490e+05; 8.479278e-01; 1.026014e+05; 8.053048e-01
8.275000e+00; 9.810000e+04; 7.993800e-01; 1.421928e+05; 8.469411e-01; 1.021828e+05; 8.049405e-01
8.280000e+00; 9.810000e+04; 7.993840e-01; 1.411329e+05; 8.459588e-01; 1.017863e+05; 8.045981e-01
8.285000e+00; 9.810000e+04; 7.993893e-01; 1.400692e+05; 8.449819e-01; 1.014114e+05; 8.042771e-01
8.290000e+00; 9.810000e+04; 7.993961e-01; 1.390014e+05; 8.440113e-01; 1.010577e+05; 8.039768e-01
8.295000e+00; 9.810000e+04; 7.994042e-01; 1.379293e+05; 8.430477e-01; 1.007244e+05; 8.036966e-01
8.300000e+00; 9.810000e+04; 7.994137e-01; 1.368529e+05; 8.420920e-01; 1.004111e+05; 8.034358e-01
8.305000e+00; 9.810000e+04; 7.994245e-01; 1.357720e+05; 8.411449e-01; 1.001170e+05; 8.031938e-01
8.310000e+00; 9.810000e+04; 7.994365e-01; 1.346866e+05; 8.402071e-01; 9.984144e+04; 8.029698e-01
8.315000e+00; 9.810000e+04; 7.994499e-01; 1.335968e+05; 8.392794e-01; 9.958366e+04; 8.027629e-01
8.320000e+00; 9.810000e+04; 7.994645e-01; 1.325026e+05; 8.383624e-01; 9.934291e+04; 8.025724e-01
8.325000e+00; 9.810000e+04; 7.994804e-01; 1.314041e+05; 8.374567e-01; 9.911840e+04; 8.023976e-01
8.330000e+00; 9.810000e+04; 7.994975e-01; 1.303015e+05; 8.365628e-01; 9.890935e+04; 8.022375e-01
8.335000e+00; 9.810000e+04; 7.995159e-01; 1.291951e+05; 8.356814e-01; 9.871494e+04; 8.020913e-01
8.340000e+00; 9.810000e+04; 7.995355e-01; 1.280852e+05; 8.348130e-01; 9.853437e+04; 8.019583e-01
8.345000e+00; 9.810000e+04; 7.995563e-01; 1.269721e+05; 8.339582e-01; 9.836685e+04; 8.018377e-01
8.350000e+00; 9.810000e+04; 7.995784e-01; 1.258563e+05; 8.331175e-01; 9.821158e+04; 8.017286e-01
8.355000e+00; 9.810000e+04; 7.996016e-01; 1.247380e+05; 8.322915e-01; 9.806778e+04; 8.016304e-01
8.360000e+00; 9.810000e+04; 7.996261e-01; 1.236180e+05; 8.314809e-01; 9.793469e+04; 8.015422e-01
8.365000e+00; 9.810000e+04; 7.996517e-01; 1.224965e+05; 8.306864e-01; 9.781158e+04; 8.014633e-01
8.370000e+00; 9.810000e+04; 7.996785e-01; 1.213741e+05; 8.299087e-01; 9.769773e+04; 8.013930e-01
8.375000e+00; 9.810000e+04; 7.997066e-01; 1.202514e+05; 8.291486e-01; 9.759245e+04; 8.013308e-01
8.380000e+00; 9.810000e+04; 7.997357e-01; 1.191290e+05; 8.284068e-01; 9.749510e+04; 8.012759e-01
8.385000e+00; 9.810000e+04; 7.997660e-01; 1.180073e+05; 8.276843e-01; 9.740504e+04; 8.012278e-01
8.390000e+00; 9.810000e+04; 7.997975e-01; 1.168869e+05; 8.269820e-01; 9.732170e+04; 8.011859e-01
8.395000e+00; 9.810000e+04; 7.998300e-01; 1.157685e+05; 8.263008e-01; 9.724451e+04; 8.011497e-01
8.400000e+00; 9.810000e+04; 7.998636e-01; 1.146525e+05; 8.256417e-01; 9.717297e+04; 8.011187e-01
8.405000e+00; 9.810000e+04; 7.998984e-01; 1.135396e+05; 8.250057e-01; 9.710659e+04; 8.010924e-01
8.410000e+00; 9.810000e+04; 7.999341e-01; 1.124303e+05; 8.243938e-01; 9.704492e+04; 8.010705e-01
8.415000e+00; 9.810000e+04; 7.999709e-01; 1.109233e+05; 8.243938e-01; 9.698755e+04; 8.010525e-01
8.420000e+00; 9.810000e+04; 8.000086e-01; 1.097455e+05; 8.236022e-01; 9.693410e+04; 8.010381e-01
8.425000e+00; 9.810000e+04; 8.000474e-01; 1.089942e+05; 8.228052e-01; 9.688421e+04; 8.010269e-01
8.430000e+00; 9.810000e+04; 8.000870e-01; 1.079268e+05; 8.223349e-01; 9.683757e+04; 8.010187e-01
8.435000e+00; 9.810000e+04; 8.001275e-01; 1.067351e+05; 8.219971e-01; 9.679387e+04; 8.010133e-01
8.440000e+00; 9.810000e+04; 8.001689e-01; 1.055876e+05; 8.215712e-01; 9.675284e+04; 8.010103e-01
8.445000e+00; 9.810000e+04; 8.002111e-01; 1.045862e+05; 8.210733e-01; 9.671421e+04; 8.010097e-01
8.450000e+00; 9.810000e+04; 8.002540e-01; 1.035873e+05; 8.206351e-01; 9.667772e+04; 8.010112e-01
8.455000e+00; 9.810000e+04; 8.002977e-01; 1.025469e+05; 8.202901e-01; 9.664314e+04; 8.010147e-01
8.460000e+00; 9.810000e+04; 8.003420e-01; 1.014825e+05; 8.199873e-01; 9.661023e+04; 8.010202e-01
8.465000e+00; 9.810000e+04; 8.003870e-01; 1.004539e+05; 8.196876e-01; 9.657873e+04; 8.010276e-01
8.470000e+00; 9.810000e+04; 8.004325e-01; 9.945187e+04; 8.194079e-01; 9.654840e+04; 8.010369e-01
8.475000e+00; 9.810000e+04; 8.004785e-01; 9.845666e+04; 8.191740e-01; 9.651897e+04; 8.010482e-01
8.480000e+00; 9.810000e+04; 8.005250e-01; 9.745474e+04; 8.189885e-01; 9.649018e+04; 8.010615e-01
8.485000e+00; 9.810000e+04; 8.005719e-01; 9.646046e+04; 8.188375e-01; 9.646170e+04; 8.010769e-01
8.490000e+00; 9.810000e+04; 8.006191e-01; 9.547973e+04; 8.187164e-01; 9.643324e+04; 8.010947e-01
8.495000e+00; 9.810000e+04; 8.006666e-01; 9.451162e+04; 8.186305e-01; 9.640445e+04; 8.011150e-01
8.500000e+00; 9.810000e+04; 8.007144e-01; 9.354875e+04; 8.185851e-01; 9.637496e+04; 8.011381e-01
8.505000e+00; 9.810000e+04; 8.007623e-01; 9.259153e+04; 8.185791e-01; 9.634439e+04; 8.011642e-01
8.510000e+00; 9.810000e+04; 8.008104e-01; 9.164171e+04; 8.186093e-01; 9.631234e+04; 8.011938e-01
8.515000e+00; 9.810000e+04; 8.008586e-01; 9.070092e+04; 8.186753e-01; 9.627837e+04; 8.012270e-01
8.520000e+00; 9.810000e+04; 8.009067e-01; 8.976715e+04; 8.187785e-01; 9.624206e+04; 8.012644e-01
8.525000e+00; 9.810000e+04; 8.009549e-01; 8.883933e+04; 8.189192e-01; 9.620296e+04; 8.013063e-01
8.530000e+00; 9.810000e+04; 8.010029e-01; 8.791694e+04; 8.190966e-01; 9.616062e+04; 8.013530e-01
8.535000e+00; 9.810000e+04; 8.010508e-01; 8.700043e+04; 8.193097e-01; 9.611459e+04; 8.014051e-01
8.540000e+00; 9.810000e+04; 8.010986e-01; 8.608923e+04; 8.195580e-01; 9.606444e+04; 8.014628e-01
8.545000e+00; 9.810000e+04; 8.011461e-01; 8.518269e+04; 8.198412e-01; 9.600973e+04; 8.015265e-01
8.550000e+00; 9.810000e+04; 8.011934e-01; 8.428001e+04; 8.201589e-01; 9.595007e+04; 8.015967e-01
8.555000e+00; 9.810000e+04; 8.012404e-01; 8.338086e+04; 8.205100e-01; 9.588506e+04; 8.016737e-01
8.560000e+00; 9.810000e+04; 8.012871e-01; 8.248480e+04; 8.208937e-01; 9.581434e+04; 8.017579e-01
8.565000e+00; 9.810000e+04; 8.013334e-01; 8.159133e+04; 8.213092e-01; 9.573758e+04; 8.018494e-01
8.570000e+00; 9.810000e+04; 8.013793e-01; 8.069983e+04; 8.217556e-01; 9.565447e+04; 8.019487e-01
8.575000e+00; 9.810000e+04; 8.014248e-01; 7.980978e+04; 8.222320e-01; 9.556471e+04; 8.020559e-01
8.580000e+00; 9.810000e+04; 8.014700e-01; 7.892072e+04; 8.227373e-01; 9.546804e+04; 8.021714e-01
8.585000e+00; 9.810000e+04; 8.015146e-01; 7.803220e+04; 8.232706e-01; 9.536420e+04; 8.022954e-01
8.590000e+00; 9.810000e+04; 8.015589e-01; 7.714373e+04; 8.238308e-01; 9.525293e+04; 8.024281e-01
8.595000e+00; 9.810000e+04; 8.016027e-01; 7.625488e+04; 8.244169e-01; 9.513395e+04; 8.025698e-01
8.600000e+00; 9.810000e+04; 8.016461e-01; 7.536522e+04; 8.250278e-01; 9.500696e+04; 8.027209e-01
8.605000e+00; 9.810000e+04; 8.016890e-01; 7.447440e+04; 8.256625e-01; 9.487159e+04; 8.028816e-01
8.610000e+00; 9.810000e+04; 8.017315e-01; 7.358206e+04; 8.263197e-01; 9.472744e+04; 8.030524e-01
8.615000e+00; 9.810000e+04; 8.017736e-01; 7.268787e+04; 8.269986e-01; 9.457404e+04; 8.032338e-01
8.620000e+00; 9.810000e+04; 8.018152e-01; 7.179154e+04; 8.276981e-01; 9.441089e+04; 8.034262e-01
8.625000e+00; 9.810000e+04; 8.018565e-01; 7.089282e+04; 8.284170e-01; 9.423750e+04; 8.036301e-01
8.630000e+00; 9.810000e+04; 8.018973e-01; 6.999148e+04; 8.291545e-01; 9.405343e+04; 8.038460e-01
8.635000e+00; 9.810000e+04; 8.019378e-01; 6.908735e+04; 8.299095e-01; 9.385836e+04; 8.040740e-01
8.640000e+00; 9.810000e+04; 8.019780e-01; 6.818024e+04; 8.306810e-01; 9.365215e+04; 8.043142e-01
8.645000e+00; 9.810000e+04; 8.020178e-01; 6.727005e+04; 8.314681e-01; 9.343491e+04; 8.045665e-01
8.650000e+00; 9.810000e+04; 8.020573e-01; 6.635667e+04; 8.322700e-01; 9.320696e+04; 8.048304e-01
8.655000e+00; 9.810000e+04; 8.020965e-01; 6.544004e+04; 8.330856e-01; 9.296885e+04; 8.051054e-01
8.660000e+00; 9.810000e+04; 8.021355e-01; 6.409336e+04; 8.345374e-01; 9.272127e+04; 8.053906e-01
8.665000e+00; 9.810000e+04; 8.021743e-01; 6.349575e+04; 8.345374e-01; 9.246495e+04; 8.056855e-01
8.670000e+00; 9.810000e+04; 8.022129e-01; 6.241826e+04; 8.362127e-01; 9.220054e+04; 8.059892e-01
8.675000e+00; 9.810000e+04; 8.022514e-01; 6.114434e+04; 8.368981e-01; 9.192854e+04; 8.063013e-01
8.680000e+00; 9.810000e+04; 8.022899e-01; 6.046681e+04; 8.377442e-01; 9.164920e+04; 8.066217e-01
8.685000e+00; 9.810000e+04; 8.023285e-01; 5.942046e+04; 8.386460e-01; 9.136251e+04; 8.069504e-01
8.690000e+00; 9.810000e+04; 8.023672e-01; 5.851636e+04; 8.395631e-01; 9.106818e+04; 8.072876e-01
8.695000e+00; 9.810000e+04; 8.024062e-01; 5.752168e+04; 8.404679e-01; 9.076572e+04; 8.076338e-01
8.700000e+00; 9.810000e+04; 8.024456e-01; 5.660009e+04; 8.413809e-01; 9.045450e+04; 8.079898e-01
8.705000e+00; 9.810000e+04; 8.024856e-01; 5.562946e+04; 8.422952e-01; 9.013380e+04; 8.083561e-01
8.710000e+00; 9.810000e+04; 8.025265e-01; 5.469102e+04; 8.432202e-01; 8.980286e+04; 8.087335e-01
8.715000e+00; 9.810000e+04; 8.025685e-01; 5.372413e+04; 8.441483e-01; 8.946097e+04; 8.091226e-01
8.720000e+00; 9.810000e+04; 8.026119e-01; 5.277459e+04; 8.450839e-01; 8.910749e+04; 8.095240e-01
8.725000e+00; 9.810000e+04; 8.026570e-01; 5.180874e+04; 8.460227e-01; 8.874181e+04; 8.099382e-01
8.730000e+00; 9.810000e+04; 8.027043e-01; 5.085198e+04; 8.469676e-01; 8.836345e+04; 8.103657e-01
8.735000e+00; 9.810000e+04; 8.027542e-01; 4.988513e+04; 8.479158e-01; 8.797197e+04; 8.108068e-01
8.740000e+00; 9.810000e+04; 8.028071e-01; 4.892309e+04; 8.488689e-01; 8.756700e+04; 8.112617e-01
8.745000e+00; 9.810000e+04; 8.028635e-01; 4.795477e+04; 8.498250e-01; 8.714822e+04; 8.117309e-01
8.750000e+00; 9.810000e+04; 8.029242e-01; 4.698892e+04; 8.507850e-01; 8.671538e+04; 8.122144e-01
8.755000e+00; 9.810000e+04; 8.029895e-01; 4.601901e+04; 8.517479e-01; 8.626825e+04; 8.127124e-01
8.760000e+00; 9.810000e+04; 8.030603e-01; 4.505032e+04; 8.527140e-01; 8.580664e+04; 8.132251e-01
8.765000e+00; 9.810000e+04; 8.031372e-01; 4.407901e+04; 8.536826e-01; 8.533039e+04; 8.137526e-01
8.770000e+00; 9.810001e+04; 8.032209e-01; 4.310829e+04; 8.546538e-01; 8.483939e+04; 8.142949e-01
8.775000e+00; 9.810001e+04; 8.033120e-01; 4.213587e+04; 8.556272e-01; 8.433353e+04; 8.148520e-01
8.780000e+00; 9.810001e+04; 8.034114e-01; 4.116376e+04; 8.566028e-01; 8.381275e+04; 8.154240e-01
8.785000e+00; 9.810001e+04; 8.035197e-01; 4.019059e+04; 8.575803e-01; 8.327701e+04; 8.160109e-01
8.790000e+00; 9.810001e+04; 8.036378e-01; 3.921763e+04; 8.585596e-01; 8.272630e+04; 8.166125e-01
8.795000e+00; 9.810001e+04; 8.037663e-01; 3.824407e+04; 8.595406e-01; 8.216065e+04; 8.172290e-01
8.800000e+00; 9.810001e+04; 8.039059e-01; 3.727072e+04; 8.605231e-01; 8.158010e+04; 8.178601e-01
8.805000e+00; 9.810001e+04; 8.040573e-01; 3.629711e+04; 8.615069e-01; 8.098473e+04; 8.185057e-01
8.810000e+00; 9.810001e+04; 8.042213e-01; 3.532377e+04; 8.624921e-01; 8.037464e+04; 8.191658e-01
8.815000e+00; 9.810001e+04; 8.043985e-01; 3.435043e+04; 8.634784e-01; 7.974997e+04; 8.198401e-01
8.820000e+00; 9.810001e+04; 8.045896e-01; 3.337745e+04; 8.644657e-01; 7.911087e+04; 8.205285e-01
8.825000e+00; 9.810001e+04; 8.047952e-01; 3.240468e+04; 8.654541e-01; 7.845750e+04; 8.212307e-01
8.830000e+00; 9.810001e+04; 8.050160e-01; 3.143235e+04; 8.664433e-01; 7.779005e+04; 8.219466e-01
8.835000e+00; 9.810001e+04; 8.052526e-01; 3.046040e+04; 8.674334e-01; 7.710870e+04; 8.226759e-01
8.840000e+00; 9.810001e+04; 8.055057e-01; 2.948897e+04; 8.684242e-01; 7.641362e+04; 8.234186e-01
8.845000e+00; 9.810001e+04; 8.057758e-01; 2.851806e+04; 8.694157e-01; 7.570495e+04; 8.241744e-01
8.850000e+00; 9.810001e+04; 8.060637e-01; 2.754774e+04; 8.704078e-01; 7.498278e+04; 8.249433e-01
8.855000e+00; 9.810001e+04; 8.063699e-01; 2.657801e+04; 8.714005e-01; 7.424713e+04; 8.257253e-01
8.860000e+00; 9.810001e+04; 8.066949e-01; 2.560897e+04; 8.723937e-01; 7.349797e+04; 8.265205e-01
8.865000e+00; 9.810001e+04; 8.070393e-01; 2.464060e+04; 8.733874e-01; 7.273517e+04; 8.273289e-01
8.870000e+00; 9.810000e+04; 8.074034e-01; 2.367295e+04; 8.743815e-01; 7.195857e+04; 8.281508e-01
8.875000e+00; 9.810000e+04; 8.077877e-01; 2.270602e+04; 8.753761e-01; 7.116799e+04; 8.289864e-01
8.880000e+00; 9.810000e+04; 8.081923e-01; 2.173984e+04; 8.763710e-01; 7.036330e+04; 8.298357e-01
8.885000e+00; 9.810000e+04; 8.086173e-01; 2.077441e+04; 8.773663e-01; 6.954450e+04; 8.306988e-01
8.890000e+00; 9.810000e+04; 8.090628e-01; 1.980975e+04; 8.783619e-01; 6.871178e+04; 8.315754e-01
8.895000e+00; 9.810000e+04; 8.095287e-01; 1.884586e+04; 8.793577e-01; 6.786562e+04; 8.324650e-01
8.900000e+00; 9.810000e+04; 8.100146e-01; 1.788272e+04; 8.803539e-01; 6.700678e+04; 8.333668e-01
8.905000e+00; 9.810000e+04; 8.105205e-01; 1.692034e+04; 8.813503e-01; 6.613632e+04; 8.342797e-01
8.910000e+00; 9.810000e+04; 8.110459e-01; 1.595872e+04; 8.823470e-01; 6.525559e+04; 8.352024e-01
8.915000e+00; 9.810000e+04; 8.115907e-01; 1.499783e+04; 8.833439e-01; 6.436607e+04; 8.361333e-01
8.920000e+00; 9.810000e+04; 8.121546e-01; 1.403764e+04; 8.843411e-01; 6.346932e+04; 8.370711e-01
8.925000e+00; 9.810000e+04; 8.127375e-01; 1.307812e+04; 8.853385e-01; 6.256684e+04; 8.380144e-01
8.930000e+00; 9.810000e+04; 8.133393e-01; 1.211932e+04; 8.863360e-01; 6.165995e+04; 8.389620e-01
8.935000e+00; 9.810000e+04; 8.139602e-01; 1.116111e+04; 8.873338e-01; 6.074976e+04; 8.399130e-01
8.940000e+00; 9.810000e+04; 8.146005e-01; 1.020350e+04; 8.883317e-01; 5.983708e+04; 8.408668e-01
8.945000e+00; 9.810001e+04; 8.152606e-01; 9.246488e+03; 8.893299e-01; 5.892245e+04; 8.418231e-01
8.950000e+00; 9.810001e+04; 8.159410e-01; 8.290008e+03; 8.903282e-01; 5.800619e+04; 8.427818e-01
8.955000e+00; 9.810001e+04; 8.166424e-01; 7.334035e+03; 8.913267e-01; 5.708843e+04; 8.437430e-01
8.960000e+00; 9.810001e+04; 8.173655e-01; 6.378514e+03; 8.923254e-01; 5.616922e+04; 8.447070e-01
8.965000e+00; 9.810001e+04; 8.181111e-01; 5.423399e+03; 8.933243e-01; 5.524855e+04; 8.456740e-01
8.970000e+00; 9.810001e+04; 8.188799e-01; 4.468618e+03; 8.943234e-01; 5.432642e+04; 8.466444e-01
8.975000e+00; 9.810001e+04; 8.196729e-01; 3.514153e+03; 8.953227e-01; 5.340289e+04; 8.476185e-01
8.980000e+00; 9.810001e+04; 8.204908e-01; 2.559945e+03; 8.963222e-01; 5.247808e+04; 8.485964e-01
8.985000e+00; 9.810001e+04; 8.213343e-01; 1.605933e+03; 8.973219e-01; 5.155218e+04; 8.495785e-01
8.990000e+00; 9.810001e+04; 8.222041e-01; 6.520853e+02; 8.983217e-01; 5.062546e+04; 8.505649e-01
8.995000e+00; 9.810001e+04; 8.231007e-01; -3.016479e+02; 8.993218e-01; 4.969825e+04; 8.515558e-01
9.000000e+00; 9.810001e+04; 8.240248e-01; -1.255346e+03; 9.003221e-01; 4.877092e+04; 8.525513e-01
9.005000e+00; 9.810001e+04; 8.249768e-01; -2.209022e+03; 9.013225e-01; 4.784389e+04; 8.535516e-01
9.010000e+00; 9.810001e+04; 8.259570e-01; -3.162742e+03; 9.023232e-01; 4.691759e+04; 8.545568e-01
9.015000e+00; 9.810001e+04; 8.269658e-01; -4.116580e+03; 9.033241e-01; 4.599250e+04; 8.555671e-01
9.020000e+00; 9.810000e+04; 8.280035e-01; -5.070535e+03; 9.043251e-01; 4.506908e+04; 8.565826e-01
9.025000e+00; 9.810000e+04; 8.290700e-01; -6.024693e+03; 9.053264e-01; 4.414782e+04; 8.576035e-01
9.030000e+00; 9.810000e+04; 8.301657e-01; -6.979112e+03; 9.063280e-01; 4.322919e+04; 8.586300e-01
9.035000e+00; 9.810000e+04; 8.312905e-01; -7.933840e+03; 9.073298e-01; 4.231368e+04; 8.596623e-01
9.040000e+00; 9.810000e+04; 8.324445e-01; -8.888920e+03; 9.083318e-01; 4.140177e+04; 8.607006e-01
9.045000e+00; 9.810000e+04; 8.336275e-01; -9.844394e+03; 9.093341e-01; 4.049393e+04; 8.617451e-01
9.050000e+00; 9.810000e+04; 8.348395e-01; -1.080031e+04; 9.103367e-01; 3.959062e+04; 8.627961e-01
9.055000e+00; 9.810000e+04; 8.360804e-01; -1.175669e+04; 9.113395e-01; 3.869229e+04; 8.638537e-01
9.060000e+00; 9.810000e+04; 8.373500e-01; -1.271359e+04; 9.123426e-01; 3.779939e+04; 8.649182e-01
9.065000e+00; 9.810000e+04; 8.386481e-01; -1.367105e+04; 9.133460e-01; 3.691236e+04; 8.659899e-01
9.070000e+00; 9.810000e+04; 8.399745e-01; -1.462912e+04; 9.143497e-01; 3.603161e+04; 8.670690e-01
9.075000e+00; 9.810000e+04; 8.413290e-01; -1.558782e+04; 9.153538e-01; 3.515756e+04; 8.681556e-01
9.080000e+00; 9.810000e+04; 8.427115e-01; -1.654715e+04; 9.163582e-01; 3.429059e+04; 8.692501e-01
9.085000e+00; 9.810000e+04; 8.441217e-01; -1.750722e+04; 9.173630e-01; 3.343109e+04; 8.703527e-01
9.090000e+00; 9.810000e+04; 8.455595e-01; -1.846801e+04; 9.183681e-01; 3.257940e+04; 8.714636e-01
9.095000e+00; 9.810000e+04; 8.470246e-01; -1.942953e+04; 9.193737e-01; 3.173588e+04; 8.725831e-01
9.100000e+00; 9.810000e+04; 8.485170e-01; -2.039186e+04; 9.203797e-01; 3.090084e+04; 8.737112e-01
9.105000e+00; 9.810000e+04; 8.500364e-01; -2.135504e+04; 9.213862e-01; 3.007457e+04; 8.748483e-01
9.110000e+00; 9.810000e+04; 8.515827e-01; -2.231909e+04; 9.223932e-01; 2.925734e+04; 8.759944e-01
9.115000e+00; 9.810000e+04; 8.531554e-01; -2.328399e+04; 9.234007e-01; 2.844938e+04; 8.771498e-01
9.120000e+00; 9.810000e+04; 8.547544e-01; -2.424980e+04; 9.244089e-01; 2.765089e+04; 8.783145e-01
9.125000e+00; 9.810000e+04; 8.563791e-01; -2.521654e+04; 9.254176e-01; 2.686204e+04; 8.794887e-01
9.130000e+00; 9.810000e+04; 8.580289e-01; -2.618423e+04; 9.264271e-01; 2.608298e+04; 8.806725e-01
9.135000e+00; 9.810000e+04; 8.597030e-01; -2.715289e+04; 9.274372e-01; 2.531381e+04; 8.818658e-01
9.140000e+00; 9.810000e+04; 8.614006e-01; -2.812254e+04; 9.284481e-01; 2.455460e+04; 8.830688e-01
9.145000e+00; 9.810000e+04; 8.631204e-01; -2.909320e+04; 9.294599e-01; 2.380540e+04; 8.842814e-01
9.150000e+00; 9.810000e+04; 8.648613e-01; -3.006487e+04; 9.304725e-01; 2.306626e+04; 8.855037e-01
9.155000e+00; 9.810000e+04; 8.666217e-01; -3.103756e+04; 9.314861e-01; 2.233720e+04; 8.867356e-01
9.160000e+00; 9.809999e+04; 8.684001e-01; -3.201127e+04; 9.325007e-01; 2.161821e+04; 8.879772e-01
9.165000e+00; 9.809999e+04; 8.701949e-01; -3.298601e+04; 9.335164e-01; 2.090933e+04; 8.892285e-01
9.170000e+00; 9.809999e+04; 8.720045e-01; -3.396176e+04; 9.345333e-01; 2.021058e+04; 8.904895e-01
9.175000e+00; 9.809999e+04; 8.738273e-01; -3.493845e+04; 9.355515e-01; 1.952200e+04; 8.917603e-01
9.180000e+00; 9.809999e+04; 8.756618e-01; -3.591607e+04; 9.365710e-01; 1.884365e+04; 8.930410e-01
9.185000e+00; 9.810000e+04; 8.775067e-01; -3.689458e+04; 9.375920e-01; 1.817563e+04; 8.943317e-01
9.190000e+00; 9.810000e+04; 8.793606e-01; -3.787386e+04; 9.386144e-01; 1.751805e+04; 8.956324e-01
9.195000e+00; 9.810000e+04; 8.812226e-01; -3.885386e+04; 9.396386e-01; 1.687106e+04; 8.969435e-01
9.200000e+00; 9.810000e+04; 8.830918e-01; -3.983442e+04; 9.406644e-01; 1.623484e+04; 8.982651e-01
9.205000e+00; 9.810000e+04; 8.849675e-01; -4.081542e+04; 9.416920e-01; 1.560960e+04; 8.995975e-01
9.210000e+00; 9.810000e+04; 8.868492e-01; -4.179670e+04; 9.427216e-01; 1.499557e+04; 9.009410e-01
9.215000e+00; 9.810000e+04; 8.887363e-01; -4.277806e+04; 9.437532e-01; 1.439300e+04; 9.022958e-01
9.220000e+00; 9.810000e+04; 8.906287e-01; -4.375927e+04; 9.447870e-01; 1.380214e+04; 9.036622e-01
9.225000e+00; 9.810000e+04; 8.925261e-01; -4.474009e+04; 9.458230e-01; 1.322327e+04; 9.050406e-01
9.230000e+00; 9.810000e+04; 8.944283e-01; -4.572024e+04; 9.468614e-01; 1.265666e+04; 9.064313e-01
9.235000e+00; 9.810000e+04; 8.963352e-01; -4.669939e+04; 9.479022e-01; 1.210255e+04; 9.078346e-01
9.240000e+00; 9.810000e+04; 8.982466e-01; -4.767722e+04; 9.489456e-01; 1.156121e+04; 9.092508e-01
9.245000e+00; 9.810000e+04; 9.001623e-01; -4.865334e+04; 9.499916e-01; 1.103287e+04; 9.106801e-01
9.250000e+00; 9.810000e+04; 9.020822e-01; -4.962734e+04; 9.510404e-01; 1.051774e+04; 9.121229e-01
9.255000e+00; 9.810000e+04; 9.040062e-01; -5.059879e+04; 9.520921e-01; 1.001602e+04; 9.135793e-01
9.260000e+00; 9.810000e+04; 9.059340e-01; -5.156722e+04; 9.531467e-01; 9.527855e+03; 9.150496e-01
9.265000e+00; 9.810000e+04; 9.078654e-01; -5.253213e+04; 9.542043e-01; 9.053396e+03; 9.165340e-01
9.270000e+00; 9.810000e+04; 9.098002e-01; -5.349300e+04; 9.552650e-01; 8.592750e+03; 9.180325e-01
9.275000e+00; 9.810000e+04; 9.117381e-01; -5.444930e+04; 9.563289e-01; 8.145999e+03; 9.195454e-01
9.280000e+00; 9.810000e+04; 9.136790e-01; -5.540045e+04; 9.573959e-01; 7.713198e+03; 9.210728e-01
9.285000e+00; 9.810000e+04; 9.156225e-01; -5.634586e+04; 9.584663e-01; 7.294379e+03; 9.226147e-01
9.290000e+00; 9.810000e+04; 9.175685e-01; -5.728493e+04; 9.595399e-01; 6.889547e+03; 9.241712e-01
9.295000e+00; 9.810000e+04; 9.195166e-01; -5.821705e+04; 9.606168e-01; 6.498687e+03; 9.257422e-01
9.300000e+00; 9.810000e+04; 9.214667e-01; -5.914157e+04; 9.616971e-01; 6.121765e+03; 9.273280e-01
9.305000e+00; 9.810000e+04; 9.234185e-01; -6.005784e+04; 9.627807e-01; 5.758728e+03; 9.289283e-01
9.310000e+00; 9.810000e+04; 9.253719e-01; -6.096524e+04; 9.638676e-01; 5.409509e+03; 9.305433e-01
9.315000e+00; 9.810000e+04; 9.273267e-01; -6.186306e+04; 9.649577e-01; 5.074025e+03; 9.321728e-01
9.320000e+00; 9.810000e+04; 9.292825e-01; -6.275063e+04; 9.660511e-01; 4.752182e+03; 9.338169e-01
9.325000e+00; 9.810000e+04; 9.312394e-01; -6.362728e+04; 9.671475e-01; 4.443874e+03; 9.354754e-01
9.330000e+00; 9.810000e+04; 9.331971e-01; -6.449233e+04; 9.682469e-01; 4.148984e+03; 9.371484e-01
9.335000e+00; 9.810000e+04; 9.351555e-01; -6.534513e+04; 9.693493e-01; 3.867382e+03; 9.388357e-01
9.340000e+00; 9.810000e+04; 9.371144e-01; -6.618489e+04; 9.704543e-01; 3.598922e+03; 9.405373e-01
9.345000e+00; 9.810000e+04; 9.390738e-01; -6.701098e+04; 9.715618e-01; 3.343446e+03; 9.422530e-01
9.350000e+00; 9.810000e+04; 9.410334e-01; -6.782271e+04; 9.726716e-01; 3.100773e+03; 9.439827e-01
9.355000e+00; 9.810000e+04; 9.429933e-01; -6.861931e+04; 9.737834e-01; 2.870699e+03; 9.457263e-01
9.360000e+00; 9.810000e+04; 9.449532e-01; -6.940019e+04; 9.748969e-01; 2.652993e+03; 9.474836e-01
9.365000e+00; 9.810000e+04; 9.469132e-01; -7.016449e+04; 9.760116e-01; 2.447389e+03; 9.492544e-01
9.370000e+00; 9.810000e+04; 9.488731e-01; -7.091145e+04; 9.771272e-01; 2.253585e+03; 9.510383e-01
9.375000e+00; 9.810000e+04; 9.508330e-01; -7.164032e+04; 9.782430e-01; 2.071237e+03; 9.528352e-01
9.380000e+00; 9.810000e+04; 9.527927e-01; -7.235029e+04; 9.793586e-01; 1.899958e+03; 9.546447e-01
9.385000e+00; 9.810000e+04; 9.547521e-01; -7.304058e+04; 9.804734e-01; 1.739313e+03; 9.564665e-01
9.390000e+00; 9.810000e+04; 9.567113e-01; -7.371040e+04; 9.815868e-01; 1.588826e+03; 9.583000e-01
9.395000e+00; 9.810000e+04; 9.586702e-01; -7.435890e+04; 9.826981e-01; 1.447976e+03; 9.601448e-01
9.400000e+00; 9.810000e+04; 9.606288e-01; -7.498524e+04; 9.838067e-01; 1.316205e+03; 9.620004e-01
9.405000e+00; 9.810000e+04; 9.625871e-01; -7.558856e+04; 9.849117e-01; 1.192925e+03; 9.638663e-01
9.410000e+00; 9.810000e+04; 9.645450e-01; -7.616796e+04; 9.860124e-01; 1.077526e+03; 9.657419e-01
9.415000e+00; 9.810000e+04; 9.665026e-01; -7.672258e+04; 9.871083e-01; 9.693847e+02; 9.676267e-01
9.420000e+00; 9.810000e+04; 9.684598e-01; -7.725155e+04; 9.881985e-01; 8.678782e+02; 9.695200e-01
9.425000e+00; 9.810000e+04; 9.704167e-01; -7.775402e+04; 9.892824e-01; 7.723932e+02; 9.714212e-01
9.430000e+00; 9.810000e+04; 9.723732e-01; -7.822910e+04; 9.903594e-01; 6.823377e+02; 9.733298e-01
9.435000e+00; 9.810000e+04; 9.743295e-01; -7.867600e+04; 9.914290e-01; 5.971512e+02; 9.752453e-01
9.440000e+00; 9.810000e+04; 9.762854e-01; -7.909392e+04; 9.924905e-01; 5.163135e+02; 9.771671e-01
9.445000e+00; 9.810000e+04; 9.782410e-01; -7.948212e+04; 9.935437e-01; 4.393517e+02; 9.790947e-01
9.450000e+00; 9.810000e+04; 9.801964e-01; -7.983988e+04; 9.945882e-01; 3.658455e+02; 9.810277e-01
9.455000e+00; 9.810000e+04; 9.821516e-01; -8.016657e+04; 9.956238e-01; 2.954301e+02; 9.829656e-01
9.460000e+00; 9.810000e+04; 9.841066e-01; -8.046160e+04; 9.966502e-01; 2.277971e+02; 9.849081e-01
9.465000e+00; 9.810000e+04; 9.860615e-01; -8.072443e+04; 9.976675e-01; 1.626938e+02; 9.868548e-01
9.470000e+00; 9.810000e+04; 9.880162e-01; -8.095462e+04; 9.986756e-01; 9.992083e+01; 9.888054e-01
9.475000e+00; 9.810000e+04; 9.899709e-01; -8.115174e+04; 9.996747e-01; 3.932856e+01; 9.907596e-01
9.480000e+00; 9.810000e+04; 9.919256e-01; -8.131548e+04; 1.000665e+00; -1.918729e+01; 9.927170e-01
9.485000e+00; 9.810000e+04; 9.938803e-01; -8.144557e+04; 1.001646e+00; -7.569037e+01; 9.946775e-01
9.490000e+00; 9.810000e+04; 9.958350e-01; -8.154181e+04; 1.002619e+00; -1.302085e+02; 9.966407e-01
9.495000e+00; 9.810000e+04; 9.977899e-01; -8.160406e+04; 1.003584e+00; -1.827384e+02; 9.986063e-01
9.500000e+00; 9.810000e+04; 9.997449e-01; -8.163225e+04; 1.004540e+00; -2.332494e+02; 1.000574e+00
9.505000e+00; 9.810000e+04; 1.001700e+00; -8.162637e+04; 1.005490e+00; -2.816878e+02; 1.002544e+00
9.510000e+00; 9.810000e+04; 1.003656e+00; -8.158646e+04; 1.006432e+00; -3.279787e+02; 1.004515e+00
9.515000e+00; 9.810000e+04; 1.005612e+00; -8.151264e+04; 1.007368e+00; -3.720292e+02; 1.006488e+00
9.520000e+00; 9.810000e+04; 1.007568e+00; -8.140509e+04; 1.008297e+00; -4.137290e+02; 1.008461e+00
9.525000e+00; 9.810000e+04; 1.009525e+00; -8.126402e+04; 1.009221e+00; -4.529522e+02; 1.010435e+00
9.530000e+00; 9.810000e+04; 1.011482e+00; -8.108972e+04; 1.010139e+00; -4.895571e+02; 1.012409e+00
9.535000e+00; 9.810000e+04; 1.013439e+00; -8.088253e+04; 1.011053e+00; -5.233866e+02; 1.014383e+00
9.540000e+00; 9.810000e+04; 1.015398e+00; -8.064285e+04; 1.011962e+00; -5.542678e+02; 1.016357e+00
9.545000e+00; 9.810000e+04; 1.017357e+00; -8.037112e+04; 1.012867e+00; -5.820118e+02; 1.018330e+00
9.550000e+00; 9.810000e+04; 1.019316e+00; -8.006788e+04; 1.013769e+00; -6.064124e+02; 1.020301e+00
9.555000e+00; 9.810000e+04; 1.021277e+00; -7.973366e+04; 1.014668e+00; -6.272462e+02; 1.022270e+00
9.560000e+00; 9.810000e+04; 1.023238e+00; -7.936909e+04; 1.015566e+00; -6.442710e+02; 1.024238e+00
9.565000e+00; 9.810000e+04; 1.025200e+00; -7.897481e+04; 1.016461e+00; -6.572253e+02; 1.026202e+00
9.570000e+00; 9.810000e+04; 1.027163e+00; -7.855154e+04; 1.017356e+00; -6.658269e+02; 1.028164e+00
9.575000e+00; 9.810000e+04; 1.029127e+00; -7.810002e+04; 1.018250e+00; -6.697721e+02; 1.030122e+00
9.580000e+00; 9.810000e+04; 1.031092e+00; -7.762102e+04; 1.019144e+00; -6.687342e+02; 1.032075e+00
9.585000e+00; 9.810000e+04; 1.033058e+00; -7.711537e+04; 1.020039e+00; -6.623621e+02; 1.034024e+00
9.590000e+00; 9.810000e+04; 1.035026e+00; -7.658391e+04; 1.020935e+00; -6.502797e+02; 1.035968e+00
9.595000e+00; 9.810000e+04; 1.036994e+00; -7.602754e+04; 1.021833e+00; -6.320838e+02; 1.037907e+00
9.600000e+00; 9.810000e+04; 1.038964e+00; -7.544714e+04; 1.022733e+00; -6.073433e+02; 1.039839e+00
9.605000e+00; 9.810000e+04; 1.040935e+00; -7.484365e+04; 1.023636e+00; -5.755985e+02; 1.041764e+00
9.610000e+00; 9.810000e+04; 1.042907e+00; -7.421798e+04; 1.024542e+00; -5.363599e+02; 1.043682e+00
9.615000e+00; 9.810000e+04; 1.044881e+00; -7.357108e+04; 1.025452e+00; -4.891084e+02; 1.045592e+00
9.620000e+00; 9.810000e+04; 1.046857e+00; -7.290388e+04; 1.026366e+00; -4.332956e+02; 1.047493e+00
9.625000e+00; 9.810000e+04; 1.048834e+00; -7.221732e+04; 1.027284e+00; -3.683442e+02; 1.049385e+00
9.630000e+00; 9.810000e+04; 1.050812e+00; -7.151232e+04; 1.028206e+00; -2.936499e+02; 1.051267e+00
9.635000e+00; 9.810000e+04; 1.052792e+00; -7.078978e+04; 1.029133e+00; -2.085836e+02; 1.053138e+00
9.640000e+00; 9.810000e+04; 1.054774e+00; -7.005056e+04; 1.030065e+00; -1.124940e+02; 1.054998e+00
9.645000e+00; 9.810000e+04; 1.056758e+00; -6.929552e+04; 1.031001e+00; -4.711669e+00; 1.056846e+00
9.650000e+00; 9.810000e+04; 1.058744e+00; -6.852547e+04; 1.031941e+00; 1.154467e+02; 1.058681e+00
9.655000e+00; 9.810000e+04; 1.060731e+00; -6.774117e+04; 1.032885e+00; 2.486731e+02; 1.060503e+00
9.660000e+00; 9.810000e+04; 1.062720e+00; -6.694337e+04; 1.033834e+00; 3.956622e+02; 1.062310e+00
9.665000e+00; 9.810000e+04; 1.064712e+00; -6.613276e+04; 1.034785e+00; 5.571054e+02; 1.064103e+00
9.670000e+00; 9.810000e+04; 1.066705e+00; -6.531001e+04; 1.035740e+00; 7.336842e+02; 1.065880e+00
9.675000e+00; 9.810000e+04; 1.068700e+00; -6.447571e+04; 1.036697e+00; 9.260630e+02; 1.067640e+00
9.680000e+00; 9.810000e+04; 1.070697e+00; -6.363047e+04; 1.037657e+00; 1.134883e+03; 1.069384e+00
9.685000e+00; 9.810000e+04; 1.072696e+00; -6.277483e+04; 1.038619e+00; 1.360754e+03; 1.071110e+00
9.690000e+00; 9.810000e+04; 1.074697e+00; -6.190934e+04; 1.039582e+00; 1.604251e+03; 1.072819e+00
9.695000e+00; 9.810000e+04; 1.076699e+00; -6.103452e+04; 1.040547e+00; 1.865906e+03; 1.074509e+00
9.700000e+00; 9.810000e+04; 1.078704e+00; -6.015088e+04; 1.041512e+00; 2.146205e+03; 1.076179e+00
9.705000e+00; 9.810000e+04; 1.080710e+00; -5.925887e+04; 1.042478e+00; 2.445581e+03; 1.077831e+00
9.710000e+00; 9.810000e+04; 1.082718e+00; -5.835901e+04; 1.043445e+00; 2.764418e+03; 1.079463e+00
9.715000e+00; 9.810000e+04; 1.084727e+00; -5.745174e+04; 1.044411e+00; 3.103037e+03; 1.081075e+00
9.720000e+00; 9.810000e+04; 1.086737e+00; -5.653750e+04; 1.045378e+00; 3.461709e+03; 1.082666e+00
9.725000e+00; 9.810000e+04; 1.088749e+00; -5.561677e+04; 1.046345e+00; 3.840640e+03; 1.084238e+00
9.730000e+00; 9.810000e+04; 1.090761e+00; -5.469000e+04; 1.047311e+00; 4.239985e+03; 1.085788e+00
9.735000e+00; 9.810000e+04; 1.092774e+00; -5.375755e+04; 1.048278e+00; 4.659837e+03; 1.087319e+00
9.740000e+00; 9.810000e+04; 1.094787e+00; -5.281991e+04; 1.049245e+00; 5.100238e+03; 1.088829e+00
9.745000e+00; 9.810000e+04; 1.096801e+00; -5.187743e+04; 1.050211e+00; 5.561174e+03; 1.090318e+00
9.750000e+00; 9.810000e+04; 1.098814e+00; -5.093049e+04; 1.051178e+00; 6.042580e+03; 1.091788e+00
9.755000e+00; 9.810000e+04; 1.100827e+00; -4.997945e+04; 1.052145e+00; 6.544342e+03; 1.093237e+00
9.760000e+00; 9.810000e+04; 1.102839e+00; -4.902462e+04; 1.053112e+00; 7.066300e+03; 1.094666e+00
9.765000e+00; 9.810000e+04; 1.104849e+00; -4.806634e+04; 1.054079e+00; 7.608248e+03; 1.096076e+00
9.770000e+00; 9.810000e+04; 1.106858e+00; -4.710488e+04; 1.055047e+00; 8.169936e+03; 1.097467e+00
9.775000e+00; 9.810000e+04; 1.108864e+00; -4.614051e+04; 1.056014e+00; 8.751075e+03; 1.098838e+00
9.780000e+00; 9.810000e+04; 1.110867e+00; -4.517342e+04; 1.056983e+00; 9.351336e+03; 1.100191e+00
9.785000e+00; 9.810000e+04; 1.112868e+00; -4.420385e+04; 1.057951e+00; 9.970355e+03; 1.101526e+00
9.790000e+00; 9.810000e+04; 1.114864e+00; -4.323202e+04; 1.058920e+00; 1.060773e+04; 1.102843e+00
9.795000e+00; 9.810000e+04; 1.116856e+00; -4.225803e+04; 1.059888e+00; 1.126302e+04; 1.104144e+00
9.800000e+00; 9.810000e+04; 1.118842e+00; -4.128213e+04; 1.060858e+00; 1.193577e+04; 1.105427e+00
9.805000e+00; 9.810000e+04; 1.120823e+00; -4.030446e+04; 1.061827e+00; 1.262548e+04; 1.106694e+00
9.810000e+00; 9.810000e+04; 1.122798e+00; -3.932516e+04; 1.062796e+00; 1.333163e+04; 1.107946e+00
9.815000e+00; 9.810000e+04; 1.124765e+00; -3.834424e+04; 1.063765e+00; 1.405367e+04; 1.109183e+00
9.820000e+00; 9.810000e+04; 1.126724e+00; -3.736185e+04; 1.064735e+00; 1.479103e+04; 1.110406e+00
9.825000e+00; 9.809999e+04; 1.128675e+00; -3.637823e+04; 1.065704e+00; 1.554312e+04; 1.111615e+00
9.830000e+00; 9.809999e+04; 1.130616e+00; -3.539339e+04; 1.066673e+00; 1.630935e+04; 1.112812e+00
9.835000e+00; 9.809999e+04; 1.132546e+00; -3.440741e+04; 1.067642e+00; 1.708912e+04; 1.113996e+00
9.840000e+00; 9.809999e+04; 1.134465e+00; -3.342038e+04; 1.068611e+00; 1.788179e+04; 1.115168e+00
9.845000e+00; 9.809999e+04; 1.136371e+00; -3.243247e+04; 1.069579e+00; 1.868676e+04; 1.116330e+00
9.850000e+00; 9.809999e+04; 1.138265e+00; -3.144380e+04; 1.070548e+00; 1.950342e+04; 1.117481e+00
9.855000e+00; 9.809999e+04; 1.140143e+00; -3.045412e+04; 1.071516e+00; 2.033116e+04; 1.118622e+00
9.860000e+00; 9.809999e+04; 1.142007e+00; -2.946351e+04; 1.072483e+00; 2.116940e+04; 1.119755e+00
9.865000e+00; 9.809999e+04; 1.143853e+00; -2.847233e+04; 1.073450e+00; 2.201757e+04; 1.120879e+00
9.870000e+00; 9.809999e+04; 1.145682e+00; -2.748058e+04; 1.074416e+00; 2.287512e+04; 1.121996e+00
9.875000e+00; 9.809999e+04; 1.147492e+00; -2.648818e+04; 1.075382e+00; 2.374154e+04; 1.123105e+00
9.880000e+00; 9.809999e+04; 1.149282e+00; -2.549510e+04; 1.076347e+00; 2.461634e+04; 1.124207e+00
9.885000e+00; 9.809999e+04; 1.151050e+00; -2.450151e+04; 1.077312e+00; 2.549907e+04; 1.125304e+00
9.890000e+00; 9.809999e+04; 1.152796e+00; -2.350744e+04; 1.078276e+00; 2.638932e+04; 1.126395e+00
9.895000e+00; 9.809999e+04; 1.154517e+00; -2.251286e+04; 1.079240e+00; 2.728671e+04; 1.127480e+00
9.900000e+00; 9.809999e+04; 1.156213e+00; -2.151782e+04; 1.080203e+00; 2.819089e+04; 1.128560e+00
9.905000e+00; 9.809999e+04; 1.157883e+00; -2.052245e+04; 1.081166e+00; 2.910155e+04; 1.129636e+00
9.910000e+00; 9.809999e+04; 1.159525e+00; -1.952678e+04; 1.082128e+00; 3.001843e+04; 1.130707e+00
9.915000e+00; 9.809999e+04; 1.161138e+00; -1.853068e+04; 1.083089e+00; 3.094126e+04; 1.131775e+00
9.920000e+00; 9.809999e+04; 1.162720e+00; -1.753424e+04; 1.084050e+00; 3.186983e+04; 1.132838e+00
9.925000e+00; 9.809999e+04; 1.164271e+00; -1.653747e+04; 1.085010e+00; 3.280394e+04; 1.133898e+00
9.930000e+00; 9.809999e+04; 1.165790e+00; -1.554045e+04; 1.085970e+00; 3.374340e+04; 1.134954e+00
9.935000e+00; 9.809999e+04; 1.167274e+00; -1.454313e+04; 1.086930e+00; 3.468802e+04; 1.136007e+00
9.940000e+00; 9.809999e+04; 1.168724e+00; -1.354551e+04; 1.087889e+00; 3.563763e+04; 1.137056e+00
9.945000e+00; 9.809999e+04; 1.170139e+00; -1.254759e+04; 1.088847e+00; 3.659206e+04; 1.138102e+00
9.950000e+00; 9.809999e+04; 1.171517e+00; -1.154945e+04; 1.089805e+00; 3.755113e+04; 1.139146e+00
9.955000e+00; 9.809999e+04; 1.172857e+00; -1.055107e+04; 1.090763e+00; 3.851464e+04; 1.140186e+00
9.960000e+00; 9.809999e+04; 1.174160e+00; -9.552398e+03; 1.091720e+00; 3.948239e+04; 1.141223e+00
9.965000e+00; 9.809999e+04; 1.175425e+00; -8.553513e+03; 1.092677e+00; 4.045415e+04; 1.142258e+00
9.970000e+00; 9.809999e+04; 1.176650e+00; -7.554391e+03; 1.093634e+00; 4.142970e+04; 1.143289e+00
9.975000e+00; 9.809999e+04; 1.177837e+00; -6.555014e+03; 1.094590e+00; 4.240877e+04; 1.144318e+00
9.980000e+00; 9.809999e+04; 1.178984e+00; -5.555414e+03; 1.095546e+00; 4.339110e+04; 1.145345e+00
9.985000e+00; 9.809999e+04; 1.180091e+00; -4.555560e+03; 1.096503e+00; 4.437639e+04; 1.146369e+00
9.990000e+00; 9.809999e+04; 1.181158e+00; -3.555467e+03; 1.097458e+00; 4.536434e+04; 1.147390e+00
9.995000e+00; 9.809999e+04; 1.182186e+00; -2.555145e+03; 1.098414e+00; 4.635462e+04; 1.148409e+00
1.000000e+01; 9.809999e+04; 1.183174e+00; -1.554611e+03; 1.099370e+00; 4.734692e+04; 1.149425e+00
1.000500e+01; 9.809999e+04; 1.184123e+00; -5.538159e+02; 1.100326e+00; 4.834088e+04; 1.150438e+00
1.001000e+01; 9.810000e+04; 1.185034e+00; 4.472410e+02; 1.101282e+00; 4.933616e+04; 1.151449e+00
1.001500e+01; 9.810000e+04; 1.185905e+00; 1.448540e+03; 1.102238e+00; 5.033239e+04; 1.152458e+00
1.002000e+01; 9.810000e+04; 1.186739e+00; 2.450105e+03; 1.103194e+00; 5.132922e+04; 1.153464e+00
1.002500e+01; 9.810000e+04; 1.187535e+00; 3.451945e+03; 1.104151e+00; 5.232626e+04; 1.154466e+00
1.003000e+01; 9.810000e+04; 1.188295e+00; 4.454083e+03; 1.105107e+00; 5.332315e+04; 1.155466e+00
1.003500e+01; 9.810000e+04; 1.189019e+00; 5.456474e+03; 1.106064e+00; 5.431951e+04; 1.156463e+00
1.004000e+01; 9.810000e+04; 1.189707e+00; 6.459159e+03; 1.107021e+00; 5.531496e+04; 1.157456e+00
1.004500e+01; 9.810000e+04; 1.190362e+00; 7.462175e+03; 1.107979e+00; 5.630910e+04; 1.158446e+00
1.005000e+01; 9.810000e+04; 1.190983e+00; 8.465494e+03; 1.108936e+00; 5.730155e+04; 1.159433e+00
1.005500e+01; 9.810000e+04; 1.191571e+00; 9.469136e+03; 1.109895e+00; 5.829189e+04; 1.160415e+00
1.006000e+01; 9.810000e+04; 1.192129e+00; 1.047312e+04; 1.110854e+00; 5.927973e+04; 1.161392e+00
1.006500e+01; 9.810000e+04; 1.192656e+00; 1.147746e+04; 1.111813e+00; 6.026464e+04; 1.162366e+00
1.007000e+01; 9.810000e+04; 1.193154e+00; 1.248218e+04; 1.112773e+00; 6.124619e+04; 1.163334e+00
1.007500e+01; 9.810000e+04; 1.193624e+00; 1.348730e+04; 1.113733e+00; 6.222395e+04; 1.164296e+00
1.008000e+01; 9.810000e+04; 1.194067e+00; 1.449288e+04; 1.114694e+00; 6.319746e+04; 1.165253e+00
1.008500e+01; 9.810000e+04; 1.194485e+00; 1.549894e+04; 1.115656e+00; 6.416625e+04; 1.166204e+00
1.009000e+01; 9.810000e+04; 1.194878e+00; 1.650549e+04; 1.116618e+00; 6.512985e+04; 1.167148e+00
1.009500e+01; 9.810000e+04; 1.195248e+00; 1.751257e+04; 1.117581e+00; 6.608775e+04; 1.168085e+00
1.010000e+01; 9.810000e+04; 1.195596e+00; 1.852019e+04; 1.118545e+00; 6.703945e+04; 1.169014e+00
1.010500e+01; 9.810000e+04; 1.195923e+00; 1.952838e+04; 1.119509e+00; 6.798442e+04; 1.169936e+00
1.011000e+01; 9.810000e+04; 1.196230e+00; 2.053716e+04; 1.120475e+00; 6.892213e+04; 1.170848e+00
1.011500e+01; 9.810000e+04; 1.196518e+00; 2.154659e+04; 1.121441e+00; 6.985201e+04; 1.171752e+00
1.012000e+01; 9.810000e+04; 1.196788e+00; 2.255672e+04; 1.122407e+00; 7.077349e+04; 1.172646e+00
1.012500e+01; 9.810000e+04; 1.197042e+00; 2.356757e+04; 1.123375e+00; 7.168600e+04; 1.173530e+00
1.013000e+01; 9.810000e+04; 1.197280e+00; 2.457922e+04; 1.124343e+00; 7.258894e+04; 1.174403e+00
1.013500e+01; 9.810000e+04; 1.197503e+00; 2.559169e+04; 1.125312e+00; 7.348171e+04; 1.175264e+00
1.014000e+01; 9.810000e+04; 1.197712e+00; 2.660503e+04; 1.126282e+00; 7.436371e+04; 1.176114e+00
1.014500e+01; 9.810000e+04; 1.197908e+00; 2.761932e+04; 1.127252e+00; 7.523432e+04; 1.176951e+00
1.015000e+01; 9.810000e+04; 1.198091e+00; 2.863459e+04; 1.128223e+00; 7.609293e+04; 1.177774e+00
1.015500e+01; 9.810000e+04; 1.198263e+00; 2.965088e+04; 1.129195e+00; 7.693894e+04; 1.178585e+00
1.016000e+01; 9.810000e+04; 1.198423e+00; 3.066828e+04; 1.130167e+00; 7.777175e+04; 1.179380e+00
1.016500e+01; 9.810000e+04; 1.198573e+00; 3.168683e+04; 1.131140e+00; 7.859076e+04; 1.180162e+00
1.017000e+01; 9.810000e+04; 1.198712e+00; 3.270660e+04; 1.132113e+00; 7.939541e+04; 1.180927e+00
1.017500e+01; 9.810000e+04; 1.198842e+00; 3.372766e+04; 1.133087e+00; 8.018514e+04; 1.181677e+00
1.018000e+01; 9.810000e+04; 1.198962e+00; 3.475010e+04; 1.134061e+00; 8.095941e+04; 1.182410e+00
1.018500e+01; 9.810000e+04; 1.199074e+00; 3.577397e+04; 1.135034e+00; 8.171772e+04; 1.183127e+00
1.019000e+01; 9.810000e+04; 1.199177e+00; 3.679934e+04; 1.136008e+00; 8.245958e+04; 1.183826e+00
1.019500e+01; 9.810000e+04; 1.199272e+00; 3.782628e+04; 1.136982e+00; 8.318455e+04; 1.184508e+00
1.020000e+01; 9.810000e+04; 1.199359e+00; 3.885486e+04; 1.137955e+00; 8.389222e+04; 1.185171e+00
1.020500e+01; 9.810000e+04; 1.199439e+00; 3.988515e+04; 1.138928e+00; 8.458222e+04; 1.185816e+00
1.021000e+01; 9.810000e+04; 1.199512e+00; 4.091722e+04; 1.139899e+00; 8.525421e+04; 1.186443e+00
1.021500e+01; 9.810000e+04; 1.199578e+00; 4.195115e+04; 1.140870e+00; 8.590791e+04; 1.187050e+00
1.022000e+01; 9.810000e+04; 1.199637e+00; 4.298702e+04; 1.141840e+00; 8.654308e+04; 1.187639e+00
1.022500e+01; 9.810000e+04; 1.199691e+00; 4.402490e+04; 1.142807e+00; 8.715950e+04; 1.188208e+00
1.023000e+01; 9.810000e+04; 1.199738e+00; 4.506484e+04; 1.143773e+00; 8.775704e+04; 1.188758e+00
1.023500e+01; 9.810000e+04; 1.199780e+00; 4.610693e+04; 1.144737e+00; 8.833557e+04; 1.189288e+00
1.024000e+01; 9.810000e+04; 1.199817e+00; 4.715122e+04; 1.145698e+00; 8.889506e+04; 1.189799e+00
1.024500e+01; 9.810000e+04; 1.199849e+00; 4.819777e+04; 1.146657e+00; 8.943547e+04; 1.190291e+00
1.025000e+01; 9.810000e+04; 1.199877e+00; 4.924664e+04; 1.147612e+00; 8.995685e+04; 1.190763e+00
1.025500e+01; 9.810000e+04; 1.199900e+00; 5.029788e+04; 1.148563e+00; 9.045928e+04; 1.191216e+00
1.026000e+01; 9.810000e+04; 1.199920e+00; 5.135152e+04; 1.149510e+00; 9.094287e+04; 1.191650e+00
1.026500e+01; 9.810000e+04; 1.199935e+00; 5.240761e+04; 1.150453e+00; 9.140780e+04; 1.192065e+00
1.027000e+01; 9.810000e+04; 1.199947e+00; 5.346616e+04; 1.151390e+00; 9.185428e+04; 1.192462e+00
1.027500e+01; 9.810000e+04; 1.199956e+00; 5.452720e+04; 1.152322e+00; 9.228254e+04; 1.192841e+00
1.028000e+01; 9.810000e+04; 1.199962e+00; 5.559071e+04; 1.153248e+00; 9.269289e+04; 1.193201e+00
1.028500e+01; 9.810000e+04; 1.199965e+00; 5.665669e+04; 1.154167e+00; 9.308563e+04; 1.193544e+00
1.029000e+01; 9.810000e+04; 1.199966e+00; 5.772513e+04; 1.155078e+00; 9.346112e+04; 1.193870e+00
1.029500e+01; 9.810000e+04; 1.199964e+00; 5.879598e+04; 1.155982e+00; 9.381976e+04; 1.194180e+00
1.030000e+01; 9.810000e+04; 1.199960e+00; 5.986921e+04; 1.156878e+00; 9.416196e+04; 1.194472e+00
1.030500e+01; 9.810000e+04; 1.199954e+00; 6.094471e+04; 1.157765e+00; 9.448816e+04; 1.194749e+00
1.031000e+01; 9.810000e+04; 1.199946e+00; 6.202242e+04; 1.158642e+00; 9.479882e+04; 1.195011e+00
1.031500e+01; 9.810000e+04; 1.199936e+00; 6.310223e+04; 1.159509e+00; 9.509444e+04; 1.195258e+00
1.032000e+01; 9.810000e+04; 1.199925e+00; 6.477013e+04; 1.159509e+00; 9.537552e+04; 1.195491e+00
1.032500e+01; 9.810000e+04; 1.199912e+00; 6.537632e+04; 1.161552e+00; 9.564258e+04; 1.195709e+00
1.033000e+01; 9.810000e+04; 1.199897e+00; 6.644692e+04; 1.161552e+00; 9.589615e+04; 1.195915e+00
1.033500e+01; 9.810000e+04; 1.199881e+00; 6.814071e+04; 1.162252e+00; 9.613677e+04; 1.196108e+00
1.034000e+01; 9.810000e+04; 1.199864e+00; 6.892806e+04; 1.163283e+00; 9.636498e+04; 1.196289e+00
1.034500e+01; 9.810000e+04; 1.199845e+00; 6.993707e+04; 1.164189e+00; 9.658134e+04; 1.196458e+00
1.035000e+01; 9.810000e+04; 1.199825e+00; 7.099315e+04; 1.164900e+00; 9.678639e+04; 1.196616e+00
1.035500e+01; 9.810000e+04; 1.199803e+00; 7.221039e+04; 1.165573e+00; 9.698067e+04; 1.196763e+00
1.036000e+01; 9.810000e+04; 1.199781e+00; 7.328858e+04; 1.166336e+00; 9.716472e+04; 1.196901e+00
1.036500e+01; 9.810000e+04; 1.199757e+00; 7.434555e+04; 1.167118e+00; 9.733906e+04; 1.197028e+00
1.037000e+01; 9.810000e+04; 1.199732e+00; 7.538624e+04; 1.167852e+00; 9.750420e+04; 1.197147e+00
1.037500e+01; 9.810000e+04; 1.199706e+00; 7.648757e+04; 1.168530e+00; 9.766066e+04; 1.197257e+00
1.038000e+01; 9.810000e+04; 1.199679e+00; 7.757651e+04; 1.169197e+00; 9.780891e+04; 1.197359e+00
1.038500e+01; 9.810000e+04; 1.199650e+00; 7.865650e+04; 1.169864e+00; 9.794942e+04; 1.197453e+00
1.039000e+01; 9.810000e+04; 1.199621e+00; 7.971481e+04; 1.170516e+00; 9.808266e+04; 1.197540e+00
1.039500e+01; 9.810000e+04; 1.199591e+00; 8.078375e+04; 1.171137e+00; 9.820906e+04; 1.197619e+00
1.040000e+01; 9.810000e+04; 1.199560e+00; 8.185208e+04; 1.171730e+00; 9.832903e+04; 1.197692e+00
1.040500e+01; 9.810000e+04; 1.199527e+00; 8.291983e+04; 1.172303e+00; 9.844299e+04; 1.197758e+00
1.041000e+01; 9.810000e+04; 1.199494e+00; 8.397601e+04; 1.172858e+00; 9.855131e+04; 1.197818e+00
1.041500e+01; 9.810000e+04; 1.199460e+00; 8.502887e+04; 1.173389e+00; 9.865438e+04; 1.197871e+00
1.042000e+01; 9.810000e+04; 1.199426e+00; 8.607726e+04; 1.173892e+00; 9.875255e+04; 1.197920e+00
1.042500e+01; 9.810000e+04; 1.199390e+00; 8.712320e+04; 1.174370e+00; 9.884618e+04; 1.197962e+00
1.043000e+01; 9.810000e+04; 1.199353e+00; 8.816206e+04; 1.174823e+00; 9.893560e+04; 1.197999e+00
1.043500e+01; 9.810000e+04; 1.199316e+00; 8.919505e+04; 1.175250e+00; 9.902115e+04; 1.198030e+00
1.044000e+01; 9.810000e+04; 1.199278e+00; 9.022148e+04; 1.175649e+00; 9.910315e+04; 1.198057e+00
1.044500e+01; 9.810000e+04; 1.199240e+00; 9.124273e+04; 1.176021e+00; 9.918193e+04; 1.198078e+00
1.045000e+01; 9.810000e+04; 1.199200e+00; 9.225742e+04; 1.176364e+00; 9.925780e+04; 1.198094e+00
1.045500e+01; 9.810000e+04; 1.199160e+00; 9.326567e+04; 1.176679e+00; 9.933110e+04; 1.198105e+00
1.046000e+01; 9.810000e+04; 1.199120e+00; 9.426693e+04; 1.176965e+00; 9.940215e+04; 1.198111e+00
1.046500e+01; 9.810000e+04; 1.199079e+00; 9.526175e+04; 1.177221e+00; 9.947127e+04; 1.198112e+00
1.047000e+01; 9.810000e+04; 1.199037e+00; 9.624985e+04; 1.177447e+00; 9.953881e+04; 1.198108e+00
1.047500e+01; 9.810000e+04; 1.198995e+00; 9.723139e+04; 1.177643e+00; 9.960509e+04; 1.198099e+00
1.048000e+01; 9.810000e+04; 1.198953e+00; 9.820619e+04; 1.177808e+00; 9.967047e+04; 1.198085e+00
1.048500e+01; 9.810000e+04; 1.198910e+00; 9.917451e+04; 1.177943e+00; 9.973532e+04; 1.198066e+00
1.049000e+01; 9.810000e+04; 1.198866e+00; 1.001364e+05; 1.178046e+00; 9.980003e+04; 1.198042e+00
1.049500e+01; 9.810000e+04; 1.198823e+00; 1.010922e+05; 1.178119e+00; 9.986501e+04; 1.198012e+00
1.050000e+01; 9.810000e+04; 1.198779e+00; 1.020420e+05; 1.178159e+00; 9.993073e+04; 1.197977e+00
1.050500e+01; 9.810000e+04; 1.198735e+00; 1.029861e+05; 1.178169e+00; 9.999770e+04; 1.197936e+00
1.051000e+01; 9.810000e+04; 1.198690e+00; 1.039247e+05; 1.178147e+00; 1.000665e+05; 1.197889e+00
1.051500e+01; 9.810000e+04; 1.198646e+00; 1.048581e+05; 1.178094e+00; 1.001379e+05; 1.197835e+00
1.052000e+01; 9.810000e+04; 1.198601e+00; 1.057868e+05; 1.178010e+00; 1.002125e+05; 1.197775e+00
1.052500e+01; 9.810000e+04; 1.198556e+00; 1.067110e+05; 1.177894e+00; 1.002912e+05; 1.197706e+00
1.053000e+01; 9.810000e+04; 1.198511e+00; 1.076311e+05; 1.177748e+00; 1.003749e+05; 1.197630e+00
1.053500e+01; 9.810000e+04; 1.198466e+00; 1.085475e+05; 1.177571e+00; 1.004644e+05; 1.197544e+00
1.054000e+01; 9.810000e+04; 1.198421e+00; 1.094606e+05; 1.177363e+00; 1.005605e+05; 1.197449e+00
1.054500e+01; 9.810000e+04; 1.198376e+00; 1.103709e+05; 1.177126e+00; 1.006637e+05; 1.197344e+00
1.055000e+01; 9.810000e+04; 1.198331e+00; 1.112787e+05; 1.176858e+00; 1.007744e+05; 1.197229e+00
1.055500e+01; 9.810000e+04; 1.198286e+00; 1.121845e+05; 1.176562e+00; 1.008927e+05; 1.197105e+00
1.056000e+01; 9.810000e+04; 1.198241e+00; 1.130887e+05; 1.176237e+00; 1.010182e+05; 1.196971e+00
1.056500e+01; 9.810000e+04; 1.198196e+00; 1.139917e+05; 1.175884e+00; 1.011503e+05; 1.196829e+00
1.057000e+01; 9.810000e+04; 1.198151e+00; 1.148939e+05; 1.175503e+00; 1.012884e+05; 1.196679e+00
1.057500e+01; 9.810000e+04; 1.198107e+00; 1.157958e+05; 1.175094e+00; 1.014315e+05; 1.196523e+00
1.058000e+01; 9.810000e+04; 1.198062e+00; 1.166978e+05; 1.174660e+00; 1.015788e+05; 1.196361e+00
1.058500e+01; 9.810000e+04; 1.198017e+00; 1.176001e+05; 1.174199e+00; 1.017296e+05; 1.196194e+00
1.059000e+01; 9.810000e+04; 1.197972e+00; 1.185032e+05; 1.173713e+00; 1.018833e+05; 1.196023e+00
1.059500e+01; 9.810000e+04; 1.197928e+00; 1.194074e+05; 1.173203e+00; 1.020397e+05; 1.195848e+00
1.060000e+01; 9.810000e+04; 1.197883e+00; 1.203131e+05; 1.172669e+00; 1.021989e+05; 1.195668e+00
1.060500e+01; 9.810000e+04; 1.197839e+00; 1.212204e+05; 1.172111e+00; 1.023612e+05; 1.195484e+00
1.061000e+01; 9.810000e+04; 1.197794e+00; 1.221297e+05; 1.171532e+00; 1.025271e+05; 1.195295e+00
1.061500e+01; 9.810000e+04; 1.197749e+00; 1.230411e+05; 1.170930e+00; 1.026974e+05; 1.195100e+00
1.062000e+01; 9.810000e+04; 1.197704e+00; 1.239549e+05; 1.170308e+00; 1.028726e+05; 1.194899e+00
1.062500e+01; 9.810000e+04; 1.197659e+00; 1.248713e+05; 1.169665e+00; 1.030536e+05; 1.194690e+00
1.063000e+01; 9.810000e+04; 1.197614e+00; 1.257903e+05; 1.169003e+00; 1.032409e+05; 1.194475e+00
1.063500e+01; 9.810000e+04; 1.197568e+00; 1.267121e+05; 1.168323e+00; 1.034352e+05; 1.194250e+00
1.064000e+01; 9.810000e+04; 1.197522e+00; 1.276366e+05; 1.167624e+00; 1.036370e+05; 1.194018e+00
1.064500e+01; 9.810000e+04; 1.197476e+00; 1.285640e+05; 1.166909e+00; 1.038468e+05; 1.193776e+00
1.065000e+01; 9.810000e+04; 1.197428e+00; 1.294943e+05; 1.166177e+00; 1.040648e+05; 1.193525e+00
1.065500e+01; 9.810000e+04; 1.197380e+00; 1.304274e+05; 1.165429e+00; 1.042914e+05; 1.193264e+00
1.066000e+01; 9.810000e+04; 1.197332e+00; 1.313632e+05; 1.164666e+00; 1.045269e+05; 1.192994e+00
1.066500e+01; 9.810000e+04; 1.197282e+00; 1.323018e+05; 1.163889e+00; 1.047715e+05; 1.192713e+00
1.067000e+01; 9.810000e+04; 1.197231e+00; 1.332430e+05; 1.163098e+00; 1.050255e+05; 1.192422e+00
1.067500e+01; 9.810000e+04; 1.197178e+00; 1.341866e+05; 1.162295e+00; 1.052890e+05; 1.192121e+00
1.068000e+01; 9.810000e+04; 1.197124e+00; 1.351327e+05; 1.161479e+00; 1.055623e+05; 1.191809e+00
1.068500e+01; 9.810000e+04; 1.197069e+00; 1.360809e+05; 1.160652e+00; 1.058455e+05; 1.191487e+00
1.069000e+01; 9.810000e+04; 1.197011e+00; 1.370313e+05; 1.159813e+00; 1.061388e+05; 1.191153e+00
1.069500e+01; 9.810000e+04; 1.196951e+00; 1.379836e+05; 1.158964e+00; 1.064425e+05; 1.190808e+00
1.070000e+01; 9.810000e+04; 1.196888e+00; 1.389377e+05; 1.158105e+00; 1.067567e+05; 1.190453e+00
1.070500e+01; 9.810000e+04; 1.196823e+00; 1.398935e+05; 1.157237e+00; 1.070817e+05; 1.190086e+00
1.071000e+01; 9.810000e+04; 1.196754e+00; 1.408508e+05; 1.156360e+00; 1.074175e+05; 1.189707e+00
1.071500e+01; 9.810000e+04; 1.196682e+00; 1.418094e+05; 1.155475e+00; 1.077645e+05; 1.189316e+00
1.072000e+01; 9.810000e+04; 1.196606e+00; 1.427693e+05; 1.154581e+00; 1.081228e+05; 1.188914e+00
1.072500e+01; 9.810000e+04; 1.196526e+00; 1.437302e+05; 1.153681e+00; 1.084925e+05; 1.188500e+00
1.073000e+01; 9.810000e+04; 1.196441e+00; 1.446922e+05; 1.152774e+00; 1.088739e+05; 1.188073e+00
1.073500e+01; 9.810000e+04; 1.196350e+00; 1.456550e+05; 1.151860e+00; 1.092673e+05; 1.187635e+00
1.074000e+01; 9.809999e+04; 1.196253e+00; 1.466185e+05; 1.150940e+00; 1.096726e+05; 1.187183e+00
1.074500e+01; 9.809999e+04; 1.196150e+00; 1.475828e+05; 1.150014e+00; 1.100902e+05; 1.186720e+00
1.075000e+01; 9.809999e+04; 1.196039e+00; 1.485476e+05; 1.149083e+00; 1.105202e+05; 1.186243e+00
1.075500e+01; 9.809999e+04; 1.195920e+00; 1.495130e+05; 1.148147e+00; 1.109627e+05; 1.185754e+00
1.076000e+01; 9.809999e+04; 1.195792e+00; 1.504788e+05; 1.147207e+00; 1.114179e+05; 1.185251e+00
1.076500e+01; 9.809999e+04; 1.195654e+00; 1.514450e+05; 1.146262e+00; 1.118860e+05; 1.184736e+00
1.077000e+01; 9.809999e+04; 1.195505e+00; 1.524115e+05; 1.145313e+00; 1.123670e+05; 1.184207e+00
1.077500e+01; 9.809999e+04; 1.195345e+00; 1.533783e+05; 1.144360e+00; 1.128611e+05; 1.183665e+00
1.078000e+01; 9.809999e+04; 1.195173e+00; 1.543453e+05; 1.143404e+00; 1.133684e+05; 1.183110e+00
1.078500e+01; 9.809999e+04; 1.194988e+00; 1.553125e+05; 1.142445e+00; 1.138889e+05; 1.182541e+00
1.079000e+01; 9.810000e+04; 1.194790e+00; 1.562799e+05; 1.141482e+00; 1.144228e+05; 1.181960e+00
1.079500e+01; 9.810000e+04; 1.194579e+00; 1.572474e+05; 1.140517e+00; 1.149700e+05; 1.181364e+00
1.080000e+01; 9.810000e+04; 1.194355e+00; 1.582150e+05; 1.139549e+00; 1.155306e+05; 1.180755e+00
1.080500e+01; 9.810000e+04; 1.194117e+00; 1.591827e+05; 1.138578e+00; 1.161046e+05; 1.180133e+00
1.081000e+01; 9.810000e+04; 1.193866e+00; 1.601503e+05; 1.137606e+00; 1.166919e+05; 1.179498e+00
1.081500e+01; 9.810000e+04; 1.193602e+00; 1.611180e+05; 1.136631e+00; 1.172927e+05; 1.178849e+00
1.082000e+01; 9.810000e+04; 1.193326e+00; 1.620856e+05; 1.135654e+00; 1.179067e+05; 1.178187e+00
1.082500e+01; 9.810000e+04; 1.193038e+00; 1.630531e+05; 1.134676e+00; 1.185339e+05; 1.177511e+00
1.083000e+01; 9.810000e+04; 1.192738e+00; 1.640205e+05; 1.133696e+00; 1.191742e+05; 1.176823e+00
1.083500e+01; 9.810000e+04; 1.192428e+00; 1.649878e+05; 1.132714e+00; 1.198274e+05; 1.176122e+00
1.084000e+01; 9.810000e+04; 1.192106e+00; 1.659549e+05; 1.131731e+00; 1.204935e+05; 1.175407e+00
1.084500e+01; 9.810000e+04; 1.191774e+00; 1.669218e+05; 1.130747e+00; 1.211722e+05; 1.174681e+00
1.085000e+01; 9.810000e+04; 1.191431e+00; 1.678885e+05; 1.129762e+00; 1.218634e+05; 1.173942e+00
1.085500e+01; 9.810000e+04; 1.191077e+00; 1.688549e+05; 1.128775e+00; 1.225667e+05; 1.173190e+00
1.086000e+01; 9.810000e+04; 1.190712e+00; 1.698211e+05; 1.127787e+00; 1.232821e+05; 1.172427e+00
1.086500e+01; 9.809999e+04; 1.190335e+00; 1.707869e+05; 1.126799e+00; 1.240091e+05; 1.171651e+00
1.087000e+01; 9.809999e+04; 1.189946e+00; 1.717524e+05; 1.125809e+00; 1.247476e+05; 1.170864e+00
1.087500e+01; 9.809999e+04; 1.189544e+00; 1.727176e+05; 1.124819e+00; 1.254971e+05; 1.170066e+00
1.088000e+01; 9.809999e+04; 1.189128e+00; 1.736824e+05; 1.123828e+00; 1.262575e+05; 1.169257e+00
1.088500e+01; 9.809999e+04; 1.188697e+00; 1.746468e+05; 1.122836e+00; 1.270282e+05; 1.168437e+00
1.089000e+01; 9.809999e+04; 1.188252e+00; 1.756108e+05; 1.121844e+00; 1.278091e+05; 1.167606e+00
1.089500e+01; 9.809999e+04; 1.187790e+00; 1.765744e+05; 1.120851e+00; 1.285995e+05; 1.166765e+00
1.090000e+01; 9.809999e+04; 1.187311e+00; 1.775376e+05; 1.119857e+00; 1.293993e+05; 1.165915e+00
1.090500e+01; 9.809999e+04; 1.186816e+00; 1.785004e+05; 1.118863e+00; 1.302079e+05; 1.165054e+00
1.091000e+01; 9.809999e+04; 1.186302e+00; 1.794628e+05; 1.117868e+00; 1.310249e+05; 1.164184e+00
1.091500e+01; 9.809999e+04; 1.185769e+00; 1.804248e+05; 1.116873e+00; 1.318499e+05; 1.163305e+00
1.092000e+01; 9.809999e+04; 1.185218e+00; 1.813863e+05; 1.115878e+00; 1.326824e+05; 1.162418e+00
1.092500e+01; 9.809999e+04; 1.184647e+00; 1.823475e+05; 1.114882e+00; 1.335220e+05; 1.161521e+00
1.093000e+01; 9.809999e+04; 1.184055e+00; 1.833082e+05; 1.113885e+00; 1.343681e+05; 1.160617e+00
1.093500e+01; 9.809999e+04; 1.183444e+00; 1.842686e+05; 1.112889e+00; 1.352204e+05; 1.159704e+00
1.094000e+01; 9.809999e+04; 1.182811e+00; 1.852287e+05; 1.111892e+00; 1.360784e+05; 1.158784e+00
1.094500e+01; 9.809999e+04; 1.182157e+00; 1.861883e+05; 1.110894e+00; 1.369414e+05; 1.157856e+00
1.095000e+01; 9.809999e+04; 1.181481e+00; 1.871477e+05; 1.109896e+00; 1.378091e+05; 1.156920e+00
1.095500e+01; 9.809999e+04; 1.180783e+00; 1.881067e+05; 1.108898e+00; 1.386809e+05; 1.155978e+00
1.096000e+01; 9.809999e+04; 1.180063e+00; 1.890655e+05; 1.107900e+00; 1.395564e+05; 1.155028e+00
1.096500e+01; 9.809999e+04; 1.179320e+00; 1.900240e+05; 1.106902e+00; 1.404349e+05; 1.154071e+00
1.097000e+01; 9.809999e+04; 1.178553e+00; 1.909823e+05; 1.105903e+00; 1.413160e+05; 1.153107e+00
1.097500e+01; 9.809999e+04; 1.177764e+00; 1.919404e+05; 1.104903e+00; 1.421992e+05; 1.152137e+00
1.098000e+01; 9.809999e+04; 1.176950e+00; 1.928984e+05; 1.103904e+00; 1.430839e+05; 1.151159e+00
1.098500e+01; 9.809999e+04; 1.176113e+00; 1.938562e+05; 1.102904e+00; 1.439696e+05; 1.150175e+00
1.099000e+01; 9.809999e+04; 1.175251e+00; 1.948139e+05; 1.101904e+00; 1.448557e+05; 1.149184e+00
1.099500e+01; 9.809999e+04; 1.174364e+00; 1.957716e+05; 1.100904e+00; 1.457418e+05; 1.148186e+00
1.100000e+01; 9.809999e+04; 1.173453e+00; 1.967292e+05; 1.099903e+00; 1.466272e+05; 1.147180e+00
1.100500e+01; 9.809999e+04; 1.172516e+00; 1.976868e+05; 1.098902e+00; 1.475115e+05; 1.146168e+00
1.101000e+01; 9.809999e+04; 1.171554e+00; 1.986445e+05; 1.097901e+00; 1.483941e+05; 1.145149e+00
1.101500e+01; 9.809999e+04; 1.170566e+00; 1.996023e+05; 1.096900e+00; 1.492746e+05; 1.144122e+00
1.102000e+01; 9.809999e+04; 1.169552e+00; 2.005602e+05; 1.095898e+00; 1.501525e+05; 1.143088e+00
1.102500e+01; 9.809999e+04; 1.168513e+00; 2.015182e+05; 1.094896e+00; 1.510273e+05; 1.142047e+00
1.103000e+01; 9.809999e+04; 1.167447e+00; 2.024764e+05; 1.093893e+00; 1.518988e+05; 1.140998e+00
1.103500e+01; 9.809999e+04; 1.166355e+00; 2.034349e+05; 1.092890e+00; 1.527664e+05; 1.139941e+00
1.104000e+01; 9.809999e+04; 1.165237e+00; 2.043936e+05; 1.091887e+00; 1.536301e+05; 1.138877e+00
1.104500e+01; 9.810000e+04; 1.164092e+00; 2.053525e+05; 1.090883e+00; 1.544894e+05; 1.137806e+00
1.105000e+01; 9.810000e+04; 1.162921e+00; 2.063118e+05; 1.089880e+00; 1.553441e+05; 1.136727e+00
1.105500e+01; 9.810000e+04; 1.161724e+00; 2.072714e+05; 1.088875e+00; 1.561942e+05; 1.135640e+00
1.106000e+01; 9.810000e+04; 1.160500e+00; 2.082314e+05; 1.087870e+00; 1.570394e+05; 1.134547e+00
1.106500e+01; 9.810000e+04; 1.159251e+00; 2.091918e+05; 1.086865e+00; 1.578797e+05; 1.133446e+00
1.107000e+01; 9.810000e+04; 1.157975e+00; 2.101526e+05; 1.085860e+00; 1.587149e+05; 1.132338e+00
1.107500e+01; 9.810000e+04; 1.156673e+00; 2.111138e+05; 1.084853e+00; 1.595451e+05; 1.131223e+00
1.108000e+01; 9.810000e+04; 1.155346e+00; 2.120755e+05; 1.083847e+00; 1.603702e+05; 1.130101e+00
1.108500e+01; 9.810000e+04; 1.153993e+00; 2.130377e+05; 1.082839e+00; 1.611901e+05; 1.128973e+00
1.109000e+01; 9.810000e+04; 1.152615e+00; 2.140003e+05; 1.081832e+00; 1.620048e+05; 1.127838e+00
1.109500e+01; 9.810000e+04; 1.151213e+00; 2.149635e+05; 1.080823e+00; 1.628141e+05; 1.126696e+00
1.110000e+01; 9.810000e+04; 1.149786e+00; 2.159271e+05; 1.079814e+00; 1.636179e+05; 1.125548e+00
1.110500e+01; 9.810000e+04; 1.148335e+00; 2.168912e+05; 1.078804e+00; 1.644161e+05; 1.124393e+00
1.111000e+01; 9.810000e+04; 1.146861e+00; 2.178558e+05; 1.077794e+00; 1.652086e+05; 1.123232e+00
1.111500e+01; 9.810000e+04; 1.145363e+00; 2.188209e+05; 1.076783e+00; 1.659950e+05; 1.122063e+00
1.112000e+01; 9.810000e+04; 1.143843e+00; 2.197864e+05; 1.075771e+00; 1.667752e+05; 1.120888e+00
1.112500e+01; 9.810000e+04; 1.142301e+00; 2.207523e+05; 1.074758e+00; 1.675488e+05; 1.119706e+00
1.113000e+01; 9.810000e+04; 1.140738e+00; 2.217186e+05; 1.073744e+00; 1.683157e+05; 1.118516e+00
1.113500e+01; 9.810000e+04; 1.139153e+00; 2.226852e+05; 1.072729e+00; 1.690755e+05; 1.117319e+00
1.114000e+01; 9.810000e+04; 1.137549e+00; 2.236522e+05; 1.071714e+00; 1.698279e+05; 1.116113e+00
1.114500e+01; 9.810000e+04; 1.135924e+00; 2.246193e+05; 1.070697e+00; 1.705725e+05; 1.114900e+00
1.115000e+01; 9.810000e+04; 1.134281e+00; 2.255867e+05; 1.069679e+00; 1.713091e+05; 1.113678e+00
1.115500e+01; 9.810000e+04; 1.132620e+00; 2.265541e+05; 1.068660e+00; 1.720373e+05; 1.112448e+00
1.116000e+01; 9.810000e+04; 1.130941e+00; 2.275214e+05; 1.067640e+00; 1.727568e+05; 1.111208e+00
1.116500e+01; 9.810000e+04; 1.129244e+00; 2.284887e+05; 1.066618e+00; 1.734673e+05; 1.109960e+00
1.117000e+01; 9.810000e+04; 1.127532e+00; 2.294557e+05; 1.065596e+00; 1.741686e+05; 1.108702e+00
1.117500e+01; 9.810000e+04; 1.125804e+00; 2.304223e+05; 1.064571e+00; 1.748603e+05; 1.107434e+00
1.118000e+01; 9.810000e+04; 1.124061e+00; 2.313884e+05; 1.063545e+00; 1.755422e+05; 1.106157e+00
1.118500e+01; 9.810000e+04; 1.122305e+00; 2.323537e+05; 1.062518e+00; 1.762141e+05; 1.104869e+00
1.119000e+01; 9.810000e+04; 1.120534e+00; 2.333183e+05; 1.061489e+00; 1.768757e+05; 1.103571e+00
1.119500e+01; 9.810000e+04; 1.118751e+00; 2.342817e+05; 1.060458e+00; 1.775268e+05; 1.102262e+00
1.120000e+01; 9.810000e+04; 1.116955e+00; 2.352438e+05; 1.059425e+00; 1.781673e+05; 1.100943e+00
1.120500e+01; 9.810000e+04; 1.115149e+00; 2.362044e+05; 1.058390e+00; 1.787968e+05; 1.099613e+00
1.121000e+01; 9.810000e+04; 1.113331e+00; 2.371632e+05; 1.057353e+00; 1.794153e+05; 1.098271e+00
1.121500e+01; 9.810000e+04; 1.111503e+00; 2.381200e+05; 1.056313e+00; 1.800225e+05; 1.096918e+00
1.122000e+01; 9.810000e+04; 1.109665e+00; 2.390745e+05; 1.055272e+00; 1.806184e+05; 1.095553e+00
1.122500e+01; 9.810000e+04; 1.107818e+00; 2.400264e+05; 1.054227e+00; 1.812027e+05; 1.094177e+00
1.123000e+01; 9.810000e+04; 1.105963e+00; 2.409754e+05; 1.053180e+00; 1.817753e+05; 1.092789e+00
1.123500e+01; 9.810000e+04; 1.104099e+00; 2.424559e+05; 1.051349e+00; 1.823360e+05; 1.091389e+00
1.124000e+01; 9.810000e+04; 1.102228e+00; 2.429902e+05; 1.051349e+00; 1.828848e+05; 1.089976e+00
1.124500e+01; 9.810000e+04; 1.100350e+00; 2.441071e+05; 1.049277e+00; 1.834216e+05; 1.088551e+00
1.125000e+01; 9.810000e+04; 1.098466e+00; 2.454660e+05; 1.048439e+00; 1.839461e+05; 1.087114e+00
1.125500e+01; 9.810000e+04; 1.096575e+00; 2.460753e+05; 1.047412e+00; 1.844583e+05; 1.085664e+00
1.126000e+01; 9.810000e+04; 1.094679e+00; 2.471337e+05; 1.046324e+00; 1.849582e+05; 1.084201e+00
1.126500e+01; 9.810000e+04; 1.092777e+00; 2.480062e+05; 1.045223e+00; 1.854455e+05; 1.082726e+00
1.127000e+01; 9.810000e+04; 1.090870e+00; 2.489824e+05; 1.044144e+00; 1.859204e+05; 1.081237e+00
1.127500e+01; 9.810000e+04; 1.088959e+00; 2.498584e+05; 1.043059e+00; 1.863827e+05; 1.079735e+00
1.128000e+01; 9.810000e+04; 1.087043e+00; 2.507859e+05; 1.041978e+00; 1.868324e+05; 1.078221e+00
1.128500e+01; 9.810000e+04; 1.085124e+00; 2.516634e+05; 1.040888e+00; 1.872694e+05; 1.076693e+00
1.129000e+01; 9.810000e+04; 1.083201e+00; 2.525662e+05; 1.039797e+00; 1.876938e+05; 1.075151e+00
1.129500e+01; 9.810000e+04; 1.081275e+00; 2.534367e+05; 1.038701e+00; 1.881056e+05; 1.073597e+00
1.130000e+01; 9.810000e+04; 1.079345e+00; 2.543166e+05; 1.037605e+00; 1.885047e+05; 1.072029e+00
1.130500e+01; 9.810000e+04; 1.077413e+00; 2.551739e+05; 1.036504e+00; 1.888913e+05; 1.070448e+00
1.131000e+01; 9.810000e+04; 1.075478e+00; 2.560319e+05; 1.035403e+00; 1.892653e+05; 1.068853e+00
1.131500e+01; 9.810000e+04; 1.073540e+00; 2.568717e+05; 1.034299e+00; 1.896269e+05; 1.067245e+00
1.132000e+01; 9.810000e+04; 1.071601e+00; 2.577066e+05; 1.033195e+00; 1.899761e+05; 1.065624e+00
1.132500e+01; 9.810000e+04; 1.069659e+00; 2.585252e+05; 1.032090e+00; 1.903130e+05; 1.063990e+00
1.133000e+01; 9.810000e+04; 1.067716e+00; 2.593351e+05; 1.030986e+00; 1.906379e+05; 1.062343e+00
1.133500e+01; 9.810000e+04; 1.065771e+00; 2.601292e+05; 1.029883e+00; 1.909507e+05; 1.060683e+00
1.134000e+01; 9.810000e+04; 1.063824e+00; 2.609117e+05; 1.028781e+00; 1.912517e+05; 1.059010e+00
1.134500e+01; 9.810000e+04; 1.061876e+00; 2.616780e+05; 1.027682e+00; 1.915410e+05; 1.057324e+00
1.135000e+01; 9.810000e+04; 1.059927e+00; 2.624303e+05; 1.026585e+00; 1.918189e+05; 1.055626e+00
1.135500e+01; 9.810000e+04; 1.057977e+00; 2.631657e+05; 1.025491e+00; 1.920855e+05; 1.053916e+00
1.136000e+01; 9.810000e+04; 1.056025e+00; 2.638852e+05; 1.024402e+00; 1.923411e+05; 1.052193e+00
1.136500e+01; 9.810000e+04; 1.054073e+00; 2.645867e+05; 1.023316e+00; 1.925858e+05; 1.050459e+00
1.137000e+01; 9.810000e+04; 1.052121e+00; 2.652706e+05; 1.022234e+00; 1.928200e+05; 1.048713e+00
1.137500e+01; 9.810000e+04; 1.050167e+00; 2.659354e+05; 1.021157e+00; 1.930439e+05; 1.046955e+00
1.138000e+01; 9.810000e+04; 1.048213e+00; 2.665812e+05; 1.020085e+00; 1.932578e+05; 1.045186e+00
1.138500e+01; 9.810000e+04; 1.046258e+00; 2.672066e+05; 1.019018e+00; 1.934620e+05; 1.043407e+00
1.139000e+01; 9.810000e+04; 1.044303e+00; 2.678116e+05; 1.017956e+00; 1.936566e+05; 1.041617e+00
1.139500e+01; 9.810000e+04; 1.042348e+00; 2.683953e+05; 1.016899e+00; 1.938421e+05; 1.039816e+00
1.140000e+01; 9.810000e+04; 1.040392e+00; 2.689573e+05; 1.015848e+00; 1.940188e+05; 1.038006e+00
1.140500e+01; 9.810000e+04; 1.038436e+00; 2.694968e+05; 1.014802e+00; 1.941870e+05; 1.036186e+00
1.141000e+01; 9.810000e+04; 1.036480e+00; 2.700134e+05; 1.013762e+00; 1.943470e+05; 1.034356e+00
1.141500e+01; 9.810000e+04; 1.034523e+00; 2.705064e+05; 1.012727e+00; 1.944994e+05; 1.032517e+00
1.142000e+01; 9.810000e+04; 1.032567e+00; 2.709755e+05; 1.011698e+00; 1.946445e+05; 1.030669e+00
1.142500e+01; 9.810000e+04; 1.030610e+00; 2.714200e+05; 1.010674e+00; 1.947829e+05; 1.028812e+00
1.143000e+01; 9.810000e+04; 1.028653e+00; 2.718394e+05; 1.009656e+00; 1.949153e+05; 1.026946e+00
1.143500e+01; 9.810000e+04; 1.026696e+00; 2.722333e+05; 1.008644e+00; 1.950425e+05; 1.025071e+00
1.144000e+01; 9.810000e+04; 1.024739e+00; 2.726011e+05; 1.007637e+00; 1.951652e+05; 1.023186e+00
1.144500e+01; 9.810000e+04; 1.022781e+00; 2.729423e+05; 1.006636e+00; 1.952844e+05; 1.021292e+00
1.145000e+01; 9.810000e+04; 1.020824e+00; 2.732566e+05; 1.005641e+00; 1.954011e+05; 1.019388e+00
1.145500e+01; 9.810000e+04; 1.018867e+00; 2.735436e+05; 1.004652e+00; 1.955160e+05; 1.017474e+00
1.146000e+01; 9.810000e+04; 1.016909e+00; 2.738027e+05; 1.003668e+00; 1.956300e+05; 1.015550e+00
1.146500e+01; 9.810000e+04; 1.014951e+00; 2.740338e+05; 1.002690e+00; 1.957434e+05; 1.013615e+00
1.147000e+01; 9.810000e+04; 1.012993e+00; 2.742364e+05; 1.001718e+00; 1.958564e+05; 1.011671e+00
1.147500e+01; 9.810000e+04; 1.011035e+00; 2.744104e+05; 1.000751e+00; 1.959687e+05; 1.009719e+00
1.148000e+01; 9.810000e+04; 1.009077e+00; 2.745554e+05; 9.997899e-01; 1.960797e+05; 1.007759e+00
1.148500e+01; 9.810000e+04; 1.007118e+00; 2.746712e+05; 9.988342e-01; 1.961884e+05; 1.005794e+00
1.149000e+01; 9.810000e+04; 1.005160e+00; 2.747578e+05; 9.978838e-01; 1.962935e+05; 1.003825e+00
1.149500e+01; 9.810000e+04; 1.003201e+00; 2.748150e+05; 9.969386e-01; 1.963939e+05; 1.001854e+00
1.150000e+01; 9.810000e+04; 1.001241e+00; 2.748427e+05; 9.959984e-01; 1.964883e+05; 9.998820e-01
1.150500e+01; 9.810000e+04; 9.992816e-01; 2.748409e+05; 9.950630e-01; 1.965758e+05; 9.979109e-01
1.151000e+01; 9.810000e+04; 9.973215e-01; 2.748096e+05; 9.941321e-01; 1.966555e+05; 9.959417e-01
1.151500e+01; 9.810000e+04; 9.953610e-01; 2.747489e+05; 9.932056e-01; 1.967271e+05; 9.939751e-01
1.152000e+01; 9.810000e+04; 9.934001e-01; 2.746588e+05; 9.922832e-01; 1.967905e+05; 9.920116e-01
1.152500e+01; 9.810000e+04; 9.914387e-01; 2.745396e+05; 9.913646e-01; 1.968457e+05; 9.900513e-01
1.153000e+01; 9.810000e+04; 9.894767e-01; 2.743913e+05; 9.904496e-01; 1.968931e+05; 9.880943e-01
1.153500e+01; 9.810000e+04; 9.875142e-01; 2.742143e+05; 9.895377e-01; 1.969330e+05; 9.861405e-01
1.154000e+01; 9.810000e+04; 9.855510e-01; 2.740087e+05; 9.886288e-01; 1.969659e+05; 9.841899e-01
1.154500e+01; 9.810000e+04; 9.835872e-01; 2.737750e+05; 9.877224e-01; 1.969920e+05; 9.822424e-01
1.155000e+01; 9.810000e+04; 9.816227e-01; 2.735133e+05; 9.868183e-01; 1.970116e+05; 9.802980e-01
1.155500e+01; 9.810000e+04; 9.796574e-01; 2.732242e+05; 9.859162e-01; 1.970248e+05; 9.783571e-01
1.156000e+01; 9.810000e+04; 9.776914e-01; 2.729080e+05; 9.850156e-01; 1.970316e+05; 9.764198e-01
1.156500e+01; 9.810000e+04; 9.757245e-01; 2.725651e+05; 9.841164e-01; 1.970318e+05; 9.744866e-01
1.157000e+01; 9.810000e+04; 9.737568e-01; 2.721961e+05; 9.832180e-01; 1.970252e+05; 9.725579e-01
1.157500e+01; 9.810000e+04; 9.717882e-01; 2.718013e+05; 9.823203e-01; 1.970115e+05; 9.706342e-01
1.158000e+01; 9.810000e+04; 9.698186e-01; 2.713814e+05; 9.814230e-01; 1.969902e+05; 9.687163e-01
1.158500e+01; 9.810000e+04; 9.678481e-01; 2.709369e+05; 9.805256e-01; 1.969611e+05; 9.668045e-01
1.159000e+01; 9.810000e+04; 9.658766e-01; 2.704683e+05; 9.796280e-01; 1.969235e+05; 9.648997e-01
1.159500e+01; 9.810000e+04; 9.639040e-01; 2.699762e+05; 9.787299e-01; 1.968771e+05; 9.630024e-01
1.160000e+01; 9.810000e+04; 9.619304e-01; 2.694613e+05; 9.778309e-01; 1.968213e+05; 9.611132e-01
1.160500e+01; 9.810000e+04; 9.599557e-01; 2.689242e+05; 9.769309e-01; 1.967557e+05; 9.592328e-01
1.161000e+01; 9.810000e+04; 9.579799e-01; 2.683655e+05; 9.760297e-01; 1.966798e+05; 9.573617e-01
1.161500e+01; 9.810000e+04; 9.560029e-01; 2.677857e+05; 9.751269e-01; 1.965931e+05; 9.555005e-01
1.162000e+01; 9.810000e+04; 9.540247e-01; 2.671857e+05; 9.742226e-01; 1.964951e+05; 9.536499e-01
1.162500e+01; 9.810000e+04; 9.520453e-01; 2.665660e+05; 9.733164e-01; 1.963855e+05; 9.518102e-01
1.163000e+01; 9.810000e+04; 9.500645e-01; 2.659273e+05; 9.724082e-01; 1.962638e+05; 9.499820e-01
1.163500e+01; 9.810000e+04; 9.480823e-01; 2.652702e+05; 9.714980e-01; 1.961297e+05; 9.481658e-01
1.164000e+01; 9.810000e+04; 9.460986e-01; 2.645954e+05; 9.705856e-01; 1.959827e+05; 9.463620e-01
1.164500e+01; 9.810000e+04; 9.441132e-01; 2.639036e+05; 9.696709e-01; 1.958225e+05; 9.445710e-01
1.165000e+01; 9.810000e+04; 9.421259e-01; 2.631954e+05; 9.687539e-01; 1.956487e+05; 9.427932e-01
1.165500e+01; 9.810000e+04; 9.401366e-01; 2.624714e+05; 9.678345e-01; 1.954611e+05; 9.410290e-01
1.166000e+01; 9.810000e+04; 9.381448e-01; 2.617323e+05; 9.669127e-01; 1.952593e+05; 9.392788e-01
1.166500e+01; 9.810000e+04; 9.361502e-01; 2.609787e+05; 9.659886e-01; 1.950430e+05; 9.375428e-01
1.167000e+01; 9.810000e+04; 9.341525e-01; 2.602113e+05; 9.650620e-01; 1.948120e+05; 9.358214e-01
1.167500e+01; 9.810000e+04; 9.321512e-01; 2.594306e+05; 9.641331e-01; 1.945659e+05; 9.341149e-01
1.168000e+01; 9.810000e+04; 9.301458e-01; 2.586372e+05; 9.632018e-01; 1.943046e+05; 9.324235e-01
1.168500e+01; 9.810000e+04; 9.281361e-01; 2.578318e+05; 9.622683e-01; 1.940277e+05; 9.307475e-01
1.169000e+01; 9.810000e+04; 9.261215e-01; 2.570148e+05; 9.613325e-01; 1.937350e+05; 9.290872e-01
1.169500e+01; 9.810000e+04; 9.241019e-01; 2.561868e+05; 9.603946e-01; 1.934264e+05; 9.274428e-01
1.170000e+01; 9.810000e+04; 9.220771e-01; 2.553484e+05; 9.594546e-01; 1.931016e+05; 9.258144e-01
1.170500e+01; 9.810000e+04; 9.200470e-01; 2.545001e+05; 9.585127e-01; 1.927603e+05; 9.242023e-01
1.171000e+01; 9.810000e+04; 9.180120e-01; 2.536424e+05; 9.575688e-01; 1.924026e+05; 9.226066e-01
1.171500e+01; 9.810000e+04; 9.159724e-01; 2.527757e+05; 9.566231e-01; 1.920281e+05; 9.210275e-01
1.172000e+01; 9.810000e+04; 9.139288e-01; 2.519006e+05; 9.556758e-01; 1.916369e+05; 9.194650e-01
1.172500e+01; 9.810000e+04; 9.118823e-01; 2.510175e+05; 9.547268e-01; 1.912287e+05; 9.179192e-01
1.173000e+01; 9.810001e+04; 9.098337e-01; 2.501268e+05; 9.537762e-01; 1.908035e+05; 9.163902e-01
1.173500e+01; 9.810001e+04; 9.077844e-01; 2.492289e+05; 9.528243e-01; 1.903613e+05; 9.148780e-01
1.174000e+01; 9.810001e+04; 9.057356e-01; 2.483243e+05; 9.518710e-01; 1.899020e+05; 9.133826e-01
1.174500e+01; 9.810001e+04; 9.036887e-01; 2.474134e+05; 9.509165e-01; 1.894256e+05; 9.119039e-01
1.175000e+01; 9.810001e+04; 9.016450e-01; 2.464964e+05; 9.499609e-01; 1.889322e+05; 9.104419e-01
1.175500e+01; 9.810001e+04; 8.996060e-01; 2.455739e+05; 9.490042e-01; 1.884218e+05; 9.089965e-01
1.176000e+01; 9.810001e+04; 8.975726e-01; 2.446460e+05; 9.480466e-01; 1.878946e+05; 9.075676e-01
1.176500e+01; 9.810001e+04; 8.955461e-01; 2.437131e+05; 9.470880e-01; 1.873506e+05; 9.061550e-01
1.177000e+01; 9.810000e+04; 8.935273e-01; 2.427756e+05; 9.461287e-01; 1.867899e+05; 9.047584e-01
1.177500e+01; 9.810000e+04; 8.915170e-01; 2.418338e+05; 9.451687e-01; 1.862128e+05; 9.033778e-01
1.178000e+01; 9.810000e+04; 8.895158e-01; 2.408878e+05; 9.442080e-01; 1.856194e+05; 9.020128e-01
1.178500e+01; 9.810000e+04; 8.875243e-01; 2.399380e+05; 9.432467e-01; 1.850101e+05; 9.006632e-01
1.179000e+01; 9.810000e+04; 8.855428e-01; 2.389846e+05; 9.422849e-01; 1.843849e+05; 8.993287e-01
1.179500e+01; 9.810000e+04; 8.835718e-01; 2.380278e+05; 9.413227e-01; 1.837442e+05; 8.980090e-01
1.180000e+01; 9.810000e+04; 8.816117e-01; 2.370680e+05; 9.403600e-01; 1.830883e+05; 8.967038e-01
1.180500e+01; 9.810000e+04; 8.796628e-01; 2.361052e+05; 9.393970e-01; 1.824174e+05; 8.954126e-01
1.181000e+01; 9.810000e+04; 8.777257e-01; 2.351397e+05; 9.384338e-01; 1.817320e+05; 8.941352e-01
1.181500e+01; 9.810000e+04; 8.758007e-01; 2.341716e+05; 9.374703e-01; 1.810323e+05; 8.928711e-01
1.182000e+01; 9.810000e+04; 8.738886e-01; 2.332012e+05; 9.365066e-01; 1.803187e+05; 8.916200e-01
1.182500e+01; 9.810000e+04; 8.719900e-01; 2.322286e+05; 9.355428e-01; 1.795915e+05; 8.903815e-01
1.183000e+01; 9.810001e+04; 8.701055e-01; 2.312540e+05; 9.345789e-01; 1.788512e+05; 8.891551e-01
1.183500e+01; 9.810001e+04; 8.682360e-01; 2.302775e+05; 9.336149e-01; 1.780981e+05; 8.879404e-01
1.184000e+01; 9.810001e+04; 8.663824e-01; 2.292991e+05; 9.326509e-01; 1.773326e+05; 8.867371e-01
1.184500e+01; 9.810001e+04; 8.645454e-01; 2.283192e+05; 9.316869e-01; 1.765551e+05; 8.855446e-01
1.185000e+01; 9.810001e+04; 8.627261e-01; 2.273377e+05; 9.307230e-01; 1.757659e+05; 8.843625e-01
1.185500e+01; 9.810001e+04; 8.609254e-01; 2.263548e+05; 9.297591e-01; 1.749655e+05; 8.831904e-01
1.186000e+01; 9.810001e+04; 8.591441e-01; 2.253706e+05; 9.287953e-01; 1.741542e+05; 8.820279e-01
1.186500e+01; 9.810001e+04; 8.573834e-01; 2.243852e+05; 9.278317e-01; 1.733324e+05; 8.808745e-01
1.187000e+01; 9.810001e+04; 8.556440e-01; 2.233986e+05; 9.268682e-01; 1.725005e+05; 8.797297e-01
1.187500e+01; 9.810001e+04; 8.539269e-01; 2.224110e+05; 9.259049e-01; 1.716588e+05; 8.785932e-01
1.188000e+01; 9.810001e+04; 8.522329e-01; 2.214224e+05; 9.249417e-01; 1.708076e+05; 8.774644e-01
1.188500e+01; 9.810001e+04; 8.505630e-01; 2.204328e+05; 9.239788e-01; 1.699473e+05; 8.763430e-01
1.189000e+01; 9.810001e+04; 8.489178e-01; 2.194424e+05; 9.230161e-01; 1.690782e+05; 8.752284e-01
1.189500e+01; 9.810001e+04; 8.472983e-01; 2.184512e+05; 9.220537e-01; 1.682004e+05; 8.741203e-01
1.190000e+01; 9.810001e+04; 8.457051e-01; 2.174593e+05; 9.210915e-01; 1.673144e+05; 8.730181e-01
1.190500e+01; 9.810001e+04; 8.441390e-01; 2.164667e+05; 9.201295e-01; 1.664202e+05; 8.719215e-01
1.191000e+01; 9.810001e+04; 8.426006e-01; 2.154734e+05; 9.191678e-01; 1.655182e+05; 8.708300e-01
1.191500e+01; 9.810001e+04; 8.410906e-01; 2.144795e+05; 9.182064e-01; 1.646085e+05; 8.697431e-01
1.192000e+01; 9.810001e+04; 8.396096e-01; 2.134850e+05; 9.172452e-01; 1.636913e+05; 8.686604e-01
1.192500e+01; 9.810001e+04; 8.381581e-01; 2.124899e+05; 9.162842e-01; 1.627669e+05; 8.675817e-01
1.193000e+01; 9.810001e+04; 8.367366e-01; 2.114944e+05; 9.153236e-01; 1.618354e+05; 8.665064e-01
1.193500e+01; 9.810001e+04; 8.353457e-01; 2.104983e+05; 9.143632e-01; 1.608970e+05; 8.654342e-01
1.194000e+01; 9.810001e+04; 8.339858e-01; 2.095018e+05; 9.134030e-01; 1.599519e+05; 8.643650e-01
1.194500e+01; 9.810001e+04; 8.326574e-01; 2.085048e+05; 9.124430e-01; 1.590004e+05; 8.632984e-01
1.195000e+01; 9.810001e+04; 8.313607e-01; 2.075074e+05; 9.114833e-01; 1.580428e+05; 8.622343e-01
1.195500e+01; 9.810001e+04; 8.300962e-01; 2.065096e+05; 9.105237e-01; 1.570793e+05; 8.611726e-01
1.196000e+01; 9.810000e+04; 8.288641e-01; 2.055113e+05; 9.095643e-01; 1.561105e+05; 8.601131e-01
1.196500e+01; 9.810000e+04; 8.276647e-01; 2.045127e+05; 9.086051e-01; 1.551366e+05; 8.590561e-01
1.197000e+01; 9.810000e+04; 8.264981e-01; 2.035137e+05; 9.076461e-01; 1.541581e+05; 8.580015e-01
1.197500e+01; 9.810000e+04; 8.253646e-01; 2.025143e+05; 9.066871e-01; 1.531756e+05; 8.569494e-01
1.198000e+01; 9.810000e+04; 8.242642e-01; 2.015146e+05; 9.057283e-01; 1.521896e+05; 8.559002e-01
1.198500e+01; 9.810000e+04; 8.231970e-01; 2.005145e+05; 9.047695e-01; 1.512006e+05; 8.548540e-01
1.199000e+01; 9.810000e+04; 8.221630e-01; 1.995141e+05; 9.038108e-01; 1.502092e+05; 8.538111e-01
1.199500e+01; 9.810000e+04; 8.211621e-01; 1.985132e+05; 9.028521e-01; 1.492162e+05; 8.527719e-01
1.200000e+01; 9.810000e+04; 8.201942e-01; 1.975121e+05; 9.018934e-01; 1.482220e+05; 8.517367e-01
1.200500e+01; 9.810000e+04; 8.192592e-01; 1.965105e+05; 9.009347e-01; 1.472273e+05; 8.507058e-01
1.201000e+01; 9.810000e+04; 8.183568e-01; 1.955086e+05; 8.999759e-01; 1.462327e+05; 8.496796e-01
1.201500e+01; 9.810000e+04; 8.174868e-01; 1.945063e+05; 8.990171e-01; 1.452388e+05; 8.486583e-01
1.202000e+01; 9.810000e+04; 8.166489e-01; 1.935037e+05; 8.980581e-01; 1.442460e+05; 8.476423e-01
1.202500e+01; 9.810000e+04; 8.158426e-01; 1.925006e+05; 8.970990e-01; 1.432551e+05; 8.466319e-01
1.203000e+01; 9.810000e+04; 8.150677e-01; 1.914972e+05; 8.961398e-01; 1.422663e+05; 8.456274e-01
1.203500e+01; 9.810000e+04; 8.143235e-01; 1.904933e+05; 8.951805e-01; 1.412802e+05; 8.446291e-01
1.204000e+01; 9.810000e+04; 8.136097e-01; 1.894889e+05; 8.942209e-01; 1.402973e+05; 8.436370e-01
1.204500e+01; 9.810000e+04; 8.129257e-01; 1.884842e+05; 8.932611e-01; 1.393179e+05; 8.426516e-01
1.205000e+01; 9.810000e+04; 8.122708e-01; 1.874790e+05; 8.923011e-01; 1.383424e+05; 8.416731e-01
1.205500e+01; 9.810000e+04; 8.116445e-01; 1.864733e+05; 8.913408e-01; 1.373713e+05; 8.407016e-01
1.206000e+01; 9.810000e+04; 8.110462e-01; 1.854671e+05; 8.903802e-01; 1.364049e+05; 8.397374e-01
1.206500e+01; 9.810000e+04; 8.104751e-01; 1.844604e+05; 8.894193e-01; 1.354436e+05; 8.387808e-01
1.207000e+01; 9.810000e+04; 8.099305e-01; 1.834531e+05; 8.884581e-01; 1.344877e+05; 8.378321e-01
1.207500e+01; 9.810000e+04; 8.094118e-01; 1.824453e+05; 8.874966e-01; 1.335378e+05; 8.368914e-01
1.208000e+01; 9.810000e+04; 8.089181e-01; 1.814368e+05; 8.865348e-01; 1.325941e+05; 8.359591e-01
1.208500e+01; 9.810000e+04; 8.084487e-01; 1.804276e+05; 8.855727e-01; 1.316572e+05; 8.350355e-01
1.209000e+01; 9.810000e+04; 8.080029e-01; 1.794178e+05; 8.846101e-01; 1.307274e+05; 8.341210e-01
1.209500e+01; 9.810000e+04; 8.075799e-01; 1.784073e+05; 8.836472e-01; 1.298051e+05; 8.332159e-01
1.210000e+01; 9.810000e+04; 8.071789e-01; 1.773959e+05; 8.826839e-01; 1.288909e+05; 8.323206e-01
1.210500e+01; 9.810000e+04; 8.067990e-01; 1.763838e+05; 8.817201e-01; 1.279852e+05; 8.314353e-01
1.211000e+01; 9.810000e+04; 8.064396e-01; 1.753708e+05; 8.807559e-01; 1.270885e+05; 8.305606e-01
1.211500e+01; 9.810000e+04; 8.060999e-01; 1.743568e+05; 8.797911e-01; 1.262011e+05; 8.296968e-01
1.212000e+01; 9.810000e+04; 8.057790e-01; 1.733419e+05; 8.788258e-01; 1.253236e+05; 8.288443e-01
1.212500e+01; 9.810000e+04; 8.054763e-01; 1.723259e+05; 8.778599e-01; 1.244563e+05; 8.280034e-01
1.213000e+01; 9.810000e+04; 8.051909e-01; 1.713088e+05; 8.768934e-01; 1.235998e+05; 8.271747e-01
1.213500e+01; 9.810000e+04; 8.049222e-01; 1.702905e+05; 8.759261e-01; 1.227545e+05; 8.263583e-01
1.214000e+01; 9.810000e+04; 8.046694e-01; 1.692710e+05; 8.749580e-01; 1.219208e+05; 8.255547e-01
1.214500e+01; 9.810000e+04; 8.044318e-01; 1.682502e+05; 8.739889e-01; 1.210990e+05; 8.247643e-01
1.215000e+01; 9.810000e+04; 8.042087e-01; 1.672281e+05; 8.730189e-01; 1.202896e+05; 8.239873e-01
1.215500e+01; 9.810000e+04; 8.039995e-01; 1.662045e+05; 8.720478e-01; 1.194930e+05; 8.232242e-01
1.216000e+01; 9.810000e+04; 8.038034e-01; 1.651795e+05; 8.710755e-01; 1.187095e+05; 8.224752e-01
1.216500e+01; 9.810000e+04; 8.036200e-01; 1.641530e+05; 8.701020e-01; 1.179394e+05; 8.217405e-01
1.217000e+01; 9.810000e+04; 8.034486e-01; 1.631250e+05; 8.691271e-01; 1.171831e+05; 8.210206e-01
1.217500e+01; 9.810000e+04; 8.032885e-01; 1.620955e+05; 8.681509e-01; 1.164409e+05; 8.203157e-01
1.218000e+01; 9.810000e+04; 8.031393e-01; 1.610643e+05; 8.671733e-01; 1.157130e+05; 8.196259e-01
1.218500e+01; 9.810000e+04; 8.030004e-01; 1.600316e+05; 8.661944e-01; 1.149997e+05; 8.189515e-01
1.219000e+01; 9.810000e+04; 8.028713e-01; 1.589972e+05; 8.652142e-01; 1.143013e+05; 8.182928e-01
1.219500e+01; 9.810000e+04; 8.027515e-01; 1.579612e+05; 8.642331e-01; 1.136179e+05; 8.176498e-01
1.220000e+01; 9.810000e+04; 8.026405e-01; 1.569236e+05; 8.632510e-01; 1.129498e+05; 8.170228e-01
1.220500e+01; 9.810000e+04; 8.025378e-01; 1.558842e+05; 8.622685e-01; 1.122972e+05; 8.164120e-01
1.221000e+01; 9.810000e+04; 8.024431e-01; 1.548432e+05; 8.612858e-01; 1.116602e+05; 8.158173e-01
1.221500e+01; 9.810000e+04; 8.023560e-01; 1.538004e+05; 8.603034e-01; 1.110389e+05; 8.152390e-01
1.222000e+01; 9.810000e+04; 8.022759e-01; 1.527558e+05; 8.593219e-01; 1.104335e+05; 8.146771e-01
1.222500e+01; 9.810000e+04; 8.022026e-01; 1.517093e+05; 8.583419e-01; 1.098440e+05; 8.141317e-01
1.223000e+01; 9.810000e+04; 8.021357e-01; 1.506609e+05; 8.573640e-01; 1.092705e+05; 8.136027e-01
1.223500e+01; 9.810000e+04; 8.020749e-01; 1.496105e+05; 8.563891e-01; 1.087130e+05; 8.130903e-01
1.224000e+01; 9.810000e+04; 8.020198e-01; 1.485580e+05; 8.554180e-01; 1.081716e+05; 8.125943e-01
1.224500e+01; 9.810000e+04; 8.019701e-01; 1.475032e+05; 8.544515e-01; 1.076463e+05; 8.121148e-01
1.225000e+01; 9.810000e+04; 8.019256e-01; 1.464462e+05; 8.534905e-01; 1.071369e+05; 8.116517e-01
1.225500e+01; 9.810000e+04; 8.018859e-01; 1.453869e+05; 8.525357e-01; 1.066435e+05; 8.112048e-01
1.226000e+01; 9.810000e+04; 8.018508e-01; 1.443251e+05; 8.515882e-01; 1.061660e+05; 8.107741e-01
1.226500e+01; 9.810000e+04; 8.018201e-01; 1.432609e+05; 8.506486e-01; 1.057042e+05; 8.103594e-01
1.227000e+01; 9.810000e+04; 8.017935e-01; 1.421943e+05; 8.497178e-01; 1.052580e+05; 8.099607e-01
1.227500e+01; 9.810000e+04; 8.017707e-01; 1.411253e+05; 8.487965e-01; 1.048273e+05; 8.095776e-01
1.228000e+01; 9.810000e+04; 8.017517e-01; 1.400540e+05; 8.478854e-01; 1.044118e+05; 8.092100e-01
1.228500e+01; 9.810000e+04; 8.017361e-01; 1.389805e+05; 8.469850e-01; 1.040113e+05; 8.088577e-01
1.229000e+01; 9.810000e+04; 8.017238e-01; 1.379051e+05; 8.460960e-01; 1.036257e+05; 8.085204e-01
1.229500e+01; 9.810000e+04; 8.017146e-01; 1.368278e+05; 8.452188e-01; 1.032547e+05; 8.081979e-01
1.230000e+01; 9.810000e+04; 8.017083e-01; 1.357490e+05; 8.443538e-01; 1.028980e+05; 8.078899e-01
1.230500e+01; 9.810000e+04; 8.017048e-01; 1.346689e+05; 8.435016e-01; 1.025553e+05; 8.075962e-01
1.231000e+01; 9.810000e+04; 8.017039e-01; 1.335878e+05; 8.426625e-01; 1.022263e+05; 8.073163e-01
1.231500e+01; 9.810000e+04; 8.017055e-01; 1.325063e+05; 8.418366e-01; 1.019107e+05; 8.070500e-01
1.232000e+01; 9.810000e+04; 8.017095e-01; 1.314245e+05; 8.410246e-01; 1.016082e+05; 8.067970e-01
1.232500e+01; 9.810000e+04; 8.017156e-01; 1.303429e+05; 8.402267e-01; 1.013183e+05; 8.065569e-01
1.233000e+01; 9.810000e+04; 8.017239e-01; 1.292617e+05; 8.394431e-01; 1.010409e+05; 8.063294e-01
1.233500e+01; 9.810000e+04; 8.017341e-01; 1.281815e+05; 8.386744e-01; 1.007754e+05; 8.061142e-01
1.234000e+01; 9.810000e+04; 8.017463e-01; 1.271026e+05; 8.379209e-01; 1.005216e+05; 8.059108e-01
1.234500e+01; 9.810000e+04; 8.017602e-01; 1.260253e+05; 8.371830e-01; 1.002791e+05; 8.057189e-01
1.235000e+01; 9.810000e+04; 8.017758e-01; 1.249500e+05; 8.364611e-01; 1.000474e+05; 8.055382e-01
1.235500e+01; 9.810000e+04; 8.017930e-01; 1.238770e+05; 8.357556e-01; 9.982620e+04; 8.053682e-01
1.236000e+01; 9.810000e+04; 8.018118e-01; 1.228066e+05; 8.350671e-01; 9.961514e+04; 8.052087e-01
1.236500e+01; 9.810000e+04; 8.018320e-01; 1.217391e+05; 8.343961e-01; 9.941382e+04; 8.050592e-01
1.237000e+01; 9.810000e+04; 8.018536e-01; 1.206748e+05; 8.337429e-01; 9.922188e+04; 8.049193e-01
1.237500e+01; 9.810000e+04; 8.018765e-01; 1.196140e+05; 8.331083e-01; 9.903893e+04; 8.047888e-01
1.238000e+01; 9.810000e+04; 8.019006e-01; 1.181352e+05; 8.331083e-01; 9.886463e+04; 8.046672e-01
1.238500e+01; 9.810000e+04; 8.019260e-01; 1.174253e+05; 8.316498e-01; 9.869862e+04; 8.045542e-01
1.239000e+01; 9.810000e+04; 8.019525e-01; 1.164020e+05; 8.316498e-01; 9.854053e+04; 8.044495e-01
1.239500e+01; 9.810000e+04; 8.019801e-01; 1.149318e+05; 8.311771e-01; 9.839004e+04; 8.043526e-01
1.240000e+01; 9.810000e+04; 8.020087e-01; 1.141047e+05; 8.304828e-01; 9.824680e+04; 8.042633e-01
1.240500e+01; 9.810000e+04; 8.020384e-01; 1.131291e+05; 8.298836e-01; 9.811047e+04; 8.041812e-01
1.241000e+01; 9.810000e+04; 8.020690e-01; 1.121296e+05; 8.294310e-01; 9.798074e+04; 8.041061e-01
1.241500e+01; 9.810000e+04; 8.021005e-01; 1.110202e+05; 8.290186e-01; 9.785726e+04; 8.040375e-01
1.242000e+01; 9.810000e+04; 8.021328e-01; 1.100122e+05; 8.285569e-01; 9.773972e+04; 8.039754e-01
1.242500e+01; 9.810000e+04; 8.021660e-01; 1.090234e+05; 8.280923e-01; 9.762777e+04; 8.039194e-01
1.243000e+01; 9.810000e+04; 8.022000e-01; 1.080518e+05; 8.276721e-01; 9.752109e+04; 8.038693e-01
1.243500e+01; 9.810000e+04; 8.022348e-01; 1.070420e+05; 8.273032e-01; 9.741932e+04; 8.038249e-01
1.244000e+01; 9.810000e+04; 8.022703e-01; 1.060448e+05; 8.269536e-01; 9.732210e+04; 8.037861e-01
1.244500e+01; 9.810000e+04; 8.023065e-01; 1.050573e+05; 8.266160e-01; 9.722907e+04; 8.037527e-01
1.245000e+01; 9.810000e+04; 8.023433e-01; 1.040885e+05; 8.262996e-01; 9.713982e+04; 8.037247e-01
1.245500e+01; 9.810000e+04; 8.023808e-01; 1.031156e+05; 8.260166e-01; 9.705395e+04; 8.037021e-01
1.246000e+01; 9.810000e+04; 8.024189e-01; 1.021460e+05; 8.257634e-01; 9.697102e+04; 8.036847e-01
1.246500e+01; 9.810000e+04; 8.024575e-01; 1.011792e+05; 8.255350e-01; 9.689060e+04; 8.036727e-01
1.247000e+01; 9.810000e+04; 8.024967e-01; 1.002225e+05; 8.253301e-01; 9.681221e+04; 8.036662e-01
1.247500e+01; 9.810000e+04; 8.025364e-01; 9.926993e+04; 8.251526e-01; 9.673536e+04; 8.036652e-01
1.248000e+01; 9.810000e+04; 8.025766e-01; 9.832189e+04; 8.250038e-01; 9.665955e+04; 8.036699e-01
1.248500e+01; 9.810000e+04; 8.026173e-01; 9.737654e+04; 8.248830e-01; 9.658428e+04; 8.036804e-01
1.249000e+01; 9.810000e+04; 8.026584e-01; 9.643678e+04; 8.247890e-01; 9.650901e+04; 8.036970e-01
1.249500e+01; 9.810000e+04; 8.026999e-01; 9.550139e+04; 8.247222e-01; 9.643324e+04; 8.037198e-01
1.250000e+01; 9.810000e+04; 8.027418e-01; 9.457053e+04; 8.246832e-01; 9.635645e+04; 8.037491e-01
1.250500e+01; 9.810000e+04; 8.027842e-01; 9.364289e+04; 8.246724e-01; 9.627813e+04; 8.037851e-01
1.251000e+01; 9.810000e+04; 8.028268e-01; 9.271909e+04; 8.246893e-01; 9.619779e+04; 8.038279e-01
1.251500e+01; 9.810000e+04; 8.028699e-01; 9.179874e+04; 8.247338e-01; 9.611496e+04; 8.038779e-01
1.252000e+01; 9.810000e+04; 8.029133e-01; 9.088194e+04; 8.248059e-01; 9.602919e+04; 8.039351e-01
1.252500e+01; 9.810000e+04; 8.029570e-01; 8.996804e+04; 8.249056e-01; 9.594008e+04; 8.039999e-01
1.253000e+01; 9.810000e+04; 8.030010e-01; 8.905695e+04; 8.250328e-01; 9.584725e+04; 8.040722e-01
1.253500e+01; 9.810000e+04; 8.030453e-01; 8.814835e+04; 8.251872e-01; 9.575034e+04; 8.041524e-01
1.254000e+01; 9.810000e+04; 8.030899e-01; 8.724217e+04; 8.253687e-01; 9.564903e+04; 8.042403e-01
1.254500e+01; 9.810000e+04; 8.031348e-01; 8.633803e+04; 8.255770e-01; 9.554304e+04; 8.043363e-01
1.255000e+01; 9.810000e+04; 8.031800e-01; 8.543571e+04; 8.258119e-01; 9.543209e+04; 8.044403e-01
1.255500e+01; 9.810000e+04; 8.032255e-01; 8.453491e+04; 8.260731e-01; 9.531594e+04; 8.045525e-01
1.256000e+01; 9.810000e+04; 8.032713e-01; 8.363542e+04; 8.263602e-01; 9.519433e+04; 8.046730e-01
1.256500e+01; 9.810000e+04; 8.033174e-01; 8.273697e+04; 8.266729e-01; 9.506699e+04; 8.048018e-01
1.257000e+01; 9.810000e+04; 8.033639e-01; 8.183932e+04; 8.270109e-01; 9.493362e+04; 8.049391e-01
1.257500e+01; 9.810000e+04; 8.034106e-01; 8.094218e+04; 8.273737e-01; 9.479389e+04; 8.050852e-01
1.258000e+01; 9.810000e+04; 8.034576e-01; 8.004535e+04; 8.277609e-01; 9.464742e+04; 8.052404e-01
1.258500e+01; 9.810000e+04; 8.035050e-01; 7.914857e+04; 8.281721e-01; 9.449378e+04; 8.054049e-01
1.259000e+01; 9.810000e+04; 8.035527e-01; 7.825163e+04; 8.286067e-01; 9.433254e+04; 8.055791e-01
1.259500e+01; 9.810000e+04; 8.036008e-01; 7.735430e+04; 8.290644e-01; 9.416329e+04; 8.057632e-01
1.260000e+01; 9.810000e+04; 8.036492e-01; 7.645636e+04; 8.295446e-01; 9.398567e+04; 8.059576e-01
1.260500e+01; 9.810000e+04; 8.036979e-01; 7.555763e+04; 8.300467e-01; 9.379945e+04; 8.061622e-01
1.261000e+01; 9.810000e+04; 8.037471e-01; 7.465793e+04; 8.305704e-01; 9.360458e+04; 8.063771e-01
1.261500e+01; 9.810000e+04; 8.037966e-01; 7.375707e+04; 8.311149e-01; 9.340118e+04; 8.066019e-01
1.262000e+01; 9.810000e+04; 8.038465e-01; 7.285490e+04; 8.316797e-01; 9.318959e+04; 8.068363e-01
1.262500e+01; 9.810000e+04; 8.038967e-01; 7.195128e+04; 8.322643e-01; 9.297034e+04; 8.070795e-01
1.263000e+01; 9.810000e+04; 8.039474e-01; 7.104608e+04; 8.328682e-01; 9.274404e+04; 8.073309e-01
1.263500e+01; 9.810000e+04; 8.039986e-01; 7.013917e+04; 8.334906e-01; 9.251138e+04; 8.075897e-01
1.264000e+01; 9.810000e+04; 8.040501e-01; 6.923047e+04; 8.341311e-01; 9.227299e+04; 8.078553e-01
1.264500e+01; 9.810000e+04; 8.041022e-01; 6.831987e+04; 8.347891e-01; 9.202934e+04; 8.081272e-01
1.265000e+01; 9.810000e+04; 8.041548e-01; 6.740731e+04; 8.354639e-01; 9.178074e+04; 8.084050e-01
1.265500e+01; 9.810000e+04; 8.042079e-01; 6.649272e+04; 8.361551e-01; 9.152728e+04; 8.086888e-01
1.266000e+01; 9.810000e+04; 8.042618e-01; 6.557607e+04; 8.368619e-01; 9.126881e+04; 8.089787e-01
1.266500e+01; 9.810000e+04; 8.043163e-01; 6.465731e+04; 8.375839e-01; 9.100499e+04; 8.092750e-01
1.267000e+01; 9.810000e+04; 8.043718e-01; 6.373643e+04; 8.383204e-01; 9.073534e+04; 8.095781e-01
1.267500e+01; 9.810000e+04; 8.044282e-01; 6.281342e+04; 8.390709e-01; 9.045930e+04; 8.098886e-01
1.268000e+01; 9.810000e+04; 8.044859e-01; 6.188829e+04; 8.398348e-01; 9.017625e+04; 8.102071e-01
1.268500e+01; 9.810000e+04; 8.045449e-01; 6.096103e+04; 8.406117e-01; 8.988558e+04; 8.105342e-01
1.269000e+01; 9.810000e+04; 8.046056e-01; 6.003168e+04; 8.414008e-01; 8.958674e+04; 8.108703e-01
1.269500e+01; 9.810000e+04; 8.046683e-01; 5.910028e+04; 8.422018e-01; 8.927921e+04; 8.112159e-01
1.270000e+01; 9.810000e+04; 8.047332e-01; 5.816685e+04; 8.430141e-01; 8.896255e+04; 8.115714e-01
1.270500e+01; 9.810000e+04; 8.048008e-01; 5.723147e+04; 8.438371e-01; 8.863636e+04; 8.119371e-01
1.271000e+01; 9.810000e+04; 8.048715e-01; 5.629418e+04; 8.446704e-01; 8.830031e+04; 8.123135e-01
1.271500e+01; 9.810000e+04; 8.049457e-01; 5.492244e+04; 8.461452e-01; 8.795411e+04; 8.127006e-01
1.272000e+01; 9.810000e+04; 8.050240e-01; 5.431162e+04; 8.461452e-01; 8.759751e+04; 8.130987e-01
1.272500e+01; 9.810000e+04; 8.051068e-01; 5.321855e+04; 8.478370e-01; 8.723029e+04; 8.135081e-01
1.273000e+01; 9.810000e+04; 8.051947e-01; 5.192699e+04; 8.485266e-01; 8.685224e+04; 8.139288e-01
1.273500e+01; 9.810000e+04; 8.052883e-01; 5.124012e+04; 8.493764e-01; 8.646319e+04; 8.143610e-01
1.274000e+01; 9.810000e+04; 8.053883e-01; 5.018209e+04; 8.502807e-01; 8.606297e+04; 8.148049e-01
1.274500e+01; 9.810000e+04; 8.054951e-01; 4.926960e+04; 8.511987e-01; 8.565145e+04; 8.152606e-01
1.275000e+01; 9.810000e+04; 8.056094e-01; 4.826702e+04; 8.521031e-01; 8.522847e+04; 8.157282e-01
1.275500e+01; 9.810000e+04; 8.057319e-01; 4.733990e+04; 8.530147e-01; 8.479393e+04; 8.162078e-01
1.276000e+01; 9.810000e+04; 8.058632e-01; 4.636466e+04; 8.539265e-01; 8.434771e+04; 8.166995e-01
1.276500e+01; 9.810000e+04; 8.060037e-01; 4.542344e+04; 8.548485e-01; 8.388971e+04; 8.172033e-01
1.277000e+01; 9.810000e+04; 8.061542e-01; 4.445485e+04; 8.557729e-01; 8.341984e+04; 8.177194e-01
1.277500e+01; 9.810000e+04; 8.063152e-01; 4.350515e+04; 8.567042e-01; 8.293805e+04; 8.182478e-01
1.278000e+01; 9.810000e+04; 8.064871e-01; 4.254021e+04; 8.576384e-01; 8.244427e+04; 8.187885e-01
1.278500e+01; 9.810000e+04; 8.066707e-01; 4.158568e+04; 8.585783e-01; 8.193845e+04; 8.193416e-01
1.279000e+01; 9.810000e+04; 8.068662e-01; 4.062206e+04; 8.595214e-01; 8.142058e+04; 8.199071e-01
1.279500e+01; 9.810000e+04; 8.070744e-01; 3.966435e+04; 8.604691e-01; 8.089062e+04; 8.204850e-01
1.280000e+01; 9.810000e+04; 8.072955e-01; 3.870123e+04; 8.614198e-01; 8.034859e+04; 8.210753e-01
1.280500e+01; 9.810000e+04; 8.075302e-01; 3.774151e+04; 8.623743e-01; 7.979450e+04; 8.216779e-01
1.281000e+01; 9.810000e+04; 8.077788e-01; 3.677848e+04; 8.633317e-01; 7.922837e+04; 8.222929e-01
1.281500e+01; 9.810000e+04; 8.080419e-01; 3.581741e+04; 8.642924e-01; 7.865025e+04; 8.229202e-01
1.282000e+01; 9.810000e+04; 8.083198e-01; 3.485432e+04; 8.652556e-01; 7.806020e+04; 8.235597e-01
1.282500e+01; 9.810000e+04; 8.086131e-01; 3.389239e+04; 8.662216e-01; 7.745830e+04; 8.242114e-01
1.283000e+01; 9.810000e+04; 8.089220e-01; 3.292921e+04; 8.671899e-01; 7.684463e+04; 8.248751e-01
1.283500e+01; 9.810000e+04; 8.092469e-01; 3.196672e+04; 8.681606e-01; 7.621929e+04; 8.255509e-01
1.284000e+01; 9.810000e+04; 8.095881e-01; 3.100350e+04; 8.691333e-01; 7.558240e+04; 8.262384e-01
1.284500e+01; 9.810000e+04; 8.099457e-01; 3.004071e+04; 8.701081e-01; 7.493410e+04; 8.269378e-01
1.285000e+01; 9.810000e+04; 8.103198e-01; 2.907751e+04; 8.710847e-01; 7.427453e+04; 8.276487e-01
1.285500e+01; 9.810000e+04; 8.107104e-01; 2.811461e+04; 8.720631e-01; 7.360384e+04; 8.283710e-01
1.286000e+01; 9.810000e+04; 8.111173e-01; 2.715151e+04; 8.730430e-01; 7.292222e+04; 8.291047e-01
1.286500e+01; 9.810000e+04; 8.115403e-01; 2.618864e+04; 8.740245e-01; 7.222984e+04; 8.298494e-01
1.287000e+01; 9.810000e+04; 8.119791e-01; 2.522572e+04; 8.750074e-01; 7.152690e+04; 8.306051e-01
1.287500e+01; 9.810000e+04; 8.124333e-01; 2.426301e+04; 8.759915e-01; 7.081360e+04; 8.313716e-01
1.288000e+01; 9.810000e+04; 8.129025e-01; 2.330033e+04; 8.769769e-01; 7.009016e+04; 8.321486e-01
1.288500e+01; 9.810000e+04; 8.133863e-01; 2.233785e+04; 8.779635e-01; 6.935678e+04; 8.329361e-01
1.289000e+01; 9.810000e+04; 8.138844e-01; 2.137546e+04; 8.789511e-01; 6.861365e+04; 8.337338e-01
1.289500e+01; 9.810000e+04; 8.143966e-01; 2.041328e+04; 8.799398e-01; 6.786095e+04; 8.345417e-01
1.290000e+01; 9.810000e+04; 8.149227e-01; 1.945123e+04; 8.809293e-01; 6.709883e+04; 8.353598e-01
1.290500e+01; 9.810000e+04; 8.154626e-01; 1.848939e+04; 8.819198e-01; 6.632735e+04; 8.361880e-01
1.291000e+01; 9.810000e+04; 8.160165e-01; 1.752771e+04; 8.829110e-01; 6.554655e+04; 8.370264e-01
1.291500e+01; 9.810000e+04; 8.165847e-01; 1.656624e+04; 8.839031e-01; 6.475635e+04; 8.378753e-01
1.292000e+01; 9.810000e+04; 8.171674e-01; 1.560494e+04; 8.848958e-01; 6.395664e+04; 8.387351e-01
1.292500e+01; 9.810001e+04; 8.177653e-01; 1.464383e+04; 8.858893e-01; 6.314724e+04; 8.396059e-01
1.293000e+01; 9.810001e+04; 8.183787e-01; 1.368289e+04; 8.868834e-01; 6.232797e+04; 8.404883e-01
1.293500e+01; 9.810001e+04; 8.190085e-01; 1.272216e+04; 8.878781e-01; 6.149870e+04; 8.413825e-01
1.294000e+01; 9.810001e+04; 8.196552e-01; 1.176159e+04; 8.888735e-01; 6.065945e+04; 8.422888e-01
1.294500e+01; 9.810001e+04; 8.203196e-01; 1.080118e+04; 8.898693e-01; 5.981046e+04; 8.432071e-01
1.295000e+01; 9.810001e+04; 8.210023e-01; 9.840949e+03; 8.908657e-01; 5.895222e+04; 8.441373e-01
1.295500e+01; 9.810001e+04; 8.217040e-01; 8.880868e+03; 8.918626e-01; 5.808557e+04; 8.450787e-01
1.296000e+01; 9.810001e+04; 8.224253e-01; 7.920928e+03; 8.928600e-01; 5.721163e+04; 8.460306e-01
1.296500e+01; 9.810001e+04; 8.231668e-01; 6.961117e+03; 8.938579e-01; 5.633182e+04; 8.469920e-01
1.297000e+01; 9.810001e+04; 8.239290e-01; 6.001402e+03; 8.948563e-01; 5.544771e+04; 8.479617e-01
1.297500e+01; 9.810001e+04; 8.247125e-01; 5.041769e+03; 8.958551e-01; 5.456095e+04; 8.489384e-01
1.298000e+01; 9.810001e+04; 8.255176e-01; 4.082199e+03; 8.968544e-01; 5.367312e+04; 8.499213e-01
1.298500e+01; 9.810001e+04; 8.263448e-01; 3.122681e+03; 8.978542e-01; 5.278565e+04; 8.509095e-01
1.299000e+01; 9.810000e+04; 8.271944e-01; 2.163201e+03; 8.988544e-01; 5.189971e+04; 8.519023e-01
1.299500e+01; 9.810000e+04; 8.280667e-01; 1.203743e+03; 8.998550e-01; 5.101619e+04; 8.528996e-01
1.300000e+01; 9.810000e+04; 8.289620e-01; 2.442982e+02; 9.008561e-01; 5.013572e+04; 8.539013e-01
1.300500e+01; 9.810000e+04; 8.298806e-01; -7.151566e+02; 9.018576e-01; 4.925867e+04; 8.549076e-01
1.301000e+01; 9.810000e+04; 8.308227e-01; -1.674647e+03; 9.028595e-01; 4.838523e+04; 8.559190e-01
1.301500e+01; 9.810000e+04; 8.317883e-01; -2.634183e+03; 9.038619e-01; 4.751549e+04; 8.569359e-01
1.302000e+01; 9.810000e+04; 8.327778e-01; -3.593814e+03; 9.048648e-01; 4.664946e+04; 8.579589e-01
1.302500e+01; 9.810000e+04; 8.337912e-01; -4.553566e+03; 9.058681e-01; 4.578717e+04; 8.589885e-01
1.303000e+01; 9.810000e+04; 8.348285e-01; -5.513437e+03; 9.068720e-01; 4.492866e+04; 8.600252e-01
1.303500e+01; 9.810000e+04; 8.358900e-01; -6.473456e+03; 9.078764e-01; 4.407403e+04; 8.610693e-01
1.304000e+01; 9.810000e+04; 8.369756e-01; -7.433649e+03; 9.088812e-01; 4.322345e+04; 8.621212e-01
1.304500e+01; 9.810000e+04; 8.380853e-01; -8.394039e+03; 9.098867e-01; 4.237709e+04; 8.631812e-01
1.305000e+01; 9.810000e+04; 8.392191e-01; -9.354643e+03; 9.108926e-01; 4.153522e+04; 8.642495e-01
1.305500e+01; 9.810000e+04; 8.403770e-01; -1.031548e+04; 9.118992e-01; 4.069809e+04; 8.653263e-01
1.306000e+01; 9.810000e+04; 8.415590e-01; -1.127658e+04; 9.129064e-01; 3.986598e+04; 8.664117e-01
1.306500e+01; 9.810000e+04; 8.427648e-01; -1.223797e+04; 9.139141e-01; 3.903917e+04; 8.675058e-01
1.307000e+01; 9.810000e+04; 8.439945e-01; -1.319967e+04; 9.149226e-01; 3.821795e+04; 8.686087e-01
1.307500e+01; 9.810000e+04; 8.452478e-01; -1.416172e+04; 9.159317e-01; 3.740257e+04; 8.697205e-01
1.308000e+01; 9.810000e+04; 8.465247e-01; -1.512413e+04; 9.169416e-01; 3.659327e+04; 8.708411e-01
1.308500e+01; 9.810000e+04; 8.478248e-01; -1.608693e+04; 9.179522e-01; 3.579027e+04; 8.719707e-01
1.309000e+01; 9.810000e+04; 8.491480e-01; -1.705015e+04; 9.189636e-01; 3.499375e+04; 8.731091e-01
1.309500e+01; 9.810000e+04; 8.504941e-01; -1.801382e+04; 9.199759e-01; 3.420386e+04; 8.742564e-01
1.310000e+01; 9.810000e+04; 8.518627e-01; -1.897795e+04; 9.209890e-01; 3.342073e+04; 8.754125e-01
1.310500e+01; 9.810000e+04; 8.532537e-01; -1.994257e+04; 9.220030e-01; 3.264445e+04; 8.765773e-01
1.311000e+01; 9.810000e+04; 8.546668e-01; -2.090770e+04; 9.230180e-01; 3.187507e+04; 8.777507e-01
1.311500e+01; 9.810000e+04; 8.561017e-01; -2.187336e+04; 9.240340e-01; 3.111265e+04; 8.789327e-01
1.312000e+01; 9.810000e+04; 8.575580e-01; -2.283954e+04; 9.250510e-01; 3.035720e+04; 8.801231e-01
1.312500e+01; 9.810000e+04; 8.590357e-01; -2.380630e+04; 9.260692e-01; 2.960871e+04; 8.813218e-01
1.313000e+01; 9.810000e+04; 8.605345e-01; -2.477361e+04; 9.270885e-01; 2.886721e+04; 8.825287e-01
1.313500e+01; 9.810000e+04; 8.620540e-01; -2.574147e+04; 9.281090e-01; 2.813267e+04; 8.837437e-01
1.314000e+01; 9.810000e+04; 8.635943e-01; -2.670983e+04; 9.291308e-01; 2.740511e+04; 8.849666e-01
1.314500e+01; 9.810000e+04; 8.651552e-01; -2.767868e+04; 9.301539e-01; 2.668456e+04; 8.861975e-01
1.315000e+01; 9.810000e+04; 8.667365e-01; -2.864798e+04; 9.311783e-01; 2.597104e+04; 8.874364e-01
1.315500e+01; 9.810000e+04; 8.683381e-01; -2.961761e+04; 9.322041e-01; 2.526463e+04; 8.886831e-01
1.316000e+01; 9.810000e+04; 8.699601e-01; -3.058754e+04; 9.332313e-01; 2.456542e+04; 8.899378e-01
1.316500e+01; 9.810000e+04; 8.716023e-01; -3.155766e+04; 9.342601e-01; 2.387354e+04; 8.912006e-01
1.317000e+01; 9.810000e+04; 8.732646e-01; -3.252783e+04; 9.352904e-01; 2.318913e+04; 8.924715e-01
1.317500e+01; 9.810000e+04; 8.749468e-01; -3.349791e+04; 9.363223e-01; 2.251239e+04; 8.937506e-01
1.318000e+01; 9.810000e+04; 8.766485e-01; -3.446772e+04; 9.373559e-01; 2.184351e+04; 8.950383e-01
1.318500e+01; 9.810000e+04; 8.783695e-01; -3.543707e+04; 9.383912e-01; 2.118273e+04; 8.963346e-01
1.319000e+01; 9.810000e+04; 8.801090e-01; -3.640572e+04; 9.394282e-01; 2.053028e+04; 8.976397e-01
1.319500e+01; 9.810000e+04; 8.818663e-01; -3.737341e+04; 9.404670e-01; 1.988644e+04; 8.989540e-01
1.320000e+01; 9.810000e+04; 8.836406e-01; -3.833985e+04; 9.415076e-01; 1.925146e+04; 9.002777e-01
1.320500e+01; 9.810000e+04; 8.854307e-01; -3.930472e+04; 9.425500e-01; 1.862562e+04; 9.016110e-01
1.321000e+01; 9.810000e+04; 8.872355e-01; -4.026766e+04; 9.435943e-01; 1.800916e+04; 9.029541e-01
1.321500e+01; 9.810000e+04; 8.890535e-01; -4.122830e+04; 9.446404e-01; 1.740235e+04; 9.043074e-01
1.322000e+01; 9.809999e+04; 8.908835e-01; -4.218622e+04; 9.456885e-01; 1.680543e+04; 9.056710e-01
1.322500e+01; 9.809999e+04; 8.927240e-01; -4.314098e+04; 9.467385e-01; 1.621863e+04; 9.070453e-01
1.323000e+01; 9.810000e+04; 8.945737e-01; -4.409212e+04; 9.477903e-01; 1.564217e+04; 9.084303e-01
1.323500e+01; 9.810000e+04; 8.964312e-01; -4.503916e+04; 9.488441e-01; 1.507624e+04; 9.098264e-01
1.324000e+01; 9.810000e+04; 8.982955e-01; -4.598158e+04; 9.498997e-01; 1.452103e+04; 9.112337e-01
1.324500e+01; 9.810000e+04; 9.001656e-01; -4.691887e+04; 9.509572e-01; 1.397669e+04; 9.126523e-01
1.325000e+01; 9.810000e+04; 9.020405e-01; -4.785049e+04; 9.520166e-01; 1.344337e+04; 9.140825e-01
1.325500e+01; 9.810000e+04; 9.039198e-01; -4.877589e+04; 9.530777e-01; 1.292119e+04; 9.155243e-01
1.326000e+01; 9.810000e+04; 9.058028e-01; -4.969452e+04; 9.541407e-01; 1.241026e+04; 9.169779e-01
1.326500e+01; 9.810000e+04; 9.076893e-01; -5.060581e+04; 9.552053e-01; 1.191067e+04; 9.184435e-01
1.327000e+01; 9.810000e+04; 9.095791e-01; -5.150919e+04; 9.562716e-01; 1.142248e+04; 9.199210e-01
1.327500e+01; 9.810000e+04; 9.114720e-01; -5.240410e+04; 9.573396e-01; 1.094575e+04; 9.214106e-01
1.328000e+01; 9.810000e+04; 9.133680e-01; -5.328997e+04; 9.584091e-01; 1.048053e+04; 9.229124e-01
1.328500e+01; 9.810000e+04; 9.152670e-01; -5.416626e+04; 9.594801e-01; 1.002682e+04; 9.244264e-01
1.329000e+01; 9.810000e+04; 9.171692e-01; -5.503241e+04; 9.605525e-01; 9.584647e+03; 9.259527e-01
1.329500e+01; 9.810000e+04; 9.190745e-01; -5.588789e+04; 9.616262e-01; 9.153993e+03; 9.274912e-01
1.330000e+01; 9.810000e+04; 9.209829e-01; -5.673218e+04; 9.627012e-01; 8.734839e+03; 9.290421e-01
1.330500e+01; 9.810000e+04; 9.228945e-01; -5.756479e+04; 9.637773e-01; 8.327147e+03; 9.306052e-01
1.331000e+01; 9.810000e+04; 9.248091e-01; -5.838511e+04; 9.648543e-01; 7.930868e+03; 9.321807e-01
1.331500e+01; 9.810000e+04; 9.267268e-01; -5.919271e+04; 9.659322e-01; 7.545939e+03; 9.337684e-01
1.332000e+01; 9.810000e+04; 9.286473e-01; -5.998716e+04; 9.670108e-01; 7.172282e+03; 9.353684e-01
1.332500e+01; 9.810000e+04; 9.305707e-01; -6.076793e+04; 9.680899e-01; 6.809810e+03; 9.369806e-01
1.333000e+01; 9.810000e+04; 9.324968e-01; -6.153458e+04; 9.691692e-01; 6.458424e+03; 9.386049e-01
1.333500e+01; 9.810000e+04; 9.344254e-01; -6.228665e+04; 9.702486e-01; 6.118016e+03; 9.402414e-01
1.334000e+01; 9.810000e+04; 9.363564e-01; -6.302365e+04; 9.713276e-01; 5.788469e+03; 9.418900e-01
1.334500e+01; 9.810000e+04; 9.382897e-01; -6.374515e+04; 9.724061e-01; 5.469661e+03; 9.435505e-01
1.335000e+01; 9.810000e+04; 9.402251e-01; -6.445081e+04; 9.734837e-01; 5.161463e+03; 9.452230e-01
1.335500e+01; 9.810000e+04; 9.421625e-01; -6.514002e+04; 9.745599e-01; 4.863746e+03; 9.469072e-01
1.336000e+01; 9.810000e+04; 9.441017e-01; -6.581231e+04; 9.756343e-01; 4.576379e+03; 9.486033e-01
1.336500e+01; 9.810000e+04; 9.460425e-01; -6.646721e+04; 9.767064e-01; 4.299232e+03; 9.503110e-01
1.337000e+01; 9.810000e+04; 9.479849e-01; -6.710416e+04; 9.777758e-01; 4.032179e+03; 9.520302e-01
1.337500e+01; 9.810000e+04; 9.499288e-01; -6.772271e+04; 9.788419e-01; 3.775099e+03; 9.537610e-01
1.338000e+01; 9.810000e+04; 9.518740e-01; -6.832236e+04; 9.799042e-01; 3.527877e+03; 9.555032e-01
1.338500e+01; 9.810000e+04; 9.538204e-01; -6.890260e+04; 9.809624e-01; 3.290403e+03; 9.572567e-01
1.339000e+01; 9.810000e+04; 9.557679e-01; -6.946291e+04; 9.820158e-01; 3.062573e+03; 9.590215e-01
1.339500e+01; 9.810000e+04; 9.577165e-01; -7.000276e+04; 9.830641e-01; 2.844289e+03; 9.607973e-01
1.340000e+01; 9.810000e+04; 9.596660e-01; -7.052169e+04; 9.841069e-01; 2.635455e+03; 9.625841e-01
1.340500e+01; 9.810000e+04; 9.616164e-01; -7.101916e+04; 9.851438e-01; 2.435972e+03; 9.643818e-01
1.341000e+01; 9.810000e+04; 9.635677e-01; -7.149464e+04; 9.861744e-01; 2.245738e+03; 9.661901e-01
1.341500e+01; 9.810000e+04; 9.655196e-01; -7.194773e+04; 9.871985e-01; 2.064642e+03; 9.680090e-01
1.342000e+01; 9.810000e+04; 9.674723e-01; -7.237795e+04; 9.882159e-01; 1.892561e+03; 9.698380e-01
1.342500e+01; 9.810000e+04; 9.694256e-01; -7.278491e+04; 9.892265e-01; 1.729352e+03; 9.716771e-01
1.343000e+01; 9.810000e+04; 9.713795e-01; -7.316819e+04; 9.902302e-01; 1.574851e+03; 9.735258e-01
1.343500e+01; 9.810000e+04; 9.733340e-01; -7.352745e+04; 9.912271e-01; 1.428870e+03; 9.753837e-01
1.344000e+01; 9.810000e+04; 9.752891e-01; -7.386237e+04; 9.922171e-01; 1.291195e+03; 9.772506e-01
1.344500e+01; 9.810000e+04; 9.772446e-01; -7.417261e+04; 9.932004e-01; 1.161584e+03; 9.791257e-01
1.345000e+01; 9.810000e+04; 9.792007e-01; -7.445793e+04; 9.941771e-01; 1.039775e+03; 9.810087e-01
1.345500e+01; 9.810000e+04; 9.811572e-01; -7.471807e+04; 9.951474e-01; 9.254820e+02; 9.828989e-01
1.346000e+01; 9.810000e+04; 9.831142e-01; -7.495283e+04; 9.961116e-01; 8.184072e+02; 9.847957e-01
1.346500e+01; 9.810000e+04; 9.850717e-01; -7.516199e+04; 9.970698e-01; 7.182449e+02; 9.866984e-01
1.347000e+01; 9.810000e+04; 9.870296e-01; -7.534538e+04; 9.980223e-01; 6.246911e+02; 9.886064e-01
1.347500e+01; 9.810000e+04; 9.889880e-01; -7.550288e+04; 9.989694e-01; 5.374525e+02; 9.905189e-01
1.348000e+01; 9.810000e+04; 9.909468e-01; -7.563433e+04; 9.999114e-01; 4.562559e+02; 9.924353e-01
1.348500e+01; 9.810000e+04; 9.929061e-01; -7.573963e+04; 1.000848e+00; 3.808573e+02; 9.943547e-01
1.349000e+01; 9.810000e+04; 9.948659e-01; -7.581871e+04; 1.001781e+00; 3.110493e+02; 9.962766e-01
1.349500e+01; 9.810000e+04; 9.968262e-01; -7.587149e+04; 1.002709e+00; 2.466682e+02; 9.982003e-01
1.350000e+01; 9.810000e+04; 9.987870e-01; -7.589794e+04; 1.003633e+00; 1.875982e+02; 1.000125e+00
1.350500e+01; 9.810000e+04; 1.000748e+00; -7.589804e+04; 1.004552e+00; 1.337742e+02; 1.002050e+00
1.351000e+01; 9.810000e+04; 1.002710e+00; -7.587180e+04; 1.005469e+00; 8.518250e+01; 1.003976e+00
1.351500e+01; 9.810000e+04; 1.004673e+00; -7.581927e+04; 1.006382e+00; 4.185965e+01; 1.005901e+00
1.352000e+01; 9.810000e+04; 1.006636e+00; -7.574051e+04; 1.007291e+00; 3.889242e+00; 1.007824e+00
1.352500e+01; 9.810000e+04; 1.008600e+00; -7.563560e+04; 1.008198e+00; -2.860218e+01; 1.009746e+00
1.353000e+01; 9.810000e+04; 1.010564e+00; -7.550468e+04; 1.009102e+00; -5.545026e+01; 1.011667e+00
1.353500e+01; 9.810000e+04; 1.012529e+00; -7.534788e+04; 1.010004e+00; -7.645851e+01; 1.013585e+00
1.354000e+01; 9.810000e+04; 1.014495e+00; -7.516537e+04; 1.010904e+00; -9.140392e+01; 1.015500e+00
1.354500e+01; 9.810000e+04; 1.016462e+00; -7.495737e+04; 1.011801e+00; -1.000423e+02; 1.017412e+00
1.355000e+01; 9.810000e+04; 1.018429e+00; -7.472410e+04; 1.012697e+00; -1.021132e+02; 1.019320e+00
1.355500e+01; 9.810000e+04; 1.020398e+00; -7.446581e+04; 1.013591e+00; -9.734340e+01; 1.021225e+00
1.356000e+01; 9.810000e+04; 1.022367e+00; -7.418281e+04; 1.014484e+00; -8.545009e+01; 1.023125e+00
1.356500e+01; 9.810000e+04; 1.024337e+00; -7.387538e+04; 1.015376e+00; -6.614276e+01; 1.025021e+00
1.357000e+01; 9.810000e+04; 1.026308e+00; -7.354386e+04; 1.016268e+00; -3.912412e+01; 1.026911e+00
1.357500e+01; 9.810000e+04; 1.028281e+00; -7.318859e+04; 1.017159e+00; -4.090315e+00; 1.028797e+00
1.358000e+01; 9.810000e+04; 1.030254e+00; -7.280994e+04; 1.018049e+00; 3.926955e+01; 1.030676e+00
1.358500e+01; 9.810000e+04; 1.032229e+00; -7.240831e+04; 1.018940e+00; 9.127420e+01; 1.032549e+00
1.359000e+01; 9.810000e+04; 1.034205e+00; -7.198409e+04; 1.019830e+00; 1.522512e+02; 1.034416e+00
1.359500e+01; 9.810000e+04; 1.036182e+00; -7.153772e+04; 1.020722e+00; 2.225378e+02; 1.036275e+00
1.360000e+01; 9.810000e+04; 1.038160e+00; -7.106962e+04; 1.021614e+00; 3.024815e+02; 1.038126e+00
1.360500e+01; 9.810000e+04; 1.040140e+00; -7.058026e+04; 1.022507e+00; 3.924402e+02; 1.039970e+00
1.361000e+01; 9.810000e+04; 1.042121e+00; -7.007009e+04; 1.023401e+00; 4.927819e+02; 1.041805e+00
1.361500e+01; 9.810000e+04; 1.044103e+00; -6.953960e+04; 1.024297e+00; 6.038832e+02; 1.043630e+00
1.362000e+01; 9.810000e+04; 1.046087e+00; -6.898928e+04; 1.025195e+00; 7.261278e+02; 1.045446e+00
1.362500e+01; 9.810000e+04; 1.048072e+00; -6.841962e+04; 1.026096e+00; 8.599041e+02; 1.047252e+00
1.363000e+01; 9.810000e+04; 1.050059e+00; -6.783114e+04; 1.026998e+00; 1.005602e+03; 1.049048e+00
1.363500e+01; 9.810000e+04; 1.052048e+00; -6.722438e+04; 1.027903e+00; 1.163609e+03; 1.050832e+00
1.364000e+01; 9.810000e+04; 1.054037e+00; -6.659988e+04; 1.028812e+00; 1.334309e+03; 1.052605e+00
1.364500e+01; 9.810000e+04; 1.056028e+00; -6.595818e+04; 1.029724e+00; 1.518074e+03; 1.054365e+00
1.365000e+01; 9.810000e+04; 1.058021e+00; -6.529984e+04; 1.030639e+00; 1.715263e+03; 1.056114e+00
1.365500e+01; 9.810000e+04; 1.060014e+00; -6.462543e+04; 1.031558e+00; 1.926219e+03; 1.057849e+00
1.366000e+01; 9.810000e+04; 1.062009e+00; -6.393552e+04; 1.032481e+00; 2.151263e+03; 1.059571e+00
1.366500e+01; 9.810000e+04; 1.064005e+00; -6.323069e+04; 1.033409e+00; 2.390692e+03; 1.061279e+00
1.367000e+01; 9.810000e+04; 1.066002e+00; -6.251150e+04; 1.034340e+00; 2.644776e+03; 1.062974e+00
1.367500e+01; 9.810000e+04; 1.068000e+00; -6.177854e+04; 1.035277e+00; 2.913756e+03; 1.064654e+00
1.368000e+01; 9.810000e+04; 1.069999e+00; -6.103236e+04; 1.036217e+00; 3.197845e+03; 1.066320e+00
1.368500e+01; 9.810000e+04; 1.071998e+00; -6.027354e+04; 1.037162e+00; 3.497224e+03; 1.067971e+00
1.369000e+01; 9.810000e+04; 1.073997e+00; -5.950258e+04; 1.038112e+00; 3.812042e+03; 1.069607e+00
1.369500e+01; 9.810000e+04; 1.075996e+00; -5.872002e+04; 1.039065e+00; 4.142421e+03; 1.071228e+00
1.370000e+01; 9.810000e+04; 1.077995e+00; -5.792635e+04; 1.040022e+00; 4.488454e+03; 1.072834e+00
1.370500e+01; 9.810000e+04; 1.079994e+00; -5.712206e+04; 1.040983e+00; 4.850204e+03; 1.074425e+00
1.371000e+01; 9.810000e+04; 1.081991e+00; -5.630757e+04; 1.041948e+00; 5.227711e+03; 1.076001e+00
1.371500e+01; 9.810000e+04; 1.083988e+00; -5.548331e+04; 1.042915e+00; 5.620993e+03; 1.077561e+00
1.372000e+01; 9.810000e+04; 1.085982e+00; -5.464966e+04; 1.043884e+00; 6.030045e+03; 1.079106e+00
1.372500e+01; 9.810000e+04; 1.087975e+00; -5.380701e+04; 1.044856e+00; 6.454843e+03; 1.080636e+00
1.373000e+01; 9.810000e+04; 1.089966e+00; -5.295567e+04; 1.045829e+00; 6.895346e+03; 1.082151e+00
1.373500e+01; 9.810000e+04; 1.091953e+00; -5.209599e+04; 1.046803e+00; 7.351498e+03; 1.083650e+00
1.374000e+01; 9.810000e+04; 1.093937e+00; -5.122832e+04; 1.047778e+00; 7.823227e+03; 1.085135e+00
1.374500e+01; 9.810000e+04; 1.095917e+00; -5.035286e+04; 1.048753e+00; 8.310451e+03; 1.086604e+00
1.375000e+01; 9.810000e+04; 1.097893e+00; -4.946999e+04; 1.049727e+00; 8.813071e+03; 1.088059e+00
1.375500e+01; 9.810000e+04; 1.099864e+00; -4.857998e+04; 1.050702e+00; 9.330979e+03; 1.089499e+00
1.376000e+01; 9.810000e+04; 1.101830e+00; -4.768312e+04; 1.051675e+00; 9.864057e+03; 1.090925e+00
1.376500e+01; 9.810000e+04; 1.103790e+00; -4.677974e+04; 1.052648e+00; 1.041217e+04; 1.092336e+00
1.377000e+01; 9.810000e+04; 1.105743e+00; -4.587012e+04; 1.053620e+00; 1.097518e+04; 1.093733e+00
1.377500e+01; 9.810000e+04; 1.107689e+00; -4.495458e+04; 1.054590e+00; 1.155293e+04; 1.095116e+00
1.378000e+01; 9.810000e+04; 1.109627e+00; -4.403344e+04; 1.055559e+00; 1.214526e+04; 1.096485e+00
1.378500e+01; 9.810000e+04; 1.111557e+00; -4.310693e+04; 1.056527e+00; 1.275199e+04; 1.097840e+00
1.379000e+01; 9.810000e+04; 1.113478e+00; -4.217546e+04; 1.057494e+00; 1.337292e+04; 1.099182e+00
1.379500e+01; 9.810000e+04; 1.115389e+00; -4.123938e+04; 1.058460e+00; 1.400787e+04; 1.100511e+00
1.380000e+01; 9.810000e+04; 1.117290e+00; -4.029892e+04; 1.059425e+00; 1.465661e+04; 1.101827e+00
1.380500e+01; 9.810000e+04; 1.119180e+00; -3.935437e+04; 1.060390e+00; 1.531893e+04; 1.103131e+00
1.381000e+01; 9.810000e+04; 1.121059e+00; -3.840603e+04; 1.061353e+00; 1.599458e+04; 1.104422e+00
1.381500e+01; 9.809999e+04; 1.122925e+00; -3.745409e+04; 1.062316e+00; 1.668332e+04; 1.105701e+00
1.382000e+01; 9.809999e+04; 1.124779e+00; -3.649885e+04; 1.063279e+00; 1.738489e+04; 1.106968e+00
1.382500e+01; 9.809999e+04; 1.126618e+00; -3.554064e+04; 1.064241e+00; 1.809902e+04; 1.108224e+00
1.383000e+01; 9.809999e+04; 1.128443e+00; -3.457957e+04; 1.065203e+00; 1.882542e+04; 1.109469e+00
1.383500e+01; 9.809999e+04; 1.130253e+00; -3.361583e+04; 1.066164e+00; 1.956380e+04; 1.110703e+00
1.384000e+01; 9.809999e+04; 1.132047e+00; -3.264969e+04; 1.067126e+00; 2.031385e+04; 1.111926e+00
1.384500e+01; 9.809999e+04; 1.133824e+00; -3.168120e+04; 1.068088e+00; 2.107526e+04; 1.113140e+00
1.385000e+01; 9.809999e+04; 1.135584e+00; -3.071060e+04; 1.069049e+00; 2.184770e+04; 1.114344e+00
1.385500e+01; 9.809999e+04; 1.137326e+00; -2.973791e+04; 1.070011e+00; 2.263082e+04; 1.115538e+00
1.386000e+01; 9.809999e+04; 1.139048e+00; -2.876317e+04; 1.070972e+00; 2.342428e+04; 1.116724e+00
1.386500e+01; 9.809999e+04; 1.140750e+00; -2.778670e+04; 1.071933e+00; 2.422773e+04; 1.117901e+00
1.387000e+01; 9.809999e+04; 1.142431e+00; -2.680865e+04; 1.072895e+00; 2.504078e+04; 1.119070e+00
1.387500e+01; 9.809999e+04; 1.144091e+00; -2.582898e+04; 1.073856e+00; 2.586307e+04; 1.120231e+00
1.388000e+01; 9.809999e+04; 1.145728e+00; -2.484773e+04; 1.074818e+00; 2.669420e+04; 1.121384e+00
1.388500e+01; 9.809999e+04; 1.147343e+00; -2.386504e+04; 1.075779e+00; 2.753379e+04; 1.122531e+00
1.389000e+01; 9.809999e+04; 1.148933e+00; -2.288101e+04; 1.076740e+00; 2.838144e+04; 1.123670e+00
1.389500e+01; 9.809999e+04; 1.150498e+00; -2.189570e+04; 1.077702e+00; 2.923675e+04; 1.124804e+00
1.390000e+01; 9.809999e+04; 1.152038e+00; -2.090927e+04; 1.078663e+00; 3.009933e+04; 1.125931e+00
1.390500e+01; 9.809999e+04; 1.153552e+00; -1.992180e+04; 1.079624e+00; 3.096876e+04; 1.127053e+00
1.391000e+01; 9.809999e+04; 1.155039e+00; -1.893325e+04; 1.080585e+00; 3.184468e+04; 1.128169e+00
1.391500e+01; 9.809999e+04; 1.156499e+00; -1.794366e+04; 1.081546e+00; 3.272668e+04; 1.129280e+00
1.392000e+01; 9.809999e+04; 1.157930e+00; -1.695313e+04; 1.082507e+00; 3.361439e+04; 1.130386e+00
1.392500e+01; 9.809999e+04; 1.159334e+00; -1.596175e+04; 1.083468e+00; 3.450744e+04; 1.131488e+00
1.393000e+01; 9.809999e+04; 1.160708e+00; -1.496951e+04; 1.084429e+00; 3.540550e+04; 1.132585e+00
1.393500e+01; 9.809999e+04; 1.162053e+00; -1.397650e+04; 1.085389e+00; 3.630821e+04; 1.133677e+00
1.394000e+01; 9.809999e+04; 1.163369e+00; -1.298273e+04; 1.086350e+00; 3.721527e+04; 1.134765e+00
1.394500e+01; 9.809999e+04; 1.164655e+00; -1.198819e+04; 1.087310e+00; 3.812637e+04; 1.135849e+00
1.395000e+01; 9.809999e+04; 1.165910e+00; -1.099300e+04; 1.088271e+00; 3.904123e+04; 1.136929e+00
1.395500e+01; 9.809999e+04; 1.167136e+00; -9.997141e+03; 1.089231e+00; 3.995957e+04; 1.138004e+00
1.396000e+01; 9.809999e+04; 1.168331e+00; -9.000629e+03; 1.090192e+00; 4.088116e+04; 1.139075e+00
1.396500e+01; 9.809999e+04; 1.169496e+00; -8.003531e+03; 1.091152e+00; 4.180573e+04; 1.140142e+00
1.397000e+01; 9.809999e+04; 1.170630e+00; -7.005817e+03; 1.092112e+00; 4.273307e+04; 1.141203e+00
1.397500e+01; 9.810000e+04; 1.171733e+00; -6.007513e+03; 1.093073e+00; 4.366294e+04; 1.142261e+00
1.398000e+01; 9.810000e+04; 1.172806e+00; -5.008650e+03; 1.094033e+00; 4.459512e+04; 1.143313e+00
1.398500e+01; 9.810000e+04; 1.173849e+00; -4.009214e+03; 1.094993e+00; 4.552937e+04; 1.144359e+00
1.399000e+01; 9.810000e+04; 1.174862e+00; -3.009203e+03; 1.095953e+00; 4.646545e+04; 1.145401e+00
1.399500e+01; 9.810000e+04; 1.175845e+00; -2.008663e+03; 1.096913e+00; 4.740312e+04; 1.146437e+00
1.400000e+01; 9.810000e+04; 1.176797e+00; -1.007576e+03; 1.097874e+00; 4.834210e+04; 1.147467e+00
1.400500e+01; 9.810000e+04; 1.177721e+00; -5.935674e+00; 1.098834e+00; 4.928212e+04; 1.148491e+00
1.401000e+01; 9.810000e+04; 1.178615e+00; 9.962562e+02; 1.099794e+00; 5.022286e+04; 1.149508e+00
1.401500e+01; 9.810000e+04; 1.179479e+00; 1.999006e+03; 1.100755e+00; 5.116400e+04; 1.150519e+00
1.402000e+01; 9.810000e+04; 1.180315e+00; 3.002324e+03; 1.101716e+00; 5.210518e+04; 1.151524e+00
1.402500e+01; 9.810000e+04; 1.181123e+00; 4.006205e+03; 1.102676e+00; 5.304603e+04; 1.152521e+00
1.403000e+01; 9.810000e+04; 1.181902e+00; 5.010680e+03; 1.103637e+00; 5.398614e+04; 1.153511e+00
1.403500e+01; 9.810000e+04; 1.182654e+00; 6.015748e+03; 1.104598e+00; 5.492509e+04; 1.154495e+00
1.404000e+01; 9.810000e+04; 1.183379e+00; 7.021428e+03; 1.105560e+00; 5.586245e+04; 1.155470e+00
1.404500e+01; 9.810000e+04; 1.184077e+00; 8.027730e+03; 1.106521e+00; 5.679775e+04; 1.156438e+00
1.405000e+01; 9.810000e+04; 1.184748e+00; 9.034662e+03; 1.107483e+00; 5.773052e+04; 1.157398e+00
1.405500e+01; 9.810000e+04; 1.185394e+00; 1.004225e+04; 1.108445e+00; 5.866027e+04; 1.158351e+00
1.406000e+01; 9.810000e+04; 1.186014e+00; 1.105051e+04; 1.109407e+00; 5.958652e+04; 1.159295e+00
1.406500e+01; 9.810000e+04; 1.186609e+00; 1.205946e+04; 1.110369e+00; 6.050875e+04; 1.160230e+00
1.407000e+01; 9.810000e+04; 1.187180e+00; 1.306916e+04; 1.111332e+00; 6.142648e+04; 1.161157e+00
1.407500e+01; 9.810000e+04; 1.187728e+00; 1.407963e+04; 1.112295e+00; 6.233918e+04; 1.162076e+00
1.408000e+01; 9.810000e+04; 1.188252e+00; 1.509089e+04; 1.113258e+00; 6.324637e+04; 1.162985e+00
1.408500e+01; 9.810000e+04; 1.188754e+00; 1.610298e+04; 1.114222e+00; 6.414754e+04; 1.163885e+00
1.409000e+01; 9.810000e+04; 1.189234e+00; 1.711591e+04; 1.115186e+00; 6.504219e+04; 1.164775e+00
1.409500e+01; 9.810000e+04; 1.189693e+00; 1.812972e+04; 1.116150e+00; 6.592983e+04; 1.165656e+00
1.410000e+01; 9.810000e+04; 1.190132e+00; 1.914441e+04; 1.117115e+00; 6.680998e+04; 1.166527e+00
1.410500e+01; 9.810000e+04; 1.190550e+00; 2.016003e+04; 1.118079e+00; 6.768216e+04; 1.167387e+00
1.411000e+01; 9.810000e+04; 1.190950e+00; 2.117661e+04; 1.119044e+00; 6.854590e+04; 1.168236e+00
1.411500e+01; 9.810000e+04; 1.191331e+00; 2.219418e+04; 1.120009e+00; 6.940074e+04; 1.169075e+00
1.412000e+01; 9.810000e+04; 1.191695e+00; 2.321279e+04; 1.120975e+00; 7.024623e+04; 1.169902e+00
1.412500e+01; 9.810000e+04; 1.192041e+00; 2.423246e+04; 1.121940e+00; 7.108192e+04; 1.170718e+00
1.413000e+01; 9.810000e+04; 1.192372e+00; 2.525323e+04; 1.122906e+00; 7.190738e+04; 1.171522e+00
1.413500e+01; 9.810000e+04; 1.192686e+00; 2.627512e+04; 1.123871e+00; 7.272220e+04; 1.172313e+00
1.414000e+01; 9.810000e+04; 1.192986e+00; 2.729818e+04; 1.124837e+00; 7.352597e+04; 1.173092e+00
1.414500e+01; 9.810000e+04; 1.193272e+00; 2.832244e+04; 1.125802e+00; 7.431831e+04; 1.173858e+00
1.415000e+01; 9.810000e+04; 1.193544e+00; 2.934794e+04; 1.126767e+00; 7.509884e+04; 1.174611e+00
1.415500e+01; 9.810000e+04; 1.193803e+00; 3.037470e+04; 1.127732e+00; 7.586721e+04; 1.175350e+00
1.416000e+01; 9.810000e+04; 1.194051e+00; 3.140274e+04; 1.128695e+00; 7.662309e+04; 1.176076e+00
1.416500e+01; 9.810000e+04; 1.194286e+00; 3.243210e+04; 1.129659e+00; 7.736616e+04; 1.176787e+00
1.417000e+01; 9.810000e+04; 1.194511e+00; 3.346281e+04; 1.130621e+00; 7.809615e+04; 1.177485e+00
1.417500e+01; 9.810000e+04; 1.194724e+00; 3.449488e+04; 1.131582e+00; 7.881277e+04; 1.178168e+00
1.418000e+01; 9.810000e+04; 1.194928e+00; 3.552834e+04; 1.132542e+00; 7.951579e+04; 1.178836e+00
1.418500e+01; 9.810000e+04; 1.195122e+00; 3.656321e+04; 1.133500e+00; 8.020500e+04; 1.179490e+00
1.419000e+01; 9.810000e+04; 1.195307e+00; 3.759952e+04; 1.134457e+00; 8.088020e+04; 1.180128e+00
1.419500e+01; 9.810000e+04; 1.195483e+00; 3.863728e+04; 1.135412e+00; 8.154122e+04; 1.180752e+00
1.420000e+01; 9.810000e+04; 1.195651e+00; 3.967652e+04; 1.136364e+00; 8.218793e+04; 1.181361e+00
1.420500e+01; 9.810000e+04; 1.195810e+00; 4.071722e+04; 1.137313e+00; 8.282020e+04; 1.181954e+00
1.421000e+01; 9.810000e+04; 1.195961e+00; 4.175942e+04; 1.138260e+00; 8.343794e+04; 1.182532e+00
1.421500e+01; 9.810000e+04; 1.196104e+00; 4.280310e+04; 1.139203e+00; 8.404110e+04; 1.183095e+00
1.422000e+01; 9.810000e+04; 1.196240e+00; 4.384827e+04; 1.140142e+00; 8.462961e+04; 1.183643e+00
1.422500e+01; 9.810000e+04; 1.196368e+00; 4.489493e+04; 1.141077e+00; 8.520346e+04; 1.184175e+00
1.423000e+01; 9.810000e+04; 1.196489e+00; 4.594306e+04; 1.142008e+00; 8.576264e+04; 1.184692e+00
1.423500e+01; 9.810000e+04; 1.196602e+00; 4.699265e+04; 1.142934e+00; 8.630718e+04; 1.185193e+00
1.424000e+01; 9.810000e+04; 1.196708e+00; 4.804368e+04; 1.143855e+00; 8.683711e+04; 1.185680e+00
1.424500e+01; 9.810000e+04; 1.196807e+00; 4.909613e+04; 1.144769e+00; 8.735249e+04; 1.186151e+00
1.425000e+01; 9.810000e+04; 1.196900e+00; 5.014995e+04; 1.145678e+00; 8.785340e+04; 1.186608e+00
1.425500e+01; 9.810000e+04; 1.196985e+00; 5.120510e+04; 1.146580e+00; 8.833993e+04; 1.187050e+00
1.426000e+01; 9.810000e+04; 1.197064e+00; 5.226154e+04; 1.147474e+00; 8.881219e+04; 1.187476e+00
1.426500e+01; 9.810000e+04; 1.197136e+00; 5.331920e+04; 1.148361e+00; 8.927031e+04; 1.187889e+00
1.427000e+01; 9.810000e+04; 1.197202e+00; 5.437802e+04; 1.149240e+00; 8.971443e+04; 1.188287e+00
1.427500e+01; 9.810000e+04; 1.197262e+00; 5.543791e+04; 1.150111e+00; 9.014470e+04; 1.188670e+00
1.428000e+01; 9.810000e+04; 1.197315e+00; 5.649879e+04; 1.150972e+00; 9.056131e+04; 1.189040e+00
1.428500e+01; 9.810000e+04; 1.197363e+00; 5.814370e+04; 1.150972e+00; 9.096442e+04; 1.189395e+00
1.429000e+01; 9.810000e+04; 1.197405e+00; 5.873127e+04; 1.153006e+00; 9.135426e+04; 1.189737e+00
1.429500e+01; 9.810000e+04; 1.197442e+00; 5.978187e+04; 1.153006e+00; 9.173102e+04; 1.190066e+00
1.430000e+01; 9.810000e+04; 1.197474e+00; 6.145121e+04; 1.153706e+00; 9.209494e+04; 1.190381e+00
1.430500e+01; 9.810000e+04; 1.197501e+00; 6.221624e+04; 1.154738e+00; 9.244626e+04; 1.190683e+00
1.431000e+01; 9.810000e+04; 1.197524e+00; 6.320175e+04; 1.155647e+00; 9.278524e+04; 1.190973e+00
1.431500e+01; 9.810000e+04; 1.197542e+00; 6.423404e+04; 1.156364e+00; 9.311213e+04; 1.191250e+00
1.432000e+01; 9.810000e+04; 1.197556e+00; 6.542629e+04; 1.157046e+00; 9.342723e+04; 1.191514e+00
1.432500e+01; 9.810000e+04; 1.197566e+00; 6.647938e+04; 1.157819e+00; 9.373082e+04; 1.191767e+00
1.433000e+01; 9.810000e+04; 1.197573e+00; 6.751096e+04; 1.158615e+00; 9.402321e+04; 1.192008e+00
1.433500e+01; 9.810000e+04; 1.197577e+00; 6.852625e+04; 1.159366e+00; 9.430471e+04; 1.192238e+00
1.434000e+01; 9.810000e+04; 1.197577e+00; 6.960193e+04; 1.160064e+00; 9.457565e+04; 1.192457e+00
1.434500e+01; 9.810000e+04; 1.197574e+00; 7.066528e+04; 1.160755e+00; 9.483637e+04; 1.192664e+00
1.435000e+01; 9.810000e+04; 1.197569e+00; 7.171984e+04; 1.161450e+00; 9.508720e+04; 1.192862e+00
1.435500e+01; 9.810000e+04; 1.197562e+00; 7.275314e+04; 1.162134e+00; 9.532851e+04; 1.193049e+00
1.436000e+01; 9.810000e+04; 1.197552e+00; 7.379748e+04; 1.162790e+00; 9.556065e+04; 1.193226e+00
1.436500e+01; 9.810000e+04; 1.197540e+00; 7.484177e+04; 1.163424e+00; 9.578400e+04; 1.193394e+00
1.437000e+01; 9.810000e+04; 1.197526e+00; 7.588610e+04; 1.164043e+00; 9.599893e+04; 1.193552e+00
1.437500e+01; 9.810000e+04; 1.197510e+00; 7.691969e+04; 1.164649e+00; 9.620582e+04; 1.193701e+00
1.438000e+01; 9.810000e+04; 1.197492e+00; 7.795088e+04; 1.165236e+00; 9.640506e+04; 1.193842e+00
1.438500e+01; 9.810000e+04; 1.197472e+00; 7.897861e+04; 1.165802e+00; 9.659703e+04; 1.193974e+00
1.439000e+01; 9.810000e+04; 1.197451e+00; 8.000499e+04; 1.166347e+00; 9.678213e+04; 1.194098e+00
1.439500e+01; 9.810000e+04; 1.197429e+00; 8.102548e+04; 1.166873e+00; 9.696073e+04; 1.194213e+00
1.440000e+01; 9.810000e+04; 1.197405e+00; 8.204134e+04; 1.167380e+00; 9.713323e+04; 1.194322e+00
1.440500e+01; 9.810000e+04; 1.197380e+00; 8.305197e+04; 1.167867e+00; 9.730001e+04; 1.194422e+00
1.441000e+01; 9.810000e+04; 1.197354e+00; 8.405876e+04; 1.168331e+00; 9.746144e+04; 1.194516e+00
1.441500e+01; 9.810000e+04; 1.197327e+00; 8.506040e+04; 1.168774e+00; 9.761791e+04; 1.194602e+00
1.442000e+01; 9.810000e+04; 1.197298e+00; 8.605702e+04; 1.169196e+00; 9.776977e+04; 1.194681e+00
1.442500e+01; 9.810000e+04; 1.197268e+00; 8.704807e+04; 1.169596e+00; 9.791740e+04; 1.194754e+00
1.443000e+01; 9.810000e+04; 1.197238e+00; 8.803409e+04; 1.169973e+00; 9.806113e+04; 1.194820e+00
1.443500e+01; 9.810000e+04; 1.197206e+00; 8.901479e+04; 1.170327e+00; 9.820133e+04; 1.194879e+00
1.444000e+01; 9.810000e+04; 1.197174e+00; 8.999028e+04; 1.170658e+00; 9.833832e+04; 1.194932e+00
1.444500e+01; 9.810000e+04; 1.197141e+00; 9.096031e+04; 1.170966e+00; 9.847245e+04; 1.194978e+00
1.445000e+01; 9.810000e+04; 1.197107e+00; 9.192509e+04; 1.171250e+00; 9.860404e+04; 1.195017e+00
1.445500e+01; 9.810000e+04; 1.197072e+00; 9.288462e+04; 1.171511e+00; 9.873346e+04; 1.195050e+00
1.446000e+01; 9.810000e+04; 1.197036e+00; 9.383905e+04; 1.171747e+00; 9.886106e+04; 1.195077e+00
1.446500e+01; 9.810000e+04; 1.197000e+00; 9.478841e+04; 1.171958e+00; 9.898725e+04; 1.195096e+00
1.447000e+01; 9.810000e+04; 1.196963e+00; 9.573284e+04; 1.172146e+00; 9.911246e+04; 1.195108e+00
1.447500e+01; 9.810000e+04; 1.196925e+00; 9.667247e+04; 1.172308e+00; 9.923721e+04; 1.195113e+00
1.448000e+01; 9.810000e+04; 1.196887e+00; 9.760750e+04; 1.172446e+00; 9.936210e+04; 1.195110e+00
1.448500e+01; 9.810000e+04; 1.196848e+00; 9.853806e+04; 1.172558e+00; 9.948778e+04; 1.195099e+00
1.449000e+01; 9.810000e+04; 1.196809e+00; 9.946436e+04; 1.172646e+00; 9.961500e+04; 1.195079e+00
1.449500e+01; 9.810000e+04; 1.196769e+00; 1.003866e+05; 1.172708e+00; 9.974454e+04; 1.195049e+00
1.450000e+01; 9.810000e+04; 1.196728e+00; 1.013049e+05; 1.172745e+00; 9.987717e+04; 1.195009e+00
1.450500e+01; 9.810000e+04; 1.196687e+00; 1.022197e+05; 1.172757e+00; 1.000136e+05; 1.194958e+00
1.451000e+01; 9.810000e+04; 1.196645e+00; 1.031310e+05; 1.172744e+00; 1.001543e+05; 1.194897e+00
1.451500e+01; 9.810000e+04; 1.196603e+00; 1.040391e+05; 1.172706e+00; 1.002996e+05; 1.194824e+00
1.452000e+01; 9.810000e+04; 1.196561e+00; 1.049444e+05; 1.172642e+00; 1.004495e+05; 1.194741e+00
1.452500e+01; 9.810000e+04; 1.196517e+00; 1.058469e+05; 1.172553e+00; 1.006037e+05; 1.194648e+00
1.453000e+01; 9.810000e+04; 1.196474e+00; 1.067469e+05; 1.172440e+00; 1.007616e+05; 1.194545e+00
1.453500e+01; 9.810000e+04; 1.196430e+00; 1.076448e+05; 1.172301e+00; 1.009224e+05; 1.194434e+00
1.454000e+01; 9.810000e+04; 1.196385e+00; 1.085407e+05; 1.172138e+00; 1.010854e+05; 1.194315e+00
1.454500e+01; 9.810000e+04; 1.196340e+00; 1.094350e+05; 1.171950e+00; 1.012495e+05; 1.194190e+00
1.455000e+01; 9.810000e+04; 1.196294e+00; 1.103278e+05; 1.171738e+00; 1.014142e+05; 1.194060e+00
1.455500e+01; 9.810000e+04; 1.196248e+00; 1.112194e+05; 1.171502e+00; 1.015789e+05; 1.193925e+00
1.456000e+01; 9.810000e+04; 1.196202e+00; 1.121101e+05; 1.171242e+00; 1.017435e+05; 1.193786e+00
1.456500e+01; 9.810000e+04; 1.196154e+00; 1.130002e+05; 1.170958e+00; 1.019079e+05; 1.193643e+00
1.457000e+01; 9.810000e+04; 1.196107e+00; 1.138898e+05; 1.170651e+00; 1.020727e+05; 1.193495e+00
1.457500e+01; 9.810000e+04; 1.196058e+00; 1.147793e+05; 1.170321e+00; 1.022383e+05; 1.193342e+00
1.458000e+01; 9.810000e+04; 1.196009e+00; 1.156688e+05; 1.169968e+00; 1.024054e+05; 1.193184e+00
1.458500e+01; 9.810000e+04; 1.195960e+00; 1.165587e+05; 1.169593e+00; 1.025747e+05; 1.193020e+00
1.459000e+01; 9.810000e+04; 1.195910e+00; 1.174492e+05; 1.169196e+00; 1.027471e+05; 1.192849e+00
1.459500e+01; 9.810000e+04; 1.195859e+00; 1.183405e+05; 1.168777e+00; 1.029231e+05; 1.192672e+00
1.460000e+01; 9.810000e+04; 1.195807e+00; 1.192329e+05; 1.168337e+00; 1.031033e+05; 1.192488e+00
1.460500e+01; 9.810000e+04; 1.195754e+00; 1.201265e+05; 1.167876e+00; 1.032884e+05; 1.192296e+00
1.461000e+01; 9.810000e+04; 1.195700e+00; 1.210217e+05; 1.167394e+00; 1.034786e+05; 1.192096e+00
1.461500e+01; 9.810000e+04; 1.195646e+00; 1.219186e+05; 1.166893e+00; 1.036745e+05; 1.191888e+00
1.462000e+01; 9.810000e+04; 1.195590e+00; 1.228175e+05; 1.166372e+00; 1.038763e+05; 1.191672e+00
1.462500e+01; 9.810000e+04; 1.195533e+00; 1.237184e+05; 1.165832e+00; 1.040843e+05; 1.191448e+00
1.463000e+01; 9.810000e+04; 1.195475e+00; 1.246217e+05; 1.165273e+00; 1.042987e+05; 1.191216e+00
1.463500e+01; 9.810000e+04; 1.195415e+00; 1.255274e+05; 1.164696e+00; 1.045197e+05; 1.190975e+00
1.464000e+01; 9.810000e+04; 1.195354e+00; 1.264358e+05; 1.164101e+00; 1.047474e+05; 1.190726e+00
1.464500e+01; 9.810000e+04; 1.195291e+00; 1.273469e+05; 1.163489e+00; 1.049822e+05; 1.190468e+00
1.465000e+01; 9.810000e+04; 1.195226e+00; 1.282608e+05; 1.162860e+00; 1.052241e+05; 1.190201e+00
1.465500e+01; 9.810000e+04; 1.195159e+00; 1.291777e+05; 1.162214e+00; 1.054732e+05; 1.189926e+00
1.466000e+01; 9.810000e+04; 1.195090e+00; 1.300976e+05; 1.161553e+00; 1.057299e+05; 1.189642e+00
1.466500e+01; 9.810000e+04; 1.195019e+00; 1.310206e+05; 1.160877e+00; 1.059941e+05; 1.189349e+00
1.467000e+01; 9.810000e+04; 1.194944e+00; 1.319467e+05; 1.160185e+00; 1.062661e+05; 1.189047e+00
1.467500e+01; 9.810000e+04; 1.194867e+00; 1.328759e+05; 1.159480e+00; 1.065460e+05; 1.188736e+00
1.468000e+01; 9.810000e+04; 1.194787e+00; 1.338081e+05; 1.158760e+00; 1.068340e+05; 1.188416e+00
1.468500e+01; 9.810000e+04; 1.194703e+00; 1.347433e+05; 1.158027e+00; 1.071303e+05; 1.188087e+00
1.469000e+01; 9.810000e+04; 1.194615e+00; 1.356815e+05; 1.157281e+00; 1.074350e+05; 1.187748e+00
1.469500e+01; 9.810000e+04; 1.194522e+00; 1.366225e+05; 1.156523e+00; 1.077482e+05; 1.187400e+00
1.470000e+01; 9.810000e+04; 1.194425e+00; 1.375663e+05; 1.155752e+00; 1.080702e+05; 1.187042e+00
1.470500e+01; 9.810000e+04; 1.194323e+00; 1.385127e+05; 1.154970e+00; 1.084011e+05; 1.186675e+00
1.471000e+01; 9.810000e+04; 1.194214e+00; 1.394616e+05; 1.154177e+00; 1.087411e+05; 1.186297e+00
1.471500e+01; 9.809999e+04; 1.194099e+00; 1.404127e+05; 1.153373e+00; 1.090903e+05; 1.185910e+00
1.472000e+01; 9.809999e+04; 1.193976e+00; 1.413661e+05; 1.152559e+00; 1.094489e+05; 1.185512e+00
1.472500e+01; 9.809999e+04; 1.193846e+00; 1.423213e+05; 1.151735e+00; 1.098171e+05; 1.185104e+00
1.473000e+01; 9.809999e+04; 1.193707e+00; 1.432783e+05; 1.150902e+00; 1.101950e+05; 1.184686e+00
1.473500e+01; 9.809999e+04; 1.193558e+00; 1.442369e+05; 1.150059e+00; 1.105827e+05; 1.184257e+00
1.474000e+01; 9.809999e+04; 1.193400e+00; 1.451969e+05; 1.149209e+00; 1.109805e+05; 1.183817e+00
1.474500e+01; 9.809999e+04; 1.193230e+00; 1.461581e+05; 1.148349e+00; 1.113884e+05; 1.183367e+00
1.475000e+01; 9.810000e+04; 1.193050e+00; 1.471203e+05; 1.147482e+00; 1.118066e+05; 1.182906e+00
1.475500e+01; 9.810000e+04; 1.192858e+00; 1.480834e+05; 1.146608e+00; 1.122352e+05; 1.182433e+00
1.476000e+01; 9.810000e+04; 1.192654e+00; 1.490472e+05; 1.145726e+00; 1.126743e+05; 1.181950e+00
1.476500e+01; 9.810000e+04; 1.192439e+00; 1.500115e+05; 1.144837e+00; 1.131240e+05; 1.181456e+00
1.477000e+01; 9.810000e+04; 1.192213e+00; 1.509761e+05; 1.143942e+00; 1.135845e+05; 1.180950e+00
1.477500e+01; 9.810000e+04; 1.191975e+00; 1.519410e+05; 1.143041e+00; 1.140558e+05; 1.180433e+00
1.478000e+01; 9.810000e+04; 1.191727e+00; 1.529061e+05; 1.142134e+00; 1.145379e+05; 1.179904e+00
1.478500e+01; 9.810000e+04; 1.191468e+00; 1.538712e+05; 1.141222e+00; 1.150310e+05; 1.179364e+00
1.479000e+01; 9.810000e+04; 1.191200e+00; 1.548363e+05; 1.140304e+00; 1.155351e+05; 1.178813e+00
1.479500e+01; 9.810000e+04; 1.190922e+00; 1.558013e+05; 1.139381e+00; 1.160503e+05; 1.178250e+00
1.480000e+01; 9.810000e+04; 1.190636e+00; 1.567661e+05; 1.138453e+00; 1.165765e+05; 1.177675e+00
1.480500e+01; 9.810000e+04; 1.190342e+00; 1.577308e+05; 1.137521e+00; 1.171138e+05; 1.177088e+00
1.481000e+01; 9.810000e+04; 1.190040e+00; 1.586952e+05; 1.136584e+00; 1.176622e+05; 1.176490e+00
1.481500e+01; 9.810000e+04; 1.189730e+00; 1.596594e+05; 1.135644e+00; 1.182217e+05; 1.175881e+00
1.482000e+01; 9.810000e+04; 1.189411e+00; 1.606233e+05; 1.134699e+00; 1.187922e+05; 1.175259e+00
1.482500e+01; 9.810000e+04; 1.189085e+00; 1.615869e+05; 1.133751e+00; 1.193738e+05; 1.174626e+00
1.483000e+01; 9.810000e+04; 1.188750e+00; 1.625503e+05; 1.132800e+00; 1.199663e+05; 1.173981e+00
1.483500e+01; 9.810000e+04; 1.188406e+00; 1.635134e+05; 1.131845e+00; 1.205698e+05; 1.173325e+00
1.484000e+01; 9.809999e+04; 1.188052e+00; 1.644762e+05; 1.130887e+00; 1.211841e+05; 1.172657e+00
1.484500e+01; 9.809999e+04; 1.187689e+00; 1.654389e+05; 1.129927e+00; 1.218091e+05; 1.171978e+00
1.485000e+01; 9.809999e+04; 1.187314e+00; 1.664013e+05; 1.128964e+00; 1.224448e+05; 1.171287e+00
1.485500e+01; 9.809999e+04; 1.186928e+00; 1.673635e+05; 1.127998e+00; 1.230910e+05; 1.170584e+00
1.486000e+01; 9.809999e+04; 1.186530e+00; 1.683255e+05; 1.127030e+00; 1.237476e+05; 1.169870e+00
1.486500e+01; 9.809999e+04; 1.186119e+00; 1.692874e+05; 1.126059e+00; 1.244145e+05; 1.169145e+00
1.487000e+01; 9.809999e+04; 1.185695e+00; 1.702491e+05; 1.125087e+00; 1.250915e+05; 1.168408e+00
1.487500e+01; 9.809999e+04; 1.185257e+00; 1.712107e+05; 1.124112e+00; 1.257783e+05; 1.167661e+00
1.488000e+01; 9.809999e+04; 1.184805e+00; 1.721722e+05; 1.123136e+00; 1.264749e+05; 1.166902e+00
1.488500e+01; 9.810000e+04; 1.184338e+00; 1.731336e+05; 1.122158e+00; 1.271809e+05; 1.166132e+00
1.489000e+01; 9.810000e+04; 1.183856e+00; 1.740948e+05; 1.121178e+00; 1.278962e+05; 1.165351e+00
1.489500e+01; 9.810000e+04; 1.183360e+00; 1.750560e+05; 1.120196e+00; 1.286205e+05; 1.164559e+00
1.490000e+01; 9.810000e+04; 1.182847e+00; 1.760172e+05; 1.119214e+00; 1.293535e+05; 1.163757e+00
1.490500e+01; 9.810000e+04; 1.182318e+00; 1.769782e+05; 1.118229e+00; 1.300950e+05; 1.162944e+00
1.491000e+01; 9.810000e+04; 1.181774e+00; 1.779392e+05; 1.117244e+00; 1.308446e+05; 1.162120e+00
1.491500e+01; 9.810000e+04; 1.181212e+00; 1.789001e+05; 1.116257e+00; 1.316019e+05; 1.161286e+00
1.492000e+01; 9.810000e+04; 1.180634e+00; 1.798610e+05; 1.115269e+00; 1.323667e+05; 1.160441e+00
1.492500e+01; 9.810000e+04; 1.180039e+00; 1.808218e+05; 1.114280e+00; 1.331386e+05; 1.159587e+00
1.493000e+01; 9.810000e+04; 1.179427e+00; 1.817826e+05; 1.113290e+00; 1.339170e+05; 1.158721e+00
1.493500e+01; 9.810000e+04; 1.178797e+00; 1.827433e+05; 1.112299e+00; 1.347017e+05; 1.157846e+00
1.494000e+01; 9.810000e+04; 1.178149e+00; 1.837040e+05; 1.111307e+00; 1.354921e+05; 1.156961e+00
1.494500e+01; 9.810000e+04; 1.177483e+00; 1.846647e+05; 1.110314e+00; 1.362877e+05; 1.156065e+00
1.495000e+01; 9.810000e+04; 1.176798e+00; 1.856254e+05; 1.109320e+00; 1.370881e+05; 1.155160e+00
1.495500e+01; 9.810000e+04; 1.176095e+00; 1.865860e+05; 1.108326e+00; 1.378928e+05; 1.154244e+00
1.496000e+01; 9.810000e+04; 1.175373e+00; 1.875466e+05; 1.107331e+00; 1.387012e+05; 1.153319e+00
1.496500e+01; 9.810000e+04; 1.174631e+00; 1.885072e+05; 1.106334e+00; 1.395127e+05; 1.152384e+00
1.497000e+01; 9.809999e+04; 1.173870e+00; 1.894677e+05; 1.105338e+00; 1.403269e+05; 1.151439e+00
1.497500e+01; 9.809999e+04; 1.173090e+00; 1.904283e+05; 1.104340e+00; 1.411432e+05; 1.150484e+00
1.498000e+01; 9.809999e+04; 1.172289e+00; 1.913889e+05; 1.103342e+00; 1.419611e+05; 1.149519e+00
1.498500e+01; 9.809999e+04; 1.171468e+00; 1.923495e+05; 1.102343e+00; 1.427800e+05; 1.148544e+00
1.499000e+01; 9.809999e+04; 1.170626e+00; 1.933102e+05; 1.101343e+00; 1.435994e+05; 1.147560e+00
1.499500e+01; 9.809999e+04; 1.169763e+00; 1.942709e+05; 1.100343e+00; 1.444190e+05; 1.146566e+00
1.500000e+01; 9.810000e+04; 1.168880e+00; 1.952316e+05; 1.099342e+00; 1.452383e+05; 1.145563e+00
1.500500e+01; 9.810000e+04; 1.167975e+00; 1.961924e+05; 1.098340e+00; 1.460570e+05; 1.144550e+00
1.501000e+01; 9.810000e+04; 1.167049e+00; 1.971533e+05; 1.097338e+00; 1.468746e+05; 1.143528e+00
1.501500e+01; 9.810000e+04; 1.166101e+00; 1.981143e+05; 1.096335e+00; 1.476911e+05; 1.142498e+00
1.502000e+01; 9.810000e+04; 1.165131e+00; 1.990753e+05; 1.095332e+00; 1.485060e+05; 1.141458e+00
1.502500e+01; 9.810000e+04; 1.164140e+00; 2.000365e+05; 1.094327e+00; 1.493192e+05; 1.140410e+00
1.503000e+01; 9.810000e+04; 1.163126e+00; 2.009977e+05; 1.093323e+00; 1.501306e+05; 1.139354e+00
1.503500e+01; 9.810000e+04; 1.162090e+00; 2.019590e+05; 1.092317e+00; 1.509401e+05; 1.138290e+00
1.504000e+01; 9.810000e+04; 1.161032e+00; 2.029205e+05; 1.091311e+00; 1.517475e+05; 1.137219e+00
1.504500e+01; 9.810000e+04; 1.159952e+00; 2.038821e+05; 1.090304e+00; 1.525528e+05; 1.136140e+00
1.505000e+01; 9.810000e+04; 1.158849e+00; 2.048438e+05; 1.089296e+00; 1.533559e+05; 1.135054e+00
1.505500e+01; 9.810000e+04; 1.157723e+00; 2.058056e+05; 1.088288e+00; 1.541566e+05; 1.133960e+00
1.506000e+01; 9.810000e+04; 1.156575e+00; 2.067676e+05; 1.087279e+00; 1.549549e+05; 1.132861e+00
1.506500e+01; 9.810000e+04; 1.155405e+00; 2.077297e+05; 1.086269e+00; 1.557506e+05; 1.131754e+00
1.507000e+01; 9.810000e+04; 1.154212e+00; 2.086919e+05; 1.085258e+00; 1.565436e+05; 1.130641e+00
1.507500e+01; 9.810000e+04; 1.152997e+00; 2.096541e+05; 1.084247e+00; 1.573337e+05; 1.129522e+00
1.508000e+01; 9.810000e+04; 1.151759e+00; 2.106165e+05; 1.083234e+00; 1.581207e+05; 1.128396e+00
1.508500e+01; 9.810000e+04; 1.150499e+00; 2.115789e+05; 1.082221e+00; 1.589043e+05; 1.127263e+00
1.509000e+01; 9.810000e+04; 1.149217e+00; 2.125414e+05; 1.081207e+00; 1.596843e+05; 1.126124e+00
1.509500e+01; 9.810000e+04; 1.147913e+00; 2.135038e+05; 1.080192e+00; 1.604605e+05; 1.124978e+00
1.510000e+01; 9.810000e+04; 1.146587e+00; 2.144662e+05; 1.079176e+00; 1.612325e+05; 1.123825e+00
1.510500e+01; 9.810000e+04; 1.145239e+00; 2.154285e+05; 1.078159e+00; 1.620000e+05; 1.122665e+00
1.511000e+01; 9.810000e+04; 1.143870e+00; 2.163906e+05; 1.077141e+00; 1.627627e+05; 1.121498e+00
1.511500e+01; 9.810000e+04; 1.142480e+00; 2.173526e+05; 1.076122e+00; 1.635204e+05; 1.120324e+00
1.512000e+01; 9.810000e+04; 1.141068e+00; 2.183142e+05; 1.075102e+00; 1.642728e+05; 1.119142e+00
1.512500e+01; 9.810000e+04; 1.139636e+00; 2.192755e+05; 1.074081e+00; 1.650194e+05; 1.117953e+00
1.513000e+01; 9.810000e+04; 1.138183e+00; 2.202363e+05; 1.073059e+00; 1.657602e+05; 1.116755e+00
1.513500e+01; 9.810000e+04; 1.136710e+00; 2.211965e+05; 1.072035e+00; 1.664947e+05; 1.115550e+00
1.514000e+01; 9.810000e+04; 1.135217e+00; 2.221560e+05; 1.071010e+00; 1.672228e+05; 1.114336e+00
1.514500e+01; 9.810000e+04; 1.133704e+00; 2.231147e+05; 1.069984e+00; 1.679442e+05; 1.113115e+00
1.515000e+01; 9.810000e+04; 1.132173e+00; 2.240724e+05; 1.068957e+00; 1.686586e+05; 1.111884e+00
1.515500e+01; 9.810000e+04; 1.130622e+00; 2.250289e+05; 1.067928e+00; 1.693660e+05; 1.110646e+00
1.516000e+01; 9.810000e+04; 1.129053e+00; 2.259841e+05; 1.066898e+00; 1.700660e+05; 1.109398e+00
1.516500e+01; 9.810000e+04; 1.127466e+00; 2.269378e+05; 1.065866e+00; 1.707584e+05; 1.108142e+00
1.517000e+01; 9.810000e+04; 1.125862e+00; 2.278898e+05; 1.064832e+00; 1.714431e+05; 1.106876e+00
1.517500e+01; 9.810000e+04; 1.124240e+00; 2.288399e+05; 1.063797e+00; 1.721200e+05; 1.105602e+00
1.518000e+01; 9.810000e+04; 1.122602e+00; 2.297878e+05; 1.062760e+00; 1.727887e+05; 1.104318e+00
1.518500e+01; 9.810000e+04; 1.120948e+00; 2.307333e+05; 1.061721e+00; 1.734492e+05; 1.103026e+00
1.519000e+01; 9.810000e+04; 1.119278e+00; 2.316761e+05; 1.060680e+00; 1.741012e+05; 1.101723e+00
1.519500e+01; 9.810000e+04; 1.117593e+00; 2.326160e+05; 1.059637e+00; 1.747447e+05; 1.100412e+00
1.520000e+01; 9.810000e+04; 1.115894e+00; 2.335527e+05; 1.058591e+00; 1.753795e+05; 1.099090e+00
1.520500e+01; 9.810000e+04; 1.114180e+00; 2.344860e+05; 1.057543e+00; 1.760054e+05; 1.097759e+00
1.521000e+01; 9.810000e+04; 1.112453e+00; 2.354155e+05; 1.056492e+00; 1.766222e+05; 1.096418e+00
1.521500e+01; 9.810000e+04; 1.110713e+00; 2.368771e+05; 1.054656e+00; 1.772299e+05; 1.095067e+00
1.522000e+01; 9.810000e+04; 1.108961e+00; 2.373892e+05; 1.054656e+00; 1.778283e+05; 1.093705e+00
1.522500e+01; 9.810000e+04; 1.107197e+00; 2.384843e+05; 1.052579e+00; 1.784172e+05; 1.092334e+00
1.523000e+01; 9.810000e+04; 1.105421e+00; 2.398214e+05; 1.051740e+00; 1.789965e+05; 1.090952e+00
1.523500e+01; 9.810000e+04; 1.103635e+00; 2.404064e+05; 1.050712e+00; 1.795661e+05; 1.089560e+00
1.524000e+01; 9.810000e+04; 1.101838e+00; 2.414409e+05; 1.049623e+00; 1.801259e+05; 1.088157e+00
1.524500e+01; 9.810000e+04; 1.100031e+00; 2.422883e+05; 1.048523e+00; 1.806758e+05; 1.086743e+00
1.525000e+01; 9.810000e+04; 1.098215e+00; 2.432392e+05; 1.047445e+00; 1.812156e+05; 1.085318e+00
1.525500e+01; 9.810000e+04; 1.096391e+00; 2.440891e+05; 1.046363e+00; 1.817453e+05; 1.083883e+00
1.526000e+01; 9.810000e+04; 1.094558e+00; 2.449901e+05; 1.045286e+00; 1.822647e+05; 1.082437e+00
1.526500e+01; 9.810000e+04; 1.092717e+00; 2.458405e+05; 1.044201e+00; 1.827738e+05; 1.080979e+00
1.527000e+01; 9.810000e+04; 1.090868e+00; 2.467157e+05; 1.043118e+00; 1.832725e+05; 1.079510e+00
1.527500e+01; 9.810000e+04; 1.089013e+00; 2.475582e+05; 1.042031e+00; 1.837607e+05; 1.078030e+00
1.528000e+01; 9.810000e+04; 1.087151e+00; 2.484098e+05; 1.040946e+00; 1.842384e+05; 1.076539e+00
1.528500e+01; 9.810000e+04; 1.085283e+00; 2.492384e+05; 1.039859e+00; 1.847056e+05; 1.075037e+00
1.529000e+01; 9.810000e+04; 1.083409e+00; 2.500676e+05; 1.038773e+00; 1.851621e+05; 1.073522e+00
1.529500e+01; 9.810000e+04; 1.081530e+00; 2.508784e+05; 1.037687e+00; 1.856079e+05; 1.071997e+00
1.530000e+01; 9.810000e+04; 1.079645e+00; 2.516842e+05; 1.036603e+00; 1.860431e+05; 1.070460e+00
1.530500e+01; 9.810000e+04; 1.077756e+00; 2.524739e+05; 1.035521e+00; 1.864676e+05; 1.068911e+00
1.531000e+01; 9.810000e+04; 1.075862e+00; 2.532550e+05; 1.034442e+00; 1.868814e+05; 1.067351e+00
1.531500e+01; 9.810000e+04; 1.073964e+00; 2.540208e+05; 1.033365e+00; 1.872845e+05; 1.065779e+00
1.532000e+01; 9.810000e+04; 1.072061e+00; 2.547755e+05; 1.032291e+00; 1.876769e+05; 1.064196e+00
1.532500e+01; 9.810000e+04; 1.070155e+00; 2.555148e+05; 1.031222e+00; 1.880587e+05; 1.062602e+00
1.533000e+01; 9.810000e+04; 1.068246e+00; 2.562412e+05; 1.030156e+00; 1.884299e+05; 1.060995e+00
1.533500e+01; 9.810000e+04; 1.066333e+00; 2.569519e+05; 1.029095e+00; 1.887905e+05; 1.059378e+00
1.534000e+01; 9.810000e+04; 1.064417e+00; 2.576482e+05; 1.028038e+00; 1.891405e+05; 1.057749e+00
1.534500e+01; 9.810000e+04; 1.062498e+00; 2.583282e+05; 1.026986e+00; 1.894801e+05; 1.056108e+00
1.535000e+01; 9.810000e+04; 1.060576e+00; 2.589927e+05; 1.025938e+00; 1.898093e+05; 1.054457e+00
1.535500e+01; 9.810000e+04; 1.058652e+00; 2.596404e+05; 1.024895e+00; 1.901281e+05; 1.052794e+00
1.536000e+01; 9.810000e+04; 1.056725e+00; 2.602715e+05; 1.023857e+00; 1.904367e+05; 1.051121e+00
1.536500e+01; 9.810000e+04; 1.054796e+00; 2.608851e+05; 1.022824e+00; 1.907351e+05; 1.049436e+00
1.537000e+01; 9.810000e+04; 1.052865e+00; 2.614812e+05; 1.021796e+00; 1.910235e+05; 1.047741e+00
1.537500e+01; 9.810000e+04; 1.050932e+00; 2.620592e+05; 1.020772e+00; 1.913019e+05; 1.046036e+00
1.538000e+01; 9.810000e+04; 1.048997e+00; 2.626189e+05; 1.019753e+00; 1.915704e+05; 1.044319e+00
1.538500e+01; 9.810000e+04; 1.047059e+00; 2.631598e+05; 1.018739e+00; 1.918293e+05; 1.042593e+00
1.539000e+01; 9.810000e+04; 1.045121e+00; 2.636816e+05; 1.017729e+00; 1.920787e+05; 1.040856e+00
1.539500e+01; 9.810000e+04; 1.043180e+00; 2.641839e+05; 1.016725e+00; 1.923189e+05; 1.039109e+00
1.540000e+01; 9.810000e+04; 1.041238e+00; 2.646663e+05; 1.015724e+00; 1.925502e+05; 1.037352e+00
1.540500e+01; 9.810000e+04; 1.039295e+00; 2.651285e+05; 1.014729e+00; 1.927729e+05; 1.035585e+00
1.541000e+01; 9.810000e+04; 1.037350e+00; 2.655702e+05; 1.013738e+00; 1.929876e+05; 1.033808e+00
1.541500e+01; 9.810000e+04; 1.035404e+00; 2.659909e+05; 1.012752e+00; 1.931948e+05; 1.032020e+00
1.542000e+01; 9.810000e+04; 1.033457e+00; 2.663903e+05; 1.011771e+00; 1.933954e+05; 1.030222e+00
1.542500e+01; 9.810000e+04; 1.031508e+00; 2.667682e+05; 1.010794e+00; 1.935901e+05; 1.028412e+00
1.543000e+01; 9.810000e+04; 1.029558e+00; 2.671241e+05; 1.009823e+00; 1.937797e+05; 1.026591e+00
1.543500e+01; 9.810000e+04; 1.027608e+00; 2.674579e+05; 1.008856e+00; 1.939651e+05; 1.024757e+00
1.544000e+01; 9.810000e+04; 1.025656e+00; 2.677691e+05; 1.007893e+00; 1.941468e+05; 1.022912e+00
1.544500e+01; 9.810000e+04; 1.023703e+00; 2.680576e+05; 1.006936e+00; 1.943252e+05; 1.021056e+00
1.545000e+01; 9.810000e+04; 1.021750e+00; 2.683232e+05; 1.005983e+00; 1.945004e+05; 1.019188e+00
1.545500e+01; 9.810000e+04; 1.019795e+00; 2.685655e+05; 1.005034e+00; 1.946720e+05; 1.017310e+00
1.546000e+01; 9.810000e+04; 1.017840e+00; 2.687844e+05; 1.004091e+00; 1.948395e+05; 1.015423e+00
1.546500e+01; 9.810000e+04; 1.015883e+00; 2.689797e+05; 1.003151e+00; 1.950016e+05; 1.013528e+00
1.547000e+01; 9.810000e+04; 1.013926e+00; 2.691512e+05; 1.002217e+00; 1.951574e+05; 1.011628e+00
1.547500e+01; 9.810000e+04; 1.011968e+00; 2.692988e+05; 1.001286e+00; 1.953054e+05; 1.009724e+00
1.548000e+01; 9.810000e+04; 1.010009e+00; 2.694224e+05; 1.000359e+00; 1.954445e+05; 1.007818e+00
1.548500e+01; 9.810000e+04; 1.008050e+00; 2.695219e+05; 9.994370e-01; 1.955736e+05; 1.005911e+00
1.549000e+01; 9.810000e+04; 1.006089e+00; 2.695971e+05; 9.985184e-01; 1.956920e+05; 1.004004e+00
1.549500e+01; 9.810000e+04; 1.004128e+00; 2.696482e+05; 9.976035e-01; 1.957993e+05; 1.002099e+00
1.550000e+01; 9.810000e+04; 1.002167e+00; 2.696750e+05; 9.966921e-01; 1.958953e+05; 1.000196e+00
1.550500e+01; 9.810000e+04; 1.000204e+00; 2.696775e+05; 9.957841e-01; 1.959803e+05; 9.982944e-01
1.551000e+01; 9.810000e+04; 9.982404e-01; 2.696558e+05; 9.948792e-01; 1.960544e+05; 9.963953e-01
1.551500e+01; 9.810000e+04; 9.962762e-01; 2.696098e+05; 9.939772e-01; 1.961183e+05; 9.944984e-01
1.552000e+01; 9.810000e+04; 9.943113e-01; 2.695396e+05; 9.930780e-01; 1.961721e+05; 9.926037e-01
1.552500e+01; 9.810000e+04; 9.923455e-01; 2.694454e+05; 9.921813e-01; 1.962164e+05; 9.907113e-01
1.553000e+01; 9.810000e+04; 9.903790e-01; 2.693272e+05; 9.912869e-01; 1.962515e+05; 9.888214e-01
1.553500e+01; 9.810000e+04; 9.884116e-01; 2.691851e+05; 9.903946e-01; 1.962774e+05; 9.869341e-01
1.554000e+01; 9.810000e+04; 9.864435e-01; 2.690193e+05; 9.895041e-01; 1.962943e+05; 9.850498e-01
1.554500e+01; 9.810000e+04; 9.844745e-01; 2.688300e+05; 9.886152e-01; 1.963022e+05; 9.831689e-01
1.555000e+01; 9.810000e+04; 9.825048e-01; 2.686173e+05; 9.877276e-01; 1.963009e+05; 9.812918e-01
1.555500e+01; 9.810000e+04; 9.805342e-01; 2.683814e+05; 9.868412e-01; 1.962903e+05; 9.794191e-01
1.556000e+01; 9.810000e+04; 9.785627e-01; 2.681226e+05; 9.859557e-01; 1.962701e+05; 9.775512e-01
1.556500e+01; 9.810000e+04; 9.765905e-01; 2.678411e+05; 9.850708e-01; 1.962401e+05; 9.756887e-01
1.557000e+01; 9.810000e+04; 9.746174e-01; 2.675372e+05; 9.841864e-01; 1.962001e+05; 9.738322e-01
1.557500e+01; 9.810000e+04; 9.726435e-01; 2.672111e+05; 9.833021e-01; 1.961497e+05; 9.719821e-01
1.558000e+01; 9.810000e+04; 9.706688e-01; 2.668632e+05; 9.824178e-01; 1.960888e+05; 9.701389e-01
1.558500e+01; 9.810000e+04; 9.686932e-01; 2.664937e+05; 9.815332e-01; 1.960170e+05; 9.683032e-01
1.559000e+01; 9.810000e+04; 9.667168e-01; 2.661030e+05; 9.806482e-01; 1.959341e+05; 9.664753e-01
1.559500e+01; 9.810000e+04; 9.647396e-01; 2.656915e+05; 9.797624e-01; 1.958399e+05; 9.646557e-01
1.560000e+01; 9.810000e+04; 9.627615e-01; 2.652594e+05; 9.788758e-01; 1.957342e+05; 9.628448e-01
1.560500e+01; 9.810000e+04; 9.607826e-01; 2.648072e+05; 9.779880e-01; 1.956167e+05; 9.610429e-01
1.561000e+01; 9.810000e+04; 9.588028e-01; 2.643351e+05; 9.770990e-01; 1.954874e+05; 9.592504e-01
1.561500e+01; 9.810000e+04; 9.568221e-01; 2.638438e+05; 9.762085e-01; 1.953460e+05; 9.574675e-01
1.562000e+01; 9.810000e+04; 9.548404e-01; 2.633334e+05; 9.753164e-01; 1.951924e+05; 9.556946e-01
1.562500e+01; 9.810000e+04; 9.528575e-01; 2.628045e+05; 9.744225e-01; 1.950264e+05; 9.539320e-01
1.563000e+01; 9.810000e+04; 9.508733e-01; 2.622574e+05; 9.735267e-01; 1.948479e+05; 9.521799e-01
1.563500e+01; 9.810000e+04; 9.488876e-01; 2.616926e+05; 9.726288e-01; 1.946568e+05; 9.504386e-01
1.564000e+01; 9.810000e+04; 9.469002e-01; 2.611105e+05; 9.717287e-01; 1.944528e+05; 9.487083e-01
1.564500e+01; 9.810000e+04; 9.449107e-01; 2.605116e+05; 9.708264e-01; 1.942359e+05; 9.469893e-01
1.565000e+01; 9.810000e+04; 9.429187e-01; 2.598962e+05; 9.699217e-01; 1.940060e+05; 9.452817e-01
1.565500e+01; 9.810000e+04; 9.409240e-01; 2.592648e+05; 9.690146e-01; 1.937629e+05; 9.435858e-01
1.566000e+01; 9.810000e+04; 9.389260e-01; 2.586179e+05; 9.681050e-01; 1.935064e+05; 9.419019e-01
1.566500e+01; 9.810000e+04; 9.369244e-01; 2.579560e+05; 9.671928e-01; 1.932365e+05; 9.402300e-01
1.567000e+01; 9.810000e+04; 9.349188e-01; 2.572793e+05; 9.662781e-01; 1.929531e+05; 9.385704e-01
1.567500e+01; 9.810000e+04; 9.329091e-01; 2.565885e+05; 9.653608e-01; 1.926559e+05; 9.369233e-01
1.568000e+01; 9.810000e+04; 9.308951e-01; 2.558839e+05; 9.644409e-01; 1.923450e+05; 9.352888e-01
1.568500e+01; 9.810000e+04; 9.288769e-01; 2.551660e+05; 9.635185e-01; 1.920202e+05; 9.336671e-01
1.569000e+01; 9.810000e+04; 9.268547e-01; 2.544352e+05; 9.625935e-01; 1.916814e+05; 9.320583e-01
1.569500e+01; 9.810000e+04; 9.248289e-01; 2.536919e+05; 9.616661e-01; 1.913285e+05; 9.304626e-01
1.570000e+01; 9.810000e+04; 9.228003e-01; 2.529366e+05; 9.607362e-01; 1.909615e+05; 9.288800e-01
1.570500e+01; 9.810000e+04; 9.207698e-01; 2.521697e+05; 9.598040e-01; 1.905803e+05; 9.273107e-01
1.571000e+01; 9.810001e+04; 9.187386e-01; 2.513916e+05; 9.588695e-01; 1.901848e+05; 9.257548e-01
1.571500e+01; 9.810001e+04; 9.167078e-01; 2.506027e+05; 9.579328e-01; 1.897750e+05; 9.242122e-01
1.572000e+01; 9.810001e+04; 9.146788e-01; 2.498034e+05; 9.569940e-01; 1.893509e+05; 9.226831e-01
1.572500e+01; 9.810001e+04; 9.126531e-01; 2.489941e+05; 9.560532e-01; 1.889125e+05; 9.211674e-01
1.573000e+01; 9.810001e+04; 9.106320e-01; 2.481752e+05; 9.551105e-01; 1.884598e+05; 9.196652e-01
1.573500e+01; 9.810001e+04; 9.086170e-01; 2.473470e+05; 9.541660e-01; 1.879928e+05; 9.181764e-01
1.574000e+01; 9.810001e+04; 9.066093e-01; 2.465100e+05; 9.532198e-01; 1.875116e+05; 9.167010e-01
1.574500e+01; 9.810001e+04; 9.046100e-01; 2.456645e+05; 9.522720e-01; 1.870162e+05; 9.152390e-01
1.575000e+01; 9.810001e+04; 9.026200e-01; 2.448108e+05; 9.513229e-01; 1.865067e+05; 9.137903e-01
1.575500e+01; 9.810000e+04; 9.006402e-01; 2.439493e+05; 9.503724e-01; 1.859831e+05; 9.123549e-01
1.576000e+01; 9.810000e+04; 8.986711e-01; 2.430803e+05; 9.494207e-01; 1.854456e+05; 9.109325e-01
1.576500e+01; 9.810000e+04; 8.967135e-01; 2.422042e+05; 9.484679e-01; 1.848942e+05; 9.095232e-01
1.577000e+01; 9.810000e+04; 8.947676e-01; 2.413212e+05; 9.475141e-01; 1.843292e+05; 9.081267e-01
1.577500e+01; 9.810000e+04; 8.928339e-01; 2.404317e+05; 9.465594e-01; 1.837506e+05; 9.067429e-01
1.578000e+01; 9.810000e+04; 8.909127e-01; 2.395359e+05; 9.456039e-01; 1.831586e+05; 9.053718e-01
1.578500e+01; 9.810000e+04; 8.890043e-01; 2.386342e+05; 9.446477e-01; 1.825533e+05; 9.040130e-01
1.579000e+01; 9.810000e+04; 8.871092e-01; 2.377268e+05; 9.436909e-01; 1.819350e+05; 9.026664e-01
1.579500e+01; 9.810000e+04; 8.852276e-01; 2.368139e+05; 9.427336e-01; 1.813038e+05; 9.013319e-01
1.580000e+01; 9.810000e+04; 8.833601e-01; 2.358960e+05; 9.417758e-01; 1.806599e+05; 9.000092e-01
1.580500e+01; 9.810000e+04; 8.815070e-01; 2.349731e+05; 9.408176e-01; 1.800035e+05; 8.986980e-01
1.581000e+01; 9.810000e+04; 8.796690e-01; 2.340456e+05; 9.398591e-01; 1.793349e+05; 8.973983e-01
1.581500e+01; 9.810000e+04; 8.778466e-01; 2.331136e+05; 9.389003e-01; 1.786543e+05; 8.961097e-01
1.582000e+01; 9.810000e+04; 8.760403e-01; 2.321775e+05; 9.379412e-01; 1.779618e+05; 8.948319e-01
1.582500e+01; 9.810000e+04; 8.742508e-01; 2.312374e+05; 9.369820e-01; 1.772579e+05; 8.935648e-01
1.583000e+01; 9.810000e+04; 8.724787e-01; 2.302935e+05; 9.360227e-01; 1.765426e+05; 8.923081e-01
1.583500e+01; 9.810001e+04; 8.707247e-01; 2.293460e+05; 9.350632e-01; 1.758163e+05; 8.910615e-01
1.584000e+01; 9.810001e+04; 8.689892e-01; 2.283951e+05; 9.341036e-01; 1.750791e+05; 8.898248e-01
1.584500e+01; 9.810001e+04; 8.672730e-01; 2.274411e+05; 9.331440e-01; 1.743314e+05; 8.885975e-01
1.585000e+01; 9.810001e+04; 8.655767e-01; 2.264840e+05; 9.321843e-01; 1.735734e+05; 8.873795e-01
1.585500e+01; 9.810000e+04; 8.639007e-01; 2.255240e+05; 9.312246e-01; 1.728053e+05; 8.861705e-01
1.586000e+01; 9.810000e+04; 8.622456e-01; 2.245613e+05; 9.302649e-01; 1.720274e+05; 8.849701e-01
1.586500e+01; 9.810000e+04; 8.606119e-01; 2.235961e+05; 9.293051e-01; 1.712398e+05; 8.837779e-01
1.587000e+01; 9.810000e+04; 8.590002e-01; 2.226285e+05; 9.283454e-01; 1.704429e+05; 8.825937e-01
1.587500e+01; 9.810000e+04; 8.574108e-01; 2.216585e+05; 9.273856e-01; 1.696367e+05; 8.814172e-01
1.588000e+01; 9.810000e+04; 8.558442e-01; 2.206864e+05; 9.264258e-01; 1.688216e+05; 8.802478e-01
1.588500e+01; 9.810000e+04; 8.543009e-01; 2.197123e+05; 9.254661e-01; 1.679976e+05; 8.790854e-01
1.589000e+01; 9.810000e+04; 8.527812e-01; 2.187363e+05; 9.245063e-01; 1.671649e+05; 8.779295e-01
1.589500e+01; 9.810000e+04; 8.512855e-01; 2.177584e+05; 9.235465e-01; 1.663238e+05; 8.767798e-01
1.590000e+01; 9.810000e+04; 8.498142e-01; 2.167789e+05; 9.225868e-01; 1.654744e+05; 8.756360e-01
1.590500e+01; 9.810000e+04; 8.483677e-01; 2.157977e+05; 9.216270e-01; 1.646168e+05; 8.744976e-01
1.591000e+01; 9.810000e+04; 8.469462e-01; 2.148150e+05; 9.206672e-01; 1.637512e+05; 8.733644e-01
1.591500e+01; 9.810000e+04; 8.455500e-01; 2.138308e+05; 9.197074e-01; 1.628778e+05; 8.722361e-01
1.592000e+01; 9.810000e+04; 8.441795e-01; 2.128453e+05; 9.187476e-01; 1.619968e+05; 8.711125e-01
1.592500e+01; 9.810000e+04; 8.428350e-01; 2.118584e+05; 9.177878e-01; 1.611085e+05; 8.699934e-01
1.593000e+01; 9.810000e+04; 8.415166e-01; 2.108703e+05; 9.168279e-01; 1.602132e+05; 8.688786e-01
1.593500e+01; 9.810000e+04; 8.402247e-01; 2.098811e+05; 9.158681e-01; 1.593111e+05; 8.677680e-01
1.594000e+01; 9.810000e+04; 8.389594e-01; 2.088907e+05; 9.149082e-01; 1.584028e+05; 8.666618e-01
1.594500e+01; 9.810000e+04; 8.377209e-01; 2.078992e+05; 9.139483e-01; 1.574885e+05; 8.655598e-01
1.595000e+01; 9.810000e+04; 8.365093e-01; 2.069067e+05; 9.129884e-01; 1.565688e+05; 8.644622e-01
1.595500e+01; 9.810000e+04; 8.353249e-01; 2.059132e+05; 9.120284e-01; 1.556441e+05; 8.633693e-01
1.596000e+01; 9.810000e+04; 8.341678e-01; 2.049188e+05; 9.110684e-01; 1.547152e+05; 8.622811e-01
1.596500e+01; 9.810000e+04; 8.330379e-01; 2.039235e+05; 9.101084e-01; 1.537825e+05; 8.611981e-01
1.597000e+01; 9.810000e+04; 8.319354e-01; 2.029273e+05; 9.091483e-01; 1.528466e+05; 8.601204e-01
1.597500e+01; 9.810000e+04; 8.308603e-01; 2.019302e+05; 9.081881e-01; 1.519083e+05; 8.590486e-01
1.598000e+01; 9.810000e+04; 8.298126e-01; 2.009323e+05; 9.072280e-01; 1.509681e+05; 8.579828e-01
1.598500e+01; 9.810000e+04; 8.287921e-01; 1.999335e+05; 9.062677e-01; 1.500268e+05; 8.569234e-01
1.599000e+01; 9.810000e+04; 8.277990e-01; 1.989340e+05; 9.053075e-01; 1.490848e+05; 8.558709e-01
1.599500e+01; 9.810000e+04; 8.268330e-01; 1.979337e+05; 9.043471e-01; 1.481428e+05; 8.548255e-01
1.600000e+01; 9.810000e+04; 8.258940e-01; 1.969327e+05; 9.033867e-01; 1.472014e+05; 8.537876e-01
1.600500e+01; 9.810000e+04; 8.249819e-01; 1.959308e+05; 9.024263e-01; 1.462611e+05; 8.527574e-01
1.601000e+01; 9.810000e+04; 8.240965e-01; 1.949283e+05; 9.014657e-01; 1.453224e+05; 8.517352e-01
1.601500e+01; 9.810000e+04; 8.232376e-01; 1.939249e+05; 9.005052e-01; 1.443858e+05; 8.507213e-01
1.602000e+01; 9.810000e+04; 8.224048e-01; 1.929208e+05; 8.995445e-01; 1.434517e+05; 8.497158e-01
1.602500e+01; 9.810000e+04; 8.215980e-01; 1.919160e+05; 8.985839e-01; 1.425205e+05; 8.487191e-01
1.603000e+01; 9.810000e+04; 8.208169e-01; 1.909104e+05; 8.976231e-01; 1.415926e+05; 8.477311e-01
1.603500e+01; 9.810000e+04; 8.200611e-01; 1.899040e+05; 8.966624e-01; 1.406684e+05; 8.467522e-01
1.604000e+01; 9.810000e+04; 8.193302e-01; 1.888969e+05; 8.957015e-01; 1.397483e+05; 8.457824e-01
1.604500e+01; 9.810000e+04; 8.186240e-01; 1.878890e+05; 8.947406e-01; 1.388325e+05; 8.448220e-01
1.605000e+01; 9.810000e+04; 8.179419e-01; 1.868803e+05; 8.937798e-01; 1.379215e+05; 8.438710e-01
1.605500e+01; 9.810000e+04; 8.172837e-01; 1.858708e+05; 8.928188e-01; 1.370155e+05; 8.429297e-01
1.606000e+01; 9.810000e+04; 8.166488e-01; 1.848604e+05; 8.918579e-01; 1.361150e+05; 8.419983e-01
1.606500e+01; 9.810000e+04; 8.160369e-01; 1.838492e+05; 8.908970e-01; 1.352202e+05; 8.410768e-01
1.607000e+01; 9.810000e+04; 8.154475e-01; 1.828371e+05; 8.899361e-01; 1.343316e+05; 8.401655e-01
1.607500e+01; 9.810000e+04; 8.148800e-01; 1.818241e+05; 8.889751e-01; 1.334494e+05; 8.392645e-01
1.608000e+01; 9.810000e+04; 8.143340e-01; 1.808101e+05; 8.880142e-01; 1.325741e+05; 8.383741e-01
1.608500e+01; 9.810000e+04; 8.138091e-01; 1.797952e+05; 8.870533e-01; 1.317059e+05; 8.374944e-01
1.609000e+01; 9.810000e+04; 8.133046e-01; 1.787792e+05; 8.860923e-01; 1.308453e+05; 8.366257e-01
1.609500e+01; 9.810000e+04; 8.128202e-01; 1.777621e+05; 8.851314e-01; 1.299926e+05; 8.357681e-01
1.610000e+01; 9.810000e+04; 8.123552e-01; 1.767440e+05; 8.841703e-01; 1.291481e+05; 8.349218e-01
1.610500e+01; 9.810000e+04; 8.119092e-01; 1.757247e+05; 8.832092e-01; 1.283122e+05; 8.340871e-01
1.611000e+01; 9.810000e+04; 8.114815e-01; 1.747042e+05; 8.822480e-01; 1.274852e+05; 8.332640e-01
1.611500e+01; 9.810000e+04; 8.110718e-01; 1.736824e+05; 8.812866e-01; 1.266675e+05; 8.324528e-01
1.612000e+01; 9.810000e+04; 8.106794e-01; 1.726594e+05; 8.803249e-01; 1.258593e+05; 8.316537e-01
1.612500e+01; 9.810000e+04; 8.103038e-01; 1.716350e+05; 8.793629e-01; 1.250609e+05; 8.308668e-01
1.613000e+01; 9.810000e+04; 8.099446e-01; 1.706093e+05; 8.784005e-01; 1.242726e+05; 8.300923e-01
1.613500e+01; 9.810000e+04; 8.096011e-01; 1.695821e+05; 8.774377e-01; 1.234947e+05; 8.293303e-01
1.614000e+01; 9.810000e+04; 8.092729e-01; 1.685535e+05; 8.764743e-01; 1.227275e+05; 8.285810e-01
1.614500e+01; 9.810000e+04; 8.089594e-01; 1.675234e+05; 8.755103e-01; 1.219712e+05; 8.278446e-01
1.615000e+01; 9.810000e+04; 8.086602e-01; 1.664919e+05; 8.745457e-01; 1.212260e+05; 8.271211e-01
1.615500e+01; 9.810000e+04; 8.083748e-01; 1.654588e+05; 8.735805e-01; 1.204922e+05; 8.264106e-01
1.616000e+01; 9.810000e+04; 8.081027e-01; 1.644243e+05; 8.726146e-01; 1.197699e+05; 8.257134e-01
1.616500e+01; 9.810000e+04; 8.078434e-01; 1.633882e+05; 8.716480e-01; 1.190594e+05; 8.250295e-01
1.617000e+01; 9.810000e+04; 8.075965e-01; 1.623508e+05; 8.706810e-01; 1.183609e+05; 8.243590e-01
1.617500e+01; 9.810000e+04; 8.073615e-01; 1.613118e+05; 8.697137e-01; 1.176745e+05; 8.237020e-01
1.618000e+01; 9.810000e+04; 8.071380e-01; 1.602714e+05; 8.687462e-01; 1.170004e+05; 8.230586e-01
1.618500e+01; 9.810000e+04; 8.069256e-01; 1.592296e+05; 8.677790e-01; 1.163388e+05; 8.224289e-01
1.619000e+01; 9.810000e+04; 8.067239e-01; 1.581864e+05; 8.668124e-01; 1.156897e+05; 8.218129e-01
1.619500e+01; 9.810000e+04; 8.065324e-01; 1.571418e+05; 8.658468e-01; 1.150533e+05; 8.212108e-01
1.620000e+01; 9.810000e+04; 8.063509e-01; 1.560957e+05; 8.648828e-01; 1.144296e+05; 8.206225e-01
1.620500e+01; 9.810000e+04; 8.061789e-01; 1.550483e+05; 8.639210e-01; 1.138189e+05; 8.200480e-01
1.621000e+01; 9.810000e+04; 8.060162e-01; 1.539993e+05; 8.629621e-01; 1.132211e+05; 8.194875e-01
1.621500e+01; 9.810000e+04; 8.058623e-01; 1.529489e+05; 8.620069e-01; 1.126363e+05; 8.189410e-01
1.622000e+01; 9.810000e+04; 8.057170e-01; 1.518970e+05; 8.610560e-01; 1.120645e+05; 8.184083e-01
1.622500e+01; 9.810000e+04; 8.055799e-01; 1.508436e+05; 8.601104e-01; 1.115059e+05; 8.178896e-01
1.623000e+01; 9.810000e+04; 8.054507e-01; 1.497886e+05; 8.591709e-01; 1.109603e+05; 8.173848e-01
1.623500e+01; 9.810000e+04; 8.053293e-01; 1.487321e+05; 8.582382e-01; 1.104278e+05; 8.168939e-01
1.624000e+01; 9.810000e+04; 8.052152e-01; 1.476740e+05; 8.573132e-01; 1.099083e+05; 8.164169e-01
1.624500e+01; 9.810000e+04; 8.051082e-01; 1.466144e+05; 8.563967e-01; 1.094019e+05; 8.159536e-01
1.625000e+01; 9.810000e+04; 8.050081e-01; 1.455534e+05; 8.554893e-01; 1.089085e+05; 8.155040e-01
1.625500e+01; 9.810000e+04; 8.049146e-01; 1.444910e+05; 8.545918e-01; 1.084279e+05; 8.150680e-01
1.626000e+01; 9.810000e+04; 8.048276e-01; 1.434274e+05; 8.537047e-01; 1.079602e+05; 8.146456e-01
1.626500e+01; 9.810000e+04; 8.047466e-01; 1.423627e+05; 8.528286e-01; 1.075052e+05; 8.142365e-01
1.627000e+01; 9.810000e+04; 8.046717e-01; 1.412972e+05; 8.519639e-01; 1.070627e+05; 8.138408e-01
1.627500e+01; 9.810000e+04; 8.046024e-01; 1.402311e+05; 8.511110e-01; 1.066328e+05; 8.134583e-01
1.628000e+01; 9.810000e+04; 8.045387e-01; 1.391647e+05; 8.502703e-01; 1.062152e+05; 8.130888e-01
1.628500e+01; 9.810000e+04; 8.044803e-01; 1.380982e+05; 8.494422e-01; 1.058097e+05; 8.127322e-01
1.629000e+01; 9.810000e+04; 8.044269e-01; 1.370321e+05; 8.486268e-01; 1.054163e+05; 8.123883e-01
1.629500e+01; 9.810000e+04; 8.043785e-01; 1.359665e+05; 8.478243e-01; 1.050346e+05; 8.120569e-01
1.630000e+01; 9.810000e+04; 8.043349e-01; 1.349020e+05; 8.470351e-01; 1.046646e+05; 8.117380e-01
1.630500e+01; 9.810000e+04; 8.042957e-01; 1.338388e+05; 8.462593e-01; 1.043060e+05; 8.114312e-01
1.631000e+01; 9.810000e+04; 8.042610e-01; 1.327772e+05; 8.454972e-01; 1.039587e+05; 8.111365e-01
1.631500e+01; 9.810000e+04; 8.042304e-01; 1.317175e+05; 8.447490e-01; 1.036223e+05; 8.108535e-01
1.632000e+01; 9.810000e+04; 8.042038e-01; 1.306602e+05; 8.440146e-01; 1.032966e+05; 8.105821e-01
1.632500e+01; 9.810000e+04; 8.041811e-01; 1.296055e+05; 8.432947e-01; 1.029815e+05; 8.103221e-01
1.633000e+01; 9.810000e+04; 8.041621e-01; 1.285535e+05; 8.425894e-01; 1.026766e+05; 8.100732e-01
1.633500e+01; 9.810000e+04; 8.041466e-01; 1.275047e+05; 8.418989e-01; 1.023818e+05; 8.098353e-01
1.634000e+01; 9.810000e+04; 8.041344e-01; 1.264591e+05; 8.412237e-01; 1.020967e+05; 8.096080e-01
1.634500e+01; 9.810000e+04; 8.041255e-01; 1.254170e+05; 8.405639e-01; 1.018211e+05; 8.093912e-01
1.635000e+01; 9.810000e+04; 8.041196e-01; 1.243786e+05; 8.399201e-01; 1.015548e+05; 8.091845e-01
1.635500e+01; 9.810000e+04; 8.041167e-01; 1.233440e+05; 8.392924e-01; 1.012975e+05; 8.089878e-01
1.636000e+01; 9.810000e+04; 8.041165e-01; 1.218948e+05; 8.392924e-01; 1.010490e+05; 8.088008e-01
1.636500e+01; 9.810000e+04; 8.041189e-01; 1.212091e+05; 8.378422e-01; 1.008089e+05; 8.086232e-01
1.637000e+01; 9.810000e+04; 8.041239e-01; 1.202089e+05; 8.378422e-01; 1.005771e+05; 8.084548e-01
1.637500e+01; 9.810000e+04; 8.041313e-01; 1.187657e+05; 8.373660e-01; 1.003533e+05; 8.082953e-01
1.638000e+01; 9.810000e+04; 8.041409e-01; 1.179640e+05; 8.366657e-01; 1.001372e+05; 8.081445e-01
1.638500e+01; 9.810000e+04; 8.041526e-01; 1.170134e+05; 8.360582e-01; 9.992855e+04; 8.080021e-01
1.639000e+01; 9.810000e+04; 8.041664e-01; 1.160376e+05; 8.355941e-01; 9.972713e+04; 8.078679e-01
1.639500e+01; 9.810000e+04; 8.041822e-01; 1.149522e+05; 8.351661e-01; 9.953267e+04; 8.077416e-01
1.640000e+01; 9.810000e+04; 8.041998e-01; 1.139678e+05; 8.346851e-01; 9.934490e+04; 8.076231e-01
1.640500e+01; 9.810000e+04; 8.042191e-01; 1.130021e+05; 8.341974e-01; 9.916354e+04; 8.075121e-01
1.641000e+01; 9.810000e+04; 8.042400e-01; 1.120526e+05; 8.337503e-01; 9.898831e+04; 8.074084e-01
1.641500e+01; 9.810000e+04; 8.042625e-01; 1.110645e+05; 8.333504e-01; 9.881892e+04; 8.073119e-01
1.642000e+01; 9.810000e+04; 8.042865e-01; 1.100883e+05; 8.329655e-01; 9.865505e+04; 8.072225e-01
1.642500e+01; 9.810000e+04; 8.043119e-01; 1.091212e+05; 8.325882e-01; 9.849637e+04; 8.071401e-01
1.643000e+01; 9.810000e+04; 8.043387e-01; 1.081721e+05; 8.322278e-01; 9.834255e+04; 8.070645e-01
1.643500e+01; 9.810000e+04; 8.043667e-01; 1.072182e+05; 8.318962e-01; 9.819320e+04; 8.069958e-01
1.644000e+01; 9.810000e+04; 8.043959e-01; 1.062668e+05; 8.315899e-01; 9.804794e+04; 8.069340e-01
1.644500e+01; 9.810000e+04; 8.044262e-01; 1.053176e+05; 8.313038e-01; 9.790637e+04; 8.068789e-01
1.645000e+01; 9.810000e+04; 8.044577e-01; 1.043778e+05; 8.310364e-01; 9.776805e+04; 8.068309e-01
1.645500e+01; 9.810000e+04; 8.044902e-01; 1.034415e+05; 8.307917e-01; 9.763255e+04; 8.067898e-01
1.646000e+01; 9.810000e+04; 8.045237e-01; 1.025091e+05; 8.305709e-01; 9.749939e+04; 8.067558e-01
1.646500e+01; 9.810000e+04; 8.045582e-01; 1.015788e+05; 8.303735e-01; 9.736811e+04; 8.067291e-01
1.647000e+01; 9.810000e+04; 8.045936e-01; 1.006535e+05; 8.301980e-01; 9.723824e+04; 8.067098e-01
1.647500e+01; 9.810000e+04; 8.046300e-01; 9.973210e+04; 8.300450e-01; 9.710930e+04; 8.066981e-01
1.648000e+01; 9.810000e+04; 8.046671e-01; 9.881476e+04; 8.299152e-01; 9.698081e+04; 8.066941e-01
1.648500e+01; 9.810000e+04; 8.047052e-01; 9.790023e+04; 8.298090e-01; 9.685231e+04; 8.066981e-01
1.649000e+01; 9.810000e+04; 8.047440e-01; 9.698918e+04; 8.297260e-01; 9.672336e+04; 8.067101e-01
1.649500e+01; 9.810000e+04; 8.047837e-01; 9.608129e+04; 8.296660e-01; 9.659354e+04; 8.067303e-01
1.650000e+01; 9.810000e+04; 8.048242e-01; 9.517671e+04; 8.296293e-01; 9.646243e+04; 8.067588e-01
1.650500e+01; 9.810000e+04; 8.048654e-01; 9.427485e+04; 8.296160e-01; 9.632968e+04; 8.067958e-01
1.651000e+01; 9.810000e+04; 8.049075e-01; 9.337570e+04; 8.296261e-01; 9.619494e+04; 8.068414e-01
1.651500e+01; 9.810000e+04; 8.049503e-01; 9.247899e+04; 8.296595e-01; 9.605791e+04; 8.068955e-01
1.652000e+01; 9.810000e+04; 8.049939e-01; 9.158472e+04; 8.297161e-01; 9.591830e+04; 8.069584e-01
1.652500e+01; 9.810000e+04; 8.050382e-01; 9.069256e+04; 8.297959e-01; 9.577586e+04; 8.070299e-01
1.653000e+01; 9.810000e+04; 8.050834e-01; 8.980236e+04; 8.298989e-01; 9.563036e+04; 8.071101e-01
1.653500e+01; 9.810000e+04; 8.051293e-01; 8.891388e+04; 8.300249e-01; 9.548159e+04; 8.071990e-01
1.654000e+01; 9.810000e+04; 8.051760e-01; 8.802697e+04; 8.301738e-01; 9.532931e+04; 8.072966e-01
1.654500e+01; 9.810000e+04; 8.052236e-01; 8.714138e+04; 8.303455e-01; 9.517327e+04; 8.074030e-01
1.655000e+01; 9.810000e+04; 8.052720e-01; 8.625695e+04; 8.305397e-01; 9.501322e+04; 8.075183e-01
1.655500e+01; 9.810000e+04; 8.053212e-01; 8.537344e+04; 8.307565e-01; 9.484883e+04; 8.076426e-01
1.656000e+01; 9.810000e+04; 8.053712e-01; 8.449066e+04; 8.309955e-01; 9.467973e+04; 8.077762e-01
1.656500e+01; 9.810000e+04; 8.054222e-01; 8.360840e+04; 8.312565e-01; 9.450552e+04; 8.079192e-01
1.657000e+01; 9.810000e+04; 8.054740e-01; 8.272647e+04; 8.315394e-01; 9.432578e+04; 8.080719e-01
1.657500e+01; 9.810000e+04; 8.055267e-01; 8.184465e+04; 8.318438e-01; 9.414008e+04; 8.082345e-01
1.658000e+01; 9.810000e+04; 8.055804e-01; 8.096275e+04; 8.321696e-01; 9.394807e+04; 8.084072e-01
1.658500e+01; 9.810000e+04; 8.056349e-01; 8.008059e+04; 8.325164e-01; 9.374952e+04; 8.085901e-01
1.659000e+01; 9.810000e+04; 8.056905e-01; 7.919798e+04; 8.328840e-01; 9.354435e+04; 8.087830e-01
1.659500e+01; 9.810000e+04; 8.057470e-01; 7.831473e+04; 8.332721e-01; 9.333267e+04; 8.089856e-01
1.660000e+01; 9.810000e+04; 8.058044e-01; 7.743068e+04; 8.336803e-01; 9.311481e+04; 8.091973e-01
1.660500e+01; 9.810000e+04; 8.058629e-01; 7.654564e+04; 8.341084e-01; 9.289127e+04; 8.094176e-01
1.661000e+01; 9.810000e+04; 8.059223e-01; 7.565948e+04; 8.345559e-01; 9.266266e+04; 8.096456e-01
1.661500e+01; 9.810000e+04; 8.059828e-01; 7.477202e+04; 8.350227e-01; 9.242966e+04; 8.098805e-01
1.662000e+01; 9.810000e+04; 8.060443e-01; 7.388314e+04; 8.355082e-01; 9.219288e+04; 8.101216e-01
1.662500e+01; 9.810000e+04; 8.061070e-01; 7.299271e+04; 8.360122e-01; 9.195282e+04; 8.103683e-01
1.663000e+01; 9.810000e+04; 8.061707e-01; 7.210059e+04; 8.365342e-01; 9.170977e+04; 8.106203e-01
1.663500e+01; 9.810000e+04; 8.062356e-01; 7.120668e+04; 8.370739e-01; 9.146385e+04; 8.108774e-01
1.664000e+01; 9.810000e+04; 8.063017e-01; 7.031088e+04; 8.376309e-01; 9.121492e+04; 8.111397e-01
1.664500e+01; 9.810000e+04; 8.063691e-01; 6.941310e+04; 8.382049e-01; 9.096266e+04; 8.114075e-01
1.665000e+01; 9.810000e+04; 8.064380e-01; 6.851325e+04; 8.387953e-01; 9.070662e+04; 8.116810e-01
1.665500e+01; 9.810000e+04; 8.065084e-01; 6.761127e+04; 8.394019e-01; 9.044625e+04; 8.119608e-01
1.666000e+01; 9.810000e+04; 8.065805e-01; 6.670711e+04; 8.400241e-01; 9.018096e+04; 8.122474e-01
1.666500e+01; 9.810000e+04; 8.066545e-01; 6.580072e+04; 8.406616e-01; 8.991018e+04; 8.125412e-01
1.667000e+01; 9.810000e+04; 8.067306e-01; 6.489207e+04; 8.413141e-01; 8.963337e+04; 8.128427e-01
1.667500e+01; 9.810000e+04; 8.068091e-01; 6.398115e+04; 8.419809e-01; 8.935003e+04; 8.131524e-01
1.668000e+01; 9.810000e+04; 8.068902e-01; 6.306795e+04; 8.426619e-01; 8.905974e+04; 8.134704e-01
1.668500e+01; 9.810000e+04; 8.069744e-01; 6.215247e+04; 8.433565e-01; 8.876213e+04; 8.137972e-01
1.669000e+01; 9.810000e+04; 8.070619e-01; 6.123470e+04; 8.440643e-01; 8.845688e+04; 8.141330e-01
1.669500e+01; 9.810000e+04; 8.071533e-01; 6.031467e+04; 8.447849e-01; 8.814372e+04; 8.144779e-01
1.670000e+01; 9.810000e+04; 8.072488e-01; 5.939239e+04; 8.455180e-01; 8.782242e+04; 8.148322e-01
1.670500e+01; 9.810000e+04; 8.073490e-01; 5.846791e+04; 8.462632e-01; 8.749276e+04; 8.151960e-01
1.671000e+01; 9.810000e+04; 8.074544e-01; 5.754128e+04; 8.470199e-01; 8.715456e+04; 8.155694e-01
1.671500e+01; 9.810000e+04; 8.075654e-01; 5.661254e+04; 8.477879e-01; 8.680765e+04; 8.159526e-01
1.672000e+01; 9.810000e+04; 8.076827e-01; 5.568176e+04; 8.485668e-01; 8.645186e+04; 8.163457e-01
1.672500e+01; 9.810000e+04; 8.078067e-01; 5.474901e+04; 8.493561e-01; 8.608705e+04; 8.167488e-01
1.673000e+01; 9.810000e+04; 8.079380e-01; 5.381435e+04; 8.501555e-01; 8.571309e+04; 8.171620e-01
1.673500e+01; 9.810000e+04; 8.080770e-01; 5.287784e+04; 8.509647e-01; 8.532983e+04; 8.175854e-01
1.674000e+01; 9.810000e+04; 8.082244e-01; 5.193956e+04; 8.517832e-01; 8.493717e+04; 8.180191e-01
1.674500e+01; 9.810000e+04; 8.083805e-01; 5.099959e+04; 8.526107e-01; 8.453498e+04; 8.184632e-01
1.675000e+01; 9.810000e+04; 8.085460e-01; 5.005803e+04; 8.534469e-01; 8.412317e+04; 8.189178e-01
1.675500e+01; 9.810000e+04; 8.087212e-01; 4.911497e+04; 8.542913e-01; 8.370163e+04; 8.193830e-01
1.676000e+01; 9.810000e+04; 8.089065e-01; 4.773398e+04; 8.557812e-01; 8.327026e+04; 8.198589e-01
1.676500e+01; 9.810000e+04; 8.091025e-01; 4.712122e+04; 8.557812e-01; 8.282900e+04; 8.203455e-01
1.677000e+01; 9.810000e+04; 8.093094e-01; 4.602392e+04; 8.574843e-01; 8.237777e+04; 8.208428e-01
1.677500e+01; 9.810000e+04; 8.095278e-01; 4.472624e+04; 8.581770e-01; 8.191650e+04; 8.213511e-01
1.678000e+01; 9.810000e+04; 8.097580e-01; 4.403824e+04; 8.590296e-01; 8.144513e+04; 8.218703e-01
1.678500e+01; 9.810000e+04; 8.100003e-01; 4.297686e+04; 8.599358e-01; 8.096362e+04; 8.224004e-01
1.679000e+01; 9.810000e+04; 8.102551e-01; 4.206262e+04; 8.608549e-01; 8.047193e+04; 8.229415e-01
1.679500e+01; 9.810000e+04; 8.105229e-01; 4.105802e+04; 8.617593e-01; 7.997003e+04; 8.234937e-01
1.680000e+01; 9.810000e+04; 8.108039e-01; 4.012988e+04; 8.626701e-01; 7.945790e+04; 8.240570e-01
1.680500e+01; 9.810000e+04; 8.110985e-01; 3.915367e+04; 8.635804e-01; 7.893553e+04; 8.246313e-01
1.681000e+01; 9.810000e+04; 8.114070e-01; 3.821217e+04; 8.645003e-01; 7.840291e+04; 8.252168e-01
1.681500e+01; 9.810000e+04; 8.117296e-01; 3.724346e+04; 8.654221e-01; 7.786006e+04; 8.258134e-01
1.682000e+01; 9.810000e+04; 8.120665e-01; 3.629415e+04; 8.663504e-01; 7.730699e+04; 8.264211e-01
1.682500e+01; 9.810000e+04; 8.124178e-01; 3.532986e+04; 8.672812e-01; 7.674373e+04; 8.270398e-01
1.683000e+01; 9.810000e+04; 8.127836e-01; 3.437638e+04; 8.682175e-01; 7.617032e+04; 8.276697e-01
1.683500e+01; 9.810000e+04; 8.131636e-01; 3.341407e+04; 8.691567e-01; 7.558679e+04; 8.283106e-01
1.684000e+01; 9.810000e+04; 8.135577e-01; 3.245800e+04; 8.701004e-01; 7.499321e+04; 8.289624e-01
1.684500e+01; 9.810000e+04; 8.139657e-01; 3.149677e+04; 8.710469e-01; 7.438965e+04; 8.296253e-01
1.685000e+01; 9.810000e+04; 8.143871e-01; 3.053920e+04; 8.719973e-01; 7.377618e+04; 8.302990e-01
1.685500e+01; 9.810000e+04; 8.148215e-01; 2.957850e+04; 8.729504e-01; 7.315290e+04; 8.309835e-01
1.686000e+01; 9.810000e+04; 8.152684e-01; 2.861997e+04; 8.739069e-01; 7.251990e+04; 8.316788e-01
1.686500e+01; 9.810000e+04; 8.157274e-01; 2.765956e+04; 8.748660e-01; 7.187729e+04; 8.323848e-01
1.687000e+01; 9.810000e+04; 8.161981e-01; 2.670045e+04; 8.758279e-01; 7.122521e+04; 8.331013e-01
1.687500e+01; 9.810000e+04; 8.166802e-01; 2.574018e+04; 8.767923e-01; 7.056379e+04; 8.338284e-01
1.688000e+01; 9.810000e+04; 8.171734e-01; 2.478070e+04; 8.777592e-01; 6.989320e+04; 8.345659e-01
1.688500e+01; 9.810000e+04; 8.176776e-01; 2.382052e+04; 8.787283e-01; 6.921359e+04; 8.353137e-01
1.689000e+01; 9.810000e+04; 8.181929e-01; 2.286083e+04; 8.796997e-01; 6.852515e+04; 8.360718e-01
1.689500e+01; 9.810000e+04; 8.187194e-01; 2.190070e+04; 8.806731e-01; 6.782809e+04; 8.368400e-01
1.690000e+01; 9.810000e+04; 8.192574e-01; 2.094087e+04; 8.816485e-01; 6.712264e+04; 8.376183e-01
1.690500e+01; 9.810000e+04; 8.198072e-01; 1.998078e+04; 8.826257e-01; 6.640902e+04; 8.384066e-01
1.691000e+01; 9.810000e+04; 8.203695e-01; 1.902087e+04; 8.836048e-01; 6.568749e+04; 8.392048e-01
1.691500e+01; 9.810001e+04; 8.209447e-01; 1.806080e+04; 8.845855e-01; 6.495834e+04; 8.400128e-01
1.692000e+01; 9.810001e+04; 8.215334e-01; 1.710085e+04; 8.855678e-01; 6.422185e+04; 8.408306e-01
1.692500e+01; 9.810001e+04; 8.221362e-01; 1.614079e+04; 8.865516e-01; 6.347831e+04; 8.416582e-01
1.693000e+01; 9.810001e+04; 8.227538e-01; 1.518081e+04; 8.875369e-01; 6.272805e+04; 8.424955e-01
1.693500e+01; 9.810001e+04; 8.233867e-01; 1.422075e+04; 8.885236e-01; 6.197134e+04; 8.433426e-01
1.694000e+01; 9.810001e+04; 8.240355e-01; 1.326075e+04; 8.895115e-01; 6.120848e+04; 8.441996e-01
1.694500e+01; 9.810001e+04; 8.247007e-01; 1.230071e+04; 8.905008e-01; 6.043971e+04; 8.450665e-01
1.695000e+01; 9.810001e+04; 8.253828e-01; 1.134067e+04; 8.914912e-01; 5.966522e+04; 8.459437e-01
1.695500e+01; 9.810000e+04; 8.260823e-01; 1.038062e+04; 8.924828e-01; 5.888514e+04; 8.468314e-01
1.696000e+01; 9.810000e+04; 8.267995e-01; 9.420587e+03; 8.934756e-01; 5.809952e+04; 8.477301e-01
1.696500e+01; 9.810000e+04; 8.275349e-01; 8.460526e+03; 8.944694e-01; 5.730831e+04; 8.486402e-01
1.697000e+01; 9.810000e+04; 8.282887e-01; 7.500468e+03; 8.954642e-01; 5.651144e+04; 8.495623e-01
1.697500e+01; 9.810000e+04; 8.290613e-01; 6.540372e+03; 8.964600e-01; 5.570880e+04; 8.504970e-01
1.698000e+01; 9.810000e+04; 8.298530e-01; 5.580254e+03; 8.974569e-01; 5.490034e+04; 8.514448e-01
1.698500e+01; 9.810000e+04; 8.306640e-01; 4.620106e+03; 8.984547e-01; 5.408611e+04; 8.524061e-01
1.699000e+01; 9.810000e+04; 8.314945e-01; 3.659930e+03; 8.994535e-01; 5.326638e+04; 8.533809e-01
1.699500e+01; 9.810000e+04; 8.323448e-01; 2.699746e+03; 9.004531e-01; 5.244168e+04; 8.543692e-01
1.700000e+01; 9.810000e+04; 8.332151e-01; 1.739538e+03; 9.014537e-01; 5.161282e+04; 8.553705e-01
1.700500e+01; 9.810000e+04; 8.341055e-01; 7.793071e+02; 9.024551e-01; 5.078092e+04; 8.563841e-01
1.701000e+01; 9.810000e+04; 8.350162e-01; -1.809265e+02; 9.034574e-01; 4.994734e+04; 8.574090e-01
1.701500e+01; 9.810000e+04; 8.359474e-01; -1.141201e+03; 9.044606e-01; 4.911359e+04; 8.584441e-01
1.702000e+01; 9.810000e+04; 8.368992e-01; -2.101522e+03; 9.054647e-01; 4.828124e+04; 8.594883e-01
1.702500e+01; 9.810000e+04; 8.378717e-01; -3.061878e+03; 9.064696e-01; 4.745176e+04; 8.605405e-01
1.703000e+01; 9.810000e+04; 8.388650e-01; -4.022266e+03; 9.074755e-01; 4.662644e+04; 8.615999e-01
1.703500e+01; 9.810000e+04; 8.398793e-01; -4.982685e+03; 9.084822e-01; 4.580631e+04; 8.626659e-01
1.704000e+01; 9.810000e+04; 8.409145e-01; -5.943150e+03; 9.094898e-01; 4.499209e+04; 8.637381e-01
1.704500e+01; 9.810000e+04; 8.419708e-01; -6.903651e+03; 9.104983e-01; 4.418422e+04; 8.648166e-01
1.705000e+01; 9.810000e+04; 8.430482e-01; -7.864195e+03; 9.115076e-01; 4.338285e+04; 8.659013e-01
1.705500e+01; 9.810000e+04; 8.441467e-01; -8.824788e+03; 9.125180e-01; 4.258796e+04; 8.669927e-01
1.706000e+01; 9.810000e+04; 8.452664e-01; -9.785434e+03; 9.135292e-01; 4.179940e+04; 8.680912e-01
1.706500e+01; 9.810000e+04; 8.464071e-01; -1.074614e+04; 9.145414e-01; 4.101691e+04; 8.691970e-01
1.707000e+01; 9.810000e+04; 8.475690e-01; -1.170692e+04; 9.155546e-01; 4.024025e+04; 8.703105e-01
1.707500e+01; 9.810000e+04; 8.487519e-01; -1.266778e+04; 9.165688e-01; 3.946917e+04; 8.714320e-01
1.708000e+01; 9.810000e+04; 8.499557e-01; -1.362870e+04; 9.175840e-01; 3.870346e+04; 8.725617e-01
1.708500e+01; 9.810000e+04; 8.511805e-01; -1.458969e+04; 9.186003e-01; 3.794294e+04; 8.736998e-01
1.709000e+01; 9.810000e+04; 8.524261e-01; -1.555077e+04; 9.196177e-01; 3.718748e+04; 8.748461e-01
1.709500e+01; 9.810000e+04; 8.536924e-01; -1.651192e+04; 9.206361e-01; 3.643697e+04; 8.760007e-01
1.710000e+01; 9.810000e+04; 8.549792e-01; -1.747316e+04; 9.216558e-01; 3.569133e+04; 8.771634e-01
1.710500e+01; 9.810000e+04; 8.562864e-01; -1.843446e+04; 9.226765e-01; 3.495051e+04; 8.783343e-01
1.711000e+01; 9.810000e+04; 8.576138e-01; -1.939578e+04; 9.236985e-01; 3.421446e+04; 8.795130e-01
1.711500e+01; 9.810000e+04; 8.589613e-01; -2.035712e+04; 9.247217e-01; 3.348315e+04; 8.806994e-01
1.712000e+01; 9.810000e+04; 8.603286e-01; -2.131845e+04; 9.257462e-01; 3.275658e+04; 8.818935e-01
1.712500e+01; 9.810000e+04; 8.617155e-01; -2.227972e+04; 9.267720e-01; 3.203475e+04; 8.830951e-01
1.713000e+01; 9.810000e+04; 8.631218e-01; -2.324087e+04; 9.277991e-01; 3.131771e+04; 8.843040e-01
1.713500e+01; 9.810000e+04; 8.645473e-01; -2.420181e+04; 9.288275e-01; 3.060550e+04; 8.855203e-01
1.714000e+01; 9.810000e+04; 8.659916e-01; -2.516251e+04; 9.298574e-01; 2.989823e+04; 8.867438e-01
1.714500e+01; 9.810000e+04; 8.674545e-01; -2.612283e+04; 9.308887e-01; 2.919601e+04; 8.879746e-01
1.715000e+01; 9.810000e+04; 8.689358e-01; -2.708257e+04; 9.319213e-01; 2.849898e+04; 8.892128e-01
1.715500e+01; 9.810000e+04; 8.704351e-01; -2.804164e+04; 9.329555e-01; 2.780732e+04; 8.904583e-01
1.716000e+01; 9.810000e+04; 8.719523e-01; -2.899983e+04; 9.339911e-01; 2.712124e+04; 8.917114e-01
1.716500e+01; 9.810000e+04; 8.734871e-01; -2.995693e+04; 9.350281e-01; 2.644096e+04; 8.929721e-01
1.717000e+01; 9.810000e+04; 8.750393e-01; -3.091274e+04; 9.360667e-01; 2.576671e+04; 8.942405e-01
1.717500e+01; 9.810000e+04; 8.766087e-01; -3.186697e+04; 9.371067e-01; 2.509875e+04; 8.955169e-01
1.718000e+01; 9.810000e+04; 8.781951e-01; -3.281935e+04; 9.381482e-01; 2.443735e+04; 8.968015e-01
1.718500e+01; 9.810000e+04; 8.797985e-01; -3.376955e+04; 9.391912e-01; 2.378276e+04; 8.980944e-01
1.719000e+01; 9.810000e+04; 8.814188e-01; -3.471724e+04; 9.402356e-01; 2.313524e+04; 8.993959e-01
1.719500e+01; 9.810000e+04; 8.830560e-01; -3.566205e+04; 9.412815e-01; 2.249507e+04; 9.007061e-01
1.720000e+01; 9.810000e+04; 8.847100e-01; -3.660359e+04; 9.423288e-01; 2.186248e+04; 9.020252e-01
1.720500e+01; 9.810000e+04; 8.863808e-01; -3.754145e+04; 9.433775e-01; 2.123772e+04; 9.033534e-01
1.721000e+01; 9.810000e+04; 8.880686e-01; -3.847518e+04; 9.444275e-01; 2.062101e+04; 9.046909e-01
1.721500e+01; 9.810000e+04; 8.897732e-01; -3.940432e+04; 9.454788e-01; 2.001257e+04; 9.060379e-01
1.722000e+01; 9.810000e+04; 8.914945e-01; -4.032841e+04; 9.465314e-01; 1.941259e+04; 9.073945e-01
1.722500e+01; 9.810000e+04; 8.932324e-01; -4.124695e+04; 9.475852e-01; 1.882126e+04; 9.087609e-01
1.723000e+01; 9.810000e+04; 8.949865e-01; -4.215945e+04; 9.486401e-01; 1.823875e+04; 9.101371e-01
1.723500e+01; 9.810000e+04; 8.967563e-01; -4.306540e+04; 9.496960e-01; 1.766520e+04; 9.115234e-01
1.724000e+01; 9.810000e+04; 8.985413e-01; -4.396430e+04; 9.507530e-01; 1.710077e+04; 9.129199e-01
1.724500e+01; 9.810000e+04; 9.003405e-01; -4.485563e+04; 9.518109e-01; 1.654559e+04; 9.143266e-01
1.725000e+01; 9.810000e+04; 9.021531e-01; -4.573889e+04; 9.528696e-01; 1.599976e+04; 9.157436e-01
1.725500e+01; 9.810000e+04; 9.039779e-01; -4.661360e+04; 9.539291e-01; 1.546340e+04; 9.171711e-01
1.726000e+01; 9.810000e+04; 9.058137e-01; -4.747924e+04; 9.549892e-01; 1.493661e+04; 9.186092e-01
1.726500e+01; 9.810000e+04; 9.076592e-01; -4.833534e+04; 9.560500e-01; 1.441945e+04; 9.200578e-01
1.727000e+01; 9.810000e+04; 9.095132e-01; -4.918143e+04; 9.571113e-01; 1.391201e+04; 9.215171e-01
1.727500e+01; 9.810000e+04; 9.113745e-01; -5.001707e+04; 9.581730e-01; 1.341435e+04; 9.229872e-01
1.728000e+01; 9.810000e+04; 9.132417e-01; -5.084181e+04; 9.592351e-01; 1.292652e+04; 9.244680e-01
1.728500e+01; 9.810000e+04; 9.151140e-01; -5.165524e+04; 9.602974e-01; 1.244857e+04; 9.259597e-01
1.729000e+01; 9.810000e+04; 9.169905e-01; -5.245695e+04; 9.613598e-01; 1.198053e+04; 9.274623e-01
1.729500e+01; 9.810000e+04; 9.188704e-01; -5.324655e+04; 9.624222e-01; 1.152242e+04; 9.289757e-01
1.730000e+01; 9.810000e+04; 9.207532e-01; -5.402375e+04; 9.634846e-01; 1.107426e+04; 9.305001e-01
1.730500e+01; 9.810000e+04; 9.226385e-01; -5.478809e+04; 9.645465e-01; 1.063606e+04; 9.320355e-01
1.731000e+01; 9.810000e+04; 9.245261e-01; -5.553920e+04; 9.656080e-01; 1.020781e+04; 9.335818e-01
1.731500e+01; 9.810000e+04; 9.264159e-01; -5.627687e+04; 9.666688e-01; 9.789489e+03; 9.351391e-01
1.732000e+01; 9.810000e+04; 9.283080e-01; -5.700072e+04; 9.677286e-01; 9.381087e+03; 9.367074e-01
1.732500e+01; 9.810000e+04; 9.302022e-01; -5.771040e+04; 9.687873e-01; 8.982568e+03; 9.382866e-01
1.733000e+01; 9.810000e+04; 9.320989e-01; -5.840561e+04; 9.698444e-01; 8.593895e+03; 9.398767e-01
1.733500e+01; 9.810000e+04; 9.339979e-01; -5.908615e+04; 9.709000e-01; 8.215019e+03; 9.414778e-01
1.734000e+01; 9.810000e+04; 9.358996e-01; -5.975163e+04; 9.719533e-01; 7.845886e+03; 9.430896e-01
1.734500e+01; 9.810000e+04; 9.378039e-01; -6.040158e+04; 9.730040e-01; 7.486434e+03; 9.447123e-01
1.735000e+01; 9.810000e+04; 9.397109e-01; -6.103575e+04; 9.740517e-01; 7.136598e+03; 9.463457e-01
1.735500e+01; 9.810000e+04; 9.416206e-01; -6.165372e+04; 9.750960e-01; 6.796304e+03; 9.479898e-01
1.736000e+01; 9.810000e+04; 9.435331e-01; -6.225514e+04; 9.761364e-01; 6.465478e+03; 9.496445e-01
1.736500e+01; 9.810000e+04; 9.454484e-01; -6.283965e+04; 9.771726e-01; 6.144041e+03; 9.513097e-01
1.737000e+01; 9.810000e+04; 9.473663e-01; -6.340689e+04; 9.782042e-01; 5.831915e+03; 9.529852e-01
1.737500e+01; 9.810000e+04; 9.492869e-01; -6.395648e+04; 9.792307e-01; 5.529023e+03; 9.546709e-01
1.738000e+01; 9.810000e+04; 9.512100e-01; -6.448810e+04; 9.802519e-01; 5.235291e+03; 9.563668e-01
1.738500e+01; 9.810000e+04; 9.531356e-01; -6.500134e+04; 9.812673e-01; 4.950649e+03; 9.580727e-01
1.739000e+01; 9.810000e+04; 9.550635e-01; -6.549583e+04; 9.822769e-01; 4.675036e+03; 9.597884e-01
1.739500e+01; 9.810000e+04; 9.569936e-01; -6.597127e+04; 9.832803e-01; 4.408399e+03; 9.615138e-01
1.740000e+01; 9.810000e+04; 9.589259e-01; -6.642729e+04; 9.842774e-01; 4.150700e+03; 9.632486e-01
1.740500e+01; 9.810000e+04; 9.608603e-01; -6.686360e+04; 9.852681e-01; 3.901913e+03; 9.649927e-01
1.741000e+01; 9.810000e+04; 9.627966e-01; -6.727992e+04; 9.862524e-01; 3.662030e+03; 9.667460e-01
1.741500e+01; 9.810000e+04; 9.647347e-01; -6.767598e+04; 9.872303e-01; 3.431058e+03; 9.685081e-01
1.742000e+01; 9.810000e+04; 9.666747e-01; -6.805154e+04; 9.882019e-01; 3.209026e+03; 9.702789e-01
1.742500e+01; 9.810000e+04; 9.686163e-01; -6.840639e+04; 9.891673e-01; 2.995983e+03; 9.720583e-01
1.743000e+01; 9.810000e+04; 9.705595e-01; -6.874031e+04; 9.901267e-01; 2.791995e+03; 9.738459e-01
1.743500e+01; 9.810000e+04; 9.725042e-01; -6.905309e+04; 9.910802e-01; 2.597146e+03; 9.756415e-01
1.744000e+01; 9.810000e+04; 9.744504e-01; -6.934457e+04; 9.920280e-01; 2.411537e+03; 9.774448e-01
1.744500e+01; 9.810000e+04; 9.763980e-01; -6.961463e+04; 9.929705e-01; 2.235279e+03; 9.792557e-01
1.745000e+01; 9.810000e+04; 9.783469e-01; -6.986308e+04; 9.939078e-01; 2.068490e+03; 9.810739e-01
1.745500e+01; 9.810000e+04; 9.802972e-01; -7.008980e+04; 9.948401e-01; 1.911290e+03; 9.828989e-01
1.746000e+01; 9.810000e+04; 9.822486e-01; -7.029467e+04; 9.957678e-01; 1.763794e+03; 9.847305e-01
1.746500e+01; 9.810000e+04; 9.842013e-01; -7.047755e+04; 9.966910e-01; 1.626106e+03; 9.865683e-01
1.747000e+01; 9.810000e+04; 9.861551e-01; -7.063836e+04; 9.976100e-01; 1.498310e+03; 9.884119e-01
1.747500e+01; 9.810000e+04; 9.881101e-01; -7.077697e+04; 9.985249e-01; 1.380466e+03; 9.902608e-01
1.748000e+01; 9.810000e+04; 9.900661e-01; -7.089332e+04; 9.994361e-01; 1.272608e+03; 9.921146e-01
1.748500e+01; 9.810000e+04; 9.920232e-01; -7.098734e+04; 1.000344e+00; 1.174732e+03; 9.939727e-01
1.749000e+01; 9.810000e+04; 9.939814e-01; -7.105893e+04; 1.001248e+00; 1.086803e+03; 9.958345e-01
1.749500e+01; 9.810000e+04; 9.959406e-01; -7.110810e+04; 1.002149e+00; 1.008749e+03; 9.976994e-01
1.750000e+01; 9.810000e+04; 9.979008e-01; -7.113478e+04; 1.003047e+00; 9.404664e+02; 9.995667e-01
1.750500e+01; 9.810000e+04; 9.998620e-01; -7.113895e+04; 1.003942e+00; 8.818244e+02; 1.001436e+00
1.751000e+01; 9.810000e+04; 1.001824e+00; -7.112063e+04; 1.004835e+00; 8.326703e+02; 1.003306e+00
1.751500e+01; 9.810000e+04; 1.003787e+00; -7.107983e+04; 1.005725e+00; 7.928383e+02; 1.005176e+00
1.752000e+01; 9.810000e+04; 1.005751e+00; -7.101661e+04; 1.006613e+00; 7.621588e+02; 1.007046e+00
1.752500e+01; 9.810000e+04; 1.007717e+00; -7.093101e+04; 1.007499e+00; 7.404677e+02; 1.008915e+00
1.753000e+01; 9.810000e+04; 1.009683e+00; -7.082311e+04; 1.008383e+00; 7.276166e+02; 1.010783e+00
1.753500e+01; 9.810000e+04; 1.011650e+00; -7.069300e+04; 1.009266e+00; 7.234814e+02; 1.012647e+00
1.754000e+01; 9.810000e+04; 1.013618e+00; -7.054080e+04; 1.010147e+00; 7.279706e+02; 1.014509e+00
1.754500e+01; 9.810000e+04; 1.015587e+00; -7.036662e+04; 1.011027e+00; 7.410318e+02; 1.016367e+00
1.755000e+01; 9.810000e+04; 1.017557e+00; -7.017063e+04; 1.011905e+00; 7.626563e+02; 1.018221e+00
1.755500e+01; 9.810000e+04; 1.019528e+00; -6.995297e+04; 1.012783e+00; 7.928816e+02; 1.020070e+00
1.756000e+01; 9.810000e+04; 1.021500e+00; -6.971384e+04; 1.013660e+00; 8.317930e+02; 1.021914e+00
1.756500e+01; 9.810000e+04; 1.023473e+00; -6.945343e+04; 1.014536e+00; 8.795217e+02; 1.023753e+00
1.757000e+01; 9.810000e+04; 1.025447e+00; -6.917194e+04; 1.015412e+00; 9.362432e+02; 1.025585e+00
1.757500e+01; 9.810000e+04; 1.027422e+00; -6.886960e+04; 1.016288e+00; 1.002173e+03; 1.027411e+00
1.758000e+01; 9.810000e+04; 1.029399e+00; -6.854664e+04; 1.017164e+00; 1.077561e+03; 1.029230e+00
1.758500e+01; 9.810000e+04; 1.031376e+00; -6.820333e+04; 1.018040e+00; 1.162687e+03; 1.031042e+00
1.759000e+01; 9.810000e+04; 1.033355e+00; -6.783992e+04; 1.018916e+00; 1.257856e+03; 1.032847e+00
1.759500e+01; 9.810000e+04; 1.035334e+00; -6.745669e+04; 1.019793e+00; 1.363387e+03; 1.034644e+00
1.760000e+01; 9.810000e+04; 1.037315e+00; -6.705392e+04; 1.020671e+00; 1.479612e+03; 1.036432e+00
1.760500e+01; 9.810000e+04; 1.039296e+00; -6.663192e+04; 1.021549e+00; 1.606866e+03; 1.038212e+00
1.761000e+01; 9.810000e+04; 1.041279e+00; -6.619099e+04; 1.022429e+00; 1.745486e+03; 1.039983e+00
1.761500e+01; 9.810000e+04; 1.043262e+00; -6.573144e+04; 1.023309e+00; 1.895799e+03; 1.041745e+00
1.762000e+01; 9.810000e+04; 1.045247e+00; -6.525360e+04; 1.024191e+00; 2.058124e+03; 1.043497e+00
1.762500e+01; 9.810000e+04; 1.047232e+00; -6.475780e+04; 1.025075e+00; 2.232763e+03; 1.045240e+00
1.763000e+01; 9.810000e+04; 1.049218e+00; -6.424436e+04; 1.025960e+00; 2.420001e+03; 1.046972e+00
1.763500e+01; 9.810000e+04; 1.051205e+00; -6.371363e+04; 1.026847e+00; 2.620099e+03; 1.048693e+00
1.764000e+01; 9.810000e+04; 1.053192e+00; -6.316595e+04; 1.027736e+00; 2.833296e+03; 1.050404e+00
1.764500e+01; 9.810000e+04; 1.055180e+00; -6.260169e+04; 1.028627e+00; 3.059803e+03; 1.052103e+00
1.765000e+01; 9.810000e+04; 1.057168e+00; -6.202120e+04; 1.029520e+00; 3.299805e+03; 1.053791e+00
1.765500e+01; 9.810000e+04; 1.059156e+00; -6.142484e+04; 1.030416e+00; 3.553461e+03; 1.055468e+00
1.766000e+01; 9.810000e+04; 1.061144e+00; -6.081298e+04; 1.031315e+00; 3.820898e+03; 1.057132e+00
1.766500e+01; 9.810000e+04; 1.063132e+00; -6.018599e+04; 1.032216e+00; 4.102220e+03; 1.058785e+00
1.767000e+01; 9.810000e+04; 1.065119e+00; -5.954425e+04; 1.033120e+00; 4.397503e+03; 1.060425e+00
1.767500e+01; 9.810000e+04; 1.067105e+00; -5.888814e+04; 1.034028e+00; 4.706800e+03; 1.062053e+00
1.768000e+01; 9.810000e+04; 1.069090e+00; -5.821807e+04; 1.034939e+00; 5.030138e+03; 1.063669e+00
1.768500e+01; 9.810000e+04; 1.071074e+00; -5.753442e+04; 1.035853e+00; 5.367528e+03; 1.065272e+00
1.769000e+01; 9.810000e+04; 1.073056e+00; -5.683760e+04; 1.036772e+00; 5.718961e+03; 1.066863e+00
1.769500e+01; 9.810000e+04; 1.075036e+00; -5.612802e+04; 1.037694e+00; 6.084412e+03; 1.068441e+00
1.770000e+01; 9.810000e+04; 1.077013e+00; -5.540610e+04; 1.038621e+00; 6.463843e+03; 1.070007e+00
1.770500e+01; 9.810000e+04; 1.078988e+00; -5.467225e+04; 1.039552e+00; 6.857207e+03; 1.071559e+00
1.771000e+01; 9.810000e+04; 1.080959e+00; -5.392689e+04; 1.040487e+00; 7.264443e+03; 1.073100e+00
1.771500e+01; 9.810000e+04; 1.082926e+00; -5.317046e+04; 1.041426e+00; 7.685488e+03; 1.074628e+00
1.772000e+01; 9.810000e+04; 1.084889e+00; -5.240335e+04; 1.042370e+00; 8.120269e+03; 1.076143e+00
1.772500e+01; 9.810000e+04; 1.086847e+00; -5.162600e+04; 1.043319e+00; 8.568709e+03; 1.077646e+00
1.773000e+01; 9.810000e+04; 1.088799e+00; -5.083878e+04; 1.044272e+00; 9.030725e+03; 1.079137e+00
1.773500e+01; 9.810000e+04; 1.090747e+00; -5.004211e+04; 1.045229e+00; 9.506233e+03; 1.080615e+00
1.774000e+01; 9.810000e+04; 1.092687e+00; -4.923634e+04; 1.046189e+00; 9.995143e+03; 1.082081e+00
1.774500e+01; 9.810000e+04; 1.094621e+00; -4.842182e+04; 1.047154e+00; 1.049736e+04; 1.083534e+00
1.775000e+01; 9.810000e+04; 1.096548e+00; -4.759888e+04; 1.048122e+00; 1.101278e+04; 1.084976e+00
1.775500e+01; 9.810000e+04; 1.098467e+00; -4.676784e+04; 1.049092e+00; 1.154131e+04; 1.086405e+00
1.776000e+01; 9.810000e+04; 1.100377e+00; -4.592899e+04; 1.050066e+00; 1.208284e+04; 1.087823e+00
1.776500e+01; 9.810000e+04; 1.102279e+00; -4.508253e+04; 1.051041e+00; 1.263725e+04; 1.089228e+00
1.777000e+01; 9.810000e+04; 1.104171e+00; -4.422873e+04; 1.052018e+00; 1.320442e+04; 1.090622e+00
1.777500e+01; 9.810000e+04; 1.106053e+00; -4.336781e+04; 1.052996e+00; 1.378423e+04; 1.092005e+00
1.778000e+01; 9.810000e+04; 1.107924e+00; -4.250001e+04; 1.053975e+00; 1.437654e+04; 1.093376e+00
1.778500e+01; 9.810000e+04; 1.109785e+00; -4.162548e+04; 1.054953e+00; 1.498121e+04; 1.094735e+00
1.779000e+01; 9.810000e+04; 1.111633e+00; -4.074436e+04; 1.055932e+00; 1.559811e+04; 1.096083e+00
1.779500e+01; 9.810000e+04; 1.113470e+00; -3.985691e+04; 1.056910e+00; 1.622706e+04; 1.097421e+00
1.780000e+01; 9.810000e+04; 1.115293e+00; -3.896338e+04; 1.057887e+00; 1.686792e+04; 1.098747e+00
1.780500e+01; 9.810000e+04; 1.117103e+00; -3.806391e+04; 1.058863e+00; 1.752051e+04; 1.100063e+00
1.781000e+01; 9.810000e+04; 1.118900e+00; -3.715873e+04; 1.059838e+00; 1.818465e+04; 1.101369e+00
1.781500e+01; 9.810000e+04; 1.120681e+00; -3.624794e+04; 1.060811e+00; 1.886017e+04; 1.102664e+00
1.782000e+01; 9.809999e+04; 1.122448e+00; -3.533186e+04; 1.061782e+00; 1.954688e+04; 1.103949e+00
1.782500e+01; 9.809999e+04; 1.124198e+00; -3.441082e+04; 1.062752e+00; 2.024457e+04; 1.105224e+00
1.783000e+01; 9.809999e+04; 1.125932e+00; -3.348496e+04; 1.063721e+00; 2.095304e+04; 1.106489e+00
1.783500e+01; 9.809999e+04; 1.127650e+00; -3.255454e+04; 1.064688e+00; 2.167207e+04; 1.107745e+00
1.784000e+01; 9.809999e+04; 1.129349e+00; -3.161990e+04; 1.065654e+00; 2.240146e+04; 1.108991e+00
1.784500e+01; 9.809999e+04; 1.131030e+00; -3.068116e+04; 1.066619e+00; 2.314096e+04; 1.110229e+00
1.785000e+01; 9.809999e+04; 1.132693e+00; -2.973862e+04; 1.067582e+00; 2.389035e+04; 1.111457e+00
1.785500e+01; 9.809999e+04; 1.134335e+00; -2.879244e+04; 1.068545e+00; 2.464938e+04; 1.112677e+00
1.786000e+01; 9.809999e+04; 1.135958e+00; -2.784267e+04; 1.069507e+00; 2.541779e+04; 1.113889e+00
1.786500e+01; 9.809999e+04; 1.137560e+00; -2.688984e+04; 1.070468e+00; 2.619532e+04; 1.115092e+00
1.787000e+01; 9.809999e+04; 1.139140e+00; -2.593416e+04; 1.071429e+00; 2.698170e+04; 1.116287e+00
1.787500e+01; 9.809999e+04; 1.140699e+00; -2.497554e+04; 1.072389e+00; 2.777665e+04; 1.117474e+00
1.788000e+01; 9.809999e+04; 1.142235e+00; -2.401416e+04; 1.073349e+00; 2.857987e+04; 1.118654e+00
1.788500e+01; 9.809999e+04; 1.143748e+00; -2.305024e+04; 1.074308e+00; 2.939105e+04; 1.119826e+00
1.789000e+01; 9.809999e+04; 1.145237e+00; -2.208385e+04; 1.075268e+00; 3.020988e+04; 1.120991e+00
1.789500e+01; 9.809999e+04; 1.146702e+00; -2.111522e+04; 1.076227e+00; 3.103603e+04; 1.122149e+00
1.790000e+01; 9.809999e+04; 1.148144e+00; -2.014451e+04; 1.077187e+00; 3.186915e+04; 1.123300e+00
1.790500e+01; 9.809999e+04; 1.149560e+00; -1.917170e+04; 1.078146e+00; 3.270888e+04; 1.124445e+00
1.791000e+01; 9.809999e+04; 1.150952e+00; -1.819686e+04; 1.079105e+00; 3.355486e+04; 1.125582e+00
1.791500e+01; 9.809999e+04; 1.152318e+00; -1.722014e+04; 1.080065e+00; 3.440670e+04; 1.126714e+00
1.792000e+01; 9.809999e+04; 1.153658e+00; -1.624158e+04; 1.081024e+00; 3.526400e+04; 1.127839e+00
1.792500e+01; 9.810000e+04; 1.154973e+00; -1.526133e+04; 1.081984e+00; 3.612636e+04; 1.128958e+00
1.793000e+01; 9.810000e+04; 1.156262e+00; -1.427941e+04; 1.082943e+00; 3.699336e+04; 1.130071e+00
1.793500e+01; 9.810000e+04; 1.157525e+00; -1.329589e+04; 1.083903e+00; 3.786458e+04; 1.131179e+00
1.794000e+01; 9.810000e+04; 1.158761e+00; -1.231084e+04; 1.084862e+00; 3.873959e+04; 1.132280e+00
1.794500e+01; 9.810000e+04; 1.159972e+00; -1.132431e+04; 1.085822e+00; 3.961795e+04; 1.133376e+00
1.795000e+01; 9.810000e+04; 1.161156e+00; -1.033636e+04; 1.086781e+00; 4.049924e+04; 1.134466e+00
1.795500e+01; 9.810000e+04; 1.162314e+00; -9.347089e+03; 1.087741e+00; 4.138302e+04; 1.135551e+00
1.796000e+01; 9.810000e+04; 1.163446e+00; -8.356511e+03; 1.088701e+00; 4.226887e+04; 1.136630e+00
1.796500e+01; 9.810000e+04; 1.164552e+00; -7.364645e+03; 1.089661e+00; 4.315638e+04; 1.137704e+00
1.797000e+01; 9.810000e+04; 1.165632e+00; -6.371579e+03; 1.090620e+00; 4.404513e+04; 1.138771e+00
1.797500e+01; 9.810000e+04; 1.166686e+00; -5.377326e+03; 1.091580e+00; 4.493476e+04; 1.139834e+00
1.798000e+01; 9.810000e+04; 1.167714e+00; -4.381920e+03; 1.092540e+00; 4.582488e+04; 1.140890e+00
1.798500e+01; 9.810000e+04; 1.168717e+00; -3.385404e+03; 1.093500e+00; 4.671514e+04; 1.141940e+00
1.799000e+01; 9.810000e+04; 1.169694e+00; -2.387807e+03; 1.094460e+00; 4.760523e+04; 1.142984e+00
1.799500e+01; 9.810000e+04; 1.170646e+00; -1.389132e+03; 1.095420e+00; 4.849482e+04; 1.144022e+00
1.800000e+01; 9.810000e+04; 1.171572e+00; -3.894022e+02; 1.096381e+00; 4.938364e+04; 1.145053e+00
1.800500e+01; 9.810000e+04; 1.172474e+00; 6.113562e+02; 1.097341e+00; 5.027140e+04; 1.146077e+00
1.801000e+01; 9.810000e+04; 1.173351e+00; 1.613132e+03; 1.098301e+00; 5.115787e+04; 1.147095e+00
1.801500e+01; 9.810000e+04; 1.174203e+00; 2.615916e+03; 1.099261e+00; 5.204280e+04; 1.148104e+00
1.802000e+01; 9.810000e+04; 1.175031e+00; 3.619685e+03; 1.100222e+00; 5.292595e+04; 1.149106e+00
1.802500e+01; 9.810000e+04; 1.175835e+00; 4.624442e+03; 1.101182e+00; 5.380711e+04; 1.150100e+00
1.803000e+01; 9.810000e+04; 1.176615e+00; 5.630200e+03; 1.102142e+00; 5.468605e+04; 1.151086e+00
1.803500e+01; 9.810000e+04; 1.177372e+00; 6.636934e+03; 1.103103e+00; 5.556254e+04; 1.152063e+00
1.804000e+01; 9.810000e+04; 1.178105e+00; 7.644655e+03; 1.104063e+00; 5.643635e+04; 1.153031e+00
1.804500e+01; 9.810000e+04; 1.178816e+00; 8.653354e+03; 1.105024e+00; 5.730721e+04; 1.153989e+00
1.805000e+01; 9.810000e+04; 1.179504e+00; 9.663029e+03; 1.105984e+00; 5.817487e+04; 1.154938e+00
1.805500e+01; 9.810000e+04; 1.180170e+00; 1.067370e+04; 1.106945e+00; 5.903904e+04; 1.155877e+00
1.806000e+01; 9.810000e+04; 1.180814e+00; 1.168537e+04; 1.107905e+00; 5.989940e+04; 1.156805e+00
1.806500e+01; 9.810000e+04; 1.181437e+00; 1.269807e+04; 1.108866e+00; 6.075565e+04; 1.157724e+00
1.807000e+01; 9.810000e+04; 1.182038e+00; 1.371182e+04; 1.109826e+00; 6.160741e+04; 1.158631e+00
1.807500e+01; 9.810000e+04; 1.182619e+00; 1.472662e+04; 1.110787e+00; 6.245432e+04; 1.159527e+00
1.808000e+01; 9.810000e+04; 1.183180e+00; 1.574246e+04; 1.111747e+00; 6.329599e+04; 1.160413e+00
1.808500e+01; 9.810000e+04; 1.183720e+00; 1.675935e+04; 1.112707e+00; 6.413202e+04; 1.161287e+00
1.809000e+01; 9.810000e+04; 1.184241e+00; 1.777732e+04; 1.113667e+00; 6.496198e+04; 1.162149e+00
1.809500e+01; 9.810000e+04; 1.184743e+00; 1.879636e+04; 1.114627e+00; 6.578545e+04; 1.163000e+00
1.810000e+01; 9.810000e+04; 1.185227e+00; 1.981652e+04; 1.115586e+00; 6.660200e+04; 1.163839e+00
1.810500e+01; 9.810000e+04; 1.185692e+00; 2.083777e+04; 1.116546e+00; 6.741119e+04; 1.164666e+00
1.811000e+01; 9.810000e+04; 1.186139e+00; 2.186015e+04; 1.117504e+00; 6.821260e+04; 1.165481e+00
1.811500e+01; 9.810000e+04; 1.186570e+00; 2.288367e+04; 1.118463e+00; 6.900582e+04; 1.166283e+00
1.812000e+01; 9.810000e+04; 1.186983e+00; 2.390833e+04; 1.119420e+00; 6.979042e+04; 1.167073e+00
1.812500e+01; 9.810000e+04; 1.187381e+00; 2.493415e+04; 1.120378e+00; 7.056602e+04; 1.167850e+00
1.813000e+01; 9.810000e+04; 1.187762e+00; 2.596113e+04; 1.121334e+00; 7.133224e+04; 1.168615e+00
1.813500e+01; 9.810000e+04; 1.188128e+00; 2.698928e+04; 1.122289e+00; 7.208872e+04; 1.169367e+00
1.814000e+01; 9.810000e+04; 1.188480e+00; 2.801861e+04; 1.123243e+00; 7.283514e+04; 1.170106e+00
1.814500e+01; 9.810000e+04; 1.188817e+00; 2.904913e+04; 1.124196e+00; 7.357118e+04; 1.170832e+00
1.815000e+01; 9.810000e+04; 1.189141e+00; 3.008083e+04; 1.125148e+00; 7.429656e+04; 1.171544e+00
1.815500e+01; 9.810000e+04; 1.189451e+00; 3.111372e+04; 1.126098e+00; 7.501101e+04; 1.172243e+00
1.816000e+01; 9.810000e+04; 1.189749e+00; 3.214780e+04; 1.127046e+00; 7.571431e+04; 1.172929e+00
1.816500e+01; 9.810000e+04; 1.190034e+00; 3.318304e+04; 1.127992e+00; 7.640623e+04; 1.173602e+00
1.817000e+01; 9.810000e+04; 1.190308e+00; 3.421943e+04; 1.128936e+00; 7.708661e+04; 1.174261e+00
1.817500e+01; 9.810000e+04; 1.190571e+00; 3.525697e+04; 1.129877e+00; 7.775526e+04; 1.174907e+00
1.818000e+01; 9.810000e+04; 1.190823e+00; 3.629565e+04; 1.130816e+00; 7.841207e+04; 1.175539e+00
1.818500e+01; 9.810000e+04; 1.191065e+00; 3.733544e+04; 1.131751e+00; 7.905690e+04; 1.176157e+00
1.819000e+01; 9.810000e+04; 1.191297e+00; 3.837634e+04; 1.132683e+00; 7.968966e+04; 1.176762e+00
1.819500e+01; 9.810000e+04; 1.191520e+00; 3.941834e+04; 1.133611e+00; 8.031028e+04; 1.177353e+00
1.820000e+01; 9.810000e+04; 1.191734e+00; 4.046139e+04; 1.134535e+00; 8.091870e+04; 1.177930e+00
1.820500e+01; 9.810000e+04; 1.191940e+00; 4.150548e+04; 1.135454e+00; 8.151488e+04; 1.178494e+00
1.821000e+01; 9.810000e+04; 1.192138e+00; 4.255055e+04; 1.136369e+00; 8.209880e+04; 1.179044e+00
1.821500e+01; 9.810000e+04; 1.192328e+00; 4.359657e+04; 1.137278e+00; 8.267044e+04; 1.179581e+00
1.822000e+01; 9.810000e+04; 1.192511e+00; 4.464349e+04; 1.138182e+00; 8.322981e+04; 1.180104e+00
1.822500e+01; 9.810000e+04; 1.192686e+00; 4.569126e+04; 1.139080e+00; 8.377693e+04; 1.180614e+00
1.823000e+01; 9.810000e+04; 1.192855e+00; 4.673981e+04; 1.139972e+00; 8.431184e+04; 1.181110e+00
1.823500e+01; 9.810000e+04; 1.193018e+00; 4.778910e+04; 1.140856e+00; 8.483457e+04; 1.181593e+00
1.824000e+01; 9.810000e+04; 1.193173e+00; 4.883905e+04; 1.141734e+00; 8.534518e+04; 1.182063e+00
1.824500e+01; 9.810000e+04; 1.193323e+00; 4.988958e+04; 1.142604e+00; 8.584374e+04; 1.182520e+00
1.825000e+01; 9.810000e+04; 1.193467e+00; 5.094063e+04; 1.143465e+00; 8.633032e+04; 1.182964e+00
1.825500e+01; 9.810000e+04; 1.193604e+00; 5.199210e+04; 1.144319e+00; 8.680501e+04; 1.183395e+00
1.826000e+01; 9.810000e+04; 1.193735e+00; 5.362213e+04; 1.144319e+00; 8.726790e+04; 1.183814e+00
1.826500e+01; 9.810000e+04; 1.193860e+00; 5.420321e+04; 1.146337e+00; 8.771910e+04; 1.184219e+00
1.827000e+01; 9.810000e+04; 1.193979e+00; 5.524391e+04; 1.146337e+00; 8.815872e+04; 1.184612e+00
1.827500e+01; 9.810000e+04; 1.194092e+00; 5.689746e+04; 1.147033e+00; 8.858688e+04; 1.184993e+00
1.828000e+01; 9.810000e+04; 1.194199e+00; 5.765298e+04; 1.148059e+00; 8.900372e+04; 1.185361e+00
1.828500e+01; 9.810000e+04; 1.194300e+00; 5.862704e+04; 1.148965e+00; 8.940937e+04; 1.185718e+00
1.829000e+01; 9.810000e+04; 1.194395e+00; 5.964739e+04; 1.149680e+00; 8.980398e+04; 1.186062e+00
1.829500e+01; 9.810000e+04; 1.194483e+00; 6.082607e+04; 1.150362e+00; 9.018772e+04; 1.186394e+00
1.830000e+01; 9.810000e+04; 1.194566e+00; 6.186622e+04; 1.151136e+00; 9.056074e+04; 1.186715e+00
1.830500e+01; 9.810000e+04; 1.194642e+00; 6.288468e+04; 1.151934e+00; 9.092323e+04; 1.187024e+00
1.831000e+01; 9.810000e+04; 1.194713e+00; 6.388684e+04; 1.152689e+00; 9.127537e+04; 1.187322e+00
1.831500e+01; 9.810000e+04; 1.194778e+00; 6.494879e+04; 1.153393e+00; 9.161735e+04; 1.187608e+00
1.832000e+01; 9.810000e+04; 1.194837e+00; 6.599833e+04; 1.154091e+00; 9.194937e+04; 1.187884e+00
1.832500e+01; 9.810000e+04; 1.194890e+00; 6.703898e+04; 1.154795e+00; 9.227165e+04; 1.188149e+00
1.833000e+01; 9.810000e+04; 1.194937e+00; 6.805845e+04; 1.155490e+00; 9.258440e+04; 1.188403e+00
1.833500e+01; 9.810000e+04; 1.194980e+00; 6.908887e+04; 1.156160e+00; 9.288785e+04; 1.188646e+00
1.834000e+01; 9.810000e+04; 1.195017e+00; 7.011927e+04; 1.156810e+00; 9.318224e+04; 1.188879e+00
1.834500e+01; 9.810000e+04; 1.195049e+00; 7.114977e+04; 1.157447e+00; 9.346781e+04; 1.189102e+00
1.835000e+01; 9.810000e+04; 1.195077e+00; 7.216970e+04; 1.158074e+00; 9.374482e+04; 1.189315e+00
1.835500e+01; 9.810000e+04; 1.195100e+00; 7.318737e+04; 1.158684e+00; 9.401352e+04; 1.189519e+00
1.836000e+01; 9.810000e+04; 1.195118e+00; 7.420177e+04; 1.159275e+00; 9.427420e+04; 1.189712e+00
1.836500e+01; 9.810000e+04; 1.195133e+00; 7.521502e+04; 1.159849e+00; 9.452713e+04; 1.189896e+00
1.837000e+01; 9.810000e+04; 1.195144e+00; 7.622263e+04; 1.160407e+00; 9.477259e+04; 1.190071e+00
1.837500e+01; 9.810000e+04; 1.195151e+00; 7.722589e+04; 1.160949e+00; 9.501090e+04; 1.190237e+00
1.838000e+01; 9.810000e+04; 1.195155e+00; 7.822421e+04; 1.161473e+00; 9.524235e+04; 1.190394e+00
1.838500e+01; 9.810000e+04; 1.195155e+00; 7.921898e+04; 1.161978e+00; 9.546726e+04; 1.190543e+00
1.839000e+01; 9.810000e+04; 1.195153e+00; 8.020893e+04; 1.162466e+00; 9.568596e+04; 1.190683e+00
1.839500e+01; 9.810000e+04; 1.195147e+00; 8.119417e+04; 1.162935e+00; 9.589877e+04; 1.190814e+00
1.840000e+01; 9.810000e+04; 1.195140e+00; 8.217414e+04; 1.163386e+00; 9.610603e+04; 1.190937e+00
1.840500e+01; 9.810000e+04; 1.195129e+00; 8.314939e+04; 1.163818e+00; 9.630809e+04; 1.191052e+00
1.841000e+01; 9.810000e+04; 1.195117e+00; 8.411965e+04; 1.164230e+00; 9.650530e+04; 1.191159e+00
1.841500e+01; 9.810000e+04; 1.195102e+00; 8.508501e+04; 1.164624e+00; 9.669801e+04; 1.191259e+00
1.842000e+01; 9.810000e+04; 1.195085e+00; 8.604520e+04; 1.164997e+00; 9.688661e+04; 1.191351e+00
1.842500e+01; 9.810000e+04; 1.195066e+00; 8.700039e+04; 1.165351e+00; 9.707146e+04; 1.191435e+00
1.843000e+01; 9.810000e+04; 1.195045e+00; 8.795056e+04; 1.165684e+00; 9.725298e+04; 1.191511e+00
1.843500e+01; 9.810000e+04; 1.195023e+00; 8.889587e+04; 1.165998e+00; 9.743157e+04; 1.191580e+00
1.844000e+01; 9.810000e+04; 1.194999e+00; 8.983629e+04; 1.166290e+00; 9.760771e+04; 1.191642e+00
1.844500e+01; 9.810000e+04; 1.194973e+00; 9.077197e+04; 1.166562e+00; 9.778191e+04; 1.191696e+00
1.845000e+01; 9.810000e+04; 1.194946e+00; 9.170298e+04; 1.166813e+00; 9.795475e+04; 1.191742e+00
1.845500e+01; 9.810000e+04; 1.194918e+00; 9.262948e+04; 1.167043e+00; 9.812687e+04; 1.191779e+00
1.846000e+01; 9.810000e+04; 1.194888e+00; 9.355159e+04; 1.167252e+00; 9.829900e+04; 1.191809e+00
1.846500e+01; 9.810000e+04; 1.194856e+00; 9.446946e+04; 1.167440e+00; 9.847192e+04; 1.191829e+00
1.847000e+01; 9.810000e+04; 1.194824e+00; 9.538325e+04; 1.167606e+00; 9.864646e+04; 1.191840e+00
1.847500e+01; 9.810000e+04; 1.194790e+00; 9.629313e+04; 1.167751e+00; 9.882340e+04; 1.191840e+00
1.848000e+01; 9.810000e+04; 1.194755e+00; 9.719929e+04; 1.167874e+00; 9.900345e+04; 1.191831e+00
1.848500e+01; 9.810000e+04; 1.194719e+00; 9.810190e+04; 1.167975e+00; 9.918711e+04; 1.191810e+00
1.849000e+01; 9.810000e+04; 1.194682e+00; 9.900115e+04; 1.168055e+00; 9.937467e+04; 1.191779e+00
1.849500e+01; 9.810000e+04; 1.194644e+00; 9.989724e+04; 1.168113e+00; 9.956610e+04; 1.191737e+00
1.850000e+01; 9.810000e+04; 1.194604e+00; 1.007904e+05; 1.168149e+00; 9.976106e+04; 1.191686e+00
1.850500e+01; 9.810000e+04; 1.194564e+00; 1.016807e+05; 1.168163e+00; 9.995891e+04; 1.191625e+00
1.851000e+01; 9.810000e+04; 1.194522e+00; 1.025685e+05; 1.168155e+00; 1.001588e+05; 1.191556e+00
1.851500e+01; 9.810000e+04; 1.194480e+00; 1.034539e+05; 1.168126e+00; 1.003598e+05; 1.191480e+00
1.852000e+01; 9.810000e+04; 1.194436e+00; 1.043371e+05; 1.168075e+00; 1.005609e+05; 1.191398e+00
1.852500e+01; 9.810000e+04; 1.194391e+00; 1.052183e+05; 1.168002e+00; 1.007613e+05; 1.191311e+00
1.853000e+01; 9.810000e+04; 1.194346e+00; 1.060978e+05; 1.167907e+00; 1.009605e+05; 1.191219e+00
1.853500e+01; 9.810000e+04; 1.194299e+00; 1.069757e+05; 1.167791e+00; 1.011581e+05; 1.191123e+00
1.854000e+01; 9.810000e+04; 1.194251e+00; 1.078522e+05; 1.167654e+00; 1.013541e+05; 1.191022e+00
1.854500e+01; 9.810000e+04; 1.194202e+00; 1.087275e+05; 1.167495e+00; 1.015486e+05; 1.190916e+00
1.855000e+01; 9.810000e+04; 1.194153e+00; 1.096018e+05; 1.167315e+00; 1.017422e+05; 1.190806e+00
1.855500e+01; 9.810000e+04; 1.194102e+00; 1.104753e+05; 1.167113e+00; 1.019354e+05; 1.190690e+00
1.856000e+01; 9.810000e+04; 1.194049e+00; 1.113482e+05; 1.166891e+00; 1.021288e+05; 1.190567e+00
1.856500e+01; 9.810000e+04; 1.193996e+00; 1.122206e+05; 1.166648e+00; 1.023231e+05; 1.190438e+00
1.857000e+01; 9.810000e+04; 1.193942e+00; 1.130929e+05; 1.166385e+00; 1.025188e+05; 1.190302e+00
1.857500e+01; 9.810000e+04; 1.193886e+00; 1.139650e+05; 1.166101e+00; 1.027164e+05; 1.190159e+00
1.858000e+01; 9.810000e+04; 1.193829e+00; 1.148373e+05; 1.165797e+00; 1.029165e+05; 1.190007e+00
1.858500e+01; 9.810000e+04; 1.193771e+00; 1.157099e+05; 1.165473e+00; 1.031195e+05; 1.189848e+00
1.859000e+01; 9.810000e+04; 1.193711e+00; 1.165830e+05; 1.165129e+00; 1.033256e+05; 1.189680e+00
1.859500e+01; 9.810000e+04; 1.193650e+00; 1.174568e+05; 1.164766e+00; 1.035351e+05; 1.189504e+00
1.860000e+01; 9.810000e+04; 1.193587e+00; 1.183314e+05; 1.164383e+00; 1.037484e+05; 1.189319e+00
1.860500e+01; 9.810000e+04; 1.193522e+00; 1.192071e+05; 1.163982e+00; 1.039655e+05; 1.189127e+00
1.861000e+01; 9.810000e+04; 1.193456e+00; 1.200839e+05; 1.163562e+00; 1.041867e+05; 1.188925e+00
1.861500e+01; 9.810000e+04; 1.193388e+00; 1.209621e+05; 1.163123e+00; 1.044123e+05; 1.188716e+00
1.862000e+01; 9.810000e+04; 1.193318e+00; 1.218418e+05; 1.162667e+00; 1.046423e+05; 1.188498e+00
1.862500e+01; 9.810000e+04; 1.193246e+00; 1.227232e+05; 1.162193e+00; 1.048769e+05; 1.188271e+00
1.863000e+01; 9.810000e+04; 1.193171e+00; 1.236064e+05; 1.161701e+00; 1.051164e+05; 1.188037e+00
1.863500e+01; 9.810000e+04; 1.193094e+00; 1.244917e+05; 1.161192e+00; 1.053609e+05; 1.187794e+00
1.864000e+01; 9.810000e+04; 1.193015e+00; 1.253791e+05; 1.160666e+00; 1.056106e+05; 1.187542e+00
1.864500e+01; 9.810000e+04; 1.192932e+00; 1.262689e+05; 1.160124e+00; 1.058656e+05; 1.187283e+00
1.865000e+01; 9.810000e+04; 1.192847e+00; 1.271611e+05; 1.159565e+00; 1.061262e+05; 1.187015e+00
1.865500e+01; 9.810000e+04; 1.192758e+00; 1.280559e+05; 1.158991e+00; 1.063924e+05; 1.186738e+00
1.866000e+01; 9.810000e+04; 1.192666e+00; 1.289534e+05; 1.158401e+00; 1.066646e+05; 1.186454e+00
1.866500e+01; 9.810000e+04; 1.192570e+00; 1.298538e+05; 1.157797e+00; 1.069428e+05; 1.186161e+00
1.867000e+01; 9.810000e+04; 1.192470e+00; 1.307571e+05; 1.157177e+00; 1.072272e+05; 1.185859e+00
1.867500e+01; 9.810000e+04; 1.192365e+00; 1.316634e+05; 1.156543e+00; 1.075181e+05; 1.185549e+00
1.868000e+01; 9.810000e+04; 1.192255e+00; 1.325729e+05; 1.155895e+00; 1.078155e+05; 1.185230e+00
1.868500e+01; 9.810000e+04; 1.192139e+00; 1.334855e+05; 1.155233e+00; 1.081198e+05; 1.184903e+00
1.869000e+01; 9.809999e+04; 1.192017e+00; 1.344015e+05; 1.154558e+00; 1.084310e+05; 1.184567e+00
1.869500e+01; 9.809999e+04; 1.191888e+00; 1.353207e+05; 1.153870e+00; 1.087493e+05; 1.184222e+00
1.870000e+01; 9.809999e+04; 1.191752e+00; 1.362432e+05; 1.153169e+00; 1.090749e+05; 1.183868e+00
1.870500e+01; 9.809999e+04; 1.191607e+00; 1.371690e+05; 1.152456e+00; 1.094079e+05; 1.183505e+00
1.871000e+01; 9.809999e+04; 1.191453e+00; 1.380982e+05; 1.151731e+00; 1.097486e+05; 1.183134e+00
1.871500e+01; 9.809999e+04; 1.191291e+00; 1.390306e+05; 1.150995e+00; 1.100971e+05; 1.182752e+00
1.872000e+01; 9.810000e+04; 1.191118e+00; 1.399661e+05; 1.150247e+00; 1.104536e+05; 1.182362e+00
1.872500e+01; 9.810000e+04; 1.190934e+00; 1.409048e+05; 1.149488e+00; 1.108181e+05; 1.181962e+00
1.873000e+01; 9.810000e+04; 1.190741e+00; 1.418465e+05; 1.148720e+00; 1.111909e+05; 1.181553e+00
1.873500e+01; 9.810000e+04; 1.190536e+00; 1.427910e+05; 1.147940e+00; 1.115720e+05; 1.181134e+00
1.874000e+01; 9.810000e+04; 1.190321e+00; 1.437383e+05; 1.147151e+00; 1.119617e+05; 1.180705e+00
1.874500e+01; 9.810000e+04; 1.190095e+00; 1.446883e+05; 1.146353e+00; 1.123600e+05; 1.180266e+00
1.875000e+01; 9.810000e+04; 1.189859e+00; 1.456407e+05; 1.145545e+00; 1.127671e+05; 1.179818e+00
1.875500e+01; 9.810000e+04; 1.189614e+00; 1.465954e+05; 1.144729e+00; 1.131831e+05; 1.179359e+00
1.876000e+01; 9.810000e+04; 1.189360e+00; 1.475521e+05; 1.143904e+00; 1.136080e+05; 1.178890e+00
1.876500e+01; 9.810000e+04; 1.189097e+00; 1.485107e+05; 1.143071e+00; 1.140421e+05; 1.178412e+00
1.877000e+01; 9.810000e+04; 1.188826e+00; 1.494710e+05; 1.142230e+00; 1.144852e+05; 1.177922e+00
1.877500e+01; 9.810000e+04; 1.188548e+00; 1.504327e+05; 1.141381e+00; 1.149376e+05; 1.177423e+00
1.878000e+01; 9.810000e+04; 1.188263e+00; 1.513957e+05; 1.140525e+00; 1.153994e+05; 1.176913e+00
1.878500e+01; 9.810000e+04; 1.187972e+00; 1.523597e+05; 1.139662e+00; 1.158704e+05; 1.176393e+00
1.879000e+01; 9.810000e+04; 1.187674e+00; 1.533247e+05; 1.138792e+00; 1.163509e+05; 1.175862e+00
1.879500e+01; 9.810000e+04; 1.187369e+00; 1.542903e+05; 1.137916e+00; 1.168408e+05; 1.175321e+00
1.880000e+01; 9.810000e+04; 1.187059e+00; 1.552564e+05; 1.137033e+00; 1.173402e+05; 1.174769e+00
1.880500e+01; 9.810000e+04; 1.186741e+00; 1.562229e+05; 1.136144e+00; 1.178490e+05; 1.174206e+00
1.881000e+01; 9.810000e+04; 1.186416e+00; 1.571896e+05; 1.135250e+00; 1.183674e+05; 1.173633e+00
1.881500e+01; 9.810000e+04; 1.186083e+00; 1.581563e+05; 1.134350e+00; 1.188952e+05; 1.173049e+00
1.882000e+01; 9.810000e+04; 1.185742e+00; 1.591229e+05; 1.133444e+00; 1.194325e+05; 1.172454e+00
1.882500e+01; 9.809999e+04; 1.185392e+00; 1.600894e+05; 1.132534e+00; 1.199792e+05; 1.171848e+00
1.883000e+01; 9.809999e+04; 1.185033e+00; 1.610557e+05; 1.131619e+00; 1.205354e+05; 1.171232e+00
1.883500e+01; 9.809999e+04; 1.184664e+00; 1.620216e+05; 1.130699e+00; 1.211009e+05; 1.170605e+00
1.884000e+01; 9.810000e+04; 1.184284e+00; 1.629871e+05; 1.129774e+00; 1.216757e+05; 1.169967e+00
1.884500e+01; 9.810000e+04; 1.183893e+00; 1.639522e+05; 1.128846e+00; 1.222597e+05; 1.169318e+00
1.885000e+01; 9.810000e+04; 1.183491e+00; 1.649169e+05; 1.127913e+00; 1.228529e+05; 1.168659e+00
1.885500e+01; 9.810000e+04; 1.183077e+00; 1.658811e+05; 1.126976e+00; 1.234551e+05; 1.167988e+00
1.886000e+01; 9.810000e+04; 1.182652e+00; 1.668449e+05; 1.126036e+00; 1.240663e+05; 1.167307e+00
1.886500e+01; 9.810000e+04; 1.182213e+00; 1.678081e+05; 1.125092e+00; 1.246864e+05; 1.166615e+00
1.887000e+01; 9.810000e+04; 1.181763e+00; 1.687710e+05; 1.124144e+00; 1.253151e+05; 1.165912e+00
1.887500e+01; 9.810000e+04; 1.181299e+00; 1.697334e+05; 1.123194e+00; 1.259524e+05; 1.165198e+00
1.888000e+01; 9.810000e+04; 1.180822e+00; 1.706954e+05; 1.122240e+00; 1.265982e+05; 1.164474e+00
1.888500e+01; 9.810000e+04; 1.180331e+00; 1.716570e+05; 1.121283e+00; 1.272521e+05; 1.163738e+00
1.889000e+01; 9.810000e+04; 1.179828e+00; 1.726183e+05; 1.120324e+00; 1.279142e+05; 1.162992e+00
1.889500e+01; 9.810000e+04; 1.179310e+00; 1.735793e+05; 1.119361e+00; 1.285840e+05; 1.162235e+00
1.890000e+01; 9.810000e+04; 1.178778e+00; 1.745400e+05; 1.118397e+00; 1.292615e+05; 1.161466e+00
1.890500e+01; 9.810000e+04; 1.178233e+00; 1.755005e+05; 1.117429e+00; 1.299463e+05; 1.160687e+00
1.891000e+01; 9.810000e+04; 1.177672e+00; 1.764608e+05; 1.116460e+00; 1.306382e+05; 1.159897e+00
1.891500e+01; 9.810000e+04; 1.177098e+00; 1.774209e+05; 1.115488e+00; 1.313370e+05; 1.159095e+00
1.892000e+01; 9.810000e+04; 1.176508e+00; 1.783808e+05; 1.114514e+00; 1.320422e+05; 1.158283e+00
1.892500e+01; 9.810000e+04; 1.175903e+00; 1.793407e+05; 1.113538e+00; 1.327536e+05; 1.157459e+00
1.893000e+01; 9.810000e+04; 1.175283e+00; 1.803004e+05; 1.112560e+00; 1.334707e+05; 1.156624e+00
1.893500e+01; 9.810000e+04; 1.174648e+00; 1.812601e+05; 1.111580e+00; 1.341933e+05; 1.155777e+00
1.894000e+01; 9.810000e+04; 1.173997e+00; 1.822197e+05; 1.110598e+00; 1.349210e+05; 1.154919e+00
1.894500e+01; 9.810000e+04; 1.173329e+00; 1.831793e+05; 1.109615e+00; 1.356533e+05; 1.154049e+00
1.895000e+01; 9.810000e+04; 1.172646e+00; 1.841388e+05; 1.108630e+00; 1.363899e+05; 1.153168e+00
1.895500e+01; 9.810000e+04; 1.171946e+00; 1.850984e+05; 1.107643e+00; 1.371303e+05; 1.152276e+00
1.896000e+01; 9.810000e+04; 1.171229e+00; 1.860579e+05; 1.106655e+00; 1.378742e+05; 1.151371e+00
1.896500e+01; 9.810000e+04; 1.170496e+00; 1.870174e+05; 1.105666e+00; 1.386212e+05; 1.150455e+00
1.897000e+01; 9.810000e+04; 1.169745e+00; 1.879770e+05; 1.104675e+00; 1.393709e+05; 1.149528e+00
1.897500e+01; 9.810000e+04; 1.168976e+00; 1.889366e+05; 1.103682e+00; 1.401231e+05; 1.148589e+00
1.898000e+01; 9.810000e+04; 1.168190e+00; 1.898962e+05; 1.102689e+00; 1.408774e+05; 1.147639e+00
1.898500e+01; 9.810000e+04; 1.167386e+00; 1.908558e+05; 1.101694e+00; 1.416335e+05; 1.146677e+00
1.899000e+01; 9.810000e+04; 1.166564e+00; 1.918154e+05; 1.100698e+00; 1.423913e+05; 1.145705e+00
1.899500e+01; 9.810000e+04; 1.165723e+00; 1.927750e+05; 1.099700e+00; 1.431505e+05; 1.144722e+00
1.900000e+01; 9.810000e+04; 1.164864e+00; 1.937347e+05; 1.098701e+00; 1.439109e+05; 1.143729e+00
1.900500e+01; 9.810000e+04; 1.163986e+00; 1.946944e+05; 1.097702e+00; 1.446725e+05; 1.142726e+00
1.901000e+01; 9.810000e+04; 1.163089e+00; 1.956540e+05; 1.096701e+00; 1.454350e+05; 1.141713e+00
1.901500e+01; 9.810000e+04; 1.162173e+00; 1.966137e+05; 1.095699e+00; 1.461983e+05; 1.140691e+00
1.902000e+01; 9.810000e+04; 1.161238e+00; 1.975733e+05; 1.094695e+00; 1.469624e+05; 1.139660e+00
1.902500e+01; 9.810000e+04; 1.160283e+00; 1.985329e+05; 1.093691e+00; 1.477271e+05; 1.138621e+00
1.903000e+01; 9.810000e+04; 1.159309e+00; 1.994925e+05; 1.092686e+00; 1.484922e+05; 1.137573e+00
1.903500e+01; 9.810000e+04; 1.158315e+00; 2.004519e+05; 1.091679e+00; 1.492576e+05; 1.136517e+00
1.904000e+01; 9.810000e+04; 1.157301e+00; 2.014114e+05; 1.090672e+00; 1.500230e+05; 1.135453e+00
1.904500e+01; 9.810000e+04; 1.156268e+00; 2.023707e+05; 1.089663e+00; 1.507884e+05; 1.134382e+00
1.905000e+01; 9.810000e+04; 1.155215e+00; 2.033298e+05; 1.088653e+00; 1.515535e+05; 1.133303e+00
1.905500e+01; 9.810000e+04; 1.154141e+00; 2.042888e+05; 1.087642e+00; 1.523179e+05; 1.132217e+00
1.906000e+01; 9.810000e+04; 1.153048e+00; 2.052477e+05; 1.086631e+00; 1.530814e+05; 1.131124e+00
1.906500e+01; 9.810000e+04; 1.151935e+00; 2.062063e+05; 1.085618e+00; 1.538437e+05; 1.130024e+00
1.907000e+01; 9.810000e+04; 1.150802e+00; 2.071646e+05; 1.084604e+00; 1.546045e+05; 1.128917e+00
1.907500e+01; 9.810000e+04; 1.149649e+00; 2.081226e+05; 1.083589e+00; 1.553634e+05; 1.127802e+00
1.908000e+01; 9.810000e+04; 1.148475e+00; 2.090802e+05; 1.082572e+00; 1.561201e+05; 1.126681e+00
1.908500e+01; 9.810000e+04; 1.147282e+00; 2.100374e+05; 1.081555e+00; 1.568742e+05; 1.125552e+00
1.909000e+01; 9.810000e+04; 1.146069e+00; 2.109941e+05; 1.080537e+00; 1.576255e+05; 1.124415e+00
1.909500e+01; 9.810000e+04; 1.144836e+00; 2.119502e+05; 1.079517e+00; 1.583735e+05; 1.123272e+00
1.910000e+01; 9.810000e+04; 1.143583e+00; 2.129056e+05; 1.078496e+00; 1.591181e+05; 1.122121e+00
1.910500e+01; 9.810000e+04; 1.142310e+00; 2.138603e+05; 1.077475e+00; 1.598589e+05; 1.120962e+00
1.911000e+01; 9.810000e+04; 1.141018e+00; 2.148141e+05; 1.076451e+00; 1.605956e+05; 1.119796e+00
1.911500e+01; 9.810000e+04; 1.139707e+00; 2.157669e+05; 1.075427e+00; 1.613280e+05; 1.118622e+00
1.912000e+01; 9.810000e+04; 1.138376e+00; 2.167186e+05; 1.074402e+00; 1.620558e+05; 1.117441e+00
1.912500e+01; 9.810000e+04; 1.137025e+00; 2.176691e+05; 1.073375e+00; 1.627788e+05; 1.116251e+00
1.913000e+01; 9.810000e+04; 1.135656e+00; 2.186181e+05; 1.072347e+00; 1.634967e+05; 1.115054e+00
1.913500e+01; 9.810000e+04; 1.134268e+00; 2.195655e+05; 1.071318e+00; 1.642095e+05; 1.113848e+00
1.914000e+01; 9.810000e+04; 1.132861e+00; 2.205112e+05; 1.070287e+00; 1.649169e+05; 1.112635e+00
1.914500e+01; 9.810000e+04; 1.131435e+00; 2.214550e+05; 1.069255e+00; 1.656187e+05; 1.111413e+00
1.915000e+01; 9.810000e+04; 1.129991e+00; 2.223966e+05; 1.068221e+00; 1.663148e+05; 1.110184e+00
1.915500e+01; 9.810000e+04; 1.128529e+00; 2.233359e+05; 1.067185e+00; 1.670050e+05; 1.108946e+00
1.916000e+01; 9.810000e+04; 1.127049e+00; 2.242727e+05; 1.066148e+00; 1.676890e+05; 1.107700e+00
1.916500e+01; 9.810000e+04; 1.125551e+00; 2.252066e+05; 1.065109e+00; 1.683669e+05; 1.106445e+00
1.917000e+01; 9.810000e+04; 1.124036e+00; 2.261375e+05; 1.064068e+00; 1.690384e+05; 1.105182e+00
1.917500e+01; 9.810000e+04; 1.122504e+00; 2.270651e+05; 1.063025e+00; 1.697034e+05; 1.103910e+00
1.918000e+01; 9.810000e+04; 1.120955e+00; 2.279892e+05; 1.061980e+00; 1.703617e+05; 1.102630e+00
1.918500e+01; 9.810000e+04; 1.119389e+00; 2.289095e+05; 1.060933e+00; 1.710131e+05; 1.101341e+00
1.919000e+01; 9.810000e+04; 1.117807e+00; 2.298258e+05; 1.059883e+00; 1.716576e+05; 1.100043e+00
1.919500e+01; 9.810000e+04; 1.116210e+00; 2.307379e+05; 1.058831e+00; 1.722950e+05; 1.098736e+00
1.920000e+01; 9.810000e+04; 1.114596e+00; 2.321822e+05; 1.056993e+00; 1.729251e+05; 1.097421e+00
1.920500e+01; 9.810000e+04; 1.112968e+00; 2.326754e+05; 1.056993e+00; 1.735477e+05; 1.096096e+00
1.921000e+01; 9.810000e+04; 1.111324e+00; 2.337516e+05; 1.054914e+00; 1.741629e+05; 1.094762e+00
1.921500e+01; 9.810000e+04; 1.109666e+00; 2.350697e+05; 1.054075e+00; 1.747703e+05; 1.093419e+00
1.922000e+01; 9.810000e+04; 1.107994e+00; 2.356347e+05; 1.053047e+00; 1.753699e+05; 1.092067e+00
1.922500e+01; 9.810000e+04; 1.106309e+00; 2.366491e+05; 1.051959e+00; 1.759615e+05; 1.090705e+00
1.923000e+01; 9.810000e+04; 1.104610e+00; 2.374760e+05; 1.050860e+00; 1.765450e+05; 1.089334e+00
1.923500e+01; 9.810000e+04; 1.102898e+00; 2.384062e+05; 1.049785e+00; 1.771203e+05; 1.087953e+00
1.924000e+01; 9.810000e+04; 1.101174e+00; 2.392349e+05; 1.048707e+00; 1.776872e+05; 1.086562e+00
1.924500e+01; 9.810000e+04; 1.099438e+00; 2.401145e+05; 1.047634e+00; 1.782457e+05; 1.085162e+00
1.925000e+01; 9.810000e+04; 1.097690e+00; 2.409433e+05; 1.046555e+00; 1.787955e+05; 1.083752e+00
1.925500e+01; 9.810000e+04; 1.095931e+00; 2.417966e+05; 1.045479e+00; 1.793367e+05; 1.082332e+00
1.926000e+01; 9.810000e+04; 1.094162e+00; 2.426172e+05; 1.044400e+00; 1.798691e+05; 1.080902e+00
1.926500e+01; 9.810000e+04; 1.092383e+00; 2.434466e+05; 1.043325e+00; 1.803926e+05; 1.079461e+00
1.927000e+01; 9.810000e+04; 1.090594e+00; 2.442529e+05; 1.042249e+00; 1.809071e+05; 1.078011e+00
1.927500e+01; 9.810000e+04; 1.088795e+00; 2.450597e+05; 1.041175e+00; 1.814126e+05; 1.076551e+00
1.928000e+01; 9.810000e+04; 1.086988e+00; 2.458482e+05; 1.040103e+00; 1.819089e+05; 1.075080e+00
1.928500e+01; 9.810000e+04; 1.085172e+00; 2.466319e+05; 1.039035e+00; 1.823960e+05; 1.073599e+00
1.929000e+01; 9.810000e+04; 1.083349e+00; 2.473995e+05; 1.037969e+00; 1.828738e+05; 1.072108e+00
1.929500e+01; 9.810000e+04; 1.081518e+00; 2.481590e+05; 1.036907e+00; 1.833423e+05; 1.070607e+00
1.930000e+01; 9.810000e+04; 1.079679e+00; 2.489035e+05; 1.035849e+00; 1.838014e+05; 1.069095e+00
1.930500e+01; 9.810000e+04; 1.077834e+00; 2.496376e+05; 1.034794e+00; 1.842510e+05; 1.067573e+00
1.931000e+01; 9.810000e+04; 1.075982e+00; 2.503569e+05; 1.033745e+00; 1.846912e+05; 1.066041e+00
1.931500e+01; 9.810000e+04; 1.074125e+00; 2.510642e+05; 1.032699e+00; 1.851219e+05; 1.064498e+00
1.932000e+01; 9.810000e+04; 1.072261e+00; 2.517567e+05; 1.031659e+00; 1.855430e+05; 1.062945e+00
1.932500e+01; 9.810000e+04; 1.070392e+00; 2.524359e+05; 1.030623e+00; 1.859546e+05; 1.061382e+00
1.933000e+01; 9.810000e+04; 1.068518e+00; 2.531001e+05; 1.029592e+00; 1.863566e+05; 1.059809e+00
1.933500e+01; 9.810000e+04; 1.066639e+00; 2.537501e+05; 1.028565e+00; 1.867490e+05; 1.058225e+00
1.934000e+01; 9.810000e+04; 1.064756e+00; 2.543847e+05; 1.027544e+00; 1.871317e+05; 1.056631e+00
1.934500e+01; 9.810000e+04; 1.062868e+00; 2.550044e+05; 1.026527e+00; 1.875049e+05; 1.055027e+00
1.935000e+01; 9.810000e+04; 1.060976e+00; 2.556082e+05; 1.025515e+00; 1.878684e+05; 1.053414e+00
1.935500e+01; 9.810000e+04; 1.059080e+00; 2.561965e+05; 1.024507e+00; 1.882223e+05; 1.051790e+00
1.936000e+01; 9.810000e+04; 1.057181e+00; 2.567684e+05; 1.023504e+00; 1.885667e+05; 1.050156e+00
1.936500e+01; 9.810000e+04; 1.055278e+00; 2.573241e+05; 1.022505e+00; 1.889014e+05; 1.048513e+00
1.937000e+01; 9.810000e+04; 1.053372e+00; 2.578631e+05; 1.021511e+00; 1.892267e+05; 1.046860e+00
1.937500e+01; 9.810000e+04; 1.051462e+00; 2.583851e+05; 1.020521e+00; 1.895425e+05; 1.045197e+00
1.938000e+01; 9.810000e+04; 1.049550e+00; 2.588898e+05; 1.019536e+00; 1.898490e+05; 1.043524e+00
1.938500e+01; 9.810000e+04; 1.047635e+00; 2.593771e+05; 1.018556e+00; 1.901464e+05; 1.041842e+00
1.939000e+01; 9.810000e+04; 1.045717e+00; 2.598465e+05; 1.017579e+00; 1.904351e+05; 1.040150e+00
1.939500e+01; 9.810000e+04; 1.043796e+00; 2.602978e+05; 1.016608e+00; 1.907153e+05; 1.038448e+00
1.940000e+01; 9.810000e+04; 1.041873e+00; 2.607308e+05; 1.015641e+00; 1.909876e+05; 1.036736e+00
1.940500e+01; 9.810000e+04; 1.039948e+00; 2.611452e+05; 1.014678e+00; 1.912526e+05; 1.035012e+00
1.941000e+01; 9.810000e+04; 1.038020e+00; 2.615407e+05; 1.013720e+00; 1.915110e+05; 1.033278e+00
1.941500e+01; 9.810000e+04; 1.036090e+00; 2.619172e+05; 1.012766e+00; 1.917635e+05; 1.031531e+00
1.942000e+01; 9.810000e+04; 1.034158e+00; 2.622743e+05; 1.011817e+00; 1.920108e+05; 1.029773e+00
1.942500e+01; 9.810000e+04; 1.032224e+00; 2.626118e+05; 1.010873e+00; 1.922534e+05; 1.028002e+00
1.943000e+01; 9.810000e+04; 1.030288e+00; 2.629296e+05; 1.009932e+00; 1.924915e+05; 1.026219e+00
1.943500e+01; 9.810000e+04; 1.028350e+00; 2.632275e+05; 1.008997e+00; 1.927251e+05; 1.024424e+00
1.944000e+01; 9.810000e+04; 1.026410e+00; 2.635052e+05; 1.008065e+00; 1.929539e+05; 1.022618e+00
1.944500e+01; 9.810000e+04; 1.024469e+00; 2.637626e+05; 1.007138e+00; 1.931768e+05; 1.020802e+00
1.945000e+01; 9.810000e+04; 1.022526e+00; 2.639996e+05; 1.006215e+00; 1.933930e+05; 1.018978e+00
1.945500e+01; 9.810000e+04; 1.020581e+00; 2.642160e+05; 1.005296e+00; 1.936010e+05; 1.017148e+00
1.946000e+01; 9.810000e+04; 1.018634e+00; 2.644117e+05; 1.004382e+00; 1.937995e+05; 1.015313e+00
1.946500e+01; 9.810000e+04; 1.016686e+00; 2.645865e+05; 1.003471e+00; 1.939871e+05; 1.013475e+00
1.947000e+01; 9.810000e+04; 1.014737e+00; 2.647404e+05; 1.002564e+00; 1.941627e+05; 1.011635e+00
1.947500e+01; 9.810000e+04; 1.012786e+00; 2.648734e+05; 1.001660e+00; 1.943256e+05; 1.009794e+00
1.948000e+01; 9.810000e+04; 1.010834e+00; 2.649852e+05; 1.000760e+00; 1.944753e+05; 1.007954e+00
1.948500e+01; 9.810000e+04; 1.008880e+00; 2.650759e+05; 9.998639e-01; 1.946115e+05; 1.006114e+00
1.949000e+01; 9.810000e+04; 1.006925e+00; 2.651455e+05; 9.989706e-01; 1.947343e+05; 1.004275e+00
1.949500e+01; 9.810000e+04; 1.004969e+00; 2.651938e+05; 9.980803e-01; 1.948441e+05; 1.002437e+00
1.950000e+01; 9.810000e+04; 1.003011e+00; 2.652210e+05; 9.971929e-01; 1.949412e+05; 1.000601e+00
1.950500e+01; 9.810000e+04; 1.001052e+00; 2.652269e+05; 9.963081e-01; 1.950260e+05; 9.987655e-01
1.951000e+01; 9.810000e+04; 9.990925e-01; 2.652116e+05; 9.954259e-01; 1.950990e+05; 9.969313e-01
1.951500e+01; 9.810000e+04; 9.971315e-01; 2.651752e+05; 9.945460e-01; 1.951604e+05; 9.950985e-01
1.952000e+01; 9.810000e+04; 9.951693e-01; 2.651176e+05; 9.936683e-01; 1.952104e+05; 9.932672e-01
1.952500e+01; 9.810000e+04; 9.932060e-01; 2.650390e+05; 9.927925e-01; 1.952493e+05; 9.914378e-01
1.953000e+01; 9.810000e+04; 9.912418e-01; 2.649393e+05; 9.919185e-01; 1.952770e+05; 9.896106e-01
1.953500e+01; 9.810000e+04; 9.892765e-01; 2.648188e+05; 9.910461e-01; 1.952936e+05; 9.877860e-01
1.954000e+01; 9.810000e+04; 9.873103e-01; 2.646774e+05; 9.901751e-01; 1.952989e+05; 9.859646e-01
1.954500e+01; 9.810000e+04; 9.853431e-01; 2.645153e+05; 9.893053e-01; 1.952930e+05; 9.841469e-01
1.955000e+01; 9.810000e+04; 9.833750e-01; 2.643326e+05; 9.884365e-01; 1.952756e+05; 9.823333e-01
1.955500e+01; 9.810000e+04; 9.814061e-01; 2.641294e+05; 9.875686e-01; 1.952467e+05; 9.805242e-01
1.956000e+01; 9.810000e+04; 9.794364e-01; 2.639060e+05; 9.867012e-01; 1.952062e+05; 9.787203e-01
1.956500e+01; 9.810000e+04; 9.774659e-01; 2.636624e+05; 9.858343e-01; 1.951539e+05; 9.769218e-01
1.957000e+01; 9.810000e+04; 9.754947e-01; 2.633989e+05; 9.849676e-01; 1.950898e+05; 9.751293e-01
1.957500e+01; 9.810000e+04; 9.735229e-01; 2.631155e+05; 9.841010e-01; 1.950137e+05; 9.733431e-01
1.958000e+01; 9.810000e+04; 9.715503e-01; 2.628126e+05; 9.832342e-01; 1.949257e+05; 9.715636e-01
1.958500e+01; 9.810000e+04; 9.695772e-01; 2.624904e+05; 9.823672e-01; 1.948256e+05; 9.697911e-01
1.959000e+01; 9.810000e+04; 9.676034e-01; 2.621490e+05; 9.814997e-01; 1.947134e+05; 9.680260e-01
1.959500e+01; 9.810000e+04; 9.656291e-01; 2.617886e+05; 9.806315e-01; 1.945891e+05; 9.662685e-01
1.960000e+01; 9.810000e+04; 9.636541e-01; 2.614096e+05; 9.797625e-01; 1.944525e+05; 9.645190e-01
1.960500e+01; 9.810000e+04; 9.616785e-01; 2.610122e+05; 9.788924e-01; 1.943038e+05; 9.627776e-01
1.961000e+01; 9.810000e+04; 9.597021e-01; 2.605966e+05; 9.780213e-01; 1.941428e+05; 9.610447e-01
1.961500e+01; 9.810000e+04; 9.577249e-01; 2.601631e+05; 9.771487e-01; 1.939694e+05; 9.593204e-01
1.962000e+01; 9.810000e+04; 9.557466e-01; 2.597120e+05; 9.762747e-01; 1.937838e+05; 9.576050e-01
1.962500e+01; 9.810000e+04; 9.537670e-01; 2.592435e+05; 9.753991e-01; 1.935857e+05; 9.558988e-01
1.963000e+01; 9.810000e+04; 9.517858e-01; 2.587581e+05; 9.745217e-01; 1.933752e+05; 9.542019e-01
1.963500e+01; 9.810000e+04; 9.498027e-01; 2.582559e+05; 9.736423e-01; 1.931522e+05; 9.525145e-01
1.964000e+01; 9.810000e+04; 9.478173e-01; 2.577373e+05; 9.727610e-01; 1.929166e+05; 9.508369e-01
1.964500e+01; 9.810000e+04; 9.458293e-01; 2.572025e+05; 9.718774e-01; 1.926684e+05; 9.491692e-01
1.965000e+01; 9.810000e+04; 9.438383e-01; 2.566520e+05; 9.709916e-01; 1.924076e+05; 9.475116e-01
1.965500e+01; 9.810000e+04; 9.418439e-01; 2.560859e+05; 9.701034e-01; 1.921340e+05; 9.458643e-01
1.966000e+01; 9.810000e+04; 9.398460e-01; 2.555048e+05; 9.692127e-01; 1.918476e+05; 9.442274e-01
1.966500e+01; 9.810000e+04; 9.378444e-01; 2.549088e+05; 9.683194e-01; 1.915483e+05; 9.426011e-01
1.967000e+01; 9.810000e+04; 9.358392e-01; 2.542983e+05; 9.674235e-01; 1.912362e+05; 9.409856e-01
1.967500e+01; 9.810000e+04; 9.338308e-01; 2.536737e+05; 9.665249e-01; 1.909111e+05; 9.393809e-01
1.968000e+01; 9.810000e+04; 9.318195e-01; 2.530353e+05; 9.656235e-01; 1.905730e+05; 9.377871e-01
1.968500e+01; 9.810000e+04; 9.298062e-01; 2.523834e+05; 9.647194e-01; 1.902219e+05; 9.362045e-01
1.969000e+01; 9.810000e+04; 9.277917e-01; 2.517183e+05; 9.638124e-01; 1.898577e+05; 9.346331e-01
1.969500e+01; 9.810001e+04; 9.257772e-01; 2.510405e+05; 9.629025e-01; 1.894805e+05; 9.330729e-01
1.970000e+01; 9.810001e+04; 9.237640e-01; 2.503502e+05; 9.619898e-01; 1.890903e+05; 9.315240e-01
1.970500e+01; 9.810001e+04; 9.217535e-01; 2.496478e+05; 9.610742e-01; 1.886869e+05; 9.299865e-01
1.971000e+01; 9.810001e+04; 9.197472e-01; 2.489337e+05; 9.601558e-01; 1.882706e+05; 9.284604e-01
1.971500e+01; 9.810001e+04; 9.177465e-01; 2.482080e+05; 9.592347e-01; 1.878412e+05; 9.269458e-01
1.972000e+01; 9.810001e+04; 9.157527e-01; 2.474713e+05; 9.583107e-01; 1.873988e+05; 9.254426e-01
1.972500e+01; 9.810001e+04; 9.137673e-01; 2.467237e+05; 9.573841e-01; 1.869434e+05; 9.239509e-01
1.973000e+01; 9.810001e+04; 9.117912e-01; 2.459657e+05; 9.564549e-01; 1.864752e+05; 9.224706e-01
1.973500e+01; 9.810001e+04; 9.098256e-01; 2.451976e+05; 9.555231e-01; 1.859941e+05; 9.210018e-01
1.974000e+01; 9.810000e+04; 9.078712e-01; 2.444196e+05; 9.545888e-01; 1.855003e+05; 9.195443e-01
1.974500e+01; 9.810000e+04; 9.059286e-01; 2.436321e+05; 9.536522e-01; 1.849938e+05; 9.180982e-01
1.975000e+01; 9.810000e+04; 9.039984e-01; 2.428353e+05; 9.527134e-01; 1.844748e+05; 9.166634e-01
1.975500e+01; 9.810000e+04; 9.020811e-01; 2.420297e+05; 9.517723e-01; 1.839432e+05; 9.152399e-01
1.976000e+01; 9.810000e+04; 9.001769e-01; 2.412154e+05; 9.508293e-01; 1.833993e+05; 9.138275e-01
1.976500e+01; 9.810000e+04; 8.982862e-01; 2.403928e+05; 9.498843e-01; 1.828431e+05; 9.124262e-01
1.977000e+01; 9.810000e+04; 8.964092e-01; 2.395621e+05; 9.489376e-01; 1.822748e+05; 9.110358e-01
1.977500e+01; 9.810000e+04; 8.945462e-01; 2.387237e+05; 9.479891e-01; 1.816946e+05; 9.096564e-01
1.978000e+01; 9.810000e+04; 8.926975e-01; 2.378778e+05; 9.470392e-01; 1.811024e+05; 9.082877e-01
1.978500e+01; 9.810000e+04; 8.908634e-01; 2.370246e+05; 9.460879e-01; 1.804986e+05; 9.069297e-01
1.979000e+01; 9.810000e+04; 8.890442e-01; 2.361645e+05; 9.451353e-01; 1.798833e+05; 9.055822e-01
1.979500e+01; 9.810000e+04; 8.872404e-01; 2.352976e+05; 9.441816e-01; 1.792565e+05; 9.042451e-01
1.980000e+01; 9.810000e+04; 8.854524e-01; 2.344242e+05; 9.432268e-01; 1.786186e+05; 9.029183e-01
1.980500e+01; 9.810000e+04; 8.836805e-01; 2.335446e+05; 9.422711e-01; 1.779697e+05; 9.016016e-01
1.981000e+01; 9.810000e+04; 8.819253e-01; 2.326590e+05; 9.413147e-01; 1.773099e+05; 9.002948e-01
1.981500e+01; 9.810000e+04; 8.801871e-01; 2.317676e+05; 9.403575e-01; 1.766395e+05; 8.989979e-01
1.982000e+01; 9.810000e+04; 8.784664e-01; 2.308707e+05; 9.393998e-01; 1.759585e+05; 8.977106e-01
1.982500e+01; 9.810000e+04; 8.767637e-01; 2.299684e+05; 9.384416e-01; 1.752673e+05; 8.964327e-01
1.983000e+01; 9.810000e+04; 8.750793e-01; 2.290610e+05; 9.374830e-01; 1.745661e+05; 8.951641e-01
1.983500e+01; 9.810000e+04; 8.734137e-01; 2.281486e+05; 9.365241e-01; 1.738549e+05; 8.939046e-01
1.984000e+01; 9.810000e+04; 8.717672e-01; 2.272315e+05; 9.355650e-01; 1.731339e+05; 8.926539e-01
1.984500e+01; 9.810000e+04; 8.701403e-01; 2.263099e+05; 9.346056e-01; 1.724034e+05; 8.914118e-01
1.985000e+01; 9.810000e+04; 8.685332e-01; 2.253839e+05; 9.336462e-01; 1.716636e+05; 8.901782e-01
1.985500e+01; 9.810000e+04; 8.669464e-01; 2.244537e+05; 9.326866e-01; 1.709145e+05; 8.889526e-01
1.986000e+01; 9.810000e+04; 8.653801e-01; 2.235196e+05; 9.317271e-01; 1.701563e+05; 8.877349e-01
1.986500e+01; 9.810000e+04; 8.638347e-01; 2.225816e+05; 9.307675e-01; 1.693892e+05; 8.865249e-01
1.987000e+01; 9.810000e+04; 8.623104e-01; 2.216399e+05; 9.298080e-01; 1.686134e+05; 8.853221e-01
1.987500e+01; 9.810000e+04; 8.608075e-01; 2.206947e+05; 9.288485e-01; 1.678288e+05; 8.841263e-01
1.988000e+01; 9.810000e+04; 8.593263e-01; 2.197462e+05; 9.278891e-01; 1.670358e+05; 8.829372e-01
1.988500e+01; 9.810000e+04; 8.578671e-01; 2.187945e+05; 9.269298e-01; 1.662343e+05; 8.817545e-01
1.989000e+01; 9.810000e+04; 8.564300e-01; 2.178396e+05; 9.259705e-01; 1.654246e+05; 8.805780e-01
1.989500e+01; 9.810000e+04; 8.550154e-01; 2.168819e+05; 9.250114e-01; 1.646068e+05; 8.794073e-01
1.990000e+01; 9.810000e+04; 8.536235e-01; 2.159213e+05; 9.240524e-01; 1.637811e+05; 8.782423e-01
1.990500e+01; 9.810000e+04; 8.522544e-01; 2.149581e+05; 9.230934e-01; 1.629476e+05; 8.770826e-01
1.991000e+01; 9.810000e+04; 8.509084e-01; 2.139922e+05; 9.221346e-01; 1.621067e+05; 8.759283e-01
1.991500e+01; 9.810000e+04; 8.495856e-01; 2.130240e+05; 9.211758e-01; 1.612585e+05; 8.747791e-01
1.992000e+01; 9.810000e+04; 8.482863e-01; 2.120533e+05; 9.202171e-01; 1.604035e+05; 8.736350e-01
1.992500e+01; 9.810000e+04; 8.470106e-01; 2.110805e+05; 9.192584e-01; 1.595420e+05; 8.724960e-01
1.993000e+01; 9.810000e+04; 8.457587e-01; 2.101054e+05; 9.182998e-01; 1.586744e+05; 8.713622e-01
1.993500e+01; 9.810000e+04; 8.445306e-01; 2.091283e+05; 9.173413e-01; 1.578013e+05; 8.702337e-01
1.994000e+01; 9.810000e+04; 8.433265e-01; 2.081492e+05; 9.163828e-01; 1.569232e+05; 8.691107e-01
1.994500e+01; 9.810000e+04; 8.421464e-01; 2.071682e+05; 9.154244e-01; 1.560405e+05; 8.679934e-01
1.995000e+01; 9.810000e+04; 8.409905e-01; 2.061854e+05; 9.144660e-01; 1.551541e+05; 8.668821e-01
1.995500e+01; 9.810000e+04; 8.398587e-01; 2.052008e+05; 9.135076e-01; 1.542645e+05; 8.657772e-01
1.996000e+01; 9.810000e+04; 8.387511e-01; 2.042145e+05; 9.125492e-01; 1.533723e+05; 8.646790e-01
1.996500e+01; 9.810000e+04; 8.376677e-01; 2.032266e+05; 9.115908e-01; 1.524782e+05; 8.635878e-01
1.997000e+01; 9.810000e+04; 8.366084e-01; 2.022372e+05; 9.106325e-01; 1.515829e+05; 8.625040e-01
1.997500e+01; 9.810000e+04; 8.355733e-01; 2.012462e+05; 9.096741e-01; 1.506870e+05; 8.614279e-01
1.998000e+01; 9.810000e+04; 8.345623e-01; 2.002537e+05; 9.087158e-01; 1.497911e+05; 8.603600e-01
1.998500e+01; 9.810000e+04; 8.335752e-01; 1.992598e+05; 9.077575e-01; 1.488957e+05; 8.593004e-01
1.999000e+01; 9.810000e+04; 8.326121e-01; 1.982645e+05; 9.067992e-01; 1.480015e+05; 8.582495e-01
1.999500e+01; 9.810000e+04; 8.316727e-01; 1.972679e+05; 9.058410e-01; 1.471088e+05; 8.572076e-01
