0.000000e+00; 1.013233e+05; -2.465316e-06; 1.013250e+05; 0.000000e+00; 1.013250e+05; 2.619345e-16
5.000000e-03; 1.013265e+05; 3.634638e-06; 1.006401e+05; 1.000000e-03; 1.013250e+05; 2.182791e-16
1.000000e-02; 1.013238e+05; -4.282332e-06; 9.955375e+04; 2.000000e-03; 1.013250e+05; 1.746234e-16
1.500000e-02; 1.013258e+05; 4.472195e-06; 9.858787e+04; 3.000000e-03; 1.013250e+05; 1.309676e-16
2.000000e-02; 1.013247e+05; -4.256136e-06; 9.756734e+04; 4.000000e-03; 1.013250e+05; 8.731190e-17
2.500000e-02; 1.013249e+05; 3.690744e-06; 9.658009e+04; 5.000000e-03; 1.013250e+05; 4.365616e-17
3.000000e-02; 1.013255e+05; -2.850769e-06; 9.557153e+04; 6.000000e-03; 1.013250e+05; 4.205463e-22
3.500000e-02; 1.013241e+05; 1.824749e-06; 9.457749e+04; 7.000000e-03; 1.013250e+05; -4.365513e-17
4.000000e-02; 1.013261e+05; -7.089572e-07; 9.357325e+04; 8.000000e-03; 1.013250e+05; -8.730720e-17
4.500000e-02; 1.013237e+05; -3.999885e-07; 9.257634e+04; 9.000000e-03; 1.013250e+05; -1.308973e-16
5.000000e-02; 1.013263e+05; 1.412467e-06; 9.157408e+04; 1.000000e-02; 1.013250e+05; -1.733508e-16
5.500000e-02; 1.013237e+05; -2.252381e-06; 9.057578e+04; 1.100000e-02; 1.013250e+05; -1.915857e-16
6.000000e-02; 1.013261e+05; 2.862298e-06; 8.957453e+04; 1.200000e-02; 1.013250e+05; 1.113359e-16
6.500000e-02; 1.013242e+05; -3.206851e-06; 8.857549e+04; 1.300000e-02; 1.013250e+05; 3.582400e-16
7.000000e-02; 1.013255e+05; 3.274182e-06; 8.757478e+04; 1.400000e-02; 1.013250e+05; 8.896778e-16
7.500000e-02; 1.013248e+05; -3.075445e-06; 8.657534e+04; 1.500000e-02; 1.013250e+05; 1.890916e-15
8.000000e-02; 1.013249e+05; 2.642499e-06; 8.557494e+04; 1.600000e-02; 1.013250e+05; 4.266090e-15
8.500000e-02; 1.013254e+05; -2.024089e-06; 8.457528e+04; 1.700000e-02; 1.013250e+05; 8.820680e-15
9.000000e-02; 1.013244e+05; 1.280914e-06; 8.357505e+04; 1.800000e-02; 1.013250e+05; 1.658882e-14
9.500000e-02; 1.013258e+05; -4.800277e-07; 8.257526e+04; 1.900000e-02; 1.013250e+05; 2.317358e-14
1.000000e-01; 1.013241e+05; -3.109235e-07; 8.157513e+04; 2.000000e-02; 1.013250e+05; 8.643773e-14
1.050000e-01; 1.013259e+05; 1.029160e-06; 8.057526e+04; 2.100000e-02; 1.013250e+05; 4.795659e-13
1.100000e-01; 1.013241e+05; -1.621513e-06; 7.957520e+04; 2.200000e-02; 1.013250e+05; 2.075233e-12
1.150000e-01; 1.013258e+05; 2.048107e-06; 7.857529e+04; 2.300000e-02; 1.013250e+05; 8.088194e-12
1.200000e-01; 1.013244e+05; -2.284755e-06; 7.757526e+04; 2.400000e-02; 1.013250e+05; 2.927383e-11
1.250000e-01; 1.013254e+05; 2.323955e-06; 7.657532e+04; 2.500000e-02; 1.013250e+05; 1.005882e-10
1.300000e-01; 1.013249e+05; -2.174482e-06; 7.557531e+04; 2.600000e-02; 1.013250e+05; 3.276787e-10
1.350000e-01; 1.013249e+05; 1.859705e-06; 7.457537e+04; 2.700000e-02; 1.013250e+05; 1.014259e-09
1.400000e-01; 1.013253e+05; -1.414832e-06; 7.357537e+04; 2.800000e-02; 1.013250e+05; 2.986652e-09
1.450000e-01; 1.013245e+05; 8.833765e-07; 7.257542e+04; 2.900000e-02; 1.013250e+05; 8.378019e-09
1.500000e-01; 1.013256e+05; -3.131646e-07; 7.157543e+04; 3.000000e-02; 1.013250e+05; 2.241649e-08
1.550000e-01; 1.013243e+05; -2.477550e-07; 7.057547e+04; 3.100000e-02; 1.013250e+05; 5.727727e-08
1.600000e-01; 1.013257e+05; 7.549778e-07; 6.957550e+04; 3.200000e-02; 1.013249e+05; 1.399192e-07
1.650000e-01; 1.013244e+05; -1.171083e-06; 6.857553e+04; 3.300000e-02; 1.013247e+05; 3.271324e-07
1.700000e-01; 1.013255e+05; 1.468212e-06; 6.757556e+04; 3.400000e-02; 1.013244e+05; 7.327804e-07
1.750000e-01; 1.013246e+05; -1.629723e-06; 6.657560e+04; 3.500000e-02; 1.013237e+05; 1.574230e-06
1.800000e-01; 1.013253e+05; 1.650852e-06; 6.557563e+04; 3.600000e-02; 1.013223e+05; 3.246660e-06
1.850000e-01; 1.013249e+05; -1.538373e-06; 6.457567e+04; 3.700000e-02; 1.013196e+05; 6.434340e-06
1.900000e-01; 1.013249e+05; 1.309362e-06; 6.357571e+04; 3.800000e-02; 1.013146e+05; 1.226568e-05
1.950000e-01; 1.013252e+05; -9.892087e-07; 6.257575e+04; 3.900000e-02; 1.013057e+05; 2.251245e-05
2.000000e-01; 1.013247e+05; 6.090741e-07; 6.157578e+04; 4.000000e-02; 1.012905e+05; 3.982218e-05
2.050000e-01; 1.013254e+05; -2.030494e-07; 6.057583e+04; 4.100000e-02; 1.012656e+05; 6.795710e-05
2.100000e-01; 1.013245e+05; -1.947570e-07; 5.957587e+04; 4.200000e-02; 1.012263e+05; 1.119954e-04
2.150000e-01; 1.013255e+05; 5.529516e-07; 5.857591e+04; 4.300000e-02; 1.011664e+05; 1.784368e-04
2.200000e-01; 1.013246e+05; -8.452116e-07; 5.757595e+04; 4.400000e-02; 1.010783e+05; 2.751503e-04
2.250000e-01; 1.013254e+05; 1.052086e-06; 5.657600e+04; 4.500000e-02; 1.009534e+05; 4.111124e-04
2.300000e-01; 1.013247e+05; -1.162145e-06; 5.557604e+04; 4.600000e-02; 1.007821e+05; 5.959156e-04
2.350000e-01; 1.013252e+05; 1.172404e-06; 5.457609e+04; 4.700000e-02; 1.005548e+05; 8.390692e-04
2.400000e-01; 1.013249e+05; -1.088064e-06; 5.357613e+04; 4.800000e-02; 1.002626e+05; 1.149167e-03
2.450000e-01; 1.013249e+05; 9.215910e-07; 5.257618e+04; 4.900000e-02; 9.989800e+04; 1.533036e-03
2.500000e-01; 1.013252e+05; -6.912861e-07; 5.157623e+04; 5.000000e-02; 9.945604e+04; 1.995012e-03
2.550000e-01; 1.013248e+05; 4.194606e-07; 5.057628e+04; 5.100000e-02; 9.893456e+04; 2.536452e-03
2.600000e-01; 1.013253e+05; -1.304101e-07; 4.957633e+04; 5.200000e-02; 9.833450e+04; 3.155600e-03
2.650000e-01; 1.013247e+05; -1.516565e-07; 4.857638e+04; 5.300000e-02; 9.765986e+04; 3.847799e-03
2.700000e-01; 1.013253e+05; 4.045488e-07; 4.757644e+04; 5.400000e-02; 9.691713e+04; 4.606029e-03
2.750000e-01; 1.013247e+05; -6.097559e-07; 4.657649e+04; 5.500000e-02; 9.611466e+04; 5.421657e-03
2.800000e-01; 1.013253e+05; 7.537037e-07; 4.557655e+04; 5.600000e-02; 9.526176e+04; 6.285276e-03
2.850000e-01; 1.013248e+05; -8.285507e-07; 4.457660e+04; 5.700000e-02; 9.436795e+04; 7.187496e-03
2.900000e-01; 1.013251e+05; 8.324626e-07; 4.357666e+04; 5.800000e-02; 9.344219e+04; 8.119589e-03
2.950000e-01; 1.013250e+05; -7.694128e-07; 4.257672e+04; 5.900000e-02; 9.249244e+04; 9.073931e-03
3.000000e-01; 1.013250e+05; 6.484767e-07; 4.157678e+04; 6.000000e-02; 9.152534e+04; 1.004422e-02
3.050000e-01; 1.013251e+05; -4.828859e-07; 4.057684e+04; 6.100000e-02; 9.054619e+04; 1.102552e-02
3.100000e-01; 1.013248e+05; 2.885014e-07; 3.957690e+04; 6.200000e-02; 8.955897e+04; 1.201412e-02
3.150000e-01; 1.013252e+05; -8.288976e-08; 3.857696e+04; 6.300000e-02; 8.856655e+04; 1.300740e-02
3.200000e-01; 1.013248e+05; -1.173487e-07; 3.757702e+04; 6.400000e-02; 8.757091e+04; 1.400356e-02
3.250000e-01; 1.013252e+05; 2.952544e-07; 3.657709e+04; 6.500000e-02; 8.657334e+04; 1.500143e-02
3.300000e-01; 1.013248e+05; -4.405646e-07; 3.557715e+04; 6.600000e-02; 8.557466e+04; 1.600028e-02
3.350000e-01; 1.013252e+05; 5.380303e-07; 3.457722e+04; 6.700000e-02; 8.457538e+04; 1.699967e-02
3.400000e-01; 1.013249e+05; -5.941408e-07; 3.357729e+04; 6.800000e-02; 8.357577e+04; 1.799934e-02
3.450000e-01; 1.013251e+05; 5.840356e-07; 3.257735e+04; 6.900000e-02; 8.257599e+04; 1.899915e-02
3.500000e-01; 1.013249e+05; -5.572097e-07; 3.157742e+04; 7.000000e-02; 8.157613e+04; 1.999904e-02
3.550000e-01; 1.013249e+05; 4.315037e-07; 3.057749e+04; 7.100000e-02; 8.057623e+04; 2.099896e-02
3.600000e-01; 1.013250e+05; -3.819938e-07; 2.957757e+04; 7.200000e-02; 7.957632e+04; 2.199890e-02
3.650000e-01; 1.013247e+05; 1.186511e-07; 2.857764e+04; 7.300000e-02; 7.857640e+04; 2.299885e-02
3.700000e-01; 1.013248e+05; -1.895197e-07; 2.757771e+04; 7.400000e-02; 7.757647e+04; 2.399879e-02
3.750000e-01; 1.013241e+05; -3.221953e-07; 2.657778e+04; 7.500000e-02; 7.657655e+04; 2.499874e-02
3.800000e-01; 1.013239e+05; -1.660416e-07; 2.557786e+04; 7.600000e-02; 7.557662e+04; 2.599869e-02
3.850000e-01; 1.013227e+05; -9.284493e-07; 2.457794e+04; 7.700000e-02; 7.457670e+04; 2.699864e-02
3.900000e-01; 1.013215e+05; -5.661601e-07; 2.357801e+04; 7.800000e-02; 7.357678e+04; 2.799859e-02
3.950000e-01; 1.013189e+05; -1.863088e-06; 2.257809e+04; 7.900000e-02; 7.257685e+04; 2.899854e-02
4.000000e-01; 1.013154e+05; -1.698386e-06; 2.157817e+04; 8.000000e-02; 7.157693e+04; 2.999849e-02
4.050000e-01; 1.013096e+05; -3.393765e-06; 2.057825e+04; 8.100000e-02; 7.057701e+04; 3.099844e-02
4.100000e-01; 1.013010e+05; -3.801501e-06; 1.957833e+04; 8.200000e-02; 6.957709e+04; 3.199839e-02
4.150000e-01; 1.012883e+05; -5.649171e-06; 1.857841e+04; 8.300000e-02; 6.857718e+04; 3.299834e-02
4.200000e-01; 1.012697e+05; -6.619315e-06; 1.757849e+04; 8.400000e-02; 6.757726e+04; 3.399829e-02
4.250000e-01; 1.012435e+05; -7.913433e-06; 1.657857e+04; 8.500000e-02; 6.657734e+04; 3.499824e-02
4.300000e-01; 1.012066e+05; -8.394805e-06; 1.557865e+04; 8.600000e-02; 6.557743e+04; 3.599819e-02
4.350000e-01; 1.011566e+05; -7.184328e-06; 1.457873e+04; 8.700000e-02; 6.457751e+04; 3.699814e-02
4.400000e-01; 1.010889e+05; -4.038012e-06; 1.357881e+04; 8.800000e-02; 6.357760e+04; 3.799809e-02
4.450000e-01; 1.009721e+05; -3.676765e-05; 1.257889e+04; 8.900000e-02; 6.257769e+04; 3.899804e-02
4.500000e-01; 1.008114e+05; -6.554987e-05; 1.157898e+04; 9.000000e-02; 6.157778e+04; 3.999799e-02
4.550000e-01; 1.006461e+05; -5.179155e-05; 1.057906e+04; 9.100000e-02; 6.057787e+04; 4.099794e-02
4.600000e-01; 1.004425e+05; -4.493614e-05; 9.579141e+03; 9.200000e-02; 5.957796e+04; 4.199789e-02
4.650000e-01; 1.001936e+05; -1.087491e-05; 8.579225e+03; 9.300000e-02; 5.857805e+04; 4.299784e-02
4.700000e-01; 9.989631e+04; 3.131598e-05; 7.579310e+03; 9.400000e-02; 5.757815e+04; 4.399779e-02
4.750000e-01; 9.954519e+04; 1.087484e-04; 6.579396e+03; 9.500000e-02; 5.657824e+04; 4.499774e-02
4.800000e-01; 9.913834e+04; 2.080473e-04; 5.579485e+03; 9.600000e-02; 5.557833e+04; 4.599769e-02
4.850000e-01; 9.867250e+04; 3.539815e-04; 4.579576e+03; 9.700000e-02; 5.457843e+04; 4.699764e-02
4.900000e-01; 9.814792e+04; 5.355895e-04; 3.579669e+03; 9.800000e-02; 5.357853e+04; 4.799759e-02
4.950000e-01; 9.756397e+04; 7.752664e-04; 2.579765e+03; 9.900000e-02; 5.257863e+04; 4.899754e-02
5.000000e-01; 9.692336e+04; 1.062460e-03; 1.579865e+03; 1.000000e-01; 5.157873e+04; 4.999749e-02
5.050000e-01; 9.622796e+04; 1.416328e-03; 5.799668e+02; 1.010000e-01; 5.057883e+04; 5.099744e-02
5.100000e-01; 9.548255e+04; 1.825247e-03; -4.199282e+02; 1.020000e-01; 4.957893e+04; 5.199739e-02
5.150000e-01; 9.469083e+04; 2.304419e-03; -1.419821e+03; 1.030000e-01; 4.857903e+04; 5.299734e-02
5.200000e-01; 9.385879e+04; 2.840372e-03; -2.419711e+03; 1.040000e-01; 4.757913e+04; 5.399729e-02
5.250000e-01; 9.299096e+04; 3.444270e-03; -3.419599e+03; 1.050000e-01; 4.657924e+04; 5.499724e-02
5.300000e-01; 9.209348e+04; 4.100846e-03; -4.419486e+03; 1.060000e-01; 4.557934e+04; 5.599719e-02
5.350000e-01; 9.117075e+04; 4.817870e-03; -5.419371e+03; 1.070000e-01; 4.457945e+04; 5.699714e-02
5.400000e-01; 9.022825e+04; 5.579037e-03; -6.419256e+03; 1.080000e-01; 4.357955e+04; 5.799709e-02
5.450000e-01; 8.926950e+04; 6.389856e-03; -7.419140e+03; 1.090000e-01; 4.257966e+04; 5.899704e-02
5.500000e-01; 8.829885e+04; 7.234066e-03; -8.419023e+03; 1.100000e-01; 4.157977e+04; 5.999699e-02
5.550000e-01; 8.731871e+04; 8.116140e-03; -9.418907e+03; 1.110000e-01; 4.057987e+04; 6.099694e-02
5.600000e-01; 8.633218e+04; 9.020857e-03; -1.041879e+04; 1.120000e-01; 3.957998e+04; 6.199688e-02
5.650000e-01; 8.534062e+04; 9.952612e-03; -1.141867e+04; 1.130000e-01; 3.858008e+04; 6.299682e-02
5.700000e-01; 8.434608e+04; 1.089786e-02; -1.241856e+04; 1.140000e-01; 3.758018e+04; 6.399675e-02
5.750000e-01; 8.334912e+04; 1.186145e-02; -1.341844e+04; 1.150000e-01; 3.658027e+04; 6.499668e-02
5.800000e-01; 8.235103e+04; 1.283170e-02; -1.441832e+04; 1.160000e-01; 3.558035e+04; 6.599658e-02
5.850000e-01; 8.135186e+04; 1.381404e-02; -1.541820e+04; 1.170000e-01; 3.458040e+04; 6.699646e-02
5.900000e-01; 8.035244e+04; 1.479853e-02; -1.641809e+04; 1.180000e-01; 3.358042e+04; 6.799630e-02
5.950000e-01; 7.935253e+04; 1.579102e-02; -1.741797e+04; 1.190000e-01; 3.258039e+04; 6.899609e-02
6.000000e-01; 7.835272e+04; 1.678302e-02; -1.841785e+04; 1.200000e-01; 3.158028e+04; 6.999578e-02
6.050000e-01; 7.735265e+04; 1.778054e-02; -1.941773e+04; 1.210000e-01; 3.058004e+04; 7.099533e-02
6.100000e-01; 7.635278e+04; 1.877622e-02; -2.041760e+04; 1.220000e-01; 2.957963e+04; 7.199469e-02
6.150000e-01; 7.535273e+04; 1.977602e-02; -2.141748e+04; 1.230000e-01; 2.857897e+04; 7.299378e-02
6.200000e-01; 7.435288e+04; 2.077340e-02; -2.241736e+04; 1.240000e-01; 2.757794e+04; 7.399246e-02
6.250000e-01; 7.335287e+04; 2.177411e-02; -2.341723e+04; 1.250000e-01; 2.657640e+04; 7.499058e-02
6.300000e-01; 7.235305e+04; 2.277225e-02; -2.441711e+04; 1.260000e-01; 2.557414e+04; 7.598792e-02
6.350000e-01; 7.135308e+04; 2.377327e-02; -2.541698e+04; 1.270000e-01; 2.457090e+04; 7.698419e-02
6.400000e-01; 7.035327e+04; 2.477176e-02; -2.641686e+04; 1.280000e-01; 2.356633e+04; 7.797903e-02
6.450000e-01; 6.935332e+04; 2.577282e-02; -2.741673e+04; 1.290000e-01; 2.255997e+04; 7.897195e-02
6.500000e-01; 6.835352e+04; 2.677149e-02; -2.841660e+04; 1.300000e-01; 2.155129e+04; 7.996239e-02
6.550000e-01; 6.735357e+04; 2.777252e-02; -2.941647e+04; 1.310000e-01; 2.053962e+04; 8.094965e-02
6.600000e-01; 6.635377e+04; 2.877131e-02; -3.041634e+04; 1.320000e-01; 1.952419e+04; 8.193293e-02
6.650000e-01; 6.535384e+04; 2.977227e-02; -3.141621e+04; 1.330000e-01; 1.850413e+04; 8.291136e-02
6.700000e-01; 6.435404e+04; 3.077114e-02; -3.241607e+04; 1.340000e-01; 1.747851e+04; 8.388396e-02
6.750000e-01; 6.335411e+04; 3.177203e-02; -3.341594e+04; 1.350000e-01; 1.644633e+04; 8.484977e-02
6.800000e-01; 6.235431e+04; 3.277098e-02; -3.441580e+04; 1.360000e-01; 1.540663e+04; 8.580781e-02
6.850000e-01; 6.135439e+04; 3.377179e-02; -3.541567e+04; 1.370000e-01; 1.435848e+04; 8.675720e-02
6.900000e-01; 6.035458e+04; 3.477081e-02; -3.641553e+04; 1.380000e-01; 1.330108e+04; 8.769714e-02
6.950000e-01; 5.935467e+04; 3.577156e-02; -3.741539e+04; 1.390000e-01; 1.223376e+04; 8.862705e-02
7.000000e-01; 5.835486e+04; 3.677065e-02; -3.841525e+04; 1.400000e-01; 1.115607e+04; 8.954652e-02
7.050000e-01; 5.735495e+04; 3.777134e-02; -3.941511e+04; 1.410000e-01; 1.006780e+04; 9.045540e-02
7.100000e-01; 5.635514e+04; 3.877048e-02; -4.041497e+04; 1.420000e-01; 8.968985e+03; 9.135379e-02
7.150000e-01; 5.535524e+04; 3.977111e-02; -4.141483e+04; 1.430000e-01; 7.859949e+03; 9.224210e-02
7.200000e-01; 5.435543e+04; 4.077031e-02; -4.241469e+04; 1.440000e-01; 6.741307e+03; 9.312101e-02
7.250000e-01; 5.335553e+04; 4.177089e-02; -4.341454e+04; 1.450000e-01; 5.613964e+03; 9.399150e-02
7.300000e-01; 5.235572e+04; 4.277014e-02; -4.441440e+04; 1.460000e-01; 4.479100e+03; 9.485482e-02
7.350000e-01; 5.135583e+04; 4.377067e-02; -4.541425e+04; 1.470000e-01; 3.338146e+03; 9.571244e-02
7.400000e-01; 5.035602e+04; 4.476997e-02; -4.641410e+04; 1.480000e-01; 2.192749e+03; 9.656607e-02
7.450000e-01; 4.935613e+04; 4.577045e-02; -4.741396e+04; 1.490000e-01; 1.044717e+03; 9.741754e-02
7.500000e-01; 4.835631e+04; 4.676979e-02; -4.841381e+04; 1.500000e-01; -1.040374e+02; 9.826878e-02
7.550000e-01; 4.735643e+04; 4.777023e-02; -4.941366e+04; 1.510000e-01; -1.251575e+03; 9.912171e-02
7.600000e-01; 4.635662e+04; 4.876961e-02; -5.041351e+04; 1.520000e-01; -2.395999e+03; 9.997821e-02
7.650000e-01; 4.535674e+04; 4.977001e-02; -5.141336e+04; 1.530000e-01; -3.535529e+03; 1.008400e-01
7.700000e-01; 4.435693e+04; 5.076944e-02; -5.241321e+04; 1.540000e-01; -4.668567e+03; 1.017087e-01
7.750000e-01; 4.335705e+04; 5.176980e-02; -5.341306e+04; 1.550000e-01; -5.793755e+03; 1.025855e-01
7.800000e-01; 4.235724e+04; 5.276926e-02; -5.441291e+04; 1.560000e-01; -6.910012e+03; 1.034714e-01
7.850000e-01; 4.135737e+04; 5.376959e-02; -5.541277e+04; 1.570000e-01; -8.016559e+03; 1.043672e-01
7.900000e-01; 4.035755e+04; 5.476908e-02; -5.641264e+04; 1.580000e-01; -9.112928e+03; 1.052732e-01
7.950000e-01; 3.935769e+04; 5.576937e-02; -5.741251e+04; 1.590000e-01; -1.019895e+04; 1.061895e-01
8.000000e-01; 3.835787e+04; 5.676889e-02; -5.841241e+04; 1.600000e-01; -1.127472e+04; 1.071160e-01
8.050000e-01; 3.735801e+04; 5.776916e-02; -5.941233e+04; 1.610000e-01; -1.234060e+04; 1.080523e-01
8.100000e-01; 3.635820e+04; 5.876871e-02; -6.041229e+04; 1.620000e-01; -1.339712e+04; 1.089978e-01
8.150000e-01; 3.535834e+04; 5.976895e-02; -6.141231e+04; 1.630000e-01; -1.444497e+04; 1.099517e-01
8.200000e-01; 3.435852e+04; 6.076853e-02; -6.241241e+04; 1.640000e-01; -1.548496e+04; 1.109133e-01
8.250000e-01; 3.335867e+04; 6.176874e-02; -6.341264e+04; 1.650000e-01; -1.651793e+04; 1.118817e-01
8.300000e-01; 3.235885e+04; 6.276834e-02; -6.441304e+04; 1.660000e-01; -1.754476e+04; 1.128560e-01
8.350000e-01; 3.135900e+04; 6.376854e-02; -6.541368e+04; 1.670000e-01; -1.856630e+04; 1.138354e-01
8.400000e-01; 3.035919e+04; 6.476816e-02; -6.641466e+04; 1.680000e-01; -1.958335e+04; 1.148191e-01
8.450000e-01; 2.935934e+04; 6.576833e-02; -6.741611e+04; 1.690000e-01; -2.059668e+04; 1.158064e-01
8.500000e-01; 2.835953e+04; 6.676797e-02; -6.841817e+04; 1.700000e-01; -2.160694e+04; 1.167965e-01
8.550000e-01; 2.735968e+04; 6.776812e-02; -6.942108e+04; 1.710000e-01; -2.261474e+04; 1.177890e-01
8.600000e-01; 2.635987e+04; 6.876778e-02; -7.042509e+04; 1.720000e-01; -2.362057e+04; 1.187833e-01
8.650000e-01; 2.536003e+04; 6.976792e-02; -7.143056e+04; 1.730000e-01; -2.462486e+04; 1.197791e-01
8.700000e-01; 2.436022e+04; 7.076759e-02; -7.243788e+04; 1.740000e-01; -2.562797e+04; 1.207760e-01
8.750000e-01; 2.336038e+04; 7.176771e-02; -7.344759e+04; 1.750000e-01; -2.663017e+04; 1.217738e-01
8.800000e-01; 2.236057e+04; 7.276740e-02; -7.446029e+04; 1.760000e-01; -2.763169e+04; 1.227722e-01
8.850000e-01; 2.136073e+04; 7.376751e-02; -7.547669e+04; 1.770000e-01; -2.863272e+04; 1.237710e-01
8.900000e-01; 2.036092e+04; 7.476721e-02; -7.649762e+04; 1.780000e-01; -2.963338e+04; 1.247702e-01
8.950000e-01; 1.936109e+04; 7.576730e-02; -7.752401e+04; 1.790000e-01; -3.063378e+04; 1.257696e-01
9.000000e-01; 1.836128e+04; 7.676702e-02; -7.855691e+04; 1.800000e-01; -3.163399e+04; 1.267692e-01
9.050000e-01; 1.736145e+04; 7.776710e-02; -7.959742e+04; 1.810000e-01; -3.263407e+04; 1.277689e-01
9.100000e-01; 1.636164e+04; 7.876683e-02; -8.064673e+04; 1.820000e-01; -3.363406e+04; 1.287687e-01
9.150000e-01; 1.536181e+04; 7.976690e-02; -8.170606e+04; 1.830000e-01; -3.463399e+04; 1.297686e-01
9.200000e-01; 1.436200e+04; 8.076664e-02; -8.277662e+04; 1.840000e-01; -3.563388e+04; 1.307685e-01
9.250000e-01; 1.336217e+04; 8.176669e-02; -8.385959e+04; 1.850000e-01; -3.663374e+04; 1.317684e-01
9.300000e-01; 1.236237e+04; 8.276645e-02; -8.495604e+04; 1.860000e-01; -3.763358e+04; 1.327683e-01
9.350000e-01; 1.136254e+04; 8.376649e-02; -8.606692e+04; 1.870000e-01; -3.863342e+04; 1.337682e-01
9.400000e-01; 1.036273e+04; 8.476626e-02; -8.719298e+04; 1.880000e-01; -3.963324e+04; 1.347682e-01
9.450000e-01; 9.362911e+03; 8.576629e-02; -8.833473e+04; 1.890000e-01; -4.063306e+04; 1.357681e-01
9.500000e-01; 8.363106e+03; 8.676607e-02; -8.949242e+04; 1.900000e-01; -4.163287e+04; 1.367681e-01
9.550000e-01; 7.363286e+03; 8.776609e-02; -9.066596e+04; 1.910000e-01; -4.263268e+04; 1.377680e-01
9.600000e-01; 6.363482e+03; 8.876588e-02; -9.185494e+04; 1.920000e-01; -4.363249e+04; 1.387680e-01
9.650000e-01; 5.363665e+03; 8.976589e-02; -9.305858e+04; 1.930000e-01; -4.463230e+04; 1.397679e-01
9.700000e-01; 4.363863e+03; 9.076568e-02; -9.427576e+04; 1.940000e-01; -4.563210e+04; 1.407679e-01
9.750000e-01; 3.364049e+03; 9.176569e-02; -9.550502e+04; 1.950000e-01; -4.663191e+04; 1.417678e-01
9.800000e-01; 2.364249e+03; 9.276549e-02; -9.674455e+04; 1.960000e-01; -4.763171e+04; 1.427678e-01
9.850000e-01; 1.364439e+03; 9.376549e-02; -9.799231e+04; 1.970000e-01; -4.863151e+04; 1.437677e-01
9.900000e-01; 3.646421e+02; 9.476530e-02; -9.924601e+04; 1.980000e-01; -4.963132e+04; 1.447677e-01
9.950000e-01; -6.351644e+02; 9.576529e-02; -1.005032e+05; 1.990000e-01; -5.063112e+04; 1.457676e-01
1.000000e+00; -1.634958e+03; 9.676510e-02; -1.017613e+05; 2.000000e-01; -5.163092e+04; 1.467676e-01
1.005000e+00; -2.634761e+03; 9.776509e-02; -1.030178e+05; 2.010000e-01; -5.263072e+04; 1.477675e-01
1.010000e+00; -3.634552e+03; 9.876491e-02; -1.042702e+05; 2.020000e-01; -5.363053e+04; 1.487675e-01
1.015000e+00; -4.634351e+03; 9.976489e-02; -1.055160e+05; 2.030000e-01; -5.463033e+04; 1.497675e-01
1.020000e+00; -5.634139e+03; 1.007647e-01; -1.067532e+05; 2.040000e-01; -5.563015e+04; 1.507674e-01
1.025000e+00; -6.633935e+03; 1.017647e-01; -1.079797e+05; 2.050000e-01; -5.662996e+04; 1.517674e-01
1.030000e+00; -7.633720e+03; 1.027645e-01; -1.091939e+05; 2.060000e-01; -5.762979e+04; 1.527674e-01
1.035000e+00; -8.633513e+03; 1.037645e-01; -1.103944e+05; 2.070000e-01; -5.862963e+04; 1.537674e-01
1.040000e+00; -9.633296e+03; 1.047643e-01; -1.115803e+05; 2.080000e-01; -5.962949e+04; 1.547674e-01
1.045000e+00; -1.063309e+04; 1.057643e-01; -1.127510e+05; 2.090000e-01; -6.062938e+04; 1.557675e-01
1.050000e+00; -1.163287e+04; 1.067641e-01; -1.139062e+05; 2.100000e-01; -6.162931e+04; 1.567676e-01
1.055000e+00; -1.263265e+04; 1.077641e-01; -1.150459e+05; 2.110000e-01; -6.262930e+04; 1.577678e-01
1.060000e+00; -1.363243e+04; 1.087639e-01; -1.161703e+05; 2.120000e-01; -6.362936e+04; 1.587680e-01
1.065000e+00; -1.463222e+04; 1.097639e-01; -1.172802e+05; 2.130000e-01; -6.462952e+04; 1.597684e-01
1.070000e+00; -1.563200e+04; 1.107637e-01; -1.183761e+05; 2.140000e-01; -6.562982e+04; 1.607689e-01
1.075000e+00; -1.663178e+04; 1.117637e-01; -1.194591e+05; 2.150000e-01; -6.663029e+04; 1.617696e-01
1.080000e+00; -1.763156e+04; 1.127635e-01; -1.205303e+05; 2.160000e-01; -6.763100e+04; 1.627705e-01
1.085000e+00; -1.863134e+04; 1.137635e-01; -1.215906e+05; 2.170000e-01; -6.863202e+04; 1.637718e-01
1.090000e+00; -1.963112e+04; 1.147634e-01; -1.226412e+05; 2.180000e-01; -6.963343e+04; 1.647735e-01
1.095000e+00; -2.063090e+04; 1.157633e-01; -1.236833e+05; 2.190000e-01; -7.063534e+04; 1.657757e-01
1.100000e+00; -2.163067e+04; 1.167632e-01; -1.247180e+05; 2.200000e-01; -7.163788e+04; 1.667786e-01
1.105000e+00; -2.263045e+04; 1.177631e-01; -1.257462e+05; 2.210000e-01; -7.264120e+04; 1.677823e-01
1.110000e+00; -2.363023e+04; 1.187630e-01; -1.267690e+05; 2.220000e-01; -7.364549e+04; 1.687871e-01
1.115000e+00; -2.463000e+04; 1.197629e-01; -1.277872e+05; 2.230000e-01; -7.465096e+04; 1.697931e-01
1.120000e+00; -2.562978e+04; 1.207628e-01; -1.288015e+05; 2.240000e-01; -7.565786e+04; 1.708006e-01
1.125000e+00; -2.662955e+04; 1.217627e-01; -1.298128e+05; 2.250000e-01; -7.666646e+04; 1.718098e-01
1.130000e+00; -2.762932e+04; 1.227626e-01; -1.308214e+05; 2.260000e-01; -7.767709e+04; 1.728212e-01
1.135000e+00; -2.862910e+04; 1.237625e-01; -1.318280e+05; 2.270000e-01; -7.869008e+04; 1.738351e-01
1.140000e+00; -2.962887e+04; 1.247624e-01; -1.328330e+05; 2.280000e-01; -7.970582e+04; 1.748517e-01
1.145000e+00; -3.062864e+04; 1.257623e-01; -1.338367e+05; 2.290000e-01; -8.072470e+04; 1.758717e-01
1.150000e+00; -3.162840e+04; 1.267622e-01; -1.348394e+05; 2.300000e-01; -8.174713e+04; 1.768953e-01
1.155000e+00; -3.262817e+04; 1.277621e-01; -1.358414e+05; 2.310000e-01; -8.277356e+04; 1.779230e-01
1.160000e+00; -3.362794e+04; 1.287620e-01; -1.368427e+05; 2.320000e-01; -8.380440e+04; 1.789552e-01
1.165000e+00; -3.462771e+04; 1.297619e-01; -1.378437e+05; 2.330000e-01; -8.484007e+04; 1.799923e-01
1.170000e+00; -3.562747e+04; 1.307618e-01; -1.388443e+05; 2.340000e-01; -8.588097e+04; 1.810348e-01
1.175000e+00; -3.662724e+04; 1.317617e-01; -1.398446e+05; 2.350000e-01; -8.692745e+04; 1.820829e-01
1.180000e+00; -3.762700e+04; 1.327616e-01; -1.408448e+05; 2.360000e-01; -8.797983e+04; 1.831370e-01
1.185000e+00; -3.862676e+04; 1.337615e-01; -1.418449e+05; 2.370000e-01; -8.903833e+04; 1.841973e-01
1.190000e+00; -3.962652e+04; 1.347614e-01; -1.428448e+05; 2.380000e-01; -9.010311e+04; 1.852639e-01
1.195000e+00; -4.062628e+04; 1.357613e-01; -1.438447e+05; 2.390000e-01; -9.117426e+04; 1.863368e-01
1.200000e+00; -4.162604e+04; 1.367612e-01; -1.448446e+05; 2.400000e-01; -9.225172e+04; 1.874160e-01
1.205000e+00; -4.262580e+04; 1.377611e-01; -1.458444e+05; 2.410000e-01; -9.333537e+04; 1.885014e-01
1.210000e+00; -4.362556e+04; 1.387610e-01; -1.468442e+05; 2.420000e-01; -9.442493e+04; 1.895926e-01
1.215000e+00; -4.462531e+04; 1.397609e-01; -1.478439e+05; 2.430000e-01; -9.552005e+04; 1.906892e-01
1.220000e+00; -4.562507e+04; 1.407608e-01; -1.488437e+05; 2.440000e-01; -9.662024e+04; 1.917908e-01
1.225000e+00; -4.662482e+04; 1.417607e-01; -1.498435e+05; 2.450000e-01; -9.772489e+04; 1.928966e-01
1.230000e+00; -4.762457e+04; 1.427606e-01; -1.508432e+05; 2.460000e-01; -9.883333e+04; 1.940061e-01
1.235000e+00; -4.862433e+04; 1.437606e-01; -1.518430e+05; 2.470000e-01; -9.994479e+04; 1.951184e-01
1.240000e+00; -4.962408e+04; 1.447605e-01; -1.528427e+05; 2.480000e-01; -1.010584e+05; 1.962326e-01
1.245000e+00; -5.062383e+04; 1.457604e-01; -1.538425e+05; 2.490000e-01; -1.021733e+05; 1.973479e-01
1.250000e+00; -5.162357e+04; 1.467604e-01; -1.548422e+05; 2.500000e-01; -1.032886e+05; 1.984633e-01
1.255000e+00; -5.262332e+04; 1.477603e-01; -1.558420e+05; 2.510000e-01; -1.044033e+05; 1.995779e-01
1.260000e+00; -5.362306e+04; 1.487603e-01; -1.568417e+05; 2.520000e-01; -1.055165e+05; 2.006908e-01
1.265000e+00; -5.462280e+04; 1.497603e-01; -1.578415e+05; 2.530000e-01; -1.066275e+05; 2.018012e-01
1.270000e+00; -5.562253e+04; 1.507604e-01; -1.588412e+05; 2.540000e-01; -1.077352e+05; 2.029083e-01
1.275000e+00; -5.662227e+04; 1.517605e-01; -1.598409e+05; 2.550000e-01; -1.088391e+05; 2.040113e-01
1.280000e+00; -5.762199e+04; 1.527607e-01; -1.608407e+05; 2.560000e-01; -1.099384e+05; 2.051095e-01
1.285000e+00; -5.862171e+04; 1.537610e-01; -1.618404e+05; 2.570000e-01; -1.110326e+05; 2.062026e-01
1.290000e+00; -5.962142e+04; 1.547614e-01; -1.628401e+05; 2.580000e-01; -1.121213e+05; 2.072901e-01
1.295000e+00; -6.062111e+04; 1.557620e-01; -1.638399e+05; 2.590000e-01; -1.132041e+05; 2.083716e-01
1.300000e+00; -6.162079e+04; 1.567629e-01; -1.648396e+05; 2.600000e-01; -1.142808e+05; 2.094469e-01
1.305000e+00; -6.262044e+04; 1.577641e-01; -1.658393e+05; 2.610000e-01; -1.153512e+05; 2.105161e-01
1.310000e+00; -6.362006e+04; 1.587656e-01; -1.668391e+05; 2.620000e-01; -1.164155e+05; 2.115790e-01
1.315000e+00; -6.461964e+04; 1.597677e-01; -1.678388e+05; 2.630000e-01; -1.174736e+05; 2.126358e-01
1.320000e+00; -6.561916e+04; 1.607704e-01; -1.688385e+05; 2.640000e-01; -1.185257e+05; 2.136868e-01
1.325000e+00; -6.661859e+04; 1.617739e-01; -1.698383e+05; 2.650000e-01; -1.195721e+05; 2.147320e-01
1.330000e+00; -6.761792e+04; 1.627784e-01; -1.708380e+05; 2.660000e-01; -1.206131e+05; 2.157719e-01
1.335000e+00; -6.861710e+04; 1.637842e-01; -1.718377e+05; 2.670000e-01; -1.216490e+05; 2.168069e-01
1.340000e+00; -6.961608e+04; 1.647915e-01; -1.728375e+05; 2.680000e-01; -1.226802e+05; 2.178372e-01
1.345000e+00; -7.061480e+04; 1.658008e-01; -1.738372e+05; 2.690000e-01; -1.237071e+05; 2.188633e-01
1.350000e+00; -7.161317e+04; 1.668123e-01; -1.748369e+05; 2.700000e-01; -1.247300e+05; 2.198856e-01
1.355000e+00; -7.261109e+04; 1.678266e-01; -1.758366e+05; 2.710000e-01; -1.257495e+05; 2.209045e-01
1.360000e+00; -7.360842e+04; 1.688442e-01; -1.768364e+05; 2.720000e-01; -1.267659e+05; 2.219205e-01
1.365000e+00; -7.460498e+04; 1.698659e-01; -1.778361e+05; 2.730000e-01; -1.277795e+05; 2.229337e-01
1.370000e+00; -7.560057e+04; 1.708922e-01; -1.788358e+05; 2.740000e-01; -1.287908e+05; 2.239447e-01
1.375000e+00; -7.659491e+04; 1.719240e-01; -1.798355e+05; 2.750000e-01; -1.298001e+05; 2.249537e-01
1.380000e+00; -7.758767e+04; 1.729623e-01; -1.808352e+05; 2.760000e-01; -1.308076e+05; 2.259611e-01
1.385000e+00; -7.857848e+04; 1.740081e-01; -1.818350e+05; 2.770000e-01; -1.318136e+05; 2.269670e-01
1.390000e+00; -7.956686e+04; 1.750624e-01; -1.828347e+05; 2.780000e-01; -1.328184e+05; 2.279718e-01
1.395000e+00; -8.055225e+04; 1.761266e-01; -1.838344e+05; 2.790000e-01; -1.338221e+05; 2.289756e-01
1.400000e+00; -8.153400e+04; 1.772019e-01; -1.848341e+05; 2.800000e-01; -1.348251e+05; 2.299786e-01
1.405000e+00; -8.251137e+04; 1.782898e-01; -1.858338e+05; 2.810000e-01; -1.358273e+05; 2.309809e-01
1.410000e+00; -8.348349e+04; 1.793916e-01; -1.868335e+05; 2.820000e-01; -1.368290e+05; 2.319827e-01
1.415000e+00; -8.444939e+04; 1.805091e-01; -1.878333e+05; 2.830000e-01; -1.378302e+05; 2.329841e-01
1.420000e+00; -8.540796e+04; 1.816438e-01; -1.888330e+05; 2.840000e-01; -1.388311e+05; 2.339851e-01
1.425000e+00; -8.635799e+04; 1.827974e-01; -1.898327e+05; 2.850000e-01; -1.398317e+05; 2.349859e-01
1.430000e+00; -8.729815e+04; 1.839715e-01; -1.908324e+05; 2.860000e-01; -1.408321e+05; 2.359865e-01
1.435000e+00; -8.822700e+04; 1.851679e-01; -1.918321e+05; 2.870000e-01; -1.418323e+05; 2.369869e-01
1.440000e+00; -8.914298e+04; 1.863880e-01; -1.928318e+05; 2.880000e-01; -1.428323e+05; 2.379872e-01
1.445000e+00; -9.004445e+04; 1.876336e-01; -1.938315e+05; 2.890000e-01; -1.438323e+05; 2.389874e-01
1.450000e+00; -9.092970e+04; 1.889061e-01; -1.948312e+05; 2.900000e-01; -1.448322e+05; 2.399875e-01
1.455000e+00; -9.179695e+04; 1.902070e-01; -1.958309e+05; 2.910000e-01; -1.458321e+05; 2.409876e-01
1.460000e+00; -9.264440e+04; 1.915373e-01; -1.968306e+05; 2.920000e-01; -1.468319e+05; 2.419877e-01
1.465000e+00; -9.347024e+04; 1.928984e-01; -1.978303e+05; 2.930000e-01; -1.478316e+05; 2.429877e-01
1.470000e+00; -9.427266e+04; 1.942910e-01; -1.988300e+05; 2.940000e-01; -1.488314e+05; 2.439877e-01
1.475000e+00; -9.504992e+04; 1.957159e-01; -1.998297e+05; 2.950000e-01; -1.498311e+05; 2.449877e-01
1.480000e+00; -9.580036e+04; 1.971736e-01; -2.008294e+05; 2.960000e-01; -1.508308e+05; 2.459877e-01
1.485000e+00; -9.652242e+04; 1.986644e-01; -2.018291e+05; 2.970000e-01; -1.518305e+05; 2.469877e-01
1.490000e+00; -9.721466e+04; 2.001884e-01; -2.028288e+05; 2.980000e-01; -1.528302e+05; 2.479877e-01
1.495000e+00; -9.787585e+04; 2.017454e-01; -2.038285e+05; 2.990000e-01; -1.538298e+05; 2.489877e-01
1.500000e+00; -9.850491e+04; 2.033350e-01; -2.048282e+05; 3.000000e-01; -1.548295e+05; 2.499878e-01
1.505000e+00; -9.910098e+04; 2.049567e-01; -2.058279e+05; 3.010000e-01; -1.558291e+05; 2.509878e-01
1.510000e+00; -9.966345e+04; 2.066095e-01; -2.068276e+05; 3.020000e-01; -1.568286e+05; 2.519879e-01
1.515000e+00; -1.001919e+05; 2.082926e-01; -2.078273e+05; 3.030000e-01; -1.578282e+05; 2.529880e-01
1.520000e+00; -1.006862e+05; 2.100047e-01; -2.088270e+05; 3.040000e-01; -1.588276e+05; 2.539882e-01
1.525000e+00; -1.011465e+05; 2.117445e-01; -2.098267e+05; 3.050000e-01; -1.598270e+05; 2.549885e-01
1.530000e+00; -1.015731e+05; 2.135106e-01; -2.108264e+05; 3.060000e-01; -1.608264e+05; 2.559888e-01
1.535000e+00; -1.019665e+05; 2.153014e-01; -2.118261e+05; 3.070000e-01; -1.618255e+05; 2.569893e-01
1.540000e+00; -1.023277e+05; 2.171154e-01; -2.128257e+05; 3.080000e-01; -1.628246e+05; 2.579900e-01
1.545000e+00; -1.026576e+05; 2.189508e-01; -2.138254e+05; 3.090000e-01; -1.638234e+05; 2.589908e-01
1.550000e+00; -1.029573e+05; 2.208061e-01; -2.148251e+05; 3.100000e-01; -1.648220e+05; 2.599919e-01
1.555000e+00; -1.032284e+05; 2.226795e-01; -2.158248e+05; 3.110000e-01; -1.658203e+05; 2.609933e-01
1.560000e+00; -1.034721e+05; 2.245694e-01; -2.168245e+05; 3.120000e-01; -1.668182e+05; 2.619952e-01
1.565000e+00; -1.036902e+05; 2.264742e-01; -2.178241e+05; 3.130000e-01; -1.678157e+05; 2.629975e-01
1.570000e+00; -1.038842e+05; 2.283924e-01; -2.188238e+05; 3.140000e-01; -1.688126e+05; 2.640004e-01
1.575000e+00; -1.040559e+05; 2.303225e-01; -2.198235e+05; 3.150000e-01; -1.698087e+05; 2.650041e-01
1.580000e+00; -1.042071e+05; 2.322631e-01; -2.208232e+05; 3.160000e-01; -1.708040e+05; 2.660087e-01
1.585000e+00; -1.043394e+05; 2.342129e-01; -2.218228e+05; 3.170000e-01; -1.717982e+05; 2.670145e-01
1.590000e+00; -1.044546e+05; 2.361708e-01; -2.228225e+05; 3.180000e-01; -1.727911e+05; 2.680216e-01
1.595000e+00; -1.045052e+05; 2.382074e-01; -2.238222e+05; 3.190000e-01; -1.737824e+05; 2.690303e-01
1.600000e+00; -1.046004e+05; 2.401224e-01; -2.248219e+05; 3.200000e-01; -1.747719e+05; 2.700410e-01
1.605000e+00; -1.046820e+05; 2.421319e-01; -2.258215e+05; 3.210000e-01; -1.757592e+05; 2.710540e-01
1.610000e+00; -1.047430e+05; 2.440791e-01; -2.268212e+05; 3.220000e-01; -1.767438e+05; 2.720697e-01
1.615000e+00; -1.048103e+05; 2.460752e-01; -2.278209e+05; 3.230000e-01; -1.777254e+05; 2.730886e-01
1.620000e+00; -1.048462e+05; 2.480541e-01; -2.288205e+05; 3.240000e-01; -1.787033e+05; 2.741114e-01
1.625000e+00; -1.049003e+05; 2.500334e-01; -2.298202e+05; 3.250000e-01; -1.796770e+05; 2.751385e-01
1.630000e+00; -1.049204e+05; 2.520395e-01; -2.308199e+05; 3.260000e-01; -1.806458e+05; 2.761706e-01
1.635000e+00; -1.049609e+05; 2.540051e-01; -2.318196e+05; 3.270000e-01; -1.816090e+05; 2.772086e-01
1.640000e+00; -1.049733e+05; 2.560288e-01; -2.328192e+05; 3.280000e-01; -1.825658e+05; 2.782533e-01
1.645000e+00; -1.050000e+05; 2.579894e-01; -2.338189e+05; 3.290000e-01; -1.835152e+05; 2.793055e-01
1.650000e+00; -1.050106e+05; 2.600182e-01; -2.348185e+05; 3.300000e-01; -1.844563e+05; 2.803663e-01
1.655000e+00; -1.050242e+05; 2.619839e-01; -2.358182e+05; 3.310000e-01; -1.853881e+05; 2.814367e-01
1.660000e+00; -1.050361e+05; 2.640066e-01; -2.368179e+05; 3.320000e-01; -1.863093e+05; 2.825179e-01
1.665000e+00; -1.050391e+05; 2.659856e-01; -2.378175e+05; 3.330000e-01; -1.872190e+05; 2.836111e-01
1.670000e+00; -1.050526e+05; 2.679945e-01; -2.388172e+05; 3.340000e-01; -1.881157e+05; 2.847175e-01
1.675000e+00; -1.050486e+05; 2.699907e-01; -2.398168e+05; 3.350000e-01; -1.889982e+05; 2.858385e-01
1.680000e+00; -1.050622e+05; 2.719839e-01; -2.408165e+05; 3.360000e-01; -1.898652e+05; 2.869753e-01
1.685000e+00; -1.050555e+05; 2.739957e-01; -2.418161e+05; 3.370000e-01; -1.907152e+05; 2.881294e-01
1.690000e+00; -1.050667e+05; 2.759767e-01; -2.428158e+05; 3.380000e-01; -1.915470e+05; 2.893021e-01
1.695000e+00; -1.050609e+05; 2.779983e-01; -2.438154e+05; 3.390000e-01; -1.923591e+05; 2.904949e-01
1.700000e+00; -1.050677e+05; 2.799738e-01; -2.448151e+05; 3.400000e-01; -1.931501e+05; 2.917091e-01
1.705000e+00; -1.050655e+05; 2.819973e-01; -2.458147e+05; 3.410000e-01; -1.939188e+05; 2.929459e-01
1.710000e+00; -1.050670e+05; 2.839753e-01; -2.468143e+05; 3.420000e-01; -1.946638e+05; 2.942068e-01
1.715000e+00; -1.050690e+05; 2.859930e-01; -2.478139e+05; 3.430000e-01; -1.953839e+05; 2.954928e-01
1.720000e+00; -1.050658e+05; 2.879797e-01; -2.488135e+05; 3.440000e-01; -1.960780e+05; 2.968051e-01
1.725000e+00; -1.050712e+05; 2.899869e-01; -2.498131e+05; 3.450000e-01; -1.967451e+05; 2.981447e-01
1.730000e+00; -1.050650e+05; 2.919852e-01; -2.508126e+05; 3.460000e-01; -1.973843e+05; 2.995123e-01
1.735000e+00; -1.050720e+05; 2.939808e-01; -2.518121e+05; 3.470000e-01; -1.979947e+05; 3.009089e-01
1.740000e+00; -1.050652e+05; 2.959899e-01; -2.528115e+05; 3.480000e-01; -1.985760e+05; 3.023348e-01
1.745000e+00; -1.050715e+05; 2.979765e-01; -2.538109e+05; 3.490000e-01; -1.991274e+05; 3.037906e-01
1.750000e+00; -1.050662e+05; 2.999922e-01; -2.548102e+05; 3.500000e-01; -1.996488e+05; 3.052765e-01
1.755000e+00; -1.050700e+05; 3.019750e-01; -2.558094e+05; 3.510000e-01; -2.001401e+05; 3.067925e-01
1.760000e+00; -1.050677e+05; 3.039917e-01; -2.568084e+05; 3.520000e-01; -2.006012e+05; 3.083386e-01
1.765000e+00; -1.050681e+05; 3.059762e-01; -2.578073e+05; 3.530000e-01; -2.010325e+05; 3.099145e-01
1.770000e+00; -1.050692e+05; 3.079887e-01; -2.588060e+05; 3.540000e-01; -2.014342e+05; 3.115198e-01
1.775000e+00; -1.050665e+05; 3.099794e-01; -2.598043e+05; 3.550000e-01; -2.018070e+05; 3.131539e-01
1.780000e+00; -1.050701e+05; 3.119843e-01; -2.608024e+05; 3.560000e-01; -2.021516e+05; 3.148161e-01
1.785000e+00; -1.050655e+05; 3.139833e-01; -2.617999e+05; 3.570000e-01; -2.024687e+05; 3.165055e-01
1.790000e+00; -1.050703e+05; 3.159800e-01; -2.627970e+05; 3.580000e-01; -2.027592e+05; 3.182212e-01
1.795000e+00; -1.050653e+05; 3.179866e-01; -2.637934e+05; 3.590000e-01; -2.030243e+05; 3.199620e-01
1.800000e+00; -1.050697e+05; 3.199769e-01; -2.647890e+05; 3.600000e-01; -2.032651e+05; 3.217269e-01
1.805000e+00; -1.050659e+05; 3.219881e-01; -2.657835e+05; 3.610000e-01; -2.034827e+05; 3.235146e-01
1.810000e+00; -1.050685e+05; 3.239758e-01; -2.667769e+05; 3.620000e-01; -2.036785e+05; 3.253239e-01
1.815000e+00; -1.050669e+05; 3.259876e-01; -2.677688e+05; 3.630000e-01; -2.038538e+05; 3.271533e-01
1.820000e+00; -1.050670e+05; 3.279766e-01; -2.687589e+05; 3.640000e-01; -2.040099e+05; 3.290015e-01
1.825000e+00; -1.050678e+05; 3.299853e-01; -2.697469e+05; 3.650000e-01; -2.041484e+05; 3.308670e-01
1.830000e+00; -1.050658e+05; 3.319788e-01; -2.707323e+05; 3.660000e-01; -2.042705e+05; 3.327485e-01
1.835000e+00; -1.050684e+05; 3.339821e-01; -2.717147e+05; 3.670000e-01; -2.043779e+05; 3.346444e-01
1.840000e+00; -1.050651e+05; 3.359815e-01; -2.726935e+05; 3.680000e-01; -2.044719e+05; 3.365533e-01
1.845000e+00; -1.050685e+05; 3.379789e-01; -2.736681e+05; 3.690000e-01; -2.045540e+05; 3.384738e-01
1.850000e+00; -1.050649e+05; 3.399836e-01; -2.746377e+05; 3.700000e-01; -2.046254e+05; 3.404047e-01
1.855000e+00; -1.050679e+05; 3.419766e-01; -2.756016e+05; 3.710000e-01; -2.046873e+05; 3.423447e-01
1.860000e+00; -1.050652e+05; 3.439846e-01; -2.765589e+05; 3.720000e-01; -2.047410e+05; 3.442928e-01
1.865000e+00; -1.050670e+05; 3.459757e-01; -2.775084e+05; 3.730000e-01; -2.047874e+05; 3.462479e-01
1.870000e+00; -1.050659e+05; 3.479841e-01; -2.784491e+05; 3.740000e-01; -2.048273e+05; 3.482092e-01
1.875000e+00; -1.050659e+05; 3.499762e-01; -2.793796e+05; 3.750000e-01; -2.048617e+05; 3.501760e-01
1.880000e+00; -1.050665e+05; 3.519823e-01; -2.802987e+05; 3.760000e-01; -2.048911e+05; 3.521476e-01
1.885000e+00; -1.050650e+05; 3.539777e-01; -2.812047e+05; 3.770000e-01; -2.049161e+05; 3.541234e-01
1.890000e+00; -1.050669e+05; 3.559799e-01; -2.820961e+05; 3.780000e-01; -2.049373e+05; 3.561029e-01
1.895000e+00; -1.050644e+05; 3.579795e-01; -2.829711e+05; 3.790000e-01; -2.049551e+05; 3.580857e-01
1.900000e+00; -1.050668e+05; 3.599775e-01; -2.838277e+05; 3.800000e-01; -2.049701e+05; 3.600713e-01
1.905000e+00; -1.050643e+05; 3.619809e-01; -2.846641e+05; 3.810000e-01; -2.049825e+05; 3.620592e-01
1.910000e+00; -1.050664e+05; 3.639758e-01; -2.854780e+05; 3.820000e-01; -2.049928e+05; 3.640493e-01
1.915000e+00; -1.050645e+05; 3.659814e-01; -2.862674e+05; 3.830000e-01; -2.050012e+05; 3.660412e-01
1.920000e+00; -1.050657e+05; 3.679751e-01; -2.870298e+05; 3.840000e-01; -2.050080e+05; 3.680345e-01
1.925000e+00; -1.050648e+05; 3.699809e-01; -2.877630e+05; 3.850000e-01; -2.050136e+05; 3.700291e-01
1.930000e+00; -1.050648e+05; 3.719754e-01; -2.884645e+05; 3.860000e-01; -2.050180e+05; 3.720248e-01
1.935000e+00; -1.050652e+05; 3.739796e-01; -2.891319e+05; 3.870000e-01; -2.050215e+05; 3.740213e-01
1.940000e+00; -1.050641e+05; 3.759763e-01; -2.897629e+05; 3.880000e-01; -2.050243e+05; 3.760185e-01
1.945000e+00; -1.050654e+05; 3.779777e-01; -2.903550e+05; 3.890000e-01; -2.050265e+05; 3.780162e-01
1.950000e+00; -1.050636e+05; 3.799774e-01; -2.909058e+05; 3.900000e-01; -2.050282e+05; 3.800145e-01
1.955000e+00; -1.050653e+05; 3.819759e-01; -2.914131e+05; 3.910000e-01; -2.050294e+05; 3.820131e-01
1.960000e+00; -1.050635e+05; 3.839783e-01; -2.918747e+05; 3.920000e-01; -2.050304e+05; 3.840120e-01
1.965000e+00; -1.050649e+05; 3.859746e-01; -2.922886e+05; 3.930000e-01; -2.050310e+05; 3.860111e-01
1.970000e+00; -1.050636e+05; 3.879785e-01; -2.926530e+05; 3.940000e-01; -2.050315e+05; 3.880104e-01
1.975000e+00; -1.050644e+05; 3.899740e-01; -2.929660e+05; 3.950000e-01; -2.050318e+05; 3.900098e-01
1.980000e+00; -1.050638e+05; 3.919780e-01; -2.932263e+05; 3.960000e-01; -2.050319e+05; 3.920092e-01
1.985000e+00; -1.050637e+05; 3.939740e-01; -2.934326e+05; 3.970000e-01; -2.050318e+05; 3.940088e-01
1.990000e+00; -1.050640e+05; 3.959769e-01; -2.935839e+05; 3.980000e-01; -2.050317e+05; 3.960083e-01
1.995000e+00; -1.050632e+05; 3.979746e-01; -2.936793e+05; 3.990000e-01; -2.050314e+05; 3.980079e-01
2.000000e+00; -1.050641e+05; 3.999755e-01; -2.937185e+05; 4.000000e-01; -2.050310e+05; 4.000073e-01
2.005000e+00; -1.050628e+05; 4.019753e-01; -2.937013e+05; 4.010000e-01; -2.050305e+05; 4.020068e-01
2.010000e+00; -1.050639e+05; 4.039741e-01; -2.936276e+05; 4.020000e-01; -2.050299e+05; 4.040061e-01
2.015000e+00; -1.050626e+05; 4.059757e-01; -2.934980e+05; 4.030000e-01; -2.050290e+05; 4.060052e-01
2.020000e+00; -1.050636e+05; 4.079730e-01; -2.933129e+05; 4.040000e-01; -2.050280e+05; 4.080042e-01
2.025000e+00; -1.050626e+05; 4.099758e-01; -2.930733e+05; 4.050000e-01; -2.050267e+05; 4.100029e-01
2.030000e+00; -1.050631e+05; 4.119724e-01; -2.927803e+05; 4.060000e-01; -2.050251e+05; 4.120014e-01
2.035000e+00; -1.050627e+05; 4.139752e-01; -2.924353e+05; 4.070000e-01; -2.050232e+05; 4.139995e-01
2.040000e+00; -1.050626e+05; 4.159723e-01; -2.920400e+05; 4.080000e-01; -2.050208e+05; 4.159971e-01
2.045000e+00; -1.050628e+05; 4.179743e-01; -2.915960e+05; 4.090000e-01; -2.050179e+05; 4.179942e-01
2.050000e+00; -1.050621e+05; 4.199726e-01; -2.911054e+05; 4.100000e-01; -2.050145e+05; 4.199907e-01
2.055000e+00; -1.050628e+05; 4.219731e-01; -2.905702e+05; 4.110000e-01; -2.050102e+05; 4.219864e-01
2.060000e+00; -1.050618e+05; 4.239729e-01; -2.899928e+05; 4.120000e-01; -2.050052e+05; 4.239812e-01
2.065000e+00; -1.050626e+05; 4.259720e-01; -2.893754e+05; 4.130000e-01; -2.049990e+05; 4.259750e-01
2.070000e+00; -1.050616e+05; 4.279731e-01; -2.887205e+05; 4.140000e-01; -2.049917e+05; 4.279674e-01
2.075000e+00; -1.050623e+05; 4.299711e-01; -2.880307e+05; 4.150000e-01; -2.049829e+05; 4.299584e-01
2.080000e+00; -1.050616e+05; 4.319730e-01; -2.873082e+05; 4.160000e-01; -2.049724e+05; 4.319475e-01
2.085000e+00; -1.050619e+05; 4.339706e-01; -2.865557e+05; 4.170000e-01; -2.049600e+05; 4.339347e-01
2.090000e+00; -1.050616e+05; 4.359725e-01; -2.857755e+05; 4.180000e-01; -2.049453e+05; 4.359195e-01
2.095000e+00; -1.050615e+05; 4.379704e-01; -2.849701e+05; 4.190000e-01; -2.049279e+05; 4.379015e-01
2.100000e+00; -1.050616e+05; 4.399717e-01; -2.841418e+05; 4.200000e-01; -2.049075e+05; 4.398804e-01
2.105000e+00; -1.050611e+05; 4.419704e-01; -2.832926e+05; 4.210000e-01; -2.048836e+05; 4.418557e-01
2.110000e+00; -1.050615e+05; 4.439707e-01; -2.824248e+05; 4.220000e-01; -2.048558e+05; 4.438268e-01
2.115000e+00; -1.050608e+05; 4.459705e-01; -2.815402e+05; 4.230000e-01; -2.048234e+05; 4.457933e-01
2.120000e+00; -1.050613e+05; 4.479697e-01; -2.806406e+05; 4.240000e-01; -2.047859e+05; 4.477545e-01
2.125000e+00; -1.050606e+05; 4.499705e-01; -2.797278e+05; 4.250000e-01; -2.047426e+05; 4.497098e-01
2.130000e+00; -1.050611e+05; 4.519690e-01; -2.788031e+05; 4.260000e-01; -2.046929e+05; 4.516585e-01
2.135000e+00; -1.050605e+05; 4.539703e-01; -2.778680e+05; 4.270000e-01; -2.046360e+05; 4.535997e-01
2.140000e+00; -1.050607e+05; 4.559685e-01; -2.769237e+05; 4.280000e-01; -2.045710e+05; 4.555327e-01
2.145000e+00; -1.050605e+05; 4.579697e-01; -2.759714e+05; 4.290000e-01; -2.044972e+05; 4.574566e-01
2.150000e+00; -1.050603e+05; 4.599682e-01; -2.750121e+05; 4.300000e-01; -2.044137e+05; 4.593705e-01
2.155000e+00; -1.050604e+05; 4.619690e-01; -2.740466e+05; 4.310000e-01; -2.043194e+05; 4.612735e-01
2.160000e+00; -1.050600e+05; 4.639681e-01; -2.730758e+05; 4.320000e-01; -2.042134e+05; 4.631645e-01
2.165000e+00; -1.050602e+05; 4.659682e-01; -2.721004e+05; 4.330000e-01; -2.040947e+05; 4.650425e-01
2.170000e+00; -1.050597e+05; 4.679680e-01; -2.711210e+05; 4.340000e-01; -2.039623e+05; 4.669065e-01
2.175000e+00; -1.050600e+05; 4.699673e-01; -2.701382e+05; 4.350000e-01; -2.038151e+05; 4.687554e-01
2.180000e+00; -1.050594e+05; 4.719678e-01; -2.691525e+05; 4.360000e-01; -2.036519e+05; 4.705881e-01
2.185000e+00; -1.050597e+05; 4.739666e-01; -2.681643e+05; 4.370000e-01; -2.034718e+05; 4.724036e-01
2.190000e+00; -1.050592e+05; 4.759674e-01; -2.671740e+05; 4.380000e-01; -2.032737e+05; 4.742008e-01
2.195000e+00; -1.050592e+05; 4.779661e-01; -2.661820e+05; 4.390000e-01; -2.030564e+05; 4.759787e-01
2.200000e+00; -1.050589e+05; 4.799669e-01; -2.651885e+05; 4.400000e-01; -2.028191e+05; 4.777362e-01
2.205000e+00; -1.050587e+05; 4.819656e-01; -2.641937e+05; 4.410000e-01; -2.025607e+05; 4.794723e-01
2.210000e+00; -1.050585e+05; 4.839661e-01; -2.631980e+05; 4.420000e-01; -2.022802e+05; 4.811862e-01
2.215000e+00; -1.050580e+05; 4.859653e-01; -2.622014e+05; 4.430000e-01; -2.019768e+05; 4.828769e-01
2.220000e+00; -1.050579e+05; 4.879652e-01; -2.612042e+05; 4.440000e-01; -2.016498e+05; 4.845438e-01
2.225000e+00; -1.050572e+05; 4.899649e-01; -2.602063e+05; 4.450000e-01; -2.012983e+05; 4.861861e-01
2.230000e+00; -1.050570e+05; 4.919643e-01; -2.592081e+05; 4.460000e-01; -2.009218e+05; 4.878032e-01
2.235000e+00; -1.050560e+05; 4.939644e-01; -2.582094e+05; 4.470000e-01; -2.005197e+05; 4.893946e-01
2.240000e+00; -1.050555e+05; 4.959633e-01; -2.572105e+05; 4.480000e-01; -2.000916e+05; 4.909599e-01
2.245000e+00; -1.050544e+05; 4.979635e-01; -2.562114e+05; 4.490000e-01; -1.996371e+05; 4.924988e-01
2.250000e+00; -1.050534e+05; 4.999622e-01; -2.552121e+05; 4.500000e-01; -1.991561e+05; 4.940111e-01
2.255000e+00; -1.050519e+05; 5.019623e-01; -2.542126e+05; 4.510000e-01; -1.986485e+05; 4.954968e-01
2.260000e+00; -1.050502e+05; 5.039609e-01; -2.532130e+05; 4.520000e-01; -1.981143e+05; 4.969559e-01
2.265000e+00; -1.050482e+05; 5.059605e-01; -2.522134e+05; 4.530000e-01; -1.975537e+05; 4.983886e-01
2.270000e+00; -1.050456e+05; 5.079591e-01; -2.512136e+05; 4.540000e-01; -1.969669e+05; 4.997952e-01
2.275000e+00; -1.050428e+05; 5.099581e-01; -2.502139e+05; 4.550000e-01; -1.963543e+05; 5.011761e-01
2.280000e+00; -1.050389e+05; 5.119567e-01; -2.492140e+05; 4.560000e-01; -1.957164e+05; 5.025319e-01
2.285000e+00; -1.050347e+05; 5.139548e-01; -2.482142e+05; 4.570000e-01; -1.950537e+05; 5.038631e-01
2.290000e+00; -1.050292e+05; 5.159531e-01; -2.472143e+05; 4.580000e-01; -1.943670e+05; 5.051704e-01
2.295000e+00; -1.050231e+05; 5.179502e-01; -2.462144e+05; 4.590000e-01; -1.936570e+05; 5.064546e-01
2.300000e+00; -1.050154e+05; 5.199478e-01; -2.452145e+05; 4.600000e-01; -1.929245e+05; 5.077166e-01
2.305000e+00; -1.050066e+05; 5.219437e-01; -2.442146e+05; 4.610000e-01; -1.921706e+05; 5.089573e-01
2.310000e+00; -1.049959e+05; 5.239401e-01; -2.432147e+05; 4.620000e-01; -1.913961e+05; 5.101777e-01
2.315000e+00; -1.049834e+05; 5.259346e-01; -2.422148e+05; 4.630000e-01; -1.906020e+05; 5.113788e-01
2.320000e+00; -1.049687e+05; 5.279290e-01; -2.412149e+05; 4.640000e-01; -1.897895e+05; 5.125617e-01
2.325000e+00; -1.049513e+05; 5.299217e-01; -2.402149e+05; 4.650000e-01; -1.889596e+05; 5.137275e-01
2.330000e+00; -1.049312e+05; 5.319134e-01; -2.392150e+05; 4.660000e-01; -1.881133e+05; 5.148772e-01
2.335000e+00; -1.049075e+05; 5.339034e-01; -2.382151e+05; 4.670000e-01; -1.872519e+05; 5.160120e-01
2.340000e+00; -1.048803e+05; 5.358915e-01; -2.372151e+05; 4.680000e-01; -1.863763e+05; 5.171329e-01
2.345000e+00; -1.048485e+05; 5.378780e-01; -2.362152e+05; 4.690000e-01; -1.854876e+05; 5.182410e-01
2.350000e+00; -1.048121e+05; 5.398614e-01; -2.352153e+05; 4.700000e-01; -1.845869e+05; 5.193373e-01
2.355000e+00; -1.047702e+05; 5.418427e-01; -2.342154e+05; 4.710000e-01; -1.836752e+05; 5.204228e-01
2.360000e+00; -1.047223e+05; 5.438202e-01; -2.332154e+05; 4.720000e-01; -1.827534e+05; 5.214985e-01
2.365000e+00; -1.046676e+05; 5.457948e-01; -2.322155e+05; 4.730000e-01; -1.818225e+05; 5.225653e-01
2.370000e+00; -1.046055e+05; 5.477646e-01; -2.312156e+05; 4.740000e-01; -1.808833e+05; 5.236240e-01
2.375000e+00; -1.045353e+05; 5.497303e-01; -2.302156e+05; 4.750000e-01; -1.799367e+05; 5.246754e-01
2.380000e+00; -1.044558e+05; 5.516905e-01; -2.292157e+05; 4.760000e-01; -1.789834e+05; 5.257204e-01
2.385000e+00; -1.043667e+05; 5.536451e-01; -2.282158e+05; 4.770000e-01; -1.780241e+05; 5.267595e-01
2.390000e+00; -1.042395e+05; 5.556326e-01; -2.272159e+05; 4.780000e-01; -1.770594e+05; 5.277934e-01
2.395000e+00; -1.041364e+05; 5.575376e-01; -2.262159e+05; 4.790000e-01; -1.760901e+05; 5.288228e-01
2.400000e+00; -1.040069e+05; 5.595058e-01; -2.252160e+05; 4.800000e-01; -1.751165e+05; 5.298481e-01
2.405000e+00; -1.038654e+05; 5.614048e-01; -2.242161e+05; 4.810000e-01; -1.741393e+05; 5.308698e-01
2.410000e+00; -1.036575e+05; 5.634254e-01; -2.232162e+05; 4.820000e-01; -1.731588e+05; 5.318884e-01
2.415000e+00; -1.034775e+05; 5.652740e-01; -2.222163e+05; 4.830000e-01; -1.721755e+05; 5.329043e-01
2.420000e+00; -1.032876e+05; 5.672304e-01; -2.212163e+05; 4.840000e-01; -1.711897e+05; 5.339177e-01
2.425000e+00; -1.030729e+05; 5.690689e-01; -2.202164e+05; 4.850000e-01; -1.702018e+05; 5.349291e-01
2.430000e+00; -1.028454e+05; 5.709925e-01; -2.192165e+05; 4.860000e-01; -1.692120e+05; 5.359387e-01
2.435000e+00; -1.025921e+05; 5.728098e-01; -2.182166e+05; 4.870000e-01; -1.682206e+05; 5.369468e-01
2.440000e+00; -1.023236e+05; 5.746998e-01; -2.172167e+05; 4.880000e-01; -1.672278e+05; 5.379536e-01
2.445000e+00; -1.020282e+05; 5.764899e-01; -2.162168e+05; 4.890000e-01; -1.662338e+05; 5.389592e-01
2.450000e+00; -1.017156e+05; 5.783432e-01; -2.152169e+05; 4.900000e-01; -1.652388e+05; 5.399639e-01
2.455000e+00; -1.013750e+05; 5.801014e-01; -2.142170e+05; 4.910000e-01; -1.642429e+05; 5.409678e-01
2.460000e+00; -1.010154e+05; 5.819143e-01; -2.132170e+05; 4.920000e-01; -1.632463e+05; 5.419710e-01
2.465000e+00; -1.006270e+05; 5.836363e-01; -2.122171e+05; 4.930000e-01; -1.622490e+05; 5.429736e-01
2.470000e+00; -1.002183e+05; 5.854054e-01; -2.112172e+05; 4.940000e-01; -1.612512e+05; 5.439759e-01
2.475000e+00; -9.978042e+04; 5.870870e-01; -2.102173e+05; 4.950000e-01; -1.602530e+05; 5.449777e-01
2.480000e+00; -9.932121e+04; 5.888091e-01; -2.092174e+05; 4.960000e-01; -1.592543e+05; 5.459793e-01
2.485000e+00; -9.883264e+04; 5.904471e-01; -2.082175e+05; 4.970000e-01; -1.582553e+05; 5.469806e-01
2.490000e+00; -9.832226e+04; 5.921194e-01; -2.072176e+05; 4.980000e-01; -1.572560e+05; 5.479818e-01
2.495000e+00; -9.778279e+04; 5.937108e-01; -2.062177e+05; 4.990000e-01; -1.562564e+05; 5.489829e-01
2.500000e+00; -9.722143e+04; 5.953312e-01; -2.052178e+05; 5.000000e-01; -1.552566e+05; 5.499840e-01
2.505000e+00; -9.663164e+04; 5.968740e-01; -2.042179e+05; 5.010000e-01; -1.542565e+05; 5.509850e-01
2.510000e+00; -9.602030e+04; 5.984413e-01; -2.032180e+05; 5.020000e-01; -1.532561e+05; 5.519861e-01
2.515000e+00; -9.538156e+04; 5.999343e-01; -2.022181e+05; 5.030000e-01; -1.522555e+05; 5.529873e-01
2.520000e+00; -9.472200e+04; 6.014478e-01; -2.012182e+05; 5.040000e-01; -1.512547e+05; 5.539887e-01
2.525000e+00; -9.403642e+04; 6.028906e-01; -2.002183e+05; 5.050000e-01; -1.502535e+05; 5.549902e-01
2.530000e+00; -9.333112e+04; 6.043508e-01; -1.992184e+05; 5.060000e-01; -1.492521e+05; 5.559919e-01
2.535000e+00; -9.260147e+04; 6.057440e-01; -1.982185e+05; 5.070000e-01; -1.482503e+05; 5.569940e-01
2.540000e+00; -9.185348e+04; 6.071520e-01; -1.972187e+05; 5.080000e-01; -1.472482e+05; 5.579963e-01
2.545000e+00; -9.108303e+04; 6.084969e-01; -1.962188e+05; 5.090000e-01; -1.462456e+05; 5.589991e-01
2.550000e+00; -9.029587e+04; 6.098548e-01; -1.952189e+05; 5.100000e-01; -1.452426e+05; 5.600023e-01
2.555000e+00; -8.948831e+04; 6.111536e-01; -1.942190e+05; 5.110000e-01; -1.442390e+05; 5.610061e-01
2.560000e+00; -8.866582e+04; 6.124641e-01; -1.932191e+05; 5.120000e-01; -1.432349e+05; 5.620104e-01
2.565000e+00; -8.782507e+04; 6.137195e-01; -1.922192e+05; 5.130000e-01; -1.422300e+05; 5.630154e-01
2.570000e+00; -8.697124e+04; 6.149858e-01; -1.912193e+05; 5.140000e-01; -1.412245e+05; 5.640212e-01
2.575000e+00; -8.610133e+04; 6.162013e-01; -1.902194e+05; 5.150000e-01; -1.402180e+05; 5.650278e-01
2.580000e+00; -8.522020e+04; 6.174271e-01; -1.892196e+05; 5.160000e-01; -1.392106e+05; 5.660355e-01
2.585000e+00; -8.432511e+04; 6.186062e-01; -1.882197e+05; 5.170000e-01; -1.382022e+05; 5.670442e-01
2.590000e+00; -8.342059e+04; 6.197956e-01; -1.872198e+05; 5.180000e-01; -1.371925e+05; 5.680542e-01
2.595000e+00; -8.250413e+04; 6.209423e-01; -1.862199e+05; 5.190000e-01; -1.361814e+05; 5.690657e-01
2.600000e+00; -8.157993e+04; 6.220993e-01; -1.852200e+05; 5.200000e-01; -1.351687e+05; 5.700788e-01
2.605000e+00; -8.064565e+04; 6.232176e-01; -1.842202e+05; 5.210000e-01; -1.341542e+05; 5.710937e-01
2.610000e+00; -7.970516e+04; 6.243463e-01; -1.832203e+05; 5.220000e-01; -1.331377e+05; 5.721108e-01
2.615000e+00; -7.875627e+04; 6.254401e-01; -1.822204e+05; 5.230000e-01; -1.321190e+05; 5.731301e-01
2.620000e+00; -7.780251e+04; 6.265444e-01; -1.812205e+05; 5.240000e-01; -1.310977e+05; 5.741520e-01
2.625000e+00; -7.684181e+04; 6.276175e-01; -1.802206e+05; 5.250000e-01; -1.300738e+05; 5.751767e-01
2.630000e+00; -7.587741e+04; 6.287013e-01; -1.792208e+05; 5.260000e-01; -1.290469e+05; 5.762043e-01
2.635000e+00; -7.490732e+04; 6.297570e-01; -1.782209e+05; 5.270000e-01; -1.280169e+05; 5.772351e-01
2.640000e+00; -7.393450e+04; 6.308237e-01; -1.772210e+05; 5.280000e-01; -1.269837e+05; 5.782691e-01
2.645000e+00; -7.295704e+04; 6.318652e-01; -1.762211e+05; 5.290000e-01; -1.259472e+05; 5.793063e-01
2.650000e+00; -7.197763e+04; 6.329178e-01; -1.752212e+05; 5.300000e-01; -1.249075e+05; 5.803468e-01
2.655000e+00; -7.099446e+04; 6.339480e-01; -1.742213e+05; 5.310000e-01; -1.238647e+05; 5.813905e-01
2.660000e+00; -7.000995e+04; 6.349892e-01; -1.732214e+05; 5.320000e-01; -1.228187e+05; 5.824371e-01
2.665000e+00; -6.902239e+04; 6.360103e-01; -1.722215e+05; 5.330000e-01; -1.217699e+05; 5.834867e-01
2.670000e+00; -6.803398e+04; 6.370424e-01; -1.712215e+05; 5.340000e-01; -1.207182e+05; 5.845390e-01
2.675000e+00; -6.704308e+04; 6.380566e-01; -1.702216e+05; 5.350000e-01; -1.196640e+05; 5.855939e-01
2.680000e+00; -6.605169e+04; 6.390816e-01; -1.692216e+05; 5.360000e-01; -1.186072e+05; 5.866513e-01
2.685000e+00; -6.505828e+04; 6.400905e-01; -1.682216e+05; 5.370000e-01; -1.175480e+05; 5.877110e-01
2.690000e+00; -6.406466e+04; 6.411099e-01; -1.672216e+05; 5.380000e-01; -1.164865e+05; 5.887731e-01
2.695000e+00; -6.306936e+04; 6.421149e-01; -1.662215e+05; 5.390000e-01; -1.154228e+05; 5.898373e-01
2.700000e+00; -6.207407e+04; 6.431300e-01; -1.652214e+05; 5.400000e-01; -1.143570e+05; 5.909036e-01
2.705000e+00; -6.107738e+04; 6.441321e-01; -1.642213e+05; 5.410000e-01; -1.132892e+05; 5.919719e-01
2.710000e+00; -6.008084e+04; 6.451440e-01; -1.632210e+05; 5.420000e-01; -1.122195e+05; 5.930421e-01
2.715000e+00; -5.908314e+04; 6.461441e-01; -1.622207e+05; 5.430000e-01; -1.111480e+05; 5.941140e-01
2.720000e+00; -5.808569e+04; 6.471535e-01; -1.612203e+05; 5.440000e-01; -1.100749e+05; 5.951875e-01
2.725000e+00; -5.708725e+04; 6.481522e-01; -1.602198e+05; 5.450000e-01; -1.090004e+05; 5.962623e-01
2.730000e+00; -5.608913e+04; 6.491598e-01; -1.592191e+05; 5.460000e-01; -1.079247e+05; 5.973382e-01
2.735000e+00; -5.509018e+04; 6.501577e-01; -1.582183e+05; 5.470000e-01; -1.068481e+05; 5.984150e-01
2.740000e+00; -5.409158e+04; 6.511638e-01; -1.572173e+05; 5.480000e-01; -1.057708e+05; 5.994924e-01
2.745000e+00; -5.309226e+04; 6.521612e-01; -1.562160e+05; 5.490000e-01; -1.046931e+05; 6.005702e-01
2.750000e+00; -5.209332e+04; 6.531663e-01; -1.552145e+05; 5.500000e-01; -1.036153e+05; 6.016480e-01
2.755000e+00; -5.109376e+04; 6.541633e-01; -1.542126e+05; 5.510000e-01; -1.025376e+05; 6.027257e-01
2.760000e+00; -5.009458e+04; 6.551677e-01; -1.532104e+05; 5.520000e-01; -1.014603e+05; 6.038028e-01
2.765000e+00; -4.909485e+04; 6.561645e-01; -1.522078e+05; 5.530000e-01; -1.003837e+05; 6.048792e-01
2.770000e+00; -4.809550e+04; 6.571683e-01; -1.512047e+05; 5.540000e-01; -9.930804e+04; 6.059546e-01
2.775000e+00; -4.709567e+04; 6.581651e-01; -1.502010e+05; 5.550000e-01; -9.823363e+04; 6.070286e-01
2.780000e+00; -4.609621e+04; 6.591684e-01; -1.491967e+05; 5.560000e-01; -9.716068e+04; 6.081012e-01
2.785000e+00; -4.509631e+04; 6.601654e-01; -1.481916e+05; 5.570000e-01; -9.608943e+04; 6.091720e-01
2.790000e+00; -4.409677e+04; 6.611682e-01; -1.471858e+05; 5.580000e-01; -9.502009e+04; 6.102408e-01
2.795000e+00; -4.309684e+04; 6.621653e-01; -1.461789e+05; 5.590000e-01; -9.395285e+04; 6.113075e-01
2.800000e+00; -4.209724e+04; 6.631679e-01; -1.451710e+05; 5.600000e-01; -9.288790e+04; 6.123719e-01
2.805000e+00; -4.109729e+04; 6.641650e-01; -1.441618e+05; 5.610000e-01; -9.182538e+04; 6.134338e-01
2.810000e+00; -4.009766e+04; 6.651674e-01; -1.431512e+05; 5.620000e-01; -9.076543e+04; 6.144931e-01
2.815000e+00; -3.909770e+04; 6.661647e-01; -1.421390e+05; 5.630000e-01; -8.970815e+04; 6.155497e-01
2.820000e+00; -3.809804e+04; 6.671668e-01; -1.411250e+05; 5.640000e-01; -8.865362e+04; 6.166036e-01
2.825000e+00; -3.709808e+04; 6.681643e-01; -1.401090e+05; 5.650000e-01; -8.760192e+04; 6.176546e-01
2.830000e+00; -3.609840e+04; 6.691662e-01; -1.390908e+05; 5.660000e-01; -8.655308e+04; 6.187027e-01
2.835000e+00; -3.509844e+04; 6.701638e-01; -1.380700e+05; 5.670000e-01; -8.550712e+04; 6.197480e-01
2.840000e+00; -3.409875e+04; 6.711655e-01; -1.370464e+05; 5.680000e-01; -8.446403e+04; 6.207904e-01
2.845000e+00; -3.309880e+04; 6.721633e-01; -1.360197e+05; 5.690000e-01; -8.342380e+04; 6.218300e-01
2.850000e+00; -3.209910e+04; 6.731649e-01; -1.349896e+05; 5.700000e-01; -8.238637e+04; 6.228667e-01
2.855000e+00; -3.109916e+04; 6.741628e-01; -1.339557e+05; 5.710000e-01; -8.135169e+04; 6.239007e-01
2.860000e+00; -3.009945e+04; 6.751642e-01; -1.329178e+05; 5.720000e-01; -8.031969e+04; 6.249321e-01
2.865000e+00; -2.909951e+04; 6.761622e-01; -1.318754e+05; 5.730000e-01; -7.929028e+04; 6.259609e-01
2.870000e+00; -2.809979e+04; 6.771635e-01; -1.308285e+05; 5.740000e-01; -7.826335e+04; 6.269872e-01
2.875000e+00; -2.709987e+04; 6.781617e-01; -1.297766e+05; 5.750000e-01; -7.723880e+04; 6.280112e-01
2.880000e+00; -2.610014e+04; 6.791629e-01; -1.287195e+05; 5.760000e-01; -7.621650e+04; 6.290330e-01
2.885000e+00; -2.510023e+04; 6.801611e-01; -1.276571e+05; 5.770000e-01; -7.519634e+04; 6.300527e-01
2.890000e+00; -2.410050e+04; 6.811622e-01; -1.265893e+05; 5.780000e-01; -7.417819e+04; 6.310703e-01
2.895000e+00; -2.310059e+04; 6.821606e-01; -1.255158e+05; 5.790000e-01; -7.316190e+04; 6.320862e-01
2.900000e+00; -2.210085e+04; 6.831616e-01; -1.244368e+05; 5.800000e-01; -7.214736e+04; 6.331003e-01
2.905000e+00; -2.110096e+04; 6.841600e-01; -1.233522e+05; 5.810000e-01; -7.113442e+04; 6.341128e-01
2.910000e+00; -2.010121e+04; 6.851609e-01; -1.222620e+05; 5.820000e-01; -7.012296e+04; 6.351239e-01
2.915000e+00; -1.910132e+04; 6.861595e-01; -1.211664e+05; 5.830000e-01; -6.911285e+04; 6.361336e-01
2.920000e+00; -1.810158e+04; 6.871603e-01; -1.200655e+05; 5.840000e-01; -6.810396e+04; 6.371421e-01
2.925000e+00; -1.710170e+04; 6.881589e-01; -1.189595e+05; 5.850000e-01; -6.709618e+04; 6.381495e-01
2.930000e+00; -1.610195e+04; 6.891596e-01; -1.178484e+05; 5.860000e-01; -6.608939e+04; 6.391559e-01
2.935000e+00; -1.510207e+04; 6.901583e-01; -1.167326e+05; 5.870000e-01; -6.508349e+04; 6.401615e-01
2.940000e+00; -1.410232e+04; 6.911590e-01; -1.156123e+05; 5.880000e-01; -6.407837e+04; 6.411662e-01
2.945000e+00; -1.310245e+04; 6.921577e-01; -1.144877e+05; 5.890000e-01; -6.307393e+04; 6.421701e-01
2.950000e+00; -1.210270e+04; 6.931583e-01; -1.133590e+05; 5.900000e-01; -6.207009e+04; 6.431735e-01
2.955000e+00; -1.110284e+04; 6.941572e-01; -1.122267e+05; 5.910000e-01; -6.106677e+04; 6.441762e-01
2.960000e+00; -1.010308e+04; 6.951577e-01; -1.110909e+05; 5.920000e-01; -6.006388e+04; 6.451785e-01
2.965000e+00; -9.103227e+03; 6.961566e-01; -1.099520e+05; 5.930000e-01; -5.906136e+04; 6.461802e-01
2.970000e+00; -8.103470e+03; 6.971570e-01; -1.088103e+05; 5.940000e-01; -5.805914e+04; 6.471816e-01
2.975000e+00; -7.103620e+03; 6.981560e-01; -1.076664e+05; 5.950000e-01; -5.705716e+04; 6.481825e-01
2.980000e+00; -6.103862e+03; 6.991564e-01; -1.065204e+05; 5.960000e-01; -5.605536e+04; 6.491831e-01
2.985000e+00; -5.104017e+03; 7.001554e-01; -1.053729e+05; 5.970000e-01; -5.505368e+04; 6.501834e-01
2.990000e+00; -4.104258e+03; 7.011558e-01; -1.042244e+05; 5.980000e-01; -5.405207e+04; 6.511833e-01
2.995000e+00; -3.104419e+03; 7.021548e-01; -1.030751e+05; 5.990000e-01; -5.305048e+04; 6.521830e-01
3.000000e+00; -2.104659e+03; 7.031551e-01; -1.019258e+05; 6.000000e-01; -5.204887e+04; 6.531823e-01
3.005000e+00; -1.104825e+03; 7.041542e-01; -1.007767e+05; 6.010000e-01; -5.104718e+04; 6.541813e-01
3.010000e+00; -1.050645e+02; 7.051545e-01; -9.962845e+04; 6.020000e-01; -5.004536e+04; 6.551799e-01
3.015000e+00; 8.947647e+02; 7.061537e-01; -9.848144e+04; 6.030000e-01; -4.904336e+04; 6.561782e-01
3.020000e+00; 1.894525e+03; 7.071539e-01; -9.733618e+04; 6.040000e-01; -4.804114e+04; 6.571762e-01
3.025000e+00; 2.894350e+03; 7.081531e-01; -9.619309e+04; 6.050000e-01; -4.703864e+04; 6.581737e-01
3.030000e+00; 3.894110e+03; 7.091532e-01; -9.505262e+04; 6.060000e-01; -4.603579e+04; 6.591708e-01
3.035000e+00; 4.893930e+03; 7.101525e-01; -9.391518e+04; 6.070000e-01; -4.503255e+04; 6.601674e-01
3.040000e+00; 5.893690e+03; 7.111526e-01; -9.278116e+04; 6.080000e-01; -4.402883e+04; 6.611634e-01
3.045000e+00; 6.893506e+03; 7.121519e-01; -9.165089e+04; 6.090000e-01; -4.302458e+04; 6.621588e-01
3.050000e+00; 7.893266e+03; 7.131520e-01; -9.052471e+04; 6.100000e-01; -4.201971e+04; 6.631536e-01
3.055000e+00; 8.893077e+03; 7.141513e-01; -8.940289e+04; 6.110000e-01; -4.101414e+04; 6.641476e-01
3.060000e+00; 9.892837e+03; 7.151514e-01; -8.828569e+04; 6.120000e-01; -4.000778e+04; 6.651408e-01
3.065000e+00; 1.089264e+04; 7.161507e-01; -8.717331e+04; 6.130000e-01; -3.900053e+04; 6.661330e-01
3.070000e+00; 1.189240e+04; 7.171507e-01; -8.606592e+04; 6.140000e-01; -3.799229e+04; 6.671242e-01
3.075000e+00; 1.289220e+04; 7.181501e-01; -8.496365e+04; 6.150000e-01; -3.698295e+04; 6.681142e-01
3.080000e+00; 1.389196e+04; 7.191501e-01; -8.386659e+04; 6.160000e-01; -3.597240e+04; 6.691030e-01
3.085000e+00; 1.489176e+04; 7.201495e-01; -8.277480e+04; 6.170000e-01; -3.496051e+04; 6.700904e-01
3.090000e+00; 1.589152e+04; 7.211495e-01; -8.168828e+04; 6.180000e-01; -3.394716e+04; 6.710763e-01
3.095000e+00; 1.689131e+04; 7.221488e-01; -8.060703e+04; 6.190000e-01; -3.293223e+04; 6.720606e-01
3.100000e+00; 1.789106e+04; 7.231488e-01; -7.953099e+04; 6.200000e-01; -3.191558e+04; 6.730431e-01
3.105000e+00; 1.889085e+04; 7.241482e-01; -7.846008e+04; 6.210000e-01; -3.089710e+04; 6.740238e-01
3.110000e+00; 1.989060e+04; 7.251481e-01; -7.739419e+04; 6.220000e-01; -2.987666e+04; 6.750025e-01
3.115000e+00; 2.089038e+04; 7.261476e-01; -7.633317e+04; 6.230000e-01; -2.885415e+04; 6.759791e-01
3.120000e+00; 2.189012e+04; 7.271475e-01; -7.527688e+04; 6.240000e-01; -2.782946e+04; 6.769534e-01
3.125000e+00; 2.288989e+04; 7.281469e-01; -7.422514e+04; 6.250000e-01; -2.680249e+04; 6.779255e-01
3.130000e+00; 2.388963e+04; 7.291467e-01; -7.317775e+04; 6.260000e-01; -2.577316e+04; 6.788952e-01
3.135000e+00; 2.488939e+04; 7.301461e-01; -7.213450e+04; 6.270000e-01; -2.474141e+04; 6.798624e-01
3.140000e+00; 2.588911e+04; 7.311459e-01; -7.109518e+04; 6.280000e-01; -2.370716e+04; 6.808271e-01
3.145000e+00; 2.688885e+04; 7.321453e-01; -7.005956e+04; 6.290000e-01; -2.267039e+04; 6.817893e-01
3.150000e+00; 2.788856e+04; 7.331451e-01; -6.902743e+04; 6.300000e-01; -2.163107e+04; 6.827490e-01
3.155000e+00; 2.888827e+04; 7.341444e-01; -6.799853e+04; 6.310000e-01; -2.058921e+04; 6.837061e-01
3.160000e+00; 2.988795e+04; 7.351441e-01; -6.697265e+04; 6.320000e-01; -1.954480e+04; 6.846607e-01
3.165000e+00; 3.088763e+04; 7.361433e-01; -6.594957e+04; 6.330000e-01; -1.849789e+04; 6.856128e-01
3.170000e+00; 3.188727e+04; 7.371429e-01; -6.492905e+04; 6.340000e-01; -1.744852e+04; 6.865624e-01
3.175000e+00; 3.288690e+04; 7.381420e-01; -6.391088e+04; 6.350000e-01; -1.639675e+04; 6.875096e-01
3.180000e+00; 3.388647e+04; 7.391414e-01; -6.289486e+04; 6.360000e-01; -1.534266e+04; 6.884546e-01
3.185000e+00; 3.488603e+04; 7.401404e-01; -6.188079e+04; 6.370000e-01; -1.428634e+04; 6.893973e-01
3.190000e+00; 3.588552e+04; 7.411395e-01; -6.086847e+04; 6.380000e-01; -1.322790e+04; 6.903380e-01
3.195000e+00; 3.688498e+04; 7.421383e-01; -5.985775e+04; 6.390000e-01; -1.216745e+04; 6.912766e-01
3.200000e+00; 3.788434e+04; 7.431371e-01; -5.884844e+04; 6.400000e-01; -1.110513e+04; 6.922135e-01
3.205000e+00; 3.888365e+04; 7.441355e-01; -5.784040e+04; 6.410000e-01; -1.004107e+04; 6.931486e-01
3.210000e+00; 3.988284e+04; 7.451339e-01; -5.683348e+04; 6.420000e-01; -8.975433e+03; 6.940822e-01
3.215000e+00; 4.088194e+04; 7.461318e-01; -5.582756e+04; 6.430000e-01; -7.908374e+03; 6.950144e-01
3.220000e+00; 4.188089e+04; 7.471295e-01; -5.482251e+04; 6.440000e-01; -6.840068e+03; 6.959454e-01
3.225000e+00; 4.287970e+04; 7.481267e-01; -5.381823e+04; 6.450000e-01; -5.770697e+03; 6.968754e-01
3.230000e+00; 4.387832e+04; 7.491237e-01; -5.281462e+04; 6.460000e-01; -4.700450e+03; 6.978046e-01
3.235000e+00; 4.487673e+04; 7.501200e-01; -5.181159e+04; 6.470000e-01; -3.629525e+03; 6.987331e-01
3.240000e+00; 4.587488e+04; 7.511158e-01; -5.080906e+04; 6.480000e-01; -2.558123e+03; 6.996612e-01
3.245000e+00; 4.687276e+04; 7.521109e-01; -4.980697e+04; 6.490000e-01; -1.486453e+03; 7.005891e-01
3.250000e+00; 4.787030e+04; 7.531053e-01; -4.880526e+04; 6.500000e-01; -4.147255e+02; 7.015170e-01
3.255000e+00; 4.886746e+04; 7.540986e-01; -4.780386e+04; 6.510000e-01; 6.568478e+02; 7.024451e-01
3.260000e+00; 4.986417e+04; 7.550911e-01; -4.680274e+04; 6.520000e-01; 1.728055e+03; 7.033736e-01
3.265000e+00; 5.086039e+04; 7.560823e-01; -4.580185e+04; 6.530000e-01; 2.798686e+03; 7.043027e-01
3.270000e+00; 5.185602e+04; 7.570722e-01; -4.480115e+04; 6.540000e-01; 3.868535e+03; 7.052327e-01
3.275000e+00; 5.285100e+04; 7.580606e-01; -4.380063e+04; 6.550000e-01; 4.937401e+03; 7.061637e-01
3.280000e+00; 5.384523e+04; 7.590474e-01; -4.280024e+04; 6.560000e-01; 6.005094e+03; 7.070959e-01
3.285000e+00; 5.483862e+04; 7.600321e-01; -4.179996e+04; 6.570000e-01; 7.071429e+03; 7.080295e-01
3.290000e+00; 5.583106e+04; 7.610148e-01; -4.079979e+04; 6.580000e-01; 8.136234e+03; 7.089647e-01
3.295000e+00; 5.682243e+04; 7.619949e-01; -3.979970e+04; 6.590000e-01; 9.199349e+03; 7.099016e-01
3.300000e+00; 5.781259e+04; 7.629725e-01; -3.879967e+04; 6.600000e-01; 1.026063e+04; 7.108404e-01
3.305000e+00; 5.880141e+04; 7.639469e-01; -3.779970e+04; 6.610000e-01; 1.131994e+04; 7.117812e-01
3.310000e+00; 5.978871e+04; 7.649181e-01; -3.679978e+04; 6.620000e-01; 1.237717e+04; 7.127241e-01
3.315000e+00; 6.077434e+04; 7.658854e-01; -3.579989e+04; 6.630000e-01; 1.343221e+04; 7.136691e-01
3.320000e+00; 6.175808e+04; 7.668488e-01; -3.480004e+04; 6.640000e-01; 1.448499e+04; 7.146165e-01
3.325000e+00; 6.273974e+04; 7.678075e-01; -3.380021e+04; 6.650000e-01; 1.553544e+04; 7.155662e-01
3.330000e+00; 6.371906e+04; 7.687614e-01; -3.280040e+04; 6.660000e-01; 1.658349e+04; 7.165183e-01
3.335000e+00; 6.469581e+04; 7.697098e-01; -3.180061e+04; 6.670000e-01; 1.762913e+04; 7.174729e-01
3.340000e+00; 6.566969e+04; 7.706523e-01; -3.080083e+04; 6.680000e-01; 1.867234e+04; 7.184298e-01
3.345000e+00; 6.664040e+04; 7.715882e-01; -2.980107e+04; 6.690000e-01; 1.971310e+04; 7.193892e-01
3.350000e+00; 6.760760e+04; 7.725172e-01; -2.880131e+04; 6.700000e-01; 2.075144e+04; 7.203510e-01
3.355000e+00; 6.857091e+04; 7.734385e-01; -2.780156e+04; 6.710000e-01; 2.178738e+04; 7.213152e-01
3.360000e+00; 6.952994e+04; 7.743517e-01; -2.680182e+04; 6.720000e-01; 2.282095e+04; 7.222817e-01
3.365000e+00; 7.048426e+04; 7.752560e-01; -2.580209e+04; 6.730000e-01; 2.385221e+04; 7.232505e-01
3.370000e+00; 7.143339e+04; 7.761509e-01; -2.480235e+04; 6.740000e-01; 2.488121e+04; 7.242215e-01
3.375000e+00; 7.237683e+04; 7.770356e-01; -2.380263e+04; 6.750000e-01; 2.590804e+04; 7.251947e-01
3.380000e+00; 7.331402e+04; 7.779095e-01; -2.280290e+04; 6.760000e-01; 2.693275e+04; 7.261699e-01
3.385000e+00; 7.424442e+04; 7.787719e-01; -2.180318e+04; 6.770000e-01; 2.795544e+04; 7.271471e-01
3.390000e+00; 7.516738e+04; 7.796221e-01; -2.080346e+04; 6.780000e-01; 2.897619e+04; 7.281261e-01
3.395000e+00; 7.608230e+04; 7.804594e-01; -1.980374e+04; 6.790000e-01; 2.999510e+04; 7.291070e-01
3.400000e+00; 7.698848e+04; 7.812831e-01; -1.880402e+04; 6.800000e-01; 3.101226e+04; 7.300895e-01
3.405000e+00; 7.788523e+04; 7.820925e-01; -1.780431e+04; 6.810000e-01; 3.202776e+04; 7.310735e-01
3.410000e+00; 7.877184e+04; 7.828869e-01; -1.680459e+04; 6.820000e-01; 3.304170e+04; 7.320591e-01
3.415000e+00; 7.964756e+04; 7.836656e-01; -1.580488e+04; 6.830000e-01; 3.405417e+04; 7.330459e-01
3.420000e+00; 8.051165e+04; 7.844279e-01; -1.480517e+04; 6.840000e-01; 3.506527e+04; 7.340340e-01
3.425000e+00; 8.136336e+04; 7.851733e-01; -1.380546e+04; 6.850000e-01; 3.607508e+04; 7.350233e-01
3.430000e+00; 8.220190e+04; 7.859011e-01; -1.280575e+04; 6.860000e-01; 3.708369e+04; 7.360135e-01
3.435000e+00; 8.302653e+04; 7.866106e-01; -1.180604e+04; 6.870000e-01; 3.809116e+04; 7.370047e-01
3.440000e+00; 8.383649e+04; 7.873015e-01; -1.080634e+04; 6.880000e-01; 3.909758e+04; 7.379966e-01
3.445000e+00; 8.463105e+04; 7.879731e-01; -9.806633e+03; 6.890000e-01; 4.010301e+04; 7.389893e-01
3.450000e+00; 8.540947e+04; 7.886249e-01; -8.806929e+03; 6.900000e-01; 4.110751e+04; 7.399825e-01
3.455000e+00; 8.617107e+04; 7.892567e-01; -7.807226e+03; 6.910000e-01; 4.211113e+04; 7.409763e-01
3.460000e+00; 8.691518e+04; 7.898679e-01; -6.807525e+03; 6.920000e-01; 4.311390e+04; 7.419704e-01
3.465000e+00; 8.764115e+04; 7.904583e-01; -5.807824e+03; 6.930000e-01; 4.411586e+04; 7.429649e-01
3.470000e+00; 8.834840e+04; 7.910276e-01; -4.808125e+03; 6.940000e-01; 4.511703e+04; 7.439595e-01
3.475000e+00; 8.903637e+04; 7.915756e-01; -3.808426e+03; 6.950000e-01; 4.611741e+04; 7.449542e-01
3.480000e+00; 8.970455e+04; 7.921023e-01; -2.808729e+03; 6.960000e-01; 4.711702e+04; 7.459490e-01
3.485000e+00; 9.035248e+04; 7.926074e-01; -1.809033e+03; 6.970000e-01; 4.811584e+04; 7.469436e-01
3.490000e+00; 9.097977e+04; 7.930910e-01; -8.093386e+02; 6.980000e-01; 4.911385e+04; 7.479379e-01
3.495000e+00; 9.158606e+04; 7.935531e-01; 1.903549e+02; 6.990000e-01; 5.011100e+04; 7.489320e-01
3.500000e+00; 9.217105e+04; 7.939938e-01; 1.190047e+03; 7.000000e-01; 5.110726e+04; 7.499255e-01
3.505000e+00; 9.273454e+04; 7.944134e-01; 2.189738e+03; 7.010000e-01; 5.210256e+04; 7.509185e-01
3.510000e+00; 9.327633e+04; 7.948120e-01; 3.189428e+03; 7.020000e-01; 5.309683e+04; 7.519108e-01
3.515000e+00; 9.379634e+04; 7.951899e-01; 4.189116e+03; 7.030000e-01; 5.408997e+04; 7.529022e-01
3.520000e+00; 9.429452e+04; 7.955475e-01; 5.188803e+03; 7.040000e-01; 5.508188e+04; 7.538926e-01
3.525000e+00; 9.477089e+04; 7.958852e-01; 6.188488e+03; 7.050000e-01; 5.607245e+04; 7.548819e-01
3.530000e+00; 9.522554e+04; 7.962034e-01; 7.188172e+03; 7.060000e-01; 5.706153e+04; 7.558698e-01
3.535000e+00; 9.565862e+04; 7.965025e-01; 8.187854e+03; 7.070000e-01; 5.804897e+04; 7.568561e-01
3.540000e+00; 9.607035e+04; 7.967833e-01; 9.187533e+03; 7.080000e-01; 5.903460e+04; 7.578408e-01
3.545000e+00; 9.646099e+04; 7.970461e-01; 1.018721e+04; 7.090000e-01; 6.001823e+04; 7.588235e-01
3.550000e+00; 9.683087e+04; 7.972917e-01; 1.118689e+04; 7.100000e-01; 6.099964e+04; 7.598041e-01
3.555000e+00; 9.718038e+04; 7.975206e-01; 1.218656e+04; 7.110000e-01; 6.197861e+04; 7.607822e-01
3.560000e+00; 9.750995e+04; 7.977336e-01; 1.318623e+04; 7.120000e-01; 6.295489e+04; 7.617576e-01
3.565000e+00; 9.782006e+04; 7.979312e-01; 1.418589e+04; 7.130000e-01; 6.392819e+04; 7.627300e-01
3.570000e+00; 9.811123e+04; 7.981142e-01; 1.518555e+04; 7.140000e-01; 6.489823e+04; 7.636991e-01
3.575000e+00; 9.838403e+04; 7.982832e-01; 1.618521e+04; 7.150000e-01; 6.586469e+04; 7.646646e-01
3.580000e+00; 9.863907e+04; 7.984391e-01; 1.718486e+04; 7.160000e-01; 6.682721e+04; 7.656261e-01
3.585000e+00; 9.887696e+04; 7.985825e-01; 1.818450e+04; 7.170000e-01; 6.778544e+04; 7.665833e-01
3.590000e+00; 9.909838e+04; 7.987140e-01; 1.918413e+04; 7.180000e-01; 6.873898e+04; 7.675357e-01
3.595000e+00; 9.930399e+04; 7.988345e-01; 2.018375e+04; 7.190000e-01; 6.968741e+04; 7.684828e-01
3.600000e+00; 9.949449e+04; 7.989445e-01; 2.118336e+04; 7.200000e-01; 7.063028e+04; 7.694243e-01
3.605000e+00; 9.967058e+04; 7.990448e-01; 2.218295e+04; 7.210000e-01; 7.156713e+04; 7.703597e-01
3.610000e+00; 9.983299e+04; 7.991359e-01; 2.318252e+04; 7.220000e-01; 7.249745e+04; 7.712885e-01
3.615000e+00; 9.998241e+04; 7.992187e-01; 2.418207e+04; 7.230000e-01; 7.342075e+04; 7.722100e-01
3.620000e+00; 1.001196e+05; 7.992935e-01; 2.518160e+04; 7.240000e-01; 7.433646e+04; 7.731239e-01
3.625000e+00; 1.002452e+05; 7.993612e-01; 2.618109e+04; 7.250000e-01; 7.524402e+04; 7.740295e-01
3.630000e+00; 1.003599e+05; 7.994221e-01; 2.718053e+04; 7.260000e-01; 7.614286e+04; 7.749262e-01
3.635000e+00; 1.004645e+05; 7.994769e-01; 2.817994e+04; 7.270000e-01; 7.703236e+04; 7.758134e-01
3.640000e+00; 1.005128e+05; 7.994577e-01; 2.917928e+04; 7.280000e-01; 7.791191e+04; 7.766905e-01
3.645000e+00; 1.006038e+05; 7.995486e-01; 3.017856e+04; 7.290000e-01; 7.878087e+04; 7.775569e-01
3.650000e+00; 1.006899e+05; 7.995601e-01; 3.117776e+04; 7.300000e-01; 7.963859e+04; 7.784118e-01
3.655000e+00; 1.007563e+05; 7.996192e-01; 3.217686e+04; 7.310000e-01; 8.048444e+04; 7.792548e-01
3.660000e+00; 1.008334e+05; 7.996441e-01; 3.317584e+04; 7.320000e-01; 8.131774e+04; 7.800850e-01
3.665000e+00; 1.008814e+05; 7.996733e-01; 3.417470e+04; 7.330000e-01; 8.213783e+04; 7.809018e-01
3.670000e+00; 1.009478e+05; 7.997119e-01; 3.517339e+04; 7.340000e-01; 8.294408e+04; 7.817047e-01
3.675000e+00; 1.009839e+05; 7.997162e-01; 3.617190e+04; 7.350000e-01; 8.373582e+04; 7.824928e-01
3.680000e+00; 1.010375e+05; 7.997635e-01; 3.717019e+04; 7.360000e-01; 8.451243e+04; 7.832657e-01
3.685000e+00; 1.010673e+05; 7.997526e-01; 3.816822e+04; 7.370000e-01; 8.527329e+04; 7.840227e-01
3.690000e+00; 1.011069e+05; 7.997999e-01; 3.916596e+04; 7.380000e-01; 8.601780e+04; 7.847632e-01
3.695000e+00; 1.011343e+05; 7.997851e-01; 4.016334e+04; 7.390000e-01; 8.674537e+04; 7.854867e-01
3.700000e+00; 1.011604e+05; 7.998234e-01; 4.116032e+04; 7.400000e-01; 8.745548e+04; 7.861925e-01
3.705000e+00; 1.011871e+05; 7.998145e-01; 4.215684e+04; 7.410000e-01; 8.814760e+04; 7.868802e-01
3.710000e+00; 1.012019e+05; 7.998374e-01; 4.315281e+04; 7.420000e-01; 8.882126e+04; 7.875494e-01
3.715000e+00; 1.012274e+05; 7.998401e-01; 4.414815e+04; 7.430000e-01; 8.947602e+04; 7.881995e-01
3.720000e+00; 1.012345e+05; 7.998457e-01; 4.514278e+04; 7.440000e-01; 9.011149e+04; 7.888303e-01
3.725000e+00; 1.012571e+05; 7.998607e-01; 4.613658e+04; 7.450000e-01; 9.072731e+04; 7.894413e-01
3.730000e+00; 1.012604e+05; 7.998518e-01; 4.712944e+04; 7.460000e-01; 9.132320e+04; 7.900324e-01
3.735000e+00; 1.012782e+05; 7.998753e-01; 4.812122e+04; 7.470000e-01; 9.189889e+04; 7.906032e-01
3.740000e+00; 1.012812e+05; 7.998580e-01; 4.911177e+04; 7.480000e-01; 9.245419e+04; 7.911536e-01
3.745000e+00; 1.012927e+05; 7.998835e-01; 5.010093e+04; 7.490000e-01; 9.298896e+04; 7.916834e-01
3.750000e+00; 1.012975e+05; 7.998656e-01; 5.108851e+04; 7.500000e-01; 9.350312e+04; 7.921926e-01
3.755000e+00; 1.013027e+05; 7.998863e-01; 5.207431e+04; 7.510000e-01; 9.399662e+04; 7.926812e-01
3.760000e+00; 1.013099e+05; 7.998744e-01; 5.305810e+04; 7.520000e-01; 9.446949e+04; 7.931491e-01
3.765000e+00; 1.013098e+05; 7.998854e-01; 5.403963e+04; 7.530000e-01; 9.492181e+04; 7.935965e-01
3.770000e+00; 1.013186e+05; 7.998831e-01; 5.501862e+04; 7.540000e-01; 9.535371e+04; 7.940236e-01
3.775000e+00; 1.013154e+05; 7.998829e-01; 5.599477e+04; 7.550000e-01; 9.576538e+04; 7.944305e-01
3.780000e+00; 1.013241e+05; 7.998904e-01; 5.696776e+04; 7.560000e-01; 9.615705e+04; 7.948174e-01
3.785000e+00; 1.013201e+05; 7.998808e-01; 5.793721e+04; 7.570000e-01; 9.652901e+04; 7.951847e-01
3.790000e+00; 1.013270e+05; 7.998950e-01; 5.890274e+04; 7.580000e-01; 9.688159e+04; 7.955328e-01
3.795000e+00; 1.013242e+05; 7.998805e-01; 5.986391e+04; 7.590000e-01; 9.721518e+04; 7.958619e-01
3.800000e+00; 1.013281e+05; 7.998966e-01; 6.082027e+04; 7.600000e-01; 9.753019e+04; 7.961726e-01
3.805000e+00; 1.013278e+05; 7.998823e-01; 6.177131e+04; 7.610000e-01; 9.782709e+04; 7.964653e-01
3.810000e+00; 1.013281e+05; 7.998954e-01; 6.271649e+04; 7.620000e-01; 9.810636e+04; 7.967406e-01
3.815000e+00; 1.013305e+05; 7.998858e-01; 6.365524e+04; 7.630000e-01; 9.836852e+04; 7.969988e-01
3.820000e+00; 1.013279e+05; 7.998924e-01; 6.458692e+04; 7.640000e-01; 9.861412e+04; 7.972406e-01
3.825000e+00; 1.013321e+05; 7.998899e-01; 6.551089e+04; 7.650000e-01; 9.884372e+04; 7.974666e-01
3.830000e+00; 1.013280e+05; 7.998889e-01; 6.642642e+04; 7.660000e-01; 9.905789e+04; 7.976774e-01
3.835000e+00; 1.013326e+05; 7.998936e-01; 6.733276e+04; 7.670000e-01; 9.925723e+04; 7.978734e-01
3.840000e+00; 1.013284e+05; 7.998862e-01; 6.822912e+04; 7.680000e-01; 9.944231e+04; 7.980553e-01
3.845000e+00; 1.013322e+05; 7.998958e-01; 6.911464e+04; 7.690000e-01; 9.961372e+04; 7.982238e-01
3.850000e+00; 1.013293e+05; 7.998850e-01; 6.998845e+04; 7.700000e-01; 9.977207e+04; 7.983793e-01
3.855000e+00; 1.013311e+05; 7.998961e-01; 7.084961e+04; 7.710000e-01; 9.991795e+04; 7.985226e-01
3.860000e+00; 1.013302e+05; 7.998857e-01; 7.169714e+04; 7.720000e-01; 1.000520e+05; 7.986542e-01
3.865000e+00; 1.013298e+05; 7.998947e-01; 7.253003e+04; 7.730000e-01; 1.001748e+05; 7.987748e-01
3.870000e+00; 1.013310e+05; 7.998878e-01; 7.334721e+04; 7.740000e-01; 1.002871e+05; 7.988851e-01
3.875000e+00; 1.013287e+05; 7.998922e-01; 7.414761e+04; 7.750000e-01; 1.003895e+05; 7.989858e-01
3.880000e+00; 1.013314e+05; 7.998904e-01; 7.493008e+04; 7.760000e-01; 1.004828e+05; 7.990775e-01
3.885000e+00; 1.013281e+05; 7.998894e-01; 7.569349e+04; 7.770000e-01; 1.005676e+05; 7.991610e-01
3.890000e+00; 1.013311e+05; 7.998928e-01; 7.643664e+04; 7.780000e-01; 1.006447e+05; 7.992371e-01
3.895000e+00; 1.013279e+05; 7.998873e-01; 7.715833e+04; 7.790000e-01; 1.007148e+05; 7.993063e-01
3.900000e+00; 1.013303e+05; 7.998942e-01; 7.785736e+04; 7.800000e-01; 1.007784e+05; 7.993694e-01
3.905000e+00; 1.013281e+05; 7.998865e-01; 7.853249e+04; 7.810000e-01; 1.008361e+05; 7.994269e-01
3.910000e+00; 1.013292e+05; 7.998943e-01; 7.918251e+04; 7.820000e-01; 1.008884e+05; 7.994792e-01
3.915000e+00; 1.013285e+05; 7.998869e-01; 7.980617e+04; 7.830000e-01; 1.009358e+05; 7.995269e-01
3.920000e+00; 1.013281e+05; 7.998932e-01; 8.040229e+04; 7.840000e-01; 1.009787e+05; 7.995704e-01
3.925000e+00; 1.013288e+05; 7.998883e-01; 8.096965e+04; 7.850000e-01; 1.010173e+05; 7.996099e-01
3.930000e+00; 1.013271e+05; 7.998913e-01; 8.150709e+04; 7.860000e-01; 1.010519e+05; 7.996458e-01
3.935000e+00; 1.013288e+05; 7.998902e-01; 8.201347e+04; 7.870000e-01; 1.010828e+05; 7.996784e-01
3.940000e+00; 1.013264e+05; 7.998894e-01; 8.248769e+04; 7.880000e-01; 1.011102e+05; 7.997080e-01
3.945000e+00; 1.013285e+05; 7.998919e-01; 8.292871e+04; 7.890000e-01; 1.011344e+05; 7.997348e-01
3.950000e+00; 1.013261e+05; 7.998879e-01; 8.333552e+04; 7.900000e-01; 1.011555e+05; 7.997591e-01
3.955000e+00; 1.013278e+05; 7.998929e-01; 8.370719e+04; 7.910000e-01; 1.011737e+05; 7.997812e-01
3.960000e+00; 1.013262e+05; 7.998873e-01; 8.404285e+04; 7.920000e-01; 1.011893e+05; 7.998014e-01
3.965000e+00; 1.013269e+05; 7.998929e-01; 8.434170e+04; 7.930000e-01; 1.012023e+05; 7.998199e-01
3.970000e+00; 1.013263e+05; 7.998877e-01; 8.460303e+04; 7.940000e-01; 1.012130e+05; 7.998369e-01
3.975000e+00; 1.013259e+05; 7.998921e-01; 8.482620e+04; 7.950000e-01; 1.012215e+05; 7.998528e-01
3.980000e+00; 1.013264e+05; 7.998887e-01; 8.501067e+04; 7.960000e-01; 1.012279e+05; 7.998678e-01
3.985000e+00; 1.013251e+05; 7.998908e-01; 8.515599e+04; 7.970000e-01; 1.012322e+05; 7.998821e-01
3.990000e+00; 1.013263e+05; 7.998901e-01; 8.526181e+04; 7.980000e-01; 1.012347e+05; 7.998960e-01
3.995000e+00; 1.013245e+05; 7.998895e-01; 8.532785e+04; 7.990000e-01; 1.012352e+05; 7.999096e-01
4.000000e+00; 1.013259e+05; 7.998913e-01; 8.535397e+04; 8.000000e-01; 1.012338e+05; 7.999233e-01
4.005000e+00; 1.013242e+05; 7.998885e-01; 8.534010e+04; 8.010000e-01; 1.012306e+05; 7.999372e-01
4.010000e+00; 1.013253e+05; 7.998920e-01; 8.528629e+04; 8.020000e-01; 1.012255e+05; 7.999516e-01
4.015000e+00; 1.013241e+05; 7.998881e-01; 8.519269e+04; 8.030000e-01; 1.012185e+05; 7.999666e-01
4.020000e+00; 1.013245e+05; 7.998921e-01; 8.505952e+04; 8.040000e-01; 1.012095e+05; 7.999826e-01
4.025000e+00; 1.013240e+05; 7.998884e-01; 8.488713e+04; 8.050000e-01; 1.011984e+05; 7.999998e-01
4.030000e+00; 1.013237e+05; 7.998916e-01; 8.467594e+04; 8.060000e-01; 1.011851e+05; 8.000183e-01
4.035000e+00; 1.013240e+05; 7.998892e-01; 8.442649e+04; 8.070000e-01; 1.011694e+05; 8.000385e-01
4.040000e+00; 1.013229e+05; 7.998907e-01; 8.413936e+04; 8.080000e-01; 1.011513e+05; 8.000606e-01
4.045000e+00; 1.013237e+05; 7.998902e-01; 8.381526e+04; 8.090000e-01; 1.011305e+05; 8.000848e-01
4.050000e+00; 1.013224e+05; 7.998898e-01; 8.345493e+04; 8.100000e-01; 1.011068e+05; 8.001116e-01
4.055000e+00; 1.013233e+05; 7.998912e-01; 8.305920e+04; 8.110000e-01; 1.010800e+05; 8.001411e-01
4.060000e+00; 1.013220e+05; 7.998892e-01; 8.262897e+04; 8.120000e-01; 1.010499e+05; 8.001736e-01
4.065000e+00; 1.013227e+05; 7.998917e-01; 8.216517e+04; 8.130000e-01; 1.010162e+05; 8.002096e-01
4.070000e+00; 1.013218e+05; 7.998890e-01; 8.166882e+04; 8.140000e-01; 1.009786e+05; 8.002493e-01
4.075000e+00; 1.013219e+05; 7.998919e-01; 8.114094e+04; 8.150000e-01; 1.009367e+05; 8.002930e-01
4.080000e+00; 1.013215e+05; 7.998893e-01; 8.058263e+04; 8.160000e-01; 1.008903e+05; 8.003413e-01
4.085000e+00; 1.013211e+05; 7.998916e-01; 7.999500e+04; 8.170000e-01; 1.008390e+05; 8.003944e-01
4.090000e+00; 1.013212e+05; 7.998900e-01; 7.937921e+04; 8.180000e-01; 1.007823e+05; 8.004529e-01
4.095000e+00; 1.013204e+05; 7.998911e-01; 7.873642e+04; 8.190000e-01; 1.007200e+05; 8.005170e-01
4.100000e+00; 1.013208e+05; 7.998909e-01; 7.806785e+04; 8.200000e-01; 1.006515e+05; 8.005873e-01
4.105000e+00; 1.013196e+05; 7.998906e-01; 7.737472e+04; 8.210000e-01; 1.005763e+05; 8.006642e-01
4.110000e+00; 1.013201e+05; 7.998917e-01; 7.665827e+04; 8.220000e-01; 1.004942e+05; 8.007483e-01
4.115000e+00; 1.013190e+05; 7.998904e-01; 7.591974e+04; 8.230000e-01; 1.004044e+05; 8.008400e-01
4.120000e+00; 1.013192e+05; 7.998924e-01; 7.516040e+04; 8.240000e-01; 1.003066e+05; 8.009399e-01
4.125000e+00; 1.013182e+05; 7.998906e-01; 7.438149e+04; 8.250000e-01; 1.002003e+05; 8.010484e-01
4.130000e+00; 1.013180e+05; 7.998928e-01; 7.358425e+04; 8.260000e-01; 1.000848e+05; 8.011662e-01
4.135000e+00; 1.013173e+05; 7.998913e-01; 7.276990e+04; 8.270000e-01; 9.995960e+04; 8.012937e-01
4.140000e+00; 1.013166e+05; 7.998931e-01; 7.193963e+04; 8.280000e-01; 9.982422e+04; 8.014316e-01
4.145000e+00; 1.013162e+05; 7.998923e-01; 7.109459e+04; 8.290000e-01; 9.967805e+04; 8.015804e-01
4.150000e+00; 1.013149e+05; 7.998934e-01; 7.023587e+04; 8.300000e-01; 9.952051e+04; 8.017407e-01
4.155000e+00; 1.013145e+05; 7.998937e-01; 6.936452e+04; 8.310000e-01; 9.935104e+04; 8.019131e-01
4.160000e+00; 1.013129e+05; 7.998939e-01; 6.848151e+04; 8.320000e-01; 9.916906e+04; 8.020981e-01
4.165000e+00; 1.013123e+05; 7.998953e-01; 6.758778e+04; 8.330000e-01; 9.897400e+04; 8.022963e-01
4.170000e+00; 1.013103e+05; 7.998950e-01; 6.668417e+04; 8.340000e-01; 9.876530e+04; 8.025083e-01
4.175000e+00; 1.013092e+05; 7.998971e-01; 6.577148e+04; 8.350000e-01; 9.854240e+04; 8.027346e-01
4.180000e+00; 1.013071e+05; 7.998967e-01; 6.485043e+04; 8.360000e-01; 9.830477e+04; 8.029759e-01
4.185000e+00; 1.013052e+05; 7.998992e-01; 6.392171e+04; 8.370000e-01; 9.805186e+04; 8.032325e-01
4.190000e+00; 1.013028e+05; 7.998992e-01; 6.298594e+04; 8.380000e-01; 9.778318e+04; 8.035050e-01
4.195000e+00; 1.013000e+05; 7.999018e-01; 6.204369e+04; 8.390000e-01; 9.749825e+04; 8.037938e-01
4.200000e+00; 1.012971e+05; 7.999027e-01; 6.109551e+04; 8.400000e-01; 9.719660e+04; 8.040995e-01
4.205000e+00; 1.012932e+05; 7.999052e-01; 6.014190e+04; 8.410000e-01; 9.687780e+04; 8.044225e-01
4.210000e+00; 1.012895e+05; 7.999074e-01; 5.918331e+04; 8.420000e-01; 9.654145e+04; 8.047631e-01
4.215000e+00; 1.012844e+05; 7.999098e-01; 5.822020e+04; 8.430000e-01; 9.618718e+04; 8.051217e-01
4.220000e+00; 1.012795e+05; 7.999133e-01; 5.725296e+04; 8.440000e-01; 9.581468e+04; 8.054986e-01
4.225000e+00; 1.012730e+05; 7.999159e-01; 5.628198e+04; 8.450000e-01; 9.542363e+04; 8.058941e-01
4.230000e+00; 1.012664e+05; 7.999208e-01; 5.530763e+04; 8.460000e-01; 9.501380e+04; 8.063085e-01
4.235000e+00; 1.012583e+05; 7.999242e-01; 5.433022e+04; 8.470000e-01; 9.458498e+04; 8.067419e-01
4.240000e+00; 1.012495e+05; 7.999303e-01; 5.335007e+04; 8.480000e-01; 9.413699e+04; 8.071945e-01
4.245000e+00; 1.012393e+05; 7.999351e-01; 5.236746e+04; 8.490000e-01; 9.366971e+04; 8.076664e-01
4.250000e+00; 1.012278e+05; 7.999424e-01; 5.138267e+04; 8.500000e-01; 9.318308e+04; 8.081576e-01
4.255000e+00; 1.012150e+05; 7.999492e-01; 5.039592e+04; 8.510000e-01; 9.267707e+04; 8.086683e-01
4.260000e+00; 1.012001e+05; 7.999579e-01; 4.940743e+04; 8.520000e-01; 9.215167e+04; 8.091983e-01
4.265000e+00; 1.011840e+05; 7.999672e-01; 4.841741e+04; 8.530000e-01; 9.160697e+04; 8.097476e-01
4.270000e+00; 1.011652e+05; 7.999776e-01; 4.742604e+04; 8.540000e-01; 9.104306e+04; 8.103161e-01
4.275000e+00; 1.011448e+05; 7.999899e-01; 4.643348e+04; 8.550000e-01; 9.046009e+04; 8.109036e-01
4.280000e+00; 1.011213e+05; 8.000027e-01; 4.543987e+04; 8.560000e-01; 8.985826e+04; 8.115100e-01
4.285000e+00; 1.010957e+05; 8.000184e-01; 4.444535e+04; 8.570000e-01; 8.923779e+04; 8.121348e-01
4.290000e+00; 1.010666e+05; 8.000344e-01; 4.345002e+04; 8.580000e-01; 8.859897e+04; 8.127780e-01
4.295000e+00; 1.010346e+05; 8.000539e-01; 4.245400e+04; 8.590000e-01; 8.794211e+04; 8.134391e-01
4.300000e+00; 1.009989e+05; 8.000741e-01; 4.145738e+04; 8.600000e-01; 8.726754e+04; 8.141179e-01
4.305000e+00; 1.009593e+05; 8.000980e-01; 4.046023e+04; 8.610000e-01; 8.657565e+04; 8.148138e-01
4.310000e+00; 1.009156e+05; 8.001235e-01; 3.946263e+04; 8.620000e-01; 8.586685e+04; 8.155266e-01
4.315000e+00; 1.008670e+05; 8.001525e-01; 3.846464e+04; 8.630000e-01; 8.514158e+04; 8.162557e-01
4.320000e+00; 1.008139e+05; 8.001844e-01; 3.746631e+04; 8.640000e-01; 8.440031e+04; 8.170007e-01
4.325000e+00; 1.007550e+05; 8.002196e-01; 3.646770e+04; 8.650000e-01; 8.364352e+04; 8.177610e-01
4.330000e+00; 1.006908e+05; 8.002589e-01; 3.546884e+04; 8.660000e-01; 8.287172e+04; 8.185363e-01
4.335000e+00; 1.006200e+05; 8.003016e-01; 3.446977e+04; 8.670000e-01; 8.208544e+04; 8.193259e-01
4.340000e+00; 1.005429e+05; 8.003495e-01; 3.347052e+04; 8.680000e-01; 8.128524e+04; 8.201292e-01
4.345000e+00; 1.004585e+05; 8.004012e-01; 3.247112e+04; 8.690000e-01; 8.047165e+04; 8.209459e-01
4.350000e+00; 1.003666e+05; 8.004591e-01; 3.147159e+04; 8.700000e-01; 7.964526e+04; 8.217751e-01
4.355000e+00; 1.002402e+05; 8.004831e-01; 3.047196e+04; 8.710000e-01; 7.880664e+04; 8.226164e-01
4.360000e+00; 1.001407e+05; 8.005882e-01; 2.947223e+04; 8.720000e-01; 7.795638e+04; 8.234692e-01
4.365000e+00; 1.000186e+05; 8.006289e-01; 2.847243e+04; 8.730000e-01; 7.709505e+04; 8.243330e-01
4.370000e+00; 9.988839e+04; 8.007367e-01; 2.747257e+04; 8.740000e-01; 7.622324e+04; 8.252070e-01
4.375000e+00; 9.970272e+04; 8.007300e-01; 2.647265e+04; 8.750000e-01; 7.534153e+04; 8.260908e-01
4.380000e+00; 9.954550e+04; 8.008809e-01; 2.547269e+04; 8.760000e-01; 7.445048e+04; 8.269837e-01
4.385000e+00; 9.938354e+04; 8.009289e-01; 2.447269e+04; 8.770000e-01; 7.355067e+04; 8.278852e-01
4.390000e+00; 9.920307e+04; 8.010847e-01; 2.347266e+04; 8.780000e-01; 7.264263e+04; 8.287948e-01
4.395000e+00; 9.901583e+04; 8.011576e-01; 2.247261e+04; 8.790000e-01; 7.172691e+04; 8.297119e-01
4.400000e+00; 9.880992e+04; 8.013269e-01; 2.147254e+04; 8.800000e-01; 7.080400e+04; 8.306360e-01
4.405000e+00; 9.859558e+04; 8.014242e-01; 2.047246e+04; 8.810000e-01; 6.987441e+04; 8.315666e-01
4.410000e+00; 9.836202e+04; 8.016108e-01; 1.947236e+04; 8.820000e-01; 6.893861e+04; 8.325032e-01
4.415000e+00; 9.811856e+04; 8.017336e-01; 1.847225e+04; 8.830000e-01; 6.799704e+04; 8.334454e-01
4.420000e+00; 9.785531e+04; 8.019404e-01; 1.747214e+04; 8.840000e-01; 6.705013e+04; 8.343927e-01
4.425000e+00; 9.758081e+04; 8.020906e-01; 1.647202e+04; 8.850000e-01; 6.609826e+04; 8.353448e-01
4.430000e+00; 9.728596e+04; 8.023203e-01; 1.547190e+04; 8.860000e-01; 6.514182e+04; 8.363012e-01
4.435000e+00; 9.697866e+04; 8.024997e-01; 1.447177e+04; 8.870000e-01; 6.418115e+04; 8.372617e-01
4.440000e+00; 9.665051e+04; 8.027548e-01; 1.347165e+04; 8.880000e-01; 6.321657e+04; 8.382258e-01
4.445000e+00; 9.630885e+04; 8.029654e-01; 1.247152e+04; 8.890000e-01; 6.224838e+04; 8.391932e-01
4.450000e+00; 9.594592e+04; 8.032482e-01; 1.147139e+04; 8.900000e-01; 6.127686e+04; 8.401637e-01
4.455000e+00; 9.556857e+04; 8.034918e-01; 1.047127e+04; 8.910000e-01; 6.030228e+04; 8.411370e-01
4.460000e+00; 9.516966e+04; 8.038044e-01; 9.471141e+03; 8.920000e-01; 5.932485e+04; 8.421127e-01
4.465000e+00; 9.475558e+04; 8.040829e-01; 8.471017e+03; 8.930000e-01; 5.834480e+04; 8.430908e-01
4.470000e+00; 9.431978e+04; 8.044273e-01; 7.470895e+03; 8.940000e-01; 5.736234e+04; 8.440708e-01
4.475000e+00; 9.386823e+04; 8.047420e-01; 6.470775e+03; 8.950000e-01; 5.637763e+04; 8.450526e-01
4.480000e+00; 9.339493e+04; 8.051198e-01; 5.470656e+03; 8.960000e-01; 5.539085e+04; 8.460361e-01
4.485000e+00; 9.290550e+04; 8.054721e-01; 4.470540e+03; 8.970000e-01; 5.440215e+04; 8.470209e-01
4.490000e+00; 9.239444e+04; 8.058848e-01; 3.470427e+03; 8.980000e-01; 5.341166e+04; 8.480070e-01
4.495000e+00; 9.186705e+04; 8.062756e-01; 2.470315e+03; 8.990000e-01; 5.241950e+04; 8.489941e-01
4.500000e+00; 9.131830e+04; 8.067242e-01; 1.470206e+03; 9.000000e-01; 5.142578e+04; 8.499821e-01
4.505000e+00; 9.075320e+04; 8.071543e-01; 4.700995e+02; 9.010000e-01; 5.043059e+04; 8.509708e-01
4.510000e+00; 9.016719e+04; 8.076395e-01; -5.300050e+02; 9.020000e-01; 4.943402e+04; 8.519601e-01
4.515000e+00; 8.956497e+04; 8.081091e-01; -1.530107e+03; 9.030000e-01; 4.843613e+04; 8.529498e-01
4.520000e+00; 8.894241e+04; 8.086314e-01; -2.530208e+03; 9.040000e-01; 4.743699e+04; 8.539397e-01
4.525000e+00; 8.830396e+04; 8.091405e-01; -3.530306e+03; 9.050000e-01; 4.643663e+04; 8.549299e-01
4.530000e+00; 8.764589e+04; 8.096998e-01; -4.530403e+03; 9.060000e-01; 4.543508e+04; 8.559201e-01
4.535000e+00; 8.697240e+04; 8.102482e-01; -5.530498e+03; 9.070000e-01; 4.443237e+04; 8.569101e-01
4.540000e+00; 8.628012e+04; 8.108441e-01; -6.530593e+03; 9.080000e-01; 4.342851e+04; 8.579000e-01
4.545000e+00; 8.557304e+04; 8.114310e-01; -7.530687e+03; 9.090000e-01; 4.242347e+04; 8.588895e-01
4.550000e+00; 8.484809e+04; 8.120629e-01; -8.530781e+03; 9.100000e-01; 4.141724e+04; 8.598786e-01
4.555000e+00; 8.410908e+04; 8.126873e-01; -9.530875e+03; 9.110000e-01; 4.040977e+04; 8.608670e-01
4.560000e+00; 8.335324e+04; 8.133542e-01; -1.053097e+04; 9.120000e-01; 3.940099e+04; 8.618546e-01
4.565000e+00; 8.258415e+04; 8.140148e-01; -1.153107e+04; 9.130000e-01; 3.839082e+04; 8.628413e-01
4.570000e+00; 8.179933e+04; 8.147154e-01; -1.253117e+04; 9.140000e-01; 3.737914e+04; 8.638268e-01
4.575000e+00; 8.100217e+04; 8.154106e-01; -1.353127e+04; 9.150000e-01; 3.636584e+04; 8.648111e-01
4.580000e+00; 8.019044e+04; 8.161433e-01; -1.453138e+04; 9.160000e-01; 3.535079e+04; 8.657939e-01
4.585000e+00; 7.936735e+04; 8.168714e-01; -1.553150e+04; 9.170000e-01; 3.433385e+04; 8.667750e-01
4.590000e+00; 7.853086e+04; 8.176345e-01; -1.653162e+04; 9.180000e-01; 3.331491e+04; 8.677544e-01
4.595000e+00; 7.768402e+04; 8.183934e-01; -1.753175e+04; 9.190000e-01; 3.229385e+04; 8.687318e-01
4.600000e+00; 7.682501e+04; 8.191849e-01; -1.853190e+04; 9.200000e-01; 3.127064e+04; 8.697072e-01
4.605000e+00; 7.595666e+04; 8.199726e-01; -1.953206e+04; 9.210000e-01; 3.024522e+04; 8.706805e-01
4.610000e+00; 7.507735e+04; 8.207905e-01; -2.053225e+04; 9.220000e-01; 2.921765e+04; 8.716519e-01
4.615000e+00; 7.418973e+04; 8.216048e-01; -2.153245e+04; 9.230000e-01; 2.818797e+04; 8.726212e-01
4.620000e+00; 7.329233e+04; 8.224469e-01; -2.253268e+04; 9.240000e-01; 2.715631e+04; 8.735887e-01
4.625000e+00; 7.238765e+04; 8.232855e-01; -2.353294e+04; 9.250000e-01; 2.612278e+04; 8.745544e-01
4.630000e+00; 7.147431e+04; 8.241497e-01; -2.453324e+04; 9.260000e-01; 2.508754e+04; 8.755186e-01
4.635000e+00; 7.055466e+04; 8.250104e-01; -2.553358e+04; 9.270000e-01; 2.405072e+04; 8.764812e-01
4.640000e+00; 6.962743e+04; 8.258945e-01; -2.653397e+04; 9.280000e-01; 2.301242e+04; 8.774424e-01
4.645000e+00; 6.869480e+04; 8.267750e-01; -2.753442e+04; 9.290000e-01; 2.197273e+04; 8.784022e-01
4.650000e+00; 6.775559e+04; 8.276770e-01; -2.853493e+04; 9.300000e-01; 2.093170e+04; 8.793608e-01
4.655000e+00; 6.681181e+04; 8.285752e-01; -2.953553e+04; 9.310000e-01; 1.988936e+04; 8.803181e-01
4.660000e+00; 6.586236e+04; 8.294929e-01; -3.053621e+04; 9.320000e-01; 1.884572e+04; 8.812740e-01
4.665000e+00; 6.490909e+04; 8.304068e-01; -3.153699e+04; 9.330000e-01; 1.780075e+04; 8.822287e-01
4.670000e+00; 6.395095e+04; 8.313384e-01; -3.253789e+04; 9.340000e-01; 1.675444e+04; 8.831821e-01
4.675000e+00; 6.298965e+04; 8.322660e-01; -3.353892e+04; 9.350000e-01; 1.570680e+04; 8.841341e-01
4.680000e+00; 6.202419e+04; 8.332096e-01; -3.454011e+04; 9.360000e-01; 1.465783e+04; 8.850848e-01
4.685000e+00; 6.105612e+04; 8.341491e-01; -3.554146e+04; 9.370000e-01; 1.360755e+04; 8.860342e-01
4.690000e+00; 6.008452e+04; 8.351030e-01; -3.654301e+04; 9.380000e-01; 1.255600e+04; 8.869823e-01
4.695000e+00; 5.911078e+04; 8.360528e-01; -3.754478e+04; 9.390000e-01; 1.150323e+04; 8.879293e-01
4.700000e+00; 5.813403e+04; 8.370156e-01; -3.854680e+04; 9.400000e-01; 1.044931e+04; 8.888751e-01
4.705000e+00; 5.715555e+04; 8.379742e-01; -3.954909e+04; 9.410000e-01; 9.394328e+03; 8.898199e-01
4.710000e+00; 5.617449e+04; 8.389444e-01; -4.055169e+04; 9.420000e-01; 8.338371e+03; 8.907637e-01
4.715000e+00; 5.519204e+04; 8.399104e-01; -4.155464e+04; 9.430000e-01; 7.281541e+03; 8.917067e-01
4.720000e+00; 5.420740e+04; 8.408869e-01; -4.255798e+04; 9.440000e-01; 6.223946e+03; 8.926489e-01
4.725000e+00; 5.322164e+04; 8.418591e-01; -4.356174e+04; 9.450000e-01; 5.165697e+03; 8.935906e-01
4.730000e+00; 5.223402e+04; 8.428408e-01; -4.456599e+04; 9.460000e-01; 4.106912e+03; 8.945317e-01
4.735000e+00; 5.124551e+04; 8.438183e-01; -4.557076e+04; 9.470000e-01; 3.047712e+03; 8.954724e-01
4.740000e+00; 5.025540e+04; 8.448042e-01; -4.657612e+04; 9.480000e-01; 1.988217e+03; 8.964129e-01
4.745000e+00; 4.926461e+04; 8.457859e-01; -4.758212e+04; 9.490000e-01; 9.285539e+02; 8.973532e-01
4.750000e+00; 4.827246e+04; 8.467753e-01; -4.858884e+04; 9.500000e-01; -1.311548e+02; 8.982935e-01
4.755000e+00; 4.727979e+04; 8.477606e-01; -4.959635e+04; 9.510000e-01; -1.190784e+03; 8.992339e-01
4.760000e+00; 4.628598e+04; 8.487527e-01; -5.060472e+04; 9.520000e-01; -2.250211e+03; 9.001746e-01
4.765000e+00; 4.529177e+04; 8.497409e-01; -5.161405e+04; 9.530000e-01; -3.309314e+03; 9.011156e-01
4.770000e+00; 4.429659e+04; 8.507352e-01; -5.262443e+04; 9.540000e-01; -4.367974e+03; 9.020570e-01
4.775000e+00; 4.330115e+04; 8.517257e-01; -5.363598e+04; 9.550000e-01; -5.426075e+03; 9.029991e-01
4.780000e+00; 4.230488e+04; 8.527217e-01; -5.464881e+04; 9.560000e-01; -6.483505e+03; 9.039418e-01
4.785000e+00; 4.130843e+04; 8.537141e-01; -5.566305e+04; 9.570000e-01; -7.540156e+03; 9.048854e-01
4.790000e+00; 4.031129e+04; 8.547115e-01; -5.667885e+04; 9.580000e-01; -8.595925e+03; 9.058299e-01
4.795000e+00; 3.931405e+04; 8.557053e-01; -5.769636e+04; 9.590000e-01; -9.650714e+03; 9.067753e-01
4.800000e+00; 3.831623e+04; 8.567038e-01; -5.871577e+04; 9.600000e-01; -1.070443e+04; 9.077219e-01
4.805000e+00; 3.731836e+04; 8.576988e-01; -5.973723e+04; 9.610000e-01; -1.175699e+04; 9.086696e-01
4.810000e+00; 3.632001e+04; 8.586980e-01; -6.076096e+04; 9.620000e-01; -1.280832e+04; 9.096186e-01
4.815000e+00; 3.532166e+04; 8.596940e-01; -6.178713e+04; 9.630000e-01; -1.385834e+04; 9.105690e-01
4.820000e+00; 3.432290e+04; 8.606937e-01; -6.281594e+04; 9.640000e-01; -1.490698e+04; 9.115207e-01
4.825000e+00; 3.332418e+04; 8.616904e-01; -6.384759e+04; 9.650000e-01; -1.595419e+04; 9.124739e-01
4.830000e+00; 3.232511e+04; 8.626906e-01; -6.488224e+04; 9.660000e-01; -1.699991e+04; 9.134286e-01
4.835000e+00; 3.132610e+04; 8.636879e-01; -6.592006e+04; 9.670000e-01; -1.804411e+04; 9.143848e-01
4.840000e+00; 3.032680e+04; 8.646884e-01; -6.696118e+04; 9.680000e-01; -1.908673e+04; 9.153426e-01
4.845000e+00; 2.932758e+04; 8.656861e-01; -6.800572e+04; 9.690000e-01; -2.012776e+04; 9.163021e-01
4.850000e+00; 2.832810e+04; 8.666868e-01; -6.905374e+04; 9.700000e-01; -2.116716e+04; 9.172632e-01
4.855000e+00; 2.732872e+04; 8.676849e-01; -7.010530e+04; 9.710000e-01; -2.220492e+04; 9.182259e-01
4.860000e+00; 2.632911e+04; 8.686857e-01; -7.116041e+04; 9.720000e-01; -2.324102e+04; 9.191904e-01
4.865000e+00; 2.532962e+04; 8.696841e-01; -7.221904e+04; 9.730000e-01; -2.427547e+04; 9.201565e-01
4.870000e+00; 2.432992e+04; 8.706850e-01; -7.328115e+04; 9.740000e-01; -2.530827e+04; 9.211243e-01
4.875000e+00; 2.333034e+04; 8.716836e-01; -7.434667e+04; 9.750000e-01; -2.633942e+04; 9.220938e-01
4.880000e+00; 2.233058e+04; 8.726845e-01; -7.541551e+04; 9.760000e-01; -2.736893e+04; 9.230650e-01
4.885000e+00; 2.133093e+04; 8.736833e-01; -7.648759e+04; 9.770000e-01; -2.839684e+04; 9.240378e-01
4.890000e+00; 2.033113e+04; 8.746842e-01; -7.756280e+04; 9.780000e-01; -2.942317e+04; 9.250123e-01
4.895000e+00; 1.933144e+04; 8.756832e-01; -7.864105e+04; 9.790000e-01; -3.044794e+04; 9.259884e-01
4.900000e+00; 1.833161e+04; 8.766841e-01; -7.972224e+04; 9.800000e-01; -3.147121e+04; 9.269660e-01
4.905000e+00; 1.733189e+04; 8.776832e-01; -8.080629e+04; 9.810000e-01; -3.249302e+04; 9.279453e-01
4.910000e+00; 1.633204e+04; 8.786841e-01; -8.189311e+04; 9.820000e-01; -3.351340e+04; 9.289260e-01
4.915000e+00; 1.533230e+04; 8.796833e-01; -8.298263e+04; 9.830000e-01; -3.453243e+04; 9.299082e-01
4.920000e+00; 1.433244e+04; 8.806841e-01; -8.407476e+04; 9.840000e-01; -3.555016e+04; 9.308918e-01
4.925000e+00; 1.333268e+04; 8.816834e-01; -8.516944e+04; 9.850000e-01; -3.656666e+04; 9.318768e-01
4.930000e+00; 1.233282e+04; 8.826842e-01; -8.626658e+04; 9.860000e-01; -3.758198e+04; 9.328632e-01
4.935000e+00; 1.133305e+04; 8.836835e-01; -8.736609e+04; 9.870000e-01; -3.859621e+04; 9.338508e-01
4.940000e+00; 1.033319e+04; 8.846843e-01; -8.846787e+04; 9.880000e-01; -3.960942e+04; 9.348397e-01
4.945000e+00; 9.333421e+03; 8.856837e-01; -8.957180e+04; 9.890000e-01; -4.062167e+04; 9.358297e-01
4.950000e+00; 8.333565e+03; 8.866845e-01; -9.067777e+04; 9.900000e-01; -4.163306e+04; 9.368209e-01
4.955000e+00; 7.333790e+03; 8.876839e-01; -9.178562e+04; 9.910000e-01; -4.264366e+04; 9.378132e-01
4.960000e+00; 6.333939e+03; 8.886846e-01; -9.289521e+04; 9.920000e-01; -4.365355e+04; 9.388065e-01
4.965000e+00; 5.334164e+03; 8.896842e-01; -9.400634e+04; 9.930000e-01; -4.466282e+04; 9.398008e-01
4.970000e+00; 4.334320e+03; 8.906848e-01; -9.511885e+04; 9.940000e-01; -4.567154e+04; 9.407961e-01
4.975000e+00; 3.334546e+03; 8.916844e-01; -9.623254e+04; 9.950000e-01; -4.667980e+04; 9.417923e-01
4.980000e+00; 2.334710e+03; 8.926850e-01; -9.734719e+04; 9.960000e-01; -4.768768e+04; 9.427895e-01
4.985000e+00; 1.334940e+03; 8.936846e-01; -9.846259e+04; 9.970000e-01; -4.869526e+04; 9.437875e-01
4.990000e+00; 3.351124e+02; 8.946852e-01; -9.957852e+04; 9.980000e-01; -4.970263e+04; 9.447864e-01
4.995000e+00; -6.646526e+02; 8.956849e-01; -1.006948e+05; 9.990000e-01; -5.070987e+04; 9.457861e-01
5.000000e+00; -1.664470e+03; 8.966854e-01; -1.018111e+05; 1.000000e+00; -5.171706e+04; 9.467867e-01
5.005000e+00; -2.664229e+03; 8.976851e-01; -1.022426e+05; 1.000000e+00; -5.272429e+04; 9.477881e-01
5.010000e+00; -3.664035e+03; 8.986857e-01; -1.022722e+05; 1.000000e+00; -5.373164e+04; 9.487903e-01
5.015000e+00; -4.663785e+03; 8.996854e-01; -1.024217e+05; 1.000000e+00; -5.473919e+04; 9.497934e-01
5.020000e+00; -5.663579e+03; 9.006859e-01; -1.025157e+05; 1.000000e+00; -5.574704e+04; 9.507975e-01
5.025000e+00; -6.663319e+03; 9.016857e-01; -1.026420e+05; 1.000000e+00; -5.675526e+04; 9.518024e-01
5.030000e+00; -7.663097e+03; 9.026862e-01; -1.027457e+05; 1.000000e+00; -5.776395e+04; 9.528082e-01
5.035000e+00; -8.662824e+03; 9.036860e-01; -1.028625e+05; 1.000000e+00; -5.877319e+04; 9.538151e-01
5.040000e+00; -9.662585e+03; 9.046865e-01; -1.029674e+05; 1.000000e+00; -5.978309e+04; 9.548229e-01
5.045000e+00; -1.066229e+04; 9.056864e-01; -1.030778e+05; 1.000000e+00; -6.079372e+04; 9.558319e-01
5.050000e+00; -1.166203e+04; 9.066869e-01; -1.031809e+05; 1.000000e+00; -6.180519e+04; 9.568420e-01
5.055000e+00; -1.266172e+04; 9.076868e-01; -1.032857e+05; 1.000000e+00; -6.281758e+04; 9.578533e-01
5.060000e+00; -1.366143e+04; 9.086873e-01; -1.033853e+05; 1.000000e+00; -6.383099e+04; 9.588658e-01
5.065000e+00; -1.466109e+04; 9.096873e-01; -1.034846e+05; 1.000000e+00; -6.484551e+04; 9.598797e-01
5.070000e+00; -1.566077e+04; 9.106879e-01; -1.035796e+05; 1.000000e+00; -6.586121e+04; 9.608949e-01
5.075000e+00; -1.666039e+04; 9.116879e-01; -1.036733e+05; 1.000000e+00; -6.687817e+04; 9.619116e-01
5.080000e+00; -1.766002e+04; 9.126885e-01; -1.037631e+05; 1.000000e+00; -6.789648e+04; 9.629298e-01
5.085000e+00; -1.865960e+04; 9.136887e-01; -1.038507e+05; 1.000000e+00; -6.891619e+04; 9.639495e-01
5.090000e+00; -1.965917e+04; 9.146893e-01; -1.039348e+05; 1.000000e+00; -6.993737e+04; 9.649708e-01
5.095000e+00; -2.065868e+04; 9.156896e-01; -1.040163e+05; 1.000000e+00; -7.096005e+04; 9.659936e-01
5.100000e+00; -2.165818e+04; 9.166904e-01; -1.040943e+05; 1.000000e+00; -7.198429e+04; 9.670182e-01
5.105000e+00; -2.265761e+04; 9.176908e-01; -1.041695e+05; 1.000000e+00; -7.301010e+04; 9.680443e-01
5.110000e+00; -2.365701e+04; 9.186917e-01; -1.042413e+05; 1.000000e+00; -7.403751e+04; 9.690721e-01
5.115000e+00; -2.465633e+04; 9.196924e-01; -1.043100e+05; 1.000000e+00; -7.506652e+04; 9.701016e-01
5.120000e+00; -2.565560e+04; 9.206935e-01; -1.043754e+05; 1.000000e+00; -7.609713e+04; 9.711327e-01
5.125000e+00; -2.665478e+04; 9.216944e-01; -1.044378e+05; 1.000000e+00; -7.712933e+04; 9.721655e-01
5.130000e+00; -2.765389e+04; 9.226957e-01; -1.044969e+05; 1.000000e+00; -7.816312e+04; 9.731998e-01
5.135000e+00; -2.865288e+04; 9.236970e-01; -1.045529e+05; 1.000000e+00; -7.919845e+04; 9.742358e-01
5.140000e+00; -2.965178e+04; 9.246987e-01; -1.046058e+05; 1.000000e+00; -8.023531e+04; 9.752732e-01
5.145000e+00; -3.065053e+04; 9.257004e-01; -1.046557e+05; 1.000000e+00; -8.127365e+04; 9.763122e-01
5.150000e+00; -3.164916e+04; 9.267025e-01; -1.047025e+05; 1.000000e+00; -8.231345e+04; 9.773526e-01
5.155000e+00; -3.264761e+04; 9.277047e-01; -1.047465e+05; 1.000000e+00; -8.335465e+04; 9.783945e-01
5.160000e+00; -3.364589e+04; 9.287075e-01; -1.047877e+05; 1.000000e+00; -8.439719e+04; 9.794376e-01
5.165000e+00; -3.464395e+04; 9.297104e-01; -1.048261e+05; 1.000000e+00; -8.544098e+04; 9.804820e-01
5.170000e+00; -3.564179e+04; 9.307139e-01; -1.048618e+05; 1.000000e+00; -8.648588e+04; 9.815275e-01
5.175000e+00; -3.663935e+04; 9.317177e-01; -1.048950e+05; 1.000000e+00; -8.753166e+04; 9.825738e-01
5.180000e+00; -3.763664e+04; 9.327222e-01; -1.049258e+05; 1.000000e+00; -8.857793e+04; 9.836204e-01
5.185000e+00; -3.863358e+04; 9.337270e-01; -1.049542e+05; 1.000000e+00; -8.962407e+04; 9.846667e-01
5.190000e+00; -3.963017e+04; 9.347327e-01; -1.049803e+05; 1.000000e+00; -9.066903e+04; 9.857115e-01
5.195000e+00; -4.062634e+04; 9.357389e-01; -1.050044e+05; 1.000000e+00; -9.171120e+04; 9.867529e-01
5.200000e+00; -4.162207e+04; 9.367461e-01; -1.050264e+05; 1.000000e+00; -9.274815e+04; 9.877884e-01
5.205000e+00; -4.261728e+04; 9.377540e-01; -1.050465e+05; 1.000000e+00; -9.377642e+04; 9.888140e-01
5.210000e+00; -4.361193e+04; 9.387630e-01; -1.050649e+05; 1.000000e+00; -9.479127e+04; 9.898248e-01
5.215000e+00; -4.460596e+04; 9.397730e-01; -1.050816e+05; 1.000000e+00; -9.578655e+04; 9.908142e-01
5.220000e+00; -4.559932e+04; 9.407843e-01; -1.050967e+05; 1.000000e+00; -9.675472e+04; 9.917743e-01
5.225000e+00; -4.659191e+04; 9.417968e-01; -1.051105e+05; 1.000000e+00; -9.768699e+04; 9.926961e-01
5.230000e+00; -4.758368e+04; 9.428108e-01; -1.051228e+05; 1.000000e+00; -9.857381e+04; 9.935700e-01
5.235000e+00; -4.857454e+04; 9.438264e-01; -1.051340e+05; 1.000000e+00; -9.940546e+04; 9.943863e-01
5.240000e+00; -4.956441e+04; 9.448438e-01; -1.051440e+05; 1.000000e+00; -1.001729e+05; 9.951364e-01
5.245000e+00; -5.055319e+04; 9.458630e-01; -1.051529e+05; 1.000000e+00; -1.008685e+05; 9.958131e-01
5.250000e+00; -5.154080e+04; 9.468845e-01; -1.051609e+05; 1.000000e+00; -1.014870e+05; 9.964120e-01
5.255000e+00; -5.252712e+04; 9.479081e-01; -1.051681e+05; 1.000000e+00; -1.020260e+05; 9.969314e-01
5.260000e+00; -5.351205e+04; 9.489343e-01; -1.051744e+05; 1.000000e+00; -1.024863e+05; 9.973729e-01
5.265000e+00; -5.449546e+04; 9.499631e-01; -1.051800e+05; 1.000000e+00; -1.028715e+05; 9.977407e-01
5.270000e+00; -5.547725e+04; 9.509950e-01; -1.051850e+05; 1.000000e+00; -1.031879e+05; 9.980418e-01
5.275000e+00; -5.645726e+04; 9.520300e-01; -1.051894e+05; 1.000000e+00; -1.034437e+05; 9.982845e-01
5.280000e+00; -5.743538e+04; 9.530685e-01; -1.051933e+05; 1.000000e+00; -1.036480e+05; 9.984782e-01
5.285000e+00; -5.841143e+04; 9.541106e-01; -1.051967e+05; 1.000000e+00; -1.038102e+05; 9.986322e-01
5.290000e+00; -5.938528e+04; 9.551568e-01; -1.051996e+05; 1.000000e+00; -1.039393e+05; 9.987550e-01
5.295000e+00; -6.035673e+04; 9.562072e-01; -1.052022e+05; 1.000000e+00; -1.040432e+05; 9.988544e-01
5.300000e+00; -6.132562e+04; 9.572624e-01; -1.052045e+05; 1.000000e+00; -1.041284e+05; 9.989365e-01
5.305000e+00; -6.229174e+04; 9.583224e-01; -1.052065e+05; 1.000000e+00; -1.042002e+05; 9.990064e-01
5.310000e+00; -6.325489e+04; 9.593877e-01; -1.052082e+05; 1.000000e+00; -1.042627e+05; 9.990677e-01
5.315000e+00; -6.421482e+04; 9.604586e-01; -1.052096e+05; 1.000000e+00; -1.043186e+05; 9.991231e-01
5.320000e+00; -6.517131e+04; 9.615356e-01; -1.052109e+05; 1.000000e+00; -1.043700e+05; 9.991742e-01
5.325000e+00; -6.612407e+04; 9.626189e-01; -1.052119e+05; 1.000000e+00; -1.044181e+05; 9.992223e-01
5.330000e+00; -6.707283e+04; 9.637091e-01; -1.052129e+05; 1.000000e+00; -1.044637e+05; 9.992682e-01
5.335000e+00; -6.801727e+04; 9.648064e-01; -1.052136e+05; 1.000000e+00; -1.045072e+05; 9.993121e-01
5.340000e+00; -6.895709e+04; 9.659113e-01; -1.052143e+05; 1.000000e+00; -1.045489e+05; 9.993543e-01
5.345000e+00; -6.989191e+04; 9.670241e-01; -1.052148e+05; 1.000000e+00; -1.045889e+05; 9.993950e-01
5.350000e+00; -7.082139e+04; 9.681455e-01; -1.052152e+05; 1.000000e+00; -1.046273e+05; 9.994342e-01
5.355000e+00; -7.174512e+04; 9.692757e-01; -1.052156e+05; 1.000000e+00; -1.046641e+05; 9.994719e-01
5.360000e+00; -7.266270e+04; 9.704152e-01; -1.052159e+05; 1.000000e+00; -1.046993e+05; 9.995082e-01
5.365000e+00; -7.357368e+04; 9.715644e-01; -1.052161e+05; 1.000000e+00; -1.047329e+05; 9.995431e-01
5.370000e+00; -7.447763e+04; 9.727238e-01; -1.052163e+05; 1.000000e+00; -1.047648e+05; 9.995765e-01
5.375000e+00; -7.537406e+04; 9.738937e-01; -1.052164e+05; 1.000000e+00; -1.047951e+05; 9.996086e-01
5.380000e+00; -7.626248e+04; 9.750747e-01; -1.052165e+05; 1.000000e+00; -1.048237e+05; 9.996393e-01
5.385000e+00; -7.714235e+04; 9.762670e-01; -1.052165e+05; 1.000000e+00; -1.048506e+05; 9.996686e-01
5.390000e+00; -7.801310e+04; 9.774711e-01; -1.052165e+05; 1.000000e+00; -1.048759e+05; 9.996966e-01
5.395000e+00; -7.887411e+04; 9.786871e-01; -1.052165e+05; 1.000000e+00; -1.048996e+05; 9.997234e-01
5.400000e+00; -7.972469e+04; 9.799154e-01; -1.052164e+05; 1.000000e+00; -1.049215e+05; 9.997490e-01
5.405000e+00; -8.056405e+04; 9.811559e-01; -1.052164e+05; 1.000000e+00; -1.049418e+05; 9.997735e-01
5.410000e+00; -8.139128e+04; 9.824086e-01; -1.052163e+05; 1.000000e+00; -1.049605e+05; 9.997969e-01
5.415000e+00; -8.220527e+04; 9.836733e-01; -1.052162e+05; 1.000000e+00; -1.049774e+05; 9.998193e-01
5.420000e+00; -8.300475e+04; 9.849494e-01; -1.052161e+05; 1.000000e+00; -1.049928e+05; 9.998408e-01
5.425000e+00; -8.378811e+04; 9.862360e-01; -1.052159e+05; 1.000000e+00; -1.050064e+05; 9.998615e-01
5.430000e+00; -8.455346e+04; 9.875320e-01; -1.052158e+05; 1.000000e+00; -1.050185e+05; 9.998815e-01
5.435000e+00; -8.529848e+04; 9.888356e-01; -1.052156e+05; 1.000000e+00; -1.050288e+05; 9.999008e-01
5.440000e+00; -8.602043e+04; 9.901449e-01; -1.052155e+05; 1.000000e+00; -1.050375e+05; 9.999196e-01
5.445000e+00; -8.671611e+04; 9.914569e-01; -1.052153e+05; 1.000000e+00; -1.050445e+05; 9.999380e-01
5.450000e+00; -8.738179e+04; 9.927687e-01; -1.052151e+05; 1.000000e+00; -1.050499e+05; 9.999561e-01
5.455000e+00; -8.801332e+04; 9.940764e-01; -1.052150e+05; 1.000000e+00; -1.050535e+05; 9.999741e-01
5.460000e+00; -8.860609e+04; 9.953759e-01; -1.052148e+05; 1.000000e+00; -1.050554e+05; 9.999921e-01
5.465000e+00; -8.915519e+04; 9.966627e-01; -1.052146e+05; 1.000000e+00; -1.050555e+05; 1.000010e+00
5.470000e+00; -8.965552e+04; 9.979322e-01; -1.052144e+05; 1.000000e+00; -1.050538e+05; 1.000028e+00
5.475000e+00; -9.010197e+04; 9.991795e-01; -1.052142e+05; 1.000000e+00; -1.050502e+05; 1.000047e+00
5.480000e+00; -9.048962e+04; 1.000400e+00; -1.052140e+05; 1.000000e+00; -1.050447e+05; 1.000067e+00
5.485000e+00; -9.081396e+04; 1.001590e+00; -1.052137e+05; 1.000000e+00; -1.050372e+05; 1.000087e+00
5.490000e+00; -9.107109e+04; 1.002746e+00; -1.052135e+05; 1.000000e+00; -1.050277e+05; 1.000108e+00
5.495000e+00; -9.125794e+04; 1.003865e+00; -1.052133e+05; 1.000000e+00; -1.050160e+05; 1.000130e+00
5.500000e+00; -9.137243e+04; 1.004945e+00; -1.052130e+05; 1.000000e+00; -1.050021e+05; 1.000153e+00
5.505000e+00; -9.137368e+04; 1.006044e+00; -1.052127e+05; 1.000000e+00; -1.049858e+05; 1.000178e+00
5.510000e+00; -9.141444e+04; 1.006905e+00; -1.052125e+05; 1.000000e+00; -1.049671e+05; 1.000204e+00
5.515000e+00; -9.131725e+04; 1.007952e+00; -1.052122e+05; 1.000000e+00; -1.049457e+05; 1.000233e+00
5.520000e+00; -9.110235e+04; 1.008864e+00; -1.052119e+05; 1.000000e+00; -1.049216e+05; 1.000263e+00
5.525000e+00; -9.086494e+04; 1.009797e+00; -1.052115e+05; 1.000000e+00; -1.048945e+05; 1.000296e+00
5.530000e+00; -9.056041e+04; 1.010630e+00; -1.052112e+05; 1.000000e+00; -1.048644e+05; 1.000332e+00
5.535000e+00; -9.020237e+04; 1.011511e+00; -1.052108e+05; 1.000000e+00; -1.048310e+05; 1.000370e+00
5.540000e+00; -8.978686e+04; 1.012303e+00; -1.052104e+05; 1.000000e+00; -1.047941e+05; 1.000411e+00
5.545000e+00; -8.932740e+04; 1.013147e+00; -1.052099e+05; 1.000000e+00; -1.047535e+05; 1.000456e+00
5.550000e+00; -8.882055e+04; 1.013917e+00; -1.052095e+05; 1.000000e+00; -1.047090e+05; 1.000504e+00
5.555000e+00; -8.827886e+04; 1.014742e+00; -1.052089e+05; 1.000000e+00; -1.046603e+05; 1.000556e+00
5.560000e+00; -8.769895e+04; 1.015504e+00; -1.052083e+05; 1.000000e+00; -1.046072e+05; 1.000612e+00
5.565000e+00; -8.709201e+04; 1.016324e+00; -1.052077e+05; 1.000000e+00; -1.045493e+05; 1.000673e+00
5.570000e+00; -8.645433e+04; 1.017091e+00; -1.052070e+05; 1.000000e+00; -1.044865e+05; 1.000739e+00
5.575000e+00; -8.579564e+04; 1.017916e+00; -1.052062e+05; 1.000000e+00; -1.044183e+05; 1.000810e+00
5.580000e+00; -8.511185e+04; 1.018697e+00; -1.052053e+05; 1.000000e+00; -1.043446e+05; 1.000886e+00
5.585000e+00; -8.441133e+04; 1.019533e+00; -1.052043e+05; 1.000000e+00; -1.042648e+05; 1.000969e+00
5.590000e+00; -8.368971e+04; 1.020332e+00; -1.052032e+05; 1.000000e+00; -1.041787e+05; 1.001057e+00
5.595000e+00; -8.295427e+04; 1.021184e+00; -1.052020e+05; 1.000000e+00; -1.040859e+05; 1.001152e+00
5.600000e+00; -8.220052e+04; 1.022002e+00; -1.052006e+05; 1.000000e+00; -1.039861e+05; 1.001255e+00
5.605000e+00; -8.143487e+04; 1.022871e+00; -1.051990e+05; 1.000000e+00; -1.038788e+05; 1.001364e+00
5.610000e+00; -8.065292e+04; 1.023710e+00; -1.051972e+05; 1.000000e+00; -1.037636e+05; 1.001482e+00
5.615000e+00; -7.986041e+04; 1.024595e+00; -1.051952e+05; 1.000000e+00; -1.036402e+05; 1.001608e+00
5.620000e+00; -7.905312e+04; 1.025452e+00; -1.051929e+05; 1.000000e+00; -1.035081e+05; 1.001743e+00
5.625000e+00; -7.823630e+04; 1.026354e+00; -1.051903e+05; 1.000000e+00; -1.033669e+05; 1.001886e+00
5.630000e+00; -7.740599e+04; 1.027229e+00; -1.051874e+05; 1.000000e+00; -1.032161e+05; 1.002040e+00
5.635000e+00; -7.656702e+04; 1.028145e+00; -1.051841e+05; 1.000000e+00; -1.030554e+05; 1.002203e+00
5.640000e+00; -7.571570e+04; 1.029036e+00; -1.051805e+05; 1.000000e+00; -1.028842e+05; 1.002377e+00
5.645000e+00; -7.485653e+04; 1.029964e+00; -1.051763e+05; 1.000000e+00; -1.027023e+05; 1.002562e+00
5.650000e+00; -7.398609e+04; 1.030870e+00; -1.051716e+05; 1.000000e+00; -1.025090e+05; 1.002758e+00
5.655000e+00; -7.310856e+04; 1.031810e+00; -1.051663e+05; 1.000000e+00; -1.023041e+05; 1.002966e+00
5.660000e+00; -7.222081e+04; 1.032728e+00; -1.051603e+05; 1.000000e+00; -1.020871e+05; 1.003186e+00
5.665000e+00; -7.132670e+04; 1.033678e+00; -1.051536e+05; 1.000000e+00; -1.018575e+05; 1.003419e+00
5.670000e+00; -7.042335e+04; 1.034608e+00; -1.051461e+05; 1.000000e+00; -1.016150e+05; 1.003665e+00
5.675000e+00; -6.951437e+04; 1.035567e+00; -1.051376e+05; 1.000000e+00; -1.013593e+05; 1.003924e+00
5.680000e+00; -6.859708e+04; 1.036506e+00; -1.051281e+05; 1.000000e+00; -1.010899e+05; 1.004197e+00
5.685000e+00; -6.767485e+04; 1.037473e+00; -1.051175e+05; 1.000000e+00; -1.008064e+05; 1.004484e+00
5.690000e+00; -6.674519e+04; 1.038421e+00; -1.051056e+05; 1.000000e+00; -1.005086e+05; 1.004785e+00
5.695000e+00; -6.581123e+04; 1.039394e+00; -1.050923e+05; 1.000000e+00; -1.001960e+05; 1.005101e+00
5.700000e+00; -6.487067e+04; 1.040350e+00; -1.050775e+05; 1.000000e+00; -9.986853e+04; 1.005432e+00
5.705000e+00; -6.392641e+04; 1.041328e+00; -1.050611e+05; 1.000000e+00; -9.952576e+04; 1.005779e+00
5.710000e+00; -6.297632e+04; 1.042290e+00; -1.050427e+05; 1.000000e+00; -9.916748e+04; 1.006141e+00
5.715000e+00; -6.202308e+04; 1.043273e+00; -1.050223e+05; 1.000000e+00; -9.879345e+04; 1.006519e+00
5.720000e+00; -6.106472e+04; 1.044241e+00; -1.049997e+05; 1.000000e+00; -9.840350e+04; 1.006913e+00
5.725000e+00; -6.010371e+04; 1.045228e+00; -1.049747e+05; 1.000000e+00; -9.799744e+04; 1.007323e+00
5.730000e+00; -5.913821e+04; 1.046201e+00; -1.049470e+05; 1.000000e+00; -9.757513e+04; 1.007749e+00
5.735000e+00; -5.817053e+04; 1.047191e+00; -1.049163e+05; 1.000000e+00; -9.713644e+04; 1.008192e+00
5.740000e+00; -5.719893e+04; 1.048167e+00; -1.048826e+05; 1.000000e+00; -9.668125e+04; 1.008651e+00
5.745000e+00; -5.622555e+04; 1.049160e+00; -1.048453e+05; 1.000000e+00; -9.620946e+04; 1.009127e+00
5.750000e+00; -5.524877e+04; 1.050140e+00; -1.048044e+05; 1.000000e+00; -9.572101e+04; 1.009619e+00
5.755000e+00; -5.427056e+04; 1.051135e+00; -1.047594e+05; 1.000000e+00; -9.521582e+04; 1.010128e+00
5.760000e+00; -5.328942e+04; 1.052118e+00; -1.047101e+05; 1.000000e+00; -9.469388e+04; 1.010654e+00
5.765000e+00; -5.230716e+04; 1.053115e+00; -1.046560e+05; 1.000000e+00; -9.415520e+04; 1.011197e+00
5.770000e+00; -5.132236e+04; 1.054100e+00; -1.045968e+05; 1.000000e+00; -9.359981e+04; 1.011756e+00
5.775000e+00; -5.033671e+04; 1.055098e+00; -1.045321e+05; 1.000000e+00; -9.302782e+04; 1.012332e+00
5.780000e+00; -4.934889e+04; 1.056086e+00; -1.044615e+05; 1.000000e+00; -9.243937e+04; 1.012924e+00
5.785000e+00; -4.836042e+04; 1.057085e+00; -1.043846e+05; 1.000000e+00; -9.183463e+04; 1.013533e+00
5.790000e+00; -4.737010e+04; 1.058075e+00; -1.043009e+05; 1.000000e+00; -9.121381e+04; 1.014157e+00
5.795000e+00; -4.637932e+04; 1.059075e+00; -1.042098e+05; 1.000000e+00; -9.057716e+04; 1.014797e+00
5.800000e+00; -4.538695e+04; 1.060066e+00; -1.041109e+05; 1.000000e+00; -8.992492e+04; 1.015453e+00
5.805000e+00; -4.439429e+04; 1.061066e+00; -1.040037e+05; 1.000000e+00; -8.925739e+04; 1.016124e+00
5.810000e+00; -4.340026e+04; 1.062059e+00; -1.038876e+05; 1.000000e+00; -8.857483e+04; 1.016809e+00
5.815000e+00; -4.240606e+04; 1.063060e+00; -1.037619e+05; 1.000000e+00; -8.787754e+04; 1.017510e+00
5.820000e+00; -4.141069e+04; 1.064053e+00; -1.036261e+05; 1.000000e+00; -8.716585e+04; 1.018224e+00
5.825000e+00; -4.041526e+04; 1.065054e+00; -1.034796e+05; 1.000000e+00; -8.644006e+04; 1.018953e+00
5.830000e+00; -3.941882e+04; 1.066049e+00; -1.033216e+05; 1.000000e+00; -8.570051e+04; 1.019695e+00
5.835000e+00; -3.842240e+04; 1.067050e+00; -1.031516e+05; 1.000000e+00; -8.494755e+04; 1.020450e+00
5.840000e+00; -3.742511e+04; 1.068045e+00; -1.029687e+05; 1.000000e+00; -8.418155e+04; 1.021218e+00
5.845000e+00; -3.642790e+04; 1.069047e+00; -1.027722e+05; 1.000000e+00; -8.340287e+04; 1.021998e+00
5.850000e+00; -3.542995e+04; 1.070043e+00; -1.025614e+05; 1.000000e+00; -8.261190e+04; 1.022790e+00
5.855000e+00; -3.443211e+04; 1.071045e+00; -1.023356e+05; 1.000000e+00; -8.180904e+04; 1.023594e+00
5.860000e+00; -3.343364e+04; 1.072041e+00; -1.020939e+05; 1.000000e+00; -8.099467e+04; 1.024409e+00
5.865000e+00; -3.243532e+04; 1.073043e+00; -1.018355e+05; 1.000000e+00; -8.016921e+04; 1.025235e+00
5.870000e+00; -3.143644e+04; 1.074039e+00; -1.015597e+05; 1.000000e+00; -7.933305e+04; 1.026071e+00
5.875000e+00; -3.043774e+04; 1.075041e+00; -1.012655e+05; 1.000000e+00; -7.848661e+04; 1.026917e+00
5.880000e+00; -2.943855e+04; 1.076038e+00; -1.009523e+05; 1.000000e+00; -7.763028e+04; 1.027773e+00
5.885000e+00; -2.843955e+04; 1.077040e+00; -1.006191e+05; 1.000000e+00; -7.676446e+04; 1.028637e+00
5.890000e+00; -2.744012e+04; 1.078037e+00; -1.002651e+05; 1.000000e+00; -7.588954e+04; 1.029510e+00
5.895000e+00; -2.644090e+04; 1.079039e+00; -9.988957e+04; 1.000000e+00; -7.500591e+04; 1.030391e+00
5.900000e+00; -2.544129e+04; 1.080037e+00; -9.949159e+04; 1.000000e+00; -7.411394e+04; 1.031279e+00
5.905000e+00; -2.444189e+04; 1.081038e+00; -9.907039e+04; 1.000000e+00; -7.321401e+04; 1.032175e+00
5.910000e+00; -2.344216e+04; 1.082036e+00; -9.862518e+04; 1.000000e+00; -7.230647e+04; 1.033077e+00
5.915000e+00; -2.244262e+04; 1.083038e+00; -9.815518e+04; 1.000000e+00; -7.139166e+04; 1.033986e+00
5.920000e+00; -2.144278e+04; 1.084036e+00; -9.765963e+04; 1.000000e+00; -7.046992e+04; 1.034900e+00
5.925000e+00; -2.044314e+04; 1.085037e+00; -9.713781e+04; 1.000000e+00; -6.954156e+04; 1.035821e+00
5.930000e+00; -1.944323e+04; 1.086035e+00; -9.658902e+04; 1.000000e+00; -6.860688e+04; 1.036746e+00
5.935000e+00; -1.844351e+04; 1.087037e+00; -9.601257e+04; 1.000000e+00; -6.766616e+04; 1.037676e+00
5.940000e+00; -1.744355e+04; 1.088035e+00; -9.540784e+04; 1.000000e+00; -6.671967e+04; 1.038610e+00
5.945000e+00; -1.644377e+04; 1.089036e+00; -9.477421e+04; 1.000000e+00; -6.576767e+04; 1.039548e+00
5.950000e+00; -1.544377e+04; 1.090035e+00; -9.411113e+04; 1.000000e+00; -6.481037e+04; 1.040489e+00
5.955000e+00; -1.444394e+04; 1.091036e+00; -9.341806e+04; 1.000000e+00; -6.384799e+04; 1.041434e+00
5.960000e+00; -1.344391e+04; 1.092035e+00; -9.269453e+04; 1.000000e+00; -6.288073e+04; 1.042382e+00
5.965000e+00; -1.244405e+04; 1.093036e+00; -9.194009e+04; 1.000000e+00; -6.190876e+04; 1.043332e+00
5.970000e+00; -1.144399e+04; 1.094034e+00; -9.115435e+04; 1.000000e+00; -6.093223e+04; 1.044284e+00
5.975000e+00; -1.044409e+04; 1.095036e+00; -9.033696e+04; 1.000000e+00; -5.995127e+04; 1.045237e+00
5.980000e+00; -9.444022e+03; 1.096034e+00; -8.948761e+04; 1.000000e+00; -5.896599e+04; 1.046192e+00
5.985000e+00; -8.444089e+03; 1.097035e+00; -8.860605e+04; 1.000000e+00; -5.797649e+04; 1.047149e+00
5.990000e+00; -7.444001e+03; 1.098034e+00; -8.769208e+04; 1.000000e+00; -5.698283e+04; 1.048105e+00
5.995000e+00; -6.444039e+03; 1.099035e+00; -8.674553e+04; 1.000000e+00; -5.598507e+04; 1.049063e+00
6.000000e+00; -5.443931e+03; 1.100034e+00; -8.576631e+04; 1.000000e+00; -5.498324e+04; 1.050020e+00
6.005000e+00; -4.443938e+03; 1.101035e+00; -8.475437e+04; 1.000000e+00; -5.397734e+04; 1.050977e+00
6.010000e+00; -3.443806e+03; 1.102034e+00; -8.370973e+04; 1.000000e+00; -5.296737e+04; 1.051933e+00
6.015000e+00; -2.443778e+03; 1.103034e+00; -8.263245e+04; 1.000000e+00; -5.195328e+04; 1.052889e+00
6.020000e+00; -1.443617e+03; 1.104033e+00; -8.152266e+04; 1.000000e+00; -5.093504e+04; 1.053843e+00
6.025000e+00; -4.435468e+02; 1.105034e+00; -8.038054e+04; 1.000000e+00; -4.991256e+04; 1.054795e+00
6.030000e+00; 5.566534e+02; 1.106033e+00; -7.920634e+04; 1.000000e+00; -4.888575e+04; 1.055746e+00
6.035000e+00; 1.556776e+03; 1.107033e+00; -7.800036e+04; 1.000000e+00; -4.785451e+04; 1.056694e+00
6.040000e+00; 2.557028e+03; 1.108032e+00; -7.676296e+04; 1.000000e+00; -4.681869e+04; 1.057640e+00
6.045000e+00; 3.557218e+03; 1.109033e+00; -7.549453e+04; 1.000000e+00; -4.577815e+04; 1.058583e+00
6.050000e+00; 4.557538e+03; 1.110032e+00; -7.419554e+04; 1.000000e+00; -4.473272e+04; 1.059522e+00
6.055000e+00; 5.557813e+03; 1.111032e+00; -7.286647e+04; 1.000000e+00; -4.368220e+04; 1.060458e+00
6.060000e+00; 6.558224e+03; 1.112031e+00; -7.150786e+04; 1.000000e+00; -4.262640e+04; 1.061390e+00
6.065000e+00; 7.558609e+03; 1.113031e+00; -7.012029e+04; 1.000000e+00; -4.156508e+04; 1.062318e+00
6.070000e+00; 8.559138e+03; 1.114030e+00; -6.870437e+04; 1.000000e+00; -4.049800e+04; 1.063240e+00
6.075000e+00; 9.559665e+03; 1.115030e+00; -6.726074e+04; 1.000000e+00; -3.942490e+04; 1.064158e+00
6.080000e+00; 1.056035e+04; 1.116029e+00; -6.579006e+04; 1.000000e+00; -3.834552e+04; 1.065070e+00
6.085000e+00; 1.156106e+04; 1.117029e+00; -6.429303e+04; 1.000000e+00; -3.725955e+04; 1.065977e+00
6.090000e+00; 1.256194e+04; 1.118028e+00; -6.277037e+04; 1.000000e+00; -3.616670e+04; 1.066877e+00
6.095000e+00; 1.356288e+04; 1.119028e+00; -6.122280e+04; 1.000000e+00; -3.506665e+04; 1.067770e+00
6.100000e+00; 1.456403e+04; 1.120027e+00; -5.965110e+04; 1.000000e+00; -3.395907e+04; 1.068657e+00
6.105000e+00; 1.556526e+04; 1.121026e+00; -5.805602e+04; 1.000000e+00; -3.284362e+04; 1.069536e+00
6.110000e+00; 1.656674e+04; 1.122025e+00; -5.643837e+04; 1.000000e+00; -3.171995e+04; 1.070407e+00
6.115000e+00; 1.756835e+04; 1.123024e+00; -5.479892e+04; 1.000000e+00; -3.058770e+04; 1.071269e+00
6.120000e+00; 1.857024e+04; 1.124022e+00; -5.313848e+04; 1.000000e+00; -2.944650e+04; 1.072124e+00
6.125000e+00; 1.957232e+04; 1.125021e+00; -5.145786e+04; 1.000000e+00; -2.829599e+04; 1.072969e+00
6.130000e+00; 2.057473e+04; 1.126019e+00; -4.975787e+04; 1.000000e+00; -2.713579e+04; 1.073804e+00
6.135000e+00; 2.157741e+04; 1.127018e+00; -4.803932e+04; 1.000000e+00; -2.596551e+04; 1.074630e+00
6.140000e+00; 2.258048e+04; 1.128015e+00; -4.630301e+04; 1.000000e+00; -2.478478e+04; 1.075445e+00
6.145000e+00; 2.358389e+04; 1.129014e+00; -4.454973e+04; 1.000000e+00; -2.359322e+04; 1.076249e+00
6.150000e+00; 2.458778e+04; 1.130011e+00; -4.278027e+04; 1.000000e+00; -2.239046e+04; 1.077043e+00
6.155000e+00; 2.559210e+04; 1.131008e+00; -4.099542e+04; 1.000000e+00; -2.117612e+04; 1.077824e+00
6.160000e+00; 2.659699e+04; 1.132005e+00; -3.919593e+04; 1.000000e+00; -1.994983e+04; 1.078594e+00
6.165000e+00; 2.760244e+04; 1.133002e+00; -3.738256e+04; 1.000000e+00; -1.871124e+04; 1.079352e+00
6.170000e+00; 2.860857e+04; 1.133998e+00; -3.555604e+04; 1.000000e+00; -1.745999e+04; 1.080097e+00
6.175000e+00; 2.961538e+04; 1.134994e+00; -3.371708e+04; 1.000000e+00; -1.619574e+04; 1.080829e+00
6.180000e+00; 3.062302e+04; 1.135989e+00; -3.186637e+04; 1.000000e+00; -1.491817e+04; 1.081547e+00
6.185000e+00; 3.163149e+04; 1.136984e+00; -3.000459e+04; 1.000000e+00; -1.362695e+04; 1.082252e+00
6.190000e+00; 3.264095e+04; 1.137977e+00; -2.813240e+04; 1.000000e+00; -1.232179e+04; 1.082943e+00
6.195000e+00; 3.365144e+04; 1.138971e+00; -2.625041e+04; 1.000000e+00; -1.100241e+04; 1.083620e+00
6.200000e+00; 3.466310e+04; 1.139964e+00; -2.435923e+04; 1.000000e+00; -9.668533e+03; 1.084282e+00
6.205000e+00; 3.567599e+04; 1.140956e+00; -2.245945e+04; 1.000000e+00; -8.319911e+03; 1.084930e+00
6.210000e+00; 3.669028e+04; 1.141947e+00; -2.055162e+04; 1.000000e+00; -6.956318e+03; 1.085562e+00
6.215000e+00; 3.770604e+04; 1.142938e+00; -1.863627e+04; 1.000000e+00; -5.577542e+03; 1.086180e+00
6.220000e+00; 3.872345e+04; 1.143927e+00; -1.671392e+04; 1.000000e+00; -4.183396e+03; 1.086781e+00
6.225000e+00; 3.974262e+04; 1.144916e+00; -1.478504e+04; 1.000000e+00; -2.773715e+03; 1.087368e+00
6.230000e+00; 4.076372e+04; 1.145903e+00; -1.285010e+04; 1.000000e+00; -1.348355e+03; 1.087938e+00
6.235000e+00; 4.178689e+04; 1.146889e+00; -1.090954e+04; 1.000000e+00; 9.280185e+01; 1.088493e+00
6.240000e+00; 4.281232e+04; 1.147874e+00; -8.963757e+03; 1.000000e+00; 1.549851e+03; 1.089032e+00
6.245000e+00; 4.384017e+04; 1.148857e+00; -7.013152e+03; 1.000000e+00; 3.022861e+03; 1.089555e+00
6.250000e+00; 4.487066e+04; 1.149838e+00; -5.058088e+03; 1.000000e+00; 4.511877e+03; 1.090062e+00
6.255000e+00; 4.590395e+04; 1.150818e+00; -3.098913e+03; 1.000000e+00; 6.016916e+03; 1.090553e+00
6.260000e+00; 4.694028e+04; 1.151796e+00; -1.135951e+03; 1.000000e+00; 7.537972e+03; 1.091028e+00
6.265000e+00; 4.797984e+04; 1.152773e+00; 8.304952e+02; 1.000000e+00; 9.075010e+03; 1.091487e+00
6.270000e+00; 4.902290e+04; 1.153746e+00; 2.800140e+03; 1.000000e+00; 1.062797e+04; 1.091930e+00
6.275000e+00; 5.006966e+04; 1.154718e+00; 4.772717e+03; 1.000000e+00; 1.219676e+04; 1.092357e+00
6.280000e+00; 5.112040e+04; 1.155687e+00; 6.747980e+03; 1.000000e+00; 1.378128e+04; 1.092769e+00
6.285000e+00; 5.217534e+04; 1.156654e+00; 8.725697e+03; 1.000000e+00; 1.538139e+04; 1.093165e+00
6.290000e+00; 5.323477e+04; 1.157617e+00; 1.070566e+04; 1.000000e+00; 1.699692e+04; 1.093545e+00
6.295000e+00; 5.429894e+04; 1.158577e+00; 1.268766e+04; 1.000000e+00; 1.862769e+04; 1.093911e+00
6.300000e+00; 5.536814e+04; 1.159534e+00; 1.467151e+04; 1.000000e+00; 2.027350e+04; 1.094261e+00
6.305000e+00; 5.644262e+04; 1.160488e+00; 1.665706e+04; 1.000000e+00; 2.193411e+04; 1.094597e+00
6.310000e+00; 5.752268e+04; 1.161437e+00; 1.864414e+04; 1.000000e+00; 2.360928e+04; 1.094918e+00
6.315000e+00; 5.860857e+04; 1.162382e+00; 2.063261e+04; 1.000000e+00; 2.529875e+04; 1.095226e+00
6.320000e+00; 5.970058e+04; 1.163322e+00; 2.262233e+04; 1.000000e+00; 2.700222e+04; 1.095519e+00
6.325000e+00; 6.079894e+04; 1.164258e+00; 2.461318e+04; 1.000000e+00; 2.871941e+04; 1.095799e+00
6.330000e+00; 6.190391e+04; 1.165188e+00; 2.660506e+04; 1.000000e+00; 3.044999e+04; 1.096065e+00
6.335000e+00; 6.301571e+04; 1.166112e+00; 2.859786e+04; 1.000000e+00; 3.219365e+04; 1.096318e+00
6.340000e+00; 6.413456e+04; 1.167030e+00; 3.059148e+04; 1.000000e+00; 3.395004e+04; 1.096559e+00
6.345000e+00; 6.526060e+04; 1.167941e+00; 3.258585e+04; 1.000000e+00; 3.571881e+04; 1.096788e+00
6.350000e+00; 6.639399e+04; 1.168845e+00; 3.458088e+04; 1.000000e+00; 3.749961e+04; 1.097005e+00
6.355000e+00; 6.753480e+04; 1.169741e+00; 3.657650e+04; 1.000000e+00; 3.929207e+04; 1.097210e+00
6.360000e+00; 6.868310e+04; 1.170627e+00; 3.857266e+04; 1.000000e+00; 4.109582e+04; 1.097404e+00
6.365000e+00; 6.983885e+04; 1.171505e+00; 4.056929e+04; 1.000000e+00; 4.291049e+04; 1.097587e+00
6.370000e+00; 7.100199e+04; 1.172372e+00; 4.256634e+04; 1.000000e+00; 4.473570e+04; 1.097760e+00
6.375000e+00; 7.217234e+04; 1.173227e+00; 4.456376e+04; 1.000000e+00; 4.657107e+04; 1.097924e+00
6.380000e+00; 7.334968e+04; 1.174070e+00; 4.656152e+04; 1.000000e+00; 4.841621e+04; 1.098077e+00
6.385000e+00; 7.453367e+04; 1.174900e+00; 4.855958e+04; 1.000000e+00; 5.027075e+04; 1.098222e+00
6.390000e+00; 7.572389e+04; 1.175715e+00; 5.055789e+04; 1.000000e+00; 5.213431e+04; 1.098357e+00
6.395000e+00; 7.691983e+04; 1.176514e+00; 5.255643e+04; 1.000000e+00; 5.400652e+04; 1.098485e+00
6.400000e+00; 7.812085e+04; 1.177296e+00; 5.455518e+04; 1.000000e+00; 5.588700e+04; 1.098604e+00
6.405000e+00; 7.932622e+04; 1.178059e+00; 5.655410e+04; 1.000000e+00; 5.777538e+04; 1.098716e+00
6.410000e+00; 8.053510e+04; 1.178802e+00; 5.855318e+04; 1.000000e+00; 5.967132e+04; 1.098820e+00
6.415000e+00; 8.174654e+04; 1.179522e+00; 6.055240e+04; 1.000000e+00; 6.157445e+04; 1.098918e+00
6.420000e+00; 8.295950e+04; 1.180219e+00; 6.255173e+04; 1.000000e+00; 6.348444e+04; 1.099009e+00
6.425000e+00; 8.417282e+04; 1.180890e+00; 6.455118e+04; 1.000000e+00; 6.540095e+04; 1.099094e+00
6.430000e+00; 8.538530e+04; 1.181533e+00; 6.655071e+04; 1.000000e+00; 6.732366e+04; 1.099174e+00
6.435000e+00; 8.659562e+04; 1.182147e+00; 6.855033e+04; 1.000000e+00; 6.925225e+04; 1.099248e+00
6.440000e+00; 8.780243e+04; 1.182730e+00; 7.055001e+04; 1.000000e+00; 7.118643e+04; 1.099317e+00
6.445000e+00; 8.900434e+04; 1.183279e+00; 7.254976e+04; 1.000000e+00; 7.312589e+04; 1.099381e+00
6.450000e+00; 9.019993e+04; 1.183793e+00; 7.454956e+04; 1.000000e+00; 7.507038e+04; 1.099441e+00
6.455000e+00; 9.138778e+04; 1.184270e+00; 7.654941e+04; 1.000000e+00; 7.701961e+04; 1.099497e+00
6.460000e+00; 9.256652e+04; 1.184708e+00; 7.854929e+04; 1.000000e+00; 7.897334e+04; 1.099548e+00
6.465000e+00; 9.373479e+04; 1.185105e+00; 8.054921e+04; 1.000000e+00; 8.093132e+04; 1.099597e+00
6.470000e+00; 9.489133e+04; 1.185460e+00; 8.254916e+04; 1.000000e+00; 8.289332e+04; 1.099642e+00
6.475000e+00; 9.603496e+04; 1.185772e+00; 8.454914e+04; 1.000000e+00; 8.485914e+04; 1.099684e+00
6.480000e+00; 9.716464e+04; 1.186038e+00; 8.654915e+04; 1.000000e+00; 8.682857e+04; 1.099724e+00
6.485000e+00; 9.827942e+04; 1.186258e+00; 8.854917e+04; 1.000000e+00; 8.880142e+04; 1.099761e+00
6.490000e+00; 9.937857e+04; 1.186431e+00; 9.054922e+04; 1.000000e+00; 9.077750e+04; 1.099796e+00
6.495000e+00; 1.004615e+05; 1.186557e+00; 9.254928e+04; 1.000000e+00; 9.275666e+04; 1.099828e+00
6.500000e+00; 1.015277e+05; 1.186634e+00; 9.454936e+04; 1.000000e+00; 9.473873e+04; 1.099859e+00
6.505000e+00; 1.025771e+05; 1.186663e+00; 9.654945e+04; 1.000000e+00; 9.672357e+04; 1.099889e+00
6.510000e+00; 1.036095e+05; 1.186644e+00; 9.854956e+04; 1.000000e+00; 9.871105e+04; 1.099917e+00
6.515000e+00; 1.046252e+05; 1.186576e+00; 1.005497e+05; 1.000000e+00; 1.007010e+05; 1.099944e+00
6.520000e+00; 1.056245e+05; 1.186462e+00; 1.025498e+05; 1.000000e+00; 1.026934e+05; 1.099970e+00
6.525000e+00; 1.066078e+05; 1.186300e+00; 1.045500e+05; 1.000000e+00; 1.046880e+05; 1.099995e+00
6.530000e+00; 1.075760e+05; 1.186093e+00; 1.065502e+05; 1.000000e+00; 1.066848e+05; 1.100019e+00
6.535000e+00; 1.085297e+05; 1.185841e+00; 1.085504e+05; 1.000000e+00; 1.086837e+05; 1.100043e+00
6.540000e+00; 1.094701e+05; 1.185545e+00; 1.105506e+05; 1.000000e+00; 1.106845e+05; 1.100066e+00
6.545000e+00; 1.103980e+05; 1.185208e+00; 1.125508e+05; 1.000000e+00; 1.126871e+05; 1.100089e+00
6.550000e+00; 1.113148e+05; 1.184830e+00; 1.145511e+05; 1.000000e+00; 1.146915e+05; 1.100111e+00
6.555000e+00; 1.122216e+05; 1.184414e+00; 1.165514e+05; 1.000000e+00; 1.166975e+05; 1.100134e+00
6.560000e+00; 1.131197e+05; 1.183961e+00; 1.185517e+05; 1.000000e+00; 1.187050e+05; 1.100156e+00
6.565000e+00; 1.140104e+05; 1.183472e+00; 1.205520e+05; 1.000000e+00; 1.207139e+05; 1.100178e+00
6.570000e+00; 1.148949e+05; 1.182950e+00; 1.225524e+05; 1.000000e+00; 1.227240e+05; 1.100199e+00
6.575000e+00; 1.157745e+05; 1.182397e+00; 1.245529e+05; 1.000000e+00; 1.247351e+05; 1.100221e+00
6.580000e+00; 1.166505e+05; 1.181814e+00; 1.265534e+05; 1.000000e+00; 1.267471e+05; 1.100242e+00
6.585000e+00; 1.175240e+05; 1.181204e+00; 1.285539e+05; 1.000000e+00; 1.287597e+05; 1.100263e+00
6.590000e+00; 1.183961e+05; 1.180567e+00; 1.305545e+05; 1.000000e+00; 1.307727e+05; 1.100283e+00
6.595000e+00; 1.192678e+05; 1.179905e+00; 1.325552e+05; 1.000000e+00; 1.327858e+05; 1.100303e+00
6.600000e+00; 1.201400e+05; 1.179221e+00; 1.345559e+05; 1.000000e+00; 1.347987e+05; 1.100321e+00
6.605000e+00; 1.210137e+05; 1.178515e+00; 1.365568e+05; 1.000000e+00; 1.368110e+05; 1.100338e+00
6.610000e+00; 1.218895e+05; 1.177790e+00; 1.385577e+05; 1.000000e+00; 1.388222e+05; 1.100353e+00
6.615000e+00; 1.227681e+05; 1.177046e+00; 1.405588e+05; 1.000000e+00; 1.408318e+05; 1.100366e+00
6.620000e+00; 1.236501e+05; 1.176284e+00; 1.425600e+05; 1.000000e+00; 1.428393e+05; 1.100376e+00
6.625000e+00; 1.245358e+05; 1.175507e+00; 1.445613e+05; 1.000000e+00; 1.448441e+05; 1.100383e+00
6.630000e+00; 1.254257e+05; 1.174714e+00; 1.465627e+05; 1.000000e+00; 1.468454e+05; 1.100386e+00
6.635000e+00; 1.263201e+05; 1.173908e+00; 1.485644e+05; 1.000000e+00; 1.488426e+05; 1.100384e+00
6.640000e+00; 1.272192e+05; 1.173088e+00; 1.505662e+05; 1.000000e+00; 1.508346e+05; 1.100376e+00
6.645000e+00; 1.281230e+05; 1.172257e+00; 1.525682e+05; 1.000000e+00; 1.528207e+05; 1.100362e+00
6.650000e+00; 1.290318e+05; 1.171413e+00; 1.545705e+05; 1.000000e+00; 1.547997e+05; 1.100340e+00
6.655000e+00; 1.299455e+05; 1.170560e+00; 1.565730e+05; 1.000000e+00; 1.567706e+05; 1.100310e+00
6.660000e+00; 1.308641e+05; 1.169696e+00; 1.585757e+05; 1.000000e+00; 1.587323e+05; 1.100270e+00
6.665000e+00; 1.317875e+05; 1.168823e+00; 1.605788e+05; 1.000000e+00; 1.606834e+05; 1.100219e+00
6.670000e+00; 1.327157e+05; 1.167941e+00; 1.625822e+05; 1.000000e+00; 1.626228e+05; 1.100156e+00
6.675000e+00; 1.336485e+05; 1.167051e+00; 1.645860e+05; 1.000000e+00; 1.645490e+05; 1.100079e+00
6.680000e+00; 1.345857e+05; 1.166153e+00; 1.665902e+05; 1.000000e+00; 1.664606e+05; 1.099987e+00
6.685000e+00; 1.355272e+05; 1.165248e+00; 1.685948e+05; 1.000000e+00; 1.683563e+05; 1.099879e+00
6.690000e+00; 1.364728e+05; 1.164336e+00; 1.705999e+05; 1.000000e+00; 1.702345e+05; 1.099753e+00
6.695000e+00; 1.374223e+05; 1.163418e+00; 1.726055e+05; 1.000000e+00; 1.720939e+05; 1.099607e+00
6.700000e+00; 1.383755e+05; 1.162494e+00; 1.746116e+05; 1.000000e+00; 1.739330e+05; 1.099441e+00
6.705000e+00; 1.393323e+05; 1.161564e+00; 1.766184e+05; 1.000000e+00; 1.757505e+05; 1.099253e+00
6.710000e+00; 1.402924e+05; 1.160629e+00; 1.786258e+05; 1.000000e+00; 1.775448e+05; 1.099041e+00
6.715000e+00; 1.412555e+05; 1.159689e+00; 1.806339e+05; 1.000000e+00; 1.793149e+05; 1.098805e+00
6.720000e+00; 1.422217e+05; 1.158744e+00; 1.826428e+05; 1.000000e+00; 1.810595e+05; 1.098543e+00
6.725000e+00; 1.431905e+05; 1.157795e+00; 1.846524e+05; 1.000000e+00; 1.827775e+05; 1.098254e+00
6.730000e+00; 1.441619e+05; 1.156842e+00; 1.866629e+05; 1.000000e+00; 1.844679e+05; 1.097937e+00
6.735000e+00; 1.451357e+05; 1.155885e+00; 1.886744e+05; 1.000000e+00; 1.861300e+05; 1.097592e+00
6.740000e+00; 1.461118e+05; 1.154925e+00; 1.906867e+05; 1.000000e+00; 1.877629e+05; 1.097217e+00
6.745000e+00; 1.470898e+05; 1.153961e+00; 1.927001e+05; 1.000000e+00; 1.893663e+05; 1.096813e+00
6.750000e+00; 1.480698e+05; 1.152994e+00; 1.947146e+05; 1.000000e+00; 1.909396e+05; 1.096379e+00
6.755000e+00; 1.490516e+05; 1.152025e+00; 1.967302e+05; 1.000000e+00; 1.924828e+05; 1.095914e+00
6.760000e+00; 1.500350e+05; 1.151053e+00; 1.987469e+05; 1.000000e+00; 1.939958e+05; 1.095419e+00
6.765000e+00; 1.510199e+05; 1.150078e+00; 2.007649e+05; 1.000000e+00; 1.954787e+05; 1.094894e+00
6.770000e+00; 1.520062e+05; 1.149101e+00; 2.027840e+05; 1.000000e+00; 1.969319e+05; 1.094340e+00
6.775000e+00; 1.529937e+05; 1.148122e+00; 2.048044e+05; 1.000000e+00; 1.983559e+05; 1.093756e+00
6.780000e+00; 1.539824e+05; 1.147141e+00; 2.068261e+05; 1.000000e+00; 1.997512e+05; 1.093144e+00
6.785000e+00; 1.549722e+05; 1.146158e+00; 2.088489e+05; 1.000000e+00; 2.011186e+05; 1.092505e+00
6.790000e+00; 1.559630e+05; 1.145174e+00; 2.108730e+05; 1.000000e+00; 2.024591e+05; 1.091838e+00
6.795000e+00; 1.569547e+05; 1.144188e+00; 2.128982e+05; 1.000000e+00; 2.037736e+05; 1.091146e+00
6.800000e+00; 1.579472e+05; 1.143201e+00; 2.149245e+05; 1.000000e+00; 2.050632e+05; 1.090429e+00
6.805000e+00; 1.589405e+05; 1.142212e+00; 2.169518e+05; 1.000000e+00; 2.063292e+05; 1.089689e+00
6.810000e+00; 1.599344e+05; 1.141223e+00; 2.189798e+05; 1.000000e+00; 2.075728e+05; 1.088927e+00
6.815000e+00; 1.609290e+05; 1.140232e+00; 2.210084e+05; 1.000000e+00; 2.087952e+05; 1.088144e+00
6.820000e+00; 1.619241e+05; 1.139240e+00; 2.230374e+05; 1.000000e+00; 2.099978e+05; 1.087341e+00
6.825000e+00; 1.629197e+05; 1.138248e+00; 2.250665e+05; 1.000000e+00; 2.111820e+05; 1.086520e+00
6.830000e+00; 1.639159e+05; 1.137254e+00; 2.270953e+05; 1.000000e+00; 2.123491e+05; 1.085683e+00
6.835000e+00; 1.649124e+05; 1.136260e+00; 2.291233e+05; 1.000000e+00; 2.135003e+05; 1.084829e+00
6.840000e+00; 1.659093e+05; 1.135266e+00; 2.311500e+05; 1.000000e+00; 2.146369e+05; 1.083962e+00
6.845000e+00; 1.669066e+05; 1.134270e+00; 2.331749e+05; 1.000000e+00; 2.157602e+05; 1.083081e+00
6.850000e+00; 1.679041e+05; 1.133275e+00; 2.351972e+05; 1.000000e+00; 2.168714e+05; 1.082188e+00
6.855000e+00; 1.689020e+05; 1.132278e+00; 2.372161e+05; 1.000000e+00; 2.179716e+05; 1.081285e+00
6.860000e+00; 1.699001e+05; 1.131281e+00; 2.392307e+05; 1.000000e+00; 2.190619e+05; 1.080372e+00
6.865000e+00; 1.708984e+05; 1.130284e+00; 2.412400e+05; 1.000000e+00; 2.201432e+05; 1.079450e+00
6.870000e+00; 1.718969e+05; 1.129287e+00; 2.432429e+05; 1.000000e+00; 2.212165e+05; 1.078520e+00
6.875000e+00; 1.728956e+05; 1.128289e+00; 2.452380e+05; 1.000000e+00; 2.222826e+05; 1.077583e+00
6.880000e+00; 1.738945e+05; 1.127291e+00; 2.472240e+05; 1.000000e+00; 2.233424e+05; 1.076639e+00
6.885000e+00; 1.748935e+05; 1.126293e+00; 2.491992e+05; 1.000000e+00; 2.243964e+05; 1.075690e+00
6.890000e+00; 1.758927e+05; 1.125294e+00; 2.511621e+05; 1.000000e+00; 2.254455e+05; 1.074736e+00
6.895000e+00; 1.768919e+05; 1.124295e+00; 2.531108e+05; 1.000000e+00; 2.264901e+05; 1.073777e+00
6.900000e+00; 1.778913e+05; 1.123296e+00; 2.550433e+05; 1.000000e+00; 2.275307e+05; 1.072814e+00
6.905000e+00; 1.788908e+05; 1.122297e+00; 2.569577e+05; 1.000000e+00; 2.285679e+05; 1.071848e+00
6.910000e+00; 1.798903e+05; 1.121298e+00; 2.588516e+05; 1.000000e+00; 2.296021e+05; 1.070878e+00
6.915000e+00; 1.808899e+05; 1.120299e+00; 2.607230e+05; 1.000000e+00; 2.306335e+05; 1.069905e+00
6.920000e+00; 1.818896e+05; 1.119299e+00; 2.625693e+05; 1.000000e+00; 2.316626e+05; 1.068930e+00
6.925000e+00; 1.828893e+05; 1.118300e+00; 2.643881e+05; 1.000000e+00; 2.326896e+05; 1.067952e+00
6.930000e+00; 1.838891e+05; 1.117300e+00; 2.661771e+05; 1.000000e+00; 2.337148e+05; 1.066972e+00
6.935000e+00; 1.848889e+05; 1.116300e+00; 2.679335e+05; 1.000000e+00; 2.347384e+05; 1.065990e+00
6.940000e+00; 1.858887e+05; 1.115300e+00; 2.696550e+05; 1.000000e+00; 2.357606e+05; 1.065006e+00
6.945000e+00; 1.868886e+05; 1.114300e+00; 2.713390e+05; 1.000000e+00; 2.367815e+05; 1.064020e+00
6.950000e+00; 1.878885e+05; 1.113301e+00; 2.729831e+05; 1.000000e+00; 2.378014e+05; 1.063033e+00
6.955000e+00; 1.888884e+05; 1.112301e+00; 2.745848e+05; 1.000000e+00; 2.388203e+05; 1.062044e+00
6.960000e+00; 1.898883e+05; 1.111301e+00; 2.761420e+05; 1.000000e+00; 2.398384e+05; 1.061054e+00
6.965000e+00; 1.908883e+05; 1.110300e+00; 2.776524e+05; 1.000000e+00; 2.408558e+05; 1.060063e+00
6.970000e+00; 1.918882e+05; 1.109300e+00; 2.791140e+05; 1.000000e+00; 2.418727e+05; 1.059070e+00
6.975000e+00; 1.928882e+05; 1.108300e+00; 2.805251e+05; 1.000000e+00; 2.428890e+05; 1.058075e+00
6.980000e+00; 1.938882e+05; 1.107300e+00; 2.818840e+05; 1.000000e+00; 2.439049e+05; 1.057080e+00
6.985000e+00; 1.948881e+05; 1.106300e+00; 2.831893e+05; 1.000000e+00; 2.449204e+05; 1.056083e+00
6.990000e+00; 1.958881e+05; 1.105300e+00; 2.844399e+05; 1.000000e+00; 2.459357e+05; 1.055085e+00
6.995000e+00; 1.968880e+05; 1.104299e+00; 2.856350e+05; 1.000000e+00; 2.469508e+05; 1.054086e+00
7.000000e+00; 1.978880e+05; 1.103299e+00; 2.867739e+05; 1.000000e+00; 2.479658e+05; 1.053086e+00
7.005000e+00; 1.988879e+05; 1.102299e+00; 2.878563e+05; 1.000000e+00; 2.489807e+05; 1.052085e+00
7.010000e+00; 1.998879e+05; 1.101298e+00; 2.888821e+05; 1.000000e+00; 2.499956e+05; 1.051082e+00
7.015000e+00; 2.008878e+05; 1.100298e+00; 2.898516e+05; 1.000000e+00; 2.510105e+05; 1.050079e+00
7.020000e+00; 2.018877e+05; 1.099297e+00; 2.907653e+05; 1.000000e+00; 2.520255e+05; 1.049074e+00
7.025000e+00; 2.028875e+05; 1.098297e+00; 2.916240e+05; 1.000000e+00; 2.530405e+05; 1.048069e+00
7.030000e+00; 2.038874e+05; 1.097296e+00; 2.924287e+05; 1.000000e+00; 2.540556e+05; 1.047063e+00
7.035000e+00; 2.048872e+05; 1.096296e+00; 2.931807e+05; 1.000000e+00; 2.550708e+05; 1.046056e+00
7.040000e+00; 2.058870e+05; 1.095295e+00; 2.938814e+05; 1.000000e+00; 2.560861e+05; 1.045048e+00
7.045000e+00; 2.068867e+05; 1.094294e+00; 2.945326e+05; 1.000000e+00; 2.571014e+05; 1.044039e+00
7.050000e+00; 2.078864e+05; 1.093293e+00; 2.951360e+05; 1.000000e+00; 2.581168e+05; 1.043030e+00
7.055000e+00; 2.088860e+05; 1.092292e+00; 2.956938e+05; 1.000000e+00; 2.591321e+05; 1.042020e+00
7.060000e+00; 2.098856e+05; 1.091291e+00; 2.962079e+05; 1.000000e+00; 2.601472e+05; 1.041010e+00
7.065000e+00; 2.108851e+05; 1.090290e+00; 2.966807e+05; 1.000000e+00; 2.611621e+05; 1.040000e+00
7.070000e+00; 2.118846e+05; 1.089289e+00; 2.971143e+05; 1.000000e+00; 2.621766e+05; 1.038990e+00
7.075000e+00; 2.128839e+05; 1.088287e+00; 2.975112e+05; 1.000000e+00; 2.631905e+05; 1.037980e+00
7.080000e+00; 2.138832e+05; 1.087286e+00; 2.978735e+05; 1.000000e+00; 2.642036e+05; 1.036970e+00
7.085000e+00; 2.148823e+05; 1.086284e+00; 2.982037e+05; 1.000000e+00; 2.652157e+05; 1.035961e+00
7.090000e+00; 2.158814e+05; 1.085282e+00; 2.985041e+05; 1.000000e+00; 2.662264e+05; 1.034954e+00
7.095000e+00; 2.168803e+05; 1.084280e+00; 2.987768e+05; 1.000000e+00; 2.672356e+05; 1.033947e+00
7.100000e+00; 2.178790e+05; 1.083277e+00; 2.990240e+05; 1.000000e+00; 2.682427e+05; 1.032943e+00
7.105000e+00; 2.188777e+05; 1.082275e+00; 2.992478e+05; 1.000000e+00; 2.692474e+05; 1.031941e+00
7.110000e+00; 2.198761e+05; 1.081271e+00; 2.994503e+05; 1.000000e+00; 2.702491e+05; 1.030942e+00
7.115000e+00; 2.208743e+05; 1.080268e+00; 2.996333e+05; 1.000000e+00; 2.712474e+05; 1.029946e+00
7.120000e+00; 2.218724e+05; 1.079264e+00; 2.997986e+05; 1.000000e+00; 2.722416e+05; 1.028954e+00
7.125000e+00; 2.228702e+05; 1.078260e+00; 2.999479e+05; 1.000000e+00; 2.732312e+05; 1.027967e+00
7.130000e+00; 2.238677e+05; 1.077256e+00; 3.000827e+05; 1.000000e+00; 2.742154e+05; 1.026986e+00
7.135000e+00; 2.248649e+05; 1.076250e+00; 3.002044e+05; 1.000000e+00; 2.751934e+05; 1.026010e+00
7.140000e+00; 2.258619e+05; 1.075245e+00; 3.003145e+05; 1.000000e+00; 2.761645e+05; 1.025042e+00
7.145000e+00; 2.268584e+05; 1.074238e+00; 3.004140e+05; 1.000000e+00; 2.771277e+05; 1.024082e+00
7.150000e+00; 2.278546e+05; 1.073231e+00; 3.005041e+05; 1.000000e+00; 2.780822e+05; 1.023130e+00
7.155000e+00; 2.288504e+05; 1.072224e+00; 3.005857e+05; 1.000000e+00; 2.790270e+05; 1.022189e+00
7.160000e+00; 2.298457e+05; 1.071215e+00; 3.006598e+05; 1.000000e+00; 2.799611e+05; 1.021258e+00
7.165000e+00; 2.308406e+05; 1.070206e+00; 3.007272e+05; 1.000000e+00; 2.808834e+05; 1.020339e+00
7.170000e+00; 2.318348e+05; 1.069196e+00; 3.007885e+05; 1.000000e+00; 2.817929e+05; 1.019433e+00
7.175000e+00; 2.328285e+05; 1.068184e+00; 3.008444e+05; 1.000000e+00; 2.826884e+05; 1.018542e+00
7.180000e+00; 2.338215e+05; 1.067172e+00; 3.008954e+05; 1.000000e+00; 2.835688e+05; 1.017666e+00
7.185000e+00; 2.348138e+05; 1.066158e+00; 3.009421e+05; 1.000000e+00; 2.844331e+05; 1.016806e+00
7.190000e+00; 2.358054e+05; 1.065143e+00; 3.009849e+05; 1.000000e+00; 2.852801e+05; 1.015964e+00
7.195000e+00; 2.367960e+05; 1.064127e+00; 3.010242e+05; 1.000000e+00; 2.861086e+05; 1.015140e+00
7.200000e+00; 2.377858e+05; 1.063109e+00; 3.010603e+05; 1.000000e+00; 2.869177e+05; 1.014336e+00
7.205000e+00; 2.387746e+05; 1.062090e+00; 3.010935e+05; 1.000000e+00; 2.877063e+05; 1.013553e+00
7.210000e+00; 2.397623e+05; 1.061068e+00; 3.011240e+05; 1.000000e+00; 2.884734e+05; 1.012791e+00
7.215000e+00; 2.407488e+05; 1.060045e+00; 3.011522e+05; 1.000000e+00; 2.892180e+05; 1.012052e+00
7.220000e+00; 2.417340e+05; 1.059020e+00; 3.011781e+05; 1.000000e+00; 2.899394e+05; 1.011337e+00
7.225000e+00; 2.427179e+05; 1.057992e+00; 3.012021e+05; 1.000000e+00; 2.906367e+05; 1.010646e+00
7.230000e+00; 2.437002e+05; 1.056962e+00; 3.012242e+05; 1.000000e+00; 2.913092e+05; 1.009979e+00
7.235000e+00; 2.446809e+05; 1.055930e+00; 3.012445e+05; 1.000000e+00; 2.919563e+05; 1.009338e+00
7.240000e+00; 2.456599e+05; 1.054895e+00; 3.012633e+05; 1.000000e+00; 2.925776e+05; 1.008723e+00
7.245000e+00; 2.466369e+05; 1.053857e+00; 3.012807e+05; 1.000000e+00; 2.931727e+05; 1.008134e+00
7.250000e+00; 2.476119e+05; 1.052816e+00; 3.012966e+05; 1.000000e+00; 2.937413e+05; 1.007572e+00
7.255000e+00; 2.485847e+05; 1.051772e+00; 3.013113e+05; 1.000000e+00; 2.942832e+05; 1.007036e+00
7.260000e+00; 2.495550e+05; 1.050724e+00; 3.013249e+05; 1.000000e+00; 2.947983e+05; 1.006527e+00
7.265000e+00; 2.505227e+05; 1.049673e+00; 3.013373e+05; 1.000000e+00; 2.952869e+05; 1.006045e+00
7.270000e+00; 2.514875e+05; 1.048618e+00; 3.013487e+05; 1.000000e+00; 2.957491e+05; 1.005588e+00
7.275000e+00; 2.524493e+05; 1.047559e+00; 3.013592e+05; 1.000000e+00; 2.961851e+05; 1.005158e+00
7.280000e+00; 2.534078e+05; 1.046497e+00; 3.013688e+05; 1.000000e+00; 2.965955e+05; 1.004753e+00
7.285000e+00; 2.543626e+05; 1.045429e+00; 3.013776e+05; 1.000000e+00; 2.969807e+05; 1.004373e+00
7.290000e+00; 2.553136e+05; 1.044358e+00; 3.013856e+05; 1.000000e+00; 2.973413e+05; 1.004017e+00
7.295000e+00; 2.562603e+05; 1.043282e+00; 3.013929e+05; 1.000000e+00; 2.976780e+05; 1.003685e+00
7.300000e+00; 2.572024e+05; 1.042201e+00; 3.013996e+05; 1.000000e+00; 2.979917e+05; 1.003376e+00
7.305000e+00; 2.581396e+05; 1.041115e+00; 3.014057e+05; 1.000000e+00; 2.982831e+05; 1.003088e+00
7.310000e+00; 2.590715e+05; 1.040024e+00; 3.014112e+05; 1.000000e+00; 2.985532e+05; 1.002821e+00
7.315000e+00; 2.599975e+05; 1.038928e+00; 3.014162e+05; 1.000000e+00; 2.988028e+05; 1.002574e+00
7.320000e+00; 2.609173e+05; 1.037827e+00; 3.014207e+05; 1.000000e+00; 2.990330e+05; 1.002347e+00
7.325000e+00; 2.618302e+05; 1.036720e+00; 3.014247e+05; 1.000000e+00; 2.992448e+05; 1.002137e+00
7.330000e+00; 2.627359e+05; 1.035608e+00; 3.014284e+05; 1.000000e+00; 2.994391e+05; 1.001944e+00
7.335000e+00; 2.636335e+05; 1.034491e+00; 3.014317e+05; 1.000000e+00; 2.996171e+05; 1.001766e+00
7.340000e+00; 2.645226e+05; 1.033369e+00; 3.014347e+05; 1.000000e+00; 2.997796e+05; 1.001604e+00
7.345000e+00; 2.654024e+05; 1.032242e+00; 3.014373e+05; 1.000000e+00; 2.999278e+05; 1.001455e+00
7.350000e+00; 2.662723e+05; 1.031109e+00; 3.014397e+05; 1.000000e+00; 3.000625e+05; 1.001319e+00
7.355000e+00; 2.671313e+05; 1.029972e+00; 3.014418e+05; 1.000000e+00; 3.001848e+05; 1.001195e+00
7.360000e+00; 2.679787e+05; 1.028830e+00; 3.014437e+05; 1.000000e+00; 3.002955e+05; 1.001082e+00
7.365000e+00; 2.688137e+05; 1.027683e+00; 3.014453e+05; 1.000000e+00; 3.003955e+05; 1.000978e+00
7.370000e+00; 2.696352e+05; 1.026532e+00; 3.014468e+05; 1.000000e+00; 3.004857e+05; 1.000883e+00
7.375000e+00; 2.704423e+05; 1.025377e+00; 3.014480e+05; 1.000000e+00; 3.005668e+05; 1.000797e+00
7.380000e+00; 2.712340e+05; 1.024219e+00; 3.014492e+05; 1.000000e+00; 3.006395e+05; 1.000718e+00
7.385000e+00; 2.720092e+05; 1.023058e+00; 3.014501e+05; 1.000000e+00; 3.007046e+05; 1.000645e+00
7.390000e+00; 2.727669e+05; 1.021894e+00; 3.014510e+05; 1.000000e+00; 3.007627e+05; 1.000579e+00
7.395000e+00; 2.735058e+05; 1.020728e+00; 3.014517e+05; 1.000000e+00; 3.008144e+05; 1.000518e+00
7.400000e+00; 2.742247e+05; 1.019561e+00; 3.014523e+05; 1.000000e+00; 3.008600e+05; 1.000461e+00
7.405000e+00; 2.749225e+05; 1.018393e+00; 3.014528e+05; 1.000000e+00; 3.009003e+05; 1.000408e+00
7.410000e+00; 2.755979e+05; 1.017225e+00; 3.014533e+05; 1.000000e+00; 3.009355e+05; 1.000359e+00
7.415000e+00; 2.762496e+05; 1.016057e+00; 3.014536e+05; 1.000000e+00; 3.009660e+05; 1.000314e+00
7.420000e+00; 2.768764e+05; 1.014891e+00; 3.014539e+05; 1.000000e+00; 3.009922e+05; 1.000270e+00
7.425000e+00; 2.774770e+05; 1.013727e+00; 3.014541e+05; 1.000000e+00; 3.010144e+05; 1.000229e+00
7.430000e+00; 2.780501e+05; 1.012565e+00; 3.014542e+05; 1.000000e+00; 3.010328e+05; 1.000190e+00
7.435000e+00; 2.785944e+05; 1.011406e+00; 3.014543e+05; 1.000000e+00; 3.010476e+05; 1.000152e+00
7.440000e+00; 2.791088e+05; 1.010252e+00; 3.014543e+05; 1.000000e+00; 3.010590e+05; 1.000115e+00
7.445000e+00; 2.795920e+05; 1.009103e+00; 3.014543e+05; 1.000000e+00; 3.010671e+05; 1.000080e+00
7.450000e+00; 2.800428e+05; 1.007960e+00; 3.014542e+05; 1.000000e+00; 3.010720e+05; 1.000044e+00
7.455000e+00; 2.804602e+05; 1.006823e+00; 3.014541e+05; 1.000000e+00; 3.010738e+05; 1.000009e+00
7.460000e+00; 2.808430e+05; 1.005693e+00; 3.014540e+05; 1.000000e+00; 3.010726e+05; 9.999738e-01
7.465000e+00; 2.811903e+05; 1.004571e+00; 3.014538e+05; 1.000000e+00; 3.010684e+05; 9.999384e-01
7.470000e+00; 2.815013e+05; 1.003457e+00; 3.014535e+05; 1.000000e+00; 3.010611e+05; 9.999023e-01
7.475000e+00; 2.816403e+05; 1.002156e+00; 3.014532e+05; 1.000000e+00; 3.010509e+05; 9.998656e-01
7.480000e+00; 2.819018e+05; 1.001213e+00; 3.014529e+05; 1.000000e+00; 3.010376e+05; 9.998278e-01
7.485000e+00; 2.821260e+05; 1.000043e+00; 3.014525e+05; 1.000000e+00; 3.010211e+05; 9.997887e-01
7.490000e+00; 2.822850e+05; 9.990608e-01; 3.014520e+05; 1.000000e+00; 3.010015e+05; 9.997482e-01
7.495000e+00; 2.824515e+05; 9.979739e-01; 3.014515e+05; 1.000000e+00; 3.009785e+05; 9.997059e-01
7.500000e+00; 2.825164e+05; 9.969481e-01; 3.014509e+05; 1.000000e+00; 3.009522e+05; 9.996618e-01
7.505000e+00; 2.826127e+05; 9.959464e-01; 3.014503e+05; 1.000000e+00; 3.009224e+05; 9.996154e-01
7.510000e+00; 2.825950e+05; 9.948838e-01; 3.014496e+05; 1.000000e+00; 3.008890e+05; 9.995666e-01
7.515000e+00; 2.826082e+05; 9.939520e-01; 3.014488e+05; 1.000000e+00; 3.008518e+05; 9.995152e-01
7.520000e+00; 2.825197e+05; 9.928744e-01; 3.014479e+05; 1.000000e+00; 3.008106e+05; 9.994609e-01
7.525000e+00; 2.824404e+05; 9.919841e-01; 3.014469e+05; 1.000000e+00; 3.007653e+05; 9.994034e-01
7.530000e+00; 2.822897e+05; 9.909209e-01; 3.014458e+05; 1.000000e+00; 3.007158e+05; 9.993425e-01
7.535000e+00; 2.821147e+05; 9.900402e-01; 3.014445e+05; 1.000000e+00; 3.006618e+05; 9.992780e-01
7.540000e+00; 2.819055e+05; 9.890181e-01; 3.014431e+05; 1.000000e+00; 3.006031e+05; 9.992095e-01
7.545000e+00; 2.816385e+05; 9.881211e-01; 3.014416e+05; 1.000000e+00; 3.005395e+05; 9.991368e-01
7.550000e+00; 2.812857e+05; 9.870339e-01; 3.014399e+05; 1.000000e+00; 3.004708e+05; 9.990597e-01
7.555000e+00; 2.809746e+05; 9.862353e-01; 3.014380e+05; 1.000000e+00; 3.003968e+05; 9.989778e-01
7.560000e+00; 2.806101e+05; 9.851861e-01; 3.014359e+05; 1.000000e+00; 3.003172e+05; 9.988908e-01
7.565000e+00; 2.802008e+05; 9.843625e-01; 3.014335e+05; 1.000000e+00; 3.002317e+05; 9.987985e-01
7.570000e+00; 2.796298e+05; 9.831361e-01; 3.014309e+05; 1.000000e+00; 3.001402e+05; 9.987005e-01
7.575000e+00; 2.791453e+05; 9.824143e-01; 3.014280e+05; 1.000000e+00; 3.000423e+05; 9.985966e-01
7.580000e+00; 2.786543e+05; 9.813166e-01; 3.014247e+05; 1.000000e+00; 2.999379e+05; 9.984864e-01
7.585000e+00; 2.781125e+05; 9.805662e-01; 3.014211e+05; 1.000000e+00; 2.998265e+05; 9.983696e-01
7.590000e+00; 2.775636e+05; 9.794984e-01; 3.014171e+05; 1.000000e+00; 2.997079e+05; 9.982460e-01
7.595000e+00; 2.769692e+05; 9.787363e-01; 3.014127e+05; 1.000000e+00; 2.995819e+05; 9.981151e-01
7.600000e+00; 2.763681e+05; 9.776872e-01; 3.014077e+05; 1.000000e+00; 2.994481e+05; 9.979768e-01
7.605000e+00; 2.757256e+05; 9.769155e-01; 3.014022e+05; 1.000000e+00; 2.993063e+05; 9.978305e-01
7.610000e+00; 2.750773e+05; 9.758799e-01; 3.013962e+05; 1.000000e+00; 2.991561e+05; 9.976761e-01
7.615000e+00; 2.743914e+05; 9.750984e-01; 3.013894e+05; 1.000000e+00; 2.989972e+05; 9.975132e-01
7.620000e+00; 2.737006e+05; 9.740725e-01; 3.013820e+05; 1.000000e+00; 2.988294e+05; 9.973414e-01
7.625000e+00; 2.729756e+05; 9.732804e-01; 3.013738e+05; 1.000000e+00; 2.986523e+05; 9.971605e-01
7.630000e+00; 2.722469e+05; 9.722614e-01; 3.013647e+05; 1.000000e+00; 2.984656e+05; 9.969701e-01
7.635000e+00; 2.714871e+05; 9.714579e-01; 3.013546e+05; 1.000000e+00; 2.982690e+05; 9.967700e-01
7.640000e+00; 2.707244e+05; 9.704437e-01; 3.013436e+05; 1.000000e+00; 2.980623e+05; 9.965597e-01
7.645000e+00; 2.699337e+05; 9.696281e-01; 3.013314e+05; 1.000000e+00; 2.978450e+05; 9.963389e-01
7.650000e+00; 2.691411e+05; 9.686167e-01; 3.013180e+05; 1.000000e+00; 2.976170e+05; 9.961074e-01
7.655000e+00; 2.683231e+05; 9.677887e-01; 3.013032e+05; 1.000000e+00; 2.973778e+05; 9.958648e-01
7.660000e+00; 2.675039e+05; 9.667787e-01; 3.012870e+05; 1.000000e+00; 2.971271e+05; 9.956108e-01
7.665000e+00; 2.666618e+05; 9.659382e-01; 3.012692e+05; 1.000000e+00; 2.968647e+05; 9.953449e-01
7.670000e+00; 2.658192e+05; 9.649285e-01; 3.012496e+05; 1.000000e+00; 2.965901e+05; 9.950670e-01
7.675000e+00; 2.649560e+05; 9.640755e-01; 3.012282e+05; 1.000000e+00; 2.963030e+05; 9.947765e-01
7.680000e+00; 2.640928e+05; 9.630653e-01; 3.012048e+05; 1.000000e+00; 2.960031e+05; 9.944732e-01
7.685000e+00; 2.632110e+05; 9.622003e-01; 3.011792e+05; 1.000000e+00; 2.956900e+05; 9.941567e-01
7.690000e+00; 2.623298e+05; 9.611891e-01; 3.011512e+05; 1.000000e+00; 2.953635e+05; 9.938268e-01
7.695000e+00; 2.614318e+05; 9.603123e-01; 3.011207e+05; 1.000000e+00; 2.950234e+05; 9.934833e-01
7.700000e+00; 2.605346e+05; 9.593000e-01; 3.010874e+05; 1.000000e+00; 2.946695e+05; 9.931261e-01
7.705000e+00; 2.596224e+05; 9.584121e-01; 3.010512e+05; 1.000000e+00; 2.943020e+05; 9.927554e-01
7.710000e+00; 2.587113e+05; 9.573984e-01; 3.010118e+05; 1.000000e+00; 2.939209e+05; 9.923711e-01
7.715000e+00; 2.577866e+05; 9.565000e-01; 3.009689e+05; 1.000000e+00; 2.935264e+05; 9.919737e-01
7.720000e+00; 2.568634e+05; 9.554850e-01; 3.009224e+05; 1.000000e+00; 2.931190e+05; 9.915635e-01
7.725000e+00; 2.559278e+05; 9.545769e-01; 3.008719e+05; 1.000000e+00; 2.926989e+05; 9.911407e-01
7.730000e+00; 2.549939e+05; 9.535607e-01; 3.008172e+05; 1.000000e+00; 2.922665e+05; 9.907057e-01
7.735000e+00; 2.540488e+05; 9.526436e-01; 3.007580e+05; 1.000000e+00; 2.918219e+05; 9.902586e-01
7.740000e+00; 2.531056e+05; 9.516263e-01; 3.006940e+05; 1.000000e+00; 2.913651e+05; 9.897995e-01
7.745000e+00; 2.521522e+05; 9.507010e-01; 3.006249e+05; 1.000000e+00; 2.908962e+05; 9.893281e-01
7.750000e+00; 2.512009e+05; 9.496829e-01; 3.005502e+05; 1.000000e+00; 2.904148e+05; 9.888443e-01
7.755000e+00; 2.502403e+05; 9.487501e-01; 3.004697e+05; 1.000000e+00; 2.899205e+05; 9.883476e-01
7.760000e+00; 2.492819e+05; 9.477313e-01; 3.003830e+05; 1.000000e+00; 2.894129e+05; 9.878373e-01
7.765000e+00; 2.483151e+05; 9.467918e-01; 3.002897e+05; 1.000000e+00; 2.888912e+05; 9.873131e-01
7.770000e+00; 2.473505e+05; 9.457726e-01; 3.001894e+05; 1.000000e+00; 2.883549e+05; 9.867742e-01
7.775000e+00; 2.463783e+05; 9.448270e-01; 3.000817e+05; 1.000000e+00; 2.878034e+05; 9.862201e-01
7.780000e+00; 2.454083e+05; 9.438076e-01; 2.999662e+05; 1.000000e+00; 2.872362e+05; 9.856503e-01
7.785000e+00; 2.444315e+05; 9.428565e-01; 2.998424e+05; 1.000000e+00; 2.866529e+05; 9.850645e-01
7.790000e+00; 2.434569e+05; 9.418371e-01; 2.997098e+05; 1.000000e+00; 2.860533e+05; 9.844624e-01
7.795000e+00; 2.424761e+05; 9.408811e-01; 2.995679e+05; 1.000000e+00; 2.854372e+05; 9.838441e-01
7.800000e+00; 2.414975e+05; 9.398619e-01; 2.994164e+05; 1.000000e+00; 2.848048e+05; 9.832098e-01
7.805000e+00; 2.405134e+05; 9.389015e-01; 2.992546e+05; 1.000000e+00; 2.841564e+05; 9.825599e-01
7.810000e+00; 2.395313e+05; 9.378826e-01; 2.990821e+05; 1.000000e+00; 2.834925e+05; 9.818949e-01
7.815000e+00; 2.385442e+05; 9.369183e-01; 2.988982e+05; 1.000000e+00; 2.828138e+05; 9.812155e-01
7.820000e+00; 2.375593e+05; 9.358999e-01; 2.987026e+05; 1.000000e+00; 2.821211e+05; 9.805226e-01
7.825000e+00; 2.365698e+05; 9.349321e-01; 2.984945e+05; 1.000000e+00; 2.814149e+05; 9.798168e-01
7.830000e+00; 2.355823e+05; 9.339142e-01; 2.982735e+05; 1.000000e+00; 2.806962e+05; 9.790990e-01
7.835000e+00; 2.345907e+05; 9.329433e-01; 2.980390e+05; 1.000000e+00; 2.799655e+05; 9.783698e-01
7.840000e+00; 2.336011e+05; 9.319260e-01; 2.977903e+05; 1.000000e+00; 2.792235e+05; 9.776298e-01
7.845000e+00; 2.326078e+05; 9.309524e-01; 2.975270e+05; 1.000000e+00; 2.784705e+05; 9.768794e-01
7.850000e+00; 2.316164e+05; 9.299358e-01; 2.972483e+05; 1.000000e+00; 2.777069e+05; 9.761190e-01
7.855000e+00; 2.306217e+05; 9.289597e-01; 2.969536e+05; 1.000000e+00; 2.769329e+05; 9.753489e-01
7.860000e+00; 2.296288e+05; 9.279438e-01; 2.966425e+05; 1.000000e+00; 2.761486e+05; 9.745692e-01
7.865000e+00; 2.286328e+05; 9.269655e-01; 2.963142e+05; 1.000000e+00; 2.753542e+05; 9.737801e-01
7.870000e+00; 2.276387e+05; 9.259504e-01; 2.959681e+05; 1.000000e+00; 2.745498e+05; 9.729818e-01
7.875000e+00; 2.266417e+05; 9.249701e-01; 2.956036e+05; 1.000000e+00; 2.737354e+05; 9.721746e-01
7.880000e+00; 2.256465e+05; 9.239557e-01; 2.952200e+05; 1.000000e+00; 2.729113e+05; 9.713585e-01
7.885000e+00; 2.246488e+05; 9.229738e-01; 2.948168e+05; 1.000000e+00; 2.720776e+05; 9.705340e-01
7.890000e+00; 2.236527e+05; 9.219601e-01; 2.943933e+05; 1.000000e+00; 2.712345e+05; 9.697013e-01
7.895000e+00; 2.226543e+05; 9.209766e-01; 2.939489e+05; 1.000000e+00; 2.703823e+05; 9.688606e-01
7.900000e+00; 2.216575e+05; 9.199637e-01; 2.934829e+05; 1.000000e+00; 2.695210e+05; 9.680124e-01
7.905000e+00; 2.206586e+05; 9.189788e-01; 2.929948e+05; 1.000000e+00; 2.686510e+05; 9.671570e-01
7.910000e+00; 2.196611e+05; 9.179667e-01; 2.924839e+05; 1.000000e+00; 2.677725e+05; 9.662947e-01
7.915000e+00; 2.186618e+05; 9.169805e-01; 2.919497e+05; 1.000000e+00; 2.668857e+05; 9.654259e-01
7.920000e+00; 2.176639e+05; 9.159691e-01; 2.913917e+05; 1.000000e+00; 2.659908e+05; 9.645511e-01
7.925000e+00; 2.166642e+05; 9.149817e-01; 2.908093e+05; 1.000000e+00; 2.650882e+05; 9.636704e-01
7.930000e+00; 2.156658e+05; 9.139711e-01; 2.902022e+05; 1.000000e+00; 2.641779e+05; 9.627844e-01
7.935000e+00; 2.146659e+05; 9.129827e-01; 2.895699e+05; 1.000000e+00; 2.632602e+05; 9.618934e-01
7.940000e+00; 2.136672e+05; 9.119727e-01; 2.889123e+05; 1.000000e+00; 2.623353e+05; 9.609978e-01
7.945000e+00; 2.126670e+05; 9.109834e-01; 2.882290e+05; 1.000000e+00; 2.614034e+05; 9.600979e-01
7.950000e+00; 2.116680e+05; 9.099741e-01; 2.875198e+05; 1.000000e+00; 2.604647e+05; 9.591942e-01
7.955000e+00; 2.106677e+05; 9.089840e-01; 2.867849e+05; 1.000000e+00; 2.595192e+05; 9.582870e-01
7.960000e+00; 2.096684e+05; 9.079753e-01; 2.860239e+05; 1.000000e+00; 2.585672e+05; 9.573767e-01
7.965000e+00; 2.086679e+05; 9.069844e-01; 2.852371e+05; 1.000000e+00; 2.576088e+05; 9.564636e-01
7.970000e+00; 2.076684e+05; 9.059764e-01; 2.844244e+05; 1.000000e+00; 2.566441e+05; 9.555481e-01
7.975000e+00; 2.066678e+05; 9.049848e-01; 2.835857e+05; 1.000000e+00; 2.556732e+05; 9.546307e-01
7.980000e+00; 2.056681e+05; 9.039774e-01; 2.827210e+05; 1.000000e+00; 2.546962e+05; 9.537116e-01
7.985000e+00; 2.046674e+05; 9.029852e-01; 2.818302e+05; 1.000000e+00; 2.537131e+05; 9.527912e-01
7.990000e+00; 2.036675e+05; 9.019783e-01; 2.809132e+05; 1.000000e+00; 2.527241e+05; 9.518700e-01
7.995000e+00; 2.026667e+05; 9.009856e-01; 2.799696e+05; 1.000000e+00; 2.517291e+05; 9.509482e-01
8.000000e+00; 2.016666e+05; 8.999793e-01; 2.789993e+05; 1.000000e+00; 2.507282e+05; 9.500263e-01
8.005000e+00; 2.006657e+05; 8.989861e-01; 2.780016e+05; 1.000000e+00; 2.497214e+05; 9.491046e-01
8.010000e+00; 1.996654e+05; 8.979803e-01; 2.769763e+05; 1.000000e+00; 2.487088e+05; 9.481834e-01
8.015000e+00; 1.986643e+05; 8.969867e-01; 2.759229e+05; 1.000000e+00; 2.476902e+05; 9.472632e-01
8.020000e+00; 1.976639e+05; 8.959814e-01; 2.748409e+05; 1.000000e+00; 2.466656e+05; 9.463443e-01
8.025000e+00; 1.966626e+05; 8.949874e-01; 2.737299e+05; 1.000000e+00; 2.456351e+05; 9.454270e-01
8.030000e+00; 1.956619e+05; 8.939826e-01; 2.725896e+05; 1.000000e+00; 2.445984e+05; 9.445118e-01
8.035000e+00; 1.946605e+05; 8.929884e-01; 2.714199e+05; 1.000000e+00; 2.435556e+05; 9.435990e-01
8.040000e+00; 1.936595e+05; 8.919841e-01; 2.702205e+05; 1.000000e+00; 2.425066e+05; 9.426889e-01
8.045000e+00; 1.926579e+05; 8.909896e-01; 2.689917e+05; 1.000000e+00; 2.414512e+05; 9.417819e-01
8.050000e+00; 1.916566e+05; 8.899858e-01; 2.677335e+05; 1.000000e+00; 2.403893e+05; 9.408784e-01
8.055000e+00; 1.906547e+05; 8.889911e-01; 2.664465e+05; 1.000000e+00; 2.393208e+05; 9.399787e-01
8.060000e+00; 1.896531e+05; 8.879879e-01; 2.651311e+05; 1.000000e+00; 2.382455e+05; 9.390833e-01
8.065000e+00; 1.886508e+05; 8.869931e-01; 2.637881e+05; 1.000000e+00; 2.371632e+05; 9.381924e-01
8.070000e+00; 1.876488e+05; 8.859904e-01; 2.624180e+05; 1.000000e+00; 2.360739e+05; 9.373064e-01
8.075000e+00; 1.866460e+05; 8.849956e-01; 2.610218e+05; 1.000000e+00; 2.349773e+05; 9.364257e-01
8.080000e+00; 1.856435e+05; 8.839934e-01; 2.596003e+05; 1.000000e+00; 2.338731e+05; 9.355507e-01
8.085000e+00; 1.846403e+05; 8.829986e-01; 2.581543e+05; 1.000000e+00; 2.327613e+05; 9.346816e-01
8.090000e+00; 1.836371e+05; 8.819971e-01; 2.566848e+05; 1.000000e+00; 2.316416e+05; 9.338190e-01
8.095000e+00; 1.826333e+05; 8.810025e-01; 2.551924e+05; 1.000000e+00; 2.305137e+05; 9.329630e-01
8.100000e+00; 1.816294e+05; 8.800017e-01; 2.536780e+05; 1.000000e+00; 2.293774e+05; 9.321142e-01
8.105000e+00; 1.806248e+05; 8.790073e-01; 2.521423e+05; 1.000000e+00; 2.282326e+05; 9.312727e-01
8.110000e+00; 1.796201e+05; 8.780072e-01; 2.505860e+05; 1.000000e+00; 2.270788e+05; 9.304391e-01
8.115000e+00; 1.786145e+05; 8.770131e-01; 2.490096e+05; 1.000000e+00; 2.259160e+05; 9.296136e-01
8.120000e+00; 1.776088e+05; 8.760139e-01; 2.474137e+05; 1.000000e+00; 2.247438e+05; 9.287966e-01
8.125000e+00; 1.766021e+05; 8.750203e-01; 2.457989e+05; 1.000000e+00; 2.235620e+05; 9.279884e-01
8.130000e+00; 1.755952e+05; 8.740220e-01; 2.441657e+05; 1.000000e+00; 2.223702e+05; 9.271895e-01
8.135000e+00; 1.745872e+05; 8.730290e-01; 2.425146e+05; 1.000000e+00; 2.211684e+05; 9.264000e-01
8.140000e+00; 1.735788e+05; 8.720318e-01; 2.408461e+05; 1.000000e+00; 2.199561e+05; 9.256203e-01
8.145000e+00; 1.725694e+05; 8.710397e-01; 2.391607e+05; 1.000000e+00; 2.187331e+05; 9.248508e-01
8.150000e+00; 1.715593e+05; 8.700437e-01; 2.374590e+05; 1.000000e+00; 2.174992e+05; 9.240917e-01
8.155000e+00; 1.705480e+05; 8.690525e-01; 2.357415e+05; 1.000000e+00; 2.162542e+05; 9.233434e-01
8.160000e+00; 1.695360e+05; 8.680580e-01; 2.340086e+05; 1.000000e+00; 2.149977e+05; 9.226061e-01
8.165000e+00; 1.685226e+05; 8.670681e-01; 2.322610e+05; 1.000000e+00; 2.137296e+05; 9.218801e-01
8.170000e+00; 1.675083e+05; 8.660751e-01; 2.304992e+05; 1.000000e+00; 2.124497e+05; 9.211657e-01
8.175000e+00; 1.664925e+05; 8.650867e-01; 2.287237e+05; 1.000000e+00; 2.111577e+05; 9.204630e-01
8.180000e+00; 1.654755e+05; 8.640957e-01; 2.269352e+05; 1.000000e+00; 2.098536e+05; 9.197722e-01
8.185000e+00; 1.644569e+05; 8.631091e-01; 2.251341e+05; 1.000000e+00; 2.085371e+05; 9.190936e-01
8.190000e+00; 1.634370e+05; 8.621203e-01; 2.233209e+05; 1.000000e+00; 2.072081e+05; 9.184272e-01
8.195000e+00; 1.624151e+05; 8.611358e-01; 2.214964e+05; 1.000000e+00; 2.058665e+05; 9.177733e-01
8.200000e+00; 1.613917e+05; 8.601496e-01; 2.196609e+05; 1.000000e+00; 2.045121e+05; 9.171320e-01
8.205000e+00; 1.603663e+05; 8.591677e-01; 2.178149e+05; 1.000000e+00; 2.031449e+05; 9.165033e-01
8.210000e+00; 1.593390e+05; 8.581846e-01; 2.159591e+05; 1.000000e+00; 2.017648e+05; 9.158874e-01
8.215000e+00; 1.583094e+05; 8.572057e-01; 2.140939e+05; 1.000000e+00; 2.003717e+05; 9.152844e-01
8.220000e+00; 1.572777e+05; 8.562260e-01; 2.122197e+05; 1.000000e+00; 1.989656e+05; 9.146944e-01
8.225000e+00; 1.562435e+05; 8.552508e-01; 2.103371e+05; 1.000000e+00; 1.975463e+05; 9.141174e-01
8.230000e+00; 1.552070e+05; 8.542752e-01; 2.084465e+05; 1.000000e+00; 1.961138e+05; 9.135535e-01
8.235000e+00; 1.541676e+05; 8.533042e-01; 2.065483e+05; 1.000000e+00; 1.946679e+05; 9.130029e-01
8.240000e+00; 1.531257e+05; 8.523335e-01; 2.046430e+05; 1.000000e+00; 1.932086e+05; 9.124657e-01
8.245000e+00; 1.520807e+05; 8.513675e-01; 2.027309e+05; 1.000000e+00; 1.917359e+05; 9.119419e-01
8.250000e+00; 1.510329e+05; 8.504023e-01; 2.008125e+05; 1.000000e+00; 1.902494e+05; 9.114317e-01
8.255000e+00; 1.499817e+05; 8.494422e-01; 1.988881e+05; 1.000000e+00; 1.887493e+05; 9.109352e-01
8.260000e+00; 1.489275e+05; 8.484835e-01; 1.969582e+05; 1.000000e+00; 1.872352e+05; 9.104525e-01
8.265000e+00; 1.478697e+05; 8.475303e-01; 1.950230e+05; 1.000000e+00; 1.857073e+05; 9.099838e-01
8.270000e+00; 1.468085e+05; 8.465792e-01; 1.930828e+05; 1.000000e+00; 1.841652e+05; 9.095290e-01
8.275000e+00; 1.457436e+05; 8.456340e-01; 1.911381e+05; 1.000000e+00; 1.826091e+05; 9.090883e-01
8.280000e+00; 1.446752e+05; 8.446917e-01; 1.891890e+05; 1.000000e+00; 1.810388e+05; 9.086616e-01
8.285000e+00; 1.436028e+05; 8.437559e-01; 1.872359e+05; 1.000000e+00; 1.794543e+05; 9.082491e-01
8.290000e+00; 1.425266e+05; 8.428239e-01; 1.852791e+05; 1.000000e+00; 1.778557e+05; 9.078507e-01
8.295000e+00; 1.414464e+05; 8.418991e-01; 1.833188e+05; 1.000000e+00; 1.762430e+05; 9.074662e-01
8.300000e+00; 1.403623e+05; 8.409789e-01; 1.813552e+05; 1.000000e+00; 1.746164e+05; 9.070955e-01
8.305000e+00; 1.392741e+05; 8.400667e-01; 1.793886e+05; 1.000000e+00; 1.729759e+05; 9.067386e-01
8.310000e+00; 1.381819e+05; 8.391603e-01; 1.774192e+05; 1.000000e+00; 1.713218e+05; 9.063952e-01
8.315000e+00; 1.370856e+05; 8.382627e-01; 1.754471e+05; 1.000000e+00; 1.696542e+05; 9.060650e-01
8.320000e+00; 1.359853e+05; 8.373721e-01; 1.734727e+05; 1.000000e+00; 1.679735e+05; 9.057478e-01
8.325000e+00; 1.348810e+05; 8.364914e-01; 1.714960e+05; 1.000000e+00; 1.662800e+05; 9.054433e-01
8.330000e+00; 1.337728e+05; 8.356190e-01; 1.695173e+05; 1.000000e+00; 1.645738e+05; 9.051511e-01
8.335000e+00; 1.326607e+05; 8.347576e-01; 1.675367e+05; 1.000000e+00; 1.628554e+05; 9.048710e-01
8.340000e+00; 1.315449e+05; 8.339059e-01; 1.655543e+05; 1.000000e+00; 1.611251e+05; 9.046027e-01
8.345000e+00; 1.304254e+05; 8.330666e-01; 1.635704e+05; 1.000000e+00; 1.593831e+05; 9.043457e-01
8.350000e+00; 1.293026e+05; 8.322384e-01; 1.615849e+05; 1.000000e+00; 1.576299e+05; 9.040997e-01
8.355000e+00; 1.281764e+05; 8.314241e-01; 1.595981e+05; 1.000000e+00; 1.558658e+05; 9.038644e-01
8.360000e+00; 1.270473e+05; 8.306227e-01; 1.576100e+05; 1.000000e+00; 1.540910e+05; 9.036394e-01
8.365000e+00; 1.259153e+05; 8.298367e-01; 1.556208e+05; 1.000000e+00; 1.523059e+05; 9.034245e-01
8.370000e+00; 1.247809e+05; 8.290653e-01; 1.536305e+05; 1.000000e+00; 1.505108e+05; 9.032193e-01
8.375000e+00; 1.236442e+05; 8.283110e-01; 1.516393e+05; 1.000000e+00; 1.487060e+05; 9.030235e-01
8.380000e+00; 1.225057e+05; 8.275731e-01; 1.496472e+05; 1.000000e+00; 1.468917e+05; 9.028368e-01
8.385000e+00; 1.213656e+05; 8.268541e-01; 1.476543e+05; 1.000000e+00; 1.450683e+05; 9.026590e-01
8.390000e+00; 1.202245e+05; 8.261535e-01; 1.456607e+05; 1.000000e+00; 1.432360e+05; 9.024896e-01
8.395000e+00; 1.190826e+05; 8.254736e-01; 1.436665e+05; 1.000000e+00; 1.413951e+05; 9.023285e-01
8.400000e+00; 1.179404e+05; 8.248141e-01; 1.416716e+05; 1.000000e+00; 1.395458e+05; 9.021753e-01
8.405000e+00; 1.167984e+05; 8.241772e-01; 1.396762e+05; 1.000000e+00; 1.376885e+05; 9.020298e-01
8.410000e+00; 1.156572e+05; 8.235626e-01; 1.376803e+05; 1.000000e+00; 1.358233e+05; 9.018917e-01
8.415000e+00; 1.145171e+05; 8.229725e-01; 1.356839e+05; 1.000000e+00; 1.339506e+05; 9.017607e-01
8.420000e+00; 1.133788e+05; 8.224067e-01; 1.336871e+05; 1.000000e+00; 1.320706e+05; 9.016365e-01
8.425000e+00; 1.122427e+05; 8.218674e-01; 1.316900e+05; 1.000000e+00; 1.301835e+05; 9.015190e-01
8.430000e+00; 1.111094e+05; 8.213542e-01; 1.296926e+05; 1.000000e+00; 1.282896e+05; 9.014077e-01
8.435000e+00; 1.099796e+05; 8.208692e-01; 1.276948e+05; 1.000000e+00; 1.263892e+05; 9.013024e-01
8.440000e+00; 1.088536e+05; 8.204122e-01; 1.256968e+05; 1.000000e+00; 1.244825e+05; 9.012029e-01
8.445000e+00; 1.077321e+05; 8.199850e-01; 1.236985e+05; 1.000000e+00; 1.225698e+05; 9.011089e-01
8.450000e+00; 1.066157e+05; 8.195876e-01; 1.217000e+05; 1.000000e+00; 1.206514e+05; 9.010201e-01
8.455000e+00; 1.055047e+05; 8.192215e-01; 1.197013e+05; 1.000000e+00; 1.187274e+05; 9.009363e-01
8.460000e+00; 1.043996e+05; 8.188866e-01; 1.177025e+05; 1.000000e+00; 1.167982e+05; 9.008573e-01
8.465000e+00; 1.033010e+05; 8.185843e-01; 1.157034e+05; 1.000000e+00; 1.148640e+05; 9.007828e-01
8.470000e+00; 1.022091e+05; 8.183146e-01; 1.137043e+05; 1.000000e+00; 1.129251e+05; 9.007127e-01
8.475000e+00; 1.011244e+05; 8.180786e-01; 1.117049e+05; 1.000000e+00; 1.109816e+05; 9.006466e-01
8.480000e+00; 1.000470e+05; 8.178761e-01; 1.097055e+05; 1.000000e+00; 1.090339e+05; 9.005844e-01
8.485000e+00; 9.897721e+04; 8.177082e-01; 1.077060e+05; 1.000000e+00; 1.070822e+05; 9.005259e-01
8.490000e+00; 9.791518e+04; 8.175745e-01; 1.057063e+05; 1.000000e+00; 1.051267e+05; 9.004710e-01
8.495000e+00; 9.686097e+04; 8.174759e-01; 1.037066e+05; 1.000000e+00; 1.031677e+05; 9.004195e-01
8.500000e+00; 9.581464e+04; 8.174120e-01; 1.017067e+05; 1.000000e+00; 1.012055e+05; 9.003712e-01
8.505000e+00; 9.477610e+04; 8.173835e-01; 9.970681e+04; 1.000000e+00; 9.924025e+04; 9.003261e-01
8.510000e+00; 9.374531e+04; 8.173898e-01; 9.770681e+04; 1.000000e+00; 9.727226e+04; 9.002840e-01
8.515000e+00; 9.272207e+04; 8.174314e-01; 9.570673e+04; 1.000000e+00; 9.530178e+04; 9.002449e-01
8.520000e+00; 9.170624e+04; 8.175076e-01; 9.370657e+04; 1.000000e+00; 9.332909e+04; 9.002087e-01
8.525000e+00; 9.069756e+04; 8.176187e-01; 9.170634e+04; 1.000000e+00; 9.135445e+04; 9.001753e-01
8.530000e+00; 8.969578e+04; 8.177640e-01; 8.970603e+04; 1.000000e+00; 8.937815e+04; 9.001448e-01
8.535000e+00; 8.870060e+04; 8.179435e-01; 8.770564e+04; 1.000000e+00; 8.740048e+04; 9.001171e-01
8.540000e+00; 8.771175e+04; 8.181564e-01; 8.570517e+04; 1.000000e+00; 8.542174e+04; 9.000923e-01
8.545000e+00; 8.672887e+04; 8.184026e-01; 8.370463e+04; 1.000000e+00; 8.344224e+04; 9.000704e-01
8.550000e+00; 8.575167e+04; 8.186812e-01; 8.170399e+04; 1.000000e+00; 8.146232e+04; 9.000516e-01
8.555000e+00; 8.477981e+04; 8.189920e-01; 7.970327e+04; 1.000000e+00; 7.948231e+04; 9.000359e-01
8.560000e+00; 8.381298e+04; 8.193338e-01; 7.770244e+04; 1.000000e+00; 7.750258e+04; 9.000235e-01
8.565000e+00; 8.285083e+04; 8.197064e-01; 7.570152e+04; 1.000000e+00; 7.552350e+04; 9.000145e-01
8.570000e+00; 8.189308e+04; 8.201086e-01; 7.370049e+04; 1.000000e+00; 7.354546e+04; 9.000093e-01
8.575000e+00; 8.093938e+04; 8.205400e-01; 7.169933e+04; 1.000000e+00; 7.156888e+04; 9.000079e-01
8.580000e+00; 7.998944e+04; 8.209995e-01; 6.969805e+04; 1.000000e+00; 6.959418e+04; 9.000106e-01
8.585000e+00; 7.904293e+04; 8.214864e-01; 6.769664e+04; 1.000000e+00; 6.762182e+04; 9.000178e-01
8.590000e+00; 7.809955e+04; 8.219997e-01; 6.569507e+04; 1.000000e+00; 6.565228e+04; 9.000299e-01
8.595000e+00; 7.715899e+04; 8.225387e-01; 6.369335e+04; 1.000000e+00; 6.368605e+04; 9.000470e-01
8.600000e+00; 7.622093e+04; 8.231022e-01; 6.169146e+04; 1.000000e+00; 6.172365e+04; 9.000697e-01
8.605000e+00; 7.528506e+04; 8.236895e-01; 5.968938e+04; 1.000000e+00; 5.976562e+04; 9.000983e-01
8.610000e+00; 7.435106e+04; 8.242996e-01; 5.768710e+04; 1.000000e+00; 5.781252e+04; 9.001333e-01
8.615000e+00; 7.341862e+04; 8.249317e-01; 5.568461e+04; 1.000000e+00; 5.586493e+04; 9.001752e-01
8.620000e+00; 7.248742e+04; 8.255846e-01; 5.368190e+04; 1.000000e+00; 5.392346e+04; 9.002245e-01
8.625000e+00; 7.155714e+04; 8.262577e-01; 5.167894e+04; 1.000000e+00; 5.198873e+04; 9.002817e-01
8.630000e+00; 7.062748e+04; 8.269498e-01; 4.967572e+04; 1.000000e+00; 5.006139e+04; 9.003475e-01
8.635000e+00; 6.969812e+04; 8.276604e-01; 4.767223e+04; 1.000000e+00; 4.814210e+04; 9.004222e-01
8.640000e+00; 6.876877e+04; 8.283882e-01; 4.566845e+04; 1.000000e+00; 4.623152e+04; 9.005067e-01
8.645000e+00; 6.783915e+04; 8.291327e-01; 4.366436e+04; 1.000000e+00; 4.433036e+04; 9.006015e-01
8.650000e+00; 6.690898e+04; 8.298928e-01; 4.165995e+04; 1.000000e+00; 4.243931e+04; 9.007072e-01
8.655000e+00; 6.597800e+04; 8.306679e-01; 3.965520e+04; 1.000000e+00; 4.055907e+04; 9.008244e-01
8.660000e+00; 6.504598e+04; 8.314570e-01; 3.765010e+04; 1.000000e+00; 3.869038e+04; 9.009540e-01
8.665000e+00; 6.411270e+04; 8.322596e-01; 3.564463e+04; 1.000000e+00; 3.683393e+04; 9.010964e-01
8.670000e+00; 6.317796e+04; 8.330748e-01; 3.363879e+04; 1.000000e+00; 3.499044e+04; 9.012525e-01
8.675000e+00; 6.224159e+04; 8.339020e-01; 3.163256e+04; 1.000000e+00; 3.316063e+04; 9.014228e-01
8.680000e+00; 6.130343e+04; 8.347404e-01; 2.962594e+04; 1.000000e+00; 3.134519e+04; 9.016080e-01
8.685000e+00; 6.036335e+04; 8.355895e-01; 2.761892e+04; 1.000000e+00; 2.954479e+04; 9.018088e-01
8.690000e+00; 5.942125e+04; 8.364486e-01; 2.561151e+04; 1.000000e+00; 2.776011e+04; 9.020257e-01
8.695000e+00; 5.847704e+04; 8.373171e-01; 2.360371e+04; 1.000000e+00; 2.599179e+04; 9.022594e-01
8.700000e+00; 5.753065e+04; 8.381945e-01; 2.159553e+04; 1.000000e+00; 2.424042e+04; 9.025105e-01
8.705000e+00; 5.658202e+04; 8.390803e-01; 1.958699e+04; 1.000000e+00; 2.250660e+04; 9.027794e-01
8.710000e+00; 5.563115e+04; 8.399738e-01; 1.757812e+04; 1.000000e+00; 2.079084e+04; 9.030668e-01
8.715000e+00; 5.467801e+04; 8.408747e-01; 1.556894e+04; 1.000000e+00; 1.909366e+04; 9.033731e-01
8.720000e+00; 5.372260e+04; 8.417825e-01; 1.355951e+04; 1.000000e+00; 1.741550e+04; 9.036986e-01
8.725000e+00; 5.276494e+04; 8.426968e-01; 1.154988e+04; 1.000000e+00; 1.575674e+04; 9.040438e-01
8.730000e+00; 5.180506e+04; 8.436171e-01; 9.540110e+03; 1.000000e+00; 1.411775e+04; 9.044089e-01
8.735000e+00; 5.084300e+04; 8.445432e-01; 7.530290e+03; 1.000000e+00; 1.249880e+04; 9.047944e-01
8.740000e+00; 4.987880e+04; 8.454745e-01; 5.520514e+03; 1.000000e+00; 1.090012e+04; 9.052002e-01
8.745000e+00; 4.891253e+04; 8.464108e-01; 3.510897e+03; 1.000000e+00; 9.321882e+03; 9.056266e-01
8.750000e+00; 4.794424e+04; 8.473517e-01; 1.501574e+03; 1.000000e+00; 7.764203e+03; 9.060737e-01
8.755000e+00; 4.697400e+04; 8.482970e-01; -5.073023e+02; 1.000000e+00; 6.227132e+03; 9.065416e-01
8.760000e+00; 4.600188e+04; 8.492463e-01; -2.515553e+03; 1.000000e+00; 4.710662e+03; 9.070301e-01
8.765000e+00; 4.502796e+04; 8.501995e-01; -4.522975e+03; 1.000000e+00; 3.214731e+03; 9.075392e-01
8.770000e+00; 4.405232e+04; 8.511561e-01; -6.529339e+03; 1.000000e+00; 1.739221e+03; 9.080688e-01
8.775000e+00; 4.307503e+04; 8.521161e-01; -8.534387e+03; 1.000000e+00; 2.839607e+02; 9.086186e-01
8.780000e+00; 4.209617e+04; 8.530791e-01; -1.053783e+04; 1.000000e+00; -1.151270e+03; 9.091886e-01
8.785000e+00; 4.111582e+04; 8.540450e-01; -1.253934e+04; 1.000000e+00; -2.566737e+03; 9.097783e-01
8.790000e+00; 4.013406e+04; 8.550135e-01; -1.453857e+04; 1.000000e+00; -3.962752e+03; 9.103875e-01
8.795000e+00; 3.915097e+04; 8.559845e-01; -1.653512e+04; 1.000000e+00; -5.339665e+03; 9.110157e-01
8.800000e+00; 3.816663e+04; 8.569579e-01; -1.852854e+04; 1.000000e+00; -6.697863e+03; 9.116627e-01
8.805000e+00; 3.718110e+04; 8.579333e-01; -2.051838e+04; 1.000000e+00; -8.037767e+03; 9.123280e-01
8.810000e+00; 3.619446e+04; 8.589108e-01; -2.250411e+04; 1.000000e+00; -9.359827e+03; 9.130111e-01
8.815000e+00; 3.520679e+04; 8.598901e-01; -2.448517e+04; 1.000000e+00; -1.066452e+04; 9.137116e-01
8.820000e+00; 3.421814e+04; 8.608711e-01; -2.646095e+04; 1.000000e+00; -1.195235e+04; 9.144290e-01
8.825000e+00; 3.322858e+04; 8.618537e-01; -2.843080e+04; 1.000000e+00; -1.322384e+04; 9.151626e-01
8.830000e+00; 3.223818e+04; 8.628378e-01; -3.039401e+04; 1.000000e+00; -1.447952e+04; 9.159121e-01
8.835000e+00; 3.124700e+04; 8.638233e-01; -3.234983e+04; 1.000000e+00; -1.571996e+04; 9.166769e-01
8.840000e+00; 3.025508e+04; 8.648099e-01; -3.429748e+04; 1.000000e+00; -1.694572e+04; 9.174563e-01
8.845000e+00; 2.926249e+04; 8.657978e-01; -3.623609e+04; 1.000000e+00; -1.815739e+04; 9.182499e-01
8.850000e+00; 2.826927e+04; 8.667867e-01; -3.816477e+04; 1.000000e+00; -1.935554e+04; 9.190570e-01
8.855000e+00; 2.727547e+04; 8.677766e-01; -4.008258e+04; 1.000000e+00; -2.054078e+04; 9.198771e-01
8.860000e+00; 2.628114e+04; 8.687675e-01; -4.198852e+04; 1.000000e+00; -2.171370e+04; 9.207095e-01
8.865000e+00; 2.528632e+04; 8.697591e-01; -4.388157e+04; 1.000000e+00; -2.287489e+04; 9.215538e-01
8.870000e+00; 2.429105e+04; 8.707515e-01; -4.576064e+04; 1.000000e+00; -2.402495e+04; 9.224093e-01
8.875000e+00; 2.329536e+04; 8.717447e-01; -4.762462e+04; 1.000000e+00; -2.516447e+04; 9.232754e-01
8.880000e+00; 2.229929e+04; 8.727385e-01; -4.947234e+04; 1.000000e+00; -2.629404e+04; 9.241516e-01
8.885000e+00; 2.130288e+04; 8.737329e-01; -5.130262e+04; 1.000000e+00; -2.741422e+04; 9.250373e-01
8.890000e+00; 2.030615e+04; 8.747278e-01; -5.311423e+04; 1.000000e+00; -2.852559e+04; 9.259320e-01
8.895000e+00; 1.930912e+04; 8.757233e-01; -5.490594e+04; 1.000000e+00; -2.962869e+04; 9.268352e-01
8.900000e+00; 1.831184e+04; 8.767192e-01; -5.667648e+04; 1.000000e+00; -3.072405e+04; 9.277462e-01
8.905000e+00; 1.731432e+04; 8.777155e-01; -5.842456e+04; 1.000000e+00; -3.181221e+04; 9.286647e-01
8.910000e+00; 1.631658e+04; 8.787122e-01; -6.014891e+04; 1.000000e+00; -3.289365e+04; 9.295901e-01
8.915000e+00; 1.531865e+04; 8.797093e-01; -6.184823e+04; 1.000000e+00; -3.396885e+04; 9.305219e-01
8.920000e+00; 1.432054e+04; 8.807067e-01; -6.352124e+04; 1.000000e+00; -3.503828e+04; 9.314598e-01
8.925000e+00; 1.332227e+04; 8.817044e-01; -6.516668e+04; 1.000000e+00; -3.610236e+04; 9.324033e-01
8.930000e+00; 1.232386e+04; 8.827024e-01; -6.678329e+04; 1.000000e+00; -3.716151e+04; 9.333519e-01
8.935000e+00; 1.132533e+04; 8.837006e-01; -6.836985e+04; 1.000000e+00; -3.821611e+04; 9.343054e-01
8.940000e+00; 1.032668e+04; 8.846991e-01; -6.992520e+04; 1.000000e+00; -3.926653e+04; 9.352632e-01
8.945000e+00; 9.327941e+03; 8.856977e-01; -7.144819e+04; 1.000000e+00; -4.031311e+04; 9.362252e-01
8.950000e+00; 8.329116e+03; 8.866966e-01; -7.293774e+04; 1.000000e+00; -4.135614e+04; 9.371909e-01
8.955000e+00; 7.330217e+03; 8.876957e-01; -7.439283e+04; 1.000000e+00; -4.239594e+04; 9.381600e-01
8.960000e+00; 6.331258e+03; 8.886949e-01; -7.581251e+04; 1.000000e+00; -4.343274e+04; 9.391323e-01
8.965000e+00; 5.332248e+03; 8.896943e-01; -7.719591e+04; 1.000000e+00; -4.446679e+04; 9.401074e-01
8.970000e+00; 4.333198e+03; 8.906939e-01; -7.854223e+04; 1.000000e+00; -4.549831e+04; 9.410851e-01
8.975000e+00; 3.334117e+03; 8.916936e-01; -7.985077e+04; 1.000000e+00; -4.652747e+04; 9.420652e-01
8.980000e+00; 2.335016e+03; 8.926934e-01; -8.112091e+04; 1.000000e+00; -4.755444e+04; 9.430473e-01
8.985000e+00; 1.335901e+03; 8.936934e-01; -8.235215e+04; 1.000000e+00; -4.857936e+04; 9.440313e-01
8.990000e+00; 3.367838e+02; 8.946936e-01; -8.354406e+04; 1.000000e+00; -4.960235e+04; 9.450169e-01
8.995000e+00; -6.623282e+02; 8.956938e-01; -8.469632e+04; 1.000000e+00; -5.062349e+04; 9.460039e-01
9.000000e+00; -1.661425e+03; 8.966943e-01; -8.580874e+04; 1.000000e+00; -5.164285e+04; 9.469921e-01
9.005000e+00; -2.660499e+03; 8.976948e-01; -8.688120e+04; 1.000000e+00; -5.266047e+04; 9.479812e-01
9.010000e+00; -3.659541e+03; 8.986955e-01; -8.791370e+04; 1.000000e+00; -5.367639e+04; 9.489711e-01
9.015000e+00; -4.658541e+03; 8.996964e-01; -8.890634e+04; 1.000000e+00; -5.469058e+04; 9.499615e-01
9.020000e+00; -5.657489e+03; 9.006974e-01; -8.985930e+04; 1.000000e+00; -5.570303e+04; 9.509521e-01
9.025000e+00; -6.656377e+03; 9.016986e-01; -9.077288e+04; 1.000000e+00; -5.671369e+04; 9.519428e-01
9.030000e+00; -7.655192e+03; 9.026999e-01; -9.164745e+04; 1.000000e+00; -5.772248e+04; 9.529333e-01
9.035000e+00; -8.653926e+03; 9.037015e-01; -9.248349e+04; 1.000000e+00; -5.872931e+04; 9.539234e-01
9.040000e+00; -9.652565e+03; 9.047032e-01; -9.328155e+04; 1.000000e+00; -5.973405e+04; 9.549127e-01
9.045000e+00; -1.065110e+04; 9.057052e-01; -9.404225e+04; 1.000000e+00; -6.073657e+04; 9.559011e-01
9.050000e+00; -1.164951e+04; 9.067074e-01; -9.476628e+04; 1.000000e+00; -6.173668e+04; 9.568882e-01
9.055000e+00; -1.264779e+04; 9.077098e-01; -9.545442e+04; 1.000000e+00; -6.273419e+04; 9.578738e-01
9.060000e+00; -1.364592e+04; 9.087126e-01; -9.610748e+04; 1.000000e+00; -6.372889e+04; 9.588574e-01
9.065000e+00; -1.464389e+04; 9.097156e-01; -9.672634e+04; 1.000000e+00; -6.472053e+04; 9.598389e-01
9.070000e+00; -1.564167e+04; 9.107189e-01; -9.731193e+04; 1.000000e+00; -6.570884e+04; 9.608178e-01
9.075000e+00; -1.663925e+04; 9.117226e-01; -9.786522e+04; 1.000000e+00; -6.669353e+04; 9.617937e-01
9.080000e+00; -1.763662e+04; 9.127267e-01; -9.838721e+04; 1.000000e+00; -6.767426e+04; 9.627663e-01
9.085000e+00; -1.863373e+04; 9.137312e-01; -9.887893e+04; 1.000000e+00; -6.865070e+04; 9.637351e-01
9.090000e+00; -1.963058e+04; 9.147361e-01; -9.934146e+04; 1.000000e+00; -6.962248e+04; 9.646998e-01
9.095000e+00; -2.062714e+04; 9.157415e-01; -9.977589e+04; 1.000000e+00; -7.058920e+04; 9.656599e-01
9.100000e+00; -2.162338e+04; 9.167474e-01; -1.001833e+05; 1.000000e+00; -7.155044e+04; 9.666148e-01
9.105000e+00; -2.261926e+04; 9.177539e-01; -1.005648e+05; 1.000000e+00; -7.250575e+04; 9.675642e-01
9.110000e+00; -2.361476e+04; 9.187609e-01; -1.009216e+05; 1.000000e+00; -7.345469e+04; 9.685076e-01
9.115000e+00; -2.460985e+04; 9.197687e-01; -1.012547e+05; 1.000000e+00; -7.439674e+04; 9.694443e-01
9.120000e+00; -2.560447e+04; 9.207771e-01; -1.015652e+05; 1.000000e+00; -7.533142e+04; 9.703738e-01
9.125000e+00; -2.659860e+04; 9.217863e-01; -1.018543e+05; 1.000000e+00; -7.625820e+04; 9.712956e-01
9.130000e+00; -2.759219e+04; 9.227963e-01; -1.021232e+05; 1.000000e+00; -7.717653e+04; 9.722092e-01
9.135000e+00; -2.858519e+04; 9.238072e-01; -1.023727e+05; 1.000000e+00; -7.808586e+04; 9.731139e-01
9.140000e+00; -2.957754e+04; 9.248190e-01; -1.026041e+05; 1.000000e+00; -7.898561e+04; 9.740091e-01
9.145000e+00; -3.056919e+04; 9.258318e-01; -1.028184e+05; 1.000000e+00; -7.987521e+04; 9.748943e-01
9.150000e+00; -3.156009e+04; 9.268457e-01; -1.030166e+05; 1.000000e+00; -8.075408e+04; 9.757688e-01
9.155000e+00; -3.255015e+04; 9.278608e-01; -1.031996e+05; 1.000000e+00; -8.162160e+04; 9.766321e-01
9.160000e+00; -3.353932e+04; 9.288770e-01; -1.033685e+05; 1.000000e+00; -8.247720e+04; 9.774834e-01
9.165000e+00; -3.452752e+04; 9.298946e-01; -1.035241e+05; 1.000000e+00; -8.332027e+04; 9.783223e-01
9.170000e+00; -3.551466e+04; 9.309135e-01; -1.036674e+05; 1.000000e+00; -8.415022e+04; 9.791480e-01
9.175000e+00; -3.650066e+04; 9.319340e-01; -1.037992e+05; 1.000000e+00; -8.496647e+04; 9.799601e-01
9.180000e+00; -3.748542e+04; 9.329559e-01; -1.039203e+05; 1.000000e+00; -8.576845e+04; 9.807579e-01
9.185000e+00; -3.846883e+04; 9.339795e-01; -1.040314e+05; 1.000000e+00; -8.655559e+04; 9.815409e-01
9.190000e+00; -3.945078e+04; 9.350049e-01; -1.041334e+05; 1.000000e+00; -8.732736e+04; 9.823085e-01
9.195000e+00; -4.043116e+04; 9.360321e-01; -1.042269e+05; 1.000000e+00; -8.808323e+04; 9.830602e-01
9.200000e+00; -4.140983e+04; 9.370612e-01; -1.043125e+05; 1.000000e+00; -8.882272e+04; 9.837956e-01
9.205000e+00; -4.238665e+04; 9.380923e-01; -1.043909e+05; 1.000000e+00; -8.954534e+04; 9.845141e-01
9.210000e+00; -4.336148e+04; 9.391255e-01; -1.044626e+05; 1.000000e+00; -9.025067e+04; 9.852153e-01
9.215000e+00; -4.433415e+04; 9.401610e-01; -1.045282e+05; 1.000000e+00; -9.093830e+04; 9.858989e-01
9.220000e+00; -4.530450e+04; 9.411988e-01; -1.045882e+05; 1.000000e+00; -9.160786e+04; 9.865645e-01
9.225000e+00; -4.627233e+04; 9.422389e-01; -1.046431e+05; 1.000000e+00; -9.225904e+04; 9.872117e-01
9.230000e+00; -4.723745e+04; 9.432816e-01; -1.046932e+05; 1.000000e+00; -9.289153e+04; 9.878403e-01
9.235000e+00; -4.819965e+04; 9.443269e-01; -1.047390e+05; 1.000000e+00; -9.350509e+04; 9.884501e-01
9.240000e+00; -4.915869e+04; 9.453749e-01; -1.047808e+05; 1.000000e+00; -9.409953e+04; 9.890409e-01
9.245000e+00; -5.011434e+04; 9.464256e-01; -1.048190e+05; 1.000000e+00; -9.467469e+04; 9.896125e-01
9.250000e+00; -5.106634e+04; 9.474792e-01; -1.048539e+05; 1.000000e+00; -9.523046e+04; 9.901649e-01
9.255000e+00; -5.201442e+04; 9.485358e-01; -1.048858e+05; 1.000000e+00; -9.576676e+04; 9.906980e-01
9.260000e+00; -5.295827e+04; 9.495953e-01; -1.049149e+05; 1.000000e+00; -9.628359e+04; 9.912118e-01
9.265000e+00; -5.389758e+04; 9.506580e-01; -1.049415e+05; 1.000000e+00; -9.678097e+04; 9.917064e-01
9.270000e+00; -5.483203e+04; 9.517237e-01; -1.049657e+05; 1.000000e+00; -9.725896e+04; 9.921819e-01
9.275000e+00; -5.576127e+04; 9.527927e-01; -1.049879e+05; 1.000000e+00; -9.771768e+04; 9.926384e-01
9.280000e+00; -5.668491e+04; 9.538648e-01; -1.050082e+05; 1.000000e+00; -9.815729e+04; 9.930761e-01
9.285000e+00; -5.760256e+04; 9.549402e-01; -1.050267e+05; 1.000000e+00; -9.857797e+04; 9.934953e-01
9.290000e+00; -5.851382e+04; 9.560188e-01; -1.050436e+05; 1.000000e+00; -9.897995e+04; 9.938961e-01
9.295000e+00; -5.941823e+04; 9.571008e-01; -1.050590e+05; 1.000000e+00; -9.936350e+04; 9.942789e-01
9.300000e+00; -6.031534e+04; 9.581859e-01; -1.050731e+05; 1.000000e+00; -9.972892e+04; 9.946441e-01
9.305000e+00; -6.120466e+04; 9.592743e-01; -1.050860e+05; 1.000000e+00; -1.000765e+05; 9.949920e-01
9.310000e+00; -6.208569e+04; 9.603659e-01; -1.050978e+05; 1.000000e+00; -1.004067e+05; 9.953230e-01
9.315000e+00; -6.295789e+04; 9.614606e-01; -1.051085e+05; 1.000000e+00; -1.007198e+05; 9.956376e-01
9.320000e+00; -6.382071e+04; 9.625583e-01; -1.051183e+05; 1.000000e+00; -1.010163e+05; 9.959361e-01
9.325000e+00; -6.467357e+04; 9.636590e-01; -1.051272e+05; 1.000000e+00; -1.012965e+05; 9.962191e-01
9.330000e+00; -6.551587e+04; 9.647626e-01; -1.051354e+05; 1.000000e+00; -1.015609e+05; 9.964871e-01
9.335000e+00; -6.634698e+04; 9.658689e-01; -1.051428e+05; 1.000000e+00; -1.018100e+05; 9.967406e-01
9.340000e+00; -6.716626e+04; 9.669778e-01; -1.051496e+05; 1.000000e+00; -1.020443e+05; 9.969802e-01
9.345000e+00; -6.797304e+04; 9.680891e-01; -1.051558e+05; 1.000000e+00; -1.022641e+05; 9.972063e-01
9.350000e+00; -6.876663e+04; 9.692026e-01; -1.051614e+05; 1.000000e+00; -1.024701e+05; 9.974195e-01
9.355000e+00; -6.954634e+04; 9.703181e-01; -1.051665e+05; 1.000000e+00; -1.026627e+05; 9.976204e-01
9.360000e+00; -7.031142e+04; 9.714355e-01; -1.051711e+05; 1.000000e+00; -1.028423e+05; 9.978097e-01
9.365000e+00; -7.106115e+04; 9.725544e-01; -1.051753e+05; 1.000000e+00; -1.030095e+05; 9.979877e-01
9.370000e+00; -7.179478e+04; 9.736746e-01; -1.051791e+05; 1.000000e+00; -1.031647e+05; 9.981552e-01
9.375000e+00; -7.251153e+04; 9.747959e-01; -1.051825e+05; 1.000000e+00; -1.033085e+05; 9.983127e-01
9.380000e+00; -7.321063e+04; 9.759179e-01; -1.051856e+05; 1.000000e+00; -1.034413e+05; 9.984608e-01
9.385000e+00; -7.389130e+04; 9.770403e-01; -1.051883e+05; 1.000000e+00; -1.035636e+05; 9.986000e-01
9.390000e+00; -7.455275e+04; 9.781628e-01; -1.051908e+05; 1.000000e+00; -1.036758e+05; 9.987310e-01
9.395000e+00; -7.519420e+04; 9.792851e-01; -1.051930e+05; 1.000000e+00; -1.037784e+05; 9.988542e-01
9.400000e+00; -7.581484e+04; 9.804068e-01; -1.051950e+05; 1.000000e+00; -1.038717e+05; 9.989703e-01
9.405000e+00; -7.641389e+04; 9.815276e-01; -1.051967e+05; 1.000000e+00; -1.039563e+05; 9.990798e-01
9.410000e+00; -7.699058e+04; 9.826471e-01; -1.051982e+05; 1.000000e+00; -1.040325e+05; 9.991833e-01
9.415000e+00; -7.754413e+04; 9.837650e-01; -1.051995e+05; 1.000000e+00; -1.041006e+05; 9.992812e-01
9.420000e+00; -7.807378e+04; 9.848809e-01; -1.052006e+05; 1.000000e+00; -1.041610e+05; 9.993740e-01
9.425000e+00; -7.857880e+04; 9.859945e-01; -1.052015e+05; 1.000000e+00; -1.042141e+05; 9.994624e-01
9.430000e+00; -7.905846e+04; 9.871054e-01; -1.052023e+05; 1.000000e+00; -1.042601e+05; 9.995467e-01
9.435000e+00; -7.951206e+04; 9.882132e-01; -1.052029e+05; 1.000000e+00; -1.042993e+05; 9.996275e-01
9.440000e+00; -7.993894e+04; 9.893177e-01; -1.052033e+05; 1.000000e+00; -1.043321e+05; 9.997052e-01
9.445000e+00; -8.033844e+04; 9.904184e-01; -1.052036e+05; 1.000000e+00; -1.043585e+05; 9.997803e-01
9.450000e+00; -8.070997e+04; 9.915151e-01; -1.052037e+05; 1.000000e+00; -1.043789e+05; 9.998532e-01
9.455000e+00; -8.105294e+04; 9.926076e-01; -1.052037e+05; 1.000000e+00; -1.043935e+05; 9.999243e-01
9.460000e+00; -8.136682e+04; 9.936954e-01; -1.052035e+05; 1.000000e+00; -1.044024e+05; 9.999940e-01
9.465000e+00; -8.165111e+04; 9.947785e-01; -1.052032e+05; 1.000000e+00; -1.044057e+05; 1.000063e+00
9.470000e+00; -8.190537e+04; 9.958565e-01; -1.052028e+05; 1.000000e+00; -1.044036e+05; 1.000131e+00
9.475000e+00; -8.212920e+04; 9.969293e-01; -1.052021e+05; 1.000000e+00; -1.043961e+05; 1.000199e+00
9.480000e+00; -8.232224e+04; 9.979966e-01; -1.052014e+05; 1.000000e+00; -1.043834e+05; 1.000268e+00
9.485000e+00; -8.248418e+04; 9.990584e-01; -1.052004e+05; 1.000000e+00; -1.043656e+05; 1.000336e+00
9.490000e+00; -8.261478e+04; 1.000114e+00; -1.051993e+05; 1.000000e+00; -1.043425e+05; 1.000406e+00
9.495000e+00; -8.271383e+04; 1.001165e+00; -1.051980e+05; 1.000000e+00; -1.043143e+05; 1.000477e+00
9.500000e+00; -8.274804e+04; 1.002258e+00; -1.051965e+05; 1.000000e+00; -1.042810e+05; 1.000550e+00
9.505000e+00; -8.281173e+04; 1.003227e+00; -1.051948e+05; 1.000000e+00; -1.042424e+05; 1.000624e+00
9.510000e+00; -8.282445e+04; 1.004296e+00; -1.051929e+05; 1.000000e+00; -1.041987e+05; 1.000701e+00
9.515000e+00; -8.281408e+04; 1.005260e+00; -1.051907e+05; 1.000000e+00; -1.041497e+05; 1.000780e+00
9.520000e+00; -8.277352e+04; 1.006305e+00; -1.051883e+05; 1.000000e+00; -1.040953e+05; 1.000862e+00
9.525000e+00; -8.266614e+04; 1.007311e+00; -1.051856e+05; 1.000000e+00; -1.040355e+05; 1.000948e+00
9.530000e+00; -8.251988e+04; 1.008375e+00; -1.051826e+05; 1.000000e+00; -1.039702e+05; 1.001037e+00
9.535000e+00; -8.236392e+04; 1.009341e+00; -1.051792e+05; 1.000000e+00; -1.038992e+05; 1.001129e+00
9.540000e+00; -8.218155e+04; 1.010375e+00; -1.051755e+05; 1.000000e+00; -1.038224e+05; 1.001226e+00
9.545000e+00; -8.196431e+04; 1.011337e+00; -1.051714e+05; 1.000000e+00; -1.037397e+05; 1.001327e+00
9.550000e+00; -8.172098e+04; 1.012357e+00; -1.051669e+05; 1.000000e+00; -1.036509e+05; 1.001433e+00
9.555000e+00; -8.144412e+04; 1.013312e+00; -1.051619e+05; 1.000000e+00; -1.035558e+05; 1.001543e+00
9.560000e+00; -8.114172e+04; 1.014320e+00; -1.051565e+05; 1.000000e+00; -1.034543e+05; 1.001659e+00
9.565000e+00; -8.080709e+04; 1.015268e+00; -1.051504e+05; 1.000000e+00; -1.033462e+05; 1.001781e+00
9.570000e+00; -8.044770e+04; 1.016266e+00; -1.051438e+05; 1.000000e+00; -1.032313e+05; 1.001908e+00
9.575000e+00; -8.005750e+04; 1.017209e+00; -1.051366e+05; 1.000000e+00; -1.031094e+05; 1.002042e+00
9.580000e+00; -7.964348e+04; 1.018197e+00; -1.051286e+05; 1.000000e+00; -1.029803e+05; 1.002181e+00
9.585000e+00; -7.920016e+04; 1.019135e+00; -1.051199e+05; 1.000000e+00; -1.028439e+05; 1.002328e+00
9.590000e+00; -7.873412e+04; 1.020115e+00; -1.051104e+05; 1.000000e+00; -1.026997e+05; 1.002481e+00
9.595000e+00; -7.824036e+04; 1.021048e+00; -1.051000e+05; 1.000000e+00; -1.025478e+05; 1.002642e+00
9.600000e+00; -7.772507e+04; 1.022022e+00; -1.050886e+05; 1.000000e+00; -1.023878e+05; 1.002810e+00
9.605000e+00; -7.718371e+04; 1.022952e+00; -1.050762e+05; 1.000000e+00; -1.022196e+05; 1.002986e+00
9.610000e+00; -7.662208e+04; 1.023920e+00; -1.050626e+05; 1.000000e+00; -1.020428e+05; 1.003170e+00
9.615000e+00; -7.603606e+04; 1.024848e+00; -1.050479e+05; 1.000000e+00; -1.018574e+05; 1.003362e+00
9.620000e+00; -7.543109e+04; 1.025811e+00; -1.050318e+05; 1.000000e+00; -1.016629e+05; 1.003563e+00
9.625000e+00; -7.480342e+04; 1.026738e+00; -1.050143e+05; 1.000000e+00; -1.014594e+05; 1.003773e+00
9.630000e+00; -7.415816e+04; 1.027698e+00; -1.049953e+05; 1.000000e+00; -1.012464e+05; 1.003992e+00
9.635000e+00; -7.349187e+04; 1.028624e+00; -1.049746e+05; 1.000000e+00; -1.010239e+05; 1.004220e+00
9.640000e+00; -7.280933e+04; 1.029581e+00; -1.049522e+05; 1.000000e+00; -1.007915e+05; 1.004457e+00
9.645000e+00; -7.210741e+04; 1.030509e+00; -1.049279e+05; 1.000000e+00; -1.005491e+05; 1.004705e+00
9.650000e+00; -7.139059e+04; 1.031464e+00; -1.049016e+05; 1.000000e+00; -1.002965e+05; 1.004962e+00
9.655000e+00; -7.065599e+04; 1.032393e+00; -1.048731e+05; 1.000000e+00; -1.000334e+05; 1.005230e+00
9.660000e+00; -6.990778e+04; 1.033348e+00; -1.048423e+05; 1.000000e+00; -9.975965e+04; 1.005508e+00
9.665000e+00; -6.914333e+04; 1.034278e+00; -1.048090e+05; 1.000000e+00; -9.947509e+04; 1.005797e+00
9.670000e+00; -6.836653e+04; 1.035234e+00; -1.047730e+05; 1.000000e+00; -9.917950e+04; 1.006096e+00
9.675000e+00; -6.757496e+04; 1.036166e+00; -1.047342e+05; 1.000000e+00; -9.887271e+04; 1.006407e+00
9.680000e+00; -6.677224e+04; 1.037123e+00; -1.046923e+05; 1.000000e+00; -9.855453e+04; 1.006729e+00
9.685000e+00; -6.595613e+04; 1.038058e+00; -1.046472e+05; 1.000000e+00; -9.822480e+04; 1.007062e+00
9.690000e+00; -6.513000e+04; 1.039016e+00; -1.045986e+05; 1.000000e+00; -9.788335e+04; 1.007407e+00
9.695000e+00; -6.429179e+04; 1.039955e+00; -1.045464e+05; 1.000000e+00; -9.753003e+04; 1.007764e+00
9.700000e+00; -6.344462e+04; 1.040915e+00; -1.044903e+05; 1.000000e+00; -9.716470e+04; 1.008132e+00
9.705000e+00; -6.258657e+04; 1.041858e+00; -1.044300e+05; 1.000000e+00; -9.678723e+04; 1.008513e+00
9.710000e+00; -6.172055e+04; 1.042820e+00; -1.043654e+05; 1.000000e+00; -9.639751e+04; 1.008906e+00
9.715000e+00; -6.084477e+04; 1.043766e+00; -1.042960e+05; 1.000000e+00; -9.599544e+04; 1.009311e+00
9.720000e+00; -5.996192e+04; 1.044731e+00; -1.042218e+05; 1.000000e+00; -9.558096e+04; 1.009728e+00
9.725000e+00; -5.907035e+04; 1.045681e+00; -1.041423e+05; 1.000000e+00; -9.515399e+04; 1.010157e+00
9.730000e+00; -5.817254e+04; 1.046649e+00; -1.040574e+05; 1.000000e+00; -9.471450e+04; 1.010599e+00
9.735000e+00; -5.726694e+04; 1.047603e+00; -1.039666e+05; 1.000000e+00; -9.426241e+04; 1.011053e+00
9.740000e+00; -5.635585e+04; 1.048574e+00; -1.038696e+05; 1.000000e+00; -9.379769e+04; 1.011520e+00
9.745000e+00; -5.543783e+04; 1.049532e+00; -1.037662e+05; 1.000000e+00; -9.332026e+04; 1.011999e+00
9.750000e+00; -5.451501e+04; 1.050506e+00; -1.036560e+05; 1.000000e+00; -9.283003e+04; 1.012491e+00
9.755000e+00; -5.358604e+04; 1.051468e+00; -1.035386e+05; 1.000000e+00; -9.232692e+04; 1.012995e+00
9.760000e+00; -5.265287e+04; 1.052444e+00; -1.034136e+05; 1.000000e+00; -9.181082e+04; 1.013513e+00
9.765000e+00; -5.171425e+04; 1.053410e+00; -1.032808e+05; 1.000000e+00; -9.128165e+04; 1.014043e+00
9.770000e+00; -5.077198e+04; 1.054388e+00; -1.031397e+05; 1.000000e+00; -9.073934e+04; 1.014586e+00
9.775000e+00; -4.982489e+04; 1.055358e+00; -1.029899e+05; 1.000000e+00; -9.018388e+04; 1.015142e+00
9.780000e+00; -4.887465e+04; 1.056339e+00; -1.028310e+05; 1.000000e+00; -8.961530e+04; 1.015710e+00
9.785000e+00; -4.792015e+04; 1.057312e+00; -1.026626e+05; 1.000000e+00; -8.903365e+04; 1.016291e+00
9.790000e+00; -4.696292e+04; 1.058295e+00; -1.024842e+05; 1.000000e+00; -8.843905e+04; 1.016885e+00
9.795000e+00; -4.600194e+04; 1.059271e+00; -1.022955e+05; 1.000000e+00; -8.783163e+04; 1.017491e+00
9.800000e+00; -4.503862e+04; 1.060257e+00; -1.020960e+05; 1.000000e+00; -8.721154e+04; 1.018109e+00
9.805000e+00; -4.407199e+04; 1.061235e+00; -1.018853e+05; 1.000000e+00; -8.657894e+04; 1.018740e+00
9.810000e+00; -4.310337e+04; 1.062224e+00; -1.016628e+05; 1.000000e+00; -8.593398e+04; 1.019382e+00
9.815000e+00; -4.213184e+04; 1.063204e+00; -1.014282e+05; 1.000000e+00; -8.527680e+04; 1.020035e+00
9.820000e+00; -4.115860e+04; 1.064194e+00; -1.011809e+05; 1.000000e+00; -8.460754e+04; 1.020700e+00
9.825000e+00; -4.018281e+04; 1.065178e+00; -1.009205e+05; 1.000000e+00; -8.392633e+04; 1.021376e+00
9.830000e+00; -3.920558e+04; 1.066169e+00; -1.006466e+05; 1.000000e+00; -8.323332e+04; 1.022064e+00
9.835000e+00; -3.822611e+04; 1.067154e+00; -1.003586e+05; 1.000000e+00; -8.252863e+04; 1.022762e+00
9.840000e+00; -3.724543e+04; 1.068147e+00; -1.000560e+05; 1.000000e+00; -8.181241e+04; 1.023470e+00
9.845000e+00; -3.626278e+04; 1.069135e+00; -9.973844e+04; 1.000000e+00; -8.108483e+04; 1.024189e+00
9.850000e+00; -3.527912e+04; 1.070129e+00; -9.940538e+04; 1.000000e+00; -8.034603e+04; 1.024918e+00
9.855000e+00; -3.429374e+04; 1.071118e+00; -9.905634e+04; 1.000000e+00; -7.959619e+04; 1.025657e+00
9.860000e+00; -3.330750e+04; 1.072113e+00; -9.869085e+04; 1.000000e+00; -7.883549e+04; 1.026406e+00
9.865000e+00; -3.231977e+04; 1.073103e+00; -9.830842e+04; 1.000000e+00; -7.806411e+04; 1.027164e+00
9.870000e+00; -3.133133e+04; 1.074099e+00; -9.790860e+04; 1.000000e+00; -7.728223e+04; 1.027931e+00
9.875000e+00; -3.034159e+04; 1.075091e+00; -9.749091e+04; 1.000000e+00; -7.649005e+04; 1.028706e+00
9.880000e+00; -2.935126e+04; 1.076088e+00; -9.705489e+04; 1.000000e+00; -7.568775e+04; 1.029490e+00
9.885000e+00; -2.835979e+04; 1.077081e+00; -9.660009e+04; 1.000000e+00; -7.487552e+04; 1.030283e+00
9.890000e+00; -2.736784e+04; 1.078078e+00; -9.612607e+04; 1.000000e+00; -7.405355e+04; 1.031083e+00
9.895000e+00; -2.637490e+04; 1.079072e+00; -9.563239e+04; 1.000000e+00; -7.322202e+04; 1.031890e+00
9.900000e+00; -2.538157e+04; 1.080070e+00; -9.511861e+04; 1.000000e+00; -7.238112e+04; 1.032705e+00
9.905000e+00; -2.438736e+04; 1.081065e+00; -9.458433e+04; 1.000000e+00; -7.153102e+04; 1.033527e+00
9.910000e+00; -2.339285e+04; 1.082063e+00; -9.402915e+04; 1.000000e+00; -7.067191e+04; 1.034355e+00
9.915000e+00; -2.239757e+04; 1.083058e+00; -9.345267e+04; 1.000000e+00; -6.980395e+04; 1.035189e+00
9.920000e+00; -2.140205e+04; 1.084057e+00; -9.285451e+04; 1.000000e+00; -6.892730e+04; 1.036029e+00
9.925000e+00; -2.040584e+04; 1.085053e+00; -9.223432e+04; 1.000000e+00; -6.804213e+04; 1.036875e+00
9.930000e+00; -1.940945e+04; 1.086053e+00; -9.159175e+04; 1.000000e+00; -6.714858e+04; 1.037725e+00
9.935000e+00; -1.841245e+04; 1.087049e+00; -9.092648e+04; 1.000000e+00; -6.624680e+04; 1.038581e+00
9.940000e+00; -1.741530e+04; 1.088048e+00; -9.023820e+04; 1.000000e+00; -6.533692e+04; 1.039441e+00
9.945000e+00; -1.641762e+04; 1.089045e+00; -8.952662e+04; 1.000000e+00; -6.441906e+04; 1.040305e+00
9.950000e+00; -1.541981e+04; 1.090045e+00; -8.879147e+04; 1.000000e+00; -6.349336e+04; 1.041172e+00
9.955000e+00; -1.442152e+04; 1.091042e+00; -8.803252e+04; 1.000000e+00; -6.255992e+04; 1.042044e+00
9.960000e+00; -1.342314e+04; 1.092041e+00; -8.724952e+04; 1.000000e+00; -6.161883e+04; 1.042918e+00
9.965000e+00; -1.242431e+04; 1.093039e+00; -8.644227e+04; 1.000000e+00; -6.067019e+04; 1.043795e+00
9.970000e+00; -1.142540e+04; 1.094038e+00; -8.561057e+04; 1.000000e+00; -5.971409e+04; 1.044674e+00
9.975000e+00; -1.042609e+04; 1.095036e+00; -8.475426e+04; 1.000000e+00; -5.875058e+04; 1.045555e+00
9.980000e+00; -9.426693e+03; 1.096036e+00; -8.387317e+04; 1.000000e+00; -5.777974e+04; 1.046438e+00
9.985000e+00; -8.426922e+03; 1.097033e+00; -8.296716e+04; 1.000000e+00; -5.680160e+04; 1.047322e+00
9.990000e+00; -7.427066e+03; 1.098033e+00; -8.203609e+04; 1.000000e+00; -5.581622e+04; 1.048207e+00
9.995000e+00; -6.426851e+03; 1.099031e+00; -8.107986e+04; 1.000000e+00; -5.482362e+04; 1.049092e+00
1.000000e+01; -5.426542e+03; 1.100030e+00; -8.009837e+04; 1.000000e+00; -5.382381e+04; 1.049978e+00
1.000500e+01; -4.425884e+03; 1.101028e+00; -7.909156e+04; 1.000000e+00; -5.281681e+04; 1.050864e+00
1.001000e+01; -3.425116e+03; 1.102027e+00; -7.805937e+04; 1.000000e+00; -5.180261e+04; 1.051749e+00
1.001500e+01; -2.423998e+03; 1.103025e+00; -7.700179e+04; 1.000000e+00; -5.078120e+04; 1.052633e+00
1.002000e+01; -1.422749e+03; 1.104024e+00; -7.591883e+04; 1.000000e+00; -4.975255e+04; 1.053515e+00
1.002500e+01; -4.211408e+02; 1.105022e+00; -7.481055e+04; 1.000000e+00; -4.871662e+04; 1.054397e+00
1.003000e+01; 5.806265e+02; 1.106021e+00; -7.367702e+04; 1.000000e+00; -4.767338e+04; 1.055276e+00
1.003500e+01; 1.582769e+03; 1.107018e+00; -7.251838e+04; 1.000000e+00; -4.662276e+04; 1.056153e+00
1.004000e+01; 2.585107e+03; 1.108017e+00; -7.133478e+04; 1.000000e+00; -4.556470e+04; 1.057027e+00
1.004500e+01; 3.587846e+03; 1.109014e+00; -7.012641e+04; 1.000000e+00; -4.449912e+04; 1.057898e+00
1.005000e+01; 4.590823e+03; 1.110012e+00; -6.889350e+04; 1.000000e+00; -4.342594e+04; 1.058766e+00
1.005500e+01; 5.594233e+03; 1.111009e+00; -6.763629e+04; 1.000000e+00; -4.234507e+04; 1.059631e+00
1.006000e+01; 6.597933e+03; 1.112007e+00; -6.635507e+04; 1.000000e+00; -4.125640e+04; 1.060491e+00
1.006500e+01; 7.602109e+03; 1.113003e+00; -6.505014e+04; 1.000000e+00; -4.015983e+04; 1.061346e+00
1.007000e+01; 8.606633e+03; 1.114001e+00; -6.372181e+04; 1.000000e+00; -3.905523e+04; 1.062198e+00
1.007500e+01; 9.611685e+03; 1.114996e+00; -6.237041e+04; 1.000000e+00; -3.794247e+04; 1.063043e+00
1.008000e+01; 1.061715e+04; 1.115993e+00; -6.099630e+04; 1.000000e+00; -3.682144e+04; 1.063884e+00
1.008500e+01; 1.162321e+04; 1.116988e+00; -5.959983e+04; 1.000000e+00; -3.569199e+04; 1.064719e+00
1.009000e+01; 1.262976e+04; 1.117984e+00; -5.818139e+04; 1.000000e+00; -3.455397e+04; 1.065548e+00
1.009500e+01; 1.363696e+04; 1.118979e+00; -5.674137e+04; 1.000000e+00; -3.340724e+04; 1.066370e+00
1.010000e+01; 1.464474e+04; 1.119973e+00; -5.528016e+04; 1.000000e+00; -3.225165e+04; 1.067186e+00
1.010500e+01; 1.565327e+04; 1.120967e+00; -5.379818e+04; 1.000000e+00; -3.108703e+04; 1.067995e+00
1.011000e+01; 1.666246e+04; 1.121961e+00; -5.229587e+04; 1.000000e+00; -2.991323e+04; 1.068796e+00
1.011500e+01; 1.767249e+04; 1.122953e+00; -5.077365e+04; 1.000000e+00; -2.873008e+04; 1.069590e+00
1.012000e+01; 1.868329e+04; 1.123946e+00; -4.923199e+04; 1.000000e+00; -2.753743e+04; 1.070376e+00
1.012500e+01; 1.969502e+04; 1.124937e+00; -4.767134e+04; 1.000000e+00; -2.633509e+04; 1.071154e+00
1.013000e+01; 2.070764e+04; 1.125928e+00; -4.609217e+04; 1.000000e+00; -2.512291e+04; 1.071924e+00
1.013500e+01; 2.172131e+04; 1.126918e+00; -4.449496e+04; 1.000000e+00; -2.390072e+04; 1.072684e+00
1.014000e+01; 2.273598e+04; 1.127907e+00; -4.288019e+04; 1.000000e+00; -2.266836e+04; 1.073436e+00
1.014500e+01; 2.375182e+04; 1.128895e+00; -4.124834e+04; 1.000000e+00; -2.142565e+04; 1.074179e+00
1.015000e+01; 2.476880e+04; 1.129882e+00; -3.959991e+04; 1.000000e+00; -2.017243e+04; 1.074912e+00
1.015500e+01; 2.578707e+04; 1.130867e+00; -3.793539e+04; 1.000000e+00; -1.890855e+04; 1.075635e+00
1.016000e+01; 2.680663e+04; 1.131852e+00; -3.625527e+04; 1.000000e+00; -1.763384e+04; 1.076348e+00
1.016500e+01; 2.782761e+04; 1.132835e+00; -3.456005e+04; 1.000000e+00; -1.634816e+04; 1.077051e+00
1.017000e+01; 2.885002e+04; 1.133818e+00; -3.285021e+04; 1.000000e+00; -1.505135e+04; 1.077744e+00
1.017500e+01; 2.987401e+04; 1.134798e+00; -3.112624e+04; 1.000000e+00; -1.374328e+04; 1.078426e+00
1.018000e+01; 3.089957e+04; 1.135776e+00; -2.938863e+04; 1.000000e+00; -1.242379e+04; 1.079098e+00
1.018500e+01; 3.192685e+04; 1.136753e+00; -2.763786e+04; 1.000000e+00; -1.109276e+04; 1.079758e+00
1.019000e+01; 3.295586e+04; 1.137728e+00; -2.587440e+04; 1.000000e+00; -9.750062e+03; 1.080407e+00
1.019500e+01; 3.398674e+04; 1.138701e+00; -2.409873e+04; 1.000000e+00; -8.395575e+03; 1.081045e+00
1.020000e+01; 3.501950e+04; 1.139671e+00; -2.231130e+04; 1.000000e+00; -7.029187e+03; 1.081672e+00
1.020500e+01; 3.605429e+04; 1.140639e+00; -2.051257e+04; 1.000000e+00; -5.650791e+03; 1.082287e+00
1.021000e+01; 3.709111e+04; 1.141605e+00; -1.870299e+04; 1.000000e+00; -4.260289e+03; 1.082890e+00
1.021500e+01; 3.813008e+04; 1.142567e+00; -1.688300e+04; 1.000000e+00; -2.857589e+03; 1.083481e+00
1.022000e+01; 3.917125e+04; 1.143527e+00; -1.505303e+04; 1.000000e+00; -1.442608e+03; 1.084060e+00
1.022500e+01; 4.021471e+04; 1.144483e+00; -1.321350e+04; 1.000000e+00; -1.527228e+01; 1.084628e+00
1.023000e+01; 4.126048e+04; 1.145436e+00; -1.136483e+04; 1.000000e+00; 1.424486e+03; 1.085183e+00
1.023500e+01; 4.230868e+04; 1.146385e+00; -9.507421e+03; 1.000000e+00; 2.876726e+03; 1.085726e+00
1.024000e+01; 4.335931e+04; 1.147331e+00; -7.641665e+03; 1.000000e+00; 4.341494e+03; 1.086256e+00
1.024500e+01; 4.441248e+04; 1.148271e+00; -5.767946e+03; 1.000000e+00; 5.818830e+03; 1.086774e+00
1.025000e+01; 4.546818e+04; 1.149208e+00; -3.886637e+03; 1.000000e+00; 7.308762e+03; 1.087280e+00
1.025500e+01; 4.652650e+04; 1.150139e+00; -1.998101e+03; 1.000000e+00; 8.811308e+03; 1.087774e+00
1.026000e+01; 4.758744e+04; 1.151066e+00; -1.026903e+02; 1.000000e+00; 1.032647e+04; 1.088255e+00
1.026500e+01; 4.865105e+04; 1.151986e+00; 1.799255e+03; 1.000000e+00; 1.185425e+04; 1.088724e+00
1.027000e+01; 4.971733e+04; 1.152901e+00; 3.707405e+03; 1.000000e+00; 1.339462e+04; 1.089180e+00
1.027500e+01; 5.078631e+04; 1.153810e+00; 5.621440e+03; 1.000000e+00; 1.494755e+04; 1.089624e+00
1.028000e+01; 5.185797e+04; 1.154712e+00; 7.541051e+03; 1.000000e+00; 1.651299e+04; 1.090055e+00
1.028500e+01; 5.293233e+04; 1.155606e+00; 9.465943e+03; 1.000000e+00; 1.809089e+04; 1.090475e+00
1.029000e+01; 5.400934e+04; 1.156494e+00; 1.139583e+04; 1.000000e+00; 1.968117e+04; 1.090882e+00
1.029500e+01; 5.508900e+04; 1.157373e+00; 1.333043e+04; 1.000000e+00; 2.128374e+04; 1.091277e+00
1.030000e+01; 5.617124e+04; 1.158244e+00; 1.526949e+04; 1.000000e+00; 2.289850e+04; 1.091660e+00
1.030500e+01; 5.725604e+04; 1.159106e+00; 1.721274e+04; 1.000000e+00; 2.452534e+04; 1.092031e+00
1.031000e+01; 5.834330e+04; 1.159958e+00; 1.915996e+04; 1.000000e+00; 2.616414e+04; 1.092390e+00
1.031500e+01; 5.943298e+04; 1.160800e+00; 2.111090e+04; 1.000000e+00; 2.781477e+04; 1.092738e+00
1.032000e+01; 6.052495e+04; 1.161632e+00; 2.306534e+04; 1.000000e+00; 2.947706e+04; 1.093074e+00
1.032500e+01; 6.161915e+04; 1.162453e+00; 2.502306e+04; 1.000000e+00; 3.115088e+04; 1.093399e+00
1.033000e+01; 6.271542e+04; 1.163262e+00; 2.698388e+04; 1.000000e+00; 3.283605e+04; 1.093713e+00
1.033500e+01; 6.381367e+04; 1.164059e+00; 2.894759e+04; 1.000000e+00; 3.453241e+04; 1.094016e+00
1.034000e+01; 6.491373e+04; 1.164843e+00; 3.091401e+04; 1.000000e+00; 3.623976e+04; 1.094308e+00
1.034500e+01; 6.601546e+04; 1.165614e+00; 3.288297e+04; 1.000000e+00; 3.795793e+04; 1.094590e+00
1.035000e+01; 6.711868e+04; 1.166371e+00; 3.485429e+04; 1.000000e+00; 3.968671e+04; 1.094861e+00
1.035500e+01; 6.822322e+04; 1.167112e+00; 3.682784e+04; 1.000000e+00; 4.142591e+04; 1.095122e+00
1.036000e+01; 6.932888e+04; 1.167839e+00; 3.880345e+04; 1.000000e+00; 4.317531e+04; 1.095373e+00
1.036500e+01; 7.043546e+04; 1.168549e+00; 4.078098e+04; 1.000000e+00; 4.493469e+04; 1.095614e+00
1.037000e+01; 7.154274e+04; 1.169243e+00; 4.276031e+04; 1.000000e+00; 4.670385e+04; 1.095846e+00
1.037500e+01; 7.265052e+04; 1.169919e+00; 4.474131e+04; 1.000000e+00; 4.848254e+04; 1.096068e+00
1.038000e+01; 7.375853e+04; 1.170578e+00; 4.672386e+04; 1.000000e+00; 5.027055e+04; 1.096281e+00
1.038500e+01; 7.486656e+04; 1.171217e+00; 4.870786e+04; 1.000000e+00; 5.206763e+04; 1.096486e+00
1.039000e+01; 7.597434e+04; 1.171838e+00; 5.069319e+04; 1.000000e+00; 5.387355e+04; 1.096682e+00
1.039500e+01; 7.708163e+04; 1.172438e+00; 5.267977e+04; 1.000000e+00; 5.568806e+04; 1.096869e+00
1.040000e+01; 7.818816e+04; 1.173018e+00; 5.466750e+04; 1.000000e+00; 5.751091e+04; 1.097048e+00
1.040500e+01; 7.929368e+04; 1.173576e+00; 5.665629e+04; 1.000000e+00; 5.934185e+04; 1.097220e+00
1.041000e+01; 8.039792e+04; 1.174112e+00; 5.864606e+04; 1.000000e+00; 6.118062e+04; 1.097383e+00
1.041500e+01; 8.150062e+04; 1.174626e+00; 6.063675e+04; 1.000000e+00; 6.302698e+04; 1.097539e+00
1.042000e+01; 8.260151e+04; 1.175116e+00; 6.262829e+04; 1.000000e+00; 6.488066e+04; 1.097688e+00
1.042500e+01; 8.370034e+04; 1.175583e+00; 6.462060e+04; 1.000000e+00; 6.674139e+04; 1.097829e+00
1.043000e+01; 8.479684e+04; 1.176025e+00; 6.661363e+04; 1.000000e+00; 6.860891e+04; 1.097964e+00
1.043500e+01; 8.589079e+04; 1.176442e+00; 6.860733e+04; 1.000000e+00; 7.048296e+04; 1.098092e+00
1.044000e+01; 8.698191e+04; 1.176834e+00; 7.060163e+04; 1.000000e+00; 7.236326e+04; 1.098214e+00
1.044500e+01; 8.807000e+04; 1.177199e+00; 7.259651e+04; 1.000000e+00; 7.424954e+04; 1.098329e+00
1.045000e+01; 8.915482e+04; 1.177539e+00; 7.459191e+04; 1.000000e+00; 7.614153e+04; 1.098438e+00
1.045500e+01; 9.023618e+04; 1.177851e+00; 7.658779e+04; 1.000000e+00; 7.803894e+04; 1.098541e+00
1.046000e+01; 9.131386e+04; 1.178136e+00; 7.858411e+04; 1.000000e+00; 7.994150e+04; 1.098639e+00
1.046500e+01; 9.238770e+04; 1.178393e+00; 8.058085e+04; 1.000000e+00; 8.184893e+04; 1.098731e+00
1.047000e+01; 9.345753e+04; 1.178622e+00; 8.257797e+04; 1.000000e+00; 8.376092e+04; 1.098817e+00
1.047500e+01; 9.452321e+04; 1.178823e+00; 8.457545e+04; 1.000000e+00; 8.567720e+04; 1.098898e+00
1.048000e+01; 9.558460e+04; 1.178996e+00; 8.657325e+04; 1.000000e+00; 8.759747e+04; 1.098973e+00
1.048500e+01; 9.664160e+04; 1.179139e+00; 8.857137e+04; 1.000000e+00; 8.952143e+04; 1.099044e+00
1.049000e+01; 9.769411e+04; 1.179253e+00; 9.056977e+04; 1.000000e+00; 9.144878e+04; 1.099109e+00
1.049500e+01; 9.874207e+04; 1.179338e+00; 9.256843e+04; 1.000000e+00; 9.337920e+04; 1.099170e+00
1.050000e+01; 9.978542e+04; 1.179394e+00; 9.456736e+04; 1.000000e+00; 9.531238e+04; 1.099225e+00
1.050500e+01; 1.008241e+05; 1.179421e+00; 9.656651e+04; 1.000000e+00; 9.724801e+04; 1.099275e+00
1.051000e+01; 1.018582e+05; 1.179418e+00; 9.856590e+04; 1.000000e+00; 9.918575e+04; 1.099321e+00
1.051500e+01; 1.028876e+05; 1.179386e+00; 1.005655e+05; 1.000000e+00; 1.011253e+05; 1.099362e+00
1.052000e+01; 1.039123e+05; 1.179324e+00; 1.025653e+05; 1.000000e+00; 1.030662e+05; 1.099397e+00
1.052500e+01; 1.049325e+05; 1.179233e+00; 1.045653e+05; 1.000000e+00; 1.050083e+05; 1.099428e+00
1.053000e+01; 1.059482e+05; 1.179114e+00; 1.065655e+05; 1.000000e+00; 1.069511e+05; 1.099454e+00
1.053500e+01; 1.069593e+05; 1.178965e+00; 1.085659e+05; 1.000000e+00; 1.088942e+05; 1.099475e+00
1.054000e+01; 1.079661e+05; 1.178788e+00; 1.105665e+05; 1.000000e+00; 1.108374e+05; 1.099490e+00
1.054500e+01; 1.089686e+05; 1.178583e+00; 1.125672e+05; 1.000000e+00; 1.127802e+05; 1.099500e+00
1.055000e+01; 1.099669e+05; 1.178349e+00; 1.145681e+05; 1.000000e+00; 1.147222e+05; 1.099505e+00
1.055500e+01; 1.109611e+05; 1.178088e+00; 1.165692e+05; 1.000000e+00; 1.166631e+05; 1.099504e+00
1.056000e+01; 1.119515e+05; 1.177799e+00; 1.185705e+05; 1.000000e+00; 1.186024e+05; 1.099498e+00
1.056500e+01; 1.129381e+05; 1.177484e+00; 1.205720e+05; 1.000000e+00; 1.205397e+05; 1.099486e+00
1.057000e+01; 1.139210e+05; 1.177142e+00; 1.225736e+05; 1.000000e+00; 1.224746e+05; 1.099467e+00
1.057500e+01; 1.149005e+05; 1.176774e+00; 1.245754e+05; 1.000000e+00; 1.244067e+05; 1.099443e+00
1.058000e+01; 1.158768e+05; 1.176381e+00; 1.265774e+05; 1.000000e+00; 1.263354e+05; 1.099411e+00
1.058500e+01; 1.168500e+05; 1.175963e+00; 1.285795e+05; 1.000000e+00; 1.282604e+05; 1.099373e+00
1.059000e+01; 1.178202e+05; 1.175520e+00; 1.305818e+05; 1.000000e+00; 1.301813e+05; 1.099328e+00
1.059500e+01; 1.187878e+05; 1.175054e+00; 1.325843e+05; 1.000000e+00; 1.320975e+05; 1.099275e+00
1.060000e+01; 1.197529e+05; 1.174564e+00; 1.345870e+05; 1.000000e+00; 1.340085e+05; 1.099215e+00
1.060500e+01; 1.207156e+05; 1.174052e+00; 1.365898e+05; 1.000000e+00; 1.359139e+05; 1.099147e+00
1.061000e+01; 1.216763e+05; 1.173517e+00; 1.385928e+05; 1.000000e+00; 1.378133e+05; 1.099070e+00
1.061500e+01; 1.226351e+05; 1.172961e+00; 1.405960e+05; 1.000000e+00; 1.397060e+05; 1.098984e+00
1.062000e+01; 1.235922e+05; 1.172385e+00; 1.425993e+05; 1.000000e+00; 1.415917e+05; 1.098890e+00
1.062500e+01; 1.245478e+05; 1.171788e+00; 1.446027e+05; 1.000000e+00; 1.434698e+05; 1.098786e+00
1.063000e+01; 1.255021e+05; 1.171172e+00; 1.466063e+05; 1.000000e+00; 1.453399e+05; 1.098672e+00
1.063500e+01; 1.264553e+05; 1.170536e+00; 1.486100e+05; 1.000000e+00; 1.472014e+05; 1.098548e+00
1.064000e+01; 1.274077e+05; 1.169883e+00; 1.506138e+05; 1.000000e+00; 1.490539e+05; 1.098414e+00
1.064500e+01; 1.283593e+05; 1.169212e+00; 1.526176e+05; 1.000000e+00; 1.508968e+05; 1.098269e+00
1.065000e+01; 1.293105e+05; 1.168524e+00; 1.546215e+05; 1.000000e+00; 1.527297e+05; 1.098112e+00
1.065500e+01; 1.302612e+05; 1.167819e+00; 1.566254e+05; 1.000000e+00; 1.545521e+05; 1.097943e+00
1.066000e+01; 1.312118e+05; 1.167100e+00; 1.586293e+05; 1.000000e+00; 1.563635e+05; 1.097763e+00
1.066500e+01; 1.321624e+05; 1.166365e+00; 1.606331e+05; 1.000000e+00; 1.581635e+05; 1.097570e+00
1.067000e+01; 1.331132e+05; 1.165615e+00; 1.626368e+05; 1.000000e+00; 1.599516e+05; 1.097364e+00
1.067500e+01; 1.340642e+05; 1.164852e+00; 1.646403e+05; 1.000000e+00; 1.617274e+05; 1.097144e+00
1.068000e+01; 1.350156e+05; 1.164075e+00; 1.666436e+05; 1.000000e+00; 1.634904e+05; 1.096911e+00
1.068500e+01; 1.359675e+05; 1.163286e+00; 1.686465e+05; 1.000000e+00; 1.652403e+05; 1.096665e+00
1.069000e+01; 1.369201e+05; 1.162485e+00; 1.706491e+05; 1.000000e+00; 1.669766e+05; 1.096403e+00
1.069500e+01; 1.378735e+05; 1.161672e+00; 1.726511e+05; 1.000000e+00; 1.686989e+05; 1.096128e+00
1.070000e+01; 1.388277e+05; 1.160849e+00; 1.746525e+05; 1.000000e+00; 1.704070e+05; 1.095837e+00
1.070500e+01; 1.397829e+05; 1.160015e+00; 1.766532e+05; 1.000000e+00; 1.721004e+05; 1.095531e+00
1.071000e+01; 1.407391e+05; 1.159171e+00; 1.786530e+05; 1.000000e+00; 1.737790e+05; 1.095210e+00
1.071500e+01; 1.416964e+05; 1.158317e+00; 1.806519e+05; 1.000000e+00; 1.754423e+05; 1.094872e+00
1.072000e+01; 1.426548e+05; 1.157455e+00; 1.826495e+05; 1.000000e+00; 1.770901e+05; 1.094519e+00
1.072500e+01; 1.436145e+05; 1.156584e+00; 1.846458e+05; 1.000000e+00; 1.787223e+05; 1.094150e+00
1.073000e+01; 1.445754e+05; 1.155705e+00; 1.866406e+05; 1.000000e+00; 1.803385e+05; 1.093765e+00
1.073500e+01; 1.455375e+05; 1.154818e+00; 1.886337e+05; 1.000000e+00; 1.819387e+05; 1.093363e+00
1.074000e+01; 1.465010e+05; 1.153924e+00; 1.906247e+05; 1.000000e+00; 1.835226e+05; 1.092944e+00
1.074500e+01; 1.474658e+05; 1.153024e+00; 1.926135e+05; 1.000000e+00; 1.850902e+05; 1.092509e+00
1.075000e+01; 1.484320e+05; 1.152116e+00; 1.945998e+05; 1.000000e+00; 1.866413e+05; 1.092057e+00
1.075500e+01; 1.493995e+05; 1.151203e+00; 1.965834e+05; 1.000000e+00; 1.881760e+05; 1.091588e+00
1.076000e+01; 1.503684e+05; 1.150284e+00; 1.985638e+05; 1.000000e+00; 1.896941e+05; 1.091103e+00
1.076500e+01; 1.513386e+05; 1.149360e+00; 2.005408e+05; 1.000000e+00; 1.911957e+05; 1.090601e+00
1.077000e+01; 1.523102e+05; 1.148431e+00; 2.025139e+05; 1.000000e+00; 1.926808e+05; 1.090082e+00
1.077500e+01; 1.532830e+05; 1.147496e+00; 2.044829e+05; 1.000000e+00; 1.941495e+05; 1.089546e+00
1.078000e+01; 1.542572e+05; 1.146558e+00; 2.064473e+05; 1.000000e+00; 1.956018e+05; 1.088994e+00
1.078500e+01; 1.552327e+05; 1.145615e+00; 2.084067e+05; 1.000000e+00; 1.970379e+05; 1.088426e+00
1.079000e+01; 1.562094e+05; 1.144668e+00; 2.103605e+05; 1.000000e+00; 1.984579e+05; 1.087841e+00
1.079500e+01; 1.571873e+05; 1.143717e+00; 2.123084e+05; 1.000000e+00; 1.998620e+05; 1.087240e+00
1.080000e+01; 1.581664e+05; 1.142763e+00; 2.142497e+05; 1.000000e+00; 2.012503e+05; 1.086624e+00
1.080500e+01; 1.591467e+05; 1.141805e+00; 2.161840e+05; 1.000000e+00; 2.026231e+05; 1.085991e+00
1.081000e+01; 1.601281e+05; 1.140845e+00; 2.181107e+05; 1.000000e+00; 2.039807e+05; 1.085344e+00
1.081500e+01; 1.611105e+05; 1.139881e+00; 2.200292e+05; 1.000000e+00; 2.053232e+05; 1.084681e+00
1.082000e+01; 1.620940e+05; 1.138915e+00; 2.219389e+05; 1.000000e+00; 2.066509e+05; 1.084003e+00
1.082500e+01; 1.630786e+05; 1.137947e+00; 2.238391e+05; 1.000000e+00; 2.079643e+05; 1.083311e+00
1.083000e+01; 1.640640e+05; 1.136976e+00; 2.257291e+05; 1.000000e+00; 2.092634e+05; 1.082605e+00
1.083500e+01; 1.650504e+05; 1.136003e+00; 2.276084e+05; 1.000000e+00; 2.105488e+05; 1.081885e+00
1.084000e+01; 1.660377e+05; 1.135028e+00; 2.294761e+05; 1.000000e+00; 2.118208e+05; 1.081151e+00
1.084500e+01; 1.670258e+05; 1.134051e+00; 2.313315e+05; 1.000000e+00; 2.130796e+05; 1.080404e+00
1.085000e+01; 1.680147e+05; 1.133072e+00; 2.331738e+05; 1.000000e+00; 2.143257e+05; 1.079644e+00
1.085500e+01; 1.690043e+05; 1.132091e+00; 2.350024e+05; 1.000000e+00; 2.155594e+05; 1.078872e+00
1.086000e+01; 1.699946e+05; 1.131109e+00; 2.368164e+05; 1.000000e+00; 2.167811e+05; 1.078088e+00
1.086500e+01; 1.709857e+05; 1.130126e+00; 2.386149e+05; 1.000000e+00; 2.179913e+05; 1.077292e+00
1.087000e+01; 1.719773e+05; 1.129141e+00; 2.403972e+05; 1.000000e+00; 2.191902e+05; 1.076485e+00
1.087500e+01; 1.729696e+05; 1.128155e+00; 2.421625e+05; 1.000000e+00; 2.203784e+05; 1.075667e+00
1.088000e+01; 1.739624e+05; 1.127167e+00; 2.439099e+05; 1.000000e+00; 2.215561e+05; 1.074839e+00
1.088500e+01; 1.749557e+05; 1.126179e+00; 2.456386e+05; 1.000000e+00; 2.227238e+05; 1.074001e+00
1.089000e+01; 1.759496e+05; 1.125190e+00; 2.473477e+05; 1.000000e+00; 2.238819e+05; 1.073153e+00
1.089500e+01; 1.769439e+05; 1.124200e+00; 2.490363e+05; 1.000000e+00; 2.250308e+05; 1.072296e+00
1.090000e+01; 1.779386e+05; 1.123208e+00; 2.507038e+05; 1.000000e+00; 2.261708e+05; 1.071430e+00
1.090500e+01; 1.789337e+05; 1.122217e+00; 2.523492e+05; 1.000000e+00; 2.273023e+05; 1.070556e+00
1.091000e+01; 1.799292e+05; 1.121224e+00; 2.539717e+05; 1.000000e+00; 2.284257e+05; 1.069674e+00
1.091500e+01; 1.809250e+05; 1.120231e+00; 2.555704e+05; 1.000000e+00; 2.295413e+05; 1.068785e+00
1.092000e+01; 1.819211e+05; 1.119236e+00; 2.571447e+05; 1.000000e+00; 2.306495e+05; 1.067889e+00
1.092500e+01; 1.829175e+05; 1.118242e+00; 2.586938e+05; 1.000000e+00; 2.317507e+05; 1.066985e+00
1.093000e+01; 1.839142e+05; 1.117247e+00; 2.602168e+05; 1.000000e+00; 2.328450e+05; 1.066076e+00
1.093500e+01; 1.849111e+05; 1.116251e+00; 2.617132e+05; 1.000000e+00; 2.339330e+05; 1.065161e+00
1.094000e+01; 1.859082e+05; 1.115255e+00; 2.631821e+05; 1.000000e+00; 2.350147e+05; 1.064240e+00
1.094500e+01; 1.869055e+05; 1.114258e+00; 2.646229e+05; 1.000000e+00; 2.360906e+05; 1.063314e+00
1.095000e+01; 1.879029e+05; 1.113261e+00; 2.660351e+05; 1.000000e+00; 2.371608e+05; 1.062383e+00
1.095500e+01; 1.889005e+05; 1.112263e+00; 2.674179e+05; 1.000000e+00; 2.382256e+05; 1.061447e+00
1.096000e+01; 1.898983e+05; 1.111265e+00; 2.687710e+05; 1.000000e+00; 2.392853e+05; 1.060508e+00
1.096500e+01; 1.908961e+05; 1.110267e+00; 2.700937e+05; 1.000000e+00; 2.403400e+05; 1.059565e+00
1.097000e+01; 1.918940e+05; 1.109268e+00; 2.713857e+05; 1.000000e+00; 2.413899e+05; 1.058619e+00
1.097500e+01; 1.928920e+05; 1.108269e+00; 2.726464e+05; 1.000000e+00; 2.424352e+05; 1.057669e+00
1.098000e+01; 1.938901e+05; 1.107270e+00; 2.738756e+05; 1.000000e+00; 2.434760e+05; 1.056717e+00
1.098500e+01; 1.948881e+05; 1.106270e+00; 2.750730e+05; 1.000000e+00; 2.445125e+05; 1.055763e+00
1.099000e+01; 1.958862e+05; 1.105270e+00; 2.762383e+05; 1.000000e+00; 2.455447e+05; 1.054807e+00
1.099500e+01; 1.968843e+05; 1.104270e+00; 2.773712e+05; 1.000000e+00; 2.465728e+05; 1.053849e+00
1.100000e+01; 1.978824e+05; 1.103269e+00; 2.784717e+05; 1.000000e+00; 2.475967e+05; 1.052890e+00
1.100500e+01; 1.988804e+05; 1.102268e+00; 2.795396e+05; 1.000000e+00; 2.486166e+05; 1.051930e+00
1.101000e+01; 1.998783e+05; 1.101266e+00; 2.805749e+05; 1.000000e+00; 2.496325e+05; 1.050969e+00
1.101500e+01; 2.008762e+05; 1.100265e+00; 2.815776e+05; 1.000000e+00; 2.506443e+05; 1.050009e+00
1.102000e+01; 2.018740e+05; 1.099263e+00; 2.825478e+05; 1.000000e+00; 2.516520e+05; 1.049048e+00
1.102500e+01; 2.028716e+05; 1.098260e+00; 2.834856e+05; 1.000000e+00; 2.526556e+05; 1.048087e+00
1.103000e+01; 2.038691e+05; 1.097257e+00; 2.843912e+05; 1.000000e+00; 2.536551e+05; 1.047128e+00
1.103500e+01; 2.048665e+05; 1.096254e+00; 2.852647e+05; 1.000000e+00; 2.546502e+05; 1.046170e+00
1.104000e+01; 2.058636e+05; 1.095251e+00; 2.861064e+05; 1.000000e+00; 2.556410e+05; 1.045213e+00
1.104500e+01; 2.068606e+05; 1.094247e+00; 2.869168e+05; 1.000000e+00; 2.566272e+05; 1.044258e+00
1.105000e+01; 2.078573e+05; 1.093242e+00; 2.876961e+05; 1.000000e+00; 2.576088e+05; 1.043305e+00
1.105500e+01; 2.088537e+05; 1.092237e+00; 2.884447e+05; 1.000000e+00; 2.585855e+05; 1.042355e+00
1.106000e+01; 2.098499e+05; 1.091232e+00; 2.891631e+05; 1.000000e+00; 2.595572e+05; 1.041408e+00
1.106500e+01; 2.108457e+05; 1.090226e+00; 2.898518e+05; 1.000000e+00; 2.605237e+05; 1.040464e+00
1.107000e+01; 2.118412e+05; 1.089220e+00; 2.905113e+05; 1.000000e+00; 2.614847e+05; 1.039524e+00
1.107500e+01; 2.128362e+05; 1.088213e+00; 2.911422e+05; 1.000000e+00; 2.624400e+05; 1.038588e+00
1.108000e+01; 2.138309e+05; 1.087205e+00; 2.917450e+05; 1.000000e+00; 2.633893e+05; 1.037656e+00
1.108500e+01; 2.148250e+05; 1.086197e+00; 2.923205e+05; 1.000000e+00; 2.643324e+05; 1.036729e+00
1.109000e+01; 2.158187e+05; 1.085188e+00; 2.928692e+05; 1.000000e+00; 2.652689e+05; 1.035808e+00
1.109500e+01; 2.168118e+05; 1.084179e+00; 2.933919e+05; 1.000000e+00; 2.661986e+05; 1.034893e+00
1.110000e+01; 2.178043e+05; 1.083168e+00; 2.938892e+05; 1.000000e+00; 2.671211e+05; 1.033983e+00
1.110500e+01; 2.187961e+05; 1.082157e+00; 2.943619e+05; 1.000000e+00; 2.680362e+05; 1.033081e+00
1.111000e+01; 2.197872e+05; 1.081145e+00; 2.948107e+05; 1.000000e+00; 2.689434e+05; 1.032185e+00
1.111500e+01; 2.207775e+05; 1.080132e+00; 2.952364e+05; 1.000000e+00; 2.698424e+05; 1.031296e+00
1.112000e+01; 2.217670e+05; 1.079118e+00; 2.956396e+05; 1.000000e+00; 2.707328e+05; 1.030416e+00
1.112500e+01; 2.227555e+05; 1.078103e+00; 2.960213e+05; 1.000000e+00; 2.716144e+05; 1.029544e+00
1.113000e+01; 2.237431e+05; 1.077087e+00; 2.963821e+05; 1.000000e+00; 2.724866e+05; 1.028680e+00
1.113500e+01; 2.247296e+05; 1.076070e+00; 2.967228e+05; 1.000000e+00; 2.733492e+05; 1.027826e+00
1.114000e+01; 2.257149e+05; 1.075052e+00; 2.970442e+05; 1.000000e+00; 2.742017e+05; 1.026981e+00
1.114500e+01; 2.266990e+05; 1.074033e+00; 2.973471e+05; 1.000000e+00; 2.750439e+05; 1.026146e+00
1.115000e+01; 2.276818e+05; 1.073012e+00; 2.976323e+05; 1.000000e+00; 2.758752e+05; 1.025322e+00
1.115500e+01; 2.286631e+05; 1.071990e+00; 2.979004e+05; 1.000000e+00; 2.766953e+05; 1.024508e+00
1.116000e+01; 2.296428e+05; 1.070967e+00; 2.981524e+05; 1.000000e+00; 2.775038e+05; 1.023706e+00
1.116500e+01; 2.306209e+05; 1.069942e+00; 2.983888e+05; 1.000000e+00; 2.783004e+05; 1.022915e+00
1.117000e+01; 2.315971e+05; 1.068916e+00; 2.986104e+05; 1.000000e+00; 2.790847e+05; 1.022137e+00
1.117500e+01; 2.325714e+05; 1.067888e+00; 2.988180e+05; 1.000000e+00; 2.798564e+05; 1.021370e+00
1.118000e+01; 2.335436e+05; 1.066858e+00; 2.990123e+05; 1.000000e+00; 2.806151e+05; 1.020617e+00
1.118500e+01; 2.345136e+05; 1.065827e+00; 2.991938e+05; 1.000000e+00; 2.813604e+05; 1.019876e+00
1.119000e+01; 2.354812e+05; 1.064794e+00; 2.993634e+05; 1.000000e+00; 2.820921e+05; 1.019149e+00
1.119500e+01; 2.364462e+05; 1.063759e+00; 2.995216e+05; 1.000000e+00; 2.828098e+05; 1.018436e+00
1.120000e+01; 2.374084e+05; 1.062723e+00; 2.996690e+05; 1.000000e+00; 2.835132e+05; 1.017736e+00
1.120500e+01; 2.383677e+05; 1.061684e+00; 2.998063e+05; 1.000000e+00; 2.842021e+05; 1.017051e+00
1.121000e+01; 2.393238e+05; 1.060644e+00; 2.999340e+05; 1.000000e+00; 2.848762e+05; 1.016380e+00
1.121500e+01; 2.402766e+05; 1.059601e+00; 3.000527e+05; 1.000000e+00; 2.855353e+05; 1.015725e+00
1.122000e+01; 2.412257e+05; 1.058556e+00; 3.001630e+05; 1.000000e+00; 2.861791e+05; 1.015084e+00
1.122500e+01; 2.421711e+05; 1.057510e+00; 3.002653e+05; 1.000000e+00; 2.868075e+05; 1.014458e+00
1.123000e+01; 2.431123e+05; 1.056461e+00; 3.003601e+05; 1.000000e+00; 2.874203e+05; 1.013848e+00
1.123500e+01; 2.440491e+05; 1.055410e+00; 3.004480e+05; 1.000000e+00; 2.880173e+05; 1.013253e+00
1.124000e+01; 2.449813e+05; 1.054357e+00; 3.005293e+05; 1.000000e+00; 2.885984e+05; 1.012674e+00
1.124500e+01; 2.459086e+05; 1.053301e+00; 3.006045e+05; 1.000000e+00; 2.891634e+05; 1.012110e+00
1.125000e+01; 2.468306e+05; 1.052243e+00; 3.006741e+05; 1.000000e+00; 2.897124e+05; 1.011562e+00
1.125500e+01; 2.477470e+05; 1.051183e+00; 3.007383e+05; 1.000000e+00; 2.902452e+05; 1.011030e+00
1.126000e+01; 2.486576e+05; 1.050121e+00; 3.007975e+05; 1.000000e+00; 2.907619e+05; 1.010514e+00
1.126500e+01; 2.495618e+05; 1.049056e+00; 3.008521e+05; 1.000000e+00; 2.912623e+05; 1.010013e+00
1.127000e+01; 2.504595e+05; 1.047989e+00; 3.009025e+05; 1.000000e+00; 2.917465e+05; 1.009528e+00
1.127500e+01; 2.513501e+05; 1.046920e+00; 3.009489e+05; 1.000000e+00; 2.922146e+05; 1.009059e+00
1.128000e+01; 2.522334e+05; 1.045849e+00; 3.009915e+05; 1.000000e+00; 2.926667e+05; 1.008605e+00
1.128500e+01; 2.531088e+05; 1.044775e+00; 3.010308e+05; 1.000000e+00; 2.931027e+05; 1.008167e+00
1.129000e+01; 2.539760e+05; 1.043700e+00; 3.010669e+05; 1.000000e+00; 2.935228e+05; 1.007743e+00
1.129500e+01; 2.548345e+05; 1.042622e+00; 3.011000e+05; 1.000000e+00; 2.939271e+05; 1.007335e+00
1.130000e+01; 2.556838e+05; 1.041542e+00; 3.011305e+05; 1.000000e+00; 2.943158e+05; 1.006942e+00
1.130500e+01; 2.565236e+05; 1.040460e+00; 3.011584e+05; 1.000000e+00; 2.946890e+05; 1.006563e+00
1.131000e+01; 2.573532e+05; 1.039377e+00; 3.011840e+05; 1.000000e+00; 2.950470e+05; 1.006199e+00
1.131500e+01; 2.581723e+05; 1.038291e+00; 3.012075e+05; 1.000000e+00; 2.953899e+05; 1.005849e+00
1.132000e+01; 2.589803e+05; 1.037204e+00; 3.012290e+05; 1.000000e+00; 2.957179e+05; 1.005512e+00
1.132500e+01; 2.597767e+05; 1.036115e+00; 3.012487e+05; 1.000000e+00; 2.960313e+05; 1.005190e+00
1.133000e+01; 2.605609e+05; 1.035025e+00; 3.012667e+05; 1.000000e+00; 2.963302e+05; 1.004880e+00
1.133500e+01; 2.613325e+05; 1.033933e+00; 3.012831e+05; 1.000000e+00; 2.966151e+05; 1.004583e+00
1.134000e+01; 2.620908e+05; 1.032840e+00; 3.012982e+05; 1.000000e+00; 2.968861e+05; 1.004299e+00
1.134500e+01; 2.628354e+05; 1.031746e+00; 3.013119e+05; 1.000000e+00; 2.971436e+05; 1.004027e+00
1.135000e+01; 2.635656e+05; 1.030651e+00; 3.013244e+05; 1.000000e+00; 2.973877e+05; 1.003767e+00
1.135500e+01; 2.642808e+05; 1.029555e+00; 3.013358e+05; 1.000000e+00; 2.976188e+05; 1.003518e+00
1.136000e+01; 2.649806e+05; 1.028458e+00; 3.013462e+05; 1.000000e+00; 2.978373e+05; 1.003280e+00
1.136500e+01; 2.656642e+05; 1.027362e+00; 3.013556e+05; 1.000000e+00; 2.980433e+05; 1.003052e+00
1.137000e+01; 2.663312e+05; 1.026264e+00; 3.013642e+05; 1.000000e+00; 2.982373e+05; 1.002835e+00
1.137500e+01; 2.669810e+05; 1.025167e+00; 3.013719e+05; 1.000000e+00; 2.984194e+05; 1.002627e+00
1.138000e+01; 2.676129e+05; 1.024070e+00; 3.013789e+05; 1.000000e+00; 2.985901e+05; 1.002429e+00
1.138500e+01; 2.682264e+05; 1.022973e+00; 3.013853e+05; 1.000000e+00; 2.987496e+05; 1.002240e+00
1.139000e+01; 2.688210e+05; 1.021877e+00; 3.013909e+05; 1.000000e+00; 2.988982e+05; 1.002058e+00
1.139500e+01; 2.693959e+05; 1.020781e+00; 3.013960e+05; 1.000000e+00; 2.990363e+05; 1.001885e+00
1.140000e+01; 2.699507e+05; 1.019687e+00; 3.014006e+05; 1.000000e+00; 2.991640e+05; 1.001719e+00
1.140500e+01; 2.704849e+05; 1.018593e+00; 3.014046e+05; 1.000000e+00; 2.992818e+05; 1.001560e+00
1.141000e+01; 2.709978e+05; 1.017501e+00; 3.014081e+05; 1.000000e+00; 2.993898e+05; 1.001408e+00
1.141500e+01; 2.714890e+05; 1.016410e+00; 3.014112e+05; 1.000000e+00; 2.994884e+05; 1.001262e+00
1.142000e+01; 2.719579e+05; 1.015321e+00; 3.014138e+05; 1.000000e+00; 2.995778e+05; 1.001122e+00
1.142500e+01; 2.724041e+05; 1.014234e+00; 3.014161e+05; 1.000000e+00; 2.996582e+05; 1.000986e+00
1.143000e+01; 2.728269e+05; 1.013149e+00; 3.014179e+05; 1.000000e+00; 2.997300e+05; 1.000856e+00
1.143500e+01; 2.732261e+05; 1.012066e+00; 3.014194e+05; 1.000000e+00; 2.997932e+05; 1.000730e+00
1.144000e+01; 2.736011e+05; 1.010986e+00; 3.014205e+05; 1.000000e+00; 2.998482e+05; 1.000608e+00
1.144500e+01; 2.739515e+05; 1.009908e+00; 3.014212e+05; 1.000000e+00; 2.998951e+05; 1.000489e+00
1.145000e+01; 2.742769e+05; 1.008833e+00; 3.014216e+05; 1.000000e+00; 2.999341e+05; 1.000373e+00
1.145500e+01; 2.745769e+05; 1.007761e+00; 3.014217e+05; 1.000000e+00; 2.999654e+05; 1.000260e+00
1.146000e+01; 2.747163e+05; 1.006495e+00; 3.014214e+05; 1.000000e+00; 2.999892e+05; 1.000149e+00
1.146500e+01; 2.749788e+05; 1.005566e+00; 3.014208e+05; 1.000000e+00; 3.000056e+05; 1.000040e+00
1.147000e+01; 2.752261e+05; 1.004426e+00; 3.014198e+05; 1.000000e+00; 3.000147e+05; 9.999321e-01
1.147500e+01; 2.754126e+05; 1.003440e+00; 3.014185e+05; 1.000000e+00; 3.000166e+05; 9.998254e-01
1.148000e+01; 2.756246e+05; 1.002371e+00; 3.014169e+05; 1.000000e+00; 3.000115e+05; 9.997193e-01
1.148500e+01; 2.757453e+05; 1.001328e+00; 3.014148e+05; 1.000000e+00; 2.999994e+05; 9.996133e-01
1.149000e+01; 2.759095e+05; 1.000328e+00; 3.014124e+05; 1.000000e+00; 2.999804e+05; 9.995072e-01
1.149500e+01; 2.759759e+05; 9.992396e-01; 3.014096e+05; 1.000000e+00; 2.999546e+05; 9.994006e-01
1.150000e+01; 2.760798e+05; 9.982884e-01; 3.014064e+05; 1.000000e+00; 2.999220e+05; 9.992930e-01
1.150500e+01; 2.761020e+05; 9.971798e-01; 3.014027e+05; 1.000000e+00; 2.998826e+05; 9.991842e-01
1.151000e+01; 2.761368e+05; 9.962499e-01; 3.013986e+05; 1.000000e+00; 2.998364e+05; 9.990738e-01
1.151500e+01; 2.761207e+05; 9.951504e-01; 3.013940e+05; 1.000000e+00; 2.997835e+05; 9.989613e-01
1.152000e+01; 2.760830e+05; 9.942130e-01; 3.013888e+05; 1.000000e+00; 2.997238e+05; 9.988466e-01
1.152500e+01; 2.760291e+05; 9.931482e-01; 3.013831e+05; 1.000000e+00; 2.996573e+05; 9.987292e-01
1.153000e+01; 2.759217e+05; 9.921824e-01; 3.013769e+05; 1.000000e+00; 2.995840e+05; 9.986088e-01
1.153500e+01; 2.758254e+05; 9.911665e-01; 3.013699e+05; 1.000000e+00; 2.995038e+05; 9.984851e-01
1.154000e+01; 2.756556e+05; 9.901647e-01; 3.013624e+05; 1.000000e+00; 2.994167e+05; 9.983578e-01
1.154500e+01; 2.755096e+05; 9.891974e-01; 3.013541e+05; 1.000000e+00; 2.993225e+05; 9.982265e-01
1.155000e+01; 2.752866e+05; 9.881661e-01; 3.013450e+05; 1.000000e+00; 2.992213e+05; 9.980909e-01
1.155500e+01; 2.750834e+05; 9.872345e-01; 3.013351e+05; 1.000000e+00; 2.991129e+05; 9.979508e-01
1.156000e+01; 2.748158e+05; 9.861903e-01; 3.013243e+05; 1.000000e+00; 2.989971e+05; 9.978059e-01
1.156500e+01; 2.744747e+05; 9.851633e-01; 3.013126e+05; 1.000000e+00; 2.988740e+05; 9.976557e-01
1.157000e+01; 2.741984e+05; 9.842361e-01; 3.012999e+05; 1.000000e+00; 2.987434e+05; 9.975002e-01
1.157500e+01; 2.738555e+05; 9.832092e-01; 3.012861e+05; 1.000000e+00; 2.986052e+05; 9.973389e-01
1.158000e+01; 2.735028e+05; 9.822752e-01; 3.012712e+05; 1.000000e+00; 2.984592e+05; 9.971716e-01
1.158500e+01; 2.731250e+05; 9.812691e-01; 3.012550e+05; 1.000000e+00; 2.983053e+05; 9.969980e-01
1.159000e+01; 2.725810e+05; 9.801265e-01; 3.012375e+05; 1.000000e+00; 2.981433e+05; 9.968179e-01
1.159500e+01; 2.721430e+05; 9.792303e-01; 3.012185e+05; 1.000000e+00; 2.979732e+05; 9.966309e-01
1.160000e+01; 2.716905e+05; 9.781949e-01; 3.011981e+05; 1.000000e+00; 2.977948e+05; 9.964369e-01
1.160500e+01; 2.712082e+05; 9.772783e-01; 3.011761e+05; 1.000000e+00; 2.976079e+05; 9.962356e-01
1.161000e+01; 2.707108e+05; 9.762597e-01; 3.011523e+05; 1.000000e+00; 2.974123e+05; 9.960266e-01
1.161500e+01; 2.701863e+05; 9.753389e-01; 3.011267e+05; 1.000000e+00; 2.972080e+05; 9.958099e-01
1.162000e+01; 2.696469e+05; 9.743298e-01; 3.010992e+05; 1.000000e+00; 2.969947e+05; 9.955852e-01
1.162500e+01; 2.690821e+05; 9.734073e-01; 3.010696e+05; 1.000000e+00; 2.967723e+05; 9.953521e-01
1.163000e+01; 2.685031e+05; 9.724052e-01; 3.010378e+05; 1.000000e+00; 2.965406e+05; 9.951105e-01
1.163500e+01; 2.679002e+05; 9.714816e-01; 3.010036e+05; 1.000000e+00; 2.962994e+05; 9.948601e-01
1.164000e+01; 2.672838e+05; 9.704850e-01; 3.009670e+05; 1.000000e+00; 2.960486e+05; 9.946008e-01
1.164500e+01; 2.666450e+05; 9.695603e-01; 3.009276e+05; 1.000000e+00; 2.957879e+05; 9.943321e-01
1.165000e+01; 2.659935e+05; 9.685681e-01; 3.008855e+05; 1.000000e+00; 2.955171e+05; 9.940539e-01
1.165500e+01; 2.653211e+05; 9.676421e-01; 3.008404e+05; 1.000000e+00; 2.952360e+05; 9.937659e-01
1.166000e+01; 2.646366e+05; 9.666535e-01; 3.007922e+05; 1.000000e+00; 2.949443e+05; 9.934678e-01
1.166500e+01; 2.639328e+05; 9.657258e-01; 3.007406e+05; 1.000000e+00; 2.946417e+05; 9.931592e-01
1.167000e+01; 2.632178e+05; 9.647399e-01; 3.006855e+05; 1.000000e+00; 2.943280e+05; 9.928399e-01
1.167500e+01; 2.624848e+05; 9.638103e-01; 3.006266e+05; 1.000000e+00; 2.940030e+05; 9.925096e-01
1.168000e+01; 2.617414e+05; 9.628265e-01; 3.005638e+05; 1.000000e+00; 2.936664e+05; 9.921682e-01
1.168500e+01; 2.609814e+05; 9.618947e-01; 3.004969e+05; 1.000000e+00; 2.933182e+05; 9.918157e-01
1.169000e+01; 2.602118e+05; 9.609123e-01; 3.004256e+05; 1.000000e+00; 2.929585e+05; 9.914519e-01
1.169500e+01; 2.594268e+05; 9.599779e-01; 3.003496e+05; 1.000000e+00; 2.925873e+05; 9.910772e-01
1.170000e+01; 2.586331e+05; 9.589965e-01; 3.002689e+05; 1.000000e+00; 2.922049e+05; 9.906918e-01
1.170500e+01; 2.578253e+05; 9.580593e-01; 3.001830e+05; 1.000000e+00; 2.918117e+05; 9.902960e-01
1.171000e+01; 2.570095e+05; 9.570784e-01; 3.000917e+05; 1.000000e+00; 2.914080e+05; 9.898902e-01
1.171500e+01; 2.561808e+05; 9.561382e-01; 2.999948e+05; 1.000000e+00; 2.909941e+05; 9.894747e-01
1.172000e+01; 2.553448e+05; 9.551573e-01; 2.998920e+05; 1.000000e+00; 2.905704e+05; 9.890497e-01
1.172500e+01; 2.544970e+05; 9.542140e-01; 2.997831e+05; 1.000000e+00; 2.901370e+05; 9.886154e-01
1.173000e+01; 2.536426e+05; 9.532327e-01; 2.996676e+05; 1.000000e+00; 2.896939e+05; 9.881719e-01
1.173500e+01; 2.527775e+05; 9.522862e-01; 2.995454e+05; 1.000000e+00; 2.892411e+05; 9.877190e-01
1.174000e+01; 2.519065e+05; 9.513044e-01; 2.994160e+05; 1.000000e+00; 2.887784e+05; 9.872565e-01
1.174500e+01; 2.510257e+05; 9.503546e-01; 2.992793e+05; 1.000000e+00; 2.883054e+05; 9.867841e-01
1.175000e+01; 2.501397e+05; 9.493719e-01; 2.991348e+05; 1.000000e+00; 2.878218e+05; 9.863016e-01
1.175500e+01; 2.492447e+05; 9.484188e-01; 2.989823e+05; 1.000000e+00; 2.873273e+05; 9.858084e-01
1.176000e+01; 2.483451e+05; 9.474351e-01; 2.988214e+05; 1.000000e+00; 2.868216e+05; 9.853045e-01
1.176500e+01; 2.474375e+05; 9.464787e-01; 2.986517e+05; 1.000000e+00; 2.863042e+05; 9.847893e-01
1.177000e+01; 2.465258e+05; 9.454939e-01; 2.984729e+05; 1.000000e+00; 2.857748e+05; 9.842627e-01
1.177500e+01; 2.456067e+05; 9.445343e-01; 2.982846e+05; 1.000000e+00; 2.852332e+05; 9.837243e-01
1.178000e+01; 2.446841e+05; 9.435483e-01; 2.980865e+05; 1.000000e+00; 2.846791e+05; 9.831740e-01
1.178500e+01; 2.437549e+05; 9.425855e-01; 2.978782e+05; 1.000000e+00; 2.841121e+05; 9.826115e-01
1.179000e+01; 2.428226e+05; 9.415982e-01; 2.976593e+05; 1.000000e+00; 2.835321e+05; 9.820365e-01
1.179500e+01; 2.418843e+05; 9.406324e-01; 2.974295e+05; 1.000000e+00; 2.829387e+05; 9.814490e-01
1.180000e+01; 2.409433e+05; 9.396438e-01; 2.971883e+05; 1.000000e+00; 2.823318e+05; 9.808488e-01
1.180500e+01; 2.399970e+05; 9.386751e-01; 2.969354e+05; 1.000000e+00; 2.817113e+05; 9.802358e-01
1.181000e+01; 2.390484e+05; 9.376852e-01; 2.966703e+05; 1.000000e+00; 2.810772e+05; 9.796100e-01
1.181500e+01; 2.380950e+05; 9.367138e-01; 2.963928e+05; 1.000000e+00; 2.804294e+05; 9.789717e-01
1.182000e+01; 2.371395e+05; 9.357227e-01; 2.961022e+05; 1.000000e+00; 2.797681e+05; 9.783212e-01
1.182500e+01; 2.361798e+05; 9.347486e-01; 2.957984e+05; 1.000000e+00; 2.790938e+05; 9.776587e-01
1.183000e+01; 2.352183e+05; 9.337563e-01; 2.954809e+05; 1.000000e+00; 2.784067e+05; 9.769848e-01
1.183500e+01; 2.342531e+05; 9.327798e-01; 2.951492e+05; 1.000000e+00; 2.777073e+05; 9.763002e-01
1.184000e+01; 2.332863e+05; 9.317864e-01; 2.948029e+05; 1.000000e+00; 2.769964e+05; 9.756055e-01
1.184500e+01; 2.323162e+05; 9.308077e-01; 2.944417e+05; 1.000000e+00; 2.762743e+05; 9.749014e-01
1.185000e+01; 2.313448e+05; 9.298132e-01; 2.940652e+05; 1.000000e+00; 2.755417e+05; 9.741884e-01
1.185500e+01; 2.303704e+05; 9.288324e-01; 2.936728e+05; 1.000000e+00; 2.747990e+05; 9.734671e-01
1.186000e+01; 2.293950e+05; 9.278370e-01; 2.932643e+05; 1.000000e+00; 2.740466e+05; 9.727381e-01
1.186500e+01; 2.284168e+05; 9.268543e-01; 2.928392e+05; 1.000000e+00; 2.732848e+05; 9.720015e-01
1.187000e+01; 2.274378e+05; 9.258580e-01; 2.923971e+05; 1.000000e+00; 2.725136e+05; 9.712577e-01
1.187500e+01; 2.264564e+05; 9.248735e-01; 2.919374e+05; 1.000000e+00; 2.717332e+05; 9.705069e-01
1.188000e+01; 2.254742e+05; 9.238765e-01; 2.914599e+05; 1.000000e+00; 2.709436e+05; 9.697492e-01
1.188500e+01; 2.244899e+05; 9.228905e-01; 2.909641e+05; 1.000000e+00; 2.701447e+05; 9.689846e-01
1.189000e+01; 2.235051e+05; 9.218928e-01; 2.904496e+05; 1.000000e+00; 2.693366e+05; 9.682134e-01
1.189500e+01; 2.225183e+05; 9.209053e-01; 2.899158e+05; 1.000000e+00; 2.685191e+05; 9.674357e-01
1.190000e+01; 2.215310e+05; 9.199071e-01; 2.893625e+05; 1.000000e+00; 2.676923e+05; 9.666516e-01
1.190500e+01; 2.205420e+05; 9.189183e-01; 2.887892e+05; 1.000000e+00; 2.668563e+05; 9.658613e-01
1.191000e+01; 2.195526e+05; 9.179196e-01; 2.881957e+05; 1.000000e+00; 2.660110e+05; 9.650650e-01
1.191500e+01; 2.185618e+05; 9.169297e-01; 2.875815e+05; 1.000000e+00; 2.651565e+05; 9.642631e-01
1.192000e+01; 2.175706e+05; 9.159307e-01; 2.869464e+05; 1.000000e+00; 2.642928e+05; 9.634557e-01
1.192500e+01; 2.165780e+05; 9.149398e-01; 2.862902e+05; 1.000000e+00; 2.634202e+05; 9.626432e-01
1.193000e+01; 2.155852e+05; 9.139404e-01; 2.856129e+05; 1.000000e+00; 2.625386e+05; 9.618259e-01
1.193500e+01; 2.145911e+05; 9.129486e-01; 2.849143e+05; 1.000000e+00; 2.616482e+05; 9.610041e-01
1.194000e+01; 2.135969e+05; 9.119491e-01; 2.841944e+05; 1.000000e+00; 2.607490e+05; 9.601780e-01
1.194500e+01; 2.126015e+05; 9.109565e-01; 2.834533e+05; 1.000000e+00; 2.598412e+05; 9.593481e-01
1.195000e+01; 2.116060e+05; 9.099568e-01; 2.826912e+05; 1.000000e+00; 2.589248e+05; 9.585147e-01
1.195500e+01; 2.106094e+05; 9.089637e-01; 2.819080e+05; 1.000000e+00; 2.579999e+05; 9.576780e-01
1.196000e+01; 2.096127e+05; 9.079639e-01; 2.811040e+05; 1.000000e+00; 2.570665e+05; 9.568383e-01
1.196500e+01; 2.086151e+05; 9.069703e-01; 2.802793e+05; 1.000000e+00; 2.561248e+05; 9.559962e-01
1.197000e+01; 2.076174e+05; 9.059706e-01; 2.794340e+05; 1.000000e+00; 2.551747e+05; 9.551518e-01
1.197500e+01; 2.066187e+05; 9.049766e-01; 2.785681e+05; 1.000000e+00; 2.542164e+05; 9.543055e-01
1.198000e+01; 2.056200e+05; 9.039769e-01; 2.776815e+05; 1.000000e+00; 2.532499e+05; 9.534576e-01
1.198500e+01; 2.046205e+05; 9.029826e-01; 2.767742e+05; 1.000000e+00; 2.522752e+05; 9.526085e-01
1.199000e+01; 2.036208e+05; 9.019831e-01; 2.758459e+05; 1.000000e+00; 2.512923e+05; 9.517585e-01
1.199500e+01; 2.026204e+05; 9.009886e-01; 2.748965e+05; 1.000000e+00; 2.503013e+05; 9.509080e-01
1.200000e+01; 2.016198e+05; 8.999894e-01; 2.739257e+05; 1.000000e+00; 2.493023e+05; 9.500572e-01
1.200500e+01; 2.006185e+05; 8.989949e-01; 2.729330e+05; 1.000000e+00; 2.482951e+05; 9.492066e-01
1.201000e+01; 1.996170e+05; 8.979960e-01; 2.719180e+05; 1.000000e+00; 2.472798e+05; 9.483564e-01
1.201500e+01; 1.986148e+05; 8.970015e-01; 2.708804e+05; 1.000000e+00; 2.462564e+05; 9.475071e-01
1.202000e+01; 1.976124e+05; 8.960030e-01; 2.698197e+05; 1.000000e+00; 2.452249e+05; 9.466588e-01
1.202500e+01; 1.966093e+05; 8.950087e-01; 2.687355e+05; 1.000000e+00; 2.441852e+05; 9.458120e-01
1.203000e+01; 1.956060e+05; 8.940108e-01; 2.676275e+05; 1.000000e+00; 2.431374e+05; 9.449670e-01
1.203500e+01; 1.946019e+05; 8.930167e-01; 2.664953e+05; 1.000000e+00; 2.420814e+05; 9.441242e-01
1.204000e+01; 1.935976e+05; 8.920194e-01; 2.653386e+05; 1.000000e+00; 2.410171e+05; 9.432837e-01
1.204500e+01; 1.925925e+05; 8.910258e-01; 2.641574e+05; 1.000000e+00; 2.399445e+05; 9.424461e-01
1.205000e+01; 1.915872e+05; 8.900293e-01; 2.629515e+05; 1.000000e+00; 2.388636e+05; 9.416116e-01
1.205500e+01; 1.905810e+05; 8.890362e-01; 2.617210e+05; 1.000000e+00; 2.377743e+05; 9.407805e-01
1.206000e+01; 1.895745e+05; 8.880406e-01; 2.604660e+05; 1.000000e+00; 2.366765e+05; 9.399531e-01
1.206500e+01; 1.885671e+05; 8.870483e-01; 2.591868e+05; 1.000000e+00; 2.355701e+05; 9.391298e-01
1.207000e+01; 1.875594e+05; 8.860537e-01; 2.578837e+05; 1.000000e+00; 2.344551e+05; 9.383109e-01
1.207500e+01; 1.865507e+05; 8.850623e-01; 2.565573e+05; 1.000000e+00; 2.333313e+05; 9.374967e-01
1.208000e+01; 1.855416e+05; 8.840689e-01; 2.552079e+05; 1.000000e+00; 2.321987e+05; 9.366875e-01
1.208500e+01; 1.845315e+05; 8.830787e-01; 2.538364e+05; 1.000000e+00; 2.310573e+05; 9.358835e-01
1.209000e+01; 1.835209e+05; 8.820867e-01; 2.524433e+05; 1.000000e+00; 2.299068e+05; 9.350852e-01
1.209500e+01; 1.825093e+05; 8.810979e-01; 2.510292e+05; 1.000000e+00; 2.287472e+05; 9.342928e-01
1.210000e+01; 1.814970e+05; 8.801075e-01; 2.495950e+05; 1.000000e+00; 2.275783e+05; 9.335066e-01
1.210500e+01; 1.804837e+05; 8.791203e-01; 2.481412e+05; 1.000000e+00; 2.264001e+05; 9.327268e-01
1.211000e+01; 1.794696e+05; 8.781319e-01; 2.466685e+05; 1.000000e+00; 2.252124e+05; 9.319539e-01
1.211500e+01; 1.784545e+05; 8.771465e-01; 2.451775e+05; 1.000000e+00; 2.240151e+05; 9.311880e-01
1.212000e+01; 1.774384e+05; 8.761604e-01; 2.436686e+05; 1.000000e+00; 2.228081e+05; 9.304294e-01
1.212500e+01; 1.764212e+05; 8.751772e-01; 2.421425e+05; 1.000000e+00; 2.215912e+05; 9.296785e-01
1.213000e+01; 1.754030e+05; 8.741936e-01; 2.405995e+05; 1.000000e+00; 2.203643e+05; 9.289355e-01
1.213500e+01; 1.743835e+05; 8.732131e-01; 2.390400e+05; 1.000000e+00; 2.191273e+05; 9.282005e-01
1.214000e+01; 1.733630e+05; 8.722324e-01; 2.374643e+05; 1.000000e+00; 2.178801e+05; 9.274740e-01
1.214500e+01; 1.723411e+05; 8.712550e-01; 2.358727e+05; 1.000000e+00; 2.166226e+05; 9.267561e-01
1.215000e+01; 1.713180e+05; 8.702777e-01; 2.342657e+05; 1.000000e+00; 2.153545e+05; 9.260470e-01
1.215500e+01; 1.702935e+05; 8.693037e-01; 2.326434e+05; 1.000000e+00; 2.140760e+05; 9.253469e-01
1.216000e+01; 1.692677e+05; 8.683303e-01; 2.310062e+05; 1.000000e+00; 2.127867e+05; 9.246560e-01
1.216500e+01; 1.682404e+05; 8.673604e-01; 2.293544e+05; 1.000000e+00; 2.114868e+05; 9.239746e-01
1.217000e+01; 1.672117e+05; 8.663914e-01; 2.276882e+05; 1.000000e+00; 2.101760e+05; 9.233026e-01
1.217500e+01; 1.661813e+05; 8.654261e-01; 2.260081e+05; 1.000000e+00; 2.088544e+05; 9.226403e-01
1.218000e+01; 1.651495e+05; 8.644622e-01; 2.243143e+05; 1.000000e+00; 2.075220e+05; 9.219878e-01
1.218500e+01; 1.641160e+05; 8.635022e-01; 2.226072e+05; 1.000000e+00; 2.061787e+05; 9.213451e-01
1.219000e+01; 1.630809e+05; 8.625440e-01; 2.208872e+05; 1.000000e+00; 2.048244e+05; 9.207124e-01
1.219500e+01; 1.620440e+05; 8.615900e-01; 2.191546e+05; 1.000000e+00; 2.034593e+05; 9.200896e-01
1.220000e+01; 1.610054e+05; 8.606383e-01; 2.174099e+05; 1.000000e+00; 2.020833e+05; 9.194768e-01
1.220500e+01; 1.599650e+05; 8.596912e-01; 2.156533e+05; 1.000000e+00; 2.006965e+05; 9.188741e-01
1.221000e+01; 1.589228e+05; 8.587469e-01; 2.138853e+05; 1.000000e+00; 1.992988e+05; 9.182816e-01
1.221500e+01; 1.578787e+05; 8.578076e-01; 2.121063e+05; 1.000000e+00; 1.978902e+05; 9.176992e-01
1.222000e+01; 1.568328e+05; 8.568716e-01; 2.103166e+05; 1.000000e+00; 1.964708e+05; 9.171270e-01
1.222500e+01; 1.557849e+05; 8.559410e-01; 2.085167e+05; 1.000000e+00; 1.950406e+05; 9.165651e-01
1.223000e+01; 1.547351e+05; 8.550143e-01; 2.067068e+05; 1.000000e+00; 1.935994e+05; 9.160135e-01
1.223500e+01; 1.536834e+05; 8.540936e-01; 2.048873e+05; 1.000000e+00; 1.921473e+05; 9.154724e-01
1.224000e+01; 1.526297e+05; 8.531774e-01; 2.030587e+05; 1.000000e+00; 1.906842e+05; 9.149418e-01
1.224500e+01; 1.515740e+05; 8.522677e-01; 2.012213e+05; 1.000000e+00; 1.892101e+05; 9.144218e-01
1.225000e+01; 1.505164e+05; 8.513632e-01; 1.993753e+05; 1.000000e+00; 1.877248e+05; 9.139126e-01
1.225500e+01; 1.494568e+05; 8.504657e-01; 1.975213e+05; 1.000000e+00; 1.862282e+05; 9.134143e-01
1.226000e+01; 1.483953e+05; 8.495743e-01; 1.956594e+05; 1.000000e+00; 1.847202e+05; 9.129271e-01
1.226500e+01; 1.473318e+05; 8.486905e-01; 1.937900e+05; 1.000000e+00; 1.832007e+05; 9.124510e-01
1.227000e+01; 1.462664e+05; 8.478134e-01; 1.919135e+05; 1.000000e+00; 1.816697e+05; 9.119862e-01
1.227500e+01; 1.451990e+05; 8.469448e-01; 1.900301e+05; 1.000000e+00; 1.801269e+05; 9.115328e-01
1.228000e+01; 1.441299e+05; 8.460837e-01; 1.881402e+05; 1.000000e+00; 1.785723e+05; 9.110909e-01
1.228500e+01; 1.430589e+05; 8.452318e-01; 1.862441e+05; 1.000000e+00; 1.770059e+05; 9.106607e-01
1.229000e+01; 1.419861e+05; 8.443883e-01; 1.843419e+05; 1.000000e+00; 1.754276e+05; 9.102421e-01
1.229500e+01; 1.409115e+05; 8.435548e-01; 1.824341e+05; 1.000000e+00; 1.738374e+05; 9.098352e-01
1.230000e+01; 1.398354e+05; 8.427306e-01; 1.805209e+05; 1.000000e+00; 1.722353e+05; 9.094399e-01
1.230500e+01; 1.387576e+05; 8.419172e-01; 1.786025e+05; 1.000000e+00; 1.706213e+05; 9.090564e-01
1.231000e+01; 1.376783e+05; 8.411141e-01; 1.766791e+05; 1.000000e+00; 1.689955e+05; 9.086844e-01
1.231500e+01; 1.365975e+05; 8.403226e-01; 1.747512e+05; 1.000000e+00; 1.673580e+05; 9.083239e-01
1.232000e+01; 1.355153e+05; 8.395425e-01; 1.728187e+05; 1.000000e+00; 1.657090e+05; 9.079747e-01
1.232500e+01; 1.344319e+05; 8.387749e-01; 1.708821e+05; 1.000000e+00; 1.640487e+05; 9.076368e-01
1.233000e+01; 1.333473e+05; 8.380196e-01; 1.689415e+05; 1.000000e+00; 1.623772e+05; 9.073098e-01
1.233500e+01; 1.322615e+05; 8.372779e-01; 1.669971e+05; 1.000000e+00; 1.606948e+05; 9.069936e-01
1.234000e+01; 1.311749e+05; 8.365495e-01; 1.650492e+05; 1.000000e+00; 1.590018e+05; 9.066879e-01
1.234500e+01; 1.300873e+05; 8.358357e-01; 1.630978e+05; 1.000000e+00; 1.572983e+05; 9.063926e-01
1.235000e+01; 1.289989e+05; 8.351362e-01; 1.611433e+05; 1.000000e+00; 1.555847e+05; 9.061073e-01
1.235500e+01; 1.279099e+05; 8.344522e-01; 1.591857e+05; 1.000000e+00; 1.538612e+05; 9.058319e-01
1.236000e+01; 1.268204e+05; 8.337837e-01; 1.572253e+05; 1.000000e+00; 1.521282e+05; 9.055660e-01
1.236500e+01; 1.257305e+05; 8.331317e-01; 1.552621e+05; 1.000000e+00; 1.503858e+05; 9.053095e-01
1.237000e+01; 1.246403e+05; 8.324962e-01; 1.532965e+05; 1.000000e+00; 1.486344e+05; 9.050622e-01
1.237500e+01; 1.235500e+05; 8.318783e-01; 1.513284e+05; 1.000000e+00; 1.468742e+05; 9.048237e-01
1.238000e+01; 1.224598e+05; 8.312778e-01; 1.493581e+05; 1.000000e+00; 1.451055e+05; 9.045940e-01
1.238500e+01; 1.213697e+05; 8.306960e-01; 1.473857e+05; 1.000000e+00; 1.433284e+05; 9.043728e-01
1.239000e+01; 1.202800e+05; 8.301327e-01; 1.454113e+05; 1.000000e+00; 1.415434e+05; 9.041600e-01
1.239500e+01; 1.191908e+05; 8.295889e-01; 1.434351e+05; 1.000000e+00; 1.397505e+05; 9.039554e-01
1.240000e+01; 1.181023e+05; 8.290647e-01; 1.414571e+05; 1.000000e+00; 1.379500e+05; 9.037589e-01
1.240500e+01; 1.170148e+05; 8.285610e-01; 1.394774e+05; 1.000000e+00; 1.361421e+05; 9.035703e-01
1.241000e+01; 1.159284e+05; 8.280777e-01; 1.374962e+05; 1.000000e+00; 1.343270e+05; 9.033894e-01
1.241500e+01; 1.148433e+05; 8.276159e-01; 1.355136e+05; 1.000000e+00; 1.325051e+05; 9.032162e-01
1.242000e+01; 1.137599e+05; 8.271755e-01; 1.335296e+05; 1.000000e+00; 1.306764e+05; 9.030506e-01
1.242500e+01; 1.126782e+05; 8.267573e-01; 1.315444e+05; 1.000000e+00; 1.288413e+05; 9.028923e-01
1.243000e+01; 1.115986e+05; 8.263613e-01; 1.295579e+05; 1.000000e+00; 1.269999e+05; 9.027414e-01
1.243500e+01; 1.105213e+05; 8.259884e-01; 1.275704e+05; 1.000000e+00; 1.251526e+05; 9.025977e-01
1.244000e+01; 1.094465e+05; 8.256385e-01; 1.255818e+05; 1.000000e+00; 1.232995e+05; 9.024611e-01
1.244500e+01; 1.083746e+05; 8.253123e-01; 1.235923e+05; 1.000000e+00; 1.214409e+05; 9.023315e-01
1.245000e+01; 1.073056e+05; 8.250098e-01; 1.216018e+05; 1.000000e+00; 1.195770e+05; 9.022088e-01
1.245500e+01; 1.062398e+05; 8.247317e-01; 1.196105e+05; 1.000000e+00; 1.177083e+05; 9.020929e-01
1.246000e+01; 1.051775e+05; 8.244780e-01; 1.176185e+05; 1.000000e+00; 1.158348e+05; 9.019837e-01
1.246500e+01; 1.041187e+05; 8.242491e-01; 1.156257e+05; 1.000000e+00; 1.139570e+05; 9.018812e-01
1.247000e+01; 1.030637e+05; 8.240450e-01; 1.136322e+05; 1.000000e+00; 1.120751e+05; 9.017853e-01
1.247500e+01; 1.020124e+05; 8.238663e-01; 1.116380e+05; 1.000000e+00; 1.101893e+05; 9.016960e-01
1.248000e+01; 1.009651e+05; 8.237128e-01; 1.096433e+05; 1.000000e+00; 1.083001e+05; 9.016131e-01
1.248500e+01; 9.992161e+04; 8.235849e-01; 1.076480e+05; 1.000000e+00; 1.064078e+05; 9.015366e-01
1.249000e+01; 9.888206e+04; 8.234826e-01; 1.056522e+05; 1.000000e+00; 1.045125e+05; 9.014666e-01
1.249500e+01; 9.784637e+04; 8.234061e-01; 1.036559e+05; 1.000000e+00; 1.026147e+05; 9.014030e-01
1.250000e+01; 9.681446e+04; 8.233554e-01; 1.016592e+05; 1.000000e+00; 1.007148e+05; 9.013457e-01
1.250500e+01; 9.578623e+04; 8.233307e-01; 9.966198e+04; 1.000000e+00; 9.881294e+04; 9.012948e-01
1.251000e+01; 9.476154e+04; 8.233317e-01; 9.766441e+04; 1.000000e+00; 9.690958e+04; 9.012503e-01
1.251500e+01; 9.374023e+04; 8.233587e-01; 9.566646e+04; 1.000000e+00; 9.500504e+04; 9.012122e-01
1.252000e+01; 9.272213e+04; 8.234115e-01; 9.366818e+04; 1.000000e+00; 9.309967e+04; 9.011806e-01
1.252500e+01; 9.170705e+04; 8.234901e-01; 9.166957e+04; 1.000000e+00; 9.119384e+04; 9.011554e-01
1.253000e+01; 9.069480e+04; 8.235943e-01; 8.967066e+04; 1.000000e+00; 8.928789e+04; 9.011369e-01
1.253500e+01; 8.968519e+04; 8.237241e-01; 8.767148e+04; 1.000000e+00; 8.738220e+04; 9.011250e-01
1.254000e+01; 8.867804e+04; 8.238793e-01; 8.567205e+04; 1.000000e+00; 8.547714e+04; 9.011198e-01
1.254500e+01; 8.767319e+04; 8.240597e-01; 8.367238e+04; 1.000000e+00; 8.357308e+04; 9.011215e-01
1.255000e+01; 8.667047e+04; 8.242651e-01; 8.167249e+04; 1.000000e+00; 8.167041e+04; 9.011301e-01
1.255500e+01; 8.566976e+04; 8.244953e-01; 7.967242e+04; 1.000000e+00; 7.976949e+04; 9.011458e-01
1.256000e+01; 8.467095e+04; 8.247500e-01; 7.767217e+04; 1.000000e+00; 7.787072e+04; 9.011687e-01
1.256500e+01; 8.367394e+04; 8.250290e-01; 7.567177e+04; 1.000000e+00; 7.597449e+04; 9.011989e-01
1.257000e+01; 8.267868e+04; 8.253319e-01; 7.367124e+04; 1.000000e+00; 7.408119e+04; 9.012367e-01
1.257500e+01; 8.168511e+04; 8.256584e-01; 7.167060e+04; 1.000000e+00; 7.219121e+04; 9.012822e-01
1.258000e+01; 8.069321e+04; 8.260082e-01; 6.966989e+04; 1.000000e+00; 7.030495e+04; 9.013355e-01
1.258500e+01; 7.970297e+04; 8.263809e-01; 6.766911e+04; 1.000000e+00; 6.842281e+04; 9.013969e-01
1.259000e+01; 7.871439e+04; 8.267762e-01; 6.566831e+04; 1.000000e+00; 6.654518e+04; 9.014665e-01
1.259500e+01; 7.772747e+04; 8.271936e-01; 6.366751e+04; 1.000000e+00; 6.467246e+04; 9.015446e-01
1.260000e+01; 7.674223e+04; 8.276327e-01; 6.166675e+04; 1.000000e+00; 6.280507e+04; 9.016314e-01
1.260500e+01; 7.575868e+04; 8.280931e-01; 5.966606e+04; 1.000000e+00; 6.094339e+04; 9.017271e-01
1.261000e+01; 7.477683e+04; 8.285744e-01; 5.766547e+04; 1.000000e+00; 5.908783e+04; 9.018319e-01
1.261500e+01; 7.379666e+04; 8.290761e-01; 5.566504e+04; 1.000000e+00; 5.723879e+04; 9.019461e-01
1.262000e+01; 7.281816e+04; 8.295977e-01; 5.366481e+04; 1.000000e+00; 5.539667e+04; 9.020699e-01
1.262500e+01; 7.184131e+04; 8.301388e-01; 5.166482e+04; 1.000000e+00; 5.356187e+04; 9.022035e-01
1.263000e+01; 7.086607e+04; 8.306988e-01; 4.966514e+04; 1.000000e+00; 5.173479e+04; 9.023473e-01
1.263500e+01; 6.989237e+04; 8.312774e-01; 4.766583e+04; 1.000000e+00; 4.991582e+04; 9.025015e-01
1.264000e+01; 6.892015e+04; 8.318740e-01; 4.566695e+04; 1.000000e+00; 4.810536e+04; 9.026663e-01
1.264500e+01; 6.794931e+04; 8.324881e-01; 4.366858e+04; 1.000000e+00; 4.630380e+04; 9.028420e-01
1.265000e+01; 6.697976e+04; 8.331191e-01; 4.167079e+04; 1.000000e+00; 4.451152e+04; 9.030290e-01
1.265500e+01; 6.601138e+04; 8.337667e-01; 3.967368e+04; 1.000000e+00; 4.272891e+04; 9.032273e-01
1.266000e+01; 6.504406e+04; 8.344303e-01; 3.767734e+04; 1.000000e+00; 4.095634e+04; 9.034374e-01
1.266500e+01; 6.407766e+04; 8.351094e-01; 3.568188e+04; 1.000000e+00; 3.919419e+04; 9.036595e-01
1.267000e+01; 6.311206e+04; 8.358035e-01; 3.368739e+04; 1.000000e+00; 3.744282e+04; 9.038939e-01
1.267500e+01; 6.214712e+04; 8.365121e-01; 3.169402e+04; 1.000000e+00; 3.570259e+04; 9.041408e-01
1.268000e+01; 6.118271e+04; 8.372346e-01; 2.970188e+04; 1.000000e+00; 3.397384e+04; 9.044005e-01
1.268500e+01; 6.021868e+04; 8.379707e-01; 2.771112e+04; 1.000000e+00; 3.225689e+04; 9.046733e-01
1.269000e+01; 5.925493e+04; 8.387198e-01; 2.572190e+04; 1.000000e+00; 3.055207e+04; 9.049593e-01
1.269500e+01; 5.829132e+04; 8.394814e-01; 2.373437e+04; 1.000000e+00; 2.885968e+04; 9.052588e-01
1.270000e+01; 5.732773e+04; 8.402551e-01; 2.174872e+04; 1.000000e+00; 2.718000e+04; 9.055720e-01
1.270500e+01; 5.636405e+04; 8.410404e-01; 1.976512e+04; 1.000000e+00; 2.551329e+04; 9.058992e-01
1.271000e+01; 5.540018e+04; 8.418368e-01; 1.778379e+04; 1.000000e+00; 2.385980e+04; 9.062404e-01
1.271500e+01; 5.443602e+04; 8.426440e-01; 1.580494e+04; 1.000000e+00; 2.221973e+04; 9.065959e-01
1.272000e+01; 5.347149e+04; 8.434613e-01; 1.382880e+04; 1.000000e+00; 2.059329e+04; 9.069658e-01
1.272500e+01; 5.250650e+04; 8.442885e-01; 1.185560e+04; 1.000000e+00; 1.898064e+04; 9.073502e-01
1.273000e+01; 5.154097e+04; 8.451251e-01; 9.885621e+03; 1.000000e+00; 1.738192e+04; 9.077492e-01
1.273500e+01; 5.057486e+04; 8.459707e-01; 7.919121e+03; 1.000000e+00; 1.579724e+04; 9.081628e-01
1.274000e+01; 4.960809e+04; 8.468248e-01; 5.956394e+03; 1.000000e+00; 1.422669e+04; 9.085911e-01
1.274500e+01; 4.864061e+04; 8.476872e-01; 3.997746e+03; 1.000000e+00; 1.267033e+04; 9.090341e-01
1.275000e+01; 4.767239e+04; 8.485574e-01; 2.043496e+03; 1.000000e+00; 1.112818e+04; 9.094918e-01
1.275500e+01; 4.670338e+04; 8.494350e-01; 9.398299e+01; 1.000000e+00; 9.600264e+03; 9.099642e-01
1.276000e+01; 4.573355e+04; 8.503197e-01; -1.850439e+03; 1.000000e+00; 8.086553e+03; 9.104512e-01
1.276500e+01; 4.476288e+04; 8.512112e-01; -3.789400e+03; 1.000000e+00; 6.587008e+03; 9.109527e-01
1.277000e+01; 4.379133e+04; 8.521091e-01; -5.722512e+03; 1.000000e+00; 5.101569e+03; 9.114687e-01
1.277500e+01; 4.281890e+04; 8.530132e-01; -7.649372e+03; 1.000000e+00; 3.630156e+03; 9.119990e-01
1.278000e+01; 4.184558e+04; 8.539230e-01; -9.569560e+03; 1.000000e+00; 2.172672e+03; 9.125435e-01
1.278500e+01; 4.087135e+04; 8.548383e-01; -1.148264e+04; 1.000000e+00; 7.290066e+02; 9.131021e-01
1.279000e+01; 3.989620e+04; 8.557588e-01; -1.338816e+04; 1.000000e+00; -7.009649e+02; 9.136746e-01
1.279500e+01; 3.892015e+04; 8.566843e-01; -1.528565e+04; 1.000000e+00; -2.117377e+03; 9.142609e-01
1.280000e+01; 3.794319e+04; 8.576145e-01; -1.717462e+04; 1.000000e+00; -3.520372e+03; 9.148607e-01
1.280500e+01; 3.696532e+04; 8.585491e-01; -1.905459e+04; 1.000000e+00; -4.910102e+03; 9.154740e-01
1.281000e+01; 3.598656e+04; 8.594878e-01; -2.092503e+04; 1.000000e+00; -6.286723e+03; 9.161005e-01
1.281500e+01; 3.500691e+04; 8.604306e-01; -2.278542e+04; 1.000000e+00; -7.650399e+03; 9.167401e-01
1.282000e+01; 3.402639e+04; 8.613770e-01; -2.463522e+04; 1.000000e+00; -9.001296e+03; 9.173924e-01
1.282500e+01; 3.304502e+04; 8.623270e-01; -2.647388e+04; 1.000000e+00; -1.033959e+04; 9.180575e-01
1.283000e+01; 3.206281e+04; 8.632803e-01; -2.830083e+04; 1.000000e+00; -1.166544e+04; 9.187350e-01
1.283500e+01; 3.107978e+04; 8.642368e-01; -3.011550e+04; 1.000000e+00; -1.297905e+04; 9.194247e-01
1.284000e+01; 3.009595e+04; 8.651962e-01; -3.191730e+04; 1.000000e+00; -1.428058e+04; 9.201264e-01
1.284500e+01; 2.911134e+04; 8.661583e-01; -3.370563e+04; 1.000000e+00; -1.557023e+04; 9.208400e-01
1.285000e+01; 2.812599e+04; 8.671231e-01; -3.547990e+04; 1.000000e+00; -1.684820e+04; 9.215651e-01
1.285500e+01; 2.713990e+04; 8.680904e-01; -3.723949e+04; 1.000000e+00; -1.811468e+04; 9.223015e-01
1.286000e+01; 2.615311e+04; 8.690600e-01; -3.898377e+04; 1.000000e+00; -1.936987e+04; 9.230490e-01
1.286500e+01; 2.516564e+04; 8.700317e-01; -4.071212e+04; 1.000000e+00; -2.061398e+04; 9.238073e-01
1.287000e+01; 2.417753e+04; 8.710055e-01; -4.242392e+04; 1.000000e+00; -2.184724e+04; 9.245761e-01
1.287500e+01; 2.318879e+04; 8.719812e-01; -4.411852e+04; 1.000000e+00; -2.306986e+04; 9.253552e-01
1.288000e+01; 2.219945e+04; 8.729588e-01; -4.579530e+04; 1.000000e+00; -2.428207e+04; 9.261443e-01
1.288500e+01; 2.120955e+04; 8.739380e-01; -4.745360e+04; 1.000000e+00; -2.548410e+04; 9.269430e-01
1.289000e+01; 2.021911e+04; 8.749188e-01; -4.909280e+04; 1.000000e+00; -2.667619e+04; 9.277511e-01
1.289500e+01; 1.922815e+04; 8.759011e-01; -5.071225e+04; 1.000000e+00; -2.785858e+04; 9.285682e-01
1.290000e+01; 1.823671e+04; 8.768848e-01; -5.231132e+04; 1.000000e+00; -2.903151e+04; 9.293940e-01
1.290500e+01; 1.724482e+04; 8.778699e-01; -5.388939e+04; 1.000000e+00; -3.019523e+04; 9.302282e-01
1.291000e+01; 1.625249e+04; 8.788562e-01; -5.544584e+04; 1.000000e+00; -3.134998e+04; 9.310704e-01
1.291500e+01; 1.525977e+04; 8.798436e-01; -5.698006e+04; 1.000000e+00; -3.249601e+04; 9.319203e-01
1.292000e+01; 1.426668e+04; 8.808322e-01; -5.849145e+04; 1.000000e+00; -3.363355e+04; 9.327774e-01
1.292500e+01; 1.327324e+04; 8.818218e-01; -5.997943e+04; 1.000000e+00; -3.476284e+04; 9.336415e-01
1.293000e+01; 1.227949e+04; 8.828124e-01; -6.144345e+04; 1.000000e+00; -3.588412e+04; 9.345122e-01
1.293500e+01; 1.128544e+04; 8.838039e-01; -6.288296e+04; 1.000000e+00; -3.699760e+04; 9.353891e-01
1.294000e+01; 1.029114e+04; 8.847963e-01; -6.429745e+04; 1.000000e+00; -3.810350e+04; 9.362717e-01
1.294500e+01; 9.296595e+03; 8.857895e-01; -6.568644e+04; 1.000000e+00; -3.920204e+04; 9.371599e-01
1.295000e+01; 8.301846e+03; 8.867836e-01; -6.704946e+04; 1.000000e+00; -4.029340e+04; 9.380530e-01
1.295500e+01; 7.306915e+03; 8.877783e-01; -6.838610e+04; 1.000000e+00; -4.137776e+04; 9.389509e-01
1.296000e+01; 6.311831e+03; 8.887738e-01; -6.969597e+04; 1.000000e+00; -4.245531e+04; 9.398531e-01
1.296500e+01; 5.316619e+03; 8.897700e-01; -7.097872e+04; 1.000000e+00; -4.352620e+04; 9.407592e-01
1.297000e+01; 4.321307e+03; 8.907669e-01; -7.223405e+04; 1.000000e+00; -4.459057e+04; 9.416689e-01
1.297500e+01; 3.325922e+03; 8.917644e-01; -7.346169e+04; 1.000000e+00; -4.564855e+04; 9.425817e-01
1.298000e+01; 2.330492e+03; 8.927625e-01; -7.466142e+04; 1.000000e+00; -4.670026e+04; 9.434973e-01
1.298500e+01; 1.335044e+03; 8.937613e-01; -7.583307e+04; 1.000000e+00; -4.774580e+04; 9.444154e-01
1.299000e+01; 3.396066e+02; 8.947606e-01; -7.697649e+04; 1.000000e+00; -4.878524e+04; 9.453355e-01
1.299500e+01; -6.557910e+02; 8.957605e-01; -7.809161e+04; 1.000000e+00; -4.981867e+04; 9.462572e-01
1.300000e+01; -1.651119e+03; 8.967610e-01; -7.917839e+04; 1.000000e+00; -5.084612e+04; 9.471803e-01
1.300500e+01; -2.646349e+03; 8.977621e-01; -8.023680e+04; 1.000000e+00; -5.186764e+04; 9.481043e-01
1.301000e+01; -3.641448e+03; 8.987638e-01; -8.126691e+04; 1.000000e+00; -5.288323e+04; 9.490288e-01
1.301500e+01; -4.636384e+03; 8.997660e-01; -8.226877e+04; 1.000000e+00; -5.389292e+04; 9.499535e-01
1.302000e+01; -5.631125e+03; 9.007688e-01; -8.324252e+04; 1.000000e+00; -5.489668e+04; 9.508781e-01
1.302500e+01; -6.625637e+03; 9.017722e-01; -8.418829e+04; 1.000000e+00; -5.589448e+04; 9.518020e-01
1.303000e+01; -7.619882e+03; 9.027762e-01; -8.510626e+04; 1.000000e+00; -5.688627e+04; 9.527250e-01
1.303500e+01; -8.613825e+03; 9.037807e-01; -8.599665e+04; 1.000000e+00; -5.787201e+04; 9.536467e-01
1.304000e+01; -9.607425e+03; 9.047859e-01; -8.685968e+04; 1.000000e+00; -5.885161e+04; 9.545667e-01
1.304500e+01; -1.060064e+04; 9.057917e-01; -8.769563e+04; 1.000000e+00; -5.982498e+04; 9.554847e-01
1.305000e+01; -1.159343e+04; 9.067982e-01; -8.850476e+04; 1.000000e+00; -6.079201e+04; 9.564002e-01
1.305500e+01; -1.258575e+04; 9.078053e-01; -8.928739e+04; 1.000000e+00; -6.175260e+04; 9.573130e-01
1.306000e+01; -1.357755e+04; 9.088132e-01; -9.004382e+04; 1.000000e+00; -6.270659e+04; 9.582225e-01
1.306500e+01; -1.456878e+04; 9.098217e-01; -9.077440e+04; 1.000000e+00; -6.365386e+04; 9.591286e-01
1.307000e+01; -1.555939e+04; 9.108309e-01; -9.147948e+04; 1.000000e+00; -6.459424e+04; 9.600306e-01
1.307500e+01; -1.654932e+04; 9.118410e-01; -9.215942e+04; 1.000000e+00; -6.552756e+04; 9.609284e-01
1.308000e+01; -1.753851e+04; 9.128518e-01; -9.281459e+04; 1.000000e+00; -6.645364e+04; 9.618216e-01
1.308500e+01; -1.852690e+04; 9.138634e-01; -9.344539e+04; 1.000000e+00; -6.737228e+04; 9.627097e-01
1.309000e+01; -1.951442e+04; 9.148759e-01; -9.405223e+04; 1.000000e+00; -6.828328e+04; 9.635924e-01
1.309500e+01; -2.050101e+04; 9.158892e-01; -9.463552e+04; 1.000000e+00; -6.918643e+04; 9.644693e-01
1.310000e+01; -2.148658e+04; 9.169035e-01; -9.519570e+04; 1.000000e+00; -7.008150e+04; 9.653400e-01
1.310500e+01; -2.247106e+04; 9.179187e-01; -9.573320e+04; 1.000000e+00; -7.096827e+04; 9.662042e-01
1.311000e+01; -2.345436e+04; 9.189349e-01; -9.624849e+04; 1.000000e+00; -7.184648e+04; 9.670616e-01
1.311500e+01; -2.443640e+04; 9.199522e-01; -9.674203e+04; 1.000000e+00; -7.271591e+04; 9.679117e-01
1.312000e+01; -2.541708e+04; 9.209705e-01; -9.721431e+04; 1.000000e+00; -7.357629e+04; 9.687542e-01
1.312500e+01; -2.639630e+04; 9.219899e-01; -9.766583e+04; 1.000000e+00; -7.442737e+04; 9.695887e-01
1.313000e+01; -2.737396e+04; 9.230104e-01; -9.809709e+04; 1.000000e+00; -7.526888e+04; 9.704149e-01
1.313500e+01; -2.834995e+04; 9.240321e-01; -9.850863e+04; 1.000000e+00; -7.610057e+04; 9.712324e-01
1.314000e+01; -2.932414e+04; 9.250550e-01; -9.890096e+04; 1.000000e+00; -7.692215e+04; 9.720409e-01
1.314500e+01; -3.029642e+04; 9.260792e-01; -9.927464e+04; 1.000000e+00; -7.773337e+04; 9.728400e-01
1.315000e+01; -3.126666e+04; 9.271047e-01; -9.963022e+04; 1.000000e+00; -7.853394e+04; 9.736294e-01
1.315500e+01; -3.223471e+04; 9.281315e-01; -9.996826e+04; 1.000000e+00; -7.932361e+04; 9.744088e-01
1.316000e+01; -3.320043e+04; 9.291597e-01; -1.002893e+05; 1.000000e+00; -8.010211e+04; 9.751778e-01
1.316500e+01; -3.416367e+04; 9.301893e-01; -1.005940e+05; 1.000000e+00; -8.086916e+04; 9.759361e-01
1.317000e+01; -3.512427e+04; 9.312204e-01; -1.008828e+05; 1.000000e+00; -8.162451e+04; 9.766835e-01
1.317500e+01; -3.608205e+04; 9.322529e-01; -1.011564e+05; 1.000000e+00; -8.236791e+04; 9.774196e-01
1.318000e+01; -3.703685e+04; 9.332869e-01; -1.014153e+05; 1.000000e+00; -8.309911e+04; 9.781442e-01
1.318500e+01; -3.798847e+04; 9.343225e-01; -1.016600e+05; 1.000000e+00; -8.381788e+04; 9.788570e-01
1.319000e+01; -3.893672e+04; 9.353597e-01; -1.018913e+05; 1.000000e+00; -8.452397e+04; 9.795578e-01
1.319500e+01; -3.988139e+04; 9.363985e-01; -1.021095e+05; 1.000000e+00; -8.521718e+04; 9.802462e-01
1.320000e+01; -4.082228e+04; 9.374389e-01; -1.023154e+05; 1.000000e+00; -8.589731e+04; 9.809222e-01
1.320500e+01; -4.175915e+04; 9.384810e-01; -1.025093e+05; 1.000000e+00; -8.656415e+04; 9.815855e-01
1.321000e+01; -4.269177e+04; 9.395248e-01; -1.026919e+05; 1.000000e+00; -8.721753e+04; 9.822358e-01
1.321500e+01; -4.361991e+04; 9.405702e-01; -1.028637e+05; 1.000000e+00; -8.785730e+04; 9.828732e-01
1.322000e+01; -4.454330e+04; 9.416174e-01; -1.030252e+05; 1.000000e+00; -8.848330e+04; 9.834974e-01
1.322500e+01; -4.546168e+04; 9.426663e-01; -1.031768e+05; 1.000000e+00; -8.909542e+04; 9.841082e-01
1.323000e+01; -4.637478e+04; 9.437170e-01; -1.033191e+05; 1.000000e+00; -8.969352e+04; 9.847057e-01
1.323500e+01; -4.728232e+04; 9.447693e-01; -1.034526e+05; 1.000000e+00; -9.027754e+04; 9.852897e-01
1.324000e+01; -4.818399e+04; 9.458234e-01; -1.035777e+05; 1.000000e+00; -9.084738e+04; 9.858602e-01
1.324500e+01; -4.907949e+04; 9.468793e-01; -1.036948e+05; 1.000000e+00; -9.140299e+04; 9.864171e-01
1.325000e+01; -4.996851e+04; 9.479369e-01; -1.038043e+05; 1.000000e+00; -9.194433e+04; 9.869604e-01
1.325500e+01; -5.085072e+04; 9.489961e-01; -1.039067e+05; 1.000000e+00; -9.247138e+04; 9.874902e-01
1.326000e+01; -5.172579e+04; 9.500571e-01; -1.040024e+05; 1.000000e+00; -9.298413e+04; 9.880064e-01
1.326500e+01; -5.259335e+04; 9.511198e-01; -1.040917e+05; 1.000000e+00; -9.348260e+04; 9.885091e-01
1.327000e+01; -5.345306e+04; 9.521841e-01; -1.041750e+05; 1.000000e+00; -9.396680e+04; 9.889984e-01
1.327500e+01; -5.430456e+04; 9.532500e-01; -1.042526e+05; 1.000000e+00; -9.443678e+04; 9.894743e-01
1.328000e+01; -5.514745e+04; 9.543175e-01; -1.043249e+05; 1.000000e+00; -9.489259e+04; 9.899371e-01
1.328500e+01; -5.598136e+04; 9.553865e-01; -1.043922e+05; 1.000000e+00; -9.533429e+04; 9.903866e-01
1.329000e+01; -5.680588e+04; 9.564570e-01; -1.044548e+05; 1.000000e+00; -9.576197e+04; 9.908233e-01
1.329500e+01; -5.762062e+04; 9.575289e-01; -1.045130e+05; 1.000000e+00; -9.617571e+04; 9.912470e-01
1.330000e+01; -5.842516e+04; 9.586022e-01; -1.045670e+05; 1.000000e+00; -9.657561e+04; 9.916581e-01
1.330500e+01; -5.921908e+04; 9.596767e-01; -1.046171e+05; 1.000000e+00; -9.696177e+04; 9.920567e-01
1.331000e+01; -6.000195e+04; 9.607526e-01; -1.046635e+05; 1.000000e+00; -9.733432e+04; 9.924430e-01
1.331500e+01; -6.077334e+04; 9.618295e-01; -1.047065e+05; 1.000000e+00; -9.769336e+04; 9.928171e-01
1.332000e+01; -6.153281e+04; 9.629075e-01; -1.047463e+05; 1.000000e+00; -9.803904e+04; 9.931794e-01
1.332500e+01; -6.227990e+04; 9.639865e-01; -1.047831e+05; 1.000000e+00; -9.837149e+04; 9.935300e-01
1.333000e+01; -6.301417e+04; 9.650664e-01; -1.048171e+05; 1.000000e+00; -9.869085e+04; 9.938691e-01
1.333500e+01; -6.373516e+04; 9.661471e-01; -1.048485e+05; 1.000000e+00; -9.899725e+04; 9.941970e-01
1.334000e+01; -6.444241e+04; 9.672285e-01; -1.048775e+05; 1.000000e+00; -9.929087e+04; 9.945140e-01
1.334500e+01; -6.513545e+04; 9.683104e-01; -1.049041e+05; 1.000000e+00; -9.957184e+04; 9.948203e-01
1.335000e+01; -6.581384e+04; 9.693927e-01; -1.049287e+05; 1.000000e+00; -9.984032e+04; 9.951161e-01
1.335500e+01; -6.647709e+04; 9.704754e-01; -1.049512e+05; 1.000000e+00; -1.000965e+05; 9.954018e-01
1.336000e+01; -6.712475e+04; 9.715583e-01; -1.049719e+05; 1.000000e+00; -1.003405e+05; 9.956777e-01
1.336500e+01; -6.775636e+04; 9.726413e-01; -1.049908e+05; 1.000000e+00; -1.005725e+05; 9.959440e-01
1.337000e+01; -6.837144e+04; 9.737241e-01; -1.050081e+05; 1.000000e+00; -1.007927e+05; 9.962011e-01
1.337500e+01; -6.896955e+04; 9.748068e-01; -1.050240e+05; 1.000000e+00; -1.010013e+05; 9.964492e-01
1.338000e+01; -6.955023e+04; 9.758891e-01; -1.050383e+05; 1.000000e+00; -1.011985e+05; 9.966887e-01
1.338500e+01; -7.011302e+04; 9.769708e-01; -1.050514e+05; 1.000000e+00; -1.013843e+05; 9.969200e-01
1.339000e+01; -7.065750e+04; 9.780519e-01; -1.050632e+05; 1.000000e+00; -1.015591e+05; 9.971434e-01
1.339500e+01; -7.118321e+04; 9.791322e-01; -1.050739e+05; 1.000000e+00; -1.017229e+05; 9.973591e-01
1.340000e+01; -7.168973e+04; 9.802115e-01; -1.050835e+05; 1.000000e+00; -1.018760e+05; 9.975677e-01
1.340500e+01; -7.217665e+04; 9.812897e-01; -1.050920e+05; 1.000000e+00; -1.020185e+05; 9.977694e-01
1.341000e+01; -7.264356e+04; 9.823666e-01; -1.050996e+05; 1.000000e+00; -1.021507e+05; 9.979646e-01
1.341500e+01; -7.309005e+04; 9.834420e-01; -1.051063e+05; 1.000000e+00; -1.022727e+05; 9.981537e-01
1.342000e+01; -7.351575e+04; 9.845158e-01; -1.051121e+05; 1.000000e+00; -1.023847e+05; 9.983370e-01
1.342500e+01; -7.392029e+04; 9.855879e-01; -1.051170e+05; 1.000000e+00; -1.024868e+05; 9.985150e-01
1.343000e+01; -7.430331e+04; 9.866582e-01; -1.051212e+05; 1.000000e+00; -1.025793e+05; 9.986880e-01
1.343500e+01; -7.466446e+04; 9.877263e-01; -1.051246e+05; 1.000000e+00; -1.026623e+05; 9.988564e-01
1.344000e+01; -7.500343e+04; 9.887924e-01; -1.051273e+05; 1.000000e+00; -1.027359e+05; 9.990206e-01
1.344500e+01; -7.531991e+04; 9.898562e-01; -1.051292e+05; 1.000000e+00; -1.028004e+05; 9.991811e-01
1.345000e+01; -7.561362e+04; 9.909175e-01; -1.051305e+05; 1.000000e+00; -1.028558e+05; 9.993380e-01
1.345500e+01; -7.588427e+04; 9.919764e-01; -1.051311e+05; 1.000000e+00; -1.029023e+05; 9.994920e-01
1.346000e+01; -7.613162e+04; 9.930327e-01; -1.051310e+05; 1.000000e+00; -1.029401e+05; 9.996433e-01
1.346500e+01; -7.635545e+04; 9.940864e-01; -1.051302e+05; 1.000000e+00; -1.029692e+05; 9.997924e-01
1.347000e+01; -7.655555e+04; 9.951373e-01; -1.051288e+05; 1.000000e+00; -1.029898e+05; 9.999395e-01
1.347500e+01; -7.673173e+04; 9.961855e-01; -1.051267e+05; 1.000000e+00; -1.030020e+05; 1.000085e+00
1.348000e+01; -7.688383e+04; 9.972308e-01; -1.051239e+05; 1.000000e+00; -1.030059e+05; 1.000230e+00
1.348500e+01; -7.701170e+04; 9.982732e-01; -1.051204e+05; 1.000000e+00; -1.030015e+05; 1.000374e+00
1.349000e+01; -7.711524e+04; 9.993128e-01; -1.051163e+05; 1.000000e+00; -1.029890e+05; 1.000517e+00
1.349500e+01; -7.719434e+04; 1.000350e+00; -1.051114e+05; 1.000000e+00; -1.029684e+05; 1.000661e+00
1.350000e+01; -7.722207e+04; 1.001423e+00; -1.051057e+05; 1.000000e+00; -1.029398e+05; 1.000804e+00
1.350500e+01; -7.727373e+04; 1.002399e+00; -1.050993e+05; 1.000000e+00; -1.029032e+05; 1.000949e+00
1.351000e+01; -7.728632e+04; 1.003456e+00; -1.050921e+05; 1.000000e+00; -1.028586e+05; 1.001095e+00
1.351500e+01; -7.728059e+04; 1.004432e+00; -1.050841e+05; 1.000000e+00; -1.028062e+05; 1.001242e+00
1.352000e+01; -7.725211e+04; 1.005472e+00; -1.050752e+05; 1.000000e+00; -1.027458e+05; 1.001390e+00
1.352500e+01; -7.718989e+04; 1.006458e+00; -1.050654e+05; 1.000000e+00; -1.026776e+05; 1.001541e+00
1.353000e+01; -7.709109e+04; 1.007516e+00; -1.050546e+05; 1.000000e+00; -1.026015e+05; 1.001695e+00
1.353500e+01; -7.694378e+04; 1.008539e+00; -1.050429e+05; 1.000000e+00; -1.025174e+05; 1.001851e+00
1.354000e+01; -7.680355e+04; 1.009559e+00; -1.050300e+05; 1.000000e+00; -1.024255e+05; 1.002010e+00
1.354500e+01; -7.663795e+04; 1.010558e+00; -1.050161e+05; 1.000000e+00; -1.023256e+05; 1.002173e+00
1.355000e+01; -7.644970e+04; 1.011576e+00; -1.050009e+05; 1.000000e+00; -1.022177e+05; 1.002339e+00
1.355500e+01; -7.623640e+04; 1.012571e+00; -1.049845e+05; 1.000000e+00; -1.021018e+05; 1.002509e+00
1.356000e+01; -7.600097e+04; 1.013584e+00; -1.049668e+05; 1.000000e+00; -1.019779e+05; 1.002684e+00
1.356500e+01; -7.574098e+04; 1.014574e+00; -1.049477e+05; 1.000000e+00; -1.018457e+05; 1.002863e+00
1.357000e+01; -7.545928e+04; 1.015582e+00; -1.049271e+05; 1.000000e+00; -1.017054e+05; 1.003048e+00
1.357500e+01; -7.515362e+04; 1.016569e+00; -1.049050e+05; 1.000000e+00; -1.015569e+05; 1.003237e+00
1.358000e+01; -7.482672e+04; 1.017573e+00; -1.048812e+05; 1.000000e+00; -1.014000e+05; 1.003432e+00
1.358500e+01; -7.447654e+04; 1.018556e+00; -1.048556e+05; 1.000000e+00; -1.012346e+05; 1.003632e+00
1.359000e+01; -7.410568e+04; 1.019555e+00; -1.048282e+05; 1.000000e+00; -1.010608e+05; 1.003839e+00
1.359500e+01; -7.371228e+04; 1.020536e+00; -1.047989e+05; 1.000000e+00; -1.008784e+05; 1.004052e+00
1.360000e+01; -7.329880e+04; 1.021531e+00; -1.047675e+05; 1.000000e+00; -1.006872e+05; 1.004271e+00
1.360500e+01; -7.286359e+04; 1.022509e+00; -1.047338e+05; 1.000000e+00; -1.004874e+05; 1.004497e+00
1.361000e+01; -7.240897e+04; 1.023501e+00; -1.046979e+05; 1.000000e+00; -1.002786e+05; 1.004730e+00
1.361500e+01; -7.193346e+04; 1.024476e+00; -1.046595e+05; 1.000000e+00; -1.000609e+05; 1.004970e+00
1.362000e+01; -7.143928e+04; 1.025464e+00; -1.046186e+05; 1.000000e+00; -9.983408e+04; 1.005217e+00
1.362500e+01; -7.092509e+04; 1.026437e+00; -1.045749e+05; 1.000000e+00; -9.959812e+04; 1.005473e+00
1.363000e+01; -7.039299e+04; 1.027422e+00; -1.045284e+05; 1.000000e+00; -9.935289e+04; 1.005735e+00
1.363500e+01; -6.984180e+04; 1.028393e+00; -1.044789e+05; 1.000000e+00; -9.909830e+04; 1.006006e+00
1.364000e+01; -6.927350e+04; 1.029375e+00; -1.044262e+05; 1.000000e+00; -9.883424e+04; 1.006285e+00
1.364500e+01; -6.868704e+04; 1.030344e+00; -1.043701e+05; 1.000000e+00; -9.856062e+04; 1.006573e+00
1.365000e+01; -6.808432e+04; 1.031323e+00; -1.043106e+05; 1.000000e+00; -9.827734e+04; 1.006869e+00
1.365500e+01; -6.746437e+04; 1.032291e+00; -1.042473e+05; 1.000000e+00; -9.798430e+04; 1.007173e+00
1.366000e+01; -6.682901e+04; 1.033268e+00; -1.041802e+05; 1.000000e+00; -9.768141e+04; 1.007487e+00
1.366500e+01; -6.617739e+04; 1.034235e+00; -1.041089e+05; 1.000000e+00; -9.736857e+04; 1.007809e+00
1.367000e+01; -6.551121e+04; 1.035211e+00; -1.040334e+05; 1.000000e+00; -9.704570e+04; 1.008141e+00
1.367500e+01; -6.482972e+04; 1.036176e+00; -1.039535e+05; 1.000000e+00; -9.671271e+04; 1.008482e+00
1.368000e+01; -6.413453e+04; 1.037150e+00; -1.038688e+05; 1.000000e+00; -9.636949e+04; 1.008832e+00
1.368500e+01; -6.342499e+04; 1.038115e+00; -1.037792e+05; 1.000000e+00; -9.601598e+04; 1.009192e+00
1.369000e+01; -6.270261e+04; 1.039088e+00; -1.036845e+05; 1.000000e+00; -9.565208e+04; 1.009561e+00
1.369500e+01; -6.196680e+04; 1.040053e+00; -1.035844e+05; 1.000000e+00; -9.527772e+04; 1.009940e+00
1.370000e+01; -6.121900e+04; 1.041025e+00; -1.034787e+05; 1.000000e+00; -9.489281e+04; 1.010329e+00
1.370500e+01; -6.045868e+04; 1.041990e+00; -1.033671e+05; 1.000000e+00; -9.449730e+04; 1.010728e+00
1.371000e+01; -5.968721e+04; 1.042962e+00; -1.032494e+05; 1.000000e+00; -9.409113e+04; 1.011137e+00
1.371500e+01; -5.890411e+04; 1.043927e+00; -1.031253e+05; 1.000000e+00; -9.367425e+04; 1.011556e+00
1.372000e+01; -5.811067e+04; 1.044899e+00; -1.029946e+05; 1.000000e+00; -9.324663e+04; 1.011984e+00
1.372500e+01; -5.730646e+04; 1.045865e+00; -1.028569e+05; 1.000000e+00; -9.280824e+04; 1.012423e+00
1.373000e+01; -5.649268e+04; 1.046837e+00; -1.027121e+05; 1.000000e+00; -9.235908e+04; 1.012872e+00
1.373500e+01; -5.566897e+04; 1.047803e+00; -1.025598e+05; 1.000000e+00; -9.189910e+04; 1.013331e+00
1.374000e+01; -5.483644e+04; 1.048776e+00; -1.023996e+05; 1.000000e+00; -9.142828e+04; 1.013800e+00
1.374500e+01; -5.399477e+04; 1.049744e+00; -1.022314e+05; 1.000000e+00; -9.094655e+04; 1.014280e+00
1.375000e+01; -5.314501e+04; 1.050717e+00; -1.020549e+05; 1.000000e+00; -9.045383e+04; 1.014769e+00
1.375500e+01; -5.228686e+04; 1.051686e+00; -1.018696e+05; 1.000000e+00; -8.994999e+04; 1.015269e+00
1.376000e+01; -5.142131e+04; 1.052660e+00; -1.016753e+05; 1.000000e+00; -8.943492e+04; 1.015779e+00
1.376500e+01; -5.054808e+04; 1.053630e+00; -1.014717e+05; 1.000000e+00; -8.890848e+04; 1.016300e+00
1.377000e+01; -4.966810e+04; 1.054605e+00; -1.012585e+05; 1.000000e+00; -8.837056e+04; 1.016831e+00
1.377500e+01; -4.878111e+04; 1.055577e+00; -1.010352e+05; 1.000000e+00; -8.782109e+04; 1.017373e+00
1.378000e+01; -4.788798e+04; 1.056553e+00; -1.008017e+05; 1.000000e+00; -8.726003e+04; 1.017925e+00
1.378500e+01; -4.698849e+04; 1.057526e+00; -1.005575e+05; 1.000000e+00; -8.668738e+04; 1.018488e+00
1.379000e+01; -4.608342e+04; 1.058504e+00; -1.003024e+05; 1.000000e+00; -8.610321e+04; 1.019062e+00
1.379500e+01; -4.517257e+04; 1.059479e+00; -1.000359e+05; 1.000000e+00; -8.550761e+04; 1.019645e+00
1.380000e+01; -4.425669e+04; 1.060458e+00; -9.975779e+04; 1.000000e+00; -8.490067e+04; 1.020239e+00
1.380500e+01; -4.333558e+04; 1.061435e+00; -9.946766e+04; 1.000000e+00; -8.428252e+04; 1.020842e+00
1.381000e+01; -4.240993e+04; 1.062415e+00; -9.916518e+04; 1.000000e+00; -8.365324e+04; 1.021456e+00
1.381500e+01; -4.147956e+04; 1.063393e+00; -9.885001e+04; 1.000000e+00; -8.301294e+04; 1.022078e+00
1.382000e+01; -4.054511e+04; 1.064375e+00; -9.852180e+04; 1.000000e+00; -8.236168e+04; 1.022710e+00
1.382500e+01; -3.960641e+04; 1.065355e+00; -9.818022e+04; 1.000000e+00; -8.169953e+04; 1.023352e+00
1.383000e+01; -3.866404e+04; 1.066338e+00; -9.782491e+04; 1.000000e+00; -8.102653e+04; 1.024002e+00
1.383500e+01; -3.771786e+04; 1.067319e+00; -9.745555e+04; 1.000000e+00; -8.034273e+04; 1.024662e+00
1.384000e+01; -3.676840e+04; 1.068303e+00; -9.707178e+04; 1.000000e+00; -7.964819e+04; 1.025330e+00
1.384500e+01; -3.581552e+04; 1.069286e+00; -9.667328e+04; 1.000000e+00; -7.894295e+04; 1.026007e+00
1.385000e+01; -3.485971e+04; 1.070272e+00; -9.625972e+04; 1.000000e+00; -7.822709e+04; 1.026692e+00
1.385500e+01; -3.390083e+04; 1.071256e+00; -9.583077e+04; 1.000000e+00; -7.750067e+04; 1.027385e+00
1.386000e+01; -3.293935e+04; 1.072243e+00; -9.538610e+04; 1.000000e+00; -7.676376e+04; 1.028087e+00
1.386500e+01; -3.197513e+04; 1.073229e+00; -9.492541e+04; 1.000000e+00; -7.601646e+04; 1.028796e+00
1.387000e+01; -3.100859e+04; 1.074217e+00; -9.444838e+04; 1.000000e+00; -7.525885e+04; 1.029513e+00
1.387500e+01; -3.003960e+04; 1.075204e+00; -9.395471e+04; 1.000000e+00; -7.449101e+04; 1.030238e+00
1.388000e+01; -2.906854e+04; 1.076193e+00; -9.344410e+04; 1.000000e+00; -7.371305e+04; 1.030969e+00
1.388500e+01; -2.809531e+04; 1.077181e+00; -9.291626e+04; 1.000000e+00; -7.292506e+04; 1.031708e+00
1.389000e+01; -2.712024e+04; 1.078171e+00; -9.237091e+04; 1.000000e+00; -7.212713e+04; 1.032453e+00
1.389500e+01; -2.614322e+04; 1.079160e+00; -9.180778e+04; 1.000000e+00; -7.131935e+04; 1.033204e+00
1.390000e+01; -2.516458e+04; 1.080151e+00; -9.122660e+04; 1.000000e+00; -7.050181e+04; 1.033962e+00
1.390500e+01; -2.418419e+04; 1.081141e+00; -9.062711e+04; 1.000000e+00; -6.967461e+04; 1.034725e+00
1.391000e+01; -2.320236e+04; 1.082133e+00; -9.000906e+04; 1.000000e+00; -6.883784e+04; 1.035494e+00
1.391500e+01; -2.221897e+04; 1.083124e+00; -8.937223e+04; 1.000000e+00; -6.799157e+04; 1.036268e+00
1.392000e+01; -2.123429e+04; 1.084117e+00; -8.871638e+04; 1.000000e+00; -6.713590e+04; 1.037047e+00
1.392500e+01; -2.024822e+04; 1.085108e+00; -8.804129e+04; 1.000000e+00; -6.627089e+04; 1.037831e+00
1.393000e+01; -1.926099e+04; 1.086102e+00; -8.734676e+04; 1.000000e+00; -6.539663e+04; 1.038620e+00
1.393500e+01; -1.827250e+04; 1.087094e+00; -8.663260e+04; 1.000000e+00; -6.451319e+04; 1.039412e+00
1.394000e+01; -1.728298e+04; 1.088088e+00; -8.589863e+04; 1.000000e+00; -6.362062e+04; 1.040208e+00
1.394500e+01; -1.629232e+04; 1.089080e+00; -8.514467e+04; 1.000000e+00; -6.271900e+04; 1.041008e+00
1.395000e+01; -1.530073e+04; 1.090074e+00; -8.437057e+04; 1.000000e+00; -6.180838e+04; 1.041811e+00
1.395500e+01; -1.430810e+04; 1.091067e+00; -8.357620e+04; 1.000000e+00; -6.088881e+04; 1.042617e+00
1.396000e+01; -1.331461e+04; 1.092062e+00; -8.276140e+04; 1.000000e+00; -5.996035e+04; 1.043425e+00
1.396500e+01; -1.232017e+04; 1.093055e+00; -8.192606e+04; 1.000000e+00; -5.902303e+04; 1.044236e+00
1.397000e+01; -1.132494e+04; 1.094050e+00; -8.107006e+04; 1.000000e+00; -5.807690e+04; 1.045049e+00
1.397500e+01; -1.032882e+04; 1.095043e+00; -8.019327e+04; 1.000000e+00; -5.712198e+04; 1.045864e+00
1.398000e+01; -9.331973e+03; 1.096038e+00; -7.929560e+04; 1.000000e+00; -5.615831e+04; 1.046680e+00
1.398500e+01; -8.334290e+03; 1.097031e+00; -7.837694e+04; 1.000000e+00; -5.518591e+04; 1.047497e+00
1.399000e+01; -7.335908e+03; 1.098026e+00; -7.743717e+04; 1.000000e+00; -5.420480e+04; 1.048315e+00
1.399500e+01; -6.336734e+03; 1.099019e+00; -7.647620e+04; 1.000000e+00; -5.321499e+04; 1.049134e+00
1.400000e+01; -5.336885e+03; 1.100013e+00; -7.549394e+04; 1.000000e+00; -5.221649e+04; 1.049952e+00
1.400500e+01; -4.336272e+03; 1.101007e+00; -7.449029e+04; 1.000000e+00; -5.120930e+04; 1.050771e+00
1.401000e+01; -3.334998e+03; 1.102000e+00; -7.346518e+04; 1.000000e+00; -5.019343e+04; 1.051589e+00
1.401500e+01; -2.332975e+03; 1.102993e+00; -7.241857e+04; 1.000000e+00; -4.916885e+04; 1.052406e+00
1.402000e+01; -1.330294e+03; 1.103986e+00; -7.135041e+04; 1.000000e+00; -4.813557e+04; 1.053222e+00
1.402500e+01; -3.268669e+02; 1.104979e+00; -7.026071e+04; 1.000000e+00; -4.709357e+04; 1.054037e+00
1.403000e+01; 6.772258e+02; 1.105971e+00; -6.914948e+04; 1.000000e+00; -4.604283e+04; 1.054851e+00
1.403500e+01; 1.682069e+03; 1.106963e+00; -6.801678e+04; 1.000000e+00; -4.498331e+04; 1.055662e+00
1.404000e+01; 2.687596e+03; 1.107954e+00; -6.686269e+04; 1.000000e+00; -4.391500e+04; 1.056471e+00
1.404500e+01; 3.693888e+03; 1.108945e+00; -6.568733e+04; 1.000000e+00; -4.283785e+04; 1.057277e+00
1.405000e+01; 4.700889e+03; 1.109935e+00; -6.449083e+04; 1.000000e+00; -4.175184e+04; 1.058081e+00
1.405500e+01; 5.708680e+03; 1.110925e+00; -6.327336e+04; 1.000000e+00; -4.065691e+04; 1.058881e+00
1.406000e+01; 6.717211e+03; 1.111914e+00; -6.203510e+04; 1.000000e+00; -3.955303e+04; 1.059678e+00
1.406500e+01; 7.726565e+03; 1.112902e+00; -6.077624e+04; 1.000000e+00; -3.844014e+04; 1.060472e+00
1.407000e+01; 8.736700e+03; 1.113890e+00; -5.949699e+04; 1.000000e+00; -3.731820e+04; 1.061261e+00
1.407500e+01; 9.747695e+03; 1.114876e+00; -5.819758e+04; 1.000000e+00; -3.618714e+04; 1.062046e+00
1.408000e+01; 1.075952e+04; 1.115862e+00; -5.687823e+04; 1.000000e+00; -3.504692e+04; 1.062826e+00
1.408500e+01; 1.177225e+04; 1.116846e+00; -5.553917e+04; 1.000000e+00; -3.389746e+04; 1.063601e+00
1.409000e+01; 1.278585e+04; 1.117830e+00; -5.418064e+04; 1.000000e+00; -3.273872e+04; 1.064372e+00
1.409500e+01; 1.380042e+04; 1.118812e+00; -5.280291e+04; 1.000000e+00; -3.157062e+04; 1.065137e+00
1.410000e+01; 1.481591e+04; 1.119793e+00; -5.140622e+04; 1.000000e+00; -3.039310e+04; 1.065896e+00
1.410500e+01; 1.583242e+04; 1.120773e+00; -4.999084e+04; 1.000000e+00; -2.920609e+04; 1.066650e+00
1.411000e+01; 1.684992e+04; 1.121751e+00; -4.855706e+04; 1.000000e+00; -2.800953e+04; 1.067397e+00
1.411500e+01; 1.786849e+04; 1.122728e+00; -4.710516e+04; 1.000000e+00; -2.680334e+04; 1.068138e+00
1.412000e+01; 1.888812e+04; 1.123703e+00; -4.563544e+04; 1.000000e+00; -2.558746e+04; 1.068872e+00
1.412500e+01; 1.990887e+04; 1.124676e+00; -4.414820e+04; 1.000000e+00; -2.436182e+04; 1.069600e+00
1.413000e+01; 2.093075e+04; 1.125648e+00; -4.264377e+04; 1.000000e+00; -2.312635e+04; 1.070320e+00
1.413500e+01; 2.195381e+04; 1.126617e+00; -4.112246e+04; 1.000000e+00; -2.188098e+04; 1.071033e+00
1.414000e+01; 2.297806e+04; 1.127585e+00; -3.958462e+04; 1.000000e+00; -2.062564e+04; 1.071739e+00
1.414500e+01; 2.400355e+04; 1.128549e+00; -3.803057e+04; 1.000000e+00; -1.936027e+04; 1.072437e+00
1.415000e+01; 2.503029e+04; 1.129512e+00; -3.646066e+04; 1.000000e+00; -1.808480e+04; 1.073127e+00
1.415500e+01; 2.605834e+04; 1.130472e+00; -3.487525e+04; 1.000000e+00; -1.679917e+04; 1.073809e+00
1.416000e+01; 2.708770e+04; 1.131429e+00; -3.327467e+04; 1.000000e+00; -1.550332e+04; 1.074483e+00
1.416500e+01; 2.811842e+04; 1.132383e+00; -3.165929e+04; 1.000000e+00; -1.419718e+04; 1.075148e+00
1.417000e+01; 2.915050e+04; 1.133335e+00; -3.002946e+04; 1.000000e+00; -1.288070e+04; 1.075805e+00
1.417500e+01; 3.018400e+04; 1.134282e+00; -2.838553e+04; 1.000000e+00; -1.155382e+04; 1.076453e+00
1.418000e+01; 3.121891e+04; 1.135227e+00; -2.672787e+04; 1.000000e+00; -1.021649e+04; 1.077092e+00
1.418500e+01; 3.225529e+04; 1.136168e+00; -2.505682e+04; 1.000000e+00; -8.868659e+03; 1.077722e+00
1.419000e+01; 3.329312e+04; 1.137105e+00; -2.337274e+04; 1.000000e+00; -7.510284e+03; 1.078343e+00
1.419500e+01; 3.433245e+04; 1.138037e+00; -2.167599e+04; 1.000000e+00; -6.141319e+03; 1.078955e+00
1.420000e+01; 3.537328e+04; 1.138966e+00; -1.996691e+04; 1.000000e+00; -4.761721e+03; 1.079557e+00
1.420500e+01; 3.641564e+04; 1.139890e+00; -1.824585e+04; 1.000000e+00; -3.371452e+03; 1.080150e+00
1.421000e+01; 3.745952e+04; 1.140809e+00; -1.651316e+04; 1.000000e+00; -1.970476e+03; 1.080733e+00
1.421500e+01; 3.850495e+04; 1.141723e+00; -1.476919e+04; 1.000000e+00; -5.587585e+02; 1.081307e+00
1.422000e+01; 3.955192e+04; 1.142632e+00; -1.301426e+04; 1.000000e+00; 8.637304e+02; 1.081870e+00
1.422500e+01; 4.060045e+04; 1.143536e+00; -1.124872e+04; 1.000000e+00; 2.297019e+03; 1.082424e+00
1.423000e+01; 4.165052e+04; 1.144433e+00; -9.472904e+03; 1.000000e+00; 3.741134e+03; 1.082968e+00
1.423500e+01; 4.270213e+04; 1.145324e+00; -7.687131e+03; 1.000000e+00; 5.196095e+03; 1.083501e+00
1.424000e+01; 4.375528e+04; 1.146209e+00; -5.891729e+03; 1.000000e+00; 6.661923e+03; 1.084025e+00
1.424500e+01; 4.480996e+04; 1.147087e+00; -4.087016e+03; 1.000000e+00; 8.138630e+03; 1.084538e+00
1.425000e+01; 4.586614e+04; 1.147959e+00; -2.273307e+03; 1.000000e+00; 9.626226e+03; 1.085041e+00
1.425500e+01; 4.692382e+04; 1.148822e+00; -4.509117e+02; 1.000000e+00; 1.112471e+04; 1.085534e+00
1.426000e+01; 4.798296e+04; 1.149678e+00; 1.379866e+03; 1.000000e+00; 1.263409e+04; 1.086016e+00
1.426500e+01; 4.904355e+04; 1.150526e+00; 3.218726e+03; 1.000000e+00; 1.415434e+04; 1.086488e+00
1.427000e+01; 5.010553e+04; 1.151366e+00; 5.065375e+03; 1.000000e+00; 1.568546e+04; 1.086949e+00
1.427500e+01; 5.116889e+04; 1.152197e+00; 6.919525e+03; 1.000000e+00; 1.722740e+04; 1.087400e+00
1.428000e+01; 5.223357e+04; 1.153019e+00; 8.780893e+03; 1.000000e+00; 1.878013e+04; 1.087841e+00
1.428500e+01; 5.329954e+04; 1.153831e+00; 1.064920e+04; 1.000000e+00; 2.034360e+04; 1.088271e+00
1.429000e+01; 5.436673e+04; 1.154633e+00; 1.252418e+04; 1.000000e+00; 2.191776e+04; 1.088691e+00
1.429500e+01; 5.543510e+04; 1.155425e+00; 1.440557e+04; 1.000000e+00; 2.350253e+04; 1.089100e+00
1.430000e+01; 5.650458e+04; 1.156207e+00; 1.629310e+04; 1.000000e+00; 2.509783e+04; 1.089499e+00
1.430500e+01; 5.757511e+04; 1.156977e+00; 1.818653e+04; 1.000000e+00; 2.670358e+04; 1.089888e+00
1.431000e+01; 5.864662e+04; 1.157736e+00; 2.008561e+04; 1.000000e+00; 2.831968e+04; 1.090267e+00
1.431500e+01; 5.971903e+04; 1.158484e+00; 2.199010e+04; 1.000000e+00; 2.994601e+04; 1.090635e+00
1.432000e+01; 6.079226e+04; 1.159218e+00; 2.389977e+04; 1.000000e+00; 3.158247e+04; 1.090993e+00
1.432500e+01; 6.186623e+04; 1.159941e+00; 2.581439e+04; 1.000000e+00; 3.322892e+04; 1.091342e+00
1.433000e+01; 6.294085e+04; 1.160650e+00; 2.773374e+04; 1.000000e+00; 3.488524e+04; 1.091680e+00
1.433500e+01; 6.401602e+04; 1.161345e+00; 2.965761e+04; 1.000000e+00; 3.655128e+04; 1.092008e+00
1.434000e+01; 6.509166e+04; 1.162027e+00; 3.158579e+04; 1.000000e+00; 3.822690e+04; 1.092327e+00
1.434500e+01; 6.616765e+04; 1.162694e+00; 3.351809e+04; 1.000000e+00; 3.991194e+04; 1.092636e+00
1.435000e+01; 6.724390e+04; 1.163347e+00; 3.545430e+04; 1.000000e+00; 4.160624e+04; 1.092936e+00
1.435500e+01; 6.832030e+04; 1.163984e+00; 3.739425e+04; 1.000000e+00; 4.330964e+04; 1.093226e+00
1.436000e+01; 6.939672e+04; 1.164606e+00; 3.933775e+04; 1.000000e+00; 4.502196e+04; 1.093506e+00
1.436500e+01; 7.047307e+04; 1.165212e+00; 4.128463e+04; 1.000000e+00; 4.674302e+04; 1.093778e+00
1.437000e+01; 7.154922e+04; 1.165801e+00; 4.323472e+04; 1.000000e+00; 4.847263e+04; 1.094040e+00
1.437500e+01; 7.262505e+04; 1.166373e+00; 4.518787e+04; 1.000000e+00; 5.021060e+04; 1.094293e+00
1.438000e+01; 7.370045e+04; 1.166928e+00; 4.714391e+04; 1.000000e+00; 5.195674e+04; 1.094537e+00
1.438500e+01; 7.477529e+04; 1.167466e+00; 4.910269e+04; 1.000000e+00; 5.371082e+04; 1.094773e+00
1.439000e+01; 7.584945e+04; 1.167985e+00; 5.106408e+04; 1.000000e+00; 5.547264e+04; 1.095000e+00
1.439500e+01; 7.692281e+04; 1.168486e+00; 5.302794e+04; 1.000000e+00; 5.724199e+04; 1.095218e+00
1.440000e+01; 7.799524e+04; 1.168968e+00; 5.499413e+04; 1.000000e+00; 5.901862e+04; 1.095427e+00
1.440500e+01; 7.906662e+04; 1.169431e+00; 5.696254e+04; 1.000000e+00; 6.080232e+04; 1.095629e+00
1.441000e+01; 8.013683e+04; 1.169875e+00; 5.893303e+04; 1.000000e+00; 6.259285e+04; 1.095821e+00
1.441500e+01; 8.120576e+04; 1.170298e+00; 6.090550e+04; 1.000000e+00; 6.438995e+04; 1.096006e+00
1.442000e+01; 8.227329e+04; 1.170701e+00; 6.287983e+04; 1.000000e+00; 6.619339e+04; 1.096183e+00
1.442500e+01; 8.333930e+04; 1.171084e+00; 6.485592e+04; 1.000000e+00; 6.800291e+04; 1.096351e+00
1.443000e+01; 8.440368e+04; 1.171446e+00; 6.683367e+04; 1.000000e+00; 6.981826e+04; 1.096512e+00
1.443500e+01; 8.546634e+04; 1.171786e+00; 6.881299e+04; 1.000000e+00; 7.163916e+04; 1.096665e+00
1.444000e+01; 8.652717e+04; 1.172105e+00; 7.079377e+04; 1.000000e+00; 7.346535e+04; 1.096810e+00
1.444500e+01; 8.758609e+04; 1.172403e+00; 7.277595e+04; 1.000000e+00; 7.529656e+04; 1.096947e+00
1.445000e+01; 8.864299e+04; 1.172678e+00; 7.475942e+04; 1.000000e+00; 7.713250e+04; 1.097077e+00
1.445500e+01; 8.969782e+04; 1.172932e+00; 7.674412e+04; 1.000000e+00; 7.897290e+04; 1.097199e+00
1.446000e+01; 9.075049e+04; 1.173163e+00; 7.872997e+04; 1.000000e+00; 8.081748e+04; 1.097314e+00
1.446500e+01; 9.180094e+04; 1.173371e+00; 8.071689e+04; 1.000000e+00; 8.266593e+04; 1.097421e+00
1.447000e+01; 9.284912e+04; 1.173557e+00; 8.270483e+04; 1.000000e+00; 8.451796e+04; 1.097521e+00
1.447500e+01; 9.389499e+04; 1.173720e+00; 8.469370e+04; 1.000000e+00; 8.637327e+04; 1.097614e+00
1.448000e+01; 9.493850e+04; 1.173859e+00; 8.668345e+04; 1.000000e+00; 8.823156e+04; 1.097699e+00
1.448500e+01; 9.597964e+04; 1.173976e+00; 8.867403e+04; 1.000000e+00; 9.009253e+04; 1.097777e+00
1.449000e+01; 9.701837e+04; 1.174069e+00; 9.066536e+04; 1.000000e+00; 9.195584e+04; 1.097847e+00
1.449500e+01; 9.805469e+04; 1.174139e+00; 9.265740e+04; 1.000000e+00; 9.382120e+04; 1.097910e+00
1.450000e+01; 9.908860e+04; 1.174185e+00; 9.465010e+04; 1.000000e+00; 9.568828e+04; 1.097966e+00
1.450500e+01; 1.001201e+05; 1.174208e+00; 9.664339e+04; 1.000000e+00; 9.755675e+04; 1.098014e+00
1.451000e+01; 1.011492e+05; 1.174208e+00; 9.863724e+04; 1.000000e+00; 9.942629e+04; 1.098055e+00
1.451500e+01; 1.021759e+05; 1.174184e+00; 1.006316e+05; 1.000000e+00; 1.012966e+05; 1.098088e+00
1.452000e+01; 1.032002e+05; 1.174137e+00; 1.026264e+05; 1.000000e+00; 1.031672e+05; 1.098114e+00
1.452500e+01; 1.042222e+05; 1.174066e+00; 1.046216e+05; 1.000000e+00; 1.050380e+05; 1.098133e+00
1.453000e+01; 1.052418e+05; 1.173972e+00; 1.066172e+05; 1.000000e+00; 1.069084e+05; 1.098144e+00
1.453500e+01; 1.062592e+05; 1.173855e+00; 1.086131e+05; 1.000000e+00; 1.087783e+05; 1.098147e+00
1.454000e+01; 1.072743e+05; 1.173715e+00; 1.106092e+05; 1.000000e+00; 1.106471e+05; 1.098142e+00
1.454500e+01; 1.082872e+05; 1.173552e+00; 1.126056e+05; 1.000000e+00; 1.125147e+05; 1.098130e+00
1.455000e+01; 1.092978e+05; 1.173366e+00; 1.146022e+05; 1.000000e+00; 1.143806e+05; 1.098110e+00
1.455500e+01; 1.103064e+05; 1.173157e+00; 1.165989e+05; 1.000000e+00; 1.162444e+05; 1.098081e+00
1.456000e+01; 1.113128e+05; 1.172926e+00; 1.185957e+05; 1.000000e+00; 1.181059e+05; 1.098045e+00
1.456500e+01; 1.123171e+05; 1.172673e+00; 1.205925e+05; 1.000000e+00; 1.199646e+05; 1.098000e+00
1.457000e+01; 1.133194e+05; 1.172397e+00; 1.225892e+05; 1.000000e+00; 1.218202e+05; 1.097946e+00
1.457500e+01; 1.143198e+05; 1.172100e+00; 1.245860e+05; 1.000000e+00; 1.236724e+05; 1.097885e+00
1.458000e+01; 1.153182e+05; 1.171782e+00; 1.265825e+05; 1.000000e+00; 1.255208e+05; 1.097814e+00
1.458500e+01; 1.163147e+05; 1.171442e+00; 1.285789e+05; 1.000000e+00; 1.273650e+05; 1.097735e+00
1.459000e+01; 1.173095e+05; 1.171081e+00; 1.305751e+05; 1.000000e+00; 1.292046e+05; 1.097647e+00
1.459500e+01; 1.183024e+05; 1.170699e+00; 1.325709e+05; 1.000000e+00; 1.310394e+05; 1.097549e+00
1.460000e+01; 1.192937e+05; 1.170297e+00; 1.345664e+05; 1.000000e+00; 1.328690e+05; 1.097443e+00
1.460500e+01; 1.202833e+05; 1.169875e+00; 1.365614e+05; 1.000000e+00; 1.346930e+05; 1.097327e+00
1.461000e+01; 1.212713e+05; 1.169433e+00; 1.385558e+05; 1.000000e+00; 1.365110e+05; 1.097201e+00
1.461500e+01; 1.222579e+05; 1.168972e+00; 1.405497e+05; 1.000000e+00; 1.383227e+05; 1.097066e+00
1.462000e+01; 1.232430e+05; 1.168492e+00; 1.425429e+05; 1.000000e+00; 1.401279e+05; 1.096920e+00
1.462500e+01; 1.242267e+05; 1.167993e+00; 1.445353e+05; 1.000000e+00; 1.419260e+05; 1.096764e+00
1.463000e+01; 1.252092e+05; 1.167476e+00; 1.465267e+05; 1.000000e+00; 1.437169e+05; 1.096598e+00
1.463500e+01; 1.261904e+05; 1.166941e+00; 1.485173e+05; 1.000000e+00; 1.455001e+05; 1.096422e+00
1.464000e+01; 1.271705e+05; 1.166389e+00; 1.505067e+05; 1.000000e+00; 1.472754e+05; 1.096235e+00
1.464500e+01; 1.281496e+05; 1.165820e+00; 1.524949e+05; 1.000000e+00; 1.490424e+05; 1.096037e+00
1.465000e+01; 1.291276e+05; 1.165234e+00; 1.544817e+05; 1.000000e+00; 1.508008e+05; 1.095828e+00
1.465500e+01; 1.301047e+05; 1.164631e+00; 1.564671e+05; 1.000000e+00; 1.525503e+05; 1.095608e+00
1.466000e+01; 1.310810e+05; 1.164013e+00; 1.584509e+05; 1.000000e+00; 1.542907e+05; 1.095376e+00
1.466500e+01; 1.320565e+05; 1.163379e+00; 1.604330e+05; 1.000000e+00; 1.560217e+05; 1.095133e+00
1.467000e+01; 1.330313e+05; 1.162731e+00; 1.624131e+05; 1.000000e+00; 1.577429e+05; 1.094878e+00
1.467500e+01; 1.340055e+05; 1.162067e+00; 1.643911e+05; 1.000000e+00; 1.594541e+05; 1.094612e+00
1.468000e+01; 1.349792e+05; 1.161390e+00; 1.663670e+05; 1.000000e+00; 1.611551e+05; 1.094333e+00
1.468500e+01; 1.359524e+05; 1.160698e+00; 1.683403e+05; 1.000000e+00; 1.628456e+05; 1.094042e+00
1.469000e+01; 1.369251e+05; 1.159993e+00; 1.703111e+05; 1.000000e+00; 1.645254e+05; 1.093739e+00
1.469500e+01; 1.378976e+05; 1.159276e+00; 1.722790e+05; 1.000000e+00; 1.661942e+05; 1.093423e+00
1.470000e+01; 1.388698e+05; 1.158545e+00; 1.742439e+05; 1.000000e+00; 1.678520e+05; 1.093096e+00
1.470500e+01; 1.398418e+05; 1.157803e+00; 1.762055e+05; 1.000000e+00; 1.694984e+05; 1.092755e+00
1.471000e+01; 1.408136e+05; 1.157049e+00; 1.781637e+05; 1.000000e+00; 1.711333e+05; 1.092402e+00
1.471500e+01; 1.417854e+05; 1.156283e+00; 1.801180e+05; 1.000000e+00; 1.727565e+05; 1.092035e+00
1.472000e+01; 1.427572e+05; 1.155506e+00; 1.820684e+05; 1.000000e+00; 1.743679e+05; 1.091656e+00
1.472500e+01; 1.437291e+05; 1.154719e+00; 1.840145e+05; 1.000000e+00; 1.759674e+05; 1.091265e+00
1.473000e+01; 1.447010e+05; 1.153922e+00; 1.859560e+05; 1.000000e+00; 1.775549e+05; 1.090860e+00
1.473500e+01; 1.456731e+05; 1.153115e+00; 1.878927e+05; 1.000000e+00; 1.791301e+05; 1.090442e+00
1.474000e+01; 1.466454e+05; 1.152298e+00; 1.898242e+05; 1.000000e+00; 1.806931e+05; 1.090011e+00
1.474500e+01; 1.476180e+05; 1.151472e+00; 1.917503e+05; 1.000000e+00; 1.822438e+05; 1.089567e+00
1.475000e+01; 1.485909e+05; 1.150638e+00; 1.936705e+05; 1.000000e+00; 1.837821e+05; 1.089109e+00
1.475500e+01; 1.495641e+05; 1.149795e+00; 1.955846e+05; 1.000000e+00; 1.853079e+05; 1.088639e+00
1.476000e+01; 1.505377e+05; 1.148943e+00; 1.974922e+05; 1.000000e+00; 1.868212e+05; 1.088156e+00
1.476500e+01; 1.515117e+05; 1.148085e+00; 1.993929e+05; 1.000000e+00; 1.883221e+05; 1.087660e+00
1.477000e+01; 1.524862e+05; 1.147218e+00; 2.012864e+05; 1.000000e+00; 1.898104e+05; 1.087151e+00
1.477500e+01; 1.534612e+05; 1.146345e+00; 2.031723e+05; 1.000000e+00; 1.912863e+05; 1.086628e+00
1.478000e+01; 1.544367e+05; 1.145465e+00; 2.050501e+05; 1.000000e+00; 1.927496e+05; 1.086093e+00
1.478500e+01; 1.554127e+05; 1.144578e+00; 2.069195e+05; 1.000000e+00; 1.942005e+05; 1.085546e+00
1.479000e+01; 1.563893e+05; 1.143686e+00; 2.087800e+05; 1.000000e+00; 1.956390e+05; 1.084985e+00
1.479500e+01; 1.573665e+05; 1.142787e+00; 2.106313e+05; 1.000000e+00; 1.970651e+05; 1.084413e+00
1.480000e+01; 1.583443e+05; 1.141882e+00; 2.124728e+05; 1.000000e+00; 1.984789e+05; 1.083827e+00
1.480500e+01; 1.593226e+05; 1.140972e+00; 2.143041e+05; 1.000000e+00; 1.998805e+05; 1.083230e+00
1.481000e+01; 1.603016e+05; 1.140057e+00; 2.161248e+05; 1.000000e+00; 2.012700e+05; 1.082620e+00
1.481500e+01; 1.612812e+05; 1.139137e+00; 2.179344e+05; 1.000000e+00; 2.026474e+05; 1.081998e+00
1.482000e+01; 1.622614e+05; 1.138213e+00; 2.197324e+05; 1.000000e+00; 2.040128e+05; 1.081364e+00
1.482500e+01; 1.632423e+05; 1.137284e+00; 2.215184e+05; 1.000000e+00; 2.053664e+05; 1.080719e+00
1.483000e+01; 1.642238e+05; 1.136350e+00; 2.232918e+05; 1.000000e+00; 2.067083e+05; 1.080062e+00
1.483500e+01; 1.652059e+05; 1.135413e+00; 2.250522e+05; 1.000000e+00; 2.080386e+05; 1.079394e+00
1.484000e+01; 1.661886e+05; 1.134472e+00; 2.267990e+05; 1.000000e+00; 2.093574e+05; 1.078714e+00
1.484500e+01; 1.671719e+05; 1.133527e+00; 2.285319e+05; 1.000000e+00; 2.106649e+05; 1.078024e+00
1.485000e+01; 1.681559e+05; 1.132579e+00; 2.302501e+05; 1.000000e+00; 2.119612e+05; 1.077323e+00
1.485500e+01; 1.691404e+05; 1.131627e+00; 2.319534e+05; 1.000000e+00; 2.132464e+05; 1.076611e+00
1.486000e+01; 1.701255e+05; 1.130673e+00; 2.336411e+05; 1.000000e+00; 2.145208e+05; 1.075890e+00
1.486500e+01; 1.711112e+05; 1.129715e+00; 2.353127e+05; 1.000000e+00; 2.157845e+05; 1.075158e+00
1.487000e+01; 1.720975e+05; 1.128755e+00; 2.369678e+05; 1.000000e+00; 2.170376e+05; 1.074417e+00
1.487500e+01; 1.730842e+05; 1.127792e+00; 2.386059e+05; 1.000000e+00; 2.182803e+05; 1.073666e+00
1.488000e+01; 1.740715e+05; 1.126826e+00; 2.402264e+05; 1.000000e+00; 2.195128e+05; 1.072906e+00
1.488500e+01; 1.750593e+05; 1.125858e+00; 2.418288e+05; 1.000000e+00; 2.207352e+05; 1.072137e+00
1.489000e+01; 1.760476e+05; 1.124888e+00; 2.434128e+05; 1.000000e+00; 2.219477e+05; 1.071359e+00
1.489500e+01; 1.770364e+05; 1.123916e+00; 2.449777e+05; 1.000000e+00; 2.231505e+05; 1.070573e+00
1.490000e+01; 1.780255e+05; 1.122942e+00; 2.465232e+05; 1.000000e+00; 2.243437e+05; 1.069779e+00
1.490500e+01; 1.790151e+05; 1.121965e+00; 2.480488e+05; 1.000000e+00; 2.255276e+05; 1.068977e+00
1.491000e+01; 1.800051e+05; 1.120987e+00; 2.495540e+05; 1.000000e+00; 2.267022e+05; 1.068168e+00
1.491500e+01; 1.809954e+05; 1.120008e+00; 2.510384e+05; 1.000000e+00; 2.278677e+05; 1.067351e+00
1.492000e+01; 1.819861e+05; 1.119026e+00; 2.525016e+05; 1.000000e+00; 2.290244e+05; 1.066528e+00
1.492500e+01; 1.829771e+05; 1.118043e+00; 2.539431e+05; 1.000000e+00; 2.301723e+05; 1.065698e+00
1.493000e+01; 1.839684e+05; 1.117059e+00; 2.553627e+05; 1.000000e+00; 2.313116e+05; 1.064862e+00
1.493500e+01; 1.849600e+05; 1.116073e+00; 2.567599e+05; 1.000000e+00; 2.324424e+05; 1.064021e+00
1.494000e+01; 1.859518e+05; 1.115086e+00; 2.581344e+05; 1.000000e+00; 2.335649e+05; 1.063173e+00
1.494500e+01; 1.869437e+05; 1.114098e+00; 2.594858e+05; 1.000000e+00; 2.346792e+05; 1.062321e+00
1.495000e+01; 1.879359e+05; 1.113108e+00; 2.608139e+05; 1.000000e+00; 2.357854e+05; 1.061464e+00
1.495500e+01; 1.889282e+05; 1.112117e+00; 2.621183e+05; 1.000000e+00; 2.368837e+05; 1.060602e+00
1.496000e+01; 1.899206e+05; 1.111125e+00; 2.633988e+05; 1.000000e+00; 2.379742e+05; 1.059736e+00
1.496500e+01; 1.909131e+05; 1.110132e+00; 2.646552e+05; 1.000000e+00; 2.390569e+05; 1.058867e+00
1.497000e+01; 1.919056e+05; 1.109138e+00; 2.658872e+05; 1.000000e+00; 2.401320e+05; 1.057994e+00
1.497500e+01; 1.928982e+05; 1.108143e+00; 2.670946e+05; 1.000000e+00; 2.411995e+05; 1.057118e+00
1.498000e+01; 1.938907e+05; 1.107147e+00; 2.682773e+05; 1.000000e+00; 2.422596e+05; 1.056239e+00
1.498500e+01; 1.948831e+05; 1.106150e+00; 2.694351e+05; 1.000000e+00; 2.433122e+05; 1.055358e+00
1.499000e+01; 1.958755e+05; 1.105152e+00; 2.705679e+05; 1.000000e+00; 2.443574e+05; 1.054475e+00
1.499500e+01; 1.968677e+05; 1.104153e+00; 2.716757e+05; 1.000000e+00; 2.453953e+05; 1.053590e+00
1.500000e+01; 1.978597e+05; 1.103154e+00; 2.727582e+05; 1.000000e+00; 2.464260e+05; 1.052704e+00
1.500500e+01; 1.988515e+05; 1.102153e+00; 2.738156e+05; 1.000000e+00; 2.474493e+05; 1.051818e+00
1.501000e+01; 1.998431e+05; 1.101152e+00; 2.748478e+05; 1.000000e+00; 2.484654e+05; 1.050930e+00
1.501500e+01; 2.008344e+05; 1.100150e+00; 2.758547e+05; 1.000000e+00; 2.494743e+05; 1.050043e+00
1.502000e+01; 2.018252e+05; 1.099147e+00; 2.768365e+05; 1.000000e+00; 2.504759e+05; 1.049155e+00
1.502500e+01; 2.028157e+05; 1.098143e+00; 2.777932e+05; 1.000000e+00; 2.514702e+05; 1.048268e+00
1.503000e+01; 2.038058e+05; 1.097138e+00; 2.787248e+05; 1.000000e+00; 2.524572e+05; 1.047383e+00
1.503500e+01; 2.047953e+05; 1.096133e+00; 2.796315e+05; 1.000000e+00; 2.534368e+05; 1.046498e+00
1.504000e+01; 2.057843e+05; 1.095126e+00; 2.805133e+05; 1.000000e+00; 2.544090e+05; 1.045615e+00
1.504500e+01; 2.067726e+05; 1.094119e+00; 2.813705e+05; 1.000000e+00; 2.553738e+05; 1.044734e+00
1.505000e+01; 2.077603e+05; 1.093111e+00; 2.822032e+05; 1.000000e+00; 2.563310e+05; 1.043855e+00
1.505500e+01; 2.087472e+05; 1.092102e+00; 2.830116e+05; 1.000000e+00; 2.572805e+05; 1.042980e+00
1.506000e+01; 2.097333e+05; 1.091093e+00; 2.837959e+05; 1.000000e+00; 2.582224e+05; 1.042107e+00
1.506500e+01; 2.107186e+05; 1.090082e+00; 2.845564e+05; 1.000000e+00; 2.591564e+05; 1.041237e+00
1.507000e+01; 2.117028e+05; 1.089071e+00; 2.852932e+05; 1.000000e+00; 2.600825e+05; 1.040372e+00
1.507500e+01; 2.126861e+05; 1.088058e+00; 2.860067e+05; 1.000000e+00; 2.610005e+05; 1.039510e+00
1.508000e+01; 2.136682e+05; 1.087045e+00; 2.866971e+05; 1.000000e+00; 2.619103e+05; 1.038653e+00
1.508500e+01; 2.146492e+05; 1.086031e+00; 2.873648e+05; 1.000000e+00; 2.628118e+05; 1.037801e+00
1.509000e+01; 2.156288e+05; 1.085015e+00; 2.880100e+05; 1.000000e+00; 2.637049e+05; 1.036954e+00
1.509500e+01; 2.166071e+05; 1.083999e+00; 2.886332e+05; 1.000000e+00; 2.645893e+05; 1.036113e+00
1.510000e+01; 2.175839e+05; 1.082982e+00; 2.892346e+05; 1.000000e+00; 2.654650e+05; 1.035277e+00
1.510500e+01; 2.185592e+05; 1.081964e+00; 2.898146e+05; 1.000000e+00; 2.663318e+05; 1.034448e+00
1.511000e+01; 2.195327e+05; 1.080944e+00; 2.903736e+05; 1.000000e+00; 2.671894e+05; 1.033625e+00
1.511500e+01; 2.205045e+05; 1.079924e+00; 2.909120e+05; 1.000000e+00; 2.680378e+05; 1.032809e+00
1.512000e+01; 2.214744e+05; 1.078903e+00; 2.914302e+05; 1.000000e+00; 2.688768e+05; 1.032000e+00
1.512500e+01; 2.224422e+05; 1.077880e+00; 2.919286e+05; 1.000000e+00; 2.697061e+05; 1.031198e+00
1.513000e+01; 2.234078e+05; 1.076856e+00; 2.924076e+05; 1.000000e+00; 2.705257e+05; 1.030405e+00
1.513500e+01; 2.243712e+05; 1.075831e+00; 2.928677e+05; 1.000000e+00; 2.713353e+05; 1.029619e+00
1.514000e+01; 2.253321e+05; 1.074805e+00; 2.933092e+05; 1.000000e+00; 2.721347e+05; 1.028841e+00
1.514500e+01; 2.262905e+05; 1.073778e+00; 2.937328e+05; 1.000000e+00; 2.729239e+05; 1.028073e+00
1.515000e+01; 2.272460e+05; 1.072750e+00; 2.941387e+05; 1.000000e+00; 2.737025e+05; 1.027313e+00
1.515500e+01; 2.281987e+05; 1.071720e+00; 2.945274e+05; 1.000000e+00; 2.744704e+05; 1.026562e+00
1.516000e+01; 2.291484e+05; 1.070689e+00; 2.948995e+05; 1.000000e+00; 2.752275e+05; 1.025821e+00
1.516500e+01; 2.300948e+05; 1.069656e+00; 2.952553e+05; 1.000000e+00; 2.759735e+05; 1.025089e+00
1.517000e+01; 2.310377e+05; 1.068623e+00; 2.955953e+05; 1.000000e+00; 2.767083e+05; 1.024367e+00
1.517500e+01; 2.319771e+05; 1.067588e+00; 2.959201e+05; 1.000000e+00; 2.774318e+05; 1.023655e+00
1.518000e+01; 2.329126e+05; 1.066552e+00; 2.962300e+05; 1.000000e+00; 2.781437e+05; 1.022953e+00
1.518500e+01; 2.338442e+05; 1.065514e+00; 2.965255e+05; 1.000000e+00; 2.788440e+05; 1.022262e+00
1.519000e+01; 2.347715e+05; 1.064475e+00; 2.968072e+05; 1.000000e+00; 2.795324e+05; 1.021582e+00
1.519500e+01; 2.356943e+05; 1.063434e+00; 2.970753e+05; 1.000000e+00; 2.802089e+05; 1.020912e+00
1.520000e+01; 2.366125e+05; 1.062393e+00; 2.973305e+05; 1.000000e+00; 2.808733e+05; 1.020254e+00
1.520500e+01; 2.375258e+05; 1.061349e+00; 2.975731e+05; 1.000000e+00; 2.815254e+05; 1.019607e+00
1.521000e+01; 2.384340e+05; 1.060305e+00; 2.978037e+05; 1.000000e+00; 2.821652e+05; 1.018971e+00
1.521500e+01; 2.393368e+05; 1.059259e+00; 2.980226e+05; 1.000000e+00; 2.827925e+05; 1.018346e+00
1.522000e+01; 2.402339e+05; 1.058211e+00; 2.982303e+05; 1.000000e+00; 2.834072e+05; 1.017733e+00
1.522500e+01; 2.411250e+05; 1.057163e+00; 2.984272e+05; 1.000000e+00; 2.840093e+05; 1.017131e+00
1.523000e+01; 2.420100e+05; 1.056112e+00; 2.986137e+05; 1.000000e+00; 2.845987e+05; 1.016542e+00
1.523500e+01; 2.428885e+05; 1.055061e+00; 2.987903e+05; 1.000000e+00; 2.851752e+05; 1.015963e+00
1.524000e+01; 2.437603e+05; 1.054008e+00; 2.989573e+05; 1.000000e+00; 2.857388e+05; 1.015397e+00
1.524500e+01; 2.446249e+05; 1.052954e+00; 2.991153e+05; 1.000000e+00; 2.862895e+05; 1.014843e+00
1.525000e+01; 2.454822e+05; 1.051898e+00; 2.992645e+05; 1.000000e+00; 2.868273e+05; 1.014300e+00
1.525500e+01; 2.463318e+05; 1.050842e+00; 2.994053e+05; 1.000000e+00; 2.873520e+05; 1.013770e+00
1.526000e+01; 2.471734e+05; 1.049784e+00; 2.995381e+05; 1.000000e+00; 2.878637e+05; 1.013251e+00
1.526500e+01; 2.480067e+05; 1.048724e+00; 2.996633e+05; 1.000000e+00; 2.883623e+05; 1.012744e+00
1.527000e+01; 2.488312e+05; 1.047664e+00; 2.997812e+05; 1.000000e+00; 2.888478e+05; 1.012249e+00
1.527500e+01; 2.496468e+05; 1.046602e+00; 2.998922e+05; 1.000000e+00; 2.893203e+05; 1.011765e+00
1.528000e+01; 2.504530e+05; 1.045540e+00; 2.999965e+05; 1.000000e+00; 2.897797e+05; 1.011294e+00
1.528500e+01; 2.512496e+05; 1.044476e+00; 3.000946e+05; 1.000000e+00; 2.902261e+05; 1.010834e+00
1.529000e+01; 2.520360e+05; 1.043411e+00; 3.001867e+05; 1.000000e+00; 2.906595e+05; 1.010385e+00
1.529500e+01; 2.528120e+05; 1.042346e+00; 3.002731e+05; 1.000000e+00; 2.910800e+05; 1.009948e+00
1.530000e+01; 2.535772e+05; 1.041279e+00; 3.003541e+05; 1.000000e+00; 2.914875e+05; 1.009522e+00
1.530500e+01; 2.543313e+05; 1.040212e+00; 3.004300e+05; 1.000000e+00; 2.918822e+05; 1.009107e+00
1.531000e+01; 2.550738e+05; 1.039144e+00; 3.005010e+05; 1.000000e+00; 2.922641e+05; 1.008704e+00
1.531500e+01; 2.558044e+05; 1.038075e+00; 3.005674e+05; 1.000000e+00; 2.926332e+05; 1.008311e+00
1.532000e+01; 2.565226e+05; 1.037006e+00; 3.006295e+05; 1.000000e+00; 2.929897e+05; 1.007929e+00
1.532500e+01; 2.572282e+05; 1.035936e+00; 3.006874e+05; 1.000000e+00; 2.933336e+05; 1.007557e+00
1.533000e+01; 2.579207e+05; 1.034865e+00; 3.007415e+05; 1.000000e+00; 2.936650e+05; 1.007196e+00
1.533500e+01; 2.585997e+05; 1.033795e+00; 3.007918e+05; 1.000000e+00; 2.939841e+05; 1.006845e+00
1.534000e+01; 2.592649e+05; 1.032724e+00; 3.008387e+05; 1.000000e+00; 2.942909e+05; 1.006504e+00
1.534500e+01; 2.599159e+05; 1.031653e+00; 3.008822e+05; 1.000000e+00; 2.945854e+05; 1.006172e+00
1.535000e+01; 2.605522e+05; 1.030581e+00; 3.009227e+05; 1.000000e+00; 2.948680e+05; 1.005850e+00
1.535500e+01; 2.611735e+05; 1.029510e+00; 3.009602e+05; 1.000000e+00; 2.951385e+05; 1.005537e+00
1.536000e+01; 2.617794e+05; 1.028439e+00; 3.009949e+05; 1.000000e+00; 2.953973e+05; 1.005233e+00
1.536500e+01; 2.623695e+05; 1.027368e+00; 3.010270e+05; 1.000000e+00; 2.956443e+05; 1.004938e+00
1.537000e+01; 2.629435e+05; 1.026298e+00; 3.010566e+05; 1.000000e+00; 2.958797e+05; 1.004651e+00
1.537500e+01; 2.635010e+05; 1.025228e+00; 3.010838e+05; 1.000000e+00; 2.961037e+05; 1.004373e+00
1.538000e+01; 2.640415e+05; 1.024158e+00; 3.011089e+05; 1.000000e+00; 2.963163e+05; 1.004102e+00
1.538500e+01; 2.645648e+05; 1.023089e+00; 3.011318e+05; 1.000000e+00; 2.965177e+05; 1.003839e+00
1.539000e+01; 2.650705e+05; 1.022020e+00; 3.011528e+05; 1.000000e+00; 2.967081e+05; 1.003583e+00
1.539500e+01; 2.655583e+05; 1.020953e+00; 3.011719e+05; 1.000000e+00; 2.968875e+05; 1.003334e+00
1.540000e+01; 2.660278e+05; 1.019886e+00; 3.011892e+05; 1.000000e+00; 2.970561e+05; 1.003092e+00
1.540500e+01; 2.664786e+05; 1.018820e+00; 3.012048e+05; 1.000000e+00; 2.972140e+05; 1.002857e+00
1.541000e+01; 2.669105e+05; 1.017756e+00; 3.012188e+05; 1.000000e+00; 2.973614e+05; 1.002627e+00
1.541500e+01; 2.673231e+05; 1.016693e+00; 3.012312e+05; 1.000000e+00; 2.974983e+05; 1.002403e+00
1.542000e+01; 2.677162e+05; 1.015630e+00; 3.012422e+05; 1.000000e+00; 2.976250e+05; 1.002184e+00
1.542500e+01; 2.680895e+05; 1.014570e+00; 3.012518e+05; 1.000000e+00; 2.977414e+05; 1.001971e+00
1.543000e+01; 2.684426e+05; 1.013510e+00; 3.012600e+05; 1.000000e+00; 2.978479e+05; 1.001762e+00
1.543500e+01; 2.687753e+05; 1.012452e+00; 3.012669e+05; 1.000000e+00; 2.979444e+05; 1.001557e+00
1.544000e+01; 2.690874e+05; 1.011396e+00; 3.012725e+05; 1.000000e+00; 2.980310e+05; 1.001357e+00
1.544500e+01; 2.693786e+05; 1.010342e+00; 3.012769e+05; 1.000000e+00; 2.981080e+05; 1.001160e+00
1.545000e+01; 2.696487e+05; 1.009289e+00; 3.012801e+05; 1.000000e+00; 2.981754e+05; 1.000967e+00
1.545500e+01; 2.697751e+05; 1.008059e+00; 3.012822e+05; 1.000000e+00; 2.982332e+05; 1.000777e+00
1.546000e+01; 2.700132e+05; 1.007131e+00; 3.012831e+05; 1.000000e+00; 2.982817e+05; 1.000590e+00
1.546500e+01; 2.702415e+05; 1.006014e+00; 3.012828e+05; 1.000000e+00; 2.983209e+05; 1.000404e+00
1.547000e+01; 2.704155e+05; 1.005031e+00; 3.012814e+05; 1.000000e+00; 2.983508e+05; 1.000221e+00
1.547500e+01; 2.706158e+05; 1.003977e+00; 3.012789e+05; 1.000000e+00; 2.983716e+05; 1.000040e+00
1.548000e+01; 2.707353e+05; 1.002940e+00; 3.012753e+05; 1.000000e+00; 2.983834e+05; 9.998596e-01
1.548500e+01; 2.708965e+05; 1.001944e+00; 3.012705e+05; 1.000000e+00; 2.983861e+05; 9.996804e-01
1.549000e+01; 2.709720e+05; 1.000865e+00; 3.012646e+05; 1.000000e+00; 2.983799e+05; 9.995019e-01
1.549500e+01; 2.710830e+05; 9.999104e-01; 3.012576e+05; 1.000000e+00; 2.983649e+05; 9.993237e-01
1.550000e+01; 2.711237e+05; 9.988108e-01; 3.012494e+05; 1.000000e+00; 2.983411e+05; 9.991454e-01
1.550500e+01; 2.711768e+05; 9.978714e-01; 3.012399e+05; 1.000000e+00; 2.983084e+05; 9.989668e-01
1.551000e+01; 2.711877e+05; 9.967786e-01; 3.012292e+05; 1.000000e+00; 2.982671e+05; 9.987876e-01
1.551500e+01; 2.711800e+05; 9.958287e-01; 3.012173e+05; 1.000000e+00; 2.982171e+05; 9.986073e-01
1.552000e+01; 2.711612e+05; 9.947654e-01; 3.012041e+05; 1.000000e+00; 2.981584e+05; 9.984258e-01
1.552500e+01; 2.710951e+05; 9.937867e-01; 3.011895e+05; 1.000000e+00; 2.980910e+05; 9.982425e-01
1.553000e+01; 2.710421e+05; 9.927652e-01; 3.011734e+05; 1.000000e+00; 2.980150e+05; 9.980574e-01
1.553500e+01; 2.709243e+05; 9.917517e-01; 3.011560e+05; 1.000000e+00; 2.979304e+05; 9.978700e-01
1.554000e+01; 2.708299e+05; 9.907715e-01; 3.011370e+05; 1.000000e+00; 2.978372e+05; 9.976800e-01
1.554500e+01; 2.706683e+05; 9.897296e-01; 3.011164e+05; 1.000000e+00; 2.977354e+05; 9.974871e-01
1.555000e+01; 2.705256e+05; 9.887787e-01; 3.010942e+05; 1.000000e+00; 2.976249e+05; 9.972911e-01
1.555500e+01; 2.703273e+05; 9.877240e-01; 3.010703e+05; 1.000000e+00; 2.975058e+05; 9.970917e-01
1.556000e+01; 2.701315e+05; 9.867841e-01; 3.010445e+05; 1.000000e+00; 2.973780e+05; 9.968885e-01
1.556500e+01; 2.699007e+05; 9.857354e-01; 3.010169e+05; 1.000000e+00; 2.972415e+05; 9.966813e-01
1.557000e+01; 2.696507e+05; 9.847881e-01; 3.009873e+05; 1.000000e+00; 2.970964e+05; 9.964699e-01
1.557500e+01; 2.693161e+05; 9.836560e-01; 3.009556e+05; 1.000000e+00; 2.969424e+05; 9.962539e-01
1.558000e+01; 2.690448e+05; 9.827944e-01; 3.009217e+05; 1.000000e+00; 2.967797e+05; 9.960331e-01
1.558500e+01; 2.687288e+05; 9.816891e-01; 3.008856e+05; 1.000000e+00; 2.966082e+05; 9.958072e-01
1.559000e+01; 2.683852e+05; 9.807938e-01; 3.008471e+05; 1.000000e+00; 2.964278e+05; 9.955760e-01
1.559500e+01; 2.680427e+05; 9.797267e-01; 3.008061e+05; 1.000000e+00; 2.962385e+05; 9.953393e-01
1.560000e+01; 2.676538e+05; 9.788052e-01; 3.007624e+05; 1.000000e+00; 2.960401e+05; 9.950968e-01
1.560500e+01; 2.671334e+05; 9.775617e-01; 3.007161e+05; 1.000000e+00; 2.958328e+05; 9.948482e-01
1.561000e+01; 2.667034e+05; 9.767379e-01; 3.006668e+05; 1.000000e+00; 2.956164e+05; 9.945935e-01
1.561500e+01; 2.662737e+05; 9.756016e-01; 3.006145e+05; 1.000000e+00; 2.953908e+05; 9.943322e-01
1.562000e+01; 2.658069e+05; 9.747497e-01; 3.005591e+05; 1.000000e+00; 2.951560e+05; 9.940643e-01
1.562500e+01; 2.653387e+05; 9.736350e-01; 3.005003e+05; 1.000000e+00; 2.949119e+05; 9.937895e-01
1.563000e+01; 2.648366e+05; 9.727714e-01; 3.004381e+05; 1.000000e+00; 2.946584e+05; 9.935076e-01
1.563500e+01; 2.643320e+05; 9.716710e-01; 3.003723e+05; 1.000000e+00; 2.943954e+05; 9.932183e-01
1.564000e+01; 2.637956e+05; 9.707993e-01; 3.003027e+05; 1.000000e+00; 2.941229e+05; 9.929215e-01
1.564500e+01; 2.632563e+05; 9.697104e-01; 3.002291e+05; 1.000000e+00; 2.938406e+05; 9.926169e-01
1.565000e+01; 2.626870e+05; 9.688319e-01; 3.001515e+05; 1.000000e+00; 2.935484e+05; 9.923042e-01
1.565500e+01; 2.621144e+05; 9.677531e-01; 3.000694e+05; 1.000000e+00; 2.932462e+05; 9.919832e-01
1.566000e+01; 2.615136e+05; 9.668686e-01; 2.999829e+05; 1.000000e+00; 2.929337e+05; 9.916536e-01
1.566500e+01; 2.609092e+05; 9.657988e-01; 2.998917e+05; 1.000000e+00; 2.926108e+05; 9.913151e-01
1.567000e+01; 2.602784e+05; 9.649086e-01; 2.997956e+05; 1.000000e+00; 2.922773e+05; 9.909675e-01
1.567500e+01; 2.596438e+05; 9.638469e-01; 2.996944e+05; 1.000000e+00; 2.919331e+05; 9.906107e-01
1.568000e+01; 2.589844e+05; 9.629515e-01; 2.995879e+05; 1.000000e+00; 2.915782e+05; 9.902446e-01
1.568500e+01; 2.583212e+05; 9.618971e-01; 2.994758e+05; 1.000000e+00; 2.912126e+05; 9.898693e-01
1.569000e+01; 2.576347e+05; 9.609966e-01; 2.993580e+05; 1.000000e+00; 2.908365e+05; 9.894848e-01
1.569500e+01; 2.569444e+05; 9.599488e-01; 2.992342e+05; 1.000000e+00; 2.904501e+05; 9.890914e-01
1.570000e+01; 2.562323e+05; 9.590435e-01; 2.991042e+05; 1.000000e+00; 2.900538e+05; 9.886895e-01
1.570500e+01; 2.555165e+05; 9.580015e-01; 2.989677e+05; 1.000000e+00; 2.896479e+05; 9.882793e-01
1.571000e+01; 2.547802e+05; 9.570916e-01; 2.988246e+05; 1.000000e+00; 2.892327e+05; 9.878611e-01
1.571500e+01; 2.540404e+05; 9.560549e-01; 2.986745e+05; 1.000000e+00; 2.888086e+05; 9.874353e-01
1.572000e+01; 2.532814e+05; 9.551406e-01; 2.985172e+05; 1.000000e+00; 2.883757e+05; 9.870019e-01
1.572500e+01; 2.525191e+05; 9.541085e-01; 2.983524e+05; 1.000000e+00; 2.879341e+05; 9.865609e-01
1.573000e+01; 2.517389e+05; 9.531898e-01; 2.981800e+05; 1.000000e+00; 2.874838e+05; 9.861123e-01
1.573500e+01; 2.509555e+05; 9.521619e-01; 2.979995e+05; 1.000000e+00; 2.870245e+05; 9.856559e-01
1.574000e+01; 2.501555e+05; 9.512390e-01; 2.978108e+05; 1.000000e+00; 2.865560e+05; 9.851915e-01
1.574500e+01; 2.493525e+05; 9.502147e-01; 2.976136e+05; 1.000000e+00; 2.860781e+05; 9.847189e-01
1.575000e+01; 2.485340e+05; 9.492877e-01; 2.974076e+05; 1.000000e+00; 2.855905e+05; 9.842377e-01
1.575500e+01; 2.477127e+05; 9.482667e-01; 2.971924e+05; 1.000000e+00; 2.850928e+05; 9.837476e-01
1.576000e+01; 2.468771e+05; 9.473357e-01; 2.969679e+05; 1.000000e+00; 2.845850e+05; 9.832486e-01
1.576500e+01; 2.460389e+05; 9.463174e-01; 2.967338e+05; 1.000000e+00; 2.840666e+05; 9.827404e-01
1.577000e+01; 2.451874e+05; 9.453826e-01; 2.964896e+05; 1.000000e+00; 2.835375e+05; 9.822228e-01
1.577500e+01; 2.443335e+05; 9.443668e-01; 2.962353e+05; 1.000000e+00; 2.829976e+05; 9.816957e-01
1.578000e+01; 2.434674e+05; 9.434282e-01; 2.959704e+05; 1.000000e+00; 2.824466e+05; 9.811590e-01
1.578500e+01; 2.425990e+05; 9.424144e-01; 2.956946e+05; 1.000000e+00; 2.818844e+05; 9.806126e-01
1.579000e+01; 2.417194e+05; 9.414722e-01; 2.954078e+05; 1.000000e+00; 2.813107e+05; 9.800562e-01
1.579500e+01; 2.408378e+05; 9.404603e-01; 2.951095e+05; 1.000000e+00; 2.807255e+05; 9.794899e-01
1.580000e+01; 2.399457e+05; 9.395146e-01; 2.947994e+05; 1.000000e+00; 2.801284e+05; 9.789135e-01
1.580500e+01; 2.390519e+05; 9.385042e-01; 2.944774e+05; 1.000000e+00; 2.795194e+05; 9.783269e-01
1.581000e+01; 2.381484e+05; 9.375551e-01; 2.941430e+05; 1.000000e+00; 2.788982e+05; 9.777299e-01
1.581500e+01; 2.372434e+05; 9.365460e-01; 2.937960e+05; 1.000000e+00; 2.782648e+05; 9.771227e-01
1.582000e+01; 2.363296e+05; 9.355937e-01; 2.934360e+05; 1.000000e+00; 2.776190e+05; 9.765051e-01
1.582500e+01; 2.354143e+05; 9.345857e-01; 2.930628e+05; 1.000000e+00; 2.769609e+05; 9.758773e-01
1.583000e+01; 2.344910e+05; 9.336303e-01; 2.926761e+05; 1.000000e+00; 2.762903e+05; 9.752395e-01
1.583500e+01; 2.335665e+05; 9.326232e-01; 2.922756e+05; 1.000000e+00; 2.756076e+05; 9.745918e-01
1.584000e+01; 2.326345e+05; 9.316649e-01; 2.918609e+05; 1.000000e+00; 2.749129e+05; 9.739348e-01
1.584500e+01; 2.317015e+05; 9.306586e-01; 2.914318e+05; 1.000000e+00; 2.742065e+05; 9.732688e-01
1.585000e+01; 2.307617e+05; 9.296974e-01; 2.909880e+05; 1.000000e+00; 2.734890e+05; 9.725943e-01
1.585500e+01; 2.298210e+05; 9.286918e-01; 2.905292e+05; 1.000000e+00; 2.727606e+05; 9.719121e-01
1.586000e+01; 2.288741e+05; 9.277280e-01; 2.900551e+05; 1.000000e+00; 2.720220e+05; 9.712227e-01
1.586500e+01; 2.279264e+05; 9.267230e-01; 2.895653e+05; 1.000000e+00; 2.712735e+05; 9.705266e-01
1.587000e+01; 2.269730e+05; 9.257568e-01; 2.890595e+05; 1.000000e+00; 2.705155e+05; 9.698244e-01
1.587500e+01; 2.260190e+05; 9.247522e-01; 2.885375e+05; 1.000000e+00; 2.697483e+05; 9.691164e-01
1.588000e+01; 2.250597e+05; 9.237837e-01; 2.879989e+05; 1.000000e+00; 2.689720e+05; 9.684030e-01
1.588500e+01; 2.241000e+05; 9.227796e-01; 2.874434e+05; 1.000000e+00; 2.681868e+05; 9.676843e-01
1.589000e+01; 2.231355e+05; 9.218089e-01; 2.868707e+05; 1.000000e+00; 2.673926e+05; 9.669606e-01
1.589500e+01; 2.221706e+05; 9.208052e-01; 2.862805e+05; 1.000000e+00; 2.665894e+05; 9.662318e-01
1.590000e+01; 2.212013e+05; 9.198325e-01; 2.856724e+05; 1.000000e+00; 2.657771e+05; 9.654982e-01
1.590500e+01; 2.202317e+05; 9.188293e-01; 2.850463e+05; 1.000000e+00; 2.649556e+05; 9.647597e-01
1.591000e+01; 2.192581e+05; 9.178548e-01; 2.844019e+05; 1.000000e+00; 2.641247e+05; 9.640165e-01
1.591500e+01; 2.182842e+05; 9.168520e-01; 2.837391e+05; 1.000000e+00; 2.632845e+05; 9.632687e-01
1.592000e+01; 2.173067e+05; 9.158759e-01; 2.830576e+05; 1.000000e+00; 2.624348e+05; 9.625165e-01
1.592500e+01; 2.163290e+05; 9.148736e-01; 2.823575e+05; 1.000000e+00; 2.615757e+05; 9.617601e-01
1.593000e+01; 2.153480e+05; 9.138959e-01; 2.816386e+05; 1.000000e+00; 2.607072e+05; 9.609997e-01
1.593500e+01; 2.143667e+05; 9.128941e-01; 2.809012e+05; 1.000000e+00; 2.598292e+05; 9.602355e-01
1.594000e+01; 2.133825e+05; 9.119152e-01; 2.801452e+05; 1.000000e+00; 2.589418e+05; 9.594677e-01
1.594500e+01; 2.123981e+05; 9.109139e-01; 2.793707e+05; 1.000000e+00; 2.580450e+05; 9.586967e-01
1.595000e+01; 2.114108e+05; 9.099339e-01; 2.785780e+05; 1.000000e+00; 2.571389e+05; 9.579226e-01
1.595500e+01; 2.104235e+05; 9.089332e-01; 2.777672e+05; 1.000000e+00; 2.562235e+05; 9.571458e-01
1.596000e+01; 2.094336e+05; 9.079523e-01; 2.769385e+05; 1.000000e+00; 2.552988e+05; 9.563666e-01
1.596500e+01; 2.084436e+05; 9.069523e-01; 2.760919e+05; 1.000000e+00; 2.543649e+05; 9.555851e-01
1.597000e+01; 2.074511e+05; 9.059707e-01; 2.752275e+05; 1.000000e+00; 2.534217e+05; 9.548018e-01
1.597500e+01; 2.064586e+05; 9.049714e-01; 2.743454e+05; 1.000000e+00; 2.524693e+05; 9.540168e-01
1.598000e+01; 2.054639e+05; 9.039894e-01; 2.734455e+05; 1.000000e+00; 2.515078e+05; 9.532305e-01
1.598500e+01; 2.044690e+05; 9.029910e-01; 2.725277e+05; 1.000000e+00; 2.505371e+05; 9.524431e-01
1.599000e+01; 2.034721e+05; 9.020086e-01; 2.715919e+05; 1.000000e+00; 2.495573e+05; 9.516550e-01
1.599500e+01; 2.024750e+05; 9.010112e-01; 2.706379e+05; 1.000000e+00; 2.485684e+05; 9.508663e-01
1.600000e+01; 2.014760e+05; 9.000287e-01; 2.696653e+05; 1.000000e+00; 2.475703e+05; 9.500775e-01
1.600500e+01; 2.004769e+05; 8.990325e-01; 2.686739e+05; 1.000000e+00; 2.465632e+05; 9.492887e-01
1.601000e+01; 1.994759e+05; 8.980502e-01; 2.676634e+05; 1.000000e+00; 2.455469e+05; 9.485003e-01
1.601500e+01; 1.984748e+05; 8.970552e-01; 2.666335e+05; 1.000000e+00; 2.445215e+05; 9.477125e-01
1.602000e+01; 1.974719e+05; 8.960733e-01; 2.655838e+05; 1.000000e+00; 2.434871e+05; 9.469257e-01
1.602500e+01; 1.964688e+05; 8.950798e-01; 2.645139e+05; 1.000000e+00; 2.424435e+05; 9.461401e-01
1.603000e+01; 1.954640e+05; 8.940986e-01; 2.634236e+05; 1.000000e+00; 2.413908e+05; 9.453560e-01
1.603500e+01; 1.944590e+05; 8.931068e-01; 2.623127e+05; 1.000000e+00; 2.403289e+05; 9.445736e-01
1.604000e+01; 1.934523e+05; 8.921265e-01; 2.611808e+05; 1.000000e+00; 2.392580e+05; 9.437933e-01
1.604500e+01; 1.924454e+05; 8.911365e-01; 2.600277e+05; 1.000000e+00; 2.381778e+05; 9.430153e-01
1.605000e+01; 1.914369e+05; 8.901575e-01; 2.588533e+05; 1.000000e+00; 2.370884e+05; 9.422399e-01
1.605500e+01; 1.904281e+05; 8.891697e-01; 2.576574e+05; 1.000000e+00; 2.359898e+05; 9.414674e-01
1.606000e+01; 1.894177e+05; 8.881922e-01; 2.564400e+05; 1.000000e+00; 2.348820e+05; 9.406980e-01
1.606500e+01; 1.884070e+05; 8.872068e-01; 2.552012e+05; 1.000000e+00; 2.337649e+05; 9.399320e-01
1.607000e+01; 1.873947e+05; 8.862312e-01; 2.539411e+05; 1.000000e+00; 2.326384e+05; 9.391696e-01
1.607500e+01; 1.863820e+05; 8.852485e-01; 2.526597e+05; 1.000000e+00; 2.315026e+05; 9.384112e-01
1.608000e+01; 1.853678e+05; 8.842752e-01; 2.513575e+05; 1.000000e+00; 2.303574e+05; 9.376570e-01
1.608500e+01; 1.843531e+05; 8.832955e-01; 2.500347e+05; 1.000000e+00; 2.292028e+05; 9.369072e-01
1.609000e+01; 1.833369e+05; 8.823249e-01; 2.486919e+05; 1.000000e+00; 2.280387e+05; 9.361621e-01
1.609500e+01; 1.823202e+05; 8.813487e-01; 2.473294e+05; 1.000000e+00; 2.268650e+05; 9.354219e-01
1.610000e+01; 1.813020e+05; 8.803811e-01; 2.459479e+05; 1.000000e+00; 2.256818e+05; 9.346869e-01
1.610500e+01; 1.802832e+05; 8.794088e-01; 2.445479e+05; 1.000000e+00; 2.244889e+05; 9.339574e-01
1.611000e+01; 1.792629e+05; 8.784448e-01; 2.431299e+05; 1.000000e+00; 2.232863e+05; 9.332335e-01
1.611500e+01; 1.782419e+05; 8.774767e-01; 2.416946e+05; 1.000000e+00; 2.220739e+05; 9.325156e-01
1.612000e+01; 1.772194e+05; 8.765168e-01; 2.402426e+05; 1.000000e+00; 2.208517e+05; 9.318038e-01
1.612500e+01; 1.761962e+05; 8.755535e-01; 2.387742e+05; 1.000000e+00; 2.196196e+05; 9.310984e-01
1.613000e+01; 1.751715e+05; 8.745982e-01; 2.372900e+05; 1.000000e+00; 2.183776e+05; 9.303995e-01
1.613500e+01; 1.741460e+05; 8.736403e-01; 2.357904e+05; 1.000000e+00; 2.171256e+05; 9.297075e-01
1.614000e+01; 1.731190e+05; 8.726902e-01; 2.342758e+05; 1.000000e+00; 2.158635e+05; 9.290225e-01
1.614500e+01; 1.720911e+05; 8.717382e-01; 2.327465e+05; 1.000000e+00; 2.145913e+05; 9.283447e-01
1.615000e+01; 1.710617e+05; 8.707940e-01; 2.312027e+05; 1.000000e+00; 2.133090e+05; 9.276742e-01
1.615500e+01; 1.700315e+05; 8.698485e-01; 2.296447e+05; 1.000000e+00; 2.120165e+05; 9.270113e-01
1.616000e+01; 1.689997e+05; 8.689108e-01; 2.280727e+05; 1.000000e+00; 2.107139e+05; 9.263561e-01
1.616500e+01; 1.679670e+05; 8.679726e-01; 2.264870e+05; 1.000000e+00; 2.094010e+05; 9.257087e-01
1.617000e+01; 1.669327e+05; 8.670423e-01; 2.248876e+05; 1.000000e+00; 2.080780e+05; 9.250692e-01
1.617500e+01; 1.658975e+05; 8.661120e-01; 2.232748e+05; 1.000000e+00; 2.067448e+05; 9.244377e-01
1.618000e+01; 1.648607e+05; 8.651897e-01; 2.216488e+05; 1.000000e+00; 2.054015e+05; 9.238143e-01
1.618500e+01; 1.638229e+05; 8.642683e-01; 2.200098e+05; 1.000000e+00; 2.040481e+05; 9.231991e-01
1.619000e+01; 1.627837e+05; 8.633550e-01; 2.183581e+05; 1.000000e+00; 2.026846e+05; 9.225921e-01
1.619500e+01; 1.617433e+05; 8.624431e-01; 2.166938e+05; 1.000000e+00; 2.013112e+05; 9.219934e-01
1.620000e+01; 1.607015e+05; 8.615397e-01; 2.150173e+05; 1.000000e+00; 1.999278e+05; 9.214030e-01
1.620500e+01; 1.596586e+05; 8.606384e-01; 2.133287e+05; 1.000000e+00; 1.985346e+05; 9.208209e-01
1.621000e+01; 1.586143e+05; 8.597457e-01; 2.116285e+05; 1.000000e+00; 1.971316e+05; 9.202472e-01
1.621500e+01; 1.575688e+05; 8.588560e-01; 2.099168e+05; 1.000000e+00; 1.957188e+05; 9.196819e-01
1.622000e+01; 1.565219e+05; 8.579751e-01; 2.081939e+05; 1.000000e+00; 1.942963e+05; 9.191251e-01
1.622500e+01; 1.554740e+05; 8.570979e-01; 2.064601e+05; 1.000000e+00; 1.928640e+05; 9.185769e-01
1.623000e+01; 1.544246e+05; 8.562300e-01; 2.047158e+05; 1.000000e+00; 1.914221e+05; 9.180373e-01
1.623500e+01; 1.533742e+05; 8.553664e-01; 2.029612e+05; 1.000000e+00; 1.899704e+05; 9.175064e-01
1.624000e+01; 1.523225e+05; 8.545125e-01; 2.011966e+05; 1.000000e+00; 1.885090e+05; 9.169843e-01
1.624500e+01; 1.512697e+05; 8.536637e-01; 1.994223e+05; 1.000000e+00; 1.870378e+05; 9.164711e-01
1.625000e+01; 1.502156e+05; 8.528249e-01; 1.976386e+05; 1.000000e+00; 1.855568e+05; 9.159670e-01
1.625500e+01; 1.491605e+05; 8.519921e-01; 1.958457e+05; 1.000000e+00; 1.840659e+05; 9.154722e-01
1.626000e+01; 1.481043e+05; 8.511697e-01; 1.940440e+05; 1.000000e+00; 1.825651e+05; 9.149866e-01
1.626500e+01; 1.470470e+05; 8.503541e-01; 1.922338e+05; 1.000000e+00; 1.810542e+05; 9.145106e-01
1.627000e+01; 1.459887e+05; 8.495494e-01; 1.904153e+05; 1.000000e+00; 1.795332e+05; 9.140441e-01
1.627500e+01; 1.449294e+05; 8.487523e-01; 1.885887e+05; 1.000000e+00; 1.780021e+05; 9.135875e-01
1.628000e+01; 1.438692e+05; 8.479666e-01; 1.867545e+05; 1.000000e+00; 1.764606e+05; 9.131408e-01
1.628500e+01; 1.428081e+05; 8.471893e-01; 1.849127e+05; 1.000000e+00; 1.749089e+05; 9.127041e-01
1.629000e+01; 1.417461e+05; 8.464239e-01; 1.830637e+05; 1.000000e+00; 1.733468e+05; 9.122775e-01
1.629500e+01; 1.406834e+05; 8.456677e-01; 1.812078e+05; 1.000000e+00; 1.717744e+05; 9.118612e-01
1.630000e+01; 1.396198e+05; 8.449241e-01; 1.793451e+05; 1.000000e+00; 1.701915e+05; 9.114552e-01
1.630500e+01; 1.385556e+05; 8.441905e-01; 1.774759e+05; 1.000000e+00; 1.685983e+05; 9.110595e-01
1.631000e+01; 1.374908e+05; 8.434700e-01; 1.756005e+05; 1.000000e+00; 1.669947e+05; 9.106743e-01
1.631500e+01; 1.364254e+05; 8.427603e-01; 1.737191e+05; 1.000000e+00; 1.653810e+05; 9.102994e-01
1.632000e+01; 1.353594e+05; 8.420643e-01; 1.718320e+05; 1.000000e+00; 1.637570e+05; 9.099348e-01
1.632500e+01; 1.342931e+05; 8.413800e-01; 1.699393e+05; 1.000000e+00; 1.621230e+05; 9.095806e-01
1.633000e+01; 1.332263e+05; 8.407100e-01; 1.680412e+05; 1.000000e+00; 1.604792e+05; 9.092365e-01
1.633500e+01; 1.321592e+05; 8.400525e-01; 1.661380e+05; 1.000000e+00; 1.588257e+05; 9.089026e-01
1.634000e+01; 1.310918e+05; 8.394099e-01; 1.642299e+05; 1.000000e+00; 1.571627e+05; 9.085787e-01
1.634500e+01; 1.300242e+05; 8.387806e-01; 1.623171e+05; 1.000000e+00; 1.554904e+05; 9.082646e-01
1.635000e+01; 1.289564e+05; 8.381669e-01; 1.603998e+05; 1.000000e+00; 1.538091e+05; 9.079602e-01
1.635500e+01; 1.278886e+05; 8.375672e-01; 1.584781e+05; 1.000000e+00; 1.521190e+05; 9.076654e-01
1.636000e+01; 1.268207e+05; 8.369838e-01; 1.565523e+05; 1.000000e+00; 1.504205e+05; 9.073800e-01
1.636500e+01; 1.257529e+05; 8.364151e-01; 1.546225e+05; 1.000000e+00; 1.487137e+05; 9.071038e-01
1.637000e+01; 1.246852e+05; 8.358634e-01; 1.526890e+05; 1.000000e+00; 1.469990e+05; 9.068367e-01
1.637500e+01; 1.236177e+05; 8.353271e-01; 1.507518e+05; 1.000000e+00; 1.452766e+05; 9.065785e-01
1.638000e+01; 1.225504e+05; 8.348083e-01; 1.488112e+05; 1.000000e+00; 1.435468e+05; 9.063290e-01
1.638500e+01; 1.214836e+05; 8.343057e-01; 1.468672e+05; 1.000000e+00; 1.418098e+05; 9.060883e-01
1.639000e+01; 1.204171e+05; 8.338213e-01; 1.449201e+05; 1.000000e+00; 1.400660e+05; 9.058561e-01
1.639500e+01; 1.193513e+05; 8.333537e-01; 1.429700e+05; 1.000000e+00; 1.383154e+05; 9.056323e-01
1.640000e+01; 1.182861e+05; 8.329048e-01; 1.410171e+05; 1.000000e+00; 1.365585e+05; 9.054169e-01
1.640500e+01; 1.172217e+05; 8.324734e-01; 1.390614e+05; 1.000000e+00; 1.347954e+05; 9.052098e-01
1.641000e+01; 1.161582e+05; 8.320612e-01; 1.371032e+05; 1.000000e+00; 1.330263e+05; 9.050109e-01
1.641500e+01; 1.150958e+05; 8.316672e-01; 1.351425e+05; 1.000000e+00; 1.312515e+05; 9.048202e-01
1.642000e+01; 1.140345e+05; 8.312929e-01; 1.331795e+05; 1.000000e+00; 1.294711e+05; 9.046377e-01
1.642500e+01; 1.129747e+05; 8.309372e-01; 1.312142e+05; 1.000000e+00; 1.276855e+05; 9.044633e-01
1.643000e+01; 1.119164e+05; 8.306018e-01; 1.292469e+05; 1.000000e+00; 1.258948e+05; 9.042969e-01
1.643500e+01; 1.108598e+05; 8.302856e-01; 1.272776e+05; 1.000000e+00; 1.240992e+05; 9.041387e-01
1.644000e+01; 1.098051e+05; 8.299899e-01; 1.253064e+05; 1.000000e+00; 1.222990e+05; 9.039885e-01
1.644500e+01; 1.087524e+05; 8.297139e-01; 1.233335e+05; 1.000000e+00; 1.204945e+05; 9.038463e-01
1.645000e+01; 1.077018e+05; 8.294589e-01; 1.213588e+05; 1.000000e+00; 1.186857e+05; 9.037122e-01
1.645500e+01; 1.066536e+05; 8.292240e-01; 1.193827e+05; 1.000000e+00; 1.168731e+05; 9.035861e-01
1.646000e+01; 1.056079e+05; 8.290104e-01; 1.174050e+05; 1.000000e+00; 1.150569e+05; 9.034680e-01
1.646500e+01; 1.045647e+05; 8.288172e-01; 1.154260e+05; 1.000000e+00; 1.132373e+05; 9.033579e-01
1.647000e+01; 1.035241e+05; 8.286455e-01; 1.134457e+05; 1.000000e+00; 1.114145e+05; 9.032558e-01
1.647500e+01; 1.024862e+05; 8.284946e-01; 1.114641e+05; 1.000000e+00; 1.095889e+05; 9.031617e-01
1.648000e+01; 1.014510e+05; 8.283654e-01; 1.094815e+05; 1.000000e+00; 1.077608e+05; 9.030757e-01
1.648500e+01; 1.004185e+05; 8.282572e-01; 1.074978e+05; 1.000000e+00; 1.059304e+05; 9.029977e-01
1.649000e+01; 9.938868e+04; 8.281708e-01; 1.055131e+05; 1.000000e+00; 1.040980e+05; 9.029277e-01
1.649500e+01; 9.836150e+04; 8.281056e-01; 1.035276e+05; 1.000000e+00; 1.022639e+05; 9.028657e-01
1.650000e+01; 9.733683e+04; 8.280623e-01; 1.015412e+05; 1.000000e+00; 1.004285e+05; 9.028119e-01
1.650500e+01; 9.631459e+04; 8.280402e-01; 9.955416e+04; 1.000000e+00; 9.859198e+04; 9.027661e-01
1.651000e+01; 9.529462e+04; 8.280401e-01; 9.756643e+04; 1.000000e+00; 9.675469e+04; 9.027285e-01
1.651500e+01; 9.427680e+04; 8.280613e-01; 9.557811e+04; 1.000000e+00; 9.491694e+04; 9.026990e-01
1.652000e+01; 9.326093e+04; 8.281044e-01; 9.358929e+04; 1.000000e+00; 9.307905e+04; 9.026777e-01
1.652500e+01; 9.224688e+04; 8.281687e-01; 9.160002e+04; 1.000000e+00; 9.124132e+04; 9.026647e-01
1.653000e+01; 9.123442e+04; 8.282548e-01; 8.961039e+04; 1.000000e+00; 8.940408e+04; 9.026600e-01
1.653500e+01; 9.022342e+04; 8.283621e-01; 8.762047e+04; 1.000000e+00; 8.756764e+04; 9.026637e-01
1.654000e+01; 8.921368e+04; 8.284909e-01; 8.563032e+04; 1.000000e+00; 8.573232e+04; 9.026758e-01
1.654500e+01; 8.820507e+04; 8.286408e-01; 8.364003e+04; 1.000000e+00; 8.389845e+04; 9.026964e-01
1.655000e+01; 8.719741e+04; 8.288120e-01; 8.164966e+04; 1.000000e+00; 8.206633e+04; 9.027256e-01
1.655500e+01; 8.619062e+04; 8.290040e-01; 7.965930e+04; 1.000000e+00; 8.023629e+04; 9.027634e-01
1.656000e+01; 8.518456e+04; 8.292170e-01; 7.766902e+04; 1.000000e+00; 7.840865e+04; 9.028099e-01
1.656500e+01; 8.417918e+04; 8.294506e-01; 7.567889e+04; 1.000000e+00; 7.658373e+04; 9.028653e-01
1.657000e+01; 8.317441e+04; 8.297048e-01; 7.368901e+04; 1.000000e+00; 7.476184e+04; 9.029296e-01
1.657500e+01; 8.217023e+04; 8.299792e-01; 7.169945e+04; 1.000000e+00; 7.294330e+04; 9.030029e-01
1.658000e+01; 8.116662e+04; 8.302739e-01; 6.971031e+04; 1.000000e+00; 7.112842e+04; 9.030852e-01
1.658500e+01; 8.016361e+04; 8.305883e-01; 6.772166e+04; 1.000000e+00; 6.931753e+04; 9.031768e-01
1.659000e+01; 7.916123e+04; 8.309226e-01; 6.573361e+04; 1.000000e+00; 6.751091e+04; 9.032777e-01
1.659500e+01; 7.815954e+04; 8.312762e-01; 6.374624e+04; 1.000000e+00; 6.570890e+04; 9.033880e-01
1.660000e+01; 7.715860e+04; 8.316491e-01; 6.175966e+04; 1.000000e+00; 6.391178e+04; 9.035079e-01
1.660500e+01; 7.615850e+04; 8.320408e-01; 5.977397e+04; 1.000000e+00; 6.211987e+04; 9.036373e-01
1.661000e+01; 7.515929e+04; 8.324513e-01; 5.778929e+04; 1.000000e+00; 6.033346e+04; 9.037765e-01
1.661500e+01; 7.416109e+04; 8.328801e-01; 5.580572e+04; 1.000000e+00; 5.855286e+04; 9.039256e-01
1.662000e+01; 7.316394e+04; 8.333272e-01; 5.382338e+04; 1.000000e+00; 5.677835e+04; 9.040847e-01
1.662500e+01; 7.216794e+04; 8.337919e-01; 5.184239e+04; 1.000000e+00; 5.501023e+04; 9.042539e-01
1.663000e+01; 7.117314e+04; 8.342742e-01; 4.986289e+04; 1.000000e+00; 5.324879e+04; 9.044334e-01
1.663500e+01; 7.017958e+04; 8.347737e-01; 4.788500e+04; 1.000000e+00; 5.149431e+04; 9.046232e-01
1.664000e+01; 6.918730e+04; 8.352901e-01; 4.590888e+04; 1.000000e+00; 4.974709e+04; 9.048235e-01
1.664500e+01; 6.819633e+04; 8.358229e-01; 4.393466e+04; 1.000000e+00; 4.800741e+04; 9.050345e-01
1.665000e+01; 6.720665e+04; 8.363721e-01; 4.196250e+04; 1.000000e+00; 4.627553e+04; 9.052562e-01
1.665500e+01; 6.621826e+04; 8.369371e-01; 3.999256e+04; 1.000000e+00; 4.455174e+04; 9.054888e-01
1.666000e+01; 6.523113e+04; 8.375177e-01; 3.802500e+04; 1.000000e+00; 4.283631e+04; 9.057325e-01
1.666500e+01; 6.424521e+04; 8.381135e-01; 3.606002e+04; 1.000000e+00; 4.112950e+04; 9.059873e-01
1.667000e+01; 6.326045e+04; 8.387242e-01; 3.409777e+04; 1.000000e+00; 3.943158e+04; 9.062535e-01
1.667500e+01; 6.227678e+04; 8.393493e-01; 3.213846e+04; 1.000000e+00; 3.774279e+04; 9.065310e-01
1.668000e+01; 6.129414e+04; 8.399886e-01; 3.018229e+04; 1.000000e+00; 3.606339e+04; 9.068202e-01
1.668500e+01; 6.031243e+04; 8.406417e-01; 2.822946e+04; 1.000000e+00; 3.439361e+04; 9.071210e-01
1.669000e+01; 5.933159e+04; 8.413084e-01; 2.628018e+04; 1.000000e+00; 3.273368e+04; 9.074336e-01
1.669500e+01; 5.835151e+04; 8.419881e-01; 2.433468e+04; 1.000000e+00; 3.108382e+04; 9.077582e-01
1.670000e+01; 5.737211e+04; 8.426806e-01; 2.239318e+04; 1.000000e+00; 2.944423e+04; 9.080947e-01
1.670500e+01; 5.639332e+04; 8.433854e-01; 2.045594e+04; 1.000000e+00; 2.781511e+04; 9.084434e-01
1.671000e+01; 5.541504e+04; 8.441024e-01; 1.852320e+04; 1.000000e+00; 2.619662e+04; 9.088042e-01
1.671500e+01; 5.443719e+04; 8.448310e-01; 1.659522e+04; 1.000000e+00; 2.458893e+04; 9.091773e-01
1.672000e+01; 5.345969e+04; 8.455711e-01; 1.467225e+04; 1.000000e+00; 2.299218e+04; 9.095626e-01
1.672500e+01; 5.248247e+04; 8.463221e-01; 1.275459e+04; 1.000000e+00; 2.140648e+04; 9.099602e-01
1.673000e+01; 5.150546e+04; 8.470839e-01; 1.084251e+04; 1.000000e+00; 1.983196e+04; 9.103702e-01
1.673500e+01; 5.052861e+04; 8.478560e-01; 8.936303e+03; 1.000000e+00; 1.826869e+04; 9.107925e-01
1.674000e+01; 4.955183e+04; 8.486381e-01; 7.036274e+03; 1.000000e+00; 1.671674e+04; 9.112271e-01
1.674500e+01; 4.857509e+04; 8.494299e-01; 5.142732e+03; 1.000000e+00; 1.517616e+04; 9.116739e-01
1.675000e+01; 4.759833e+04; 8.502311e-01; 3.255995e+03; 1.000000e+00; 1.364698e+04; 9.121330e-01
1.675500e+01; 4.662150e+04; 8.510413e-01; 1.376390e+03; 1.000000e+00; 1.212921e+04; 9.126042e-01
1.676000e+01; 4.564455e+04; 8.518603e-01; -4.957493e+02; 1.000000e+00; 1.062286e+04; 9.130875e-01
1.676500e+01; 4.466746e+04; 8.526877e-01; -2.360081e+03; 1.000000e+00; 9.127906e+03; 9.135827e-01
1.677000e+01; 4.369017e+04; 8.535233e-01; -4.216256e+03; 1.000000e+00; 7.644321e+03; 9.140898e-01
1.677500e+01; 4.271267e+04; 8.543666e-01; -6.063917e+03; 1.000000e+00; 6.172064e+03; 9.146087e-01
1.678000e+01; 4.173491e+04; 8.552175e-01; -7.902702e+03; 1.000000e+00; 4.711087e+03; 9.151391e-01
1.678500e+01; 4.075688e+04; 8.560757e-01; -9.732241e+03; 1.000000e+00; 3.261333e+03; 9.156811e-01
1.679000e+01; 3.977854e+04; 8.569409e-01; -1.155216e+04; 1.000000e+00; 1.822740e+03; 9.162344e-01
1.679500e+01; 3.879988e+04; 8.578127e-01; -1.336208e+04; 1.000000e+00; 3.952419e+02; 9.167989e-01
1.680000e+01; 3.782087e+04; 8.586911e-01; -1.516161e+04; 1.000000e+00; -1.021230e+03; 9.173744e-01
1.680500e+01; 3.684150e+04; 8.595756e-01; -1.695036e+04; 1.000000e+00; -2.426745e+03; 9.179609e-01
1.681000e+01; 3.586175e+04; 8.604661e-01; -1.872794e+04; 1.000000e+00; -3.821373e+03; 9.185581e-01
1.681500e+01; 3.488162e+04; 8.613622e-01; -2.049395e+04; 1.000000e+00; -5.205181e+03; 9.191659e-01
1.682000e+01; 3.390108e+04; 8.622639e-01; -2.224799e+04; 1.000000e+00; -6.578236e+03; 9.197841e-01
1.682500e+01; 3.292013e+04; 8.631707e-01; -2.398966e+04; 1.000000e+00; -7.940601e+03; 9.204127e-01
1.683000e+01; 3.193877e+04; 8.640826e-01; -2.571855e+04; 1.000000e+00; -9.292338e+03; 9.210514e-01
1.683500e+01; 3.095698e+04; 8.649993e-01; -2.743425e+04; 1.000000e+00; -1.063350e+04; 9.217001e-01
1.684000e+01; 2.997478e+04; 8.659206e-01; -2.913635e+04; 1.000000e+00; -1.196416e+04; 9.223586e-01
1.684500e+01; 2.899215e+04; 8.668463e-01; -3.082444e+04; 1.000000e+00; -1.328435e+04; 9.230269e-01
1.685000e+01; 2.800910e+04; 8.677762e-01; -3.249811e+04; 1.000000e+00; -1.459415e+04; 9.237046e-01
1.685500e+01; 2.702564e+04; 8.687101e-01; -3.415695e+04; 1.000000e+00; -1.589359e+04; 9.243918e-01
1.686000e+01; 2.604176e+04; 8.696478e-01; -3.580054e+04; 1.000000e+00; -1.718273e+04; 9.250881e-01
1.686500e+01; 2.505747e+04; 8.705892e-01; -3.742847e+04; 1.000000e+00; -1.846164e+04; 9.257935e-01
1.687000e+01; 2.407279e+04; 8.715341e-01; -3.904033e+04; 1.000000e+00; -1.973037e+04; 9.265077e-01
1.687500e+01; 2.308771e+04; 8.724824e-01; -4.063570e+04; 1.000000e+00; -2.098897e+04; 9.272306e-01
1.688000e+01; 2.210227e+04; 8.734338e-01; -4.221418e+04; 1.000000e+00; -2.223752e+04; 9.279619e-01
1.688500e+01; 2.111646e+04; 8.743883e-01; -4.377536e+04; 1.000000e+00; -2.347609e+04; 9.287015e-01
1.689000e+01; 2.013030e+04; 8.753456e-01; -4.531882e+04; 1.000000e+00; -2.470474e+04; 9.294491e-01
1.689500e+01; 1.914381e+04; 8.763058e-01; -4.684417e+04; 1.000000e+00; -2.592356e+04; 9.302045e-01
1.690000e+01; 1.815700e+04; 8.772686e-01; -4.835100e+04; 1.000000e+00; -2.713262e+04; 9.309675e-01
1.690500e+01; 1.716990e+04; 8.782339e-01; -4.983892e+04; 1.000000e+00; -2.833203e+04; 9.317377e-01
1.691000e+01; 1.618253e+04; 8.792016e-01; -5.130755e+04; 1.000000e+00; -2.952185e+04; 9.325150e-01
1.691500e+01; 1.519491e+04; 8.801716e-01; -5.275650e+04; 1.000000e+00; -3.070219e+04; 9.332991e-01
1.692000e+01; 1.420706e+04; 8.811438e-01; -5.418540e+04; 1.000000e+00; -3.187315e+04; 9.340897e-01
1.692500e+01; 1.321901e+04; 8.821181e-01; -5.559390e+04; 1.000000e+00; -3.303482e+04; 9.348864e-01
1.693000e+01; 1.223078e+04; 8.830944e-01; -5.698163e+04; 1.000000e+00; -3.418730e+04; 9.356891e-01
1.693500e+01; 1.124240e+04; 8.840727e-01; -5.834829e+04; 1.000000e+00; -3.533069e+04; 9.364973e-01
1.694000e+01; 1.025390e+04; 8.850527e-01; -5.969354e+04; 1.000000e+00; -3.646508e+04; 9.373108e-01
1.694500e+01; 9.265322e+03; 8.860346e-01; -6.101709e+04; 1.000000e+00; -3.759057e+04; 9.381293e-01
1.695000e+01; 8.276683e+03; 8.870181e-01; -6.231867e+04; 1.000000e+00; -3.870725e+04; 9.389523e-01
1.695500e+01; 7.288024e+03; 8.880032e-01; -6.359803e+04; 1.000000e+00; -3.981521e+04; 9.397797e-01
1.696000e+01; 6.299378e+03; 8.889899e-01; -6.485494e+04; 1.000000e+00; -4.091454e+04; 9.406110e-01
1.696500e+01; 5.310783e+03; 8.899781e-01; -6.608919e+04; 1.000000e+00; -4.200530e+04; 9.414460e-01
1.697000e+01; 4.322277e+03; 8.909677e-01; -6.730062e+04; 1.000000e+00; -4.308758e+04; 9.422842e-01
1.697500e+01; 3.333902e+03; 8.919587e-01; -6.848908e+04; 1.000000e+00; -4.416144e+04; 9.431254e-01
1.698000e+01; 2.345697e+03; 8.929511e-01; -6.965446e+04; 1.000000e+00; -4.522693e+04; 9.439692e-01
1.698500e+01; 1.357709e+03; 8.939447e-01; -7.079666e+04; 1.000000e+00; -4.628411e+04; 9.448153e-01
1.699000e+01; 3.699817e+02; 8.949396e-01; -7.191564e+04; 1.000000e+00; -4.733303e+04; 9.456633e-01
1.699500e+01; -6.174365e+02; 8.959358e-01; -7.301136e+04; 1.000000e+00; -4.837371e+04; 9.465128e-01
1.700000e+01; -1.604497e+03; 8.969331e-01; -7.408384e+04; 1.000000e+00; -4.940619e+04; 9.473636e-01
1.700500e+01; -2.591146e+03; 8.979317e-01; -7.513309e+04; 1.000000e+00; -5.043049e+04; 9.482153e-01
1.701000e+01; -3.577332e+03; 8.989313e-01; -7.615917e+04; 1.000000e+00; -5.144662e+04; 9.490675e-01
1.701500e+01; -4.562997e+03; 8.999321e-01; -7.716217e+04; 1.000000e+00; -5.245458e+04; 9.499199e-01
1.702000e+01; -5.548084e+03; 9.009340e-01; -7.814218e+04; 1.000000e+00; -5.345438e+04; 9.507721e-01
1.702500e+01; -6.532529e+03; 9.019370e-01; -7.909933e+04; 1.000000e+00; -5.444599e+04; 9.516239e-01
1.703000e+01; -7.516271e+03; 9.029410e-01; -8.003375e+04; 1.000000e+00; -5.542941e+04; 9.524749e-01
1.703500e+01; -8.499243e+03; 9.039461e-01; -8.094560e+04; 1.000000e+00; -5.640460e+04; 9.533247e-01
1.704000e+01; -9.481374e+03; 9.049523e-01; -8.183505e+04; 1.000000e+00; -5.737153e+04; 9.541731e-01
1.704500e+01; -1.046259e+04; 9.059595e-01; -8.270227e+04; 1.000000e+00; -5.833016e+04; 9.550195e-01
1.705000e+01; -1.144282e+04; 9.069677e-01; -8.354747e+04; 1.000000e+00; -5.928044e+04; 9.558639e-01
1.705500e+01; -1.242199e+04; 9.079770e-01; -8.437082e+04; 1.000000e+00; -6.022233e+04; 9.567057e-01
1.706000e+01; -1.340000e+04; 9.089873e-01; -8.517253e+04; 1.000000e+00; -6.115575e+04; 9.575448e-01
1.706500e+01; -1.437678e+04; 9.099986e-01; -8.595282e+04; 1.000000e+00; -6.208063e+04; 9.583807e-01
1.707000e+01; -1.535224e+04; 9.110110e-01; -8.671188e+04; 1.000000e+00; -6.299691e+04; 9.592131e-01
1.707500e+01; -1.632628e+04; 9.120244e-01; -8.744992e+04; 1.000000e+00; -6.390451e+04; 9.600418e-01
1.708000e+01; -1.729881e+04; 9.130388e-01; -8.816718e+04; 1.000000e+00; -6.480334e+04; 9.608664e-01
1.708500e+01; -1.826972e+04; 9.140543e-01; -8.886385e+04; 1.000000e+00; -6.569330e+04; 9.616865e-01
1.709000e+01; -1.923890e+04; 9.150709e-01; -8.954016e+04; 1.000000e+00; -6.657430e+04; 9.625020e-01
1.709500e+01; -2.020626e+04; 9.160885e-01; -9.019634e+04; 1.000000e+00; -6.744624e+04; 9.633125e-01
1.710000e+01; -2.117167e+04; 9.171072e-01; -9.083261e+04; 1.000000e+00; -6.830902e+04; 9.641176e-01
1.710500e+01; -2.213502e+04; 9.181269e-01; -9.144920e+04; 1.000000e+00; -6.916252e+04; 9.649171e-01
1.711000e+01; -2.309618e+04; 9.191478e-01; -9.204637e+04; 1.000000e+00; -7.000662e+04; 9.657107e-01
1.711500e+01; -2.405502e+04; 9.201697e-01; -9.262434e+04; 1.000000e+00; -7.084121e+04; 9.664982e-01
1.712000e+01; -2.501141e+04; 9.211927e-01; -9.318338e+04; 1.000000e+00; -7.166616e+04; 9.672791e-01
1.712500e+01; -2.596522e+04; 9.222169e-01; -9.372375e+04; 1.000000e+00; -7.248135e+04; 9.680534e-01
1.713000e+01; -2.691628e+04; 9.232422e-01; -9.424572e+04; 1.000000e+00; -7.328664e+04; 9.688206e-01
1.713500e+01; -2.786446e+04; 9.242686e-01; -9.474959e+04; 1.000000e+00; -7.408191e+04; 9.695805e-01
1.714000e+01; -2.880960e+04; 9.252962e-01; -9.523564e+04; 1.000000e+00; -7.486702e+04; 9.703329e-01
1.714500e+01; -2.975154e+04; 9.263249e-01; -9.570418e+04; 1.000000e+00; -7.564183e+04; 9.710774e-01
1.715000e+01; -3.069011e+04; 9.273548e-01; -9.615554e+04; 1.000000e+00; -7.640621e+04; 9.718140e-01
1.715500e+01; -3.162514e+04; 9.283858e-01; -9.659004e+04; 1.000000e+00; -7.716001e+04; 9.725422e-01
1.716000e+01; -3.255645e+04; 9.294180e-01; -9.700803e+04; 1.000000e+00; -7.790311e+04; 9.732619e-01
1.716500e+01; -3.348386e+04; 9.304514e-01; -9.740986e+04; 1.000000e+00; -7.863537e+04; 9.739729e-01
1.717000e+01; -3.440716e+04; 9.314860e-01; -9.779588e+04; 1.000000e+00; -7.935664e+04; 9.746749e-01
1.717500e+01; -3.532618e+04; 9.325218e-01; -9.816648e+04; 1.000000e+00; -8.006681e+04; 9.753678e-01
1.718000e+01; -3.624069e+04; 9.335588e-01; -9.852204e+04; 1.000000e+00; -8.076573e+04; 9.760513e-01
1.718500e+01; -3.715050e+04; 9.345969e-01; -9.886293e+04; 1.000000e+00; -8.145329e+04; 9.767253e-01
1.719000e+01; -3.805539e+04; 9.356362e-01; -9.918954e+04; 1.000000e+00; -8.212937e+04; 9.773895e-01
1.719500e+01; -3.895513e+04; 9.366768e-01; -9.950228e+04; 1.000000e+00; -8.279385e+04; 9.780439e-01
1.720000e+01; -3.984950e+04; 9.377185e-01; -9.980155e+04; 1.000000e+00; -8.344663e+04; 9.786883e-01
1.720500e+01; -4.073826e+04; 9.387613e-01; -1.000877e+05; 1.000000e+00; -8.408761e+04; 9.793225e-01
1.721000e+01; -4.162117e+04; 9.398054e-01; -1.003612e+05; 1.000000e+00; -8.471670e+04; 9.799464e-01
1.721500e+01; -4.249798e+04; 9.408505e-01; -1.006225e+05; 1.000000e+00; -8.533381e+04; 9.805600e-01
1.722000e+01; -4.336844e+04; 9.418969e-01; -1.008718e+05; 1.000000e+00; -8.593887e+04; 9.811632e-01
1.722500e+01; -4.423230e+04; 9.429443e-01; -1.011097e+05; 1.000000e+00; -8.653182e+04; 9.817558e-01
1.723000e+01; -4.508928e+04; 9.439929e-01; -1.013364e+05; 1.000000e+00; -8.711261e+04; 9.823378e-01
1.723500e+01; -4.593911e+04; 9.450425e-01; -1.015524e+05; 1.000000e+00; -8.768118e+04; 9.829093e-01
1.724000e+01; -4.678152e+04; 9.460933e-01; -1.017581e+05; 1.000000e+00; -8.823752e+04; 9.834700e-01
1.724500e+01; -4.761623e+04; 9.471450e-01; -1.019539e+05; 1.000000e+00; -8.878159e+04; 9.840202e-01
1.725000e+01; -4.844295e+04; 9.481978e-01; -1.021400e+05; 1.000000e+00; -8.931337e+04; 9.845596e-01
1.725500e+01; -4.926138e+04; 9.492516e-01; -1.023169e+05; 1.000000e+00; -8.983288e+04; 9.850885e-01
1.726000e+01; -5.007123e+04; 9.503063e-01; -1.024849e+05; 1.000000e+00; -9.034010e+04; 9.856067e-01
1.726500e+01; -5.087220e+04; 9.513620e-01; -1.026444e+05; 1.000000e+00; -9.083506e+04; 9.861145e-01
1.727000e+01; -5.166397e+04; 9.524186e-01; -1.027957e+05; 1.000000e+00; -9.131777e+04; 9.866117e-01
1.727500e+01; -5.244625e+04; 9.534760e-01; -1.029391e+05; 1.000000e+00; -9.178825e+04; 9.870985e-01
1.728000e+01; -5.321871e+04; 9.545342e-01; -1.030750e+05; 1.000000e+00; -9.224655e+04; 9.875750e-01
1.728500e+01; -5.398104e+04; 9.555932e-01; -1.032035e+05; 1.000000e+00; -9.269270e+04; 9.880413e-01
1.729000e+01; -5.473291e+04; 9.566530e-01; -1.033252e+05; 1.000000e+00; -9.312673e+04; 9.884975e-01
1.729500e+01; -5.547401e+04; 9.577134e-01; -1.034402e+05; 1.000000e+00; -9.354871e+04; 9.889436e-01
1.730000e+01; -5.620400e+04; 9.587745e-01; -1.035488e+05; 1.000000e+00; -9.395867e+04; 9.893799e-01
1.730500e+01; -5.692256e+04; 9.598361e-01; -1.036513e+05; 1.000000e+00; -9.435667e+04; 9.898064e-01
1.731000e+01; -5.762935e+04; 9.608983e-01; -1.037480e+05; 1.000000e+00; -9.474276e+04; 9.902232e-01
1.731500e+01; -5.832405e+04; 9.619609e-01; -1.038391e+05; 1.000000e+00; -9.511699e+04; 9.906306e-01
1.732000e+01; -5.900632e+04; 9.630239e-01; -1.039249e+05; 1.000000e+00; -9.547943e+04; 9.910287e-01
1.732500e+01; -5.967584e+04; 9.640873e-01; -1.040056e+05; 1.000000e+00; -9.583012e+04; 9.914175e-01
1.733000e+01; -6.033226e+04; 9.651510e-01; -1.040815e+05; 1.000000e+00; -9.616912e+04; 9.917973e-01
1.733500e+01; -6.097525e+04; 9.662149e-01; -1.041527e+05; 1.000000e+00; -9.649648e+04; 9.921683e-01
1.734000e+01; -6.160449e+04; 9.672790e-01; -1.042195e+05; 1.000000e+00; -9.681227e+04; 9.925306e-01
1.734500e+01; -6.221964e+04; 9.683431e-01; -1.042821e+05; 1.000000e+00; -9.711654e+04; 9.928844e-01
1.735000e+01; -6.282038e+04; 9.694073e-01; -1.043406e+05; 1.000000e+00; -9.740934e+04; 9.932298e-01
1.735500e+01; -6.340638e+04; 9.704713e-01; -1.043953e+05; 1.000000e+00; -9.769074e+04; 9.935671e-01
1.736000e+01; -6.397733e+04; 9.715352e-01; -1.044463e+05; 1.000000e+00; -9.796078e+04; 9.938964e-01
1.736500e+01; -6.453289e+04; 9.725989e-01; -1.044939e+05; 1.000000e+00; -9.821953e+04; 9.942179e-01
1.737000e+01; -6.507276e+04; 9.736623e-01; -1.045381e+05; 1.000000e+00; -9.846705e+04; 9.945319e-01
1.737500e+01; -6.559664e+04; 9.747252e-01; -1.045791e+05; 1.000000e+00; -9.870340e+04; 9.948386e-01
1.738000e+01; -6.610420e+04; 9.757877e-01; -1.046171e+05; 1.000000e+00; -9.892864e+04; 9.951381e-01
1.738500e+01; -6.659516e+04; 9.768496e-01; -1.046522e+05; 1.000000e+00; -9.914284e+04; 9.954308e-01
1.739000e+01; -6.706923e+04; 9.779108e-01; -1.046845e+05; 1.000000e+00; -9.934606e+04; 9.957167e-01
1.739500e+01; -6.752611e+04; 9.789712e-01; -1.047141e+05; 1.000000e+00; -9.953838e+04; 9.959963e-01
1.740000e+01; -6.796554e+04; 9.800307e-01; -1.047413e+05; 1.000000e+00; -9.971985e+04; 9.962697e-01
1.740500e+01; -6.838723e+04; 9.810893e-01; -1.047660e+05; 1.000000e+00; -9.989057e+04; 9.965371e-01
1.741000e+01; -6.879093e+04; 9.821468e-01; -1.047883e+05; 1.000000e+00; -1.000506e+05; 9.967989e-01
1.741500e+01; -6.917639e+04; 9.832031e-01; -1.048085e+05; 1.000000e+00; -1.002000e+05; 9.970553e-01
1.742000e+01; -6.954336e+04; 9.842583e-01; -1.048264e+05; 1.000000e+00; -1.003389e+05; 9.973066e-01
1.742500e+01; -6.989161e+04; 9.853121e-01; -1.048423e+05; 1.000000e+00; -1.004673e+05; 9.975531e-01
1.743000e+01; -7.022091e+04; 9.863644e-01; -1.048562e+05; 1.000000e+00; -1.005854e+05; 9.977950e-01
1.743500e+01; -7.053105e+04; 9.874153e-01; -1.048681e+05; 1.000000e+00; -1.006932e+05; 9.980326e-01
1.744000e+01; -7.082183e+04; 9.884646e-01; -1.048781e+05; 1.000000e+00; -1.007907e+05; 9.982663e-01
1.744500e+01; -7.109306e+04; 9.895123e-01; -1.048863e+05; 1.000000e+00; -1.008782e+05; 9.984964e-01
1.745000e+01; -7.134456e+04; 9.905582e-01; -1.048926e+05; 1.000000e+00; -1.009556e+05; 9.987231e-01
1.745500e+01; -7.157617e+04; 9.916025e-01; -1.048973e+05; 1.000000e+00; -1.010230e+05; 9.989467e-01
1.746000e+01; -7.178772e+04; 9.926449e-01; -1.049001e+05; 1.000000e+00; -1.010805e+05; 9.991676e-01
1.746500e+01; -7.197909e+04; 9.936855e-01; -1.049013e+05; 1.000000e+00; -1.011282e+05; 9.993861e-01
1.747000e+01; -7.215013e+04; 9.947242e-01; -1.049008e+05; 1.000000e+00; -1.011662e+05; 9.996025e-01
1.747500e+01; -7.230075e+04; 9.957611e-01; -1.048986e+05; 1.000000e+00; -1.011945e+05; 9.998171e-01
1.748000e+01; -7.243083e+04; 9.967960e-01; -1.048947e+05; 1.000000e+00; -1.012132e+05; 1.000030e+00
1.748500e+01; -7.254030e+04; 9.978291e-01; -1.048892e+05; 1.000000e+00; -1.012224e+05; 1.000242e+00
1.749000e+01; -7.262908e+04; 9.988603e-01; -1.048820e+05; 1.000000e+00; -1.012220e+05; 1.000453e+00
1.749500e+01; -7.266362e+04; 9.999385e-01; -1.048731e+05; 1.000000e+00; -1.012122e+05; 1.000664e+00
1.750000e+01; -7.272828e+04; 1.000912e+00; -1.048625e+05; 1.000000e+00; -1.011931e+05; 1.000874e+00
1.750500e+01; -7.276249e+04; 1.001966e+00; -1.048502e+05; 1.000000e+00; -1.011646e+05; 1.001084e+00
1.751000e+01; -7.277705e+04; 1.002947e+00; -1.048361e+05; 1.000000e+00; -1.011268e+05; 1.001295e+00
1.751500e+01; -7.277735e+04; 1.003984e+00; -1.048202e+05; 1.000000e+00; -1.010798e+05; 1.001506e+00
1.752000e+01; -7.274350e+04; 1.004978e+00; -1.048026e+05; 1.000000e+00; -1.010235e+05; 1.001719e+00
1.752500e+01; -7.268858e+04; 1.006020e+00; -1.047830e+05; 1.000000e+00; -1.009581e+05; 1.001932e+00
1.753000e+01; -7.261812e+04; 1.007003e+00; -1.047616e+05; 1.000000e+00; -1.008834e+05; 1.002148e+00
1.753500e+01; -7.252898e+04; 1.008035e+00; -1.047381e+05; 1.000000e+00; -1.007997e+05; 1.002365e+00
1.754000e+01; -7.237325e+04; 1.009081e+00; -1.047127e+05; 1.000000e+00; -1.007067e+05; 1.002584e+00
1.754500e+01; -7.223353e+04; 1.010085e+00; -1.046851e+05; 1.000000e+00; -1.006047e+05; 1.002805e+00
1.755000e+01; -7.207403e+04; 1.011102e+00; -1.046554e+05; 1.000000e+00; -1.004935e+05; 1.003030e+00
1.755500e+01; -7.189365e+04; 1.012109e+00; -1.046235e+05; 1.000000e+00; -1.003732e+05; 1.003257e+00
1.756000e+01; -7.169336e+04; 1.013120e+00; -1.045892e+05; 1.000000e+00; -1.002437e+05; 1.003488e+00
1.756500e+01; -7.147281e+04; 1.014126e+00; -1.045525e+05; 1.000000e+00; -1.001052e+05; 1.003722e+00
1.757000e+01; -7.123251e+04; 1.015134e+00; -1.045134e+05; 1.000000e+00; -9.995743e+04; 1.003959e+00
1.757500e+01; -7.097235e+04; 1.016138e+00; -1.044716e+05; 1.000000e+00; -9.980055e+04; 1.004201e+00
1.758000e+01; -7.069273e+04; 1.017143e+00; -1.044271e+05; 1.000000e+00; -9.963450e+04; 1.004447e+00
1.758500e+01; -7.039365e+04; 1.018146e+00; -1.043799e+05; 1.000000e+00; -9.945925e+04; 1.004698e+00
1.759000e+01; -7.007548e+04; 1.019149e+00; -1.043297e+05; 1.000000e+00; -9.927479e+04; 1.004953e+00
1.759500e+01; -6.973827e+04; 1.020149e+00; -1.042765e+05; 1.000000e+00; -9.908109e+04; 1.005213e+00
1.760000e+01; -6.938239e+04; 1.021150e+00; -1.042201e+05; 1.000000e+00; -9.887812e+04; 1.005479e+00
1.760500e+01; -6.900795e+04; 1.022149e+00; -1.041605e+05; 1.000000e+00; -9.866586e+04; 1.005750e+00
1.761000e+01; -6.861529e+04; 1.023147e+00; -1.040974e+05; 1.000000e+00; -9.844429e+04; 1.006026e+00
1.761500e+01; -6.820457e+04; 1.024144e+00; -1.040308e+05; 1.000000e+00; -9.821336e+04; 1.006308e+00
1.762000e+01; -6.777613e+04; 1.025140e+00; -1.039605e+05; 1.000000e+00; -9.797305e+04; 1.006596e+00
1.762500e+01; -6.733016e+04; 1.026135e+00; -1.038863e+05; 1.000000e+00; -9.772332e+04; 1.006891e+00
1.763000e+01; -6.686701e+04; 1.027129e+00; -1.038081e+05; 1.000000e+00; -9.746415e+04; 1.007192e+00
1.763500e+01; -6.638689e+04; 1.028122e+00; -1.037258e+05; 1.000000e+00; -9.719550e+04; 1.007499e+00
1.764000e+01; -6.589017e+04; 1.029114e+00; -1.036391e+05; 1.000000e+00; -9.691733e+04; 1.007813e+00
1.764500e+01; -6.537705e+04; 1.030105e+00; -1.035480e+05; 1.000000e+00; -9.662961e+04; 1.008133e+00
1.765000e+01; -6.484791e+04; 1.031096e+00; -1.034521e+05; 1.000000e+00; -9.633231e+04; 1.008461e+00
1.765500e+01; -6.430300e+04; 1.032085e+00; -1.033515e+05; 1.000000e+00; -9.602540e+04; 1.008796e+00
1.766000e+01; -6.374268e+04; 1.033074e+00; -1.032458e+05; 1.000000e+00; -9.570883e+04; 1.009138e+00
1.766500e+01; -6.316720e+04; 1.034061e+00; -1.031348e+05; 1.000000e+00; -9.538256e+04; 1.009488e+00
1.767000e+01; -6.257694e+04; 1.035048e+00; -1.030185e+05; 1.000000e+00; -9.504657e+04; 1.009845e+00
1.767500e+01; -6.197217e+04; 1.036034e+00; -1.028965e+05; 1.000000e+00; -9.470082e+04; 1.010209e+00
1.768000e+01; -6.135326e+04; 1.037020e+00; -1.027687e+05; 1.000000e+00; -9.434525e+04; 1.010582e+00
1.768500e+01; -6.072048e+04; 1.038004e+00; -1.026349e+05; 1.000000e+00; -9.397983e+04; 1.010962e+00
1.769000e+01; -6.007421e+04; 1.038988e+00; -1.024948e+05; 1.000000e+00; -9.360450e+04; 1.011350e+00
1.769500e+01; -5.941472e+04; 1.039971e+00; -1.023483e+05; 1.000000e+00; -9.321924e+04; 1.011746e+00
1.770000e+01; -5.874240e+04; 1.040954e+00; -1.021950e+05; 1.000000e+00; -9.282399e+04; 1.012150e+00
1.770500e+01; -5.805751e+04; 1.041936e+00; -1.020349e+05; 1.000000e+00; -9.241873e+04; 1.012563e+00
1.771000e+01; -5.736044e+04; 1.042918e+00; -1.018676e+05; 1.000000e+00; -9.200342e+04; 1.012984e+00
1.771500e+01; -5.665146e+04; 1.043898e+00; -1.016930e+05; 1.000000e+00; -9.157807e+04; 1.013413e+00
1.772000e+01; -5.593095e+04; 1.044879e+00; -1.015107e+05; 1.000000e+00; -9.114268e+04; 1.013850e+00
1.772500e+01; -5.519917e+04; 1.045859e+00; -1.013206e+05; 1.000000e+00; -9.069727e+04; 1.014295e+00
1.773000e+01; -5.445650e+04; 1.046840e+00; -1.011224e+05; 1.000000e+00; -9.024186e+04; 1.014749e+00
1.773500e+01; -5.370321e+04; 1.047819e+00; -1.009159e+05; 1.000000e+00; -8.977648e+04; 1.015211e+00
1.774000e+01; -5.293965e+04; 1.048799e+00; -1.007007e+05; 1.000000e+00; -8.930114e+04; 1.015681e+00
1.774500e+01; -5.216610e+04; 1.049778e+00; -1.004767e+05; 1.000000e+00; -8.881579e+04; 1.016160e+00
1.775000e+01; -5.138291e+04; 1.050758e+00; -1.002436e+05; 1.000000e+00; -8.832039e+04; 1.016647e+00
1.775500e+01; -5.059034e+04; 1.051737e+00; -1.000011e+05; 1.000000e+00; -8.781482e+04; 1.017142e+00
1.776000e+01; -4.978872e+04; 1.052716e+00; -9.974904e+04; 1.000000e+00; -8.729894e+04; 1.017646e+00
1.776500e+01; -4.897833e+04; 1.053695e+00; -9.948705e+04; 1.000000e+00; -8.677259e+04; 1.018158e+00
1.777000e+01; -4.815948e+04; 1.054675e+00; -9.921489e+04; 1.000000e+00; -8.623563e+04; 1.018679e+00
1.777500e+01; -4.733243e+04; 1.055654e+00; -9.893231e+04; 1.000000e+00; -8.568792e+04; 1.019209e+00
1.778000e+01; -4.649749e+04; 1.056634e+00; -9.863904e+04; 1.000000e+00; -8.512935e+04; 1.019748e+00
1.778500e+01; -4.565491e+04; 1.057613e+00; -9.833481e+04; 1.000000e+00; -8.455990e+04; 1.020296e+00
1.779000e+01; -4.480498e+04; 1.058593e+00; -9.801935e+04; 1.000000e+00; -8.397957e+04; 1.020852e+00
1.779500e+01; -4.394794e+04; 1.059573e+00; -9.769239e+04; 1.000000e+00; -8.338840e+04; 1.021417e+00
1.780000e+01; -4.308409e+04; 1.060553e+00; -9.735367e+04; 1.000000e+00; -8.278647e+04; 1.021991e+00
1.780500e+01; -4.221364e+04; 1.061534e+00; -9.700292e+04; 1.000000e+00; -8.217388e+04; 1.022573e+00
1.781000e+01; -4.133687e+04; 1.062514e+00; -9.663987e+04; 1.000000e+00; -8.155072e+04; 1.023163e+00
1.781500e+01; -4.045400e+04; 1.063495e+00; -9.626426e+04; 1.000000e+00; -8.091706e+04; 1.023761e+00
1.782000e+01; -3.956527e+04; 1.064477e+00; -9.587582e+04; 1.000000e+00; -8.027297e+04; 1.024367e+00
1.782500e+01; -3.867091e+04; 1.065458e+00; -9.547430e+04; 1.000000e+00; -7.961848e+04; 1.024981e+00
1.783000e+01; -3.777115e+04; 1.066440e+00; -9.505944e+04; 1.000000e+00; -7.895362e+04; 1.025602e+00
1.783500e+01; -3.686618e+04; 1.067422e+00; -9.463097e+04; 1.000000e+00; -7.827841e+04; 1.026230e+00
1.784000e+01; -3.595624e+04; 1.068405e+00; -9.418866e+04; 1.000000e+00; -7.759286e+04; 1.026866e+00
1.784500e+01; -3.504152e+04; 1.069388e+00; -9.373226e+04; 1.000000e+00; -7.689698e+04; 1.027510e+00
1.785000e+01; -3.412221e+04; 1.070371e+00; -9.326152e+04; 1.000000e+00; -7.619078e+04; 1.028160e+00
1.785500e+01; -3.319850e+04; 1.071354e+00; -9.277620e+04; 1.000000e+00; -7.547429e+04; 1.028817e+00
1.786000e+01; -3.227058e+04; 1.072338e+00; -9.227608e+04; 1.000000e+00; -7.474753e+04; 1.029481e+00
1.786500e+01; -3.133863e+04; 1.073322e+00; -9.176093e+04; 1.000000e+00; -7.401054e+04; 1.030151e+00
1.787000e+01; -3.040281e+04; 1.074307e+00; -9.123051e+04; 1.000000e+00; -7.326336e+04; 1.030828e+00
1.787500e+01; -2.946329e+04; 1.075292e+00; -9.068463e+04; 1.000000e+00; -7.250603e+04; 1.031511e+00
1.788000e+01; -2.852023e+04; 1.076277e+00; -9.012306e+04; 1.000000e+00; -7.173860e+04; 1.032200e+00
1.788500e+01; -2.757377e+04; 1.077262e+00; -8.954561e+04; 1.000000e+00; -7.096112e+04; 1.032895e+00
1.789000e+01; -2.662408e+04; 1.078247e+00; -8.895207e+04; 1.000000e+00; -7.017364e+04; 1.033596e+00
1.789500e+01; -2.567127e+04; 1.079233e+00; -8.834225e+04; 1.000000e+00; -6.937620e+04; 1.034301e+00
1.790000e+01; -2.471550e+04; 1.080219e+00; -8.771598e+04; 1.000000e+00; -6.856887e+04; 1.035012e+00
1.790500e+01; -2.375687e+04; 1.081206e+00; -8.707306e+04; 1.000000e+00; -6.775169e+04; 1.035728e+00
1.791000e+01; -2.279553e+04; 1.082192e+00; -8.641333e+04; 1.000000e+00; -6.692470e+04; 1.036448e+00
1.791500e+01; -2.183158e+04; 1.083179e+00; -8.573662e+04; 1.000000e+00; -6.608796e+04; 1.037173e+00
1.792000e+01; -2.086514e+04; 1.084165e+00; -8.504277e+04; 1.000000e+00; -6.524150e+04; 1.037902e+00
1.792500e+01; -1.989631e+04; 1.085152e+00; -8.433163e+04; 1.000000e+00; -6.438537e+04; 1.038635e+00
1.793000e+01; -1.892519e+04; 1.086139e+00; -8.360307e+04; 1.000000e+00; -6.351962e+04; 1.039372e+00
1.793500e+01; -1.795188e+04; 1.087126e+00; -8.285694e+04; 1.000000e+00; -6.264427e+04; 1.040112e+00
1.794000e+01; -1.697646e+04; 1.088113e+00; -8.209314e+04; 1.000000e+00; -6.175937e+04; 1.040855e+00
1.794500e+01; -1.599902e+04; 1.089100e+00; -8.131155e+04; 1.000000e+00; -6.086494e+04; 1.041602e+00
1.795000e+01; -1.501965e+04; 1.090087e+00; -8.051206e+04; 1.000000e+00; -5.996102e+04; 1.042351e+00
1.795500e+01; -1.403841e+04; 1.091074e+00; -7.969459e+04; 1.000000e+00; -5.904764e+04; 1.043102e+00
1.796000e+01; -1.305538e+04; 1.092061e+00; -7.885907e+04; 1.000000e+00; -5.812481e+04; 1.043856e+00
1.796500e+01; -1.207063e+04; 1.093048e+00; -7.800540e+04; 1.000000e+00; -5.719256e+04; 1.044611e+00
1.797000e+01; -1.108421e+04; 1.094034e+00; -7.713354e+04; 1.000000e+00; -5.625091e+04; 1.045369e+00
1.797500e+01; -1.009619e+04; 1.095021e+00; -7.624340e+04; 1.000000e+00; -5.529988e+04; 1.046127e+00
1.798000e+01; -9.106616e+03; 1.096007e+00; -7.533491e+04; 1.000000e+00; -5.433948e+04; 1.046887e+00
1.798500e+01; -8.115543e+03; 1.096992e+00; -7.440801e+04; 1.000000e+00; -5.336972e+04; 1.047648e+00
1.799000e+01; -7.123019e+03; 1.097978e+00; -7.346262e+04; 1.000000e+00; -5.239061e+04; 1.048410e+00
1.799500e+01; -6.129082e+03; 1.098962e+00; -7.249864e+04; 1.000000e+00; -5.140215e+04; 1.049171e+00
1.800000e+01; -5.133777e+03; 1.099947e+00; -7.151599e+04; 1.000000e+00; -5.040435e+04; 1.049934e+00
1.800500e+01; -4.137135e+03; 1.100931e+00; -7.051457e+04; 1.000000e+00; -4.939722e+04; 1.050695e+00
1.801000e+01; -3.139194e+03; 1.101914e+00; -6.949431e+04; 1.000000e+00; -4.838074e+04; 1.051457e+00
1.801500e+01; -2.139979e+03; 1.102896e+00; -6.845511e+04; 1.000000e+00; -4.735493e+04; 1.052218e+00
1.802000e+01; -1.139521e+03; 1.103878e+00; -6.739691e+04; 1.000000e+00; -4.631976e+04; 1.052978e+00
1.802500e+01; -1.378414e+02; 1.104859e+00; -6.631966e+04; 1.000000e+00; -4.527525e+04; 1.053737e+00
1.803000e+01; 8.650349e+02; 1.105839e+00; -6.522333e+04; 1.000000e+00; -4.422137e+04; 1.054495e+00
1.803500e+01; 1.869093e+03; 1.106819e+00; -6.410793e+04; 1.000000e+00; -4.315812e+04; 1.055250e+00
1.804000e+01; 2.874311e+03; 1.107797e+00; -6.297348e+04; 1.000000e+00; -4.208548e+04; 1.056004e+00
1.804500e+01; 3.880680e+03; 1.108774e+00; -6.182004e+04; 1.000000e+00; -4.100345e+04; 1.056756e+00
1.805000e+01; 4.888182e+03; 1.109750e+00; -6.064770e+04; 1.000000e+00; -3.991200e+04; 1.057506e+00
1.805500e+01; 5.896812e+03; 1.110725e+00; -5.945657e+04; 1.000000e+00; -3.881113e+04; 1.058253e+00
1.806000e+01; 6.906557e+03; 1.111698e+00; -5.824676e+04; 1.000000e+00; -3.770081e+04; 1.058997e+00
1.806500e+01; 7.917413e+03; 1.112670e+00; -5.701844e+04; 1.000000e+00; -3.658102e+04; 1.059737e+00
1.807000e+01; 8.929372e+03; 1.113640e+00; -5.577174e+04; 1.000000e+00; -3.545175e+04; 1.060475e+00
1.807500e+01; 9.942433e+03; 1.114609e+00; -5.450685e+04; 1.000000e+00; -3.431298e+04; 1.061209e+00
1.808000e+01; 1.095659e+04; 1.115576e+00; -5.322392e+04; 1.000000e+00; -3.316468e+04; 1.061939e+00
1.808500e+01; 1.197185e+04; 1.116541e+00; -5.192314e+04; 1.000000e+00; -3.200683e+04; 1.062665e+00
1.809000e+01; 1.298820e+04; 1.117504e+00; -5.060469e+04; 1.000000e+00; -3.083942e+04; 1.063387e+00
1.809500e+01; 1.400564e+04; 1.118465e+00; -4.926874e+04; 1.000000e+00; -2.966241e+04; 1.064104e+00
1.810000e+01; 1.502419e+04; 1.119424e+00; -4.791549e+04; 1.000000e+00; -2.847580e+04; 1.064816e+00
1.810500e+01; 1.604383e+04; 1.120380e+00; -4.654514e+04; 1.000000e+00; -2.727955e+04; 1.065524e+00
1.811000e+01; 1.706458e+04; 1.121334e+00; -4.515788e+04; 1.000000e+00; -2.607364e+04; 1.066226e+00
1.811500e+01; 1.808643e+04; 1.122286e+00; -4.375392e+04; 1.000000e+00; -2.485805e+04; 1.066924e+00
1.812000e+01; 1.910939e+04; 1.123235e+00; -4.233349e+04; 1.000000e+00; -2.363277e+04; 1.067615e+00
1.812500e+01; 2.013346e+04; 1.124180e+00; -4.089680e+04; 1.000000e+00; -2.239777e+04; 1.068301e+00
1.813000e+01; 2.115864e+04; 1.125123e+00; -3.944410e+04; 1.000000e+00; -2.115302e+04; 1.068981e+00
1.813500e+01; 2.218494e+04; 1.126063e+00; -3.797562e+04; 1.000000e+00; -1.989852e+04; 1.069655e+00
1.814000e+01; 2.321236e+04; 1.126999e+00; -3.649160e+04; 1.000000e+00; -1.863424e+04; 1.070323e+00
1.814500e+01; 2.424091e+04; 1.127932e+00; -3.499232e+04; 1.000000e+00; -1.736016e+04; 1.070984e+00
1.815000e+01; 2.527057e+04; 1.128861e+00; -3.347803e+04; 1.000000e+00; -1.607628e+04; 1.071638e+00
1.815500e+01; 2.630137e+04; 1.129786e+00; -3.194898e+04; 1.000000e+00; -1.478257e+04; 1.072286e+00
1.816000e+01; 2.733329e+04; 1.130707e+00; -3.040547e+04; 1.000000e+00; -1.347903e+04; 1.072927e+00
1.816500e+01; 2.836634e+04; 1.131624e+00; -2.884774e+04; 1.000000e+00; -1.216563e+04; 1.073561e+00
1.817000e+01; 2.940051e+04; 1.132536e+00; -2.727609e+04; 1.000000e+00; -1.084239e+04; 1.074188e+00
1.817500e+01; 3.043580e+04; 1.133444e+00; -2.569078e+04; 1.000000e+00; -9.509272e+03; 1.074807e+00
1.818000e+01; 3.147222e+04; 1.134347e+00; -2.409210e+04; 1.000000e+00; -8.166291e+03; 1.075419e+00
1.818500e+01; 3.250975e+04; 1.135245e+00; -2.248032e+04; 1.000000e+00; -6.813438e+03; 1.076023e+00
1.819000e+01; 3.354839e+04; 1.136137e+00; -2.085572e+04; 1.000000e+00; -5.450714e+03; 1.076620e+00
1.819500e+01; 3.458814e+04; 1.137024e+00; -1.921858e+04; 1.000000e+00; -4.078119e+03; 1.077208e+00
1.820000e+01; 3.562898e+04; 1.137906e+00; -1.756917e+04; 1.000000e+00; -2.695658e+03; 1.077789e+00
1.820500e+01; 3.667090e+04; 1.138781e+00; -1.590778e+04; 1.000000e+00; -1.303336e+03; 1.078361e+00
1.821000e+01; 3.771390e+04; 1.139650e+00; -1.423467e+04; 1.000000e+00; 9.884174e+01; 1.078926e+00
1.821500e+01; 3.875796e+04; 1.140513e+00; -1.255013e+04; 1.000000e+00; 1.510866e+03; 1.079482e+00
1.822000e+01; 3.980306e+04; 1.141369e+00; -1.085441e+04; 1.000000e+00; 2.932729e+03; 1.080030e+00
1.822500e+01; 4.084919e+04; 1.142218e+00; -9.147805e+03; 1.000000e+00; 4.364421e+03; 1.080569e+00
1.823000e+01; 4.189633e+04; 1.143060e+00; -7.430568e+03; 1.000000e+00; 5.805932e+03; 1.081100e+00
1.823500e+01; 4.294446e+04; 1.143894e+00; -5.702970e+03; 1.000000e+00; 7.257251e+03; 1.081622e+00
1.824000e+01; 4.399355e+04; 1.144721e+00; -3.965275e+03; 1.000000e+00; 8.718366e+03; 1.082136e+00
1.824500e+01; 4.504358e+04; 1.145539e+00; -2.217748e+03; 1.000000e+00; 1.018926e+04; 1.082641e+00
1.825000e+01; 4.609453e+04; 1.146350e+00; -4.606469e+02; 1.000000e+00; 1.166993e+04; 1.083137e+00
1.825500e+01; 4.714636e+04; 1.147152e+00; 1.305769e+03; 1.000000e+00; 1.316035e+04; 1.083623e+00
1.826000e+01; 4.819904e+04; 1.147944e+00; 3.081245e+03; 1.000000e+00; 1.466049e+04; 1.084101e+00
1.826500e+01; 4.925255e+04; 1.148728e+00; 4.865527e+03; 1.000000e+00; 1.617033e+04; 1.084570e+00
1.827000e+01; 5.030684e+04; 1.149503e+00; 6.658365e+03; 1.000000e+00; 1.768985e+04; 1.085030e+00
1.827500e+01; 5.136187e+04; 1.150267e+00; 8.459512e+03; 1.000000e+00; 1.921899e+04; 1.085480e+00
1.828000e+01; 5.241762e+04; 1.151022e+00; 1.026872e+04; 1.000000e+00; 2.075772e+04; 1.085921e+00
1.828500e+01; 5.347403e+04; 1.151766e+00; 1.208576e+04; 1.000000e+00; 2.230598e+04; 1.086353e+00
1.829000e+01; 5.453105e+04; 1.152499e+00; 1.391037e+04; 1.000000e+00; 2.386370e+04; 1.086775e+00
1.829500e+01; 5.558866e+04; 1.153222e+00; 1.574234e+04; 1.000000e+00; 2.543082e+04; 1.087189e+00
1.830000e+01; 5.664679e+04; 1.153933e+00; 1.758142e+04; 1.000000e+00; 2.700724e+04; 1.087592e+00
1.830500e+01; 5.770539e+04; 1.154633e+00; 1.942739e+04; 1.000000e+00; 2.859289e+04; 1.087987e+00
1.831000e+01; 5.876441e+04; 1.155320e+00; 2.128003e+04; 1.000000e+00; 3.018765e+04; 1.088372e+00
1.831500e+01; 5.982380e+04; 1.155996e+00; 2.313910e+04; 1.000000e+00; 3.179142e+04; 1.088748e+00
1.832000e+01; 6.088349e+04; 1.156659e+00; 2.500440e+04; 1.000000e+00; 3.340409e+04; 1.089114e+00
1.832500e+01; 6.194343e+04; 1.157309e+00; 2.687571e+04; 1.000000e+00; 3.502552e+04; 1.089471e+00
1.833000e+01; 6.300356e+04; 1.157946e+00; 2.875282e+04; 1.000000e+00; 3.665559e+04; 1.089819e+00
1.833500e+01; 6.406381e+04; 1.158570e+00; 3.063552e+04; 1.000000e+00; 3.829416e+04; 1.090158e+00
1.834000e+01; 6.512412e+04; 1.159180e+00; 3.252362e+04; 1.000000e+00; 3.994109e+04; 1.090487e+00
1.834500e+01; 6.618442e+04; 1.159776e+00; 3.441690e+04; 1.000000e+00; 4.159622e+04; 1.090807e+00
1.835000e+01; 6.724464e+04; 1.160357e+00; 3.631519e+04; 1.000000e+00; 4.325940e+04; 1.091118e+00
1.835500e+01; 6.830471e+04; 1.160924e+00; 3.821830e+04; 1.000000e+00; 4.493047e+04; 1.091420e+00
1.836000e+01; 6.936457e+04; 1.161476e+00; 4.012602e+04; 1.000000e+00; 4.660926e+04; 1.091712e+00
1.836500e+01; 7.042413e+04; 1.162013e+00; 4.203819e+04; 1.000000e+00; 4.829560e+04; 1.091996e+00
1.837000e+01; 7.148333e+04; 1.162534e+00; 4.395463e+04; 1.000000e+00; 4.998930e+04; 1.092271e+00
1.837500e+01; 7.254210e+04; 1.163039e+00; 4.587517e+04; 1.000000e+00; 5.169019e+04; 1.092536e+00
1.838000e+01; 7.360035e+04; 1.163529e+00; 4.779963e+04; 1.000000e+00; 5.339807e+04; 1.092793e+00
1.838500e+01; 7.465802e+04; 1.164001e+00; 4.972785e+04; 1.000000e+00; 5.511275e+04; 1.093041e+00
1.839000e+01; 7.571502e+04; 1.164458e+00; 5.165967e+04; 1.000000e+00; 5.683403e+04; 1.093279e+00
1.839500e+01; 7.677130e+04; 1.164897e+00; 5.359495e+04; 1.000000e+00; 5.856170e+04; 1.093510e+00
1.840000e+01; 7.782676e+04; 1.165319e+00; 5.553351e+04; 1.000000e+00; 6.029555e+04; 1.093731e+00
1.840500e+01; 7.888135e+04; 1.165724e+00; 5.747522e+04; 1.000000e+00; 6.203536e+04; 1.093943e+00
1.841000e+01; 7.993498e+04; 1.166111e+00; 5.941993e+04; 1.000000e+00; 6.378091e+04; 1.094147e+00
1.841500e+01; 8.098760e+04; 1.166480e+00; 6.136750e+04; 1.000000e+00; 6.553197e+04; 1.094342e+00
1.842000e+01; 8.203912e+04; 1.166832e+00; 6.331780e+04; 1.000000e+00; 6.728831e+04; 1.094529e+00
1.842500e+01; 8.308949e+04; 1.167164e+00; 6.527068e+04; 1.000000e+00; 6.904970e+04; 1.094707e+00
1.843000e+01; 8.413864e+04; 1.167479e+00; 6.722602e+04; 1.000000e+00; 7.081589e+04; 1.094876e+00
1.843500e+01; 8.518652e+04; 1.167775e+00; 6.918370e+04; 1.000000e+00; 7.258665e+04; 1.095037e+00
1.844000e+01; 8.623305e+04; 1.168052e+00; 7.114359e+04; 1.000000e+00; 7.436171e+04; 1.095189e+00
1.844500e+01; 8.727820e+04; 1.168310e+00; 7.310556e+04; 1.000000e+00; 7.614084e+04; 1.095333e+00
1.845000e+01; 8.832192e+04; 1.168548e+00; 7.506951e+04; 1.000000e+00; 7.792378e+04; 1.095469e+00
1.845500e+01; 8.936415e+04; 1.168768e+00; 7.703531e+04; 1.000000e+00; 7.971027e+04; 1.095596e+00
1.846000e+01; 9.040487e+04; 1.168968e+00; 7.900286e+04; 1.000000e+00; 8.150004e+04; 1.095714e+00
1.846500e+01; 9.144405e+04; 1.169148e+00; 8.097204e+04; 1.000000e+00; 8.329284e+04; 1.095824e+00
1.847000e+01; 9.248165e+04; 1.169308e+00; 8.294274e+04; 1.000000e+00; 8.508840e+04; 1.095925e+00
1.847500e+01; 9.351767e+04; 1.169449e+00; 8.491487e+04; 1.000000e+00; 8.688644e+04; 1.096019e+00
1.848000e+01; 9.455210e+04; 1.169570e+00; 8.688831e+04; 1.000000e+00; 8.868670e+04; 1.096103e+00
1.848500e+01; 9.558492e+04; 1.169671e+00; 8.886296e+04; 1.000000e+00; 9.048891e+04; 1.096179e+00
1.849000e+01; 9.661614e+04; 1.169752e+00; 9.083873e+04; 1.000000e+00; 9.229278e+04; 1.096247e+00
1.849500e+01; 9.764577e+04; 1.169813e+00; 9.281551e+04; 1.000000e+00; 9.409803e+04; 1.096306e+00
1.850000e+01; 9.867383e+04; 1.169854e+00; 9.479320e+04; 1.000000e+00; 9.590439e+04; 1.096357e+00
1.850500e+01; 9.970032e+04; 1.169874e+00; 9.677171e+04; 1.000000e+00; 9.771157e+04; 1.096399e+00
1.851000e+01; 1.007253e+05; 1.169874e+00; 9.875094e+04; 1.000000e+00; 9.951929e+04; 1.096433e+00
1.851500e+01; 1.017487e+05; 1.169855e+00; 1.007308e+05; 1.000000e+00; 1.013273e+05; 1.096458e+00
1.852000e+01; 1.027707e+05; 1.169815e+00; 1.027112e+05; 1.000000e+00; 1.031352e+05; 1.096474e+00
1.852500e+01; 1.037912e+05; 1.169755e+00; 1.046920e+05; 1.000000e+00; 1.049428e+05; 1.096482e+00
1.853000e+01; 1.048103e+05; 1.169675e+00; 1.066731e+05; 1.000000e+00; 1.067498e+05; 1.096480e+00
1.853500e+01; 1.058280e+05; 1.169575e+00; 1.086545e+05; 1.000000e+00; 1.085559e+05; 1.096470e+00
1.854000e+01; 1.068443e+05; 1.169455e+00; 1.106360e+05; 1.000000e+00; 1.103608e+05; 1.096452e+00
1.854500e+01; 1.078593e+05; 1.169315e+00; 1.126176e+05; 1.000000e+00; 1.121642e+05; 1.096424e+00
1.855000e+01; 1.088729e+05; 1.169155e+00; 1.145991e+05; 1.000000e+00; 1.139658e+05; 1.096387e+00
1.855500e+01; 1.098853e+05; 1.168976e+00; 1.165804e+05; 1.000000e+00; 1.157654e+05; 1.096342e+00
1.856000e+01; 1.108964e+05; 1.168777e+00; 1.185614e+05; 1.000000e+00; 1.175626e+05; 1.096287e+00
1.856500e+01; 1.119063e+05; 1.168559e+00; 1.205421e+05; 1.000000e+00; 1.193571e+05; 1.096223e+00
1.857000e+01; 1.129149e+05; 1.168322e+00; 1.225223e+05; 1.000000e+00; 1.211487e+05; 1.096150e+00
1.857500e+01; 1.139223e+05; 1.168065e+00; 1.245019e+05; 1.000000e+00; 1.229371e+05; 1.096067e+00
1.858000e+01; 1.149286e+05; 1.167790e+00; 1.264808e+05; 1.000000e+00; 1.247220e+05; 1.095975e+00
1.858500e+01; 1.159336e+05; 1.167495e+00; 1.284589e+05; 1.000000e+00; 1.265030e+05; 1.095874e+00
1.859000e+01; 1.169375e+05; 1.167182e+00; 1.304360e+05; 1.000000e+00; 1.282800e+05; 1.095763e+00
1.859500e+01; 1.179403e+05; 1.166851e+00; 1.324121e+05; 1.000000e+00; 1.300526e+05; 1.095642e+00
1.860000e+01; 1.189420e+05; 1.166501e+00; 1.343870e+05; 1.000000e+00; 1.318205e+05; 1.095512e+00
1.860500e+01; 1.199425e+05; 1.166134e+00; 1.363606e+05; 1.000000e+00; 1.335835e+05; 1.095372e+00
1.861000e+01; 1.209420e+05; 1.165748e+00; 1.383327e+05; 1.000000e+00; 1.353413e+05; 1.095222e+00
1.861500e+01; 1.219404e+05; 1.165345e+00; 1.403033e+05; 1.000000e+00; 1.370937e+05; 1.095062e+00
1.862000e+01; 1.229378e+05; 1.164925e+00; 1.422721e+05; 1.000000e+00; 1.388403e+05; 1.094892e+00
1.862500e+01; 1.239342e+05; 1.164488e+00; 1.442390e+05; 1.000000e+00; 1.405809e+05; 1.094711e+00
1.863000e+01; 1.249296e+05; 1.164034e+00; 1.462039e+05; 1.000000e+00; 1.423153e+05; 1.094521e+00
1.863500e+01; 1.259241e+05; 1.163563e+00; 1.481666e+05; 1.000000e+00; 1.440432e+05; 1.094320e+00
1.864000e+01; 1.269176e+05; 1.163077e+00; 1.501269e+05; 1.000000e+00; 1.457643e+05; 1.094109e+00
1.864500e+01; 1.279103e+05; 1.162574e+00; 1.520848e+05; 1.000000e+00; 1.474784e+05; 1.093887e+00
1.865000e+01; 1.289020e+05; 1.162055e+00; 1.540399e+05; 1.000000e+00; 1.491853e+05; 1.093654e+00
1.865500e+01; 1.298929e+05; 1.161521e+00; 1.559922e+05; 1.000000e+00; 1.508848e+05; 1.093411e+00
1.866000e+01; 1.308830e+05; 1.160972e+00; 1.579414e+05; 1.000000e+00; 1.525765e+05; 1.093157e+00
1.866500e+01; 1.318723e+05; 1.160408e+00; 1.598873e+05; 1.000000e+00; 1.542604e+05; 1.092892e+00
1.867000e+01; 1.328609e+05; 1.159829e+00; 1.618298e+05; 1.000000e+00; 1.559362e+05; 1.092617e+00
1.867500e+01; 1.338487e+05; 1.159236e+00; 1.637687e+05; 1.000000e+00; 1.576036e+05; 1.092330e+00
1.868000e+01; 1.348359e+05; 1.158629e+00; 1.657037e+05; 1.000000e+00; 1.592626e+05; 1.092033e+00
1.868500e+01; 1.358224e+05; 1.158008e+00; 1.676346e+05; 1.000000e+00; 1.609129e+05; 1.091724e+00
1.869000e+01; 1.368083e+05; 1.157374e+00; 1.695612e+05; 1.000000e+00; 1.625543e+05; 1.091404e+00
1.869500e+01; 1.377936e+05; 1.156727e+00; 1.714833e+05; 1.000000e+00; 1.641866e+05; 1.091073e+00
1.870000e+01; 1.387784e+05; 1.156067e+00; 1.734006e+05; 1.000000e+00; 1.658098e+05; 1.090731e+00
1.870500e+01; 1.397626e+05; 1.155395e+00; 1.753128e+05; 1.000000e+00; 1.674237e+05; 1.090378e+00
1.871000e+01; 1.407464e+05; 1.154710e+00; 1.772199e+05; 1.000000e+00; 1.690280e+05; 1.090013e+00
1.871500e+01; 1.417298e+05; 1.154014e+00; 1.791214e+05; 1.000000e+00; 1.706228e+05; 1.089637e+00
1.872000e+01; 1.427127e+05; 1.153306e+00; 1.810171e+05; 1.000000e+00; 1.722078e+05; 1.089250e+00
1.872500e+01; 1.436953e+05; 1.152587e+00; 1.829067e+05; 1.000000e+00; 1.737829e+05; 1.088851e+00
1.873000e+01; 1.446776e+05; 1.151857e+00; 1.847901e+05; 1.000000e+00; 1.753481e+05; 1.088441e+00
1.873500e+01; 1.456596e+05; 1.151116e+00; 1.866668e+05; 1.000000e+00; 1.769033e+05; 1.088020e+00
1.874000e+01; 1.466413e+05; 1.150365e+00; 1.885366e+05; 1.000000e+00; 1.784483e+05; 1.087588e+00
1.874500e+01; 1.476229e+05; 1.149604e+00; 1.903992e+05; 1.000000e+00; 1.799831e+05; 1.087144e+00
1.875000e+01; 1.486042e+05; 1.148833e+00; 1.922543e+05; 1.000000e+00; 1.815076e+05; 1.086689e+00
1.875500e+01; 1.495854e+05; 1.148052e+00; 1.941017e+05; 1.000000e+00; 1.830218e+05; 1.086223e+00
1.876000e+01; 1.505666e+05; 1.147263e+00; 1.959409e+05; 1.000000e+00; 1.845257e+05; 1.085746e+00
1.876500e+01; 1.515476e+05; 1.146464e+00; 1.977716e+05; 1.000000e+00; 1.860191e+05; 1.085258e+00
1.877000e+01; 1.525286e+05; 1.145657e+00; 1.995936e+05; 1.000000e+00; 1.875020e+05; 1.084759e+00
1.877500e+01; 1.535096e+05; 1.144841e+00; 2.014065e+05; 1.000000e+00; 1.889745e+05; 1.084249e+00
1.878000e+01; 1.544905e+05; 1.144018e+00; 2.032100e+05; 1.000000e+00; 1.904365e+05; 1.083729e+00
1.878500e+01; 1.554716e+05; 1.143187e+00; 2.050038e+05; 1.000000e+00; 1.918880e+05; 1.083197e+00
1.879000e+01; 1.564527e+05; 1.142348e+00; 2.067874e+05; 1.000000e+00; 1.933289e+05; 1.082655e+00
1.879500e+01; 1.574339e+05; 1.141501e+00; 2.085606e+05; 1.000000e+00; 1.947593e+05; 1.082102e+00
1.880000e+01; 1.584152e+05; 1.140648e+00; 2.103231e+05; 1.000000e+00; 1.961792e+05; 1.081539e+00
1.880500e+01; 1.593966e+05; 1.139788e+00; 2.120743e+05; 1.000000e+00; 1.975886e+05; 1.080966e+00
1.881000e+01; 1.603782e+05; 1.138921e+00; 2.138141e+05; 1.000000e+00; 1.989875e+05; 1.080383e+00
1.881500e+01; 1.613600e+05; 1.138048e+00; 2.155421e+05; 1.000000e+00; 2.003759e+05; 1.079789e+00
1.882000e+01; 1.623419e+05; 1.137169e+00; 2.172578e+05; 1.000000e+00; 2.017539e+05; 1.079186e+00
1.882500e+01; 1.633241e+05; 1.136284e+00; 2.189610e+05; 1.000000e+00; 2.031215e+05; 1.078573e+00
1.883000e+01; 1.643064e+05; 1.135394e+00; 2.206512e+05; 1.000000e+00; 2.044786e+05; 1.077950e+00
1.883500e+01; 1.652890e+05; 1.134497e+00; 2.223282e+05; 1.000000e+00; 2.058254e+05; 1.077317e+00
1.884000e+01; 1.662718e+05; 1.133596e+00; 2.239915e+05; 1.000000e+00; 2.071619e+05; 1.076676e+00
1.884500e+01; 1.672548e+05; 1.132690e+00; 2.256408e+05; 1.000000e+00; 2.084881e+05; 1.076025e+00
1.885000e+01; 1.682380e+05; 1.131779e+00; 2.272757e+05; 1.000000e+00; 2.098041e+05; 1.075365e+00
1.885500e+01; 1.692215e+05; 1.130863e+00; 2.288960e+05; 1.000000e+00; 2.111098e+05; 1.074697e+00
1.886000e+01; 1.702052e+05; 1.129942e+00; 2.305011e+05; 1.000000e+00; 2.124055e+05; 1.074020e+00
1.886500e+01; 1.711891e+05; 1.129018e+00; 2.320909e+05; 1.000000e+00; 2.136910e+05; 1.073334e+00
1.887000e+01; 1.721732e+05; 1.128089e+00; 2.336649e+05; 1.000000e+00; 2.149666e+05; 1.072641e+00
1.887500e+01; 1.731576e+05; 1.127156e+00; 2.352228e+05; 1.000000e+00; 2.162321e+05; 1.071939e+00
1.888000e+01; 1.741421e+05; 1.126220e+00; 2.367642e+05; 1.000000e+00; 2.174877e+05; 1.071230e+00
1.888500e+01; 1.751268e+05; 1.125280e+00; 2.382889e+05; 1.000000e+00; 2.187335e+05; 1.070513e+00
1.889000e+01; 1.761118e+05; 1.124336e+00; 2.397965e+05; 1.000000e+00; 2.199695e+05; 1.069789e+00
1.889500e+01; 1.770968e+05; 1.123389e+00; 2.412867e+05; 1.000000e+00; 2.211958e+05; 1.069057e+00
1.890000e+01; 1.780821e+05; 1.122439e+00; 2.427592e+05; 1.000000e+00; 2.224123e+05; 1.068319e+00
1.890500e+01; 1.790674e+05; 1.121485e+00; 2.442137e+05; 1.000000e+00; 2.236193e+05; 1.067574e+00
1.891000e+01; 1.800529e+05; 1.120529e+00; 2.456498e+05; 1.000000e+00; 2.248167e+05; 1.066823e+00
1.891500e+01; 1.810385e+05; 1.119570e+00; 2.470674e+05; 1.000000e+00; 2.260047e+05; 1.066066e+00
1.892000e+01; 1.820241e+05; 1.118608e+00; 2.484661e+05; 1.000000e+00; 2.271832e+05; 1.065303e+00
1.892500e+01; 1.830097e+05; 1.117643e+00; 2.498457e+05; 1.000000e+00; 2.283523e+05; 1.064534e+00
1.893000e+01; 1.839954e+05; 1.116676e+00; 2.512059e+05; 1.000000e+00; 2.295121e+05; 1.063760e+00
1.893500e+01; 1.849810e+05; 1.115707e+00; 2.525465e+05; 1.000000e+00; 2.306627e+05; 1.062981e+00
1.894000e+01; 1.859666e+05; 1.114735e+00; 2.538673e+05; 1.000000e+00; 2.318040e+05; 1.062197e+00
1.894500e+01; 1.869521e+05; 1.113761e+00; 2.551681e+05; 1.000000e+00; 2.329362e+05; 1.061409e+00
1.895000e+01; 1.879375e+05; 1.112785e+00; 2.564487e+05; 1.000000e+00; 2.340593e+05; 1.060616e+00
1.895500e+01; 1.889227e+05; 1.111807e+00; 2.577088e+05; 1.000000e+00; 2.351734e+05; 1.059820e+00
1.896000e+01; 1.899078e+05; 1.110826e+00; 2.589485e+05; 1.000000e+00; 2.362784e+05; 1.059020e+00
1.896500e+01; 1.908926e+05; 1.109844e+00; 2.601674e+05; 1.000000e+00; 2.373745e+05; 1.058217e+00
1.897000e+01; 1.918771e+05; 1.108860e+00; 2.613654e+05; 1.000000e+00; 2.384616e+05; 1.057411e+00
1.897500e+01; 1.928613e+05; 1.107874e+00; 2.625426e+05; 1.000000e+00; 2.395398e+05; 1.056602e+00
1.898000e+01; 1.938451e+05; 1.106887e+00; 2.636987e+05; 1.000000e+00; 2.406092e+05; 1.055790e+00
1.898500e+01; 1.948284e+05; 1.105898e+00; 2.648336e+05; 1.000000e+00; 2.416697e+05; 1.054977e+00
1.899000e+01; 1.958113e+05; 1.104907e+00; 2.659474e+05; 1.000000e+00; 2.427213e+05; 1.054161e+00
1.899500e+01; 1.967937e+05; 1.103915e+00; 2.670399e+05; 1.000000e+00; 2.437642e+05; 1.053345e+00
1.900000e+01; 1.977754e+05; 1.102921e+00; 2.681112e+05; 1.000000e+00; 2.447982e+05; 1.052527e+00
1.900500e+01; 1.987566e+05; 1.101925e+00; 2.691611e+05; 1.000000e+00; 2.458235e+05; 1.051708e+00
1.901000e+01; 1.997370e+05; 1.100928e+00; 2.701897e+05; 1.000000e+00; 2.468400e+05; 1.050889e+00
1.901500e+01; 2.007166e+05; 1.099930e+00; 2.711971e+05; 1.000000e+00; 2.478477e+05; 1.050069e+00
1.902000e+01; 2.016953e+05; 1.098931e+00; 2.721832e+05; 1.000000e+00; 2.488466e+05; 1.049250e+00
1.902500e+01; 2.026732e+05; 1.097930e+00; 2.731481e+05; 1.000000e+00; 2.498366e+05; 1.048431e+00
1.903000e+01; 2.036500e+05; 1.096927e+00; 2.740918e+05; 1.000000e+00; 2.508179e+05; 1.047612e+00
1.903500e+01; 2.046258e+05; 1.095924e+00; 2.750145e+05; 1.000000e+00; 2.517903e+05; 1.046795e+00
1.904000e+01; 2.056004e+05; 1.094919e+00; 2.759161e+05; 1.000000e+00; 2.527539e+05; 1.045979e+00
1.904500e+01; 2.065738e+05; 1.093913e+00; 2.767968e+05; 1.000000e+00; 2.537085e+05; 1.045165e+00
1.905000e+01; 2.075459e+05; 1.092906e+00; 2.776568e+05; 1.000000e+00; 2.546542e+05; 1.044352e+00
1.905500e+01; 2.085165e+05; 1.091897e+00; 2.784960e+05; 1.000000e+00; 2.555909e+05; 1.043542e+00
1.906000e+01; 2.094857e+05; 1.090887e+00; 2.793147e+05; 1.000000e+00; 2.565186e+05; 1.042735e+00
1.906500e+01; 2.104532e+05; 1.089876e+00; 2.801129e+05; 1.000000e+00; 2.574372e+05; 1.041930e+00
1.907000e+01; 2.114190e+05; 1.088864e+00; 2.808909e+05; 1.000000e+00; 2.583467e+05; 1.041128e+00
1.907500e+01; 2.123830e+05; 1.087851e+00; 2.816489e+05; 1.000000e+00; 2.592470e+05; 1.040330e+00
1.908000e+01; 2.133451e+05; 1.086837e+00; 2.823869e+05; 1.000000e+00; 2.601380e+05; 1.039536e+00
1.908500e+01; 2.143052e+05; 1.085821e+00; 2.831051e+05; 1.000000e+00; 2.610198e+05; 1.038745e+00
1.909000e+01; 2.152631e+05; 1.084805e+00; 2.838039e+05; 1.000000e+00; 2.618921e+05; 1.037959e+00
1.909500e+01; 2.162187e+05; 1.083787e+00; 2.844833e+05; 1.000000e+00; 2.627550e+05; 1.037178e+00
1.910000e+01; 2.171719e+05; 1.082768e+00; 2.851436e+05; 1.000000e+00; 2.636083e+05; 1.036401e+00
1.910500e+01; 2.181226e+05; 1.081748e+00; 2.857850e+05; 1.000000e+00; 2.644521e+05; 1.035630e+00
1.911000e+01; 2.190707e+05; 1.080727e+00; 2.864078e+05; 1.000000e+00; 2.652861e+05; 1.034863e+00
1.911500e+01; 2.200159e+05; 1.079704e+00; 2.870121e+05; 1.000000e+00; 2.661104e+05; 1.034103e+00
1.912000e+01; 2.209582e+05; 1.078681e+00; 2.875983e+05; 1.000000e+00; 2.669248e+05; 1.033348e+00
1.912500e+01; 2.218974e+05; 1.077656e+00; 2.881666e+05; 1.000000e+00; 2.677292e+05; 1.032600e+00
1.913000e+01; 2.228333e+05; 1.076631e+00; 2.887172e+05; 1.000000e+00; 2.685236e+05; 1.031858e+00
1.913500e+01; 2.237658e+05; 1.075604e+00; 2.892505e+05; 1.000000e+00; 2.693079e+05; 1.031122e+00
1.914000e+01; 2.246947e+05; 1.074576e+00; 2.897667e+05; 1.000000e+00; 2.700819e+05; 1.030393e+00
1.914500e+01; 2.256199e+05; 1.073547e+00; 2.902661e+05; 1.000000e+00; 2.708457e+05; 1.029672e+00
1.915000e+01; 2.265412e+05; 1.072517e+00; 2.907490e+05; 1.000000e+00; 2.715990e+05; 1.028957e+00
1.915500e+01; 2.274584e+05; 1.071486e+00; 2.912157e+05; 1.000000e+00; 2.723419e+05; 1.028250e+00
1.916000e+01; 2.283713e+05; 1.070454e+00; 2.916666e+05; 1.000000e+00; 2.730742e+05; 1.027551e+00
1.916500e+01; 2.292798e+05; 1.069421e+00; 2.921018e+05; 1.000000e+00; 2.737958e+05; 1.026859e+00
1.917000e+01; 2.301836e+05; 1.068386e+00; 2.925217e+05; 1.000000e+00; 2.745067e+05; 1.026176e+00
1.917500e+01; 2.310825e+05; 1.067351e+00; 2.929267e+05; 1.000000e+00; 2.752068e+05; 1.025500e+00
1.918000e+01; 2.319764e+05; 1.066314e+00; 2.933170e+05; 1.000000e+00; 2.758959e+05; 1.024833e+00
1.918500e+01; 2.328650e+05; 1.065277e+00; 2.936930e+05; 1.000000e+00; 2.765741e+05; 1.024175e+00
1.919000e+01; 2.337481e+05; 1.064238e+00; 2.940551e+05; 1.000000e+00; 2.772412e+05; 1.023525e+00
1.919500e+01; 2.346255e+05; 1.063199e+00; 2.944034e+05; 1.000000e+00; 2.778972e+05; 1.022884e+00
1.920000e+01; 2.354969e+05; 1.062158e+00; 2.947385e+05; 1.000000e+00; 2.785420e+05; 1.022252e+00
1.920500e+01; 2.363623e+05; 1.061116e+00; 2.950605e+05; 1.000000e+00; 2.791755e+05; 1.021628e+00
1.921000e+01; 2.372212e+05; 1.060074e+00; 2.953699e+05; 1.000000e+00; 2.797977e+05; 1.021014e+00
1.921500e+01; 2.380735e+05; 1.059030e+00; 2.956669e+05; 1.000000e+00; 2.804085e+05; 1.020409e+00
1.922000e+01; 2.389189e+05; 1.057986e+00; 2.959518e+05; 1.000000e+00; 2.810079e+05; 1.019813e+00
1.922500e+01; 2.397572e+05; 1.056940e+00; 2.962252e+05; 1.000000e+00; 2.815958e+05; 1.019226e+00
1.923000e+01; 2.405881e+05; 1.055894e+00; 2.964871e+05; 1.000000e+00; 2.821721e+05; 1.018649e+00
1.923500e+01; 2.414114e+05; 1.054847e+00; 2.967380e+05; 1.000000e+00; 2.827370e+05; 1.018081e+00
1.924000e+01; 2.422268e+05; 1.053798e+00; 2.969782e+05; 1.000000e+00; 2.832902e+05; 1.017522e+00
1.924500e+01; 2.430341e+05; 1.052749e+00; 2.972080e+05; 1.000000e+00; 2.838318e+05; 1.016973e+00
1.925000e+01; 2.438329e+05; 1.051700e+00; 2.974278e+05; 1.000000e+00; 2.843618e+05; 1.016433e+00
1.925500e+01; 2.446231e+05; 1.050649e+00; 2.976378e+05; 1.000000e+00; 2.848801e+05; 1.015903e+00
1.926000e+01; 2.454042e+05; 1.049598e+00; 2.978383e+05; 1.000000e+00; 2.853867e+05; 1.015382e+00
1.926500e+01; 2.461762e+05; 1.048546e+00; 2.980297e+05; 1.000000e+00; 2.858816e+05; 1.014871e+00
1.927000e+01; 2.469386e+05; 1.047493e+00; 2.982123e+05; 1.000000e+00; 2.863648e+05; 1.014369e+00
1.927500e+01; 2.476912e+05; 1.046440e+00; 2.983863e+05; 1.000000e+00; 2.868364e+05; 1.013876e+00
1.928000e+01; 2.484337e+05; 1.045386e+00; 2.985521e+05; 1.000000e+00; 2.872962e+05; 1.013393e+00
1.928500e+01; 2.491659e+05; 1.044332e+00; 2.987099e+05; 1.000000e+00; 2.877444e+05; 1.012919e+00
1.929000e+01; 2.498873e+05; 1.043277e+00; 2.988600e+05; 1.000000e+00; 2.881809e+05; 1.012454e+00
1.929500e+01; 2.505979e+05; 1.042222e+00; 2.990028e+05; 1.000000e+00; 2.886057e+05; 1.011998e+00
1.930000e+01; 2.512971e+05; 1.041166e+00; 2.991384e+05; 1.000000e+00; 2.890189e+05; 1.011551e+00
1.930500e+01; 2.519849e+05; 1.040110e+00; 2.992671e+05; 1.000000e+00; 2.894204e+05; 1.011113e+00
1.931000e+01; 2.526608e+05; 1.039053e+00; 2.993892e+05; 1.000000e+00; 2.898104e+05; 1.010683e+00
1.931500e+01; 2.533246e+05; 1.037997e+00; 2.995049e+05; 1.000000e+00; 2.901888e+05; 1.010263e+00
1.932000e+01; 2.539759e+05; 1.036940e+00; 2.996145e+05; 1.000000e+00; 2.905556e+05; 1.009851e+00
1.932500e+01; 2.546146e+05; 1.035883e+00; 2.997181e+05; 1.000000e+00; 2.909110e+05; 1.009447e+00
1.933000e+01; 2.552403e+05; 1.034826e+00; 2.998162e+05; 1.000000e+00; 2.912548e+05; 1.009052e+00
1.933500e+01; 2.558526e+05; 1.033769e+00; 2.999087e+05; 1.000000e+00; 2.915872e+05; 1.008665e+00
1.934000e+01; 2.564515e+05; 1.032711e+00; 2.999960e+05; 1.000000e+00; 2.919083e+05; 1.008285e+00
1.934500e+01; 2.570364e+05; 1.031654e+00; 3.000783e+05; 1.000000e+00; 2.922180e+05; 1.007914e+00
1.935000e+01; 2.576072e+05; 1.030598e+00; 3.001557e+05; 1.000000e+00; 2.925163e+05; 1.007550e+00
1.935500e+01; 2.581636e+05; 1.029541e+00; 3.002285e+05; 1.000000e+00; 2.928035e+05; 1.007194e+00
1.936000e+01; 2.587053e+05; 1.028484e+00; 3.002969e+05; 1.000000e+00; 2.930794e+05; 1.006845e+00
1.936500e+01; 2.592321e+05; 1.027428e+00; 3.003609e+05; 1.000000e+00; 2.933441e+05; 1.006503e+00
1.937000e+01; 2.597436e+05; 1.026373e+00; 3.004208e+05; 1.000000e+00; 2.935978e+05; 1.006169e+00
1.937500e+01; 2.602396e+05; 1.025318e+00; 3.004767e+05; 1.000000e+00; 2.938404e+05; 1.005840e+00
1.938000e+01; 2.607199e+05; 1.024263e+00; 3.005288e+05; 1.000000e+00; 2.940720e+05; 1.005519e+00
1.938500e+01; 2.611841e+05; 1.023209e+00; 3.005773e+05; 1.000000e+00; 2.942926e+05; 1.005203e+00
1.939000e+01; 2.616321e+05; 1.022155e+00; 3.006222e+05; 1.000000e+00; 2.945024e+05; 1.004894e+00
1.939500e+01; 2.620636e+05; 1.021103e+00; 3.006637e+05; 1.000000e+00; 2.947014e+05; 1.004591e+00
1.940000e+01; 2.624784e+05; 1.020051e+00; 3.007019e+05; 1.000000e+00; 2.948896e+05; 1.004293e+00
1.940500e+01; 2.628763e+05; 1.019000e+00; 3.007370e+05; 1.000000e+00; 2.950671e+05; 1.004000e+00
1.941000e+01; 2.632569e+05; 1.017949e+00; 3.007690e+05; 1.000000e+00; 2.952339e+05; 1.003713e+00
1.941500e+01; 2.636202e+05; 1.016900e+00; 3.007981e+05; 1.000000e+00; 2.953902e+05; 1.003431e+00
1.942000e+01; 2.639659e+05; 1.015852e+00; 3.008242e+05; 1.000000e+00; 2.955360e+05; 1.003153e+00
1.942500e+01; 2.642938e+05; 1.014805e+00; 3.008476e+05; 1.000000e+00; 2.956713e+05; 1.002880e+00
1.943000e+01; 2.646038e+05; 1.013758e+00; 3.008683e+05; 1.000000e+00; 2.957961e+05; 1.002611e+00
1.943500e+01; 2.648956e+05; 1.012713e+00; 3.008864e+05; 1.000000e+00; 2.959107e+05; 1.002345e+00
1.944000e+01; 2.651691e+05; 1.011669e+00; 3.009019e+05; 1.000000e+00; 2.960149e+05; 1.002084e+00
1.944500e+01; 2.652986e+05; 1.010444e+00; 3.009149e+05; 1.000000e+00; 2.961090e+05; 1.001826e+00
1.945000e+01; 2.655428e+05; 1.009521e+00; 3.009255e+05; 1.000000e+00; 2.961928e+05; 1.001570e+00
1.945500e+01; 2.657833e+05; 1.008412e+00; 3.009336e+05; 1.000000e+00; 2.962666e+05; 1.001318e+00
1.946000e+01; 2.659692e+05; 1.007430e+00; 3.009394e+05; 1.000000e+00; 2.963302e+05; 1.001068e+00
1.946500e+01; 2.661872e+05; 1.006385e+00; 3.009429e+05; 1.000000e+00; 2.963839e+05; 1.000821e+00
1.947000e+01; 2.663252e+05; 1.005347e+00; 3.009440e+05; 1.000000e+00; 2.964276e+05; 1.000575e+00
1.947500e+01; 2.665093e+05; 1.004358e+00; 3.009429e+05; 1.000000e+00; 2.964614e+05; 1.000332e+00
1.948000e+01; 2.666102e+05; 1.003277e+00; 3.009395e+05; 1.000000e+00; 2.964854e+05; 1.000089e+00
1.948500e+01; 2.667494e+05; 1.002327e+00; 3.009338e+05; 1.000000e+00; 2.964995e+05; 9.998484e-01
1.949000e+01; 2.668222e+05; 1.001226e+00; 3.009258e+05; 1.000000e+00; 2.965038e+05; 9.996083e-01
1.949500e+01; 2.669088e+05; 1.000288e+00; 3.009156e+05; 1.000000e+00; 2.964984e+05; 9.993688e-01
1.950000e+01; 2.669583e+05; 9.991938e-01; 3.009031e+05; 1.000000e+00; 2.964834e+05; 9.991297e-01
1.950500e+01; 2.669898e+05; 9.982415e-01; 3.008884e+05; 1.000000e+00; 2.964586e+05; 9.988906e-01
1.951000e+01; 2.670156e+05; 9.971776e-01; 3.008712e+05; 1.000000e+00; 2.964243e+05; 9.986514e-01
1.951500e+01; 2.669948e+05; 9.961936e-01; 3.008518e+05; 1.000000e+00; 2.963803e+05; 9.984117e-01
1.952000e+01; 2.669918e+05; 9.951712e-01; 3.008300e+05; 1.000000e+00; 2.963268e+05; 9.981713e-01
1.952500e+01; 2.669252e+05; 9.941503e-01; 3.008057e+05; 1.000000e+00; 2.962637e+05; 9.979299e-01
1.953000e+01; 2.668860e+05; 9.931679e-01; 3.007790e+05; 1.000000e+00; 2.961911e+05; 9.976873e-01
1.953500e+01; 2.667817e+05; 9.921177e-01; 3.007498e+05; 1.000000e+00; 2.961090e+05; 9.974431e-01
1.954000e+01; 2.666989e+05; 9.911624e-01; 3.007180e+05; 1.000000e+00; 2.960175e+05; 9.971972e-01
1.954500e+01; 2.665636e+05; 9.900992e-01; 3.006835e+05; 1.000000e+00; 2.959165e+05; 9.969492e-01
1.955000e+01; 2.664323e+05; 9.891524e-01; 3.006464e+05; 1.000000e+00; 2.958060e+05; 9.966990e-01
1.955500e+01; 2.662698e+05; 9.880954e-01; 3.006065e+05; 1.000000e+00; 2.956861e+05; 9.964462e-01
1.956000e+01; 2.660888e+05; 9.871386e-01; 3.005637e+05; 1.000000e+00; 2.955567e+05; 9.961907e-01
1.956500e+01; 2.658992e+05; 9.861036e-01; 3.005180e+05; 1.000000e+00; 2.954180e+05; 9.959321e-01
1.957000e+01; 2.656710e+05; 9.851244e-01; 3.004693e+05; 1.000000e+00; 2.952698e+05; 9.956704e-01
1.957500e+01; 2.653860e+05; 9.840243e-01; 3.004174e+05; 1.000000e+00; 2.951122e+05; 9.954051e-01
1.958000e+01; 2.651471e+05; 9.831203e-01; 3.003624e+05; 1.000000e+00; 2.949451e+05; 9.951361e-01
1.958500e+01; 2.648706e+05; 9.820366e-01; 3.003040e+05; 1.000000e+00; 2.947687e+05; 9.948632e-01
1.959000e+01; 2.645714e+05; 9.811088e-01; 3.002422e+05; 1.000000e+00; 2.945828e+05; 9.945861e-01
1.959500e+01; 2.642695e+05; 9.800526e-01; 3.001768e+05; 1.000000e+00; 2.943874e+05; 9.943047e-01
1.960000e+01; 2.639303e+05; 9.791053e-01; 3.001077e+05; 1.000000e+00; 2.941826e+05; 9.940187e-01
1.960500e+01; 2.635935e+05; 9.780687e-01; 3.000349e+05; 1.000000e+00; 2.939683e+05; 9.937280e-01
1.961000e+01; 2.632201e+05; 9.771094e-01; 2.999581e+05; 1.000000e+00; 2.937446e+05; 9.934323e-01
1.961500e+01; 2.627145e+05; 9.758927e-01; 2.998773e+05; 1.000000e+00; 2.935113e+05; 9.931314e-01
1.962000e+01; 2.623028e+05; 9.750308e-01; 2.997923e+05; 1.000000e+00; 2.932684e+05; 9.928251e-01
1.962500e+01; 2.618897e+05; 9.739153e-01; 2.997029e+05; 1.000000e+00; 2.930159e+05; 9.925132e-01
1.963000e+01; 2.614453e+05; 9.730276e-01; 2.996090e+05; 1.000000e+00; 2.927538e+05; 9.921955e-01
1.963500e+01; 2.609979e+05; 9.719303e-01; 2.995105e+05; 1.000000e+00; 2.924819e+05; 9.918717e-01
1.964000e+01; 2.605219e+05; 9.710325e-01; 2.994071e+05; 1.000000e+00; 2.922001e+05; 9.915416e-01
1.964500e+01; 2.600421e+05; 9.699467e-01; 2.992988e+05; 1.000000e+00; 2.919082e+05; 9.912050e-01
1.965000e+01; 2.595352e+05; 9.690422e-01; 2.991854e+05; 1.000000e+00; 2.916062e+05; 9.908614e-01
1.965500e+01; 2.590240e+05; 9.679656e-01; 2.990666e+05; 1.000000e+00; 2.912939e+05; 9.905108e-01
1.966000e+01; 2.584873e+05; 9.670556e-01; 2.989423e+05; 1.000000e+00; 2.909711e+05; 9.901528e-01
1.966500e+01; 2.579459e+05; 9.659871e-01; 2.988124e+05; 1.000000e+00; 2.906377e+05; 9.897872e-01
1.967000e+01; 2.573803e+05; 9.650724e-01; 2.986766e+05; 1.000000e+00; 2.902938e+05; 9.894140e-01
1.967500e+01; 2.568098e+05; 9.640111e-01; 2.985348e+05; 1.000000e+00; 2.899394e+05; 9.890333e-01
1.968000e+01; 2.562164e+05; 9.630922e-01; 2.983867e+05; 1.000000e+00; 2.895747e+05; 9.886450e-01
1.968500e+01; 2.556179e+05; 9.620375e-01; 2.982321e+05; 1.000000e+00; 2.892000e+05; 9.882496e-01
1.969000e+01; 2.549978e+05; 9.611146e-01; 2.980709e+05; 1.000000e+00; 2.888156e+05; 9.878472e-01
1.969500e+01; 2.543726e+05; 9.600660e-01; 2.979029e+05; 1.000000e+00; 2.884220e+05; 9.874382e-01
1.970000e+01; 2.537268e+05; 9.591395e-01; 2.977278e+05; 1.000000e+00; 2.880194e+05; 9.870229e-01
1.970500e+01; 2.530760e+05; 9.580964e-01; 2.975455e+05; 1.000000e+00; 2.876082e+05; 9.866016e-01
1.971000e+01; 2.524057e+05; 9.571665e-01; 2.973557e+05; 1.000000e+00; 2.871887e+05; 9.861744e-01
1.971500e+01; 2.517304e+05; 9.561285e-01; 2.971581e+05; 1.000000e+00; 2.867609e+05; 9.857413e-01
1.972000e+01; 2.510368e+05; 9.551954e-01; 2.969527e+05; 1.000000e+00; 2.863248e+05; 9.853022e-01
1.972500e+01; 2.503382e+05; 9.541620e-01; 2.967391e+05; 1.000000e+00; 2.858803e+05; 9.848571e-01
1.973000e+01; 2.496223e+05; 9.532258e-01; 2.965171e+05; 1.000000e+00; 2.854272e+05; 9.844056e-01
1.973500e+01; 2.489016e+05; 9.521966e-01; 2.962866e+05; 1.000000e+00; 2.849652e+05; 9.839476e-01
1.974000e+01; 2.481646e+05; 9.512575e-01; 2.960472e+05; 1.000000e+00; 2.844941e+05; 9.834826e-01
1.974500e+01; 2.474229e+05; 9.502322e-01; 2.957987e+05; 1.000000e+00; 2.840135e+05; 9.830106e-01
1.975000e+01; 2.466659e+05; 9.492903e-01; 2.955410e+05; 1.000000e+00; 2.835233e+05; 9.825312e-01
1.975500e+01; 2.459043e+05; 9.482685e-01; 2.952737e+05; 1.000000e+00; 2.830233e+05; 9.820443e-01
1.976000e+01; 2.451283e+05; 9.473239e-01; 2.949967e+05; 1.000000e+00; 2.825133e+05; 9.815498e-01
1.976500e+01; 2.443480e+05; 9.463052e-01; 2.947097e+05; 1.000000e+00; 2.819931e+05; 9.810475e-01
1.977000e+01; 2.435542e+05; 9.453581e-01; 2.944124e+05; 1.000000e+00; 2.814627e+05; 9.805374e-01
1.977500e+01; 2.427562e+05; 9.443423e-01; 2.941047e+05; 1.000000e+00; 2.809218e+05; 9.800193e-01
1.978000e+01; 2.419456e+05; 9.433927e-01; 2.937862e+05; 1.000000e+00; 2.803704e+05; 9.794932e-01
1.978500e+01; 2.411310e+05; 9.423794e-01; 2.934568e+05; 1.000000e+00; 2.798084e+05; 9.789591e-01
1.979000e+01; 2.403046e+05; 9.414275e-01; 2.931162e+05; 1.000000e+00; 2.792356e+05; 9.784168e-01
1.979500e+01; 2.394743e+05; 9.404164e-01; 2.927642e+05; 1.000000e+00; 2.786520e+05; 9.778663e-01
1.980000e+01; 2.386331e+05; 9.394622e-01; 2.924005e+05; 1.000000e+00; 2.780573e+05; 9.773075e-01
1.980500e+01; 2.377883e+05; 9.384532e-01; 2.920249e+05; 1.000000e+00; 2.774515e+05; 9.767405e-01
1.981000e+01; 2.369332e+05; 9.374969e-01; 2.916372e+05; 1.000000e+00; 2.768345e+05; 9.761652e-01
1.981500e+01; 2.360748e+05; 9.364896e-01; 2.912371e+05; 1.000000e+00; 2.762062e+05; 9.755816e-01
1.982000e+01; 2.352067e+05; 9.355312e-01; 2.908243e+05; 1.000000e+00; 2.755665e+05; 9.749896e-01
1.982500e+01; 2.343355e+05; 9.345256e-01; 2.903988e+05; 1.000000e+00; 2.749152e+05; 9.743893e-01
1.983000e+01; 2.334554e+05; 9.335652e-01; 2.899601e+05; 1.000000e+00; 2.742524e+05; 9.737808e-01
1.983500e+01; 2.325723e+05; 9.325610e-01; 2.895082e+05; 1.000000e+00; 2.735780e+05; 9.731640e-01
1.984000e+01; 2.316810e+05; 9.315988e-01; 2.890427e+05; 1.000000e+00; 2.728920e+05; 9.725392e-01
1.984500e+01; 2.307868e+05; 9.305958e-01; 2.885634e+05; 1.000000e+00; 2.721943e+05; 9.719064e-01
1.985000e+01; 2.298850e+05; 9.296318e-01; 2.880700e+05; 1.000000e+00; 2.714852e+05; 9.712660e-01
1.985500e+01; 2.289806e+05; 9.286301e-01; 2.875624e+05; 1.000000e+00; 2.707649e+05; 9.706183e-01
1.986000e+01; 2.280691e+05; 9.276644e-01; 2.870403e+05; 1.000000e+00; 2.700338e+05; 9.699638e-01
1.986500e+01; 2.271552e+05; 9.266638e-01; 2.865033e+05; 1.000000e+00; 2.692920e+05; 9.693031e-01
1.987000e+01; 2.262347e+05; 9.256966e-01; 2.859512e+05; 1.000000e+00; 2.685402e+05; 9.686366e-01
1.987500e+01; 2.253120e+05; 9.246969e-01; 2.853839e+05; 1.000000e+00; 2.677786e+05; 9.679649e-01
1.988000e+01; 2.243832e+05; 9.237283e-01; 2.848009e+05; 1.000000e+00; 2.670076e+05; 9.672885e-01
1.988500e+01; 2.234523e+05; 9.227296e-01; 2.842020e+05; 1.000000e+00; 2.662275e+05; 9.666077e-01
1.989000e+01; 2.225158e+05; 9.217597e-01; 2.835870e+05; 1.000000e+00; 2.654383e+05; 9.659228e-01
1.989500e+01; 2.215773e+05; 9.207619e-01; 2.829557e+05; 1.000000e+00; 2.646402e+05; 9.652340e-01
1.990000e+01; 2.206337e+05; 9.197908e-01; 2.823078e+05; 1.000000e+00; 2.638331e+05; 9.645414e-01
1.990500e+01; 2.196882e+05; 9.187940e-01; 2.816433e+05; 1.000000e+00; 2.630169e+05; 9.638452e-01
1.991000e+01; 2.187380e+05; 9.178219e-01; 2.809619e+05; 1.000000e+00; 2.621916e+05; 9.631453e-01
1.991500e+01; 2.177861e+05; 9.168260e-01; 2.802638e+05; 1.000000e+00; 2.613570e+05; 9.624419e-01
1.992000e+01; 2.168297e+05; 9.158531e-01; 2.795488e+05; 1.000000e+00; 2.605130e+05; 9.617350e-01
1.992500e+01; 2.158719e+05; 9.148581e-01; 2.788170e+05; 1.000000e+00; 2.596595e+05; 9.610248e-01
1.993000e+01; 2.149099e+05; 9.138846e-01; 2.780687e+05; 1.000000e+00; 2.587964e+05; 9.603113e-01
1.993500e+01; 2.139465e+05; 9.128906e-01; 2.773038e+05; 1.000000e+00; 2.579238e+05; 9.595947e-01
1.994000e+01; 2.129793e+05; 9.119166e-01; 2.765226e+05; 1.000000e+00; 2.570415e+05; 9.588752e-01
1.994500e+01; 2.120108e+05; 9.109237e-01; 2.757254e+05; 1.000000e+00; 2.561495e+05; 9.581530e-01
1.995000e+01; 2.110388e+05; 9.099494e-01; 2.749121e+05; 1.000000e+00; 2.552479e+05; 9.574282e-01
1.995500e+01; 2.100655e+05; 9.089578e-01; 2.740831e+05; 1.000000e+00; 2.543367e+05; 9.567012e-01
1.996000e+01; 2.090890e+05; 9.079834e-01; 2.732385e+05; 1.000000e+00; 2.534158e+05; 9.559722e-01
1.996500e+01; 2.081114e+05; 9.069930e-01; 2.723782e+05; 1.000000e+00; 2.524853e+05; 9.552412e-01
1.997000e+01; 2.071306e+05; 9.060188e-01; 2.715022e+05; 1.000000e+00; 2.515453e+05; 9.545087e-01
1.997500e+01; 2.061489e+05; 9.050299e-01; 2.706106e+05; 1.000000e+00; 2.505956e+05; 9.537749e-01
1.998000e+01; 2.051643e+05; 9.040561e-01; 2.697031e+05; 1.000000e+00; 2.496364e+05; 9.530399e-01
1.998500e+01; 2.041787e+05; 9.030688e-01; 2.687797e+05; 1.000000e+00; 2.486676e+05; 9.523040e-01
1.999000e+01; 2.031904e+05; 9.020956e-01; 2.678400e+05; 1.000000e+00; 2.476893e+05; 9.515675e-01
1.999500e+01; 2.022012e+05; 9.011101e-01; 2.668839e+05; 1.000000e+00; 2.467014e+05; 9.508305e-01
