0.000000e+00; 9.819817e+04; -4.565514e-03; 1.013267e+05; -2.465316e-06; 1.013250e+05; -4.365573e-17
5.000000e-03; 9.794341e+04; -2.261082e-03; 1.013235e+05; 3.634638e-06; 1.013250e+05; -8.731148e-17
1.000000e-02; 9.820992e+04; -4.026071e-03; 1.013262e+05; -4.282332e-06; 1.013250e+05; -1.309672e-16
1.500000e-02; 9.800283e+04; -2.524082e-03; 1.013242e+05; 4.472195e-06; 1.013250e+05; -1.746230e-16
2.000000e-02; 9.818693e+04; -3.851924e-03; 1.013253e+05; -4.256136e-06; 1.013250e+05; -2.182787e-16
2.500000e-02; 9.802109e+04; -2.656609e-03; 1.013251e+05; 3.690744e-06; 1.013250e+05; -2.619345e-16
3.000000e-02; 9.817218e+04; -3.744421e-03; 1.013245e+05; -2.850769e-06; 1.013250e+05; -3.055904e-16
3.500000e-02; 9.803365e+04; -2.747970e-03; 1.013259e+05; 1.824749e-06; 1.013250e+05; -3.492488e-16
4.000000e-02; 9.816117e+04; -3.664555e-03; 1.013239e+05; -7.089572e-07; 1.013250e+05; -3.929308e-16
4.500000e-02; 9.804348e+04; -2.819093e-03; 1.013263e+05; -3.999885e-07; 1.013250e+05; -4.367976e-16
5.000000e-02; 9.815229e+04; -3.600433e-03; 1.013237e+05; 1.412467e-06; 1.013250e+05; -4.818958e-16
5.500000e-02; 9.805157e+04; -2.877391e-03; 1.013263e+05; -2.252381e-06; 1.013250e+05; -5.367393e-16
6.000000e-02; 9.814489e+04; -3.547122e-03; 1.013239e+05; 2.862298e-06; 1.013250e+05; -5.711017e-16
6.500000e-02; 9.805837e+04; -2.926342e-03; 1.013258e+05; -3.206851e-06; 1.013250e+05; -9.139913e-16
7.000000e-02; 9.813862e+04; -3.502042e-03; 1.013245e+05; 3.274182e-06; 1.013250e+05; -1.980109e-15
7.500000e-02; 9.806417e+04; -2.967946e-03; 1.013252e+05; -3.075445e-06; 1.013250e+05; -5.484332e-15
8.000000e-02; 9.813326e+04; -3.463586e-03; 1.013251e+05; 2.642499e-06; 1.013250e+05; -1.276894e-14
8.500000e-02; 9.806912e+04; -3.003532e-03; 1.013246e+05; -2.024089e-06; 1.013250e+05; -2.375359e-14
9.000000e-02; 9.812867e+04; -3.430626e-03; 1.013256e+05; 1.280914e-06; 1.013250e+05; -3.940218e-14
9.500000e-02; 9.807338e+04; -3.034080e-03; 1.013242e+05; -4.800277e-07; 1.013250e+05; -3.482402e-13
1.000000e-01; 9.812472e+04; -3.402299e-03; 1.013259e+05; -3.109235e-07; 1.013250e+05; -1.629863e-12
1.050000e-01; 9.807704e+04; -3.060357e-03; 1.013241e+05; 1.029160e-06; 1.013250e+05; -6.498487e-12
1.100000e-01; 9.812132e+04; -3.377918e-03; 1.013259e+05; -1.621513e-06; 1.013250e+05; -2.424015e-11
1.150000e-01; 9.808020e+04; -3.082986e-03; 1.013242e+05; 2.048107e-06; 1.013250e+05; -8.559597e-11
1.200000e-01; 9.811839e+04; -3.356911e-03; 1.013256e+05; -2.284755e-06; 1.013250e+05; -2.859131e-10
1.250000e-01; 9.808292e+04; -3.102488e-03; 1.013246e+05; 2.323955e-06; 1.013250e+05; -9.048304e-10
1.300000e-01; 9.811587e+04; -3.338803e-03; 1.013251e+05; -2.174482e-06; 1.013250e+05; -2.717183e-09
1.350000e-01; 9.808526e+04; -3.119303e-03; 1.013251e+05; 1.859705e-06; 1.013250e+05; -7.753240e-09
1.400000e-01; 9.811369e+04; -3.323188e-03; 1.013247e+05; -1.414832e-06; 1.013250e+05; -2.104873e-08
1.450000e-01; 9.808728e+04; -3.133805e-03; 1.013255e+05; 8.833765e-07; 1.013250e+05; -5.443246e-08
1.500000e-01; 9.811181e+04; -3.309719e-03; 1.013244e+05; -3.131646e-07; 1.013249e+05; -1.342331e-07
1.550000e-01; 9.808903e+04; -3.146315e-03; 1.013257e+05; -2.477550e-07; 1.013247e+05; -3.159959e-07
1.600000e-01; 9.811019e+04; -3.298100e-03; 1.013243e+05; 7.549778e-07; 1.013244e+05; -7.108043e-07
1.650000e-01; 9.809053e+04; -3.157107e-03; 1.013256e+05; -1.171083e-06; 1.013237e+05; -1.529225e-06
1.700000e-01; 9.810880e+04; -3.288076e-03; 1.013245e+05; 1.468212e-06; 1.013224e+05; -3.149451e-06
1.750000e-01; 9.809183e+04; -3.166418e-03; 1.013254e+05; -1.629723e-06; 1.013198e+05; -6.214660e-06
1.800000e-01; 9.810759e+04; -3.279427e-03; 1.013247e+05; 1.650852e-06; 1.013150e+05; -1.175945e-05
1.850000e-01; 9.809295e+04; -3.174452e-03; 1.013251e+05; -1.538373e-06; 1.013067e+05; -2.135533e-05
1.900000e-01; 9.810655e+04; -3.271965e-03; 1.013251e+05; 1.309362e-06; 1.012927e+05; -3.725092e-05
1.950000e-01; 9.809392e+04; -3.181384e-03; 1.013248e+05; -9.892087e-07; 1.012702e+05; -6.246603e-05
2.000000e-01; 9.810565e+04; -3.265526e-03; 1.013253e+05; 6.090741e-07; 1.012357e+05; -1.007857e-04
2.050000e-01; 9.809475e+04; -3.187365e-03; 1.013246e+05; -2.030494e-07; 1.011849e+05; -1.565982e-04
2.100000e-01; 9.810488e+04; -3.259970e-03; 1.013255e+05; -1.947570e-07; 1.011131e+05; -2.345357e-04
2.150000e-01; 9.809547e+04; -3.192526e-03; 1.013245e+05; 5.529516e-07; 1.010160e+05; -3.389155e-04
2.200000e-01; 9.810421e+04; -3.255176e-03; 1.013254e+05; -8.452116e-07; 1.008897e+05; -4.730299e-04
2.250000e-01; 9.809609e+04; -3.196979e-03; 1.013246e+05; 1.052086e-06; 1.007323e+05; -6.383978e-04
2.300000e-01; 9.810363e+04; -3.251039e-03; 1.013253e+05; -1.162145e-06; 1.005440e+05; -8.341303e-04
2.350000e-01; 9.809663e+04; -3.200822e-03; 1.013248e+05; 1.172404e-06; 1.003276e+05; -1.056574e-03
2.400000e-01; 9.810313e+04; -3.247470e-03; 1.013251e+05; -1.088064e-06; 1.000890e+05; -1.299362e-03
2.450000e-01; 9.809709e+04; -3.204137e-03; 1.013251e+05; 9.215910e-07; 9.983615e+04; -1.553917e-03
2.500000e-01; 9.810270e+04; -3.244390e-03; 1.013248e+05; -6.912861e-07; 9.957881e+04; -1.810352e-03
2.550000e-01; 9.809749e+04; -3.206998e-03; 1.013252e+05; 4.194606e-07; 9.932714e+04; -2.058609e-03
2.600000e-01; 9.810233e+04; -3.241732e-03; 1.013247e+05; -1.304101e-07; 9.909063e+04; -2.289622e-03
2.650000e-01; 9.809783e+04; -3.209467e-03; 1.013253e+05; -1.516565e-07; 9.887697e+04; -2.496285e-03
2.700000e-01; 9.810201e+04; -3.239438e-03; 1.013247e+05; 4.045488e-07; 9.869144e+04; -2.674057e-03
2.750000e-01; 9.809813e+04; -3.211598e-03; 1.013253e+05; -6.097559e-07; 9.853653e+04; -2.821120e-03
2.800000e-01; 9.810174e+04; -3.237460e-03; 1.013247e+05; 7.537037e-07; 9.841215e+04; -2.938142e-03
2.850000e-01; 9.809839e+04; -3.213436e-03; 1.013252e+05; -8.285507e-07; 9.831611e+04; -3.027724e-03
2.900000e-01; 9.810150e+04; -3.235752e-03; 1.013249e+05; 8.324626e-07; 9.824477e+04; -3.093706e-03
2.950000e-01; 9.809861e+04; -3.215022e-03; 1.013250e+05; -7.694128e-07; 9.819379e+04; -3.140477e-03
3.000000e-01; 9.810129e+04; -3.234279e-03; 1.013250e+05; 6.484767e-07; 9.815874e+04; -3.172385e-03
3.050000e-01; 9.809880e+04; -3.216391e-03; 1.013249e+05; -4.828859e-07; 9.813556e+04; -3.193341e-03
3.100000e-01; 9.810112e+04; -3.233007e-03; 1.013252e+05; 2.885014e-07; 9.812079e+04; -3.206592e-03
3.150000e-01; 9.809896e+04; -3.217572e-03; 1.013248e+05; -8.288976e-08; 9.811174e+04; -3.214659e-03
3.200000e-01; 9.810096e+04; -3.231910e-03; 1.013252e+05; -1.173487e-07; 9.810640e+04; -3.219390e-03
3.250000e-01; 9.809911e+04; -3.218591e-03; 1.013248e+05; 2.952544e-07; 9.810337e+04; -3.222061e-03
3.300000e-01; 9.810083e+04; -3.230963e-03; 1.013252e+05; -4.405646e-07; 9.810171e+04; -3.223515e-03
3.350000e-01; 9.809923e+04; -3.219470e-03; 1.013248e+05; 5.380303e-07; 9.810084e+04; -3.224277e-03
3.400000e-01; 9.810072e+04; -3.230146e-03; 1.013251e+05; -5.941408e-07; 9.810040e+04; -3.224661e-03
3.450000e-01; 9.809933e+04; -3.220229e-03; 1.013249e+05; 5.840356e-07; 9.810018e+04; -3.224848e-03
3.500000e-01; 9.810062e+04; -3.229442e-03; 1.013250e+05; -5.572097e-07; 9.810008e+04; -3.224936e-03
3.550000e-01; 9.809943e+04; -3.220884e-03; 1.013249e+05; 4.315037e-07; 9.810003e+04; -3.224976e-03
3.600000e-01; 9.810053e+04; -3.228833e-03; 1.013247e+05; -3.819938e-07; 9.810001e+04; -3.224993e-03
3.650000e-01; 9.809950e+04; -3.221449e-03; 1.013247e+05; 1.186511e-07; 9.810001e+04; -3.225000e-03
3.700000e-01; 9.810046e+04; -3.228309e-03; 1.013241e+05; -1.895197e-07; 9.810000e+04; -3.225003e-03
3.750000e-01; 9.809957e+04; -3.221937e-03; 1.013239e+05; -3.221953e-07; 9.810000e+04; -3.225004e-03
3.800000e-01; 9.810040e+04; -3.227856e-03; 1.013227e+05; -1.660416e-07; 9.810000e+04; -3.225005e-03
3.850000e-01; 9.809963e+04; -3.222358e-03; 1.013215e+05; -9.284493e-07; 9.810000e+04; -3.225005e-03
3.900000e-01; 9.810034e+04; -3.227466e-03; 1.013189e+05; -5.661601e-07; 9.810000e+04; -3.225005e-03
3.950000e-01; 9.809968e+04; -3.222722e-03; 1.013154e+05; -1.863088e-06; 9.810000e+04; -3.225005e-03
4.000000e-01; 9.810030e+04; -3.227130e-03; 1.013095e+05; -1.698386e-06; 9.810000e+04; -3.225005e-03
4.050000e-01; 9.809973e+04; -3.223037e-03; 1.013009e+05; -3.393765e-06; 9.810000e+04; -3.225005e-03
4.100000e-01; 9.810026e+04; -3.226841e-03; 1.012882e+05; -3.801501e-06; 9.810000e+04; -3.225005e-03
4.150000e-01; 9.809976e+04; -3.223311e-03; 1.012695e+05; -5.649171e-06; 9.810000e+04; -3.225005e-03
4.200000e-01; 9.810022e+04; -3.226595e-03; 1.012433e+05; -6.619315e-06; 9.810000e+04; -3.225005e-03
4.250000e-01; 9.809980e+04; -3.223550e-03; 1.012064e+05; -7.913433e-06; 9.810000e+04; -3.225005e-03
4.300000e-01; 9.810019e+04; -3.226386e-03; 1.011563e+05; -8.394805e-06; 9.810000e+04; -3.225005e-03
4.350000e-01; 9.809982e+04; -3.223760e-03; 1.010885e+05; -7.184328e-06; 9.810000e+04; -3.225005e-03
4.400000e-01; 9.810016e+04; -3.226209e-03; 1.009996e+05; -4.038012e-06; 9.810000e+04; -3.225005e-03
4.450000e-01; 9.809985e+04; -3.223946e-03; 1.009120e+05; -3.676765e-05; 9.810000e+04; -3.225005e-03
4.500000e-01; 9.810014e+04; -3.226062e-03; 1.008108e+05; -6.554987e-05; 9.810000e+04; -3.225005e-03
4.550000e-01; 9.809987e+04; -3.224112e-03; 1.006461e+05; -5.179155e-05; 9.810000e+04; -3.225005e-03
4.600000e-01; 9.810012e+04; -3.225940e-03; 1.004412e+05; -4.493614e-05; 9.810000e+04; -3.225005e-03
4.650000e-01; 9.809989e+04; -3.224258e-03; 1.001930e+05; -1.087491e-05; 9.810000e+04; -3.225005e-03
4.700000e-01; 9.810011e+04; -3.225836e-03; 9.989489e+04; 3.131598e-05; 9.810000e+04; -3.225005e-03
4.750000e-01; 9.809990e+04; -3.224385e-03; 9.954431e+04; 1.087484e-04; 9.810000e+04; -3.225005e-03
4.800000e-01; 9.810009e+04; -3.225746e-03; 9.913682e+04; 2.080473e-04; 9.810000e+04; -3.225005e-03
4.850000e-01; 9.809992e+04; -3.224493e-03; 9.867150e+04; 3.539815e-04; 9.810000e+04; -3.225005e-03
4.900000e-01; 9.810008e+04; -3.225665e-03; 9.814639e+04; 5.355895e-04; 9.810000e+04; -3.225005e-03
4.950000e-01; 9.809993e+04; -3.224581e-03; 9.756297e+04; 7.752664e-04; 9.810000e+04; -3.225005e-03
5.000000e-01; 9.810007e+04; -3.225589e-03; 9.692193e+04; 1.062460e-03; 9.810000e+04; -3.225005e-03
5.050000e-01; 9.809994e+04; -3.224649e-03; 9.622707e+04; 1.416328e-03; 9.810000e+04; -3.225005e-03
5.100000e-01; 9.810006e+04; -3.225515e-03; 9.548131e+04; 1.825247e-03; 9.810000e+04; -3.225005e-03
5.150000e-01; 9.809995e+04; -3.224701e-03; 9.469014e+04; 2.304419e-03; 9.810000e+04; -3.225005e-03
5.200000e-01; 9.810005e+04; -3.225445e-03; 9.385780e+04; 2.840372e-03; 9.810000e+04; -3.225005e-03
5.250000e-01; 9.809995e+04; -3.224739e-03; 9.299048e+04; 3.444270e-03; 9.810000e+04; -3.225005e-03
5.300000e-01; 9.810004e+04; -3.225379e-03; 9.209275e+04; 4.100846e-03; 9.810000e+04; -3.225005e-03
5.350000e-01; 9.809996e+04; -3.224769e-03; 9.117049e+04; 4.817870e-03; 9.810000e+04; -3.225004e-03
5.400000e-01; 9.810004e+04; -3.225320e-03; 9.022773e+04; 5.579037e-03; 9.810000e+04; -3.225004e-03
5.450000e-01; 9.809997e+04; -3.224793e-03; 8.926940e+04; 6.389856e-03; 9.810000e+04; -3.225002e-03
5.500000e-01; 9.810003e+04; -3.225268e-03; 8.829850e+04; 7.234066e-03; 9.810000e+04; -3.225000e-03
5.550000e-01; 9.809997e+04; -3.224814e-03; 8.731873e+04; 8.116140e-03; 9.809999e+04; -3.224996e-03
5.600000e-01; 9.810003e+04; -3.225225e-03; 8.633194e+04; 9.020857e-03; 9.809999e+04; -3.224989e-03
5.650000e-01; 9.809997e+04; -3.224834e-03; 8.534070e+04; 9.952612e-03; 9.809998e+04; -3.224978e-03
5.700000e-01; 9.810002e+04; -3.225189e-03; 8.434591e+04; 1.089786e-02; 9.809996e+04; -3.224959e-03
5.750000e-01; 9.809998e+04; -3.224853e-03; 8.334923e+04; 1.186145e-02; 9.809993e+04; -3.224928e-03
5.800000e-01; 9.810002e+04; -3.225160e-03; 8.235090e+04; 1.283170e-02; 9.809989e+04; -3.224877e-03
5.850000e-01; 9.809998e+04; -3.224871e-03; 8.135198e+04; 1.381404e-02; 9.809982e+04; -3.224796e-03
5.900000e-01; 9.810002e+04; -3.225137e-03; 8.035232e+04; 1.479853e-02; 9.809970e+04; -3.224667e-03
5.950000e-01; 9.809998e+04; -3.224887e-03; 7.935264e+04; 1.579102e-02; 9.809952e+04; -3.224467e-03
6.000000e-01; 9.810002e+04; -3.225118e-03; 7.835262e+04; 1.678302e-02; 9.809925e+04; -3.224160e-03
6.050000e-01; 9.809999e+04; -3.224903e-03; 7.735276e+04; 1.778054e-02; 9.809883e+04; -3.223696e-03
6.100000e-01; 9.810001e+04; -3.225102e-03; 7.635269e+04; 1.877622e-02; 9.809820e+04; -3.223003e-03
6.150000e-01; 9.809999e+04; -3.224916e-03; 7.535283e+04; 1.977602e-02; 9.809728e+04; -3.221985e-03
6.200000e-01; 9.810001e+04; -3.225088e-03; 7.435279e+04; 2.077340e-02; 9.809594e+04; -3.220510e-03
6.250000e-01; 9.809999e+04; -3.224928e-03; 7.335296e+04; 2.177411e-02; 9.809402e+04; -3.218407e-03
6.300000e-01; 9.810001e+04; -3.225077e-03; 7.235297e+04; 2.277225e-02; 9.809131e+04; -3.215450e-03
6.350000e-01; 9.809999e+04; -3.224939e-03; 7.135316e+04; 2.377327e-02; 9.808753e+04; -3.211350e-03
6.400000e-01; 9.810001e+04; -3.225067e-03; 7.035319e+04; 2.477176e-02; 9.808235e+04; -3.205744e-03
6.450000e-01; 9.809999e+04; -3.224948e-03; 6.935339e+04; 2.577282e-02; 9.807534e+04; -3.198174e-03
6.500000e-01; 9.810001e+04; -3.225058e-03; 6.835344e+04; 2.677149e-02; 9.806595e+04; -3.188071e-03
6.550000e-01; 9.809999e+04; -3.224956e-03; 6.735364e+04; 2.777252e-02; 9.805352e+04; -3.174730e-03
6.600000e-01; 9.810001e+04; -3.225051e-03; 6.635370e+04; 2.877131e-02; 9.803722e+04; -3.157282e-03
6.650000e-01; 9.809999e+04; -3.224963e-03; 6.535391e+04; 2.977227e-02; 9.801604e+04; -3.134660e-03
6.700000e-01; 9.810001e+04; -3.225045e-03; 6.435397e+04; 3.077114e-02; 9.798874e+04; -3.105565e-03
6.750000e-01; 9.809999e+04; -3.224968e-03; 6.335417e+04; 3.177203e-02; 9.795384e+04; -3.068432e-03
6.800000e-01; 9.810000e+04; -3.225039e-03; 6.235425e+04; 3.277098e-02; 9.790953e+04; -3.021398e-03
6.850000e-01; 9.810000e+04; -3.224973e-03; 6.135444e+04; 3.377179e-02; 9.785375e+04; -2.962290e-03
6.900000e-01; 9.810000e+04; -3.225035e-03; 6.035453e+04; 3.477081e-02; 9.778406e+04; -2.888622e-03
6.950000e-01; 9.810000e+04; -3.224978e-03; 5.935472e+04; 3.577156e-02; 9.769777e+04; -2.797617e-03
7.000000e-01; 9.810000e+04; -3.225031e-03; 5.835481e+04; 3.677065e-02; 9.759190e+04; -2.686246e-03
7.050000e-01; 9.810000e+04; -3.224981e-03; 5.735500e+04; 3.777134e-02; 9.746328e+04; -2.551296e-03
7.100000e-01; 9.810000e+04; -3.225027e-03; 5.635510e+04; 3.877048e-02; 9.730861e+04; -2.389446e-03
7.150000e-01; 9.810000e+04; -3.224985e-03; 5.535529e+04; 3.977111e-02; 9.712453e+04; -2.197361e-03
7.200000e-01; 9.810000e+04; -3.225024e-03; 5.435539e+04; 4.077031e-02; 9.690776e+04; -1.971797e-03
7.250000e-01; 9.810000e+04; -3.224987e-03; 5.335558e+04; 4.177089e-02; 9.665520e+04; -1.709697e-03
7.300000e-01; 9.810000e+04; -3.225021e-03; 5.235568e+04; 4.277014e-02; 9.636399e+04; -1.408295e-03
7.350000e-01; 9.810000e+04; -3.224990e-03; 5.135587e+04; 4.377067e-02; 9.603162e+04; -1.065202e-03
7.400000e-01; 9.810000e+04; -3.225019e-03; 5.035598e+04; 4.476997e-02; 9.565606e+04; -6.784890e-04
7.450000e-01; 9.810000e+04; -3.224991e-03; 4.935617e+04; 4.577045e-02; 9.523575e+04; -2.467521e-04
7.500000e-01; 9.810000e+04; -3.225016e-03; 4.835628e+04; 4.676979e-02; 9.476972e+04; 2.308423e-04
7.550000e-01; 9.810000e+04; -3.224991e-03; 4.735647e+04; 4.777023e-02; 9.425757e+04; 7.545285e-04
7.600000e-01; 9.810000e+04; -3.225011e-03; 4.635659e+04; 4.876961e-02; 9.369953e+04; 1.323935e-03
7.650000e-01; 9.810000e+04; -3.224988e-03; 4.535677e+04; 4.977001e-02; 9.309641e+04; 1.938102e-03
7.700000e-01; 9.810000e+04; -3.225003e-03; 4.435690e+04; 5.076944e-02; 9.244960e+04; 2.595518e-03
7.750000e-01; 9.810000e+04; -3.224978e-03; 4.335708e+04; 5.176980e-02; 9.176097e+04; 3.294178e-03
7.800000e-01; 9.810000e+04; -3.224982e-03; 4.235721e+04; 5.276926e-02; 9.103287e+04; 4.031658e-03
7.850000e-01; 9.810000e+04; -3.224949e-03; 4.135739e+04; 5.376959e-02; 9.026797e+04; 4.805197e-03
7.900000e-01; 9.810000e+04; -3.224934e-03; 4.035753e+04; 5.476908e-02; 8.946924e+04; 5.611799e-03
7.950000e-01; 9.810000e+04; -3.224876e-03; 3.935771e+04; 5.576937e-02; 8.863978e+04; 6.448318e-03
8.000000e-01; 9.810000e+04; -3.224820e-03; 3.835785e+04; 5.676889e-02; 8.778281e+04; 7.311556e-03
8.050000e-01; 9.810000e+04; -3.224705e-03; 3.735803e+04; 5.776916e-02; 8.690149e+04; 8.198347e-03
8.100000e-01; 9.810000e+04; -3.224560e-03; 3.635817e+04; 5.876871e-02; 8.599894e+04; 9.105630e-03
8.150000e-01; 9.810000e+04; -3.224321e-03; 3.535836e+04; 5.976895e-02; 8.507809e+04; 1.003051e-02
8.200000e-01; 9.810000e+04; -3.223994e-03; 3.435850e+04; 6.076853e-02; 8.414169e+04; 1.097031e-02
8.250000e-01; 9.810000e+04; -3.223499e-03; 3.335869e+04; 6.176874e-02; 8.319223e+04; 1.192259e-02
8.300000e-01; 9.810000e+04; -3.222808e-03; 3.235884e+04; 6.276834e-02; 8.223196e+04; 1.288517e-02
8.350000e-01; 9.810000e+04; -3.221809e-03; 3.135902e+04; 6.376854e-02; 8.126284e+04; 1.385616e-02
8.400000e-01; 9.810000e+04; -3.220421e-03; 3.035917e+04; 6.476816e-02; 8.028660e+04; 1.483390e-02
8.450000e-01; 9.810000e+04; -3.218472e-03; 2.935936e+04; 6.576833e-02; 7.930467e+04; 1.581702e-02
8.500000e-01; 9.810000e+04; -3.215801e-03; 2.835951e+04; 6.676797e-02; 7.831826e+04; 1.680435e-02
8.550000e-01; 9.810000e+04; -3.212139e-03; 2.735970e+04; 6.776812e-02; 7.732839e+04; 1.779493e-02
8.600000e-01; 9.810000e+04; -3.207194e-03; 2.635986e+04; 6.876778e-02; 7.633587e+04; 1.878801e-02
8.650000e-01; 9.810000e+04; -3.200551e-03; 2.536005e+04; 6.976792e-02; 7.534133e+04; 1.978297e-02
8.700000e-01; 9.810000e+04; -3.191726e-03; 2.436021e+04; 7.076759e-02; 7.434529e+04; 2.077932e-02
8.750000e-01; 9.810000e+04; -3.180078e-03; 2.336039e+04; 7.176771e-02; 7.334814e+04; 2.177671e-02
8.800000e-01; 9.810000e+04; -3.164850e-03; 2.236056e+04; 7.276740e-02; 7.235019e+04; 2.277484e-02
8.850000e-01; 9.810001e+04; -3.145080e-03; 2.136075e+04; 7.376751e-02; 7.135167e+04; 2.377350e-02
8.900000e-01; 9.810001e+04; -3.119631e-03; 2.036091e+04; 7.476721e-02; 7.035273e+04; 2.477254e-02
8.950000e-01; 9.810001e+04; -3.087102e-03; 1.936110e+04; 7.576730e-02; 6.935350e+04; 2.577185e-02
9.000000e-01; 9.810001e+04; -3.045854e-03; 1.836127e+04; 7.676702e-02; 6.835408e+04; 2.677134e-02
9.050000e-01; 9.810001e+04; -2.993926e-03; 1.736146e+04; 7.776710e-02; 6.735453e+04; 2.777096e-02
9.100000e-01; 9.810001e+04; -2.929056e-03; 1.636163e+04; 7.876683e-02; 6.635488e+04; 2.877065e-02
9.150000e-01; 9.810001e+04; -2.848614e-03; 1.536182e+04; 7.976690e-02; 6.535517e+04; 2.977041e-02
9.200000e-01; 9.810002e+04; -2.749623e-03; 1.436199e+04; 8.076664e-02; 6.435543e+04; 3.077019e-02
9.250000e-01; 9.810002e+04; -2.628722e-03; 1.336218e+04; 8.176669e-02; 6.335566e+04; 3.177001e-02
9.300000e-01; 9.810002e+04; -2.482204e-03; 1.236236e+04; 8.276645e-02; 6.235587e+04; 3.276983e-02
9.350000e-01; 9.810002e+04; -2.306001e-03; 1.136255e+04; 8.376649e-02; 6.135607e+04; 3.376967e-02
9.400000e-01; 9.810002e+04; -2.095758e-03; 1.036273e+04; 8.476626e-02; 6.035627e+04; 3.476951e-02
9.450000e-01; 9.810003e+04; -1.846850e-03; 9.362920e+03; 8.576629e-02; 5.935647e+04; 3.576936e-02
9.500000e-01; 9.810003e+04; -1.554484e-03; 8.363098e+03; 8.676607e-02; 5.835666e+04; 3.676921e-02
9.550000e-01; 9.810003e+04; -1.213757e-03; 7.363293e+03; 8.776609e-02; 5.735686e+04; 3.776906e-02
9.600000e-01; 9.810003e+04; -8.197724e-04; 6.363475e+03; 8.876588e-02; 5.635705e+04; 3.876891e-02
9.650000e-01; 9.810003e+04; -3.677334e-04; 5.363672e+03; 8.976589e-02; 5.535725e+04; 3.976876e-02
9.700000e-01; 9.810002e+04; 1.469305e-04; 4.363856e+03; 9.076568e-02; 5.435744e+04; 4.076861e-02
9.750000e-01; 9.810002e+04; 7.284639e-04; 3.364055e+03; 9.176569e-02; 5.335764e+04; 4.176846e-02
9.800000e-01; 9.810002e+04; 1.380659e-03; 2.364243e+03; 9.276549e-02; 5.235783e+04; 4.276832e-02
9.850000e-01; 9.810002e+04; 2.106769e-03; 1.364445e+03; 9.376549e-02; 5.135803e+04; 4.376817e-02
9.900000e-01; 9.810001e+04; 2.909401e-03; 3.646367e+02; 9.476530e-02; 5.035823e+04; 4.476802e-02
9.950000e-01; 9.810001e+04; 3.790461e-03; -6.351586e+02; 9.576529e-02; 4.935844e+04; 4.576788e-02
1.000000e+00; 9.810000e+04; 4.751082e-03; -1.634963e+03; 9.676510e-02; 4.835864e+04; 4.676773e-02
1.005000e+00; 9.810000e+04; 5.791612e-03; -2.634756e+03; 9.776509e-02; 4.735885e+04; 4.776759e-02
1.010000e+00; 9.810000e+04; 6.911590e-03; -3.634556e+03; 9.876491e-02; 4.635906e+04; 4.876745e-02
1.015000e+00; 9.809999e+04; 8.109776e-03; -4.634346e+03; 9.976489e-02; 4.535927e+04; 4.976732e-02
1.020000e+00; 9.809999e+04; 9.384178e-03; -5.634143e+03; 1.007647e-01; 4.435950e+04; 5.076719e-02
1.025000e+00; 9.809998e+04; 1.073213e-02; -6.633930e+03; 1.017647e-01; 4.335973e+04; 5.176707e-02
1.030000e+00; 9.809998e+04; 1.215034e-02; -7.633724e+03; 1.027645e-01; 4.235997e+04; 5.276696e-02
1.035000e+00; 9.809998e+04; 1.363501e-02; -8.633508e+03; 1.037645e-01; 4.136024e+04; 5.376687e-02
1.040000e+00; 9.809998e+04; 1.518194e-02; -9.633300e+03; 1.047643e-01; 4.036053e+04; 5.476681e-02
1.045000e+00; 9.809998e+04; 1.678660e-02; -1.063308e+04; 1.057643e-01; 3.936085e+04; 5.576679e-02
1.050000e+00; 9.809997e+04; 1.844428e-02; -1.163287e+04; 1.067641e-01; 3.836122e+04; 5.676681e-02
1.055000e+00; 9.809997e+04; 2.015016e-02; -1.263265e+04; 1.077641e-01; 3.736165e+04; 5.776690e-02
1.060000e+00; 9.809997e+04; 2.189945e-02; -1.363244e+04; 1.087639e-01; 3.636217e+04; 5.876709e-02
1.065000e+00; 9.809998e+04; 2.368744e-02; -1.463222e+04; 1.097639e-01; 3.536280e+04; 5.976740e-02
1.070000e+00; 9.809998e+04; 2.550959e-02; -1.563200e+04; 1.107637e-01; 3.436359e+04; 6.076787e-02
1.075000e+00; 9.809998e+04; 2.736160e-02; -1.663178e+04; 1.117637e-01; 3.336459e+04; 6.176856e-02
1.080000e+00; 9.809998e+04; 2.923947e-02; -1.763156e+04; 1.127635e-01; 3.236585e+04; 6.276954e-02
1.085000e+00; 9.809998e+04; 3.113949e-02; -1.863134e+04; 1.137635e-01; 3.136746e+04; 6.377089e-02
1.090000e+00; 9.809998e+04; 3.305832e-02; -1.963112e+04; 1.147634e-01; 3.036952e+04; 6.477273e-02
1.095000e+00; 9.809998e+04; 3.499296e-02; -2.063090e+04; 1.157633e-01; 2.937217e+04; 6.577518e-02
1.100000e+00; 9.809999e+04; 3.694077e-02; -2.163068e+04; 1.167632e-01; 2.837557e+04; 6.677843e-02
1.105000e+00; 9.809999e+04; 3.889941e-02; -2.263045e+04; 1.177631e-01; 2.737991e+04; 6.778269e-02
1.110000e+00; 9.809999e+04; 4.086691e-02; -2.363023e+04; 1.187630e-01; 2.638545e+04; 6.878821e-02
1.115000e+00; 9.809999e+04; 4.284157e-02; -2.463000e+04; 1.197629e-01; 2.539247e+04; 6.979530e-02
1.120000e+00; 9.809999e+04; 4.482196e-02; -2.562978e+04; 1.207628e-01; 2.440135e+04; 7.080435e-02
1.125000e+00; 9.809999e+04; 4.680688e-02; -2.662955e+04; 1.217627e-01; 2.341251e+04; 7.181580e-02
1.130000e+00; 9.810000e+04; 4.879537e-02; -2.762932e+04; 1.227626e-01; 2.242646e+04; 7.283019e-02
1.135000e+00; 9.810000e+04; 5.078663e-02; -2.862909e+04; 1.237625e-01; 2.144381e+04; 7.384814e-02
1.140000e+00; 9.810000e+04; 5.278003e-02; -2.962887e+04; 1.247624e-01; 2.046525e+04; 7.487039e-02
1.145000e+00; 9.810000e+04; 5.477505e-02; -3.062864e+04; 1.257623e-01; 1.949161e+04; 7.589776e-02
1.150000e+00; 9.810000e+04; 5.677130e-02; -3.162841e+04; 1.267622e-01; 1.852379e+04; 7.693123e-02
1.155000e+00; 9.810000e+04; 5.876846e-02; -3.262817e+04; 1.277621e-01; 1.756286e+04; 7.797186e-02
1.160000e+00; 9.810000e+04; 6.076631e-02; -3.362794e+04; 1.287620e-01; 1.660998e+04; 7.902088e-02
1.165000e+00; 9.810000e+04; 6.276465e-02; -3.462771e+04; 1.297619e-01; 1.566647e+04; 8.007961e-02
1.170000e+00; 9.810000e+04; 6.476336e-02; -3.562747e+04; 1.307618e-01; 1.473376e+04; 8.114952e-02
1.175000e+00; 9.810000e+04; 6.676232e-02; -3.662724e+04; 1.317617e-01; 1.381341e+04; 8.223220e-02
1.180000e+00; 9.810000e+04; 6.876147e-02; -3.762700e+04; 1.327616e-01; 1.290708e+04; 8.332935e-02
1.185000e+00; 9.810000e+04; 7.076075e-02; -3.862676e+04; 1.337615e-01; 1.201654e+04; 8.444275e-02
1.190000e+00; 9.810000e+04; 7.276012e-02; -3.962652e+04; 1.347614e-01; 1.114365e+04; 8.557427e-02
1.195000e+00; 9.810000e+04; 7.475956e-02; -4.062628e+04; 1.357613e-01; 1.029032e+04; 8.672584e-02
1.200000e+00; 9.810000e+04; 7.675904e-02; -4.162604e+04; 1.367612e-01; 9.458485e+03; 8.789940e-02
1.205000e+00; 9.810000e+04; 7.875854e-02; -4.262580e+04; 1.377611e-01; 8.650098e+03; 8.909689e-02
1.210000e+00; 9.810000e+04; 8.075806e-02; -4.362556e+04; 1.387610e-01; 7.867072e+03; 9.032021e-02
1.215000e+00; 9.810000e+04; 8.275760e-02; -4.462531e+04; 1.397609e-01; 7.111259e+03; 9.157119e-02
1.220000e+00; 9.810000e+04; 8.475714e-02; -4.562507e+04; 1.407608e-01; 6.384409e+03; 9.285154e-02
1.225000e+00; 9.810000e+04; 8.675669e-02; -4.662482e+04; 1.417607e-01; 5.688132e+03; 9.416285e-02
1.230000e+00; 9.810000e+04; 8.875625e-02; -4.762458e+04; 1.427606e-01; 5.023872e+03; 9.550650e-02
1.235000e+00; 9.810000e+04; 9.075580e-02; -4.862433e+04; 1.437606e-01; 4.392866e+03; 9.688366e-02
1.240000e+00; 9.810000e+04; 9.275535e-02; -4.962408e+04; 1.447605e-01; 3.796120e+03; 9.829530e-02
1.245000e+00; 9.810000e+04; 9.475490e-02; -5.062382e+04; 1.457604e-01; 3.234390e+03; 9.974208e-02
1.250000e+00; 9.810000e+04; 9.675446e-02; -5.162357e+04; 1.467604e-01; 2.708156e+03; 1.012244e-01
1.255000e+00; 9.810000e+04; 9.875401e-02; -5.262332e+04; 1.477603e-01; 2.217618e+03; 1.027425e-01
1.260000e+00; 9.810000e+04; 1.007536e-01; -5.362306e+04; 1.487603e-01; 1.762690e+03; 1.042961e-01
1.265000e+00; 9.810000e+04; 1.027531e-01; -5.462280e+04; 1.497603e-01; 1.343002e+03; 1.058847e-01
1.270000e+00; 9.810000e+04; 1.047527e-01; -5.562254e+04; 1.507604e-01; 9.579076e+02; 1.075078e-01
1.275000e+00; 9.810000e+04; 1.067522e-01; -5.662227e+04; 1.517605e-01; 6.065037e+02; 1.091642e-01
1.280000e+00; 9.810000e+04; 1.087518e-01; -5.762199e+04; 1.527607e-01; 2.876493e+02; 1.108529e-01
1.285000e+00; 9.810000e+04; 1.107513e-01; -5.862171e+04; 1.537610e-01; -7.809385e-03; 1.125725e-01
1.290000e+00; 9.810000e+04; 1.127509e-01; -5.962142e+04; 1.547614e-01; -2.580003e+02; 1.143212e-01
1.295000e+00; 9.810000e+04; 1.147504e-01; -6.062111e+04; 1.557620e-01; -4.880090e+02; 1.160975e-01
1.300000e+00; 9.810000e+04; 1.167499e-01; -6.162079e+04; 1.567629e-01; -6.918281e+02; 1.178996e-01
1.305000e+00; 9.810000e+04; 1.187495e-01; -6.262044e+04; 1.577641e-01; -8.713299e+02; 1.197254e-01
1.310000e+00; 9.810000e+04; 1.207490e-01; -6.362006e+04; 1.587656e-01; -1.028431e+03; 1.215732e-01
1.315000e+00; 9.810000e+04; 1.227486e-01; -6.461964e+04; 1.597677e-01; -1.165060e+03; 1.234410e-01
1.320000e+00; 9.810000e+04; 1.247481e-01; -6.561916e+04; 1.607704e-01; -1.283126e+03; 1.253269e-01
1.325000e+00; 9.810000e+04; 1.267476e-01; -6.661859e+04; 1.617739e-01; -1.384492e+03; 1.272290e-01
1.330000e+00; 9.810000e+04; 1.287472e-01; -6.761792e+04; 1.627784e-01; -1.470952e+03; 1.291456e-01
1.335000e+00; 9.810000e+04; 1.307467e-01; -6.861709e+04; 1.637842e-01; -1.544213e+03; 1.310750e-01
1.340000e+00; 9.810000e+04; 1.327463e-01; -6.961607e+04; 1.647915e-01; -1.605877e+03; 1.330156e-01
1.345000e+00; 9.810000e+04; 1.347458e-01; -7.061479e+04; 1.658008e-01; -1.657432e+03; 1.349660e-01
1.350000e+00; 9.810000e+04; 1.367453e-01; -7.161316e+04; 1.668123e-01; -1.700243e+03; 1.369248e-01
1.355000e+00; 9.810000e+04; 1.387449e-01; -7.261108e+04; 1.678266e-01; -1.735550e+03; 1.388908e-01
1.360000e+00; 9.810000e+04; 1.407444e-01; -7.360841e+04; 1.688442e-01; -1.764468e+03; 1.408629e-01
1.365000e+00; 9.810000e+04; 1.427439e-01; -7.460497e+04; 1.698659e-01; -1.787990e+03; 1.428403e-01
1.370000e+00; 9.810000e+04; 1.447435e-01; -7.560055e+04; 1.708922e-01; -1.806988e+03; 1.448219e-01
1.375000e+00; 9.810000e+04; 1.467430e-01; -7.659488e+04; 1.719240e-01; -1.822223e+03; 1.468071e-01
1.380000e+00; 9.810000e+04; 1.487425e-01; -7.758764e+04; 1.729623e-01; -1.834354e+03; 1.487953e-01
1.385000e+00; 9.810000e+04; 1.507420e-01; -7.857844e+04; 1.740081e-01; -1.843942e+03; 1.507860e-01
1.390000e+00; 9.810000e+04; 1.527416e-01; -7.956681e+04; 1.750624e-01; -1.851466e+03; 1.527786e-01
1.395000e+00; 9.810000e+04; 1.547411e-01; -8.055219e+04; 1.761266e-01; -1.857325e+03; 1.547727e-01
1.400000e+00; 9.810000e+04; 1.567406e-01; -8.153393e+04; 1.772019e-01; -1.861853e+03; 1.567681e-01
1.405000e+00; 9.810000e+04; 1.587401e-01; -8.251128e+04; 1.782898e-01; -1.865325e+03; 1.587645e-01
1.410000e+00; 9.810000e+04; 1.607397e-01; -8.348338e+04; 1.793916e-01; -1.867964e+03; 1.607617e-01
1.415000e+00; 9.810000e+04; 1.627392e-01; -8.444926e+04; 1.805091e-01; -1.869953e+03; 1.627596e-01
1.420000e+00; 9.810000e+04; 1.647387e-01; -8.540780e+04; 1.816438e-01; -1.871439e+03; 1.647578e-01
1.425000e+00; 9.810000e+04; 1.667382e-01; -8.635781e+04; 1.827974e-01; -1.872537e+03; 1.667565e-01
1.430000e+00; 9.810000e+04; 1.687378e-01; -8.729794e+04; 1.839715e-01; -1.873339e+03; 1.687554e-01
1.435000e+00; 9.810000e+04; 1.707373e-01; -8.822676e+04; 1.851679e-01; -1.873917e+03; 1.707546e-01
1.440000e+00; 9.810000e+04; 1.727368e-01; -8.914270e+04; 1.863880e-01; -1.874326e+03; 1.727538e-01
1.445000e+00; 9.810000e+04; 1.747363e-01; -9.004414e+04; 1.876336e-01; -1.874611e+03; 1.747532e-01
1.450000e+00; 9.810000e+04; 1.767358e-01; -9.092935e+04; 1.889061e-01; -1.874803e+03; 1.767527e-01
1.455000e+00; 9.810000e+04; 1.787353e-01; -9.179657e+04; 1.902070e-01; -1.874928e+03; 1.787523e-01
1.460000e+00; 9.810000e+04; 1.807349e-01; -9.264398e+04; 1.915373e-01; -1.875005e+03; 1.807519e-01
1.465000e+00; 9.810000e+04; 1.827344e-01; -9.346977e+04; 1.928984e-01; -1.875047e+03; 1.827515e-01
1.470000e+00; 9.810000e+04; 1.847339e-01; -9.427216e+04; 1.942910e-01; -1.875067e+03; 1.847512e-01
1.475000e+00; 9.810000e+04; 1.867334e-01; -9.504939e+04; 1.957159e-01; -1.875071e+03; 1.867509e-01
1.480000e+00; 9.810000e+04; 1.887329e-01; -9.579979e+04; 1.971736e-01; -1.875067e+03; 1.887506e-01
1.485000e+00; 9.810000e+04; 1.907324e-01; -9.652181e+04; 1.986644e-01; -1.875060e+03; 1.907503e-01
1.490000e+00; 9.810000e+04; 1.927319e-01; -9.721403e+04; 2.001884e-01; -1.875056e+03; 1.927500e-01
1.495000e+00; 9.810000e+04; 1.947314e-01; -9.787519e+04; 2.017454e-01; -1.875059e+03; 1.947498e-01
1.500000e+00; 9.810000e+04; 1.967309e-01; -9.850423e+04; 2.033350e-01; -1.875074e+03; 1.967495e-01
1.505000e+00; 9.810000e+04; 1.987304e-01; -9.910029e+04; 2.049567e-01; -1.875108e+03; 1.987493e-01
1.510000e+00; 9.810000e+04; 2.007299e-01; -9.966274e+04; 2.066095e-01; -1.875168e+03; 2.007491e-01
1.515000e+00; 9.810000e+04; 2.027294e-01; -1.001912e+05; 2.082926e-01; -1.875262e+03; 2.027490e-01
1.520000e+00; 9.810000e+04; 2.047289e-01; -1.006855e+05; 2.100047e-01; -1.875401e+03; 2.047489e-01
1.525000e+00; 9.810000e+04; 2.067284e-01; -1.011458e+05; 2.117445e-01; -1.875598e+03; 2.067489e-01
1.530000e+00; 9.810000e+04; 2.087279e-01; -1.015724e+05; 2.135106e-01; -1.875871e+03; 2.087489e-01
1.535000e+00; 9.810000e+04; 2.107274e-01; -1.019658e+05; 2.153014e-01; -1.876239e+03; 2.107490e-01
1.540000e+00; 9.810000e+04; 2.127269e-01; -1.023270e+05; 2.171154e-01; -1.876727e+03; 2.127493e-01
1.545000e+00; 9.810000e+04; 2.147264e-01; -1.026569e+05; 2.189508e-01; -1.877367e+03; 2.147497e-01
1.550000e+00; 9.810000e+04; 2.167259e-01; -1.029567e+05; 2.208061e-01; -1.878196e+03; 2.167504e-01
1.555000e+00; 9.810000e+04; 2.187254e-01; -1.032278e+05; 2.226795e-01; -1.879259e+03; 2.187512e-01
1.560000e+00; 9.810000e+04; 2.207249e-01; -1.034715e+05; 2.245694e-01; -1.880609e+03; 2.207524e-01
1.565000e+00; 9.810000e+04; 2.227244e-01; -1.036896e+05; 2.264742e-01; -1.882310e+03; 2.227540e-01
1.570000e+00; 9.810000e+04; 2.247238e-01; -1.038837e+05; 2.283924e-01; -1.884436e+03; 2.247559e-01
1.575000e+00; 9.810000e+04; 2.267233e-01; -1.040555e+05; 2.303225e-01; -1.887073e+03; 2.267585e-01
1.580000e+00; 9.810000e+04; 2.287228e-01; -1.042067e+05; 2.322631e-01; -1.890322e+03; 2.287616e-01
1.585000e+00; 9.810000e+04; 2.307223e-01; -1.043390e+05; 2.342129e-01; -1.894298e+03; 2.307655e-01
1.590000e+00; 9.810000e+04; 2.327218e-01; -1.044542e+05; 2.361708e-01; -1.899130e+03; 2.327704e-01
1.595000e+00; 9.810000e+04; 2.347213e-01; -1.046030e+05; 2.382074e-01; -1.904963e+03; 2.347762e-01
1.600000e+00; 9.810000e+04; 2.367207e-01; -1.046794e+05; 2.401224e-01; -1.911961e+03; 2.367833e-01
1.605000e+00; 9.810000e+04; 2.387202e-01; -1.047447e+05; 2.421319e-01; -1.920303e+03; 2.387917e-01
1.610000e+00; 9.810000e+04; 2.407197e-01; -1.048086e+05; 2.440791e-01; -1.930183e+03; 2.408018e-01
1.615000e+00; 9.810000e+04; 2.427192e-01; -1.048470e+05; 2.460752e-01; -1.941812e+03; 2.428136e-01
1.620000e+00; 9.810000e+04; 2.447187e-01; -1.048998e+05; 2.480541e-01; -1.955415e+03; 2.448275e-01
1.625000e+00; 9.810000e+04; 2.467181e-01; -1.049200e+05; 2.500334e-01; -1.971229e+03; 2.468436e-01
1.630000e+00; 9.810000e+04; 2.487176e-01; -1.049616e+05; 2.520395e-01; -1.989500e+03; 2.488623e-01
1.635000e+00; 9.810000e+04; 2.507171e-01; -1.049720e+05; 2.540051e-01; -2.010481e+03; 2.508837e-01
1.640000e+00; 9.810000e+04; 2.527166e-01; -1.050014e+05; 2.560288e-01; -2.034427e+03; 2.529082e-01
1.645000e+00; 9.810000e+04; 2.547160e-01; -1.050089e+05; 2.579894e-01; -2.061592e+03; 2.549359e-01
1.650000e+00; 9.810000e+04; 2.567155e-01; -1.050259e+05; 2.600182e-01; -2.092223e+03; 2.569672e-01
1.655000e+00; 9.810000e+04; 2.587150e-01; -1.050345e+05; 2.619839e-01; -2.126554e+03; 2.590022e-01
1.660000e+00; 9.810000e+04; 2.607145e-01; -1.050404e+05; 2.640066e-01; -2.164801e+03; 2.610412e-01
1.665000e+00; 9.810000e+04; 2.627139e-01; -1.050516e+05; 2.659856e-01; -2.207157e+03; 2.630844e-01
1.670000e+00; 9.810000e+04; 2.647134e-01; -1.050492e+05; 2.679945e-01; -2.253784e+03; 2.651318e-01
1.675000e+00; 9.810000e+04; 2.667129e-01; -1.050620e+05; 2.699907e-01; -2.304806e+03; 2.671837e-01
1.680000e+00; 9.810000e+04; 2.687124e-01; -1.050552e+05; 2.719839e-01; -2.360309e+03; 2.692401e-01
1.685000e+00; 9.810000e+04; 2.707118e-01; -1.050672e+05; 2.739957e-01; -2.420329e+03; 2.713009e-01
1.690000e+00; 9.810000e+04; 2.727113e-01; -1.050600e+05; 2.759767e-01; -2.484852e+03; 2.733663e-01
1.695000e+00; 9.810000e+04; 2.747108e-01; -1.050688e+05; 2.779983e-01; -2.553808e+03; 2.754361e-01
1.700000e+00; 9.810000e+04; 2.767103e-01; -1.050643e+05; 2.799738e-01; -2.627071e+03; 2.775101e-01
1.705000e+00; 9.810000e+04; 2.787097e-01; -1.050682e+05; 2.819973e-01; -2.704454e+03; 2.795882e-01
1.710000e+00; 9.810000e+04; 2.807092e-01; -1.050679e+05; 2.839753e-01; -2.785714e+03; 2.816701e-01
1.715000e+00; 9.810000e+04; 2.827087e-01; -1.050667e+05; 2.859930e-01; -2.870548e+03; 2.837555e-01
1.720000e+00; 9.810000e+04; 2.847083e-01; -1.050705e+05; 2.879797e-01; -2.958601e+03; 2.858440e-01
1.725000e+00; 9.810000e+04; 2.867078e-01; -1.050654e+05; 2.899869e-01; -3.049465e+03; 2.879352e-01
1.730000e+00; 9.810000e+04; 2.887074e-01; -1.050719e+05; 2.919852e-01; -3.142689e+03; 2.900286e-01
1.735000e+00; 9.810000e+04; 2.907070e-01; -1.050650e+05; 2.939808e-01; -3.237783e+03; 2.921238e-01
1.740000e+00; 9.810000e+04; 2.927066e-01; -1.050719e+05; 2.959899e-01; -3.334227e+03; 2.942202e-01
1.745000e+00; 9.810000e+04; 2.947063e-01; -1.050655e+05; 2.979765e-01; -3.431479e+03; 2.963173e-01
1.750000e+00; 9.810000e+04; 2.967061e-01; -1.050707e+05; 2.999922e-01; -3.528985e+03; 2.984144e-01
1.755000e+00; 9.810000e+04; 2.987059e-01; -1.050668e+05; 3.019750e-01; -3.626186e+03; 3.005112e-01
1.760000e+00; 9.810000e+04; 3.007059e-01; -1.050690e+05; 3.039917e-01; -3.722533e+03; 3.026069e-01
1.765000e+00; 9.810000e+04; 3.027060e-01; -1.050684e+05; 3.059762e-01; -3.817492e+03; 3.047011e-01
1.770000e+00; 9.810000e+04; 3.047063e-01; -1.050671e+05; 3.079887e-01; -3.910558e+03; 3.067933e-01
1.775000e+00; 9.810000e+04; 3.067068e-01; -1.050697e+05; 3.099794e-01; -4.001262e+03; 3.088831e-01
1.780000e+00; 9.810000e+04; 3.087076e-01; -1.050658e+05; 3.119843e-01; -4.089179e+03; 3.109699e-01
1.785000e+00; 9.810000e+04; 3.107087e-01; -1.050702e+05; 3.139833e-01; -4.173939e+03; 3.130535e-01
1.790000e+00; 9.810000e+04; 3.127102e-01; -1.050652e+05; 3.159800e-01; -4.255230e+03; 3.151336e-01
1.795000e+00; 9.810000e+04; 3.147122e-01; -1.050700e+05; 3.179866e-01; -4.332799e+03; 3.172099e-01
1.800000e+00; 9.810000e+04; 3.167148e-01; -1.050654e+05; 3.199769e-01; -4.406456e+03; 3.192822e-01
1.805000e+00; 9.810000e+04; 3.187182e-01; -1.050690e+05; 3.219881e-01; -4.476066e+03; 3.213505e-01
1.810000e+00; 9.810000e+04; 3.207224e-01; -1.050662e+05; 3.239758e-01; -4.541543e+03; 3.234146e-01
1.815000e+00; 9.810000e+04; 3.227276e-01; -1.050677e+05; 3.259876e-01; -4.602840e+03; 3.254746e-01
1.820000e+00; 9.810000e+04; 3.247339e-01; -1.050673e+05; 3.279766e-01; -4.659936e+03; 3.275303e-01
1.825000e+00; 9.810000e+04; 3.267417e-01; -1.050663e+05; 3.299853e-01; -4.712827e+03; 3.295819e-01
1.830000e+00; 9.810000e+04; 3.287511e-01; -1.050681e+05; 3.319788e-01; -4.761522e+03; 3.316292e-01
1.835000e+00; 9.810000e+04; 3.307623e-01; -1.050653e+05; 3.339821e-01; -4.806038e+03; 3.336724e-01
1.840000e+00; 9.810000e+04; 3.327757e-01; -1.050684e+05; 3.359815e-01; -4.846410e+03; 3.357114e-01
1.845000e+00; 9.810000e+04; 3.347915e-01; -1.050648e+05; 3.379789e-01; -4.882695e+03; 3.377464e-01
1.850000e+00; 9.810000e+04; 3.368101e-01; -1.050682e+05; 3.399836e-01; -4.914987e+03; 3.397774e-01
1.855000e+00; 9.810000e+04; 3.388318e-01; -1.050649e+05; 3.419766e-01; -4.943424e+03; 3.418046e-01
1.860000e+00; 9.810000e+04; 3.408570e-01; -1.050674e+05; 3.439846e-01; -4.968198e+03; 3.438282e-01
1.865000e+00; 9.810000e+04; 3.428860e-01; -1.050654e+05; 3.459757e-01; -4.989549e+03; 3.458484e-01
1.870000e+00; 9.810000e+04; 3.449193e-01; -1.050664e+05; 3.479841e-01; -5.007762e+03; 3.478656e-01
1.875000e+00; 9.810000e+04; 3.469572e-01; -1.050661e+05; 3.499762e-01; -5.023151e+03; 3.498800e-01
1.880000e+00; 9.810000e+04; 3.490002e-01; -1.050653e+05; 3.519823e-01; -5.036047e+03; 3.518920e-01
1.885000e+00; 9.810000e+04; 3.510488e-01; -1.050666e+05; 3.539777e-01; -5.046778e+03; 3.539020e-01
1.890000e+00; 9.810000e+04; 3.531033e-01; -1.050646e+05; 3.559799e-01; -5.055658e+03; 3.559101e-01
1.895000e+00; 9.810000e+04; 3.551640e-01; -1.050668e+05; 3.579795e-01; -5.062975e+03; 3.579168e-01
1.900000e+00; 9.810000e+04; 3.572315e-01; -1.050642e+05; 3.599775e-01; -5.068983e+03; 3.599222e-01
1.905000e+00; 9.810000e+04; 3.593059e-01; -1.050665e+05; 3.619809e-01; -5.073902e+03; 3.619265e-01
1.910000e+00; 9.810000e+04; 3.613876e-01; -1.050642e+05; 3.639758e-01; -5.077919e+03; 3.639300e-01
1.915000e+00; 9.810000e+04; 3.634769e-01; -1.050659e+05; 3.659814e-01; -5.081191e+03; 3.659328e-01
1.920000e+00; 9.810000e+04; 3.655739e-01; -1.050645e+05; 3.679751e-01; -5.083847e+03; 3.679350e-01
1.925000e+00; 9.810000e+04; 3.676788e-01; -1.050651e+05; 3.699809e-01; -5.085994e+03; 3.699368e-01
1.930000e+00; 9.810000e+04; 3.697915e-01; -1.050649e+05; 3.719754e-01; -5.087720e+03; 3.719381e-01
1.935000e+00; 9.810000e+04; 3.719122e-01; -1.050643e+05; 3.739796e-01; -5.089098e+03; 3.739391e-01
1.940000e+00; 9.810000e+04; 3.740405e-01; -1.050652e+05; 3.759763e-01; -5.090190e+03; 3.759398e-01
1.945000e+00; 9.810000e+04; 3.761764e-01; -1.050637e+05; 3.779777e-01; -5.091046e+03; 3.779403e-01
1.950000e+00; 9.810000e+04; 3.783196e-01; -1.050653e+05; 3.799774e-01; -5.091707e+03; 3.799407e-01
1.955000e+00; 9.810000e+04; 3.804696e-01; -1.050634e+05; 3.819759e-01; -5.092207e+03; 3.819409e-01
1.960000e+00; 9.810000e+04; 3.826260e-01; -1.050651e+05; 3.839783e-01; -5.092574e+03; 3.839409e-01
1.965000e+00; 9.810000e+04; 3.847882e-01; -1.050634e+05; 3.859746e-01; -5.092829e+03; 3.859409e-01
1.970000e+00; 9.810000e+04; 3.869557e-01; -1.050646e+05; 3.879785e-01; -5.092989e+03; 3.879409e-01
1.975000e+00; 9.810000e+04; 3.891276e-01; -1.050636e+05; 3.899740e-01; -5.093067e+03; 3.899408e-01
1.980000e+00; 9.810000e+04; 3.913033e-01; -1.050639e+05; 3.919780e-01; -5.093070e+03; 3.919407e-01
1.985000e+00; 9.810000e+04; 3.934818e-01; -1.050638e+05; 3.939740e-01; -5.093003e+03; 3.939406e-01
1.990000e+00; 9.810000e+04; 3.956624e-01; -1.050633e+05; 3.959769e-01; -5.092867e+03; 3.959404e-01
1.995000e+00; 9.810000e+04; 3.978441e-01; -1.050639e+05; 3.979746e-01; -5.092659e+03; 3.979404e-01
2.000000e+00; 9.810000e+04; 4.000261e-01; -1.050628e+05; 3.999755e-01; -5.092373e+03; 3.999403e-01
2.005000e+00; 9.810000e+04; 4.022074e-01; -1.050639e+05; 4.019753e-01; -5.091998e+03; 4.019403e-01
2.010000e+00; 9.810000e+04; 4.043871e-01; -1.050625e+05; 4.039741e-01; -5.091523e+03; 4.039405e-01
2.015000e+00; 9.810000e+04; 4.065645e-01; -1.050637e+05; 4.059757e-01; -5.090928e+03; 4.059407e-01
2.020000e+00; 9.810000e+04; 4.087387e-01; -1.050625e+05; 4.079730e-01; -5.090193e+03; 4.079410e-01
2.025000e+00; 9.810000e+04; 4.109088e-01; -1.050633e+05; 4.099758e-01; -5.089291e+03; 4.099415e-01
2.030000e+00; 9.810000e+04; 4.130743e-01; -1.050625e+05; 4.119724e-01; -5.088190e+03; 4.119423e-01
2.035000e+00; 9.810000e+04; 4.152345e-01; -1.050628e+05; 4.139752e-01; -5.086853e+03; 4.139432e-01
2.040000e+00; 9.810000e+04; 4.173887e-01; -1.050626e+05; 4.159723e-01; -5.085236e+03; 4.159445e-01
2.045000e+00; 9.810000e+04; 4.195366e-01; -1.050623e+05; 4.179743e-01; -5.083289e+03; 4.179461e-01
2.050000e+00; 9.810000e+04; 4.216777e-01; -1.050627e+05; 4.199726e-01; -5.080954e+03; 4.199481e-01
2.055000e+00; 9.810000e+04; 4.238117e-01; -1.050619e+05; 4.219731e-01; -5.078165e+03; 4.219505e-01
2.060000e+00; 9.810000e+04; 4.259382e-01; -1.050626e+05; 4.239729e-01; -5.074848e+03; 4.239535e-01
2.065000e+00; 9.810000e+04; 4.280572e-01; -1.050616e+05; 4.259720e-01; -5.070920e+03; 4.259572e-01
2.070000e+00; 9.810000e+04; 4.301685e-01; -1.050624e+05; 4.279731e-01; -5.066287e+03; 4.279615e-01
2.075000e+00; 9.810000e+04; 4.322720e-01; -1.050615e+05; 4.299711e-01; -5.060848e+03; 4.299667e-01
2.080000e+00; 9.810000e+04; 4.343678e-01; -1.050620e+05; 4.319730e-01; -5.054491e+03; 4.319729e-01
2.085000e+00; 9.810000e+04; 4.364559e-01; -1.050615e+05; 4.339706e-01; -5.047092e+03; 4.339801e-01
2.090000e+00; 9.810000e+04; 4.385365e-01; -1.050616e+05; 4.359725e-01; -5.038520e+03; 4.359885e-01
2.095000e+00; 9.810000e+04; 4.406097e-01; -1.050615e+05; 4.379704e-01; -5.028634e+03; 4.379983e-01
2.100000e+00; 9.810000e+04; 4.426758e-01; -1.050612e+05; 4.399717e-01; -5.017284e+03; 4.400096e-01
2.105000e+00; 9.810000e+04; 4.447350e-01; -1.050615e+05; 4.419704e-01; -5.004313e+03; 4.420225e-01
2.110000e+00; 9.810000e+04; 4.467878e-01; -1.050608e+05; 4.439707e-01; -4.989555e+03; 4.440373e-01
2.115000e+00; 9.810000e+04; 4.488345e-01; -1.050613e+05; 4.459705e-01; -4.972842e+03; 4.460540e-01
2.120000e+00; 9.810000e+04; 4.508755e-01; -1.050606e+05; 4.479697e-01; -4.954000e+03; 4.480730e-01
2.125000e+00; 9.810000e+04; 4.529112e-01; -1.050611e+05; 4.499705e-01; -4.932856e+03; 4.500943e-01
2.130000e+00; 9.810000e+04; 4.549421e-01; -1.050604e+05; 4.519690e-01; -4.909237e+03; 4.521181e-01
2.135000e+00; 9.810000e+04; 4.569687e-01; -1.050608e+05; 4.539703e-01; -4.882974e+03; 4.541445e-01
2.140000e+00; 9.810000e+04; 4.589913e-01; -1.050604e+05; 4.559685e-01; -4.853903e+03; 4.561739e-01
2.145000e+00; 9.810000e+04; 4.610105e-01; -1.050604e+05; 4.579697e-01; -4.821872e+03; 4.582062e-01
2.150000e+00; 9.810000e+04; 4.630267e-01; -1.050603e+05; 4.599682e-01; -4.786741e+03; 4.602417e-01
2.155000e+00; 9.810000e+04; 4.650402e-01; -1.050600e+05; 4.619690e-01; -4.748384e+03; 4.622804e-01
2.160000e+00; 9.810000e+04; 4.670513e-01; -1.050602e+05; 4.639681e-01; -4.706696e+03; 4.643224e-01
2.165000e+00; 9.810000e+04; 4.690606e-01; -1.050597e+05; 4.659682e-01; -4.661595e+03; 4.663679e-01
2.170000e+00; 9.810000e+04; 4.710681e-01; -1.050600e+05; 4.679680e-01; -4.613022e+03; 4.684169e-01
2.175000e+00; 9.810000e+04; 4.730742e-01; -1.050594e+05; 4.699673e-01; -4.560947e+03; 4.704694e-01
2.180000e+00; 9.810000e+04; 4.750791e-01; -1.050597e+05; 4.719678e-01; -4.505371e+03; 4.725253e-01
2.185000e+00; 9.810000e+04; 4.770830e-01; -1.050592e+05; 4.739666e-01; -4.446326e+03; 4.745848e-01
2.190000e+00; 9.810000e+04; 4.790861e-01; -1.050593e+05; 4.759674e-01; -4.383880e+03; 4.766476e-01
2.195000e+00; 9.810000e+04; 4.810885e-01; -1.050589e+05; 4.779661e-01; -4.318135e+03; 4.787136e-01
2.200000e+00; 9.810000e+04; 4.830903e-01; -1.050587e+05; 4.799669e-01; -4.249228e+03; 4.807828e-01
2.205000e+00; 9.810000e+04; 4.850916e-01; -1.050585e+05; 4.819656e-01; -4.177331e+03; 4.828549e-01
2.210000e+00; 9.810000e+04; 4.870926e-01; -1.050581e+05; 4.839661e-01; -4.102651e+03; 4.849298e-01
2.215000e+00; 9.810000e+04; 4.890932e-01; -1.050579e+05; 4.859653e-01; -4.025429e+03; 4.870071e-01
2.220000e+00; 9.810000e+04; 4.910936e-01; -1.050572e+05; 4.879652e-01; -3.945933e+03; 4.890866e-01
2.225000e+00; 9.810000e+04; 4.930937e-01; -1.050570e+05; 4.899649e-01; -3.864461e+03; 4.911680e-01
2.230000e+00; 9.810000e+04; 4.950937e-01; -1.050560e+05; 4.919643e-01; -3.781337e+03; 4.932510e-01
2.235000e+00; 9.810000e+04; 4.970936e-01; -1.050555e+05; 4.939644e-01; -3.696902e+03; 4.953352e-01
2.240000e+00; 9.810000e+04; 4.990933e-01; -1.050543e+05; 4.959633e-01; -3.611514e+03; 4.974203e-01
2.245000e+00; 9.810000e+04; 5.010930e-01; -1.050534e+05; 4.979635e-01; -3.525543e+03; 4.995059e-01
2.250000e+00; 9.810000e+04; 5.030926e-01; -1.050519e+05; 4.999622e-01; -3.439366e+03; 5.015915e-01
2.255000e+00; 9.810000e+04; 5.050921e-01; -1.050502e+05; 5.019623e-01; -3.353359e+03; 5.036769e-01
2.260000e+00; 9.810000e+04; 5.070916e-01; -1.050482e+05; 5.039609e-01; -3.267899e+03; 5.057617e-01
2.265000e+00; 9.810000e+04; 5.090911e-01; -1.050456e+05; 5.059605e-01; -3.183349e+03; 5.078454e-01
2.270000e+00; 9.810000e+04; 5.110905e-01; -1.050427e+05; 5.079591e-01; -3.100065e+03; 5.099278e-01
2.275000e+00; 9.810000e+04; 5.130899e-01; -1.050389e+05; 5.099581e-01; -3.018382e+03; 5.120085e-01
2.280000e+00; 9.810000e+04; 5.150893e-01; -1.050347e+05; 5.119567e-01; -2.938616e+03; 5.140873e-01
2.285000e+00; 9.810000e+04; 5.170887e-01; -1.050292e+05; 5.139548e-01; -2.861060e+03; 5.161637e-01
2.290000e+00; 9.810000e+04; 5.190880e-01; -1.050231e+05; 5.159531e-01; -2.785980e+03; 5.182376e-01
2.295000e+00; 9.810000e+04; 5.210874e-01; -1.050154e+05; 5.179502e-01; -2.713611e+03; 5.203088e-01
2.300000e+00; 9.810000e+04; 5.230868e-01; -1.050066e+05; 5.199478e-01; -2.644161e+03; 5.223769e-01
2.305000e+00; 9.810000e+04; 5.250861e-01; -1.049959e+05; 5.219437e-01; -2.577806e+03; 5.244420e-01
2.310000e+00; 9.810000e+04; 5.270854e-01; -1.049834e+05; 5.239401e-01; -2.514689e+03; 5.265038e-01
2.315000e+00; 9.810000e+04; 5.290848e-01; -1.049686e+05; 5.259346e-01; -2.454920e+03; 5.285622e-01
2.320000e+00; 9.810000e+04; 5.310841e-01; -1.049512e+05; 5.279290e-01; -2.398581e+03; 5.306171e-01
2.325000e+00; 9.810000e+04; 5.330835e-01; -1.049311e+05; 5.299217e-01; -2.345719e+03; 5.326686e-01
2.330000e+00; 9.810000e+04; 5.350828e-01; -1.049074e+05; 5.319134e-01; -2.296352e+03; 5.347166e-01
2.335000e+00; 9.810000e+04; 5.370821e-01; -1.048802e+05; 5.339034e-01; -2.250469e+03; 5.367611e-01
2.340000e+00; 9.810000e+04; 5.390815e-01; -1.048484e+05; 5.358915e-01; -2.208032e+03; 5.388021e-01
2.345000e+00; 9.810000e+04; 5.410808e-01; -1.048121e+05; 5.378780e-01; -2.168975e+03; 5.408398e-01
2.350000e+00; 9.810000e+04; 5.430801e-01; -1.047700e+05; 5.398614e-01; -2.133211e+03; 5.428743e-01
2.355000e+00; 9.810000e+04; 5.450794e-01; -1.047222e+05; 5.418427e-01; -2.100629e+03; 5.449056e-01
2.360000e+00; 9.810000e+04; 5.470788e-01; -1.046675e+05; 5.438202e-01; -2.071101e+03; 5.469338e-01
2.365000e+00; 9.810000e+04; 5.490781e-01; -1.046054e+05; 5.457948e-01; -2.044480e+03; 5.489592e-01
2.370000e+00; 9.810000e+04; 5.510774e-01; -1.045351e+05; 5.477646e-01; -2.020609e+03; 5.509819e-01
2.375000e+00; 9.810000e+04; 5.530767e-01; -1.044557e+05; 5.497303e-01; -1.999318e+03; 5.530021e-01
2.380000e+00; 9.810000e+04; 5.550761e-01; -1.043665e+05; 5.516905e-01; -1.980429e+03; 5.550198e-01
2.385000e+00; 9.810000e+04; 5.570754e-01; -1.042663e+05; 5.536451e-01; -1.963762e+03; 5.570355e-01
2.390000e+00; 9.810000e+04; 5.590747e-01; -1.041818e+05; 5.556326e-01; -1.949132e+03; 5.590491e-01
2.395000e+00; 9.810000e+04; 5.610740e-01; -1.040487e+05; 5.575376e-01; -1.936359e+03; 5.610609e-01
2.400000e+00; 9.810000e+04; 5.630733e-01; -1.039159e+05; 5.595058e-01; -1.925262e+03; 5.630710e-01
2.405000e+00; 9.810000e+04; 5.650727e-01; -1.037669e+05; 5.614048e-01; -1.915671e+03; 5.650797e-01
2.410000e+00; 9.810000e+04; 5.670720e-01; -1.036540e+05; 5.634254e-01; -1.907420e+03; 5.670871e-01
2.415000e+00; 9.810000e+04; 5.690713e-01; -1.034811e+05; 5.652740e-01; -1.900353e+03; 5.690933e-01
2.420000e+00; 9.810000e+04; 5.710706e-01; -1.032839e+05; 5.672304e-01; -1.894325e+03; 5.710984e-01
2.425000e+00; 9.810000e+04; 5.730699e-01; -1.030756e+05; 5.690689e-01; -1.889202e+03; 5.731027e-01
2.430000e+00; 9.810000e+04; 5.750692e-01; -1.028420e+05; 5.709925e-01; -1.884859e+03; 5.751062e-01
2.435000e+00; 9.810000e+04; 5.770685e-01; -1.025945e+05; 5.728098e-01; -1.881184e+03; 5.771091e-01
2.440000e+00; 9.810000e+04; 5.790679e-01; -1.023205e+05; 5.746998e-01; -1.878075e+03; 5.791113e-01
2.445000e+00; 9.810000e+04; 5.810672e-01; -1.020303e+05; 5.764899e-01; -1.875442e+03; 5.811131e-01
2.450000e+00; 9.810000e+04; 5.830665e-01; -1.017127e+05; 5.783432e-01; -1.873201e+03; 5.831143e-01
2.455000e+00; 9.810000e+04; 5.850658e-01; -1.013768e+05; 5.801014e-01; -1.871280e+03; 5.851153e-01
2.460000e+00; 9.810000e+04; 5.870651e-01; -1.010126e+05; 5.819143e-01; -1.869611e+03; 5.871158e-01
2.465000e+00; 9.810000e+04; 5.890644e-01; -1.006287e+05; 5.836363e-01; -1.868133e+03; 5.891161e-01
2.470000e+00; 9.810000e+04; 5.910637e-01; -1.002157e+05; 5.854054e-01; -1.866791e+03; 5.911161e-01
2.475000e+00; 9.810000e+04; 5.930630e-01; -9.978190e+04; 5.870870e-01; -1.865534e+03; 5.931158e-01
2.480000e+00; 9.810000e+04; 5.950623e-01; -9.931873e+04; 5.888091e-01; -1.864310e+03; 5.951153e-01
2.485000e+00; 9.810000e+04; 5.970616e-01; -9.883396e+04; 5.904471e-01; -1.863072e+03; 5.971145e-01
2.490000e+00; 9.810000e+04; 5.990609e-01; -9.831993e+04; 5.921194e-01; -1.861770e+03; 5.991135e-01
2.495000e+00; 9.810000e+04; 6.010602e-01; -9.778399e+04; 5.937108e-01; -1.860354e+03; 6.011122e-01
2.500000e+00; 9.810000e+04; 6.030595e-01; -9.721924e+04; 5.953312e-01; -1.858769e+03; 6.031106e-01
2.505000e+00; 9.810000e+04; 6.050588e-01; -9.663272e+04; 5.968740e-01; -1.856959e+03; 6.051086e-01
2.510000e+00; 9.810000e+04; 6.070581e-01; -9.601824e+04; 5.984413e-01; -1.854858e+03; 6.071063e-01
2.515000e+00; 9.810000e+04; 6.090574e-01; -9.538254e+04; 5.999343e-01; -1.852396e+03; 6.091035e-01
2.520000e+00; 9.810000e+04; 6.110567e-01; -9.472008e+04; 6.014478e-01; -1.849494e+03; 6.111002e-01
2.525000e+00; 9.810000e+04; 6.130560e-01; -9.403732e+04; 6.028906e-01; -1.846062e+03; 6.130963e-01
2.530000e+00; 9.810000e+04; 6.150553e-01; -9.332934e+04; 6.043508e-01; -1.841997e+03; 6.150917e-01
2.535000e+00; 9.810000e+04; 6.170545e-01; -9.260230e+04; 6.057440e-01; -1.837184e+03; 6.170863e-01
2.540000e+00; 9.810000e+04; 6.190538e-01; -9.185182e+04; 6.071520e-01; -1.831493e+03; 6.190800e-01
2.545000e+00; 9.810000e+04; 6.210531e-01; -9.108381e+04; 6.084969e-01; -1.824775e+03; 6.210725e-01
2.550000e+00; 9.810000e+04; 6.230524e-01; -9.029435e+04; 6.098548e-01; -1.816864e+03; 6.230639e-01
2.555000e+00; 9.810000e+04; 6.250517e-01; -8.948905e+04; 6.111536e-01; -1.807573e+03; 6.250538e-01
2.560000e+00; 9.810000e+04; 6.270510e-01; -8.866442e+04; 6.124641e-01; -1.796693e+03; 6.270420e-01
2.565000e+00; 9.810000e+04; 6.290502e-01; -8.782577e+04; 6.137195e-01; -1.783992e+03; 6.290283e-01
2.570000e+00; 9.810000e+04; 6.310495e-01; -8.696996e+04; 6.149858e-01; -1.769215e+03; 6.310125e-01
2.575000e+00; 9.810000e+04; 6.330488e-01; -8.610200e+04; 6.162013e-01; -1.752082e+03; 6.329943e-01
2.580000e+00; 9.810000e+04; 6.350481e-01; -8.521903e+04; 6.174271e-01; -1.732293e+03; 6.349733e-01
2.585000e+00; 9.810000e+04; 6.370474e-01; -8.432574e+04; 6.186062e-01; -1.709524e+03; 6.369493e-01
2.590000e+00; 9.810000e+04; 6.390466e-01; -8.341953e+04; 6.197956e-01; -1.683430e+03; 6.389218e-01
2.595000e+00; 9.810000e+04; 6.410459e-01; -8.250474e+04; 6.209423e-01; -1.653649e+03; 6.408906e-01
2.600000e+00; 9.810000e+04; 6.430452e-01; -8.157897e+04; 6.220993e-01; -1.619798e+03; 6.428551e-01
2.605000e+00; 9.810000e+04; 6.450445e-01; -8.064624e+04; 6.232176e-01; -1.581479e+03; 6.448151e-01
2.610000e+00; 9.810000e+04; 6.470437e-01; -7.970429e+04; 6.243463e-01; -1.538268e+03; 6.467701e-01
2.615000e+00; 9.810000e+04; 6.490430e-01; -7.875683e+04; 6.254401e-01; -1.489718e+03; 6.487197e-01
2.620000e+00; 9.810000e+04; 6.510422e-01; -7.780172e+04; 6.265444e-01; -1.435344e+03; 6.506633e-01
2.625000e+00; 9.810000e+04; 6.530415e-01; -7.684235e+04; 6.276175e-01; -1.374616e+03; 6.526004e-01
2.630000e+00; 9.810000e+04; 6.550407e-01; -7.587669e+04; 6.287013e-01; -1.306948e+03; 6.545303e-01
2.635000e+00; 9.810000e+04; 6.570400e-01; -7.490784e+04; 6.297570e-01; -1.231684e+03; 6.564526e-01
2.640000e+00; 9.810000e+04; 6.590392e-01; -7.393385e+04; 6.308237e-01; -1.148091e+03; 6.583662e-01
2.645000e+00; 9.810000e+04; 6.610384e-01; -7.295753e+04; 6.318652e-01; -1.055356e+03; 6.602706e-01
2.650000e+00; 9.810000e+04; 6.630377e-01; -7.197704e+04; 6.329178e-01; -9.525887e+02; 6.621646e-01
2.655000e+00; 9.810000e+04; 6.650368e-01; -7.099492e+04; 6.339480e-01; -8.388336e+02; 6.640474e-01
2.660000e+00; 9.810000e+04; 6.670360e-01; -7.000941e+04; 6.349892e-01; -7.130864e+02; 6.659180e-01
2.665000e+00; 9.810000e+04; 6.690352e-01; -6.902283e+04; 6.360103e-01; -5.743170e+02; 6.677752e-01
2.670000e+00; 9.810000e+04; 6.710343e-01; -6.803348e+04; 6.370424e-01; -4.214926e+02; 6.696182e-01
2.675000e+00; 9.810000e+04; 6.730334e-01; -6.704349e+04; 6.380566e-01; -2.536002e+02; 6.714458e-01
2.680000e+00; 9.810000e+04; 6.750324e-01; -6.605124e+04; 6.390816e-01; -6.966402e+01; 6.732572e-01
2.685000e+00; 9.810000e+04; 6.770314e-01; -6.505867e+04; 6.400905e-01; 1.312426e+02; 6.750513e-01
2.690000e+00; 9.810000e+04; 6.790302e-01; -6.406425e+04; 6.411099e-01; 3.499916e+02; 6.768274e-01
2.695000e+00; 9.810000e+04; 6.810291e-01; -6.306973e+04; 6.421149e-01; 5.873995e+02; 6.785847e-01
2.700000e+00; 9.810000e+04; 6.830278e-01; -6.207369e+04; 6.431300e-01; 8.442291e+02; 6.803223e-01
2.705000e+00; 9.810000e+04; 6.850263e-01; -6.107772e+04; 6.441321e-01; 1.121193e+03; 6.820397e-01
2.710000e+00; 9.810000e+04; 6.870247e-01; -6.008049e+04; 6.451440e-01; 1.418954e+03; 6.837361e-01
2.715000e+00; 9.810000e+04; 6.890229e-01; -5.908346e+04; 6.461441e-01; 1.738127e+03; 6.854109e-01
2.720000e+00; 9.810000e+04; 6.910209e-01; -5.808537e+04; 6.471535e-01; 2.079278e+03; 6.870636e-01
2.725000e+00; 9.810000e+04; 6.930186e-01; -5.708755e+04; 6.481522e-01; 2.442914e+03; 6.886937e-01
2.730000e+00; 9.810000e+04; 6.950160e-01; -5.608884e+04; 6.491598e-01; 2.829485e+03; 6.903008e-01
2.735000e+00; 9.810000e+04; 6.970129e-01; -5.509046e+04; 6.501577e-01; 3.239372e+03; 6.918845e-01
2.740000e+00; 9.810000e+04; 6.990094e-01; -5.409130e+04; 6.511638e-01; 3.672884e+03; 6.934444e-01
2.745000e+00; 9.810000e+04; 7.010053e-01; -5.309252e+04; 6.521612e-01; 4.130253e+03; 6.949805e-01
2.750000e+00; 9.810000e+04; 7.030005e-01; -5.209307e+04; 6.531663e-01; 4.611627e+03; 6.964926e-01
2.755000e+00; 9.810000e+04; 7.049950e-01; -5.109400e+04; 6.541633e-01; 5.117071e+03; 6.979805e-01
2.760000e+00; 9.810000e+04; 7.069885e-01; -5.009434e+04; 6.551677e-01; 5.646564e+03; 6.994445e-01
2.765000e+00; 9.810000e+04; 7.089809e-01; -4.909507e+04; 6.561645e-01; 6.199996e+03; 7.008845e-01
2.770000e+00; 9.810000e+04; 7.109721e-01; -4.809529e+04; 6.571683e-01; 6.777172e+03; 7.023009e-01
2.775000e+00; 9.810000e+04; 7.129617e-01; -4.709588e+04; 6.581651e-01; 7.377815e+03; 7.036939e-01
2.780000e+00; 9.810000e+04; 7.149497e-01; -4.609601e+04; 6.591684e-01; 8.001563e+03; 7.050639e-01
2.785000e+00; 9.810000e+04; 7.169356e-01; -4.509650e+04; 6.601654e-01; 8.647978e+03; 7.064113e-01
2.790000e+00; 9.810000e+04; 7.189193e-01; -4.409659e+04; 6.611682e-01; 9.316549e+03; 7.077367e-01
2.795000e+00; 9.810000e+04; 7.209004e-01; -4.309702e+04; 6.621653e-01; 1.000670e+04; 7.090407e-01
2.800000e+00; 9.810000e+04; 7.228785e-01; -4.209707e+04; 6.631679e-01; 1.071778e+04; 7.103239e-01
2.805000e+00; 9.810000e+04; 7.248533e-01; -4.109746e+04; 6.641650e-01; 1.144910e+04; 7.115871e-01
2.810000e+00; 9.810000e+04; 7.268242e-01; -4.009750e+04; 6.651674e-01; 1.219992e+04; 7.128309e-01
2.815000e+00; 9.810000e+04; 7.287908e-01; -3.909785e+04; 6.661647e-01; 1.296944e+04; 7.140563e-01
2.820000e+00; 9.810000e+04; 7.307526e-01; -3.809789e+04; 6.671668e-01; 1.375685e+04; 7.152640e-01
2.825000e+00; 9.810000e+04; 7.327090e-01; -3.709822e+04; 6.681643e-01; 1.456129e+04; 7.164548e-01
2.830000e+00; 9.810000e+04; 7.346594e-01; -3.609826e+04; 6.691662e-01; 1.538191e+04; 7.176297e-01
2.835000e+00; 9.810000e+04; 7.366031e-01; -3.509858e+04; 6.701638e-01; 1.621782e+04; 7.187896e-01
2.840000e+00; 9.810000e+04; 7.385395e-01; -3.409862e+04; 6.711655e-01; 1.706814e+04; 7.199352e-01
2.845000e+00; 9.809999e+04; 7.404676e-01; -3.309893e+04; 6.721633e-01; 1.793198e+04; 7.210675e-01
2.850000e+00; 9.809999e+04; 7.423868e-01; -3.209898e+04; 6.731649e-01; 1.880847e+04; 7.221874e-01
2.855000e+00; 9.809999e+04; 7.442960e-01; -3.109927e+04; 6.741628e-01; 1.969675e+04; 7.232957e-01
2.860000e+00; 9.809999e+04; 7.461944e-01; -3.009934e+04; 6.751642e-01; 2.059599e+04; 7.243933e-01
2.865000e+00; 9.809999e+04; 7.480809e-01; -2.909962e+04; 6.761622e-01; 2.150535e+04; 7.254809e-01
2.870000e+00; 9.809999e+04; 7.499544e-01; -2.809969e+04; 6.771635e-01; 2.242405e+04; 7.265594e-01
2.875000e+00; 9.809999e+04; 7.518137e-01; -2.709997e+04; 6.781617e-01; 2.335134e+04; 7.276294e-01
2.880000e+00; 9.809999e+04; 7.536574e-01; -2.610005e+04; 6.791629e-01; 2.428648e+04; 7.286918e-01
2.885000e+00; 9.809999e+04; 7.554842e-01; -2.510032e+04; 6.801611e-01; 2.522879e+04; 7.297471e-01
2.890000e+00; 9.809999e+04; 7.572927e-01; -2.410041e+04; 6.811622e-01; 2.617762e+04; 7.307961e-01
2.895000e+00; 9.809999e+04; 7.590813e-01; -2.310067e+04; 6.821606e-01; 2.713234e+04; 7.318393e-01
2.900000e+00; 9.809999e+04; 7.608484e-01; -2.210077e+04; 6.831616e-01; 2.809240e+04; 7.328773e-01
2.905000e+00; 9.809999e+04; 7.625924e-01; -2.110103e+04; 6.841600e-01; 2.905725e+04; 7.339105e-01
2.910000e+00; 9.809999e+04; 7.643115e-01; -2.010114e+04; 6.851609e-01; 3.002640e+04; 7.349396e-01
2.915000e+00; 9.809999e+04; 7.660041e-01; -1.910140e+04; 6.861595e-01; 3.099938e+04; 7.359649e-01
2.920000e+00; 9.809999e+04; 7.676684e-01; -1.810151e+04; 6.871603e-01; 3.197578e+04; 7.369868e-01
2.925000e+00; 9.809999e+04; 7.693026e-01; -1.710176e+04; 6.881589e-01; 3.295520e+04; 7.380058e-01
2.930000e+00; 9.809999e+04; 7.709051e-01; -1.610188e+04; 6.891596e-01; 3.393729e+04; 7.390220e-01
2.935000e+00; 9.809999e+04; 7.724743e-01; -1.510213e+04; 6.901583e-01; 3.492172e+04; 7.400359e-01
2.940000e+00; 9.809999e+04; 7.740085e-01; -1.410226e+04; 6.911590e-01; 3.590820e+04; 7.410477e-01
2.945000e+00; 9.809999e+04; 7.755062e-01; -1.310251e+04; 6.921577e-01; 3.689645e+04; 7.420577e-01
2.950000e+00; 9.809999e+04; 7.769660e-01; -1.210264e+04; 6.931583e-01; 3.788624e+04; 7.430660e-01
2.955000e+00; 9.809999e+04; 7.783866e-01; -1.110289e+04; 6.941572e-01; 3.887734e+04; 7.440729e-01
2.960000e+00; 9.809999e+04; 7.797666e-01; -1.010303e+04; 6.951577e-01; 3.986954e+04; 7.450784e-01
2.965000e+00; 9.809999e+04; 7.811049e-01; -9.103275e+03; 6.961566e-01; 4.086266e+04; 7.460828e-01
2.970000e+00; 9.809999e+04; 7.824006e-01; -8.103422e+03; 6.971570e-01; 4.185653e+04; 7.470862e-01
2.975000e+00; 9.809999e+04; 7.836527e-01; -7.103665e+03; 6.981560e-01; 4.285100e+04; 7.480886e-01
2.980000e+00; 9.809999e+04; 7.848604e-01; -6.103817e+03; 6.991564e-01; 4.384591e+04; 7.490901e-01
2.985000e+00; 9.809999e+04; 7.860232e-01; -5.104059e+03; 7.001554e-01; 4.484112e+04; 7.500908e-01
2.990000e+00; 9.809999e+04; 7.871404e-01; -4.104217e+03; 7.011558e-01; 4.583652e+04; 7.510907e-01
2.995000e+00; 9.809999e+04; 7.882117e-01; -3.104457e+03; 7.021548e-01; 4.683195e+04; 7.520898e-01
3.000000e+00; 9.809999e+04; 7.892370e-01; -2.104621e+03; 7.031551e-01; 4.782731e+04; 7.530881e-01
3.005000e+00; 9.810000e+04; 7.902162e-01; -1.104861e+03; 7.041542e-01; 4.882247e+04; 7.540856e-01
3.010000e+00; 9.810000e+04; 7.911493e-01; -1.050290e+02; 7.051545e-01; 4.981730e+04; 7.550823e-01
3.015000e+00; 9.810000e+04; 7.920366e-01; 8.947314e+02; 7.061537e-01; 5.081166e+04; 7.560781e-01
3.020000e+00; 9.810000e+04; 7.928784e-01; 1.894558e+03; 7.071539e-01; 5.180543e+04; 7.570729e-01
3.025000e+00; 9.810000e+04; 7.936754e-01; 2.894319e+03; 7.081531e-01; 5.279845e+04; 7.580667e-01
3.030000e+00; 9.810000e+04; 7.944281e-01; 3.894141e+03; 7.091532e-01; 5.379059e+04; 7.590593e-01
3.035000e+00; 9.810000e+04; 7.951374e-01; 4.893901e+03; 7.101525e-01; 5.478166e+04; 7.600506e-01
3.040000e+00; 9.810000e+04; 7.958041e-01; 5.893719e+03; 7.111526e-01; 5.577151e+04; 7.610405e-01
3.045000e+00; 9.810000e+04; 7.964295e-01; 6.893479e+03; 7.121519e-01; 5.675993e+04; 7.620288e-01
3.050000e+00; 9.810000e+04; 7.970145e-01; 7.893292e+03; 7.131520e-01; 5.774674e+04; 7.630154e-01
3.055000e+00; 9.810000e+04; 7.975605e-01; 8.893052e+03; 7.141513e-01; 5.873170e+04; 7.639999e-01
3.060000e+00; 9.810000e+04; 7.980689e-01; 9.892861e+03; 7.151514e-01; 5.971458e+04; 7.649822e-01
3.065000e+00; 9.810000e+04; 7.985409e-01; 1.089262e+04; 7.161507e-01; 6.069512e+04; 7.659621e-01
3.070000e+00; 9.810000e+04; 7.989782e-01; 1.189242e+04; 7.171507e-01; 6.167305e+04; 7.669393e-01
3.075000e+00; 9.810000e+04; 7.993823e-01; 1.289218e+04; 7.181501e-01; 6.264806e+04; 7.679134e-01
3.080000e+00; 9.810000e+04; 7.997547e-01; 1.389198e+04; 7.191501e-01; 6.361983e+04; 7.688841e-01
3.085000e+00; 9.810000e+04; 8.000970e-01; 1.489174e+04; 7.201495e-01; 6.458801e+04; 7.698512e-01
3.090000e+00; 9.810001e+04; 8.004109e-01; 1.589154e+04; 7.211495e-01; 6.555222e+04; 7.708142e-01
3.095000e+00; 9.810001e+04; 8.006979e-01; 1.689129e+04; 7.221488e-01; 6.651207e+04; 7.717726e-01
3.100000e+00; 9.810001e+04; 8.009597e-01; 1.789108e+04; 7.231488e-01; 6.746712e+04; 7.727262e-01
3.105000e+00; 9.810001e+04; 8.011979e-01; 1.889083e+04; 7.241482e-01; 6.841690e+04; 7.736744e-01
3.110000e+00; 9.810001e+04; 8.014139e-01; 1.989062e+04; 7.251481e-01; 6.936092e+04; 7.746166e-01
3.115000e+00; 9.810001e+04; 8.016095e-01; 2.089036e+04; 7.261476e-01; 7.029864e+04; 7.755525e-01
3.120000e+00; 9.810001e+04; 8.017859e-01; 2.189014e+04; 7.271475e-01; 7.122952e+04; 7.764813e-01
3.125000e+00; 9.810001e+04; 8.019448e-01; 2.288988e+04; 7.281469e-01; 7.215295e+04; 7.774025e-01
3.130000e+00; 9.810000e+04; 8.020874e-01; 2.388964e+04; 7.291467e-01; 7.306830e+04; 7.783155e-01
3.135000e+00; 9.810000e+04; 8.022150e-01; 2.488937e+04; 7.301461e-01; 7.397492e+04; 7.792196e-01
3.140000e+00; 9.810000e+04; 8.023290e-01; 2.588912e+04; 7.311459e-01; 7.487212e+04; 7.801141e-01
3.145000e+00; 9.810000e+04; 8.024305e-01; 2.688884e+04; 7.321453e-01; 7.575919e+04; 7.809982e-01
3.150000e+00; 9.810000e+04; 8.025206e-01; 2.788857e+04; 7.331451e-01; 7.663540e+04; 7.818713e-01
3.155000e+00; 9.810000e+04; 8.026005e-01; 2.888826e+04; 7.341444e-01; 7.749999e+04; 7.827327e-01
3.160000e+00; 9.810000e+04; 8.026710e-01; 2.988796e+04; 7.351441e-01; 7.835220e+04; 7.835814e-01
3.165000e+00; 9.810000e+04; 8.027331e-01; 3.088762e+04; 7.361433e-01; 7.919125e+04; 7.844168e-01
3.170000e+00; 9.810000e+04; 8.027876e-01; 3.188728e+04; 7.371429e-01; 8.001637e+04; 7.852380e-01
3.175000e+00; 9.810000e+04; 8.028354e-01; 3.288689e+04; 7.381420e-01; 8.082678e+04; 7.860444e-01
3.180000e+00; 9.810000e+04; 8.028771e-01; 3.388648e+04; 7.391414e-01; 8.162172e+04; 7.868351e-01
3.185000e+00; 9.810000e+04; 8.029134e-01; 3.488602e+04; 7.401404e-01; 8.240046e+04; 7.876094e-01
3.190000e+00; 9.810000e+04; 8.029449e-01; 3.588553e+04; 7.411395e-01; 8.316225e+04; 7.883666e-01
3.195000e+00; 9.810000e+04; 8.029723e-01; 3.688497e+04; 7.421383e-01; 8.390641e+04; 7.891060e-01
3.200000e+00; 9.810000e+04; 8.029958e-01; 3.788435e+04; 7.431371e-01; 8.463227e+04; 7.898270e-01
3.205000e+00; 9.810000e+04; 8.030161e-01; 3.888364e+04; 7.441355e-01; 8.533921e+04; 7.905289e-01
3.210000e+00; 9.810000e+04; 8.030335e-01; 3.988285e+04; 7.451339e-01; 8.602665e+04; 7.912111e-01
3.215000e+00; 9.810000e+04; 8.030484e-01; 4.088193e+04; 7.461318e-01; 8.669406e+04; 7.918732e-01
3.220000e+00; 9.810000e+04; 8.030611e-01; 4.188090e+04; 7.471295e-01; 8.734095e+04; 7.925147e-01
3.225000e+00; 9.810000e+04; 8.030718e-01; 4.287969e+04; 7.481267e-01; 8.796690e+04; 7.931351e-01
3.230000e+00; 9.810000e+04; 8.030809e-01; 4.387832e+04; 7.491237e-01; 8.857155e+04; 7.937341e-01
3.235000e+00; 9.810000e+04; 8.030886e-01; 4.487672e+04; 7.501200e-01; 8.915459e+04; 7.943115e-01
3.240000e+00; 9.810000e+04; 8.030951e-01; 4.587489e+04; 7.511158e-01; 8.971577e+04; 7.948670e-01
3.245000e+00; 9.810000e+04; 8.031004e-01; 4.687275e+04; 7.521109e-01; 9.025492e+04; 7.954004e-01
3.250000e+00; 9.810000e+04; 8.031049e-01; 4.787030e+04; 7.531053e-01; 9.077194e+04; 7.959117e-01
3.255000e+00; 9.810000e+04; 8.031086e-01; 4.886745e+04; 7.540986e-01; 9.126678e+04; 7.964008e-01
3.260000e+00; 9.810000e+04; 8.031117e-01; 4.986417e+04; 7.550911e-01; 9.173946e+04; 7.968677e-01
3.265000e+00; 9.810000e+04; 8.031142e-01; 5.086037e+04; 7.560823e-01; 9.219008e+04; 7.973127e-01
3.270000e+00; 9.810000e+04; 8.031162e-01; 5.185601e+04; 7.570722e-01; 9.261880e+04; 7.977357e-01
3.275000e+00; 9.810000e+04; 8.031178e-01; 5.285098e+04; 7.580606e-01; 9.302584e+04; 7.981372e-01
3.280000e+00; 9.810000e+04; 8.031191e-01; 5.384522e+04; 7.590474e-01; 9.341149e+04; 7.985174e-01
3.285000e+00; 9.810000e+04; 8.031201e-01; 5.483860e+04; 7.600321e-01; 9.377610e+04; 7.988766e-01
3.290000e+00; 9.810000e+04; 8.031209e-01; 5.583104e+04; 7.610148e-01; 9.412008e+04; 7.992153e-01
3.295000e+00; 9.810000e+04; 8.031215e-01; 5.682240e+04; 7.619949e-01; 9.444387e+04; 7.995340e-01
3.300000e+00; 9.810000e+04; 8.031219e-01; 5.781257e+04; 7.629725e-01; 9.474800e+04; 7.998331e-01
3.305000e+00; 9.810000e+04; 8.031222e-01; 5.880138e+04; 7.639469e-01; 9.503302e+04; 8.001133e-01
3.310000e+00; 9.810000e+04; 8.031224e-01; 5.978869e+04; 7.649181e-01; 9.529953e+04; 8.003751e-01
3.315000e+00; 9.810000e+04; 8.031225e-01; 6.077430e+04; 7.658854e-01; 9.554816e+04; 8.006192e-01
3.320000e+00; 9.810000e+04; 8.031225e-01; 6.175805e+04; 7.668488e-01; 9.577958e+04; 8.008463e-01
3.325000e+00; 9.810000e+04; 8.031225e-01; 6.273969e+04; 7.678075e-01; 9.599447e+04; 8.010570e-01
3.330000e+00; 9.810000e+04; 8.031224e-01; 6.371902e+04; 7.687614e-01; 9.619356e+04; 8.012521e-01
3.335000e+00; 9.810000e+04; 8.031223e-01; 6.469576e+04; 7.697098e-01; 9.637756e+04; 8.014323e-01
3.340000e+00; 9.810000e+04; 8.031221e-01; 6.566963e+04; 7.706523e-01; 9.654722e+04; 8.015984e-01
3.345000e+00; 9.810000e+04; 8.031219e-01; 6.664033e+04; 7.715882e-01; 9.670328e+04; 8.017510e-01
3.350000e+00; 9.810000e+04; 8.031218e-01; 6.760753e+04; 7.725172e-01; 9.684649e+04; 8.018910e-01
3.355000e+00; 9.810000e+04; 8.031215e-01; 6.857083e+04; 7.734385e-01; 9.697759e+04; 8.020190e-01
3.360000e+00; 9.810000e+04; 8.031213e-01; 6.952986e+04; 7.743517e-01; 9.709731e+04; 8.021358e-01
3.365000e+00; 9.810000e+04; 8.031211e-01; 7.048416e+04; 7.752560e-01; 9.720638e+04; 8.022422e-01
3.370000e+00; 9.810000e+04; 8.031209e-01; 7.143328e+04; 7.761509e-01; 9.730549e+04; 8.023387e-01
3.375000e+00; 9.810000e+04; 8.031206e-01; 7.237670e+04; 7.770356e-01; 9.739534e+04; 8.024262e-01
3.380000e+00; 9.810000e+04; 8.031204e-01; 7.331389e+04; 7.779095e-01; 9.747660e+04; 8.025052e-01
3.385000e+00; 9.810000e+04; 8.031202e-01; 7.424427e+04; 7.787719e-01; 9.754990e+04; 8.025764e-01
3.390000e+00; 9.810000e+04; 8.031199e-01; 7.516723e+04; 7.796221e-01; 9.761587e+04; 8.026404e-01
3.395000e+00; 9.810000e+04; 8.031197e-01; 7.608213e+04; 7.804594e-01; 9.767509e+04; 8.026978e-01
3.400000e+00; 9.810000e+04; 8.031194e-01; 7.698829e+04; 7.812831e-01; 9.772812e+04; 8.027491e-01
3.405000e+00; 9.810000e+04; 8.031192e-01; 7.788503e+04; 7.820925e-01; 9.777550e+04; 8.027949e-01
3.410000e+00; 9.810000e+04; 8.031190e-01; 7.877162e+04; 7.828869e-01; 9.781774e+04; 8.028356e-01
3.415000e+00; 9.810000e+04; 8.031187e-01; 7.964733e+04; 7.836656e-01; 9.785529e+04; 8.028717e-01
3.420000e+00; 9.810000e+04; 8.031185e-01; 8.051141e+04; 7.844279e-01; 9.788861e+04; 8.029036e-01
3.425000e+00; 9.810000e+04; 8.031182e-01; 8.136309e+04; 7.851733e-01; 9.791810e+04; 8.029317e-01
3.430000e+00; 9.810000e+04; 8.031180e-01; 8.220162e+04; 7.859011e-01; 9.794416e+04; 8.029565e-01
3.435000e+00; 9.810000e+04; 8.031178e-01; 8.302624e+04; 7.866106e-01; 9.796714e+04; 8.029781e-01
3.440000e+00; 9.810000e+04; 8.031175e-01; 8.383618e+04; 7.873015e-01; 9.798737e+04; 8.029970e-01
3.445000e+00; 9.810000e+04; 8.031173e-01; 8.463072e+04; 7.879731e-01; 9.800516e+04; 8.030134e-01
3.450000e+00; 9.810000e+04; 8.031171e-01; 8.540913e+04; 7.886249e-01; 9.802078e+04; 8.030276e-01
3.455000e+00; 9.810000e+04; 8.031169e-01; 8.617072e+04; 7.892567e-01; 9.803450e+04; 8.030398e-01
3.460000e+00; 9.810000e+04; 8.031166e-01; 8.691481e+04; 7.898679e-01; 9.804655e+04; 8.030502e-01
3.465000e+00; 9.810000e+04; 8.031164e-01; 8.764077e+04; 7.904583e-01; 9.805715e+04; 8.030590e-01
3.470000e+00; 9.810000e+04; 8.031162e-01; 8.834801e+04; 7.910276e-01; 9.806649e+04; 8.030663e-01
3.475000e+00; 9.810000e+04; 8.031160e-01; 8.903596e+04; 7.915756e-01; 9.807477e+04; 8.030724e-01
3.480000e+00; 9.810000e+04; 8.031158e-01; 8.970414e+04; 7.921023e-01; 9.808214e+04; 8.030773e-01
3.485000e+00; 9.810000e+04; 8.031155e-01; 9.035206e+04; 7.926074e-01; 9.808877e+04; 8.030812e-01
3.490000e+00; 9.810000e+04; 8.031153e-01; 9.097934e+04; 7.930910e-01; 9.809479e+04; 8.030840e-01
3.495000e+00; 9.810000e+04; 8.031151e-01; 9.158562e+04; 7.935531e-01; 9.810034e+04; 8.030860e-01
3.500000e+00; 9.810000e+04; 8.031149e-01; 9.217061e+04; 7.939938e-01; 9.810554e+04; 8.030872e-01
3.505000e+00; 9.810000e+04; 8.031147e-01; 9.273409e+04; 7.944134e-01; 9.811051e+04; 8.030875e-01
3.510000e+00; 9.810000e+04; 8.031145e-01; 9.327588e+04; 7.948120e-01; 9.811535e+04; 8.030871e-01
3.515000e+00; 9.810000e+04; 8.031143e-01; 9.379588e+04; 7.951899e-01; 9.812017e+04; 8.030860e-01
3.520000e+00; 9.810000e+04; 8.031141e-01; 9.429406e+04; 7.955475e-01; 9.812507e+04; 8.030841e-01
3.525000e+00; 9.810000e+04; 8.031139e-01; 9.477043e+04; 7.958852e-01; 9.813015e+04; 8.030814e-01
3.530000e+00; 9.810000e+04; 8.031137e-01; 9.522509e+04; 7.962034e-01; 9.813550e+04; 8.030781e-01
3.535000e+00; 9.810000e+04; 8.031135e-01; 9.565818e+04; 7.965025e-01; 9.814122e+04; 8.030739e-01
3.540000e+00; 9.810000e+04; 8.031133e-01; 9.606991e+04; 7.967833e-01; 9.814740e+04; 8.030689e-01
3.545000e+00; 9.810000e+04; 8.031131e-01; 9.646055e+04; 7.970461e-01; 9.815414e+04; 8.030631e-01
3.550000e+00; 9.810000e+04; 8.031130e-01; 9.683045e+04; 7.972917e-01; 9.816154e+04; 8.030563e-01
3.555000e+00; 9.810000e+04; 8.031128e-01; 9.717996e+04; 7.975206e-01; 9.816967e+04; 8.030486e-01
3.560000e+00; 9.810000e+04; 8.031126e-01; 9.750954e+04; 7.977336e-01; 9.817866e+04; 8.030399e-01
3.565000e+00; 9.810000e+04; 8.031124e-01; 9.781965e+04; 7.979312e-01; 9.818858e+04; 8.030301e-01
3.570000e+00; 9.810000e+04; 8.031122e-01; 9.811084e+04; 7.981142e-01; 9.819955e+04; 8.030190e-01
3.575000e+00; 9.810000e+04; 8.031120e-01; 9.838365e+04; 7.982832e-01; 9.821166e+04; 8.030068e-01
3.580000e+00; 9.810000e+04; 8.031118e-01; 9.863870e+04; 7.984391e-01; 9.822501e+04; 8.029932e-01
3.585000e+00; 9.810000e+04; 8.031116e-01; 9.887661e+04; 7.985825e-01; 9.823970e+04; 8.029781e-01
3.590000e+00; 9.810000e+04; 8.031115e-01; 9.909804e+04; 7.987140e-01; 9.825582e+04; 8.029616e-01
3.595000e+00; 9.810000e+04; 8.031113e-01; 9.930366e+04; 7.988345e-01; 9.827348e+04; 8.029434e-01
3.600000e+00; 9.810000e+04; 8.031111e-01; 9.949418e+04; 7.989445e-01; 9.829277e+04; 8.029236e-01
3.605000e+00; 9.810000e+04; 8.031109e-01; 9.967029e+04; 7.990448e-01; 9.831377e+04; 8.029020e-01
3.610000e+00; 9.810000e+04; 8.031107e-01; 9.983271e+04; 7.991359e-01; 9.833657e+04; 8.028785e-01
3.615000e+00; 9.810000e+04; 8.031105e-01; 9.998215e+04; 7.992187e-01; 9.836126e+04; 8.028532e-01
3.620000e+00; 9.810000e+04; 8.031102e-01; 1.001193e+05; 7.992935e-01; 9.838789e+04; 8.028258e-01
3.625000e+00; 9.810000e+04; 8.031100e-01; 1.002449e+05; 7.993612e-01; 9.841654e+04; 8.027965e-01
3.630000e+00; 9.810000e+04; 8.031097e-01; 1.003597e+05; 7.994221e-01; 9.844725e+04; 8.027650e-01
3.635000e+00; 9.810000e+04; 8.031095e-01; 1.004643e+05; 7.994769e-01; 9.848008e+04; 8.027314e-01
3.640000e+00; 9.810000e+04; 8.031092e-01; 1.006062e+05; 7.994577e-01; 9.851506e+04; 8.026957e-01
3.645000e+00; 9.810000e+04; 8.031089e-01; 1.006877e+05; 7.995486e-01; 9.855222e+04; 8.026577e-01
3.650000e+00; 9.810000e+04; 8.031085e-01; 1.007577e+05; 7.995601e-01; 9.859156e+04; 8.026176e-01
3.655000e+00; 9.810000e+04; 8.031081e-01; 1.008321e+05; 7.996192e-01; 9.863308e+04; 8.025753e-01
3.660000e+00; 9.810000e+04; 8.031077e-01; 1.008819e+05; 7.996441e-01; 9.867677e+04; 8.025308e-01
3.665000e+00; 9.810000e+04; 8.031072e-01; 1.009476e+05; 7.996733e-01; 9.872260e+04; 8.024842e-01
3.670000e+00; 9.810000e+04; 8.031067e-01; 1.009833e+05; 7.997119e-01; 9.877054e+04; 8.024356e-01
3.675000e+00; 9.810000e+04; 8.031060e-01; 1.010383e+05; 7.997162e-01; 9.882053e+04; 8.023848e-01
3.680000e+00; 9.810000e+04; 8.031053e-01; 1.010660e+05; 7.997635e-01; 9.887250e+04; 8.023321e-01
3.685000e+00; 9.810000e+04; 8.031045e-01; 1.011083e+05; 7.997526e-01; 9.892639e+04; 8.022776e-01
3.690000e+00; 9.810000e+04; 8.031036e-01; 1.011327e+05; 7.997999e-01; 9.898209e+04; 8.022212e-01
3.695000e+00; 9.810000e+04; 8.031025e-01; 1.011619e+05; 7.997851e-01; 9.903952e+04; 8.021631e-01
3.700000e+00; 9.810000e+04; 8.031013e-01; 1.011857e+05; 7.998234e-01; 9.909855e+04; 8.021035e-01
3.705000e+00; 9.810000e+04; 8.030999e-01; 1.012029e+05; 7.998145e-01; 9.915906e+04; 8.020424e-01
3.710000e+00; 9.810000e+04; 8.030982e-01; 1.012266e+05; 7.998374e-01; 9.922092e+04; 8.019800e-01
3.715000e+00; 9.810000e+04; 8.030963e-01; 1.012348e+05; 7.998401e-01; 9.928400e+04; 8.019164e-01
3.720000e+00; 9.810000e+04; 8.030942e-01; 1.012571e+05; 7.998457e-01; 9.934814e+04; 8.018518e-01
3.725000e+00; 9.810000e+04; 8.030917e-01; 1.012600e+05; 7.998607e-01; 9.941318e+04; 8.017864e-01
3.730000e+00; 9.810000e+04; 8.030889e-01; 1.012788e+05; 7.998518e-01; 9.947896e+04; 8.017202e-01
3.735000e+00; 9.810000e+04; 8.030856e-01; 1.012802e+05; 7.998753e-01; 9.954532e+04; 8.016536e-01
3.740000e+00; 9.810000e+04; 8.030819e-01; 1.012938e+05; 7.998580e-01; 9.961209e+04; 8.015865e-01
3.745000e+00; 9.810000e+04; 8.030776e-01; 1.012964e+05; 7.998835e-01; 9.967909e+04; 8.015193e-01
3.750000e+00; 9.810000e+04; 8.030728e-01; 1.013038e+05; 7.998656e-01; 9.974614e+04; 8.014520e-01
3.755000e+00; 9.810000e+04; 8.030673e-01; 1.013089e+05; 7.998863e-01; 9.981307e+04; 8.013850e-01
3.760000e+00; 9.810000e+04; 8.030610e-01; 1.013106e+05; 7.998744e-01; 9.987970e+04; 8.013182e-01
3.765000e+00; 9.810000e+04; 8.030538e-01; 1.013181e+05; 7.998854e-01; 9.994587e+04; 8.012520e-01
3.770000e+00; 9.810000e+04; 8.030458e-01; 1.013156e+05; 7.998831e-01; 1.000114e+05; 8.011865e-01
3.775000e+00; 9.810000e+04; 8.030367e-01; 1.013241e+05; 7.998829e-01; 1.000761e+05; 8.011218e-01
3.780000e+00; 9.810000e+04; 8.030264e-01; 1.013198e+05; 7.998904e-01; 1.001399e+05; 8.010581e-01
3.785000e+00; 9.810000e+04; 8.030149e-01; 1.013275e+05; 7.998808e-01; 1.002026e+05; 8.009955e-01
3.790000e+00; 9.810000e+04; 8.030020e-01; 1.013236e+05; 7.998950e-01; 1.002640e+05; 8.009343e-01
3.795000e+00; 9.810000e+04; 8.029875e-01; 1.013288e+05; 7.998805e-01; 1.003240e+05; 8.008744e-01
3.800000e+00; 9.810000e+04; 8.029714e-01; 1.013270e+05; 7.998966e-01; 1.003825e+05; 8.008161e-01
3.805000e+00; 9.810000e+04; 8.029535e-01; 1.013289e+05; 7.998823e-01; 1.004394e+05; 8.007595e-01
3.810000e+00; 9.810000e+04; 8.029336e-01; 1.013298e+05; 7.998954e-01; 1.004946e+05; 8.007046e-01
3.815000e+00; 9.810000e+04; 8.029116e-01; 1.013285e+05; 7.998858e-01; 1.005479e+05; 8.006515e-01
3.820000e+00; 9.810000e+04; 8.028873e-01; 1.013317e+05; 7.998924e-01; 1.005994e+05; 8.006003e-01
3.825000e+00; 9.810000e+04; 8.028606e-01; 1.013281e+05; 7.998899e-01; 1.006490e+05; 8.005510e-01
3.830000e+00; 9.810000e+04; 8.028312e-01; 1.013326e+05; 7.998889e-01; 1.006966e+05; 8.005037e-01
3.835000e+00; 9.810000e+04; 8.027991e-01; 1.013282e+05; 7.998936e-01; 1.007422e+05; 8.004583e-01
3.840000e+00; 9.810000e+04; 8.027641e-01; 1.013325e+05; 7.998862e-01; 1.007860e+05; 8.004149e-01
3.845000e+00; 9.810000e+04; 8.027260e-01; 1.013288e+05; 7.998958e-01; 1.008277e+05; 8.003734e-01
3.850000e+00; 9.810000e+04; 8.026846e-01; 1.013317e+05; 7.998850e-01; 1.008677e+05; 8.003337e-01
3.855000e+00; 9.810000e+04; 8.026398e-01; 1.013297e+05; 7.998961e-01; 1.009057e+05; 8.002959e-01
3.860000e+00; 9.810000e+04; 8.025916e-01; 1.013304e+05; 7.998857e-01; 1.009420e+05; 8.002598e-01
3.865000e+00; 9.810000e+04; 8.025396e-01; 1.013306e+05; 7.998947e-01; 1.009765e+05; 8.002255e-01
3.870000e+00; 9.810000e+04; 8.024840e-01; 1.013291e+05; 7.998878e-01; 1.010093e+05; 8.001929e-01
3.875000e+00; 9.810000e+04; 8.024244e-01; 1.013311e+05; 7.998922e-01; 1.010402e+05; 8.001622e-01
3.880000e+00; 9.810000e+04; 8.023610e-01; 1.013282e+05; 7.998904e-01; 1.010693e+05; 8.001332e-01
3.885000e+00; 9.810000e+04; 8.022935e-01; 1.013311e+05; 7.998894e-01; 1.010965e+05; 8.001062e-01
3.890000e+00; 9.810000e+04; 8.022219e-01; 1.013277e+05; 7.998928e-01; 1.011217e+05; 8.000811e-01
3.895000e+00; 9.810000e+04; 8.021463e-01; 1.013306e+05; 7.998873e-01; 1.011449e+05; 8.000581e-01
3.900000e+00; 9.810000e+04; 8.020666e-01; 1.013278e+05; 7.998942e-01; 1.011659e+05; 8.000371e-01
3.905000e+00; 9.810000e+04; 8.019829e-01; 1.013296e+05; 7.998865e-01; 1.011849e+05; 8.000182e-01
3.910000e+00; 9.810000e+04; 8.018951e-01; 1.013281e+05; 7.998943e-01; 1.012019e+05; 8.000012e-01
3.915000e+00; 9.810000e+04; 8.018033e-01; 1.013284e+05; 7.998869e-01; 1.012168e+05; 7.999861e-01
3.920000e+00; 9.810000e+04; 8.017077e-01; 1.013285e+05; 7.998932e-01; 1.012300e+05; 7.999726e-01
3.925000e+00; 9.810000e+04; 8.016083e-01; 1.013273e+05; 7.998883e-01; 1.012415e+05; 7.999607e-01
3.930000e+00; 9.810000e+04; 8.015052e-01; 1.013287e+05; 7.998913e-01; 1.012514e+05; 7.999502e-01
3.935000e+00; 9.810000e+04; 8.013986e-01; 1.013265e+05; 7.998902e-01; 1.012600e+05; 7.999408e-01
3.940000e+00; 9.810000e+04; 8.012888e-01; 1.013285e+05; 7.998894e-01; 1.012674e+05; 7.999325e-01
3.945000e+00; 9.810000e+04; 8.011757e-01; 1.013260e+05; 7.998919e-01; 1.012738e+05; 7.999251e-01
3.950000e+00; 9.810000e+04; 8.010598e-01; 1.013280e+05; 7.998879e-01; 1.012792e+05; 7.999183e-01
3.955000e+00; 9.810000e+04; 8.009412e-01; 1.013259e+05; 7.998929e-01; 1.012837e+05; 7.999122e-01
3.960000e+00; 9.810000e+04; 8.008201e-01; 1.013271e+05; 7.998873e-01; 1.012874e+05; 7.999066e-01
3.965000e+00; 9.810000e+04; 8.006969e-01; 1.013260e+05; 7.998929e-01; 1.012905e+05; 7.999013e-01
3.970000e+00; 9.810000e+04; 8.005718e-01; 1.013262e+05; 7.998877e-01; 1.012928e+05; 7.998964e-01
3.975000e+00; 9.810000e+04; 8.004450e-01; 1.013262e+05; 7.998921e-01; 1.012945e+05; 7.998918e-01
3.980000e+00; 9.810000e+04; 8.003170e-01; 1.013252e+05; 7.998887e-01; 1.012956e+05; 7.998873e-01
3.985000e+00; 9.810000e+04; 8.001880e-01; 1.013262e+05; 7.998908e-01; 1.012962e+05; 7.998829e-01
3.990000e+00; 9.810000e+04; 8.000583e-01; 1.013245e+05; 7.998901e-01; 1.012961e+05; 7.998786e-01
3.995000e+00; 9.810000e+04; 7.999282e-01; 1.013259e+05; 7.998895e-01; 1.012955e+05; 7.998742e-01
4.000000e+00; 9.810000e+04; 7.997981e-01; 1.013241e+05; 7.998913e-01; 1.012942e+05; 7.998698e-01
4.005000e+00; 9.810000e+04; 7.996683e-01; 1.013254e+05; 7.998885e-01; 1.012924e+05; 7.998652e-01
4.010000e+00; 9.810000e+04; 7.995391e-01; 1.013239e+05; 7.998920e-01; 1.012900e+05; 7.998603e-01
4.015000e+00; 9.810000e+04; 7.994108e-01; 1.013247e+05; 7.998881e-01; 1.012870e+05; 7.998551e-01
4.020000e+00; 9.810000e+04; 7.992838e-01; 1.013238e+05; 7.998921e-01; 1.012832e+05; 7.998496e-01
4.025000e+00; 9.810000e+04; 7.991582e-01; 1.013238e+05; 7.998884e-01; 1.012789e+05; 7.998437e-01
4.030000e+00; 9.810000e+04; 7.990345e-01; 1.013238e+05; 7.998916e-01; 1.012737e+05; 7.998372e-01
4.035000e+00; 9.810000e+04; 7.989128e-01; 1.013231e+05; 7.998892e-01; 1.012679e+05; 7.998301e-01
4.040000e+00; 9.810000e+04; 7.987935e-01; 1.013236e+05; 7.998907e-01; 1.012612e+05; 7.998224e-01
4.045000e+00; 9.810000e+04; 7.986767e-01; 1.013224e+05; 7.998902e-01; 1.012536e+05; 7.998140e-01
4.050000e+00; 9.810000e+04; 7.985627e-01; 1.013233e+05; 7.998898e-01; 1.012452e+05; 7.998047e-01
4.055000e+00; 9.810000e+04; 7.984516e-01; 1.013219e+05; 7.998912e-01; 1.012357e+05; 7.997946e-01
4.060000e+00; 9.810000e+04; 7.983437e-01; 1.013228e+05; 7.998892e-01; 1.012252e+05; 7.997835e-01
4.065000e+00; 9.810000e+04; 7.982391e-01; 1.013216e+05; 7.998917e-01; 1.012136e+05; 7.997714e-01
4.070000e+00; 9.810000e+04; 7.981378e-01; 1.013221e+05; 7.998890e-01; 1.012009e+05; 7.997581e-01
4.075000e+00; 9.810000e+04; 7.980400e-01; 1.013214e+05; 7.998919e-01; 1.011869e+05; 7.997437e-01
4.080000e+00; 9.810000e+04; 7.979458e-01; 1.013213e+05; 7.998893e-01; 1.011716e+05; 7.997279e-01
4.085000e+00; 9.810000e+04; 7.978553e-01; 1.013211e+05; 7.998916e-01; 1.011549e+05; 7.997108e-01
4.090000e+00; 9.810000e+04; 7.977683e-01; 1.013205e+05; 7.998900e-01; 1.011368e+05; 7.996923e-01
4.095000e+00; 9.810000e+04; 7.976851e-01; 1.013207e+05; 7.998911e-01; 1.011171e+05; 7.996723e-01
4.100000e+00; 9.810000e+04; 7.976055e-01; 1.013197e+05; 7.998909e-01; 1.010959e+05; 7.996507e-01
4.105000e+00; 9.810000e+04; 7.975297e-01; 1.013201e+05; 7.998906e-01; 1.010731e+05; 7.996275e-01
4.110000e+00; 9.810000e+04; 7.974576e-01; 1.013189e+05; 7.998917e-01; 1.010485e+05; 7.996026e-01
4.115000e+00; 9.810000e+04; 7.973892e-01; 1.013193e+05; 7.998904e-01; 1.010223e+05; 7.995760e-01
4.120000e+00; 9.810000e+04; 7.973245e-01; 1.013181e+05; 7.998924e-01; 1.009942e+05; 7.995476e-01
4.125000e+00; 9.810000e+04; 7.972636e-01; 1.013181e+05; 7.998906e-01; 1.009643e+05; 7.995173e-01
4.130000e+00; 9.810000e+04; 7.972064e-01; 1.013172e+05; 7.998928e-01; 1.009325e+05; 7.994852e-01
4.135000e+00; 9.810000e+04; 7.971530e-01; 1.013167e+05; 7.998913e-01; 1.008989e+05; 7.994512e-01
4.140000e+00; 9.810000e+04; 7.971032e-01; 1.013161e+05; 7.998931e-01; 1.008633e+05; 7.994153e-01
4.145000e+00; 9.810000e+04; 7.970572e-01; 1.013150e+05; 7.998923e-01; 1.008258e+05; 7.993775e-01
4.150000e+00; 9.810000e+04; 7.970147e-01; 1.013145e+05; 7.998934e-01; 1.007864e+05; 7.993378e-01
4.155000e+00; 9.810000e+04; 7.969757e-01; 1.013129e+05; 7.998937e-01; 1.007451e+05; 7.992961e-01
4.160000e+00; 9.810000e+04; 7.969402e-01; 1.013123e+05; 7.998939e-01; 1.007019e+05; 7.992526e-01
4.165000e+00; 9.810000e+04; 7.969079e-01; 1.013103e+05; 7.998953e-01; 1.006568e+05; 7.992073e-01
4.170000e+00; 9.810000e+04; 7.968788e-01; 1.013093e+05; 7.998950e-01; 1.006100e+05; 7.991601e-01
4.175000e+00; 9.810000e+04; 7.968526e-01; 1.013070e+05; 7.998971e-01; 1.005613e+05; 7.991112e-01
4.180000e+00; 9.810000e+04; 7.968291e-01; 1.013053e+05; 7.998967e-01; 1.005110e+05; 7.990606e-01
4.185000e+00; 9.810000e+04; 7.968082e-01; 1.013027e+05; 7.998992e-01; 1.004590e+05; 7.990084e-01
4.190000e+00; 9.810000e+04; 7.967896e-01; 1.013000e+05; 7.998992e-01; 1.004054e+05; 7.989547e-01
4.195000e+00; 9.810000e+04; 7.967731e-01; 1.012970e+05; 7.999018e-01; 1.003504e+05; 7.988995e-01
4.200000e+00; 9.810000e+04; 7.967585e-01; 1.012932e+05; 7.999027e-01; 1.002940e+05; 7.988430e-01
4.205000e+00; 9.810000e+04; 7.967456e-01; 1.012894e+05; 7.999052e-01; 1.002364e+05; 7.987852e-01
4.210000e+00; 9.810000e+04; 7.967343e-01; 1.012844e+05; 7.999074e-01; 1.001776e+05; 7.987263e-01
4.215000e+00; 9.810000e+04; 7.967244e-01; 1.012795e+05; 7.999098e-01; 1.001177e+05; 7.986665e-01
4.220000e+00; 9.810000e+04; 7.967156e-01; 1.012730e+05; 7.999133e-01; 1.000570e+05; 7.986057e-01
4.225000e+00; 9.810000e+04; 7.967080e-01; 1.012664e+05; 7.999159e-01; 9.999546e+04; 7.985442e-01
4.230000e+00; 9.810000e+04; 7.967013e-01; 1.012582e+05; 7.999208e-01; 9.993332e+04; 7.984822e-01
4.235000e+00; 9.810000e+04; 7.966954e-01; 1.012495e+05; 7.999242e-01; 9.987069e+04; 7.984196e-01
4.240000e+00; 9.810000e+04; 7.966903e-01; 1.012392e+05; 7.999303e-01; 9.980771e+04; 7.983568e-01
4.245000e+00; 9.810000e+04; 7.966858e-01; 1.012278e+05; 7.999351e-01; 9.974452e+04; 7.982938e-01
4.250000e+00; 9.810000e+04; 7.966820e-01; 1.012149e+05; 7.999424e-01; 9.968129e+04; 7.982308e-01
4.255000e+00; 9.810000e+04; 7.966786e-01; 1.012001e+05; 7.999492e-01; 9.961815e+04; 7.981679e-01
4.260000e+00; 9.810000e+04; 7.966757e-01; 1.011839e+05; 7.999579e-01; 9.955524e+04; 7.981053e-01
4.265000e+00; 9.810000e+04; 7.966732e-01; 1.011652e+05; 7.999672e-01; 9.949272e+04; 7.980432e-01
4.270000e+00; 9.810000e+04; 7.966710e-01; 1.011448e+05; 7.999776e-01; 9.943072e+04; 7.979815e-01
4.275000e+00; 9.810000e+04; 7.966692e-01; 1.011213e+05; 7.999899e-01; 9.936938e+04; 7.979206e-01
4.280000e+00; 9.810000e+04; 7.966676e-01; 1.010956e+05; 8.000027e-01; 9.930882e+04; 7.978605e-01
4.285000e+00; 9.810000e+04; 7.966663e-01; 1.010665e+05; 8.000184e-01; 9.924917e+04; 7.978014e-01
4.290000e+00; 9.810000e+04; 7.966652e-01; 1.010346e+05; 8.000344e-01; 9.919055e+04; 7.977433e-01
4.295000e+00; 9.810000e+04; 7.966642e-01; 1.009988e+05; 8.000539e-01; 9.913307e+04; 7.976864e-01
4.300000e+00; 9.810000e+04; 7.966634e-01; 1.009592e+05; 8.000741e-01; 9.907683e+04; 7.976307e-01
4.305000e+00; 9.810000e+04; 7.966628e-01; 1.009155e+05; 8.000980e-01; 9.902191e+04; 7.975764e-01
4.310000e+00; 9.810000e+04; 7.966623e-01; 1.008670e+05; 8.001235e-01; 9.896841e+04; 7.975236e-01
4.315000e+00; 9.810000e+04; 7.966618e-01; 1.008138e+05; 8.001525e-01; 9.891639e+04; 7.974723e-01
4.320000e+00; 9.810000e+04; 7.966615e-01; 1.007549e+05; 8.001844e-01; 9.886593e+04; 7.974225e-01
4.325000e+00; 9.810000e+04; 7.966612e-01; 1.006907e+05; 8.002196e-01; 9.881707e+04; 7.973744e-01
4.330000e+00; 9.810000e+04; 7.966610e-01; 1.006199e+05; 8.002589e-01; 9.876986e+04; 7.973280e-01
4.335000e+00; 9.810000e+04; 7.966609e-01; 1.005428e+05; 8.003016e-01; 9.872435e+04; 7.972833e-01
4.340000e+00; 9.810000e+04; 7.966608e-01; 1.004583e+05; 8.003495e-01; 9.868057e+04; 7.972404e-01
4.345000e+00; 9.810000e+04; 7.966608e-01; 1.003664e+05; 8.004012e-01; 9.863853e+04; 7.971993e-01
4.350000e+00; 9.810000e+04; 7.966607e-01; 1.002663e+05; 8.004591e-01; 9.859826e+04; 7.971600e-01
4.355000e+00; 9.810000e+04; 7.966607e-01; 1.001841e+05; 8.004831e-01; 9.855977e+04; 7.971226e-01
4.360000e+00; 9.810000e+04; 7.966608e-01; 1.000572e+05; 8.005882e-01; 9.852307e+04; 7.970869e-01
4.365000e+00; 9.810000e+04; 7.966608e-01; 9.993425e+04; 8.006289e-01; 9.848815e+04; 7.970532e-01
4.370000e+00; 9.810000e+04; 7.966609e-01; 9.979958e+04; 8.007367e-01; 9.845501e+04; 7.970213e-01
4.375000e+00; 9.810000e+04; 7.966610e-01; 9.969950e+04; 8.007300e-01; 9.842364e+04; 7.969913e-01
4.380000e+00; 9.810000e+04; 7.966611e-01; 9.954900e+04; 8.008809e-01; 9.839401e+04; 7.969631e-01
4.385000e+00; 9.810000e+04; 7.966612e-01; 9.938019e+04; 8.009289e-01; 9.836611e+04; 7.969368e-01
4.390000e+00; 9.810000e+04; 7.966614e-01; 9.920572e+04; 8.010847e-01; 9.833989e+04; 7.969123e-01
4.395000e+00; 9.810000e+04; 7.966615e-01; 9.901281e+04; 8.011576e-01; 9.831531e+04; 7.968897e-01
4.400000e+00; 9.810000e+04; 7.966617e-01; 9.881226e+04; 8.013269e-01; 9.829233e+04; 7.968688e-01
4.405000e+00; 9.810000e+04; 7.966618e-01; 9.859278e+04; 8.014242e-01; 9.827088e+04; 7.968497e-01
4.410000e+00; 9.810000e+04; 7.966620e-01; 9.836411e+04; 8.016108e-01; 9.825089e+04; 7.968324e-01
4.415000e+00; 9.810000e+04; 7.966621e-01; 9.811595e+04; 8.017336e-01; 9.823229e+04; 7.968167e-01
4.420000e+00; 9.810000e+04; 7.966623e-01; 9.785719e+04; 8.019404e-01; 9.821499e+04; 7.968027e-01
4.425000e+00; 9.810000e+04; 7.966624e-01; 9.757835e+04; 8.020906e-01; 9.819888e+04; 7.967902e-01
4.430000e+00; 9.810000e+04; 7.966626e-01; 9.728766e+04; 8.023203e-01; 9.818386e+04; 7.967794e-01
4.435000e+00; 9.810000e+04; 7.966628e-01; 9.697635e+04; 8.024997e-01; 9.816983e+04; 7.967701e-01
4.440000e+00; 9.810000e+04; 7.966630e-01; 9.665204e+04; 8.027548e-01; 9.815666e+04; 7.967622e-01
4.445000e+00; 9.810000e+04; 7.966632e-01; 9.630666e+04; 8.029654e-01; 9.814422e+04; 7.967557e-01
4.450000e+00; 9.810000e+04; 7.966633e-01; 9.594730e+04; 8.032482e-01; 9.813240e+04; 7.967507e-01
4.455000e+00; 9.810000e+04; 7.966635e-01; 9.556651e+04; 8.034918e-01; 9.812104e+04; 7.967470e-01
4.460000e+00; 9.810000e+04; 7.966637e-01; 9.517090e+04; 8.038044e-01; 9.811002e+04; 7.967447e-01
4.465000e+00; 9.810000e+04; 7.966639e-01; 9.475363e+04; 8.040829e-01; 9.809920e+04; 7.967438e-01
4.470000e+00; 9.810000e+04; 7.966641e-01; 9.432089e+04; 8.044273e-01; 9.808842e+04; 7.967441e-01
4.475000e+00; 9.810000e+04; 7.966643e-01; 9.386639e+04; 8.047420e-01; 9.807755e+04; 7.967459e-01
4.480000e+00; 9.810000e+04; 7.966645e-01; 9.339592e+04; 8.051198e-01; 9.806643e+04; 7.967490e-01
4.485000e+00; 9.810000e+04; 7.966647e-01; 9.290376e+04; 8.054721e-01; 9.805490e+04; 7.967535e-01
4.490000e+00; 9.810000e+04; 7.966649e-01; 9.239533e+04; 8.058848e-01; 9.804282e+04; 7.967595e-01
4.495000e+00; 9.810000e+04; 7.966651e-01; 9.186540e+04; 8.062756e-01; 9.803001e+04; 7.967670e-01
4.500000e+00; 9.810000e+04; 7.966653e-01; 9.131911e+04; 8.067242e-01; 9.801631e+04; 7.967762e-01
4.505000e+00; 9.810000e+04; 7.966656e-01; 9.075166e+04; 8.071543e-01; 9.800154e+04; 7.967871e-01
4.510000e+00; 9.810000e+04; 7.966658e-01; 9.016791e+04; 8.076395e-01; 9.798552e+04; 7.967999e-01
4.515000e+00; 9.810000e+04; 7.966660e-01; 8.956351e+04; 8.081091e-01; 9.796806e+04; 7.968146e-01
4.520000e+00; 9.810000e+04; 7.966663e-01; 8.894306e+04; 8.086314e-01; 9.794896e+04; 7.968314e-01
4.525000e+00; 9.810000e+04; 7.966665e-01; 8.830260e+04; 8.091405e-01; 9.792800e+04; 7.968505e-01
4.530000e+00; 9.810000e+04; 7.966667e-01; 8.764647e+04; 8.096998e-01; 9.790498e+04; 7.968721e-01
4.535000e+00; 9.810000e+04; 7.966670e-01; 8.697112e+04; 8.102482e-01; 9.787966e+04; 7.968963e-01
4.540000e+00; 9.810000e+04; 7.966673e-01; 8.628065e+04; 8.108441e-01; 9.785180e+04; 7.969233e-01
4.545000e+00; 9.810000e+04; 7.966676e-01; 8.557184e+04; 8.114310e-01; 9.782118e+04; 7.969535e-01
4.550000e+00; 9.810000e+04; 7.966678e-01; 8.484858e+04; 8.120629e-01; 9.778753e+04; 7.969868e-01
4.555000e+00; 9.810000e+04; 7.966682e-01; 8.410797e+04; 8.126873e-01; 9.775062e+04; 7.970237e-01
4.560000e+00; 9.810000e+04; 7.966685e-01; 8.335368e+04; 8.133542e-01; 9.771019e+04; 7.970643e-01
4.565000e+00; 9.810000e+04; 7.966688e-01; 8.258311e+04; 8.140148e-01; 9.766598e+04; 7.971089e-01
4.570000e+00; 9.810000e+04; 7.966692e-01; 8.179974e+04; 8.147154e-01; 9.761776e+04; 7.971577e-01
4.575000e+00; 9.810000e+04; 7.966696e-01; 8.100121e+04; 8.154106e-01; 9.756526e+04; 7.972109e-01
4.580000e+00; 9.810000e+04; 7.966700e-01; 8.019083e+04; 8.161433e-01; 9.750821e+04; 7.972688e-01
4.585000e+00; 9.810000e+04; 7.966705e-01; 7.936646e+04; 8.168714e-01; 9.744634e+04; 7.973317e-01
4.590000e+00; 9.810000e+04; 7.966710e-01; 7.853122e+04; 8.176345e-01; 9.737935e+04; 7.973999e-01
4.595000e+00; 9.810000e+04; 7.966716e-01; 7.768321e+04; 8.183934e-01; 9.730687e+04; 7.974736e-01
4.600000e+00; 9.810000e+04; 7.966722e-01; 7.682535e+04; 8.191849e-01; 9.722853e+04; 7.975535e-01
4.605000e+00; 9.810000e+04; 7.966729e-01; 7.595591e+04; 8.199726e-01; 9.714387e+04; 7.976397e-01
4.610000e+00; 9.810000e+04; 7.966737e-01; 7.507767e+04; 8.207905e-01; 9.705238e+04; 7.977330e-01
4.615000e+00; 9.810000e+04; 7.966746e-01; 7.418905e+04; 8.216048e-01; 9.695352e+04; 7.978339e-01
4.620000e+00; 9.810000e+04; 7.966756e-01; 7.329264e+04; 8.224469e-01; 9.684667e+04; 7.979429e-01
4.625000e+00; 9.810000e+04; 7.966768e-01; 7.238702e+04; 8.232855e-01; 9.673120e+04; 7.980607e-01
4.630000e+00; 9.810000e+04; 7.966781e-01; 7.147460e+04; 8.241497e-01; 9.660645e+04; 7.981880e-01
4.635000e+00; 9.810000e+04; 7.966795e-01; 7.055408e+04; 8.250104e-01; 9.647178e+04; 7.983253e-01
4.640000e+00; 9.810000e+04; 7.966812e-01; 6.962771e+04; 8.258945e-01; 9.632657e+04; 7.984734e-01
4.645000e+00; 9.810000e+04; 7.966831e-01; 6.869428e+04; 8.267750e-01; 9.617021e+04; 7.986328e-01
4.650000e+00; 9.810000e+04; 7.966853e-01; 6.775586e+04; 8.276770e-01; 9.600216e+04; 7.988040e-01
4.655000e+00; 9.810000e+04; 7.966877e-01; 6.681134e+04; 8.285752e-01; 9.582189e+04; 7.989876e-01
4.660000e+00; 9.810000e+04; 7.966906e-01; 6.586262e+04; 8.294929e-01; 9.562892e+04; 7.991840e-01
4.665000e+00; 9.810000e+04; 7.966938e-01; 6.490865e+04; 8.304068e-01; 9.542278e+04; 7.993936e-01
4.670000e+00; 9.810000e+04; 7.966975e-01; 6.395120e+04; 8.313384e-01; 9.520303e+04; 7.996170e-01
4.675000e+00; 9.810000e+04; 7.967017e-01; 6.298925e+04; 8.322660e-01; 9.496924e+04; 7.998546e-01
4.680000e+00; 9.810000e+04; 7.967065e-01; 6.202443e+04; 8.332096e-01; 9.472099e+04; 8.001067e-01
4.685000e+00; 9.810000e+04; 7.967120e-01; 6.105577e+04; 8.341491e-01; 9.445787e+04; 8.003738e-01
4.690000e+00; 9.810000e+04; 7.967182e-01; 6.008474e+04; 8.351030e-01; 9.417946e+04; 8.006563e-01
4.695000e+00; 9.810000e+04; 7.967252e-01; 5.911046e+04; 8.360528e-01; 9.388539e+04; 8.009545e-01
4.700000e+00; 9.810000e+04; 7.967333e-01; 5.813424e+04; 8.370156e-01; 9.357527e+04; 8.012689e-01
4.705000e+00; 9.810000e+04; 7.967424e-01; 5.715525e+04; 8.379742e-01; 9.324874e+04; 8.015998e-01
4.710000e+00; 9.810000e+04; 7.967527e-01; 5.617470e+04; 8.389444e-01; 9.290547e+04; 8.019475e-01
4.715000e+00; 9.810000e+04; 7.967644e-01; 5.519177e+04; 8.399104e-01; 9.254515e+04; 8.023124e-01
4.720000e+00; 9.810000e+04; 7.967775e-01; 5.420760e+04; 8.408869e-01; 9.216749e+04; 8.026946e-01
4.725000e+00; 9.810000e+04; 7.967924e-01; 5.322140e+04; 8.418591e-01; 9.177224e+04; 8.030945e-01
4.730000e+00; 9.810000e+04; 7.968091e-01; 5.223420e+04; 8.428408e-01; 9.135920e+04; 8.035122e-01
4.735000e+00; 9.810000e+04; 7.968280e-01; 5.124528e+04; 8.438183e-01; 9.092818e+04; 8.039480e-01
4.740000e+00; 9.810000e+04; 7.968491e-01; 5.025557e+04; 8.448042e-01; 9.047903e+04; 8.044019e-01
4.745000e+00; 9.810000e+04; 7.968728e-01; 4.926440e+04; 8.457859e-01; 9.001165e+04; 8.048741e-01
4.750000e+00; 9.810000e+04; 7.968993e-01; 4.827263e+04; 8.467753e-01; 8.952597e+04; 8.053646e-01
4.755000e+00; 9.810000e+04; 7.969289e-01; 4.727960e+04; 8.477606e-01; 8.902196e+04; 8.058734e-01
4.760000e+00; 9.810000e+04; 7.969618e-01; 4.628613e+04; 8.487527e-01; 8.849963e+04; 8.064006e-01
4.765000e+00; 9.810000e+04; 7.969986e-01; 4.529160e+04; 8.497409e-01; 8.795902e+04; 8.069460e-01
4.770000e+00; 9.810000e+04; 7.970393e-01; 4.429674e+04; 8.507352e-01; 8.740022e+04; 8.075095e-01
4.775000e+00; 9.810000e+04; 7.970845e-01; 4.330098e+04; 8.517257e-01; 8.682336e+04; 8.080912e-01
4.780000e+00; 9.810000e+04; 7.971345e-01; 4.230501e+04; 8.527217e-01; 8.622859e+04; 8.086906e-01
4.785000e+00; 9.810000e+04; 7.971898e-01; 4.130828e+04; 8.537141e-01; 8.561612e+04; 8.093078e-01
4.790000e+00; 9.810000e+04; 7.972506e-01; 4.031142e+04; 8.547115e-01; 8.498616e+04; 8.099424e-01
4.795000e+00; 9.810000e+04; 7.973175e-01; 3.931391e+04; 8.557053e-01; 8.433899e+04; 8.105941e-01
4.800000e+00; 9.810000e+04; 7.973909e-01; 3.831635e+04; 8.567038e-01; 8.367491e+04; 8.112627e-01
4.805000e+00; 9.810000e+04; 7.974714e-01; 3.731824e+04; 8.576988e-01; 8.299424e+04; 8.119478e-01
4.810000e+00; 9.810000e+04; 7.975594e-01; 3.632012e+04; 8.586980e-01; 8.229734e+04; 8.126491e-01
4.815000e+00; 9.810000e+04; 7.976554e-01; 3.532155e+04; 8.596940e-01; 8.158458e+04; 8.133661e-01
4.820000e+00; 9.810000e+04; 7.977600e-01; 3.432300e+04; 8.606937e-01; 8.085639e+04; 8.140985e-01
4.825000e+00; 9.810000e+04; 7.978738e-01; 3.332407e+04; 8.616904e-01; 8.011318e+04; 8.148459e-01
4.830000e+00; 9.810000e+04; 7.979975e-01; 3.232520e+04; 8.626906e-01; 7.935541e+04; 8.156077e-01
4.835000e+00; 9.810001e+04; 7.981317e-01; 3.132600e+04; 8.636879e-01; 7.858354e+04; 8.163836e-01
4.840000e+00; 9.810001e+04; 7.982772e-01; 3.032688e+04; 8.646884e-01; 7.779806e+04; 8.171731e-01
4.845000e+00; 9.810001e+04; 7.984348e-01; 2.932749e+04; 8.656861e-01; 7.699946e+04; 8.179755e-01
4.850000e+00; 9.810001e+04; 7.986053e-01; 2.832818e+04; 8.666868e-01; 7.618826e+04; 8.187906e-01
4.855000e+00; 9.810001e+04; 7.987895e-01; 2.732863e+04; 8.676849e-01; 7.536497e+04; 8.196177e-01
4.860000e+00; 9.810001e+04; 7.989885e-01; 2.632919e+04; 8.686857e-01; 7.453010e+04; 8.204564e-01
4.865000e+00; 9.810001e+04; 7.992032e-01; 2.532954e+04; 8.696841e-01; 7.368419e+04; 8.213061e-01
4.870000e+00; 9.810001e+04; 7.994347e-01; 2.432999e+04; 8.706850e-01; 7.282776e+04; 8.221663e-01
4.875000e+00; 9.810001e+04; 7.996840e-01; 2.333027e+04; 8.716836e-01; 7.196134e+04; 8.230366e-01
4.880000e+00; 9.810001e+04; 7.999521e-01; 2.233065e+04; 8.726845e-01; 7.108545e+04; 8.239164e-01
4.885000e+00; 9.810001e+04; 8.002401e-01; 2.133087e+04; 8.736833e-01; 7.020061e+04; 8.248052e-01
4.890000e+00; 9.810001e+04; 8.005492e-01; 2.033119e+04; 8.746842e-01; 6.930734e+04; 8.257026e-01
4.895000e+00; 9.810001e+04; 8.008803e-01; 1.933138e+04; 8.756832e-01; 6.840614e+04; 8.266081e-01
4.900000e+00; 9.810001e+04; 8.012345e-01; 1.833167e+04; 8.766841e-01; 6.749750e+04; 8.275213e-01
4.905000e+00; 9.810001e+04; 8.016128e-01; 1.733183e+04; 8.776832e-01; 6.658191e+04; 8.284416e-01
4.910000e+00; 9.810001e+04; 8.020162e-01; 1.633210e+04; 8.786841e-01; 6.565984e+04; 8.293688e-01
4.915000e+00; 9.810001e+04; 8.024457e-01; 1.533224e+04; 8.796833e-01; 6.473175e+04; 8.303023e-01
4.920000e+00; 9.810001e+04; 8.029021e-01; 1.433249e+04; 8.806841e-01; 6.379808e+04; 8.312419e-01
4.925000e+00; 9.810001e+04; 8.033865e-01; 1.333263e+04; 8.816834e-01; 6.285928e+04; 8.321871e-01
4.930000e+00; 9.810001e+04; 8.038995e-01; 1.233287e+04; 8.826842e-01; 6.191575e+04; 8.331376e-01
4.935000e+00; 9.810001e+04; 8.044421e-01; 1.133301e+04; 8.836835e-01; 6.096790e+04; 8.340931e-01
4.940000e+00; 9.810001e+04; 8.050150e-01; 1.033324e+04; 8.846843e-01; 6.001612e+04; 8.350534e-01
4.945000e+00; 9.810001e+04; 8.056190e-01; 9.333380e+03; 8.856837e-01; 5.906080e+04; 8.360181e-01
4.950000e+00; 9.810001e+04; 8.062547e-01; 8.333605e+03; 8.866845e-01; 5.810229e+04; 8.369870e-01
4.955000e+00; 9.810001e+04; 8.069227e-01; 7.333751e+03; 8.876839e-01; 5.714095e+04; 8.379599e-01
4.960000e+00; 9.810001e+04; 8.076238e-01; 6.333976e+03; 8.886846e-01; 5.617713e+04; 8.389365e-01
4.965000e+00; 9.810001e+04; 8.083584e-01; 5.334128e+03; 8.896842e-01; 5.521115e+04; 8.399168e-01
4.970000e+00; 9.810001e+04; 8.091270e-01; 4.334354e+03; 8.906848e-01; 5.424333e+04; 8.409006e-01
4.975000e+00; 9.810001e+04; 8.099301e-01; 3.334513e+03; 8.916844e-01; 5.327400e+04; 8.418877e-01
4.980000e+00; 9.810001e+04; 8.107681e-01; 2.334741e+03; 8.926850e-01; 5.230345e+04; 8.428780e-01
4.985000e+00; 9.810001e+04; 8.116412e-01; 1.334909e+03; 8.936846e-01; 5.133200e+04; 8.438714e-01
4.990000e+00; 9.810001e+04; 8.125497e-01; 3.351417e+02; 8.946852e-01; 5.035993e+04; 8.448680e-01
4.995000e+00; 9.810000e+04; 8.134938e-01; -6.646809e+02; 8.956849e-01; 4.938753e+04; 8.458676e-01
5.000000e+00; 9.810000e+04; 8.144737e-01; -1.664443e+03; 8.966854e-01; 4.841509e+04; 8.468702e-01
5.005000e+00; 9.810000e+04; 8.154892e-01; -2.664255e+03; 8.976851e-01; 4.744290e+04; 8.478759e-01
5.010000e+00; 9.810000e+04; 8.165405e-01; -3.664010e+03; 8.986857e-01; 4.647125e+04; 8.488846e-01
5.015000e+00; 9.810000e+04; 8.176274e-01; -4.663810e+03; 8.996854e-01; 4.550040e+04; 8.498964e-01
5.020000e+00; 9.810000e+04; 8.187497e-01; -5.663555e+03; 9.006859e-01; 4.453065e+04; 8.509114e-01
5.025000e+00; 9.810000e+04; 8.199072e-01; -6.663342e+03; 9.016857e-01; 4.356228e+04; 8.519296e-01
5.030000e+00; 9.810000e+04; 8.210995e-01; -7.663076e+03; 9.026862e-01; 4.259557e+04; 8.529512e-01
5.035000e+00; 9.810000e+04; 8.223264e-01; -8.662845e+03; 9.036860e-01; 4.163082e+04; 8.539762e-01
5.040000e+00; 9.810000e+04; 8.235874e-01; -9.662564e+03; 9.046865e-01; 4.066831e+04; 8.550048e-01
5.045000e+00; 9.810000e+04; 8.248818e-01; -1.066231e+04; 9.056864e-01; 3.970834e+04; 8.560373e-01
5.050000e+00; 9.810000e+04; 8.262093e-01; -1.166201e+04; 9.066869e-01; 3.875122e+04; 8.570736e-01
5.055000e+00; 9.810000e+04; 8.275692e-01; -1.266174e+04; 9.076868e-01; 3.779724e+04; 8.581141e-01
5.060000e+00; 9.810000e+04; 8.289607e-01; -1.366142e+04; 9.086873e-01; 3.684675e+04; 8.591590e-01
5.065000e+00; 9.810000e+04; 8.303833e-01; -1.466111e+04; 9.096873e-01; 3.590005e+04; 8.602084e-01
5.070000e+00; 9.810000e+04; 8.318360e-01; -1.566075e+04; 9.106879e-01; 3.495750e+04; 8.612627e-01
5.075000e+00; 9.810000e+04; 8.333181e-01; -1.666041e+04; 9.116879e-01; 3.401945e+04; 8.623222e-01
5.080000e+00; 9.810000e+04; 8.348288e-01; -1.766001e+04; 9.126885e-01; 3.308625e+04; 8.633870e-01
5.085000e+00; 9.810000e+04; 8.363672e-01; -1.865961e+04; 9.136887e-01; 3.215831e+04; 8.644577e-01
5.090000e+00; 9.810000e+04; 8.379324e-01; -1.965916e+04; 9.146893e-01; 3.123600e+04; 8.655345e-01
5.095000e+00; 9.810000e+04; 8.395234e-01; -2.065870e+04; 9.156896e-01; 3.031975e+04; 8.666177e-01
5.100000e+00; 9.810000e+04; 8.411393e-01; -2.165817e+04; 9.166904e-01; 2.940999e+04; 8.677078e-01
5.105000e+00; 9.810000e+04; 8.427791e-01; -2.265762e+04; 9.176908e-01; 2.850715e+04; 8.688052e-01
5.110000e+00; 9.810000e+04; 8.444419e-01; -2.365700e+04; 9.186917e-01; 2.761170e+04; 8.699104e-01
5.115000e+00; 9.810000e+04; 8.461267e-01; -2.465634e+04; 9.196924e-01; 2.672410e+04; 8.710236e-01
5.120000e+00; 9.810000e+04; 8.478325e-01; -2.565559e+04; 9.206935e-01; 2.584483e+04; 8.721455e-01
5.125000e+00; 9.810000e+04; 8.495583e-01; -2.665479e+04; 9.216944e-01; 2.497440e+04; 8.732765e-01
5.130000e+00; 9.810000e+04; 8.513032e-01; -2.765388e+04; 9.226957e-01; 2.411328e+04; 8.744171e-01
5.135000e+00; 9.810000e+04; 8.530661e-01; -2.865289e+04; 9.236970e-01; 2.326198e+04; 8.755676e-01
5.140000e+00; 9.810000e+04; 8.548462e-01; -2.965177e+04; 9.246987e-01; 2.242100e+04; 8.767287e-01
5.145000e+00; 9.810000e+04; 8.566425e-01; -3.065054e+04; 9.257004e-01; 2.159083e+04; 8.779009e-01
5.150000e+00; 9.810000e+04; 8.584542e-01; -3.164915e+04; 9.267025e-01; 2.077197e+04; 8.790845e-01
5.155000e+00; 9.810000e+04; 8.602802e-01; -3.264761e+04; 9.277047e-01; 1.996490e+04; 8.802800e-01
5.160000e+00; 9.810000e+04; 8.621198e-01; -3.364588e+04; 9.287075e-01; 1.917010e+04; 8.814880e-01
5.165000e+00; 9.810000e+04; 8.639721e-01; -3.464395e+04; 9.297104e-01; 1.838802e+04; 8.827089e-01
5.170000e+00; 9.810000e+04; 8.658363e-01; -3.564178e+04; 9.307139e-01; 1.761913e+04; 8.839431e-01
5.175000e+00; 9.810000e+04; 8.677117e-01; -3.663935e+04; 9.317177e-01; 1.686386e+04; 8.851911e-01
5.180000e+00; 9.810000e+04; 8.695975e-01; -3.763663e+04; 9.327222e-01; 1.612262e+04; 8.864532e-01
5.185000e+00; 9.810000e+04; 8.714929e-01; -3.863358e+04; 9.337270e-01; 1.539581e+04; 8.877298e-01
5.190000e+00; 9.810000e+04; 8.733974e-01; -3.963016e+04; 9.347327e-01; 1.468382e+04; 8.890214e-01
5.195000e+00; 9.810000e+04; 8.753102e-01; -4.062634e+04; 9.357389e-01; 1.398700e+04; 8.903282e-01
5.200000e+00; 9.810000e+04; 8.772307e-01; -4.162205e+04; 9.367461e-01; 1.330569e+04; 8.916507e-01
5.205000e+00; 9.810000e+04; 8.791585e-01; -4.261727e+04; 9.377540e-01; 1.264020e+04; 8.929890e-01
5.210000e+00; 9.810000e+04; 8.810928e-01; -4.361192e+04; 9.387630e-01; 1.199083e+04; 8.943436e-01
5.215000e+00; 9.810000e+04; 8.830332e-01; -4.460596e+04; 9.397730e-01; 1.135784e+04; 8.957146e-01
5.220000e+00; 9.810000e+04; 8.849793e-01; -4.559930e+04; 9.407843e-01; 1.074146e+04; 8.971022e-01
5.225000e+00; 9.810000e+04; 8.869305e-01; -4.659190e+04; 9.417968e-01; 1.014191e+04; 8.985068e-01
5.230000e+00; 9.810000e+04; 8.888865e-01; -4.758366e+04; 9.428108e-01; 9.559365e+03; 8.999283e-01
5.235000e+00; 9.810000e+04; 8.908468e-01; -4.857453e+04; 9.438264e-01; 8.993975e+03; 9.013671e-01
5.240000e+00; 9.810000e+04; 8.928110e-01; -4.956439e+04; 9.448438e-01; 8.445862e+03; 9.028232e-01
5.245000e+00; 9.810000e+04; 8.947789e-01; -5.055318e+04; 9.458630e-01; 7.915112e+03; 9.042966e-01
5.250000e+00; 9.810000e+04; 8.967501e-01; -5.154077e+04; 9.468845e-01; 7.401783e+03; 9.057875e-01
5.255000e+00; 9.810000e+04; 8.987243e-01; -5.252710e+04; 9.479081e-01; 6.905897e+03; 9.072959e-01
5.260000e+00; 9.810000e+04; 9.007012e-01; -5.351202e+04; 9.489343e-01; 6.427445e+03; 9.088216e-01
5.265000e+00; 9.810000e+04; 9.026805e-01; -5.449543e+04; 9.499631e-01; 5.966385e+03; 9.103648e-01
5.270000e+00; 9.810000e+04; 9.046622e-01; -5.547721e+04; 9.509950e-01; 5.522641e+03; 9.119252e-01
5.275000e+00; 9.810000e+04; 9.066458e-01; -5.645723e+04; 9.520300e-01; 5.096108e+03; 9.135028e-01
5.280000e+00; 9.810000e+04; 9.086312e-01; -5.743533e+04; 9.530685e-01; 4.686644e+03; 9.150974e-01
5.285000e+00; 9.810000e+04; 9.106183e-01; -5.841139e+04; 9.541106e-01; 4.294079e+03; 9.167089e-01
5.290000e+00; 9.810000e+04; 9.126069e-01; -5.938523e+04; 9.551568e-01; 3.918213e+03; 9.183371e-01
5.295000e+00; 9.810000e+04; 9.145967e-01; -6.035669e+04; 9.562072e-01; 3.558815e+03; 9.199816e-01
5.300000e+00; 9.810000e+04; 9.165878e-01; -6.132557e+04; 9.572624e-01; 3.215627e+03; 9.216423e-01
5.305000e+00; 9.810000e+04; 9.185799e-01; -6.229169e+04; 9.583224e-01; 2.888364e+03; 9.233189e-01
5.310000e+00; 9.810000e+04; 9.205730e-01; -6.325483e+04; 9.593877e-01; 2.576716e+03; 9.250110e-01
5.315000e+00; 9.810000e+04; 9.225669e-01; -6.421476e+04; 9.604586e-01; 2.280348e+03; 9.267183e-01
5.320000e+00; 9.810000e+04; 9.245615e-01; -6.517123e+04; 9.615356e-01; 1.998905e+03; 9.284405e-01
5.325000e+00; 9.810000e+04; 9.265568e-01; -6.612399e+04; 9.626189e-01; 1.732010e+03; 9.301771e-01
5.330000e+00; 9.810000e+04; 9.285526e-01; -6.707274e+04; 9.637091e-01; 1.479271e+03; 9.319278e-01
5.335000e+00; 9.810000e+04; 9.305490e-01; -6.801719e+04; 9.648064e-01; 1.240275e+03; 9.336921e-01
5.340000e+00; 9.810000e+04; 9.325458e-01; -6.895699e+04; 9.659113e-01; 1.014598e+03; 9.354697e-01
5.345000e+00; 9.810000e+04; 9.345430e-01; -6.989181e+04; 9.670241e-01; 8.018024e+02; 9.372601e-01
5.350000e+00; 9.810000e+04; 9.365406e-01; -7.082128e+04; 9.681455e-01; 6.014412e+02; 9.390628e-01
5.355000e+00; 9.810000e+04; 9.385385e-01; -7.174500e+04; 9.692757e-01; 4.130581e+02; 9.408774e-01
5.360000e+00; 9.810000e+04; 9.405366e-01; -7.266256e+04; 9.704152e-01; 2.361911e+02; 9.427035e-01
5.365000e+00; 9.810000e+04; 9.425350e-01; -7.357355e+04; 9.715644e-01; 7.037370e+01; 9.445405e-01
5.370000e+00; 9.810000e+04; 9.445335e-01; -7.447748e+04; 9.727238e-01; -8.486295e+01; 9.463881e-01
5.375000e+00; 9.810000e+04; 9.465322e-01; -7.537391e+04; 9.738937e-01; -2.299882e+02; 9.482457e-01
5.380000e+00; 9.810000e+04; 9.485311e-01; -7.626231e+04; 9.750747e-01; -3.654702e+02; 9.501130e-01
5.385000e+00; 9.810000e+04; 9.505301e-01; -7.714217e+04; 9.762670e-01; -4.917741e+02; 9.519893e-01
5.390000e+00; 9.810000e+04; 9.525293e-01; -7.801291e+04; 9.774711e-01; -6.093604e+02; 9.538744e-01
5.395000e+00; 9.810000e+04; 9.545285e-01; -7.887391e+04; 9.786871e-01; -7.186837e+02; 9.557677e-01
5.400000e+00; 9.810000e+04; 9.565278e-01; -7.972447e+04; 9.799154e-01; -8.201913e+02; 9.576689e-01
5.405000e+00; 9.810000e+04; 9.585271e-01; -8.056381e+04; 9.811559e-01; -9.143217e+02; 9.595774e-01
5.410000e+00; 9.810000e+04; 9.605266e-01; -8.139101e+04; 9.824086e-01; -1.001504e+03; 9.614930e-01
5.415000e+00; 9.810000e+04; 9.625260e-01; -8.220499e+04; 9.836733e-01; -1.082155e+03; 9.634151e-01
5.420000e+00; 9.810000e+04; 9.645256e-01; -8.300443e+04; 9.849494e-01; -1.156684e+03; 9.653435e-01
5.425000e+00; 9.810000e+04; 9.665251e-01; -8.378775e+04; 9.862360e-01; -1.225483e+03; 9.672777e-01
5.430000e+00; 9.810000e+04; 9.685247e-01; -8.455305e+04; 9.875320e-01; -1.288934e+03; 9.692174e-01
5.435000e+00; 9.810000e+04; 9.705243e-01; -8.529802e+04; 9.888356e-01; -1.347407e+03; 9.711623e-01
5.440000e+00; 9.810000e+04; 9.725239e-01; -8.601991e+04; 9.901449e-01; -1.401256e+03; 9.731120e-01
5.445000e+00; 9.810000e+04; 9.745236e-01; -8.671551e+04; 9.914569e-01; -1.450823e+03; 9.750662e-01
5.450000e+00; 9.810000e+04; 9.765232e-01; -8.738111e+04; 9.927687e-01; -1.496437e+03; 9.770247e-01
5.455000e+00; 9.810000e+04; 9.785229e-01; -8.801254e+04; 9.940764e-01; -1.538411e+03; 9.789871e-01
5.460000e+00; 9.810000e+04; 9.805226e-01; -8.860520e+04; 9.953759e-01; -1.577048e+03; 9.809533e-01
5.465000e+00; 9.810000e+04; 9.825223e-01; -8.915420e+04; 9.966627e-01; -1.612636e+03; 9.829229e-01
5.470000e+00; 9.810000e+04; 9.845220e-01; -8.965442e+04; 9.979322e-01; -1.645450e+03; 9.848958e-01
5.475000e+00; 9.810000e+04; 9.865217e-01; -9.010077e+04; 9.991795e-01; -1.675753e+03; 9.868717e-01
5.480000e+00; 9.810000e+04; 9.885214e-01; -9.048832e+04; 1.000400e+00; -1.703798e+03; 9.888506e-01
5.485000e+00; 9.810000e+04; 9.905211e-01; -9.081257e+04; 1.001590e+00; -1.729825e+03; 9.908321e-01
5.490000e+00; 9.810000e+04; 9.925208e-01; -9.106963e+04; 1.002746e+00; -1.754064e+03; 9.928161e-01
5.495000e+00; 9.810000e+04; 9.945205e-01; -9.125644e+04; 1.003865e+00; -1.776734e+03; 9.948025e-01
5.500000e+00; 9.810000e+04; 9.965202e-01; -9.137090e+04; 1.004945e+00; -1.798044e+03; 9.967912e-01
5.505000e+00; 9.810000e+04; 9.985199e-01; -9.145191e+04; 1.006044e+00; -1.818195e+03; 9.987821e-01
5.510000e+00; 9.810000e+04; 1.000520e+00; -9.134704e+04; 1.006905e+00; -1.837379e+03; 1.000775e+00
5.515000e+00; 9.810000e+04; 1.002519e+00; -9.123626e+04; 1.007952e+00; -1.855780e+03; 1.002770e+00
5.520000e+00; 9.810000e+04; 1.004519e+00; -9.110400e+04; 1.008864e+00; -1.873572e+03; 1.004767e+00
5.525000e+00; 9.810000e+04; 1.006519e+00; -9.086156e+04; 1.009797e+00; -1.890924e+03; 1.006765e+00
5.530000e+00; 9.810000e+04; 1.008519e+00; -9.056145e+04; 1.010630e+00; -1.907997e+03; 1.008766e+00
5.535000e+00; 9.810000e+04; 1.010518e+00; -9.019905e+04; 1.011511e+00; -1.924944e+03; 1.010768e+00
5.540000e+00; 9.810000e+04; 1.012518e+00; -8.978794e+04; 1.012303e+00; -1.941910e+03; 1.012772e+00
5.545000e+00; 9.810000e+04; 1.014518e+00; -8.932444e+04; 1.013147e+00; -1.959036e+03; 1.014777e+00
5.550000e+00; 9.810000e+04; 1.016517e+00; -8.882167e+04; 1.013917e+00; -1.976454e+03; 1.016784e+00
5.555000e+00; 9.810000e+04; 1.018517e+00; -8.827624e+04; 1.014742e+00; -1.994288e+03; 1.018793e+00
5.560000e+00; 9.810000e+04; 1.020517e+00; -8.770010e+04; 1.015504e+00; -2.012656e+03; 1.020804e+00
5.565000e+00; 9.810000e+04; 1.022517e+00; -8.708969e+04; 1.016324e+00; -2.031668e+03; 1.022816e+00
5.570000e+00; 9.810000e+04; 1.024517e+00; -8.645548e+04; 1.017091e+00; -2.051425e+03; 1.024829e+00
5.575000e+00; 9.810000e+04; 1.026516e+00; -8.579356e+04; 1.017916e+00; -2.072020e+03; 1.026845e+00
5.580000e+00; 9.810000e+04; 1.028516e+00; -8.511297e+04; 1.018697e+00; -2.093536e+03; 1.028862e+00
5.585000e+00; 9.810000e+04; 1.030516e+00; -8.440945e+04; 1.019533e+00; -2.116048e+03; 1.030880e+00
5.590000e+00; 9.810000e+04; 1.032516e+00; -8.369079e+04; 1.020332e+00; -2.139616e+03; 1.032900e+00
5.595000e+00; 9.810000e+04; 1.034516e+00; -8.295255e+04; 1.021184e+00; -2.164290e+03; 1.034922e+00
5.600000e+00; 9.810000e+04; 1.036516e+00; -8.220154e+04; 1.022002e+00; -2.190102e+03; 1.036945e+00
5.605000e+00; 9.810000e+04; 1.038516e+00; -8.143330e+04; 1.022871e+00; -2.217067e+03; 1.038970e+00
5.610000e+00; 9.810000e+04; 1.040516e+00; -8.065388e+04; 1.023710e+00; -2.245177e+03; 1.040996e+00
5.615000e+00; 9.810000e+04; 1.042516e+00; -7.985895e+04; 1.024595e+00; -2.274396e+03; 1.043024e+00
5.620000e+00; 9.810000e+04; 1.044516e+00; -7.905401e+04; 1.025452e+00; -2.304653e+03; 1.045053e+00
5.625000e+00; 9.810000e+04; 1.046516e+00; -7.823496e+04; 1.026354e+00; -2.335830e+03; 1.047083e+00
5.630000e+00; 9.810000e+04; 1.048517e+00; -7.740682e+04; 1.027229e+00; -2.367754e+03; 1.049114e+00
5.635000e+00; 9.810000e+04; 1.050517e+00; -7.656577e+04; 1.028145e+00; -2.400182e+03; 1.051145e+00
5.640000e+00; 9.810000e+04; 1.052518e+00; -7.571647e+04; 1.029036e+00; -2.432782e+03; 1.053177e+00
5.645000e+00; 9.810000e+04; 1.054518e+00; -7.485538e+04; 1.029964e+00; -2.465115e+03; 1.055208e+00
5.650000e+00; 9.810000e+04; 1.056519e+00; -7.398681e+04; 1.030870e+00; -2.496609e+03; 1.057239e+00
5.655000e+00; 9.810000e+04; 1.058520e+00; -7.310750e+04; 1.031810e+00; -2.526539e+03; 1.059268e+00
5.660000e+00; 9.810000e+04; 1.060521e+00; -7.222148e+04; 1.032728e+00; -2.553996e+03; 1.061294e+00
5.665000e+00; 9.810000e+04; 1.062523e+00; -7.132572e+04; 1.033678e+00; -2.577864e+03; 1.063316e+00
5.670000e+00; 9.810000e+04; 1.064524e+00; -7.042398e+04; 1.034608e+00; -2.596793e+03; 1.065333e+00
5.675000e+00; 9.810000e+04; 1.066526e+00; -6.951347e+04; 1.035567e+00; -2.609180e+03; 1.067343e+00
5.680000e+00; 9.810000e+04; 1.068528e+00; -6.859767e+04; 1.036506e+00; -2.613148e+03; 1.069344e+00
5.685000e+00; 9.810000e+04; 1.070530e+00; -6.767402e+04; 1.037473e+00; -2.606545e+03; 1.071334e+00
5.690000e+00; 9.810000e+04; 1.072533e+00; -6.674574e+04; 1.038421e+00; -2.586939e+03; 1.073311e+00
5.695000e+00; 9.810000e+04; 1.074536e+00; -6.581046e+04; 1.039394e+00; -2.551638e+03; 1.075271e+00
5.700000e+00; 9.810000e+04; 1.076539e+00; -6.487119e+04; 1.040350e+00; -2.497714e+03; 1.077212e+00
5.705000e+00; 9.810000e+04; 1.078543e+00; -6.392571e+04; 1.041328e+00; -2.422048e+03; 1.079130e+00
5.710000e+00; 9.810000e+04; 1.080548e+00; -6.297681e+04; 1.042290e+00; -2.321390e+03; 1.081022e+00
5.715000e+00; 9.810000e+04; 1.082553e+00; -6.202244e+04; 1.043273e+00; -2.192429e+03; 1.082885e+00
5.720000e+00; 9.810000e+04; 1.084558e+00; -6.106517e+04; 1.044241e+00; -2.031880e+03; 1.084716e+00
5.725000e+00; 9.810000e+04; 1.086564e+00; -6.010311e+04; 1.045228e+00; -1.836580e+03; 1.086511e+00
5.730000e+00; 9.810000e+04; 1.088571e+00; -5.913864e+04; 1.046201e+00; -1.603587e+03; 1.088268e+00
5.735000e+00; 9.810000e+04; 1.090579e+00; -5.816998e+04; 1.047191e+00; -1.330278e+03; 1.089984e+00
5.740000e+00; 9.810000e+04; 1.092588e+00; -5.719933e+04; 1.048167e+00; -1.014447e+03; 1.091657e+00
5.745000e+00; 9.810000e+04; 1.094597e+00; -5.622505e+04; 1.049160e+00; -6.543809e+02; 1.093285e+00
5.750000e+00; 9.810000e+04; 1.096608e+00; -5.524915e+04; 1.050140e+00; -2.489234e+02; 1.094868e+00
5.755000e+00; 9.810000e+04; 1.098619e+00; -5.427010e+04; 1.051135e+00; 2.024885e+02; 1.096405e+00
5.760000e+00; 9.810000e+04; 1.100632e+00; -5.328978e+04; 1.052118e+00; 6.998098e+02; 1.097896e+00
5.765000e+00; 9.810000e+04; 1.102646e+00; -5.230673e+04; 1.053115e+00; 1.242399e+03; 1.099343e+00
5.770000e+00; 9.810000e+04; 1.104661e+00; -5.132270e+04; 1.054100e+00; 1.829052e+03; 1.100745e+00
5.775000e+00; 9.810000e+04; 1.106678e+00; -5.033632e+04; 1.055098e+00; 2.458057e+03; 1.102106e+00
5.780000e+00; 9.810000e+04; 1.108697e+00; -4.934920e+04; 1.056086e+00; 3.127259e+03; 1.103427e+00
5.785000e+00; 9.810000e+04; 1.110717e+00; -4.836007e+04; 1.057085e+00; 3.834144e+03; 1.104711e+00
5.790000e+00; 9.810000e+04; 1.112739e+00; -4.737039e+04; 1.058075e+00; 4.575922e+03; 1.105961e+00
5.795000e+00; 9.810000e+04; 1.114762e+00; -4.637899e+04; 1.059075e+00; 5.349615e+03; 1.107180e+00
5.800000e+00; 9.810000e+04; 1.116788e+00; -4.538723e+04; 1.060066e+00; 6.152150e+03; 1.108370e+00
5.805000e+00; 9.810000e+04; 1.118816e+00; -4.439399e+04; 1.061066e+00; 6.980436e+03; 1.109536e+00
5.810000e+00; 9.810000e+04; 1.120845e+00; -4.340051e+04; 1.062059e+00; 7.831449e+03; 1.110680e+00
5.815000e+00; 9.810000e+04; 1.122877e+00; -4.240578e+04; 1.063060e+00; 8.702294e+03; 1.111805e+00
5.820000e+00; 9.810000e+04; 1.124912e+00; -4.141093e+04; 1.064053e+00; 9.590258e+03; 1.112913e+00
5.825000e+00; 9.810000e+04; 1.126948e+00; -4.041500e+04; 1.065054e+00; 1.049285e+04; 1.114007e+00
5.830000e+00; 9.810000e+04; 1.128987e+00; -3.941905e+04; 1.066049e+00; 1.140784e+04; 1.115089e+00
5.835000e+00; 9.810000e+04; 1.131028e+00; -3.842216e+04; 1.067050e+00; 1.233325e+04; 1.116162e+00
5.840000e+00; 9.810000e+04; 1.133072e+00; -3.742532e+04; 1.068045e+00; 1.326737e+04; 1.117226e+00
5.845000e+00; 9.810000e+04; 1.135117e+00; -3.642768e+04; 1.069047e+00; 1.420873e+04; 1.118283e+00
5.850000e+00; 9.810000e+04; 1.137165e+00; -3.543014e+04; 1.070043e+00; 1.515611e+04; 1.119334e+00
5.855000e+00; 9.810000e+04; 1.139215e+00; -3.443191e+04; 1.071045e+00; 1.610850e+04; 1.120381e+00
5.860000e+00; 9.810000e+04; 1.141266e+00; -3.343382e+04; 1.072041e+00; 1.706508e+04; 1.121424e+00
5.865000e+00; 9.810000e+04; 1.143319e+00; -3.243513e+04; 1.073043e+00; 1.802520e+04; 1.122463e+00
5.870000e+00; 9.810000e+04; 1.145373e+00; -3.143661e+04; 1.074039e+00; 1.898833e+04; 1.123500e+00
5.875000e+00; 9.810000e+04; 1.147427e+00; -3.043757e+04; 1.075041e+00; 1.995406e+04; 1.124534e+00
5.880000e+00; 9.810000e+04; 1.149480e+00; -2.943870e+04; 1.076038e+00; 2.092210e+04; 1.125566e+00
5.885000e+00; 9.809999e+04; 1.151532e+00; -2.843939e+04; 1.077040e+00; 2.189219e+04; 1.126596e+00
5.890000e+00; 9.809999e+04; 1.153581e+00; -2.744027e+04; 1.078037e+00; 2.286415e+04; 1.127625e+00
5.895000e+00; 9.809999e+04; 1.155626e+00; -2.644075e+04; 1.079039e+00; 2.383785e+04; 1.128652e+00
5.900000e+00; 9.809999e+04; 1.157666e+00; -2.544143e+04; 1.080037e+00; 2.481319e+04; 1.129677e+00
5.905000e+00; 9.809999e+04; 1.159697e+00; -2.444176e+04; 1.081038e+00; 2.579007e+04; 1.130701e+00
5.910000e+00; 9.809999e+04; 1.161719e+00; -2.344228e+04; 1.082036e+00; 2.676844e+04; 1.131724e+00
5.915000e+00; 9.809998e+04; 1.163727e+00; -2.244249e+04; 1.083038e+00; 2.774825e+04; 1.132745e+00
5.920000e+00; 9.809998e+04; 1.165720e+00; -2.144290e+04; 1.084036e+00; 2.872945e+04; 1.133766e+00
5.925000e+00; 9.809998e+04; 1.167693e+00; -2.044303e+04; 1.085037e+00; 2.971201e+04; 1.134785e+00
5.930000e+00; 9.809998e+04; 1.169643e+00; -1.944334e+04; 1.086035e+00; 3.069589e+04; 1.135804e+00
5.935000e+00; 9.809997e+04; 1.171566e+00; -1.844341e+04; 1.087037e+00; 3.168106e+04; 1.136821e+00
5.940000e+00; 9.809997e+04; 1.173458e+00; -1.744365e+04; 1.088035e+00; 3.266750e+04; 1.137837e+00
5.945000e+00; 9.809997e+04; 1.175313e+00; -1.644367e+04; 1.089036e+00; 3.365518e+04; 1.138853e+00
5.950000e+00; 9.809997e+04; 1.177127e+00; -1.544387e+04; 1.090035e+00; 3.464408e+04; 1.139868e+00
5.955000e+00; 9.809997e+04; 1.178894e+00; -1.444385e+04; 1.091036e+00; 3.563416e+04; 1.140882e+00
5.960000e+00; 9.809997e+04; 1.180611e+00; -1.344400e+04; 1.092035e+00; 3.662541e+04; 1.141896e+00
5.965000e+00; 9.809997e+04; 1.182272e+00; -1.244396e+04; 1.093036e+00; 3.761781e+04; 1.142909e+00
5.970000e+00; 9.809997e+04; 1.183872e+00; -1.144407e+04; 1.094034e+00; 3.861134e+04; 1.143922e+00
5.975000e+00; 9.809997e+04; 1.185406e+00; -1.044401e+04; 1.095036e+00; 3.960598e+04; 1.144934e+00
5.980000e+00; 9.809997e+04; 1.186872e+00; -9.444096e+03; 1.096034e+00; 4.060173e+04; 1.145946e+00
5.985000e+00; 9.809997e+04; 1.188265e+00; -8.444016e+03; 1.097035e+00; 4.159856e+04; 1.146957e+00
5.990000e+00; 9.809997e+04; 1.189583e+00; -7.444070e+03; 1.098034e+00; 4.259648e+04; 1.147969e+00
5.995000e+00; 9.809998e+04; 1.190823e+00; -6.443971e+03; 1.099035e+00; 4.359547e+04; 1.148980e+00
6.000000e+00; 9.809998e+04; 1.191984e+00; -5.443995e+03; 1.100034e+00; 4.459553e+04; 1.149991e+00
6.005000e+00; 9.809999e+04; 1.193065e+00; -4.443875e+03; 1.101035e+00; 4.559668e+04; 1.151003e+00
6.010000e+00; 9.809999e+04; 1.194067e+00; -3.443866e+03; 1.102034e+00; 4.659889e+04; 1.152014e+00
6.015000e+00; 9.809999e+04; 1.194989e+00; -2.443720e+03; 1.103034e+00; 4.760220e+04; 1.153026e+00
6.020000e+00; 9.810000e+04; 1.195835e+00; -1.443672e+03; 1.104033e+00; 4.860659e+04; 1.154038e+00
6.025000e+00; 9.810000e+04; 1.196606e+00; -4.434925e+02; 1.105034e+00; 4.961208e+04; 1.155051e+00
6.030000e+00; 9.810001e+04; 1.197306e+00; 5.566028e+02; 1.106033e+00; 5.061869e+04; 1.156064e+00
6.035000e+00; 9.810001e+04; 1.197937e+00; 1.556827e+03; 1.107033e+00; 5.162643e+04; 1.157077e+00
6.040000e+00; 9.810001e+04; 1.198504e+00; 2.556981e+03; 1.108032e+00; 5.263531e+04; 1.158091e+00
6.045000e+00; 9.810001e+04; 1.199010e+00; 3.557265e+03; 1.109033e+00; 5.364533e+04; 1.159106e+00
6.050000e+00; 9.810002e+04; 1.199461e+00; 4.557495e+03; 1.110032e+00; 5.465652e+04; 1.160121e+00
6.055000e+00; 9.810002e+04; 1.199862e+00; 5.557857e+03; 1.111032e+00; 5.566889e+04; 1.161137e+00
6.060000e+00; 9.810002e+04; 1.200216e+00; 6.558184e+03; 1.112031e+00; 5.668242e+04; 1.162154e+00
6.065000e+00; 9.810002e+04; 1.200528e+00; 7.558650e+03; 1.113031e+00; 5.769713e+04; 1.163171e+00
6.070000e+00; 9.810002e+04; 1.200803e+00; 8.559102e+03; 1.114030e+00; 5.871299e+04; 1.164190e+00
6.075000e+00; 9.810002e+04; 1.201046e+00; 9.559704e+03; 1.115030e+00; 5.972999e+04; 1.165209e+00
6.080000e+00; 9.810001e+04; 1.201259e+00; 1.056032e+04; 1.116029e+00; 6.074809e+04; 1.166229e+00
6.085000e+00; 9.810001e+04; 1.201447e+00; 1.156109e+04; 1.117029e+00; 6.176722e+04; 1.167250e+00
6.090000e+00; 9.810001e+04; 1.201613e+00; 1.256191e+04; 1.118028e+00; 6.278731e+04; 1.168272e+00
6.095000e+00; 9.810001e+04; 1.201760e+00; 1.356292e+04; 1.119028e+00; 6.380825e+04; 1.169294e+00
6.100000e+00; 9.810001e+04; 1.201890e+00; 1.456400e+04; 1.120027e+00; 6.482989e+04; 1.170317e+00
6.105000e+00; 9.810001e+04; 1.202007e+00; 1.556530e+04; 1.121026e+00; 6.585204e+04; 1.171340e+00
6.110000e+00; 9.810001e+04; 1.202112e+00; 1.656671e+04; 1.122025e+00; 6.687448e+04; 1.172364e+00
6.115000e+00; 9.810001e+04; 1.202206e+00; 1.756838e+04; 1.123024e+00; 6.789690e+04; 1.173387e+00
6.120000e+00; 9.810000e+04; 1.202292e+00; 1.857022e+04; 1.124022e+00; 6.891895e+04; 1.174409e+00
6.125000e+00; 9.810000e+04; 1.202370e+00; 1.957235e+04; 1.125021e+00; 6.994020e+04; 1.175430e+00
6.130000e+00; 9.810000e+04; 1.202442e+00; 2.057472e+04; 1.126019e+00; 7.096012e+04; 1.176450e+00
6.135000e+00; 9.810000e+04; 1.202509e+00; 2.157744e+04; 1.127018e+00; 7.197811e+04; 1.177468e+00
6.140000e+00; 9.810000e+04; 1.202570e+00; 2.258047e+04; 1.128015e+00; 7.299344e+04; 1.178483e+00
6.145000e+00; 9.810000e+04; 1.202627e+00; 2.358392e+04; 1.129014e+00; 7.400528e+04; 1.179494e+00
6.150000e+00; 9.810000e+04; 1.202680e+00; 2.458777e+04; 1.130011e+00; 7.501268e+04; 1.180500e+00
6.155000e+00; 9.810000e+04; 1.202730e+00; 2.559213e+04; 1.131008e+00; 7.601456e+04; 1.181500e+00
6.160000e+00; 9.810000e+04; 1.202776e+00; 2.659699e+04; 1.132005e+00; 7.700972e+04; 1.182493e+00
6.165000e+00; 9.810000e+04; 1.202820e+00; 2.760247e+04; 1.133002e+00; 7.799680e+04; 1.183478e+00
6.170000e+00; 9.810000e+04; 1.202860e+00; 2.860856e+04; 1.133998e+00; 7.897433e+04; 1.184453e+00
6.175000e+00; 9.810000e+04; 1.202898e+00; 2.961541e+04; 1.134994e+00; 7.994073e+04; 1.185416e+00
6.180000e+00; 9.810000e+04; 1.202934e+00; 3.062302e+04; 1.135989e+00; 8.089427e+04; 1.186366e+00
6.185000e+00; 9.810000e+04; 1.202967e+00; 3.163153e+04; 1.136984e+00; 8.183315e+04; 1.187301e+00
6.190000e+00; 9.810000e+04; 1.202998e+00; 3.264096e+04; 1.137977e+00; 8.275546e+04; 1.188219e+00
6.195000e+00; 9.810000e+04; 1.203027e+00; 3.365148e+04; 1.138971e+00; 8.365926e+04; 1.189117e+00
6.200000e+00; 9.810000e+04; 1.203054e+00; 3.466311e+04; 1.139964e+00; 8.454253e+04; 1.189995e+00
6.205000e+00; 9.810000e+04; 1.203079e+00; 3.567603e+04; 1.140956e+00; 8.540330e+04; 1.190850e+00
6.210000e+00; 9.810000e+04; 1.203102e+00; 3.669030e+04; 1.141947e+00; 8.623956e+04; 1.191679e+00
6.215000e+00; 9.810000e+04; 1.203124e+00; 3.770609e+04; 1.142938e+00; 8.704942e+04; 1.192482e+00
6.220000e+00; 9.810000e+04; 1.203144e+00; 3.872348e+04; 1.143927e+00; 8.783106e+04; 1.193256e+00
6.225000e+00; 9.810000e+04; 1.203162e+00; 3.974267e+04; 1.144916e+00; 8.858277e+04; 1.194000e+00
6.230000e+00; 9.810000e+04; 1.203179e+00; 4.076375e+04; 1.145903e+00; 8.930304e+04; 1.194712e+00
6.235000e+00; 9.810000e+04; 1.203194e+00; 4.178694e+04; 1.146889e+00; 8.999053e+04; 1.195390e+00
6.240000e+00; 9.810000e+04; 1.203209e+00; 4.281236e+04; 1.147874e+00; 9.064415e+04; 1.196035e+00
6.245000e+00; 9.810000e+04; 1.203222e+00; 4.384024e+04; 1.148857e+00; 9.126303e+04; 1.196645e+00
6.250000e+00; 9.810000e+04; 1.203234e+00; 4.487071e+04; 1.149838e+00; 9.184658e+04; 1.197219e+00
6.255000e+00; 9.810000e+04; 1.203245e+00; 4.590402e+04; 1.150818e+00; 9.239449e+04; 1.197758e+00
6.260000e+00; 9.810000e+04; 1.203255e+00; 4.694034e+04; 1.151796e+00; 9.290672e+04; 1.198261e+00
6.265000e+00; 9.810000e+04; 1.203264e+00; 4.797992e+04; 1.152773e+00; 9.338353e+04; 1.198728e+00
6.270000e+00; 9.810000e+04; 1.203272e+00; 4.902297e+04; 1.153746e+00; 9.382545e+04; 1.199161e+00
6.275000e+00; 9.810000e+04; 1.203279e+00; 5.006975e+04; 1.154718e+00; 9.423325e+04; 1.199560e+00
6.280000e+00; 9.810000e+04; 1.203286e+00; 5.112048e+04; 1.155687e+00; 9.460798e+04; 1.199926e+00
6.285000e+00; 9.810000e+04; 1.203292e+00; 5.217544e+04; 1.156654e+00; 9.495085e+04; 1.200261e+00
6.290000e+00; 9.810000e+04; 1.203297e+00; 5.323486e+04; 1.157617e+00; 9.526332e+04; 1.200565e+00
6.295000e+00; 9.810000e+04; 1.203302e+00; 5.429905e+04; 1.158577e+00; 9.554696e+04; 1.200841e+00
6.300000e+00; 9.810000e+04; 1.203307e+00; 5.536824e+04; 1.159534e+00; 9.580347e+04; 1.201091e+00
6.305000e+00; 9.810000e+04; 1.203310e+00; 5.644274e+04; 1.160488e+00; 9.603465e+04; 1.201315e+00
6.310000e+00; 9.810000e+04; 1.203314e+00; 5.752279e+04; 1.161437e+00; 9.624234e+04; 1.201516e+00
6.315000e+00; 9.810000e+04; 1.203317e+00; 5.860870e+04; 1.162382e+00; 9.642842e+04; 1.201696e+00
6.320000e+00; 9.810000e+04; 1.203320e+00; 5.970070e+04; 1.163322e+00; 9.659474e+04; 1.201857e+00
6.325000e+00; 9.810000e+04; 1.203322e+00; 6.079908e+04; 1.164258e+00; 9.674313e+04; 1.202000e+00
6.330000e+00; 9.810000e+04; 1.203324e+00; 6.190405e+04; 1.165188e+00; 9.687534e+04; 1.202127e+00
6.335000e+00; 9.810000e+04; 1.203326e+00; 6.301587e+04; 1.166112e+00; 9.699307e+04; 1.202239e+00
6.340000e+00; 9.810000e+04; 1.203328e+00; 6.413471e+04; 1.167030e+00; 9.709790e+04; 1.202339e+00
6.345000e+00; 9.810000e+04; 1.203329e+00; 6.526076e+04; 1.167941e+00; 9.719132e+04; 1.202428e+00
6.350000e+00; 9.810000e+04; 1.203330e+00; 6.639414e+04; 1.168845e+00; 9.727470e+04; 1.202507e+00
6.355000e+00; 9.810000e+04; 1.203331e+00; 6.753497e+04; 1.169741e+00; 9.734928e+04; 1.202577e+00
6.360000e+00; 9.810000e+04; 1.203332e+00; 6.868326e+04; 1.170627e+00; 9.741620e+04; 1.202639e+00
6.365000e+00; 9.810000e+04; 1.203333e+00; 6.983902e+04; 1.171505e+00; 9.747647e+04; 1.202694e+00
6.370000e+00; 9.810000e+04; 1.203334e+00; 7.100215e+04; 1.172372e+00; 9.753101e+04; 1.202744e+00
6.375000e+00; 9.810000e+04; 1.203334e+00; 7.217250e+04; 1.173227e+00; 9.758060e+04; 1.202788e+00
6.380000e+00; 9.810000e+04; 1.203335e+00; 7.334982e+04; 1.174070e+00; 9.762594e+04; 1.202827e+00
6.385000e+00; 9.810000e+04; 1.203335e+00; 7.453381e+04; 1.174900e+00; 9.766764e+04; 1.202863e+00
6.390000e+00; 9.810000e+04; 1.203336e+00; 7.572402e+04; 1.175715e+00; 9.770623e+04; 1.202895e+00
6.395000e+00; 9.810000e+04; 1.203336e+00; 7.691995e+04; 1.176514e+00; 9.774218e+04; 1.202923e+00
6.400000e+00; 9.810000e+04; 1.203336e+00; 7.812096e+04; 1.177296e+00; 9.777586e+04; 1.202949e+00
6.405000e+00; 9.810000e+04; 1.203336e+00; 7.932631e+04; 1.178059e+00; 9.780763e+04; 1.202972e+00
6.410000e+00; 9.810000e+04; 1.203336e+00; 8.053517e+04; 1.178802e+00; 9.783778e+04; 1.202992e+00
6.415000e+00; 9.810000e+04; 1.203336e+00; 8.174660e+04; 1.179522e+00; 9.786657e+04; 1.203011e+00
6.420000e+00; 9.810000e+04; 1.203336e+00; 8.295953e+04; 1.180219e+00; 9.789423e+04; 1.203026e+00
6.425000e+00; 9.810000e+04; 1.203336e+00; 8.417284e+04; 1.180890e+00; 9.792097e+04; 1.203040e+00
6.430000e+00; 9.810000e+04; 1.203336e+00; 8.538528e+04; 1.181533e+00; 9.794698e+04; 1.203052e+00
6.435000e+00; 9.810000e+04; 1.203336e+00; 8.659558e+04; 1.182147e+00; 9.797242e+04; 1.203061e+00
6.440000e+00; 9.810000e+04; 1.203336e+00; 8.780236e+04; 1.182730e+00; 9.799746e+04; 1.203069e+00
6.445000e+00; 9.810000e+04; 1.203336e+00; 8.900424e+04; 1.183279e+00; 9.802227e+04; 1.203075e+00
6.450000e+00; 9.810000e+04; 1.203336e+00; 9.019980e+04; 1.183793e+00; 9.804698e+04; 1.203078e+00
6.455000e+00; 9.810000e+04; 1.203336e+00; 9.138763e+04; 1.184270e+00; 9.807177e+04; 1.203079e+00
6.460000e+00; 9.810000e+04; 1.203336e+00; 9.256633e+04; 1.184708e+00; 9.809676e+04; 1.203079e+00
6.465000e+00; 9.810000e+04; 1.203335e+00; 9.373458e+04; 1.185105e+00; 9.812214e+04; 1.203076e+00
6.470000e+00; 9.810000e+04; 1.203335e+00; 9.489109e+04; 1.185460e+00; 9.814804e+04; 1.203071e+00
6.475000e+00; 9.810000e+04; 1.203335e+00; 9.603470e+04; 1.185772e+00; 9.817464e+04; 1.203063e+00
6.480000e+00; 9.810000e+04; 1.203335e+00; 9.716435e+04; 1.186038e+00; 9.820211e+04; 1.203053e+00
6.485000e+00; 9.810000e+04; 1.203334e+00; 9.827912e+04; 1.186258e+00; 9.823061e+04; 1.203041e+00
6.490000e+00; 9.810000e+04; 1.203334e+00; 9.937825e+04; 1.186431e+00; 9.826033e+04; 1.203026e+00
6.495000e+00; 9.810000e+04; 1.203334e+00; 1.004611e+05; 1.186557e+00; 9.829146e+04; 1.203009e+00
6.500000e+00; 9.810000e+04; 1.203333e+00; 1.015274e+05; 1.186634e+00; 9.832419e+04; 1.202988e+00
6.505000e+00; 9.810000e+04; 1.203333e+00; 1.025767e+05; 1.186663e+00; 9.835873e+04; 1.202965e+00
6.510000e+00; 9.810000e+04; 1.203333e+00; 1.036092e+05; 1.186644e+00; 9.839528e+04; 1.202939e+00
6.515000e+00; 9.810000e+04; 1.203332e+00; 1.046249e+05; 1.186576e+00; 9.843408e+04; 1.202909e+00
6.520000e+00; 9.810000e+04; 1.203332e+00; 1.056241e+05; 1.186462e+00; 9.847533e+04; 1.202876e+00
6.525000e+00; 9.810000e+04; 1.203331e+00; 1.066075e+05; 1.186300e+00; 9.851929e+04; 1.202840e+00
6.530000e+00; 9.810000e+04; 1.203330e+00; 1.075757e+05; 1.186093e+00; 9.856619e+04; 1.202799e+00
6.535000e+00; 9.810000e+04; 1.203330e+00; 1.085294e+05; 1.185841e+00; 9.861630e+04; 1.202755e+00
6.540000e+00; 9.810000e+04; 1.203329e+00; 1.094698e+05; 1.185545e+00; 9.866986e+04; 1.202707e+00
6.545000e+00; 9.810000e+04; 1.203328e+00; 1.103978e+05; 1.185208e+00; 9.872716e+04; 1.202654e+00
6.550000e+00; 9.810000e+04; 1.203327e+00; 1.113146e+05; 1.184830e+00; 9.878847e+04; 1.202596e+00
6.555000e+00; 9.810000e+04; 1.203326e+00; 1.122214e+05; 1.184414e+00; 9.885409e+04; 1.202534e+00
6.560000e+00; 9.810000e+04; 1.203325e+00; 1.131195e+05; 1.183961e+00; 9.892430e+04; 1.202466e+00
6.565000e+00; 9.810000e+04; 1.203324e+00; 1.140102e+05; 1.183472e+00; 9.899942e+04; 1.202393e+00
6.570000e+00; 9.810000e+04; 1.203322e+00; 1.148948e+05; 1.182950e+00; 9.907976e+04; 1.202315e+00
6.575000e+00; 9.810000e+04; 1.203321e+00; 1.157744e+05; 1.182397e+00; 9.916564e+04; 1.202230e+00
6.580000e+00; 9.810000e+04; 1.203319e+00; 1.166504e+05; 1.181814e+00; 9.925740e+04; 1.202139e+00
6.585000e+00; 9.810000e+04; 1.203317e+00; 1.175239e+05; 1.181204e+00; 9.935537e+04; 1.202042e+00
6.590000e+00; 9.810000e+04; 1.203315e+00; 1.183960e+05; 1.180567e+00; 9.945988e+04; 1.201938e+00
6.595000e+00; 9.810000e+04; 1.203312e+00; 1.192678e+05; 1.179905e+00; 9.957131e+04; 1.201826e+00
6.600000e+00; 9.810000e+04; 1.203309e+00; 1.201401e+05; 1.179221e+00; 9.968998e+04; 1.201707e+00
6.605000e+00; 9.810000e+04; 1.203306e+00; 1.210137e+05; 1.178515e+00; 9.981628e+04; 1.201580e+00
6.610000e+00; 9.810000e+04; 1.203302e+00; 1.218896e+05; 1.177790e+00; 9.995056e+04; 1.201445e+00
6.615000e+00; 9.810000e+04; 1.203299e+00; 1.227682e+05; 1.177046e+00; 1.000932e+05; 1.201301e+00
6.620000e+00; 9.810000e+04; 1.203294e+00; 1.236501e+05; 1.176284e+00; 1.002445e+05; 1.201148e+00
6.625000e+00; 9.810000e+04; 1.203289e+00; 1.245359e+05; 1.175507e+00; 1.004049e+05; 1.200986e+00
6.630000e+00; 9.810000e+04; 1.203284e+00; 1.254258e+05; 1.174714e+00; 1.005748e+05; 1.200815e+00
6.635000e+00; 9.810000e+04; 1.203277e+00; 1.263202e+05; 1.173908e+00; 1.007545e+05; 1.200633e+00
6.640000e+00; 9.810000e+04; 1.203271e+00; 1.272193e+05; 1.173088e+00; 1.009444e+05; 1.200441e+00
6.645000e+00; 9.810000e+04; 1.203263e+00; 1.281231e+05; 1.172257e+00; 1.011449e+05; 1.200238e+00
6.650000e+00; 9.810000e+04; 1.203254e+00; 1.290319e+05; 1.171413e+00; 1.013562e+05; 1.200024e+00
6.655000e+00; 9.810000e+04; 1.203245e+00; 1.299456e+05; 1.170560e+00; 1.015789e+05; 1.199799e+00
6.660000e+00; 9.810000e+04; 1.203234e+00; 1.308642e+05; 1.169696e+00; 1.018131e+05; 1.199562e+00
6.665000e+00; 9.810000e+04; 1.203223e+00; 1.317876e+05; 1.168823e+00; 1.020593e+05; 1.199313e+00
6.670000e+00; 9.810000e+04; 1.203210e+00; 1.327158e+05; 1.167941e+00; 1.023178e+05; 1.199051e+00
6.675000e+00; 9.810000e+04; 1.203196e+00; 1.336486e+05; 1.167051e+00; 1.025888e+05; 1.198777e+00
6.680000e+00; 9.810000e+04; 1.203180e+00; 1.345858e+05; 1.166153e+00; 1.028728e+05; 1.198489e+00
6.685000e+00; 9.810000e+04; 1.203162e+00; 1.355273e+05; 1.165248e+00; 1.031700e+05; 1.198189e+00
6.690000e+00; 9.810000e+04; 1.203143e+00; 1.364729e+05; 1.164336e+00; 1.034806e+05; 1.197875e+00
6.695000e+00; 9.810000e+04; 1.203122e+00; 1.374224e+05; 1.163418e+00; 1.038050e+05; 1.197547e+00
6.700000e+00; 9.810000e+04; 1.203098e+00; 1.383756e+05; 1.162494e+00; 1.041434e+05; 1.197205e+00
6.705000e+00; 9.810000e+04; 1.203073e+00; 1.393324e+05; 1.161564e+00; 1.044959e+05; 1.196848e+00
6.710000e+00; 9.810000e+04; 1.203044e+00; 1.402924e+05; 1.160629e+00; 1.048629e+05; 1.196478e+00
6.715000e+00; 9.810000e+04; 1.203013e+00; 1.412556e+05; 1.159689e+00; 1.052445e+05; 1.196092e+00
6.720000e+00; 9.810000e+04; 1.202979e+00; 1.422217e+05; 1.158744e+00; 1.056409e+05; 1.195692e+00
6.725000e+00; 9.810000e+04; 1.202942e+00; 1.431906e+05; 1.157795e+00; 1.060523e+05; 1.195276e+00
6.730000e+00; 9.810000e+04; 1.202901e+00; 1.441620e+05; 1.156842e+00; 1.064787e+05; 1.194846e+00
6.735000e+00; 9.810000e+04; 1.202857e+00; 1.451358e+05; 1.155885e+00; 1.069203e+05; 1.194400e+00
6.740000e+00; 9.810000e+04; 1.202809e+00; 1.461118e+05; 1.154925e+00; 1.073772e+05; 1.193939e+00
6.745000e+00; 9.810000e+04; 1.202756e+00; 1.470899e+05; 1.153961e+00; 1.078494e+05; 1.193463e+00
6.750000e+00; 9.810000e+04; 1.202698e+00; 1.480699e+05; 1.152994e+00; 1.083369e+05; 1.192971e+00
6.755000e+00; 9.810000e+04; 1.202636e+00; 1.490516e+05; 1.152025e+00; 1.088399e+05; 1.192464e+00
6.760000e+00; 9.810000e+04; 1.202568e+00; 1.500350e+05; 1.151053e+00; 1.093582e+05; 1.191941e+00
6.765000e+00; 9.810000e+04; 1.202495e+00; 1.510199e+05; 1.150078e+00; 1.098918e+05; 1.191403e+00
6.770000e+00; 9.810000e+04; 1.202415e+00; 1.520062e+05; 1.149101e+00; 1.104408e+05; 1.190850e+00
6.775000e+00; 9.810000e+04; 1.202329e+00; 1.529937e+05; 1.148122e+00; 1.110050e+05; 1.190281e+00
6.780000e+00; 9.810000e+04; 1.202235e+00; 1.539825e+05; 1.147141e+00; 1.115842e+05; 1.189697e+00
6.785000e+00; 9.810000e+04; 1.202135e+00; 1.549723e+05; 1.146158e+00; 1.121785e+05; 1.189099e+00
6.790000e+00; 9.810000e+04; 1.202026e+00; 1.559630e+05; 1.145174e+00; 1.127876e+05; 1.188485e+00
6.795000e+00; 9.810000e+04; 1.201909e+00; 1.569547e+05; 1.144188e+00; 1.134114e+05; 1.187857e+00
6.800000e+00; 9.810000e+04; 1.201783e+00; 1.579472e+05; 1.143201e+00; 1.140497e+05; 1.187214e+00
6.805000e+00; 9.810000e+04; 1.201648e+00; 1.589405e+05; 1.142212e+00; 1.147022e+05; 1.186556e+00
6.810000e+00; 9.809999e+04; 1.201502e+00; 1.599344e+05; 1.141223e+00; 1.153688e+05; 1.185885e+00
6.815000e+00; 9.809999e+04; 1.201346e+00; 1.609290e+05; 1.140232e+00; 1.160493e+05; 1.185200e+00
6.820000e+00; 9.809999e+04; 1.201179e+00; 1.619241e+05; 1.139240e+00; 1.167432e+05; 1.184501e+00
6.825000e+00; 9.809999e+04; 1.201000e+00; 1.629198e+05; 1.138248e+00; 1.174505e+05; 1.183788e+00
6.830000e+00; 9.809999e+04; 1.200809e+00; 1.639159e+05; 1.137254e+00; 1.181707e+05; 1.183063e+00
6.835000e+00; 9.809999e+04; 1.200604e+00; 1.649124e+05; 1.136260e+00; 1.189035e+05; 1.182324e+00
6.840000e+00; 9.809999e+04; 1.200386e+00; 1.659093e+05; 1.135266e+00; 1.196488e+05; 1.181573e+00
6.845000e+00; 9.809999e+04; 1.200154e+00; 1.669066e+05; 1.134270e+00; 1.204060e+05; 1.180810e+00
6.850000e+00; 9.809999e+04; 1.199907e+00; 1.679041e+05; 1.133275e+00; 1.211749e+05; 1.180035e+00
6.855000e+00; 9.809999e+04; 1.199644e+00; 1.689020e+05; 1.132278e+00; 1.219551e+05; 1.179249e+00
6.860000e+00; 9.809999e+04; 1.199364e+00; 1.699001e+05; 1.131281e+00; 1.227462e+05; 1.178451e+00
6.865000e+00; 9.809999e+04; 1.199068e+00; 1.708984e+05; 1.130284e+00; 1.235479e+05; 1.177642e+00
6.870000e+00; 9.809999e+04; 1.198754e+00; 1.718969e+05; 1.129287e+00; 1.243598e+05; 1.176822e+00
6.875000e+00; 9.809999e+04; 1.198421e+00; 1.728956e+05; 1.128289e+00; 1.251816e+05; 1.175993e+00
6.880000e+00; 9.809999e+04; 1.198070e+00; 1.738945e+05; 1.127291e+00; 1.260127e+05; 1.175153e+00
6.885000e+00; 9.809999e+04; 1.197698e+00; 1.748935e+05; 1.126293e+00; 1.268529e+05; 1.174303e+00
6.890000e+00; 9.809999e+04; 1.197306e+00; 1.758927e+05; 1.125294e+00; 1.277017e+05; 1.173445e+00
6.895000e+00; 9.809999e+04; 1.196893e+00; 1.768920e+05; 1.124295e+00; 1.285588e+05; 1.172577e+00
6.900000e+00; 9.809999e+04; 1.196458e+00; 1.778913e+05; 1.123296e+00; 1.294237e+05; 1.171700e+00
6.905000e+00; 9.809999e+04; 1.196000e+00; 1.788908e+05; 1.122297e+00; 1.302960e+05; 1.170815e+00
6.910000e+00; 9.809999e+04; 1.195519e+00; 1.798903e+05; 1.121298e+00; 1.311754e+05; 1.169922e+00
6.915000e+00; 9.809999e+04; 1.195014e+00; 1.808899e+05; 1.120299e+00; 1.320614e+05; 1.169022e+00
6.920000e+00; 9.809999e+04; 1.194485e+00; 1.818896e+05; 1.119299e+00; 1.329537e+05; 1.168113e+00
6.925000e+00; 9.809999e+04; 1.193930e+00; 1.828893e+05; 1.118300e+00; 1.338518e+05; 1.167198e+00
6.930000e+00; 9.809999e+04; 1.193350e+00; 1.838891e+05; 1.117300e+00; 1.347554e+05; 1.166275e+00
6.935000e+00; 9.809999e+04; 1.192744e+00; 1.848889e+05; 1.116300e+00; 1.356641e+05; 1.165346e+00
6.940000e+00; 9.809999e+04; 1.192111e+00; 1.858887e+05; 1.115300e+00; 1.365774e+05; 1.164410e+00
6.945000e+00; 9.809999e+04; 1.191451e+00; 1.868886e+05; 1.114300e+00; 1.374950e+05; 1.163468e+00
6.950000e+00; 9.809999e+04; 1.190764e+00; 1.878885e+05; 1.113301e+00; 1.384165e+05; 1.162520e+00
6.955000e+00; 9.809999e+04; 1.190048e+00; 1.888884e+05; 1.112301e+00; 1.393416e+05; 1.161565e+00
6.960000e+00; 9.809999e+04; 1.189303e+00; 1.898883e+05; 1.111301e+00; 1.402698e+05; 1.160605e+00
6.965000e+00; 9.809999e+04; 1.188530e+00; 1.908883e+05; 1.110300e+00; 1.412008e+05; 1.159640e+00
6.970000e+00; 9.809999e+04; 1.187728e+00; 1.918882e+05; 1.109300e+00; 1.421341e+05; 1.158669e+00
6.975000e+00; 9.809999e+04; 1.186896e+00; 1.928882e+05; 1.108300e+00; 1.430696e+05; 1.157692e+00
6.980000e+00; 9.809999e+04; 1.186035e+00; 1.938882e+05; 1.107300e+00; 1.440067e+05; 1.156710e+00
6.985000e+00; 9.809999e+04; 1.185143e+00; 1.948881e+05; 1.106300e+00; 1.449451e+05; 1.155723e+00
6.990000e+00; 9.809999e+04; 1.184222e+00; 1.958881e+05; 1.105300e+00; 1.458845e+05; 1.154731e+00
6.995000e+00; 9.809999e+04; 1.183270e+00; 1.968880e+05; 1.104299e+00; 1.468245e+05; 1.153734e+00
7.000000e+00; 9.809999e+04; 1.182289e+00; 1.978880e+05; 1.103299e+00; 1.477647e+05; 1.152732e+00
7.005000e+00; 9.809999e+04; 1.181277e+00; 1.988879e+05; 1.102299e+00; 1.487048e+05; 1.151725e+00
7.010000e+00; 9.809999e+04; 1.180235e+00; 1.998879e+05; 1.101298e+00; 1.496444e+05; 1.150712e+00
7.015000e+00; 9.810000e+04; 1.179162e+00; 2.008878e+05; 1.100298e+00; 1.505833e+05; 1.149695e+00
7.020000e+00; 9.810000e+04; 1.178060e+00; 2.018877e+05; 1.099297e+00; 1.515209e+05; 1.148672e+00
7.025000e+00; 9.810000e+04; 1.176927e+00; 2.028875e+05; 1.098297e+00; 1.524570e+05; 1.147645e+00
7.030000e+00; 9.810000e+04; 1.175765e+00; 2.038874e+05; 1.097296e+00; 1.533912e+05; 1.146612e+00
7.035000e+00; 9.810000e+04; 1.174574e+00; 2.048872e+05; 1.096296e+00; 1.543232e+05; 1.145573e+00
7.040000e+00; 9.810000e+04; 1.173353e+00; 2.058870e+05; 1.095295e+00; 1.552525e+05; 1.144529e+00
7.045000e+00; 9.810000e+04; 1.172103e+00; 2.068867e+05; 1.094294e+00; 1.561790e+05; 1.143480e+00
7.050000e+00; 9.810000e+04; 1.170825e+00; 2.078864e+05; 1.093293e+00; 1.571021e+05; 1.142424e+00
7.055000e+00; 9.810000e+04; 1.169519e+00; 2.088860e+05; 1.092292e+00; 1.580215e+05; 1.141363e+00
7.060000e+00; 9.810000e+04; 1.168185e+00; 2.098856e+05; 1.091291e+00; 1.589369e+05; 1.140296e+00
7.065000e+00; 9.810000e+04; 1.166823e+00; 2.108851e+05; 1.090290e+00; 1.598478e+05; 1.139222e+00
7.070000e+00; 9.810000e+04; 1.165435e+00; 2.118846e+05; 1.089289e+00; 1.607540e+05; 1.138142e+00
7.075000e+00; 9.810000e+04; 1.164021e+00; 2.128839e+05; 1.088287e+00; 1.616551e+05; 1.137055e+00
7.080000e+00; 9.810000e+04; 1.162580e+00; 2.138832e+05; 1.087286e+00; 1.625506e+05; 1.135961e+00
7.085000e+00; 9.810000e+04; 1.161115e+00; 2.148823e+05; 1.086284e+00; 1.634403e+05; 1.134860e+00
7.090000e+00; 9.810000e+04; 1.159625e+00; 2.158814e+05; 1.085282e+00; 1.643237e+05; 1.133751e+00
7.095000e+00; 9.810000e+04; 1.158111e+00; 2.168803e+05; 1.084280e+00; 1.652005e+05; 1.132635e+00
7.100000e+00; 9.810000e+04; 1.156574e+00; 2.178790e+05; 1.083277e+00; 1.660703e+05; 1.131510e+00
7.105000e+00; 9.810000e+04; 1.155014e+00; 2.188777e+05; 1.082275e+00; 1.669326e+05; 1.130377e+00
7.110000e+00; 9.810000e+04; 1.153432e+00; 2.198761e+05; 1.081271e+00; 1.677873e+05; 1.129236e+00
7.115000e+00; 9.810000e+04; 1.151829e+00; 2.208743e+05; 1.080268e+00; 1.686338e+05; 1.128086e+00
7.120000e+00; 9.810000e+04; 1.150204e+00; 2.218724e+05; 1.079264e+00; 1.694718e+05; 1.126926e+00
7.125000e+00; 9.810000e+04; 1.148560e+00; 2.228702e+05; 1.078260e+00; 1.703010e+05; 1.125757e+00
7.130000e+00; 9.810000e+04; 1.146897e+00; 2.238677e+05; 1.077256e+00; 1.711209e+05; 1.124578e+00
7.135000e+00; 9.810000e+04; 1.145215e+00; 2.248649e+05; 1.076250e+00; 1.719312e+05; 1.123389e+00
7.140000e+00; 9.810000e+04; 1.143515e+00; 2.258618e+05; 1.075245e+00; 1.727316e+05; 1.122190e+00
7.145000e+00; 9.810000e+04; 1.141798e+00; 2.268584e+05; 1.074238e+00; 1.735217e+05; 1.120979e+00
7.150000e+00; 9.810000e+04; 1.140064e+00; 2.278546e+05; 1.073231e+00; 1.743011e+05; 1.119758e+00
7.155000e+00; 9.810000e+04; 1.138314e+00; 2.288504e+05; 1.072224e+00; 1.750695e+05; 1.118526e+00
7.160000e+00; 9.810000e+04; 1.136550e+00; 2.298457e+05; 1.071215e+00; 1.758267e+05; 1.117281e+00
7.165000e+00; 9.810000e+04; 1.134770e+00; 2.308405e+05; 1.070206e+00; 1.765722e+05; 1.116025e+00
7.170000e+00; 9.810000e+04; 1.132977e+00; 2.318348e+05; 1.069196e+00; 1.773057e+05; 1.114757e+00
7.175000e+00; 9.810000e+04; 1.131171e+00; 2.328285e+05; 1.068184e+00; 1.780270e+05; 1.113476e+00
7.180000e+00; 9.810000e+04; 1.129352e+00; 2.338215e+05; 1.067172e+00; 1.787358e+05; 1.112182e+00
7.185000e+00; 9.810000e+04; 1.127521e+00; 2.348138e+05; 1.066158e+00; 1.794318e+05; 1.110875e+00
7.190000e+00; 9.810000e+04; 1.125678e+00; 2.358053e+05; 1.065143e+00; 1.801147e+05; 1.109555e+00
7.195000e+00; 9.810000e+04; 1.123825e+00; 2.367960e+05; 1.064127e+00; 1.807843e+05; 1.108222e+00
7.200000e+00; 9.810000e+04; 1.121962e+00; 2.377858e+05; 1.063109e+00; 1.814403e+05; 1.106875e+00
7.205000e+00; 9.810000e+04; 1.120089e+00; 2.387746e+05; 1.062090e+00; 1.820826e+05; 1.105514e+00
7.210000e+00; 9.810000e+04; 1.118207e+00; 2.397623e+05; 1.061068e+00; 1.827110e+05; 1.104139e+00
7.215000e+00; 9.810000e+04; 1.116316e+00; 2.407488e+05; 1.060045e+00; 1.833252e+05; 1.102749e+00
7.220000e+00; 9.810000e+04; 1.114418e+00; 2.417340e+05; 1.059020e+00; 1.839252e+05; 1.101346e+00
7.225000e+00; 9.810000e+04; 1.112511e+00; 2.427178e+05; 1.057992e+00; 1.845107e+05; 1.099927e+00
7.230000e+00; 9.810000e+04; 1.110598e+00; 2.437002e+05; 1.056962e+00; 1.850817e+05; 1.098495e+00
7.235000e+00; 9.810000e+04; 1.108678e+00; 2.446809e+05; 1.055930e+00; 1.856381e+05; 1.097047e+00
7.240000e+00; 9.810000e+04; 1.106752e+00; 2.456599e+05; 1.054895e+00; 1.861797e+05; 1.095585e+00
7.245000e+00; 9.810000e+04; 1.104819e+00; 2.466369e+05; 1.053857e+00; 1.867066e+05; 1.094108e+00
7.250000e+00; 9.810000e+04; 1.102882e+00; 2.476119e+05; 1.052816e+00; 1.872186e+05; 1.092616e+00
7.255000e+00; 9.810000e+04; 1.100939e+00; 2.485846e+05; 1.051772e+00; 1.877158e+05; 1.091109e+00
7.260000e+00; 9.810000e+04; 1.098991e+00; 2.495549e+05; 1.050724e+00; 1.881981e+05; 1.089587e+00
7.265000e+00; 9.810000e+04; 1.097039e+00; 2.505226e+05; 1.049673e+00; 1.886657e+05; 1.088051e+00
7.270000e+00; 9.810000e+04; 1.095083e+00; 2.514875e+05; 1.048618e+00; 1.891185e+05; 1.086499e+00
7.275000e+00; 9.810000e+04; 1.093124e+00; 2.524492e+05; 1.047559e+00; 1.895566e+05; 1.084933e+00
7.280000e+00; 9.810000e+04; 1.091160e+00; 2.534077e+05; 1.046497e+00; 1.899801e+05; 1.083353e+00
7.285000e+00; 9.810000e+04; 1.089194e+00; 2.543625e+05; 1.045429e+00; 1.903891e+05; 1.081757e+00
7.290000e+00; 9.810000e+04; 1.087224e+00; 2.553135e+05; 1.044358e+00; 1.907837e+05; 1.080148e+00
7.295000e+00; 9.810000e+04; 1.085252e+00; 2.562602e+05; 1.043282e+00; 1.911641e+05; 1.078524e+00
7.300000e+00; 9.810000e+04; 1.083277e+00; 2.572023e+05; 1.042201e+00; 1.915304e+05; 1.076886e+00
7.305000e+00; 9.810000e+04; 1.081299e+00; 2.581395e+05; 1.041115e+00; 1.918829e+05; 1.075235e+00
7.310000e+00; 9.810000e+04; 1.079320e+00; 2.590714e+05; 1.040024e+00; 1.922216e+05; 1.073569e+00
7.315000e+00; 9.810000e+04; 1.077338e+00; 2.599974e+05; 1.038928e+00; 1.925469e+05; 1.071891e+00
7.320000e+00; 9.810000e+04; 1.075355e+00; 2.609171e+05; 1.037827e+00; 1.928590e+05; 1.070199e+00
7.325000e+00; 9.810000e+04; 1.073370e+00; 2.618301e+05; 1.036720e+00; 1.931581e+05; 1.068494e+00
7.330000e+00; 9.810000e+04; 1.071384e+00; 2.627357e+05; 1.035608e+00; 1.934445e+05; 1.066776e+00
7.335000e+00; 9.810000e+04; 1.069396e+00; 2.636334e+05; 1.034491e+00; 1.937184e+05; 1.065046e+00
7.340000e+00; 9.810000e+04; 1.067407e+00; 2.645224e+05; 1.033369e+00; 1.939801e+05; 1.063303e+00
7.345000e+00; 9.810000e+04; 1.065416e+00; 2.654022e+05; 1.032242e+00; 1.942299e+05; 1.061549e+00
7.350000e+00; 9.810000e+04; 1.063425e+00; 2.662720e+05; 1.031109e+00; 1.944682e+05; 1.059783e+00
7.355000e+00; 9.810000e+04; 1.061433e+00; 2.671311e+05; 1.029972e+00; 1.946952e+05; 1.058006e+00
7.360000e+00; 9.810000e+04; 1.059440e+00; 2.679785e+05; 1.028830e+00; 1.949113e+05; 1.056218e+00
7.365000e+00; 9.810000e+04; 1.057446e+00; 2.688134e+05; 1.027683e+00; 1.951168e+05; 1.054419e+00
7.370000e+00; 9.810000e+04; 1.055451e+00; 2.696349e+05; 1.026532e+00; 1.953120e+05; 1.052609e+00
7.375000e+00; 9.810000e+04; 1.053456e+00; 2.704420e+05; 1.025377e+00; 1.954972e+05; 1.050790e+00
7.380000e+00; 9.810000e+04; 1.051460e+00; 2.712337e+05; 1.024219e+00; 1.956728e+05; 1.048961e+00
7.385000e+00; 9.810000e+04; 1.049464e+00; 2.720089e+05; 1.023058e+00; 1.958392e+05; 1.047123e+00
7.390000e+00; 9.810000e+04; 1.047467e+00; 2.727665e+05; 1.021894e+00; 1.959967e+05; 1.045275e+00
7.395000e+00; 9.810000e+04; 1.045470e+00; 2.735054e+05; 1.020728e+00; 1.961455e+05; 1.043419e+00
7.400000e+00; 9.810000e+04; 1.043472e+00; 2.742243e+05; 1.019561e+00; 1.962862e+05; 1.041554e+00
7.405000e+00; 9.810000e+04; 1.041474e+00; 2.749220e+05; 1.018393e+00; 1.964190e+05; 1.039681e+00
7.410000e+00; 9.810000e+04; 1.039476e+00; 2.755974e+05; 1.017225e+00; 1.965442e+05; 1.037801e+00
7.415000e+00; 9.810000e+04; 1.037477e+00; 2.762491e+05; 1.016057e+00; 1.966623e+05; 1.035913e+00
7.420000e+00; 9.810000e+04; 1.035478e+00; 2.768759e+05; 1.014891e+00; 1.967735e+05; 1.034017e+00
7.425000e+00; 9.810000e+04; 1.033479e+00; 2.774764e+05; 1.013727e+00; 1.968781e+05; 1.032115e+00
7.430000e+00; 9.810000e+04; 1.031480e+00; 2.780495e+05; 1.012565e+00; 1.969766e+05; 1.030207e+00
7.435000e+00; 9.810000e+04; 1.029481e+00; 2.785938e+05; 1.011406e+00; 1.970691e+05; 1.028291e+00
7.440000e+00; 9.810000e+04; 1.027481e+00; 2.791082e+05; 1.010252e+00; 1.971561e+05; 1.026370e+00
7.445000e+00; 9.810000e+04; 1.025482e+00; 2.795913e+05; 1.009103e+00; 1.972378e+05; 1.024444e+00
7.450000e+00; 9.810000e+04; 1.023482e+00; 2.800421e+05; 1.007960e+00; 1.973146e+05; 1.022511e+00
7.455000e+00; 9.810000e+04; 1.021482e+00; 2.804594e+05; 1.006823e+00; 1.973867e+05; 1.020574e+00
7.460000e+00; 9.810000e+04; 1.019482e+00; 2.808423e+05; 1.005693e+00; 1.974544e+05; 1.018631e+00
7.465000e+00; 9.810000e+04; 1.017482e+00; 2.811896e+05; 1.004571e+00; 1.975181e+05; 1.016684e+00
7.470000e+00; 9.810000e+04; 1.015482e+00; 2.815005e+05; 1.003457e+00; 1.975778e+05; 1.014732e+00
7.475000e+00; 9.810000e+04; 1.013482e+00; 2.819089e+05; 1.002156e+00; 1.976340e+05; 1.012776e+00
7.480000e+00; 9.810000e+04; 1.011482e+00; 2.821190e+05; 1.001213e+00; 1.976869e+05; 1.010816e+00
7.485000e+00; 9.810000e+04; 1.009482e+00; 2.822894e+05; 1.000043e+00; 1.977366e+05; 1.008852e+00
7.490000e+00; 9.810000e+04; 1.007481e+00; 2.824468e+05; 9.990608e-01; 1.977834e+05; 1.006885e+00
7.495000e+00; 9.810000e+04; 1.005481e+00; 2.825179e+05; 9.979739e-01; 1.978276e+05; 1.004914e+00
7.500000e+00; 9.810000e+04; 1.003480e+00; 2.826112e+05; 9.969481e-01; 1.978692e+05; 1.002940e+00
7.505000e+00; 9.810000e+04; 1.001480e+00; 2.825933e+05; 9.959464e-01; 1.979086e+05; 1.000963e+00
7.510000e+00; 9.810000e+04; 9.994795e-01; 2.826097e+05; 9.948838e-01; 1.979458e+05; 9.989825e-01
7.515000e+00; 9.810000e+04; 9.974789e-01; 2.825154e+05; 9.939520e-01; 1.979810e+05; 9.969998e-01
7.520000e+00; 9.810000e+04; 9.954784e-01; 2.824438e+05; 9.928744e-01; 1.980143e+05; 9.950147e-01
7.525000e+00; 9.810000e+04; 9.934777e-01; 2.822843e+05; 9.919841e-01; 1.980458e+05; 9.930273e-01
7.530000e+00; 9.810000e+04; 9.914771e-01; 2.821186e+05; 9.909209e-01; 1.980756e+05; 9.910379e-01
7.535000e+00; 9.810000e+04; 9.894764e-01; 2.819005e+05; 9.900402e-01; 1.981039e+05; 9.890466e-01
7.540000e+00; 9.810000e+04; 9.874757e-01; 2.816413e+05; 9.890181e-01; 1.981305e+05; 9.870538e-01
7.545000e+00; 9.810000e+04; 9.854749e-01; 2.813661e+05; 9.881211e-01; 1.981556e+05; 9.850595e-01
7.550000e+00; 9.810000e+04; 9.834740e-01; 2.811044e+05; 9.870339e-01; 1.981791e+05; 9.830641e-01
7.555000e+00; 9.810000e+04; 9.814732e-01; 2.807307e+05; 9.862353e-01; 1.982010e+05; 9.810678e-01
7.560000e+00; 9.810000e+04; 9.794722e-01; 2.803419e+05; 9.851861e-01; 1.982212e+05; 9.790709e-01
7.565000e+00; 9.810000e+04; 9.774712e-01; 2.799315e+05; 9.843625e-01; 1.982397e+05; 9.770737e-01
7.570000e+00; 9.810000e+04; 9.754701e-01; 2.796187e+05; 9.831361e-01; 1.982562e+05; 9.750765e-01
7.575000e+00; 9.810000e+04; 9.734690e-01; 2.791574e+05; 9.824143e-01; 1.982706e+05; 9.730797e-01
7.580000e+00; 9.810000e+04; 9.714677e-01; 2.786429e+05; 9.813166e-01; 1.982828e+05; 9.710835e-01
7.585000e+00; 9.810000e+04; 9.694664e-01; 2.781221e+05; 9.805662e-01; 1.982923e+05; 9.690885e-01
7.590000e+00; 9.810000e+04; 9.674649e-01; 2.775534e+05; 9.794984e-01; 1.982991e+05; 9.670950e-01
7.595000e+00; 9.810000e+04; 9.654634e-01; 2.769778e+05; 9.787363e-01; 1.983027e+05; 9.651035e-01
7.600000e+00; 9.810000e+04; 9.634617e-01; 2.763588e+05; 9.776872e-01; 1.983027e+05; 9.631145e-01
7.605000e+00; 9.810000e+04; 9.614598e-01; 2.757336e+05; 9.769155e-01; 1.982988e+05; 9.611285e-01
7.610000e+00; 9.810000e+04; 9.594579e-01; 2.750688e+05; 9.758799e-01; 1.982904e+05; 9.591462e-01
7.615000e+00; 9.810000e+04; 9.574557e-01; 2.743987e+05; 9.750984e-01; 1.982770e+05; 9.571681e-01
7.620000e+00; 9.810000e+04; 9.554534e-01; 2.736927e+05; 9.740725e-01; 1.982582e+05; 9.551948e-01
7.625000e+00; 9.810000e+04; 9.534508e-01; 2.729825e+05; 9.732804e-01; 1.982332e+05; 9.532272e-01
7.630000e+00; 9.810000e+04; 9.514481e-01; 2.722396e+05; 9.722614e-01; 1.982015e+05; 9.512658e-01
7.635000e+00; 9.810000e+04; 9.494451e-01; 2.714934e+05; 9.714579e-01; 1.981623e+05; 9.493115e-01
7.640000e+00; 9.810000e+04; 9.474418e-01; 2.707177e+05; 9.704437e-01; 1.981150e+05; 9.473650e-01
7.645000e+00; 9.810000e+04; 9.454383e-01; 2.699396e+05; 9.696281e-01; 1.980587e+05; 9.454271e-01
7.650000e+00; 9.810000e+04; 9.434344e-01; 2.691349e+05; 9.686167e-01; 1.979928e+05; 9.434987e-01
7.655000e+00; 9.810000e+04; 9.414302e-01; 2.683285e+05; 9.677887e-01; 1.979163e+05; 9.415807e-01
7.660000e+00; 9.810000e+04; 9.394257e-01; 2.674981e+05; 9.667787e-01; 1.978284e+05; 9.396739e-01
7.665000e+00; 9.810000e+04; 9.374208e-01; 2.666669e+05; 9.659382e-01; 1.977284e+05; 9.377791e-01
7.670000e+00; 9.810000e+04; 9.354154e-01; 2.658139e+05; 9.649285e-01; 1.976155e+05; 9.358972e-01
7.675000e+00; 9.810000e+04; 9.334097e-01; 2.649607e+05; 9.640755e-01; 1.974887e+05; 9.340291e-01
7.680000e+00; 9.810000e+04; 9.314034e-01; 2.640879e+05; 9.630653e-01; 1.973474e+05; 9.321755e-01
7.685000e+00; 9.810000e+04; 9.293967e-01; 2.632154e+05; 9.622003e-01; 1.971907e+05; 9.303374e-01
7.690000e+00; 9.810000e+04; 9.273894e-01; 2.623252e+05; 9.611891e-01; 1.970177e+05; 9.285155e-01
7.695000e+00; 9.810000e+04; 9.253816e-01; 2.614358e+05; 9.603123e-01; 1.968276e+05; 9.267108e-01
7.700000e+00; 9.810000e+04; 9.233731e-01; 2.605304e+05; 9.593000e-01; 1.966195e+05; 9.249243e-01
7.705000e+00; 9.810000e+04; 9.213641e-01; 2.596261e+05; 9.584121e-01; 1.963922e+05; 9.231569e-01
7.710000e+00; 9.810000e+04; 9.193545e-01; 2.587074e+05; 9.573984e-01; 1.961449e+05; 9.214099e-01
7.715000e+00; 9.810000e+04; 9.173441e-01; 2.577901e+05; 9.565000e-01; 1.958763e+05; 9.196843e-01
7.720000e+00; 9.810000e+04; 9.153332e-01; 2.568598e+05; 9.554850e-01; 1.955853e+05; 9.179813e-01
7.725000e+00; 9.810000e+04; 9.133215e-01; 2.559311e+05; 9.545769e-01; 1.952709e+05; 9.163018e-01
7.730000e+00; 9.810000e+04; 9.113091e-01; 2.549906e+05; 9.535607e-01; 1.949322e+05; 9.146468e-01
7.735000e+00; 9.810000e+04; 9.092961e-01; 2.540518e+05; 9.526436e-01; 1.945684e+05; 9.130170e-01
7.740000e+00; 9.810000e+04; 9.072824e-01; 2.531025e+05; 9.516263e-01; 1.941789e+05; 9.114128e-01
7.745000e+00; 9.810000e+04; 9.052680e-01; 2.521551e+05; 9.507010e-01; 1.937635e+05; 9.098345e-01
7.750000e+00; 9.810000e+04; 9.032531e-01; 2.511980e+05; 9.496829e-01; 1.933222e+05; 9.082821e-01
7.755000e+00; 9.810000e+04; 9.012375e-01; 2.502430e+05; 9.487501e-01; 1.928552e+05; 9.067551e-01
7.760000e+00; 9.810000e+04; 8.992215e-01; 2.492792e+05; 9.477313e-01; 1.923630e+05; 9.052531e-01
7.765000e+00; 9.810000e+04; 8.972050e-01; 2.483175e+05; 9.467918e-01; 1.918463e+05; 9.037754e-01
7.770000e+00; 9.810000e+04; 8.951883e-01; 2.473480e+05; 9.457726e-01; 1.913059e+05; 9.023212e-01
7.775000e+00; 9.810000e+04; 8.931713e-01; 2.463806e+05; 9.448270e-01; 1.907425e+05; 9.008897e-01
7.780000e+00; 9.810000e+04; 8.911544e-01; 2.454060e+05; 9.438076e-01; 1.901570e+05; 8.994799e-01
7.785000e+00; 9.810000e+04; 8.891376e-01; 2.444336e+05; 9.428565e-01; 1.895505e+05; 8.980910e-01
7.790000e+00; 9.810000e+04; 8.871213e-01; 2.434548e+05; 9.418371e-01; 1.889236e+05; 8.967222e-01
7.795000e+00; 9.810000e+04; 8.851056e-01; 2.424781e+05; 9.408811e-01; 1.882771e+05; 8.953728e-01
7.800000e+00; 9.810000e+04; 8.830909e-01; 2.414956e+05; 9.398619e-01; 1.876116e+05; 8.940422e-01
7.805000e+00; 9.810000e+04; 8.810775e-01; 2.405152e+05; 9.389015e-01; 1.869276e+05; 8.927299e-01
7.810000e+00; 9.810000e+04; 8.790659e-01; 2.395295e+05; 9.378826e-01; 1.862254e+05; 8.914356e-01
7.815000e+00; 9.810000e+04; 8.770564e-01; 2.385459e+05; 9.369183e-01; 1.855054e+05; 8.901591e-01
7.820000e+00; 9.810000e+04; 8.750496e-01; 2.375576e+05; 9.358999e-01; 1.847677e+05; 8.889000e-01
7.825000e+00; 9.810000e+04; 8.730461e-01; 2.365713e+05; 9.349321e-01; 1.840127e+05; 8.876582e-01
7.830000e+00; 9.810000e+04; 8.710465e-01; 2.355807e+05; 9.339142e-01; 1.832405e+05; 8.864333e-01
7.835000e+00; 9.810000e+04; 8.690514e-01; 2.345921e+05; 9.329433e-01; 1.824517e+05; 8.852250e-01
7.840000e+00; 9.810000e+04; 8.670616e-01; 2.335997e+05; 9.319260e-01; 1.816466e+05; 8.840325e-01
7.845000e+00; 9.810001e+04; 8.650781e-01; 2.326091e+05; 9.309524e-01; 1.808260e+05; 8.828553e-01
7.850000e+00; 9.810001e+04; 8.631016e-01; 2.316151e+05; 9.299358e-01; 1.799905e+05; 8.816925e-01
7.855000e+00; 9.810001e+04; 8.611331e-01; 2.306229e+05; 9.289597e-01; 1.791411e+05; 8.805434e-01
7.860000e+00; 9.810001e+04; 8.591737e-01; 2.296275e+05; 9.279438e-01; 1.782786e+05; 8.794068e-01
7.865000e+00; 9.810001e+04; 8.572246e-01; 2.286340e+05; 9.269655e-01; 1.774041e+05; 8.782820e-01
7.870000e+00; 9.810001e+04; 8.552868e-01; 2.276375e+05; 9.259504e-01; 1.765183e+05; 8.771679e-01
7.875000e+00; 9.810001e+04; 8.533617e-01; 2.266428e+05; 9.249701e-01; 1.756222e+05; 8.760638e-01
7.880000e+00; 9.810001e+04; 8.514506e-01; 2.256455e+05; 9.239557e-01; 1.747167e+05; 8.749686e-01
7.885000e+00; 9.810001e+04; 8.495548e-01; 2.246498e+05; 9.229738e-01; 1.738025e+05; 8.738817e-01
7.890000e+00; 9.810001e+04; 8.476758e-01; 2.236517e+05; 9.219601e-01; 1.728803e+05; 8.728022e-01
7.895000e+00; 9.810001e+04; 8.458150e-01; 2.226552e+05; 9.209766e-01; 1.719508e+05; 8.717296e-01
7.900000e+00; 9.810001e+04; 8.439740e-01; 2.216566e+05; 9.199637e-01; 1.710147e+05; 8.706633e-01
7.905000e+00; 9.810001e+04; 8.421543e-01; 2.206594e+05; 9.189788e-01; 1.700725e+05; 8.696025e-01
7.910000e+00; 9.810001e+04; 8.403576e-01; 2.196603e+05; 9.179667e-01; 1.691246e+05; 8.685469e-01
7.915000e+00; 9.810001e+04; 8.385855e-01; 2.186626e+05; 9.169805e-01; 1.681716e+05; 8.674959e-01
7.920000e+00; 9.810001e+04; 8.368396e-01; 2.176631e+05; 9.159691e-01; 1.672140e+05; 8.664491e-01
7.925000e+00; 9.810001e+04; 8.351217e-01; 2.166649e+05; 9.149817e-01; 1.662520e+05; 8.654060e-01
7.930000e+00; 9.810001e+04; 8.334335e-01; 2.156651e+05; 9.139711e-01; 1.652861e+05; 8.643663e-01
7.935000e+00; 9.810001e+04; 8.317767e-01; 2.146666e+05; 9.129827e-01; 1.643166e+05; 8.633297e-01
7.940000e+00; 9.810001e+04; 8.301531e-01; 2.136665e+05; 9.119727e-01; 1.633438e+05; 8.622957e-01
7.945000e+00; 9.810001e+04; 8.285645e-01; 2.126677e+05; 9.109834e-01; 1.623680e+05; 8.612642e-01
7.950000e+00; 9.810001e+04; 8.270126e-01; 2.116674e+05; 9.099741e-01; 1.613894e+05; 8.602349e-01
7.955000e+00; 9.810001e+04; 8.254992e-01; 2.106683e+05; 9.089840e-01; 1.604082e+05; 8.592074e-01
7.960000e+00; 9.810001e+04; 8.240259e-01; 2.096678e+05; 9.079753e-01; 1.594247e+05; 8.581817e-01
7.965000e+00; 9.810001e+04; 8.225942e-01; 2.086685e+05; 9.069844e-01; 1.584391e+05; 8.571574e-01
7.970000e+00; 9.810001e+04; 8.212056e-01; 2.076679e+05; 9.059764e-01; 1.574515e+05; 8.561346e-01
7.975000e+00; 9.810001e+04; 8.198614e-01; 2.066683e+05; 9.049848e-01; 1.564621e+05; 8.551129e-01
7.980000e+00; 9.810001e+04; 8.185626e-01; 2.056677e+05; 9.039774e-01; 1.554710e+05; 8.540922e-01
7.985000e+00; 9.810001e+04; 8.173101e-01; 2.046679e+05; 9.029852e-01; 1.544783e+05; 8.530726e-01
7.990000e+00; 9.810001e+04; 8.161045e-01; 2.036671e+05; 9.019783e-01; 1.534842e+05; 8.520538e-01
7.995000e+00; 9.810001e+04; 8.149461e-01; 2.026671e+05; 9.009856e-01; 1.524889e+05; 8.510357e-01
8.000000e+00; 9.810000e+04; 8.138350e-01; 2.016662e+05; 8.999793e-01; 1.514924e+05; 8.500184e-01
8.005000e+00; 9.810000e+04; 8.127710e-01; 2.006661e+05; 8.989861e-01; 1.504948e+05; 8.490018e-01
8.010000e+00; 9.810000e+04; 8.117538e-01; 1.996650e+05; 8.979803e-01; 1.494963e+05; 8.479858e-01
8.015000e+00; 9.810000e+04; 8.107828e-01; 1.986647e+05; 8.969867e-01; 1.484970e+05; 8.469705e-01
8.020000e+00; 9.810000e+04; 8.098571e-01; 1.976635e+05; 8.959814e-01; 1.474970e+05; 8.459559e-01
8.025000e+00; 9.810000e+04; 8.089759e-01; 1.966629e+05; 8.949874e-01; 1.464965e+05; 8.449419e-01
8.030000e+00; 9.810000e+04; 8.081381e-01; 1.956616e+05; 8.939826e-01; 1.454956e+05; 8.439287e-01
8.035000e+00; 9.810000e+04; 8.073426e-01; 1.946608e+05; 8.929884e-01; 1.444945e+05; 8.429164e-01
8.040000e+00; 9.810000e+04; 8.065885e-01; 1.936592e+05; 8.919841e-01; 1.434932e+05; 8.419049e-01
8.045000e+00; 9.810000e+04; 8.058745e-01; 1.926582e+05; 8.909896e-01; 1.424921e+05; 8.408945e-01
8.050000e+00; 9.810000e+04; 8.051996e-01; 1.916563e+05; 8.899858e-01; 1.414914e+05; 8.398853e-01
8.055000e+00; 9.810000e+04; 8.045626e-01; 1.906549e+05; 8.889911e-01; 1.404911e+05; 8.388774e-01
8.060000e+00; 9.810000e+04; 8.039627e-01; 1.896528e+05; 8.879879e-01; 1.394917e+05; 8.378710e-01
8.065000e+00; 9.810000e+04; 8.033986e-01; 1.886510e+05; 8.869931e-01; 1.384933e+05; 8.368665e-01
8.070000e+00; 9.810000e+04; 8.028694e-01; 1.876485e+05; 8.859904e-01; 1.374963e+05; 8.358639e-01
8.075000e+00; 9.810000e+04; 8.023741e-01; 1.866463e+05; 8.849956e-01; 1.365009e+05; 8.348636e-01
8.080000e+00; 9.810000e+04; 8.019114e-01; 1.856433e+05; 8.839934e-01; 1.355076e+05; 8.338659e-01
8.085000e+00; 9.810000e+04; 8.014804e-01; 1.846405e+05; 8.829986e-01; 1.345166e+05; 8.328711e-01
8.090000e+00; 9.810000e+04; 8.010797e-01; 1.836369e+05; 8.819971e-01; 1.335284e+05; 8.318796e-01
8.095000e+00; 9.810000e+04; 8.007082e-01; 1.826334e+05; 8.810025e-01; 1.325434e+05; 8.308919e-01
8.100000e+00; 9.810000e+04; 8.003644e-01; 1.816292e+05; 8.800017e-01; 1.315622e+05; 8.299083e-01
8.105000e+00; 9.810000e+04; 8.000471e-01; 1.806249e+05; 8.790073e-01; 1.305850e+05; 8.289294e-01
8.110000e+00; 9.810000e+04; 7.997549e-01; 1.796199e+05; 8.780072e-01; 1.296126e+05; 8.279556e-01
8.115000e+00; 9.810000e+04; 7.994861e-01; 1.786147e+05; 8.770131e-01; 1.286454e+05; 8.269874e-01
8.120000e+00; 9.809999e+04; 7.992395e-01; 1.776086e+05; 8.760139e-01; 1.276841e+05; 8.260255e-01
8.125000e+00; 9.809999e+04; 7.990135e-01; 1.766023e+05; 8.750203e-01; 1.267292e+05; 8.250705e-01
8.130000e+00; 9.809999e+04; 7.988066e-01; 1.755950e+05; 8.740220e-01; 1.257815e+05; 8.241229e-01
8.135000e+00; 9.809999e+04; 7.986176e-01; 1.745874e+05; 8.730290e-01; 1.248414e+05; 8.231835e-01
8.140000e+00; 9.810000e+04; 7.984449e-01; 1.735787e+05; 8.720318e-01; 1.239099e+05; 8.222528e-01
8.145000e+00; 9.810000e+04; 7.982874e-01; 1.725695e+05; 8.710397e-01; 1.229875e+05; 8.213317e-01
8.150000e+00; 9.810000e+04; 7.981437e-01; 1.715591e+05; 8.700437e-01; 1.220750e+05; 8.204209e-01
8.155000e+00; 9.810000e+04; 7.980128e-01; 1.705481e+05; 8.690525e-01; 1.211732e+05; 8.195210e-01
8.160000e+00; 9.810000e+04; 7.978936e-01; 1.695358e+05; 8.680580e-01; 1.202829e+05; 8.186330e-01
8.165000e+00; 9.810000e+04; 7.977850e-01; 1.685227e+05; 8.670681e-01; 1.194048e+05; 8.177575e-01
8.170000e+00; 9.810000e+04; 7.976861e-01; 1.675082e+05; 8.660751e-01; 1.185397e+05; 8.168953e-01
8.175000e+00; 9.810000e+04; 7.975961e-01; 1.664926e+05; 8.650867e-01; 1.176886e+05; 8.160473e-01
8.180000e+00; 9.810000e+04; 7.975141e-01; 1.654754e+05; 8.640957e-01; 1.168520e+05; 8.152143e-01
8.185000e+00; 9.810000e+04; 7.974395e-01; 1.644570e+05; 8.631091e-01; 1.160310e+05; 8.143971e-01
8.190000e+00; 9.810000e+04; 7.973715e-01; 1.634368e+05; 8.621203e-01; 1.152262e+05; 8.135964e-01
8.195000e+00; 9.810000e+04; 7.973096e-01; 1.624152e+05; 8.611358e-01; 1.144385e+05; 8.128131e-01
8.200000e+00; 9.810000e+04; 7.972532e-01; 1.613916e+05; 8.601496e-01; 1.136686e+05; 8.120478e-01
8.205000e+00; 9.810000e+04; 7.972017e-01; 1.603663e+05; 8.591677e-01; 1.129173e+05; 8.113013e-01
8.210000e+00; 9.810000e+04; 7.971548e-01; 1.593388e+05; 8.581846e-01; 1.121852e+05; 8.105743e-01
8.215000e+00; 9.810000e+04; 7.971121e-01; 1.583094e+05; 8.572057e-01; 1.114730e+05; 8.098675e-01
8.220000e+00; 9.810000e+04; 7.970730e-01; 1.572776e+05; 8.562260e-01; 1.107812e+05; 8.091812e-01
8.225000e+00; 9.810000e+04; 7.970374e-01; 1.562435e+05; 8.552508e-01; 1.101104e+05; 8.085162e-01
8.230000e+00; 9.810000e+04; 7.970048e-01; 1.552068e+05; 8.542752e-01; 1.094610e+05; 8.078727e-01
8.235000e+00; 9.810000e+04; 7.969750e-01; 1.541676e+05; 8.533042e-01; 1.088334e+05; 8.072511e-01
8.240000e+00; 9.810000e+04; 7.969478e-01; 1.531256e+05; 8.523335e-01; 1.082278e+05; 8.066517e-01
8.245000e+00; 9.810000e+04; 7.969229e-01; 1.520807e+05; 8.513675e-01; 1.076444e+05; 8.060747e-01
8.250000e+00; 9.810000e+04; 7.969000e-01; 1.510327e+05; 8.504023e-01; 1.070833e+05; 8.055200e-01
8.255000e+00; 9.810000e+04; 7.968792e-01; 1.499817e+05; 8.494422e-01; 1.065446e+05; 8.049878e-01
8.260000e+00; 9.810000e+04; 7.968600e-01; 1.489273e+05; 8.484835e-01; 1.060280e+05; 8.044778e-01
8.265000e+00; 9.810000e+04; 7.968425e-01; 1.478697e+05; 8.475303e-01; 1.055335e+05; 8.039901e-01
8.270000e+00; 9.810000e+04; 7.968265e-01; 1.468084e+05; 8.465792e-01; 1.050609e+05; 8.035242e-01
8.275000e+00; 9.810000e+04; 7.968117e-01; 1.457436e+05; 8.456340e-01; 1.046099e+05; 8.030800e-01
8.280000e+00; 9.810000e+04; 7.967983e-01; 1.446750e+05; 8.446917e-01; 1.041800e+05; 8.026571e-01
8.285000e+00; 9.810000e+04; 7.967859e-01; 1.436027e+05; 8.437559e-01; 1.037710e+05; 8.022550e-01
8.290000e+00; 9.810000e+04; 7.967746e-01; 1.425265e+05; 8.428239e-01; 1.033823e+05; 8.018735e-01
8.295000e+00; 9.810000e+04; 7.967643e-01; 1.414464e+05; 8.418991e-01; 1.030135e+05; 8.015119e-01
8.300000e+00; 9.810000e+04; 7.967548e-01; 1.403622e+05; 8.409789e-01; 1.026642e+05; 8.011699e-01
8.305000e+00; 9.810000e+04; 7.967461e-01; 1.392741e+05; 8.400667e-01; 1.023338e+05; 8.008470e-01
8.310000e+00; 9.810000e+04; 7.967382e-01; 1.381818e+05; 8.391603e-01; 1.020217e+05; 8.005426e-01
8.315000e+00; 9.810000e+04; 7.967310e-01; 1.370856e+05; 8.382627e-01; 1.017274e+05; 8.002562e-01
8.320000e+00; 9.810000e+04; 7.967244e-01; 1.359852e+05; 8.373721e-01; 1.014503e+05; 7.999872e-01
8.325000e+00; 9.810000e+04; 7.967184e-01; 1.348809e+05; 8.364914e-01; 1.011899e+05; 7.997352e-01
8.330000e+00; 9.810000e+04; 7.967129e-01; 1.337727e+05; 8.356190e-01; 1.009456e+05; 7.994995e-01
8.335000e+00; 9.810000e+04; 7.967079e-01; 1.326606e+05; 8.347576e-01; 1.007167e+05; 7.992796e-01
8.340000e+00; 9.810000e+04; 7.967034e-01; 1.315448e+05; 8.339059e-01; 1.005026e+05; 7.990749e-01
8.345000e+00; 9.810000e+04; 7.966993e-01; 1.304254e+05; 8.330666e-01; 1.003026e+05; 7.988848e-01
8.350000e+00; 9.810000e+04; 7.966956e-01; 1.293025e+05; 8.322384e-01; 1.001161e+05; 7.987087e-01
8.355000e+00; 9.810000e+04; 7.966922e-01; 1.281764e+05; 8.314241e-01; 9.994251e+04; 7.985459e-01
8.360000e+00; 9.810000e+04; 7.966892e-01; 1.270472e+05; 8.306227e-01; 9.978100e+04; 7.983959e-01
8.365000e+00; 9.810000e+04; 7.966864e-01; 1.259153e+05; 8.298367e-01; 9.963094e+04; 7.982581e-01
8.370000e+00; 9.810000e+04; 7.966840e-01; 1.247808e+05; 8.290653e-01; 9.949162e+04; 7.981317e-01
8.375000e+00; 9.810000e+04; 7.966818e-01; 1.236442e+05; 8.283110e-01; 9.936235e+04; 7.980163e-01
8.380000e+00; 9.810000e+04; 7.966798e-01; 1.225056e+05; 8.275731e-01; 9.924244e+04; 7.979111e-01
8.385000e+00; 9.810000e+04; 7.966781e-01; 1.213656e+05; 8.268541e-01; 9.913119e+04; 7.978156e-01
8.390000e+00; 9.810000e+04; 7.966766e-01; 1.202244e+05; 8.261535e-01; 9.902793e+04; 7.977293e-01
8.395000e+00; 9.810000e+04; 7.966752e-01; 1.190826e+05; 8.254736e-01; 9.893200e+04; 7.976516e-01
8.400000e+00; 9.810000e+04; 7.966740e-01; 1.179404e+05; 8.248141e-01; 9.884275e+04; 7.975819e-01
8.405000e+00; 9.810000e+04; 7.966730e-01; 1.167985e+05; 8.241772e-01; 9.875957e+04; 7.975198e-01
8.410000e+00; 9.810000e+04; 7.966721e-01; 1.156572e+05; 8.235626e-01; 9.868186e+04; 7.974648e-01
8.415000e+00; 9.810000e+04; 7.966713e-01; 1.145171e+05; 8.229725e-01; 9.860903e+04; 7.974165e-01
8.420000e+00; 9.810000e+04; 7.966707e-01; 1.133788e+05; 8.224067e-01; 9.854054e+04; 7.973745e-01
8.425000e+00; 9.810000e+04; 7.966702e-01; 1.122427e+05; 8.218674e-01; 9.847586e+04; 7.973385e-01
8.430000e+00; 9.810000e+04; 7.966698e-01; 1.111095e+05; 8.213542e-01; 9.841450e+04; 7.973081e-01
8.435000e+00; 9.810000e+04; 7.966695e-01; 1.099796e+05; 8.208692e-01; 9.835596e+04; 7.972830e-01
8.440000e+00; 9.810000e+04; 7.966693e-01; 1.088537e+05; 8.204122e-01; 9.829981e+04; 7.972630e-01
8.445000e+00; 9.810000e+04; 7.966691e-01; 1.077322e+05; 8.199850e-01; 9.824560e+04; 7.972479e-01
8.450000e+00; 9.810000e+04; 7.966691e-01; 1.066157e+05; 8.195876e-01; 9.819294e+04; 7.972374e-01
8.455000e+00; 9.810000e+04; 7.966692e-01; 1.055048e+05; 8.192215e-01; 9.814141e+04; 7.972314e-01
8.460000e+00; 9.810000e+04; 7.966693e-01; 1.043997e+05; 8.188866e-01; 9.809066e+04; 7.972298e-01
8.465000e+00; 9.810000e+04; 7.966696e-01; 1.033011e+05; 8.185843e-01; 9.804033e+04; 7.972324e-01
8.470000e+00; 9.810000e+04; 7.966699e-01; 1.022093e+05; 8.183146e-01; 9.799006e+04; 7.972393e-01
8.475000e+00; 9.810000e+04; 7.966703e-01; 1.011245e+05; 8.180786e-01; 9.793953e+04; 7.972503e-01
8.480000e+00; 9.810000e+04; 7.966709e-01; 1.000471e+05; 8.178761e-01; 9.788842e+04; 7.972654e-01
8.485000e+00; 9.810000e+04; 7.966715e-01; 9.897737e+04; 8.177082e-01; 9.783641e+04; 7.972847e-01
8.490000e+00; 9.810000e+04; 7.966722e-01; 9.791533e+04; 8.175745e-01; 9.778321e+04; 7.973080e-01
8.495000e+00; 9.810000e+04; 7.966730e-01; 9.686114e+04; 8.174759e-01; 9.772852e+04; 7.973356e-01
8.500000e+00; 9.810000e+04; 7.966740e-01; 9.581479e+04; 8.174120e-01; 9.767205e+04; 7.973673e-01
8.505000e+00; 9.810000e+04; 7.966751e-01; 9.477627e+04; 8.173835e-01; 9.761351e+04; 7.974034e-01
8.510000e+00; 9.810000e+04; 7.966763e-01; 9.374545e+04; 8.173898e-01; 9.755262e+04; 7.974438e-01
8.515000e+00; 9.810000e+04; 7.966777e-01; 9.272223e+04; 8.174314e-01; 9.748911e+04; 7.974887e-01
8.520000e+00; 9.810000e+04; 7.966792e-01; 9.170638e+04; 8.175076e-01; 9.742268e+04; 7.975382e-01
8.525000e+00; 9.810000e+04; 7.966809e-01; 9.069771e+04; 8.176187e-01; 9.735308e+04; 7.975925e-01
8.530000e+00; 9.810000e+04; 7.966828e-01; 8.969591e+04; 8.177640e-01; 9.728001e+04; 7.976517e-01
8.535000e+00; 9.810000e+04; 7.966850e-01; 8.870074e+04; 8.179435e-01; 9.720320e+04; 7.977160e-01
8.540000e+00; 9.810000e+04; 7.966873e-01; 8.771187e+04; 8.181564e-01; 9.712238e+04; 7.977855e-01
8.545000e+00; 9.810000e+04; 7.966900e-01; 8.672899e+04; 8.184026e-01; 9.703725e+04; 7.978604e-01
8.550000e+00; 9.810000e+04; 7.966929e-01; 8.575178e+04; 8.186812e-01; 9.694755e+04; 7.979409e-01
8.555000e+00; 9.810000e+04; 7.966961e-01; 8.477992e+04; 8.189920e-01; 9.685299e+04; 7.980273e-01
8.560000e+00; 9.810000e+04; 7.966997e-01; 8.381307e+04; 8.193338e-01; 9.675328e+04; 7.981197e-01
8.565000e+00; 9.810000e+04; 7.967036e-01; 8.285094e+04; 8.197064e-01; 9.664813e+04; 7.982183e-01
8.570000e+00; 9.810000e+04; 7.967080e-01; 8.189316e+04; 8.201086e-01; 9.653726e+04; 7.983234e-01
8.575000e+00; 9.810000e+04; 7.967129e-01; 8.093947e+04; 8.205400e-01; 9.642037e+04; 7.984353e-01
8.580000e+00; 9.810000e+04; 7.967182e-01; 7.998951e+04; 8.209995e-01; 9.629717e+04; 7.985541e-01
8.585000e+00; 9.810000e+04; 7.967241e-01; 7.904300e+04; 8.214864e-01; 9.616736e+04; 7.986801e-01
8.590000e+00; 9.810000e+04; 7.967306e-01; 7.809961e+04; 8.219997e-01; 9.603066e+04; 7.988137e-01
8.595000e+00; 9.810000e+04; 7.967377e-01; 7.715905e+04; 8.225387e-01; 9.588676e+04; 7.989549e-01
8.600000e+00; 9.810000e+04; 7.967456e-01; 7.622098e+04; 8.231022e-01; 9.573537e+04; 7.991041e-01
8.605000e+00; 9.810000e+04; 7.967542e-01; 7.528510e+04; 8.236895e-01; 9.557618e+04; 7.992616e-01
8.610000e+00; 9.810000e+04; 7.967637e-01; 7.435110e+04; 8.242996e-01; 9.540892e+04; 7.994276e-01
8.615000e+00; 9.810000e+04; 7.967741e-01; 7.341865e+04; 8.249317e-01; 9.523327e+04; 7.996023e-01
8.620000e+00; 9.810000e+04; 7.967855e-01; 7.248744e+04; 8.255846e-01; 9.504896e+04; 7.997862e-01
8.625000e+00; 9.810000e+04; 7.967981e-01; 7.155716e+04; 8.262577e-01; 9.485570e+04; 7.999793e-01
8.630000e+00; 9.810000e+04; 7.968118e-01; 7.062749e+04; 8.269498e-01; 9.465319e+04; 8.001819e-01
8.635000e+00; 9.810000e+04; 7.968268e-01; 6.969813e+04; 8.276604e-01; 9.444118e+04; 8.003944e-01
8.640000e+00; 9.810000e+04; 7.968432e-01; 6.876877e+04; 8.283882e-01; 9.421938e+04; 8.006170e-01
8.645000e+00; 9.810000e+04; 7.968611e-01; 6.783914e+04; 8.291327e-01; 9.398753e+04; 8.008499e-01
8.650000e+00; 9.810000e+04; 7.968807e-01; 6.690896e+04; 8.298928e-01; 9.374538e+04; 8.010933e-01
8.655000e+00; 9.810000e+04; 7.969020e-01; 6.597798e+04; 8.306679e-01; 9.349267e+04; 8.013475e-01
8.660000e+00; 9.810000e+04; 7.969252e-01; 6.504595e+04; 8.314570e-01; 9.322918e+04; 8.016127e-01
8.665000e+00; 9.810000e+04; 7.969505e-01; 6.411267e+04; 8.322596e-01; 9.295467e+04; 8.018892e-01
8.670000e+00; 9.810000e+04; 7.969779e-01; 6.317793e+04; 8.330748e-01; 9.266893e+04; 8.021770e-01
8.675000e+00; 9.810000e+04; 7.970078e-01; 6.224155e+04; 8.339020e-01; 9.237175e+04; 8.024765e-01
8.680000e+00; 9.810000e+04; 7.970402e-01; 6.130339e+04; 8.347404e-01; 9.206294e+04; 8.027878e-01
8.685000e+00; 9.810000e+04; 7.970753e-01; 6.036331e+04; 8.355895e-01; 9.174230e+04; 8.031110e-01
8.690000e+00; 9.810000e+04; 7.971134e-01; 5.942121e+04; 8.364486e-01; 9.140968e+04; 8.034465e-01
8.695000e+00; 9.810000e+04; 7.971546e-01; 5.847700e+04; 8.373171e-01; 9.106489e+04; 8.037942e-01
8.700000e+00; 9.810000e+04; 7.971992e-01; 5.753060e+04; 8.381945e-01; 9.070780e+04; 8.041543e-01
8.705000e+00; 9.810000e+04; 7.972474e-01; 5.658198e+04; 8.390803e-01; 9.033825e+04; 8.045271e-01
8.710000e+00; 9.810000e+04; 7.972994e-01; 5.563110e+04; 8.399738e-01; 8.995611e+04; 8.049126e-01
8.715000e+00; 9.810000e+04; 7.973555e-01; 5.467796e+04; 8.408747e-01; 8.956126e+04; 8.053109e-01
8.720000e+00; 9.810000e+04; 7.974160e-01; 5.372255e+04; 8.417825e-01; 8.915358e+04; 8.057222e-01
8.725000e+00; 9.810000e+04; 7.974811e-01; 5.276490e+04; 8.426968e-01; 8.873296e+04; 8.061465e-01
8.730000e+00; 9.810000e+04; 7.975511e-01; 5.180502e+04; 8.436171e-01; 8.829929e+04; 8.065840e-01
8.735000e+00; 9.810000e+04; 7.976263e-01; 5.084296e+04; 8.445432e-01; 8.785250e+04; 8.070348e-01
8.740000e+00; 9.810000e+04; 7.977072e-01; 4.987876e+04; 8.454745e-01; 8.739249e+04; 8.074990e-01
8.745000e+00; 9.810000e+04; 7.977938e-01; 4.891249e+04; 8.464108e-01; 8.691919e+04; 8.079766e-01
8.750000e+00; 9.810000e+04; 7.978868e-01; 4.794420e+04; 8.473517e-01; 8.643255e+04; 8.084676e-01
8.755000e+00; 9.810000e+04; 7.979863e-01; 4.697396e+04; 8.482970e-01; 8.593251e+04; 8.089723e-01
8.760000e+00; 9.810000e+04; 7.980927e-01; 4.600184e+04; 8.492463e-01; 8.541904e+04; 8.094905e-01
8.765000e+00; 9.810000e+04; 7.982066e-01; 4.502793e+04; 8.501995e-01; 8.489212e+04; 8.100224e-01
8.770000e+00; 9.810000e+04; 7.983281e-01; 4.405228e+04; 8.511561e-01; 8.435175e+04; 8.105678e-01
8.775000e+00; 9.810000e+04; 7.984578e-01; 4.307499e+04; 8.521161e-01; 8.379793e+04; 8.111270e-01
8.780000e+00; 9.810000e+04; 7.985961e-01; 4.209613e+04; 8.530791e-01; 8.323071e+04; 8.116997e-01
8.785000e+00; 9.810000e+04; 7.987433e-01; 4.111579e+04; 8.540450e-01; 8.265014e+04; 8.122860e-01
8.790000e+00; 9.810000e+04; 7.989001e-01; 4.013403e+04; 8.550135e-01; 8.205629e+04; 8.128859e-01
8.795000e+00; 9.810000e+04; 7.990667e-01; 3.915095e+04; 8.559845e-01; 8.144927e+04; 8.134992e-01
8.800000e+00; 9.810000e+04; 7.992438e-01; 3.816660e+04; 8.569579e-01; 8.082919e+04; 8.141258e-01
8.805000e+00; 9.810000e+04; 7.994317e-01; 3.718108e+04; 8.579333e-01; 8.019619e+04; 8.147657e-01
8.810000e+00; 9.810000e+04; 7.996309e-01; 3.619444e+04; 8.589108e-01; 7.955045e+04; 8.154186e-01
8.815000e+00; 9.810000e+04; 7.998420e-01; 3.520677e+04; 8.598901e-01; 7.889214e+04; 8.160845e-01
8.820000e+00; 9.810000e+04; 8.000655e-01; 3.421812e+04; 8.608711e-01; 7.822149e+04; 8.167631e-01
8.825000e+00; 9.810000e+04; 8.003019e-01; 3.322857e+04; 8.618537e-01; 7.753872e+04; 8.174543e-01
8.830000e+00; 9.810000e+04; 8.005517e-01; 3.223817e+04; 8.628378e-01; 7.684406e+04; 8.181579e-01
8.835000e+00; 9.810000e+04; 8.008154e-01; 3.124698e+04; 8.638233e-01; 7.613780e+04; 8.188736e-01
8.840000e+00; 9.810000e+04; 8.010936e-01; 3.025507e+04; 8.648099e-01; 7.542019e+04; 8.196012e-01
8.845000e+00; 9.810001e+04; 8.013868e-01; 2.926247e+04; 8.657978e-01; 7.469154e+04; 8.203405e-01
8.850000e+00; 9.810001e+04; 8.016955e-01; 2.826926e+04; 8.667867e-01; 7.395214e+04; 8.210913e-01
8.855000e+00; 9.810001e+04; 8.020204e-01; 2.727546e+04; 8.677766e-01; 7.320231e+04; 8.218533e-01
8.860000e+00; 9.810001e+04; 8.023618e-01; 2.628113e+04; 8.687675e-01; 7.244235e+04; 8.226262e-01
8.865000e+00; 9.810001e+04; 8.027204e-01; 2.528631e+04; 8.697591e-01; 7.167260e+04; 8.234099e-01
8.870000e+00; 9.810001e+04; 8.030967e-01; 2.429104e+04; 8.707515e-01; 7.089339e+04; 8.242040e-01
8.875000e+00; 9.810001e+04; 8.034912e-01; 2.329535e+04; 8.717447e-01; 7.010504e+04; 8.250084e-01
8.880000e+00; 9.810001e+04; 8.039045e-01; 2.229928e+04; 8.727385e-01; 6.930790e+04; 8.258227e-01
8.885000e+00; 9.810001e+04; 8.043370e-01; 2.130287e+04; 8.737329e-01; 6.850230e+04; 8.266468e-01
8.890000e+00; 9.810001e+04; 8.047892e-01; 2.030614e+04; 8.747278e-01; 6.768858e+04; 8.274805e-01
8.895000e+00; 9.810001e+04; 8.052617e-01; 1.930912e+04; 8.757233e-01; 6.686708e+04; 8.283234e-01
8.900000e+00; 9.810001e+04; 8.057549e-01; 1.831184e+04; 8.767192e-01; 6.603815e+04; 8.291755e-01
8.905000e+00; 9.810001e+04; 8.062692e-01; 1.731431e+04; 8.777155e-01; 6.520213e+04; 8.300364e-01
8.910000e+00; 9.810001e+04; 8.068052e-01; 1.631657e+04; 8.787122e-01; 6.435938e+04; 8.309060e-01
8.915000e+00; 9.810001e+04; 8.073632e-01; 1.531864e+04; 8.797093e-01; 6.351022e+04; 8.317840e-01
8.920000e+00; 9.810001e+04; 8.079437e-01; 1.432053e+04; 8.807067e-01; 6.265502e+04; 8.326704e-01
8.925000e+00; 9.810001e+04; 8.085470e-01; 1.332226e+04; 8.817044e-01; 6.179413e+04; 8.335649e-01
8.930000e+00; 9.810001e+04; 8.091736e-01; 1.232386e+04; 8.827024e-01; 6.092788e+04; 8.344673e-01
8.935000e+00; 9.810001e+04; 8.098237e-01; 1.132532e+04; 8.837006e-01; 6.005665e+04; 8.353775e-01
8.940000e+00; 9.810000e+04; 8.104978e-01; 1.032668e+04; 8.846991e-01; 5.918077e+04; 8.362953e-01
8.945000e+00; 9.810000e+04; 8.111961e-01; 9.327939e+03; 8.856977e-01; 5.830062e+04; 8.372207e-01
8.950000e+00; 9.810000e+04; 8.119190e-01; 8.329113e+03; 8.866966e-01; 5.741653e+04; 8.381533e-01
8.955000e+00; 9.810000e+04; 8.126668e-01; 7.330216e+03; 8.876957e-01; 5.652888e+04; 8.390932e-01
8.960000e+00; 9.810000e+04; 8.134396e-01; 6.331257e+03; 8.886949e-01; 5.563803e+04; 8.400403e-01
8.965000e+00; 9.810000e+04; 8.142379e-01; 5.332247e+03; 8.896943e-01; 5.474432e+04; 8.409943e-01
8.970000e+00; 9.810000e+04; 8.150617e-01; 4.333197e+03; 8.906939e-01; 5.384813e+04; 8.419552e-01
8.975000e+00; 9.810000e+04; 8.159113e-01; 3.334117e+03; 8.916936e-01; 5.294982e+04; 8.429230e-01
8.980000e+00; 9.810000e+04; 8.167869e-01; 2.335014e+03; 8.926934e-01; 5.204975e+04; 8.438976e-01
8.985000e+00; 9.810000e+04; 8.176886e-01; 1.335901e+03; 8.936934e-01; 5.114829e+04; 8.448789e-01
8.990000e+00; 9.810000e+04; 8.186167e-01; 3.367831e+02; 8.946936e-01; 5.024579e+04; 8.458668e-01
8.995000e+00; 9.810000e+04; 8.195712e-01; -6.623283e+02; 8.956938e-01; 4.934263e+04; 8.468614e-01
9.000000e+00; 9.810000e+04; 8.205523e-01; -1.661426e+03; 8.966943e-01; 4.843916e+04; 8.478626e-01
9.005000e+00; 9.810000e+04; 8.215600e-01; -2.660499e+03; 8.976948e-01; 4.753576e+04; 8.488704e-01
9.010000e+00; 9.810000e+04; 8.225943e-01; -3.659541e+03; 8.986955e-01; 4.663279e+04; 8.498848e-01
9.015000e+00; 9.810000e+04; 8.236554e-01; -4.658540e+03; 8.996964e-01; 4.573060e+04; 8.509059e-01
9.020000e+00; 9.810000e+04; 8.247431e-01; -5.657489e+03; 9.006974e-01; 4.482957e+04; 8.519336e-01
9.025000e+00; 9.810000e+04; 8.258574e-01; -6.656376e+03; 9.016986e-01; 4.393006e+04; 8.529680e-01
9.030000e+00; 9.810000e+04; 8.269983e-01; -7.655191e+03; 9.026999e-01; 4.303243e+04; 8.540093e-01
9.035000e+00; 9.810000e+04; 8.281656e-01; -8.653924e+03; 9.037015e-01; 4.213704e+04; 8.550573e-01
9.040000e+00; 9.810000e+04; 8.293592e-01; -9.652563e+03; 9.047032e-01; 4.124426e+04; 8.561123e-01
9.045000e+00; 9.810000e+04; 8.305790e-01; -1.065110e+04; 9.057052e-01; 4.035444e+04; 8.571743e-01
9.050000e+00; 9.810000e+04; 8.318246e-01; -1.164951e+04; 9.067074e-01; 3.946794e+04; 8.582434e-01
9.055000e+00; 9.810000e+04; 8.330958e-01; -1.264779e+04; 9.077098e-01; 3.858512e+04; 8.593198e-01
9.060000e+00; 9.810000e+04; 8.343924e-01; -1.364592e+04; 9.087126e-01; 3.770634e+04; 8.604035e-01
9.065000e+00; 9.810000e+04; 8.357140e-01; -1.464388e+04; 9.097156e-01; 3.683195e+04; 8.614947e-01
9.070000e+00; 9.810000e+04; 8.370603e-01; -1.564167e+04; 9.107189e-01; 3.596230e+04; 8.625936e-01
9.075000e+00; 9.810000e+04; 8.384308e-01; -1.663925e+04; 9.117226e-01; 3.509774e+04; 8.637003e-01
9.080000e+00; 9.810000e+04; 8.398252e-01; -1.763661e+04; 9.127267e-01; 3.423863e+04; 8.648150e-01
9.085000e+00; 9.810000e+04; 8.412430e-01; -1.863373e+04; 9.137312e-01; 3.338531e+04; 8.659377e-01
9.090000e+00; 9.810000e+04; 8.426838e-01; -1.963058e+04; 9.147361e-01; 3.253811e+04; 8.670689e-01
9.095000e+00; 9.810000e+04; 8.441470e-01; -2.062713e+04; 9.157415e-01; 3.169738e+04; 8.682085e-01
9.100000e+00; 9.810000e+04; 8.456322e-01; -2.162337e+04; 9.167474e-01; 3.086345e+04; 8.693567e-01
9.105000e+00; 9.810000e+04; 8.471388e-01; -2.261925e+04; 9.177539e-01; 3.003666e+04; 8.705139e-01
9.110000e+00; 9.810000e+04; 8.486664e-01; -2.361476e+04; 9.187609e-01; 2.921732e+04; 8.716802e-01
9.115000e+00; 9.810000e+04; 8.502143e-01; -2.460984e+04; 9.197687e-01; 2.840575e+04; 8.728557e-01
9.120000e+00; 9.810000e+04; 8.517821e-01; -2.560447e+04; 9.207771e-01; 2.760227e+04; 8.740407e-01
9.125000e+00; 9.810000e+04; 8.533691e-01; -2.659859e+04; 9.217863e-01; 2.680720e+04; 8.752354e-01
9.130000e+00; 9.810000e+04; 8.549749e-01; -2.759218e+04; 9.227963e-01; 2.602081e+04; 8.764400e-01
9.135000e+00; 9.810000e+04; 8.565988e-01; -2.858517e+04; 9.238072e-01; 2.524342e+04; 8.776546e-01
9.140000e+00; 9.810000e+04; 8.582404e-01; -2.957752e+04; 9.248190e-01; 2.447530e+04; 8.788795e-01
9.145000e+00; 9.810000e+04; 8.598990e-01; -3.056918e+04; 9.258318e-01; 2.371674e+04; 8.801150e-01
9.150000e+00; 9.810000e+04; 8.615742e-01; -3.156007e+04; 9.268457e-01; 2.296800e+04; 8.813610e-01
9.155000e+00; 9.810000e+04; 8.632653e-01; -3.255014e+04; 9.278608e-01; 2.222934e+04; 8.826180e-01
9.160000e+00; 9.810000e+04; 8.649718e-01; -3.353931e+04; 9.288770e-01; 2.150101e+04; 8.838860e-01
9.165000e+00; 9.810000e+04; 8.666933e-01; -3.452750e+04; 9.298946e-01; 2.078325e+04; 8.851653e-01
9.170000e+00; 9.810000e+04; 8.684290e-01; -3.551464e+04; 9.309135e-01; 2.007629e+04; 8.864559e-01
9.175000e+00; 9.810000e+04; 8.701786e-01; -3.650064e+04; 9.319340e-01; 1.938036e+04; 8.877582e-01
9.180000e+00; 9.810000e+04; 8.719416e-01; -3.748539e+04; 9.329559e-01; 1.869566e+04; 8.890721e-01
9.185000e+00; 9.810000e+04; 8.737173e-01; -3.846880e+04; 9.339795e-01; 1.802240e+04; 8.903980e-01
9.190000e+00; 9.810000e+04; 8.755053e-01; -3.945075e+04; 9.350049e-01; 1.736076e+04; 8.917360e-01
9.195000e+00; 9.810000e+04; 8.773051e-01; -4.043112e+04; 9.360321e-01; 1.671092e+04; 8.930861e-01
9.200000e+00; 9.810000e+04; 8.791163e-01; -4.140979e+04; 9.370612e-01; 1.607305e+04; 8.944486e-01
9.205000e+00; 9.810000e+04; 8.809383e-01; -4.238661e+04; 9.380923e-01; 1.544731e+04; 8.958235e-01
9.210000e+00; 9.810000e+04; 8.827706e-01; -4.336144e+04; 9.391255e-01; 1.483385e+04; 8.972110e-01
9.215000e+00; 9.810000e+04; 8.846129e-01; -4.433411e+04; 9.401610e-01; 1.423279e+04; 8.986111e-01
9.220000e+00; 9.810000e+04; 8.864646e-01; -4.530445e+04; 9.411988e-01; 1.364427e+04; 9.000241e-01
9.225000e+00; 9.810000e+04; 8.883253e-01; -4.627228e+04; 9.422389e-01; 1.306840e+04; 9.014500e-01
9.230000e+00; 9.810000e+04; 8.901947e-01; -4.723739e+04; 9.432816e-01; 1.250528e+04; 9.028888e-01
9.235000e+00; 9.810000e+04; 8.920722e-01; -4.819958e+04; 9.443269e-01; 1.195500e+04; 9.043406e-01
9.240000e+00; 9.810000e+04; 8.939575e-01; -4.915862e+04; 9.453749e-01; 1.141763e+04; 9.058055e-01
9.245000e+00; 9.810000e+04; 8.958502e-01; -5.011427e+04; 9.464256e-01; 1.089324e+04; 9.072836e-01
9.250000e+00; 9.810000e+04; 8.977498e-01; -5.106627e+04; 9.474792e-01; 1.038188e+04; 9.087749e-01
9.255000e+00; 9.810000e+04; 8.996562e-01; -5.201433e+04; 9.485358e-01; 9.883578e+03; 9.102793e-01
9.260000e+00; 9.810000e+04; 9.015687e-01; -5.295818e+04; 9.495953e-01; 9.398366e+03; 9.117970e-01
9.265000e+00; 9.810000e+04; 9.034872e-01; -5.389749e+04; 9.506580e-01; 8.926248e+03; 9.133279e-01
9.270000e+00; 9.810000e+04; 9.054113e-01; -5.483193e+04; 9.517237e-01; 8.467215e+03; 9.148720e-01
9.275000e+00; 9.810000e+04; 9.073407e-01; -5.576115e+04; 9.527927e-01; 8.021245e+03; 9.164293e-01
9.280000e+00; 9.810000e+04; 9.092751e-01; -5.668479e+04; 9.538648e-01; 7.588296e+03; 9.179997e-01
9.285000e+00; 9.810000e+04; 9.112141e-01; -5.760243e+04; 9.549402e-01; 7.168313e+03; 9.195832e-01
9.290000e+00; 9.810000e+04; 9.131576e-01; -5.851368e+04; 9.560188e-01; 6.761224e+03; 9.211796e-01
9.295000e+00; 9.810000e+04; 9.151051e-01; -5.941808e+04; 9.571008e-01; 6.366937e+03; 9.227890e-01
9.300000e+00; 9.810000e+04; 9.170565e-01; -6.031518e+04; 9.581859e-01; 5.985349e+03; 9.244111e-01
9.305000e+00; 9.810000e+04; 9.190116e-01; -6.120450e+04; 9.592743e-01; 5.616336e+03; 9.260460e-01
9.310000e+00; 9.810000e+04; 9.209701e-01; -6.208551e+04; 9.603659e-01; 5.259761e+03; 9.276933e-01
9.315000e+00; 9.810000e+04; 9.229317e-01; -6.295770e+04; 9.614606e-01; 4.915471e+03; 9.293530e-01
9.320000e+00; 9.810000e+04; 9.248963e-01; -6.382051e+04; 9.625583e-01; 4.583296e+03; 9.310250e-01
9.325000e+00; 9.810000e+04; 9.268636e-01; -6.467336e+04; 9.636590e-01; 4.263055e+03; 9.327090e-01
9.330000e+00; 9.810000e+04; 9.288336e-01; -6.551564e+04; 9.647626e-01; 3.954551e+03; 9.344048e-01
9.335000e+00; 9.810000e+04; 9.308059e-01; -6.634674e+04; 9.658689e-01; 3.657577e+03; 9.361123e-01
9.340000e+00; 9.810000e+04; 9.327805e-01; -6.716601e+04; 9.669778e-01; 3.371913e+03; 9.378312e-01
9.345000e+00; 9.810000e+04; 9.347571e-01; -6.797277e+04; 9.680891e-01; 3.097330e+03; 9.395613e-01
9.350000e+00; 9.810000e+04; 9.367356e-01; -6.876635e+04; 9.692026e-01; 2.833588e+03; 9.413024e-01
9.355000e+00; 9.810000e+04; 9.387160e-01; -6.954604e+04; 9.703181e-01; 2.580441e+03; 9.430542e-01
9.360000e+00; 9.810000e+04; 9.406979e-01; -7.031111e+04; 9.714355e-01; 2.337634e+03; 9.448165e-01
9.365000e+00; 9.810000e+04; 9.426814e-01; -7.106083e+04; 9.725544e-01; 2.104910e+03; 9.465891e-01
9.370000e+00; 9.810000e+04; 9.446663e-01; -7.179443e+04; 9.736746e-01; 1.882003e+03; 9.483716e-01
9.375000e+00; 9.810000e+04; 9.466525e-01; -7.251117e+04; 9.747959e-01; 1.668646e+03; 9.501639e-01
9.380000e+00; 9.810000e+04; 9.486399e-01; -7.321026e+04; 9.759179e-01; 1.464569e+03; 9.519656e-01
9.385000e+00; 9.810000e+04; 9.506285e-01; -7.389091e+04; 9.770403e-01; 1.269502e+03; 9.537765e-01
9.390000e+00; 9.810000e+04; 9.526180e-01; -7.455234e+04; 9.781628e-01; 1.083171e+03; 9.555964e-01
9.395000e+00; 9.810000e+04; 9.546085e-01; -7.519377e+04; 9.792851e-01; 9.053059e+02; 9.574249e-01
9.400000e+00; 9.810000e+04; 9.565998e-01; -7.581439e+04; 9.804068e-01; 7.356358e+02; 9.592618e-01
9.405000e+00; 9.810000e+04; 9.585919e-01; -7.641343e+04; 9.815276e-01; 5.738926e+02; 9.611069e-01
9.410000e+00; 9.810000e+04; 9.605847e-01; -7.699010e+04; 9.826471e-01; 4.198106e+02; 9.629598e-01
9.415000e+00; 9.810000e+04; 9.625782e-01; -7.754363e+04; 9.837650e-01; 2.731279e+02; 9.648203e-01
9.420000e+00; 9.810000e+04; 9.645723e-01; -7.807327e+04; 9.848809e-01; 1.335866e+02; 9.666882e-01
9.425000e+00; 9.810000e+04; 9.665670e-01; -7.857828e+04; 9.859945e-01; 9.336807e-01; 9.685631e-01
9.430000e+00; 9.810000e+04; 9.685621e-01; -7.905792e+04; 9.871054e-01; -1.250783e+02; 9.704448e-01
9.435000e+00; 9.810000e+04; 9.705578e-01; -7.951151e+04; 9.882132e-01; -2.446906e+02; 9.723330e-01
9.440000e+00; 9.810000e+04; 9.725538e-01; -7.993837e+04; 9.893177e-01; -3.581376e+02; 9.742276e-01
9.445000e+00; 9.810000e+04; 9.745503e-01; -8.033787e+04; 9.904184e-01; -4.656461e+02; 9.761281e-01
9.450000e+00; 9.810000e+04; 9.765471e-01; -8.070938e+04; 9.915151e-01; -5.674346e+02; 9.780343e-01
9.455000e+00; 9.810000e+04; 9.785442e-01; -8.105234e+04; 9.926076e-01; -6.637127e+02; 9.799461e-01
9.460000e+00; 9.810000e+04; 9.805416e-01; -8.136620e+04; 9.936954e-01; -7.546804e+02; 9.818630e-01
9.465000e+00; 9.810000e+04; 9.825393e-01; -8.165049e+04; 9.947785e-01; -8.405271e+02; 9.837849e-01
9.470000e+00; 9.810000e+04; 9.845373e-01; -8.190474e+04; 9.958565e-01; -9.214311e+02; 9.857115e-01
9.475000e+00; 9.810000e+04; 9.865354e-01; -8.212856e+04; 9.969293e-01; -9.975585e+02; 9.876424e-01
9.480000e+00; 9.810000e+04; 9.885338e-01; -8.232159e+04; 9.979966e-01; -1.069063e+03; 9.895775e-01
9.485000e+00; 9.810000e+04; 9.905324e-01; -8.248353e+04; 9.990584e-01; -1.136084e+03; 9.915165e-01
9.490000e+00; 9.810000e+04; 9.925312e-01; -8.261412e+04; 1.000114e+00; -1.198747e+03; 9.934590e-01
9.495000e+00; 9.810000e+04; 9.945301e-01; -8.271317e+04; 1.001165e+00; -1.257163e+03; 9.954048e-01
9.500000e+00; 9.810000e+04; 9.965292e-01; -8.281369e+04; 1.002258e+00; -1.311424e+03; 9.973536e-01
9.505000e+00; 9.810000e+04; 9.985285e-01; -8.282120e+04; 1.003227e+00; -1.361608e+03; 9.993051e-01
9.510000e+00; 9.810000e+04; 1.000528e+00; -8.281604e+04; 1.004296e+00; -1.407774e+03; 1.001259e+00
9.515000e+00; 9.810000e+04; 1.002527e+00; -8.277042e+04; 1.005260e+00; -1.449963e+03; 1.003215e+00
9.520000e+00; 9.810000e+04; 1.004527e+00; -8.269159e+04; 1.006305e+00; -1.488195e+03; 1.005173e+00
9.525000e+00; 9.810000e+04; 1.006527e+00; -8.261642e+04; 1.007311e+00; -1.522472e+03; 1.007132e+00
9.530000e+00; 9.810000e+04; 1.008527e+00; -8.251736e+04; 1.008375e+00; -1.552773e+03; 1.009092e+00
9.535000e+00; 9.810000e+04; 1.010527e+00; -8.236573e+04; 1.009341e+00; -1.579057e+03; 1.011054e+00
9.540000e+00; 9.810000e+04; 1.012527e+00; -8.217880e+04; 1.010375e+00; -1.601260e+03; 1.013015e+00
9.545000e+00; 9.810000e+04; 1.014527e+00; -8.196570e+04; 1.011337e+00; -1.619296e+03; 1.014977e+00
9.550000e+00; 9.810000e+04; 1.016528e+00; -8.171844e+04; 1.012357e+00; -1.633055e+03; 1.016938e+00
9.555000e+00; 9.810000e+04; 1.018529e+00; -8.144534e+04; 1.013312e+00; -1.642404e+03; 1.018899e+00
9.560000e+00; 9.810000e+04; 1.020529e+00; -8.113935e+04; 1.014320e+00; -1.647186e+03; 1.020859e+00
9.565000e+00; 9.810000e+04; 1.022530e+00; -8.080819e+04; 1.015268e+00; -1.647218e+03; 1.022817e+00
9.570000e+00; 9.810000e+04; 1.024531e+00; -8.044549e+04; 1.016266e+00; -1.642297e+03; 1.024773e+00
9.575000e+00; 9.810000e+04; 1.026532e+00; -8.005849e+04; 1.017209e+00; -1.632191e+03; 1.026727e+00
9.580000e+00; 9.810000e+04; 1.028534e+00; -7.964142e+04; 1.018197e+00; -1.616647e+03; 1.028678e+00
9.585000e+00; 9.810000e+04; 1.030535e+00; -7.920107e+04; 1.019135e+00; -1.595387e+03; 1.030626e+00
9.590000e+00; 9.810000e+04; 1.032537e+00; -7.873220e+04; 1.020115e+00; -1.568109e+03; 1.032570e+00
9.595000e+00; 9.810000e+04; 1.034539e+00; -7.824119e+04; 1.021048e+00; -1.534489e+03; 1.034509e+00
9.600000e+00; 9.810000e+04; 1.036541e+00; -7.772328e+04; 1.022022e+00; -1.494180e+03; 1.036444e+00
9.605000e+00; 9.810000e+04; 1.038543e+00; -7.718447e+04; 1.022952e+00; -1.446815e+03; 1.038374e+00
9.610000e+00; 9.810000e+04; 1.040546e+00; -7.662042e+04; 1.023920e+00; -1.392005e+03; 1.040298e+00
9.615000e+00; 9.810000e+04; 1.042549e+00; -7.603676e+04; 1.024848e+00; -1.329342e+03; 1.042215e+00
9.620000e+00; 9.810000e+04; 1.044552e+00; -7.542955e+04; 1.025811e+00; -1.258402e+03; 1.044126e+00
9.625000e+00; 9.810000e+04; 1.046555e+00; -7.480407e+04; 1.026738e+00; -1.178743e+03; 1.046029e+00
9.630000e+00; 9.810000e+04; 1.048558e+00; -7.415673e+04; 1.027698e+00; -1.089908e+03; 1.047925e+00
9.635000e+00; 9.810000e+04; 1.050562e+00; -7.349247e+04; 1.028624e+00; -9.914293e+02; 1.049811e+00
9.640000e+00; 9.810000e+04; 1.052566e+00; -7.280801e+04; 1.029581e+00; -8.828270e+02; 1.051689e+00
9.645000e+00; 9.810000e+04; 1.054570e+00; -7.210798e+04; 1.030509e+00; -7.636133e+02; 1.053556e+00
9.650000e+00; 9.810000e+04; 1.056574e+00; -7.138937e+04; 1.031464e+00; -6.332943e+02; 1.055414e+00
9.655000e+00; 9.810000e+04; 1.058579e+00; -7.065651e+04; 1.032393e+00; -4.913721e+02; 1.057260e+00
9.660000e+00; 9.810000e+04; 1.060584e+00; -6.990665e+04; 1.033348e+00; -3.373480e+02; 1.059096e+00
9.665000e+00; 9.810000e+04; 1.062589e+00; -6.914382e+04; 1.034278e+00; -1.707251e+02; 1.060919e+00
9.670000e+00; 9.810000e+04; 1.064594e+00; -6.836549e+04; 1.035234e+00; 8.989004e+00; 1.062729e+00
9.675000e+00; 9.810000e+04; 1.066599e+00; -6.757542e+04; 1.036166e+00; 2.022794e+02; 1.064527e+00
9.680000e+00; 9.810000e+04; 1.068605e+00; -6.677128e+04; 1.037123e+00; 4.096207e+02; 1.066311e+00
9.685000e+00; 9.810000e+04; 1.070610e+00; -6.595656e+04; 1.038058e+00; 6.314746e+02; 1.068080e+00
9.690000e+00; 9.810000e+04; 1.072616e+00; -6.512912e+04; 1.039016e+00; 8.682880e+02; 1.069835e+00
9.695000e+00; 9.810000e+04; 1.074622e+00; -6.429220e+04; 1.039955e+00; 1.120491e+03; 1.071575e+00
9.700000e+00; 9.810000e+04; 1.076628e+00; -6.344381e+04; 1.040915e+00; 1.388495e+03; 1.073300e+00
9.705000e+00; 9.810000e+04; 1.078633e+00; -6.258696e+04; 1.041858e+00; 1.672695e+03; 1.075009e+00
9.710000e+00; 9.810000e+04; 1.080639e+00; -6.171981e+04; 1.042820e+00; 1.973466e+03; 1.076701e+00
9.715000e+00; 9.810000e+04; 1.082644e+00; -6.084514e+04; 1.043766e+00; 2.291164e+03; 1.078377e+00
9.720000e+00; 9.810000e+04; 1.084648e+00; -5.996124e+04; 1.044731e+00; 2.626124e+03; 1.080035e+00
9.725000e+00; 9.810000e+04; 1.086652e+00; -5.907070e+04; 1.045681e+00; 2.978653e+03; 1.081676e+00
9.730000e+00; 9.810000e+04; 1.088656e+00; -5.817191e+04; 1.046649e+00; 3.349025e+03; 1.083300e+00
9.735000e+00; 9.810000e+04; 1.090659e+00; -5.726726e+04; 1.047603e+00; 3.737472e+03; 1.084905e+00
9.740000e+00; 9.810000e+04; 1.092660e+00; -5.635527e+04; 1.048574e+00; 4.144172e+03; 1.086493e+00
9.745000e+00; 9.810000e+04; 1.094661e+00; -5.543814e+04; 1.049532e+00; 4.569244e+03; 1.088062e+00
9.750000e+00; 9.810000e+04; 1.096660e+00; -5.451448e+04; 1.050506e+00; 5.012743e+03; 1.089613e+00
9.755000e+00; 9.810000e+04; 1.098657e+00; -5.358633e+04; 1.051468e+00; 5.474663e+03; 1.091146e+00
9.760000e+00; 9.810000e+04; 1.100653e+00; -5.265238e+04; 1.052444e+00; 5.954945e+03; 1.092660e+00
9.765000e+00; 9.810000e+04; 1.102646e+00; -5.171452e+04; 1.053410e+00; 6.453490e+03; 1.094157e+00
9.770000e+00; 9.810000e+04; 1.104637e+00; -5.077154e+04; 1.054388e+00; 6.970173e+03; 1.095636e+00
9.775000e+00; 9.810000e+04; 1.106625e+00; -4.982515e+04; 1.055358e+00; 7.504858e+03; 1.097096e+00
9.780000e+00; 9.810000e+04; 1.108610e+00; -4.887424e+04; 1.056339e+00; 8.057405e+03; 1.098539e+00
9.785000e+00; 9.810000e+04; 1.110591e+00; -4.792039e+04; 1.057312e+00; 8.627671e+03; 1.099965e+00
9.790000e+00; 9.810000e+04; 1.112568e+00; -4.696254e+04; 1.058295e+00; 9.215506e+03; 1.101373e+00
9.795000e+00; 9.810000e+04; 1.114540e+00; -4.600217e+04; 1.059271e+00; 9.820745e+03; 1.102764e+00
9.800000e+00; 9.810000e+04; 1.116508e+00; -4.503827e+04; 1.060257e+00; 1.044319e+04; 1.104138e+00
9.805000e+00; 9.810000e+04; 1.118470e+00; -4.407221e+04; 1.061235e+00; 1.108263e+04; 1.105495e+00
9.810000e+00; 9.810000e+04; 1.120426e+00; -4.310305e+04; 1.062224e+00; 1.173878e+04; 1.106836e+00
9.815000e+00; 9.810000e+04; 1.122375e+00; -4.213204e+04; 1.063204e+00; 1.241133e+04; 1.108160e+00
9.820000e+00; 9.810000e+04; 1.124317e+00; -4.115831e+04; 1.064194e+00; 1.309994e+04; 1.109469e+00
9.825000e+00; 9.810000e+04; 1.126251e+00; -4.018301e+04; 1.065178e+00; 1.380421e+04; 1.110762e+00
9.830000e+00; 9.810000e+04; 1.128176e+00; -3.920532e+04; 1.066169e+00; 1.452374e+04; 1.112041e+00
9.835000e+00; 9.809999e+04; 1.130092e+00; -3.822630e+04; 1.067154e+00; 1.525808e+04; 1.113304e+00
9.840000e+00; 9.809999e+04; 1.131997e+00; -3.724518e+04; 1.068147e+00; 1.600679e+04; 1.114554e+00
9.845000e+00; 9.809999e+04; 1.133891e+00; -3.626295e+04; 1.069135e+00; 1.676941e+04; 1.115790e+00
9.850000e+00; 9.809999e+04; 1.135774e+00; -3.527889e+04; 1.070129e+00; 1.754546e+04; 1.117013e+00
9.855000e+00; 9.809999e+04; 1.137644e+00; -3.429390e+04; 1.071118e+00; 1.833447e+04; 1.118224e+00
9.860000e+00; 9.809999e+04; 1.139500e+00; -3.330730e+04; 1.072113e+00; 1.913595e+04; 1.119422e+00
9.865000e+00; 9.809999e+04; 1.141341e+00; -3.231992e+04; 1.073103e+00; 1.994944e+04; 1.120608e+00
9.870000e+00; 9.809999e+04; 1.143167e+00; -3.133115e+04; 1.074099e+00; 2.077443e+04; 1.121784e+00
9.875000e+00; 9.809999e+04; 1.144977e+00; -3.034173e+04; 1.075091e+00; 2.161046e+04; 1.122948e+00
9.880000e+00; 9.809999e+04; 1.146769e+00; -2.935109e+04; 1.076088e+00; 2.245703e+04; 1.124103e+00
9.885000e+00; 9.809999e+04; 1.148543e+00; -2.835992e+04; 1.077081e+00; 2.331368e+04; 1.125248e+00
9.890000e+00; 9.809999e+04; 1.150297e+00; -2.736768e+04; 1.078078e+00; 2.417992e+04; 1.126383e+00
9.895000e+00; 9.809999e+04; 1.152031e+00; -2.637502e+04; 1.079072e+00; 2.505529e+04; 1.127510e+00
9.900000e+00; 9.809999e+04; 1.153743e+00; -2.538142e+04; 1.080070e+00; 2.593933e+04; 1.128628e+00
9.905000e+00; 9.809999e+04; 1.155433e+00; -2.438748e+04; 1.081065e+00; 2.683157e+04; 1.129738e+00
9.910000e+00; 9.809999e+04; 1.157099e+00; -2.339272e+04; 1.082063e+00; 2.773158e+04; 1.130841e+00
9.915000e+00; 9.809999e+04; 1.158741e+00; -2.239768e+04; 1.083058e+00; 2.863891e+04; 1.131937e+00
9.920000e+00; 9.809999e+04; 1.160358e+00; -2.140192e+04; 1.084057e+00; 2.955314e+04; 1.133026e+00
9.925000e+00; 9.809999e+04; 1.161948e+00; -2.040594e+04; 1.085053e+00; 3.047384e+04; 1.134109e+00
9.930000e+00; 9.809999e+04; 1.163510e+00; -1.940933e+04; 1.086053e+00; 3.140062e+04; 1.135186e+00
9.935000e+00; 9.809999e+04; 1.165044e+00; -1.841254e+04; 1.087049e+00; 3.233307e+04; 1.136257e+00
9.940000e+00; 9.809999e+04; 1.166550e+00; -1.741519e+04; 1.088048e+00; 3.327081e+04; 1.137323e+00
9.945000e+00; 9.809999e+04; 1.168025e+00; -1.641770e+04; 1.089045e+00; 3.421346e+04; 1.138384e+00
9.950000e+00; 9.809999e+04; 1.169469e+00; -1.541971e+04; 1.090045e+00; 3.516065e+04; 1.139441e+00
9.955000e+00; 9.809999e+04; 1.170882e+00; -1.442161e+04; 1.091042e+00; 3.611204e+04; 1.140493e+00
9.960000e+00; 9.809999e+04; 1.172262e+00; -1.342304e+04; 1.092041e+00; 3.706728e+04; 1.141541e+00
9.965000e+00; 9.809999e+04; 1.173610e+00; -1.242439e+04; 1.093039e+00; 3.802603e+04; 1.142585e+00
9.970000e+00; 9.809999e+04; 1.174924e+00; -1.142532e+04; 1.094038e+00; 3.898797e+04; 1.143626e+00
9.975000e+00; 9.809999e+04; 1.176203e+00; -1.042616e+04; 1.095036e+00; 3.995276e+04; 1.144663e+00
9.980000e+00; 9.809999e+04; 1.177449e+00; -9.426615e+03; 1.096036e+00; 4.092011e+04; 1.145696e+00
9.985000e+00; 9.809999e+04; 1.178659e+00; -8.426987e+03; 1.097033e+00; 4.188969e+04; 1.146727e+00
9.990000e+00; 9.809999e+04; 1.179835e+00; -7.426993e+03; 1.098033e+00; 4.286122e+04; 1.147754e+00
9.995000e+00; 9.809999e+04; 1.180975e+00; -6.426911e+03; 1.099031e+00; 4.383438e+04; 1.148778e+00
1.000000e+01; 9.809999e+04; 1.182079e+00; -5.426475e+03; 1.100030e+00; 4.480889e+04; 1.149799e+00
1.000500e+01; 9.809999e+04; 1.183148e+00; -4.425939e+03; 1.101028e+00; 4.578444e+04; 1.150817e+00
1.001000e+01; 9.809999e+04; 1.184181e+00; -3.425053e+03; 1.102027e+00; 4.676074e+04; 1.151833e+00
1.001500e+01; 9.809999e+04; 1.185178e+00; -2.424048e+03; 1.103025e+00; 4.773749e+04; 1.152845e+00
1.002000e+01; 9.809999e+04; 1.186140e+00; -1.422689e+03; 1.104024e+00; 4.871440e+04; 1.153855e+00
1.002500e+01; 9.810000e+04; 1.187067e+00; -4.211867e+02; 1.105022e+00; 4.969116e+04; 1.154861e+00
1.003000e+01; 9.810000e+04; 1.187959e+00; 5.806824e+02; 1.106021e+00; 5.066746e+04; 1.155865e+00
1.003500e+01; 9.810000e+04; 1.188816e+00; 1.582728e+03; 1.107018e+00; 5.164300e+04; 1.156865e+00
1.004000e+01; 9.810000e+04; 1.189639e+00; 2.585160e+03; 1.108017e+00; 5.261746e+04; 1.157862e+00
1.004500e+01; 9.810000e+04; 1.190428e+00; 3.587809e+03; 1.109014e+00; 5.359050e+04; 1.158855e+00
1.005000e+01; 9.810000e+04; 1.191183e+00; 4.590873e+03; 1.110012e+00; 5.456180e+04; 1.159845e+00
1.005500e+01; 9.810000e+04; 1.191905e+00; 5.594200e+03; 1.111009e+00; 5.553102e+04; 1.160831e+00
1.006000e+01; 9.810000e+04; 1.192595e+00; 6.597981e+03; 1.112007e+00; 5.649779e+04; 1.161813e+00
1.006500e+01; 9.810000e+04; 1.193253e+00; 7.602080e+03; 1.113003e+00; 5.746176e+04; 1.162791e+00
1.007000e+01; 9.810000e+04; 1.193880e+00; 8.606680e+03; 1.114001e+00; 5.842256e+04; 1.163764e+00
1.007500e+01; 9.810000e+04; 1.194477e+00; 9.611660e+03; 1.114996e+00; 5.937980e+04; 1.164732e+00
1.008000e+01; 9.810000e+04; 1.195044e+00; 1.061720e+04; 1.115993e+00; 6.033308e+04; 1.165696e+00
1.008500e+01; 9.810000e+04; 1.195582e+00; 1.162319e+04; 1.116988e+00; 6.128199e+04; 1.166653e+00
1.009000e+01; 9.810000e+04; 1.196092e+00; 1.262980e+04; 1.117984e+00; 6.222612e+04; 1.167605e+00
1.009500e+01; 9.810000e+04; 1.196575e+00; 1.363694e+04; 1.118979e+00; 6.316504e+04; 1.168551e+00
1.010000e+01; 9.810000e+04; 1.197032e+00; 1.464479e+04; 1.119973e+00; 6.409831e+04; 1.169491e+00
1.010500e+01; 9.810000e+04; 1.197463e+00; 1.565326e+04; 1.120967e+00; 6.502548e+04; 1.170423e+00
1.011000e+01; 9.810000e+04; 1.197870e+00; 1.666251e+04; 1.121961e+00; 6.594608e+04; 1.171348e+00
1.011500e+01; 9.810000e+04; 1.198253e+00; 1.767248e+04; 1.122953e+00; 6.685965e+04; 1.172266e+00
1.012000e+01; 9.810000e+04; 1.198614e+00; 1.868333e+04; 1.123946e+00; 6.776571e+04; 1.173175e+00
1.012500e+01; 9.810000e+04; 1.198953e+00; 1.969502e+04; 1.124937e+00; 6.866378e+04; 1.174075e+00
1.013000e+01; 9.810000e+04; 1.199271e+00; 2.070769e+04; 1.125928e+00; 6.955337e+04; 1.174967e+00
1.013500e+01; 9.810000e+04; 1.199569e+00; 2.172131e+04; 1.126918e+00; 7.043398e+04; 1.175849e+00
1.014000e+01; 9.810000e+04; 1.199848e+00; 2.273603e+04; 1.127907e+00; 7.130513e+04; 1.176721e+00
1.014500e+01; 9.810000e+04; 1.200110e+00; 2.375182e+04; 1.128895e+00; 7.216632e+04; 1.177583e+00
1.015000e+01; 9.810000e+04; 1.200354e+00; 2.476885e+04; 1.129882e+00; 7.301704e+04; 1.178434e+00
1.015500e+01; 9.810000e+04; 1.200581e+00; 2.578708e+04; 1.130867e+00; 7.385681e+04; 1.179273e+00
1.016000e+01; 9.810000e+04; 1.200794e+00; 2.680668e+04; 1.131852e+00; 7.468514e+04; 1.180100e+00
1.016500e+01; 9.810000e+04; 1.200991e+00; 2.782763e+04; 1.132835e+00; 7.550154e+04; 1.180915e+00
1.017000e+01; 9.810000e+04; 1.201175e+00; 2.885007e+04; 1.133818e+00; 7.630555e+04; 1.181718e+00
1.017500e+01; 9.810000e+04; 1.201346e+00; 2.987402e+04; 1.134798e+00; 7.709669e+04; 1.182507e+00
1.018000e+01; 9.810000e+04; 1.201505e+00; 3.089962e+04; 1.135776e+00; 7.787452e+04; 1.183282e+00
1.018500e+01; 9.810000e+04; 1.201652e+00; 3.192687e+04; 1.136753e+00; 7.863860e+04; 1.184044e+00
1.019000e+01; 9.810000e+04; 1.201788e+00; 3.295591e+04; 1.137728e+00; 7.938850e+04; 1.184791e+00
1.019500e+01; 9.810000e+04; 1.201914e+00; 3.398677e+04; 1.138701e+00; 8.012384e+04; 1.185523e+00
1.020000e+01; 9.810000e+04; 1.202030e+00; 3.501956e+04; 1.139671e+00; 8.084422e+04; 1.186240e+00
1.020500e+01; 9.810000e+04; 1.202138e+00; 3.605432e+04; 1.140639e+00; 8.154930e+04; 1.186941e+00
1.021000e+01; 9.810000e+04; 1.202237e+00; 3.709116e+04; 1.141605e+00; 8.223874e+04; 1.187626e+00
1.021500e+01; 9.810000e+04; 1.202329e+00; 3.813012e+04; 1.142567e+00; 8.291223e+04; 1.188295e+00
1.022000e+01; 9.810000e+04; 1.202413e+00; 3.917131e+04; 1.143527e+00; 8.356950e+04; 1.188948e+00
1.022500e+01; 9.810000e+04; 1.202491e+00; 4.021474e+04; 1.144483e+00; 8.421031e+04; 1.189583e+00
1.023000e+01; 9.810000e+04; 1.202562e+00; 4.126054e+04; 1.145436e+00; 8.483444e+04; 1.190202e+00
1.023500e+01; 9.810000e+04; 1.202628e+00; 4.230872e+04; 1.146385e+00; 8.544171e+04; 1.190804e+00
1.024000e+01; 9.810000e+04; 1.202688e+00; 4.335938e+04; 1.147331e+00; 8.603198e+04; 1.191388e+00
1.024500e+01; 9.810000e+04; 1.202744e+00; 4.441252e+04; 1.148271e+00; 8.660512e+04; 1.191955e+00
1.025000e+01; 9.810000e+04; 1.202795e+00; 4.546825e+04; 1.149208e+00; 8.716106e+04; 1.192505e+00
1.025500e+01; 9.810000e+04; 1.202841e+00; 4.652655e+04; 1.150139e+00; 8.769976e+04; 1.193037e+00
1.026000e+01; 9.810000e+04; 1.202884e+00; 4.758751e+04; 1.151066e+00; 8.822121e+04; 1.193552e+00
1.026500e+01; 9.810000e+04; 1.202923e+00; 4.865110e+04; 1.151986e+00; 8.872542e+04; 1.194048e+00
1.027000e+01; 9.810000e+04; 1.202959e+00; 4.971740e+04; 1.152901e+00; 8.921246e+04; 1.194528e+00
1.027500e+01; 9.810000e+04; 1.202992e+00; 5.078637e+04; 1.153810e+00; 8.968240e+04; 1.194990e+00
1.028000e+01; 9.810000e+04; 1.203022e+00; 5.185804e+04; 1.154712e+00; 9.013538e+04; 1.195435e+00
1.028500e+01; 9.810000e+04; 1.203050e+00; 5.293238e+04; 1.155606e+00; 9.057154e+04; 1.195862e+00
1.029000e+01; 9.810000e+04; 1.203075e+00; 5.400941e+04; 1.156494e+00; 9.099105e+04; 1.196272e+00
1.029500e+01; 9.810000e+04; 1.203098e+00; 5.508905e+04; 1.157373e+00; 9.139414e+04; 1.196666e+00
1.030000e+01; 9.810000e+04; 1.203119e+00; 5.617131e+04; 1.158244e+00; 9.178103e+04; 1.197043e+00
1.030500e+01; 9.810000e+04; 1.203138e+00; 5.725609e+04; 1.159106e+00; 9.215200e+04; 1.197403e+00
1.031000e+01; 9.810000e+04; 1.203156e+00; 5.834336e+04; 1.159958e+00; 9.250732e+04; 1.197747e+00
1.031500e+01; 9.810000e+04; 1.203172e+00; 5.943303e+04; 1.160800e+00; 9.284732e+04; 1.198075e+00
1.032000e+01; 9.810000e+04; 1.203187e+00; 6.052501e+04; 1.161632e+00; 9.317234e+04; 1.198388e+00
1.032500e+01; 9.810000e+04; 1.203200e+00; 6.161919e+04; 1.162453e+00; 9.348272e+04; 1.198685e+00
1.033000e+01; 9.810000e+04; 1.203212e+00; 6.271548e+04; 1.163262e+00; 9.377887e+04; 1.198968e+00
1.033500e+01; 9.810000e+04; 1.203224e+00; 6.381371e+04; 1.164059e+00; 9.406118e+04; 1.199235e+00
1.034000e+01; 9.810000e+04; 1.203234e+00; 6.491377e+04; 1.164843e+00; 9.433007e+04; 1.199488e+00
1.034500e+01; 9.810000e+04; 1.203243e+00; 6.601549e+04; 1.165614e+00; 9.458598e+04; 1.199728e+00
1.035000e+01; 9.810000e+04; 1.203251e+00; 6.711872e+04; 1.166371e+00; 9.482936e+04; 1.199953e+00
1.035500e+01; 9.810000e+04; 1.203259e+00; 6.822325e+04; 1.167112e+00; 9.506067e+04; 1.200166e+00
1.036000e+01; 9.810000e+04; 1.203266e+00; 6.932891e+04; 1.167839e+00; 9.528038e+04; 1.200366e+00
1.036500e+01; 9.810000e+04; 1.203272e+00; 7.043548e+04; 1.168549e+00; 9.548899e+04; 1.200553e+00
1.037000e+01; 9.810000e+04; 1.203278e+00; 7.154277e+04; 1.169243e+00; 9.568698e+04; 1.200728e+00
1.037500e+01; 9.810000e+04; 1.203283e+00; 7.265053e+04; 1.169919e+00; 9.587484e+04; 1.200892e+00
1.038000e+01; 9.810000e+04; 1.203288e+00; 7.375854e+04; 1.170578e+00; 9.605309e+04; 1.201044e+00
1.038500e+01; 9.810000e+04; 1.203292e+00; 7.486656e+04; 1.171217e+00; 9.622222e+04; 1.201185e+00
1.039000e+01; 9.810000e+04; 1.203296e+00; 7.597434e+04; 1.171838e+00; 9.638273e+04; 1.201316e+00
1.039500e+01; 9.810000e+04; 1.203299e+00; 7.708162e+04; 1.172438e+00; 9.653514e+04; 1.201436e+00
1.040000e+01; 9.810000e+04; 1.203302e+00; 7.818815e+04; 1.173018e+00; 9.667993e+04; 1.201547e+00
1.040500e+01; 9.810000e+04; 1.203305e+00; 7.929366e+04; 1.173576e+00; 9.681762e+04; 1.201649e+00
1.041000e+01; 9.810000e+04; 1.203307e+00; 8.039790e+04; 1.174112e+00; 9.694869e+04; 1.201741e+00
1.041500e+01; 9.810000e+04; 1.203309e+00; 8.150059e+04; 1.174626e+00; 9.707364e+04; 1.201824e+00
1.042000e+01; 9.810000e+04; 1.203311e+00; 8.260148e+04; 1.175116e+00; 9.719296e+04; 1.201899e+00
1.042500e+01; 9.810000e+04; 1.203312e+00; 8.370030e+04; 1.175583e+00; 9.730712e+04; 1.201965e+00
1.043000e+01; 9.810000e+04; 1.203313e+00; 8.479680e+04; 1.176025e+00; 9.741660e+04; 1.202024e+00
1.043500e+01; 9.810000e+04; 1.203314e+00; 8.589073e+04; 1.176442e+00; 9.752186e+04; 1.202075e+00
1.044000e+01; 9.810000e+04; 1.203315e+00; 8.698186e+04; 1.176834e+00; 9.762336e+04; 1.202118e+00
1.044500e+01; 9.810000e+04; 1.203315e+00; 8.806994e+04; 1.177199e+00; 9.772156e+04; 1.202154e+00
1.045000e+01; 9.810000e+04; 1.203316e+00; 8.915476e+04; 1.177539e+00; 9.781689e+04; 1.202183e+00
1.045500e+01; 9.810000e+04; 1.203316e+00; 9.023611e+04; 1.177851e+00; 9.790979e+04; 1.202205e+00
1.046000e+01; 9.810000e+04; 1.203316e+00; 9.131379e+04; 1.178136e+00; 9.800069e+04; 1.202221e+00
1.046500e+01; 9.810000e+04; 1.203315e+00; 9.238763e+04; 1.178393e+00; 9.809000e+04; 1.202229e+00
1.047000e+01; 9.810000e+04; 1.203314e+00; 9.345746e+04; 1.178622e+00; 9.817814e+04; 1.202232e+00
1.047500e+01; 9.810000e+04; 1.203313e+00; 9.452313e+04; 1.178823e+00; 9.826549e+04; 1.202228e+00
1.048000e+01; 9.810000e+04; 1.203312e+00; 9.558452e+04; 1.178996e+00; 9.835247e+04; 1.202218e+00
1.048500e+01; 9.810000e+04; 1.203311e+00; 9.664151e+04; 1.179139e+00; 9.843944e+04; 1.202202e+00
1.049000e+01; 9.810000e+04; 1.203309e+00; 9.769402e+04; 1.179253e+00; 9.852679e+04; 1.202179e+00
1.049500e+01; 9.810000e+04; 1.203307e+00; 9.874198e+04; 1.179338e+00; 9.861489e+04; 1.202151e+00
1.050000e+01; 9.810000e+04; 1.203305e+00; 9.978533e+04; 1.179394e+00; 9.870410e+04; 1.202116e+00
1.050500e+01; 9.810000e+04; 1.203302e+00; 1.008240e+05; 1.179421e+00; 9.879477e+04; 1.202076e+00
1.051000e+01; 9.810000e+04; 1.203299e+00; 1.018581e+05; 1.179418e+00; 9.888725e+04; 1.202029e+00
1.051500e+01; 9.810000e+04; 1.203296e+00; 1.028875e+05; 1.179386e+00; 9.898189e+04; 1.201977e+00
1.052000e+01; 9.810000e+04; 1.203292e+00; 1.039123e+05; 1.179324e+00; 9.907902e+04; 1.201918e+00
1.052500e+01; 9.810000e+04; 1.203288e+00; 1.049324e+05; 1.179233e+00; 9.917897e+04; 1.201853e+00
1.053000e+01; 9.810000e+04; 1.203284e+00; 1.059481e+05; 1.179114e+00; 9.928207e+04; 1.201782e+00
1.053500e+01; 9.810000e+04; 1.203279e+00; 1.069592e+05; 1.178965e+00; 9.938863e+04; 1.201705e+00
1.054000e+01; 9.810000e+04; 1.203274e+00; 1.079660e+05; 1.178788e+00; 9.949897e+04; 1.201621e+00
1.054500e+01; 9.810000e+04; 1.203267e+00; 1.089685e+05; 1.178583e+00; 9.961340e+04; 1.201531e+00
1.055000e+01; 9.810000e+04; 1.203261e+00; 1.099668e+05; 1.178349e+00; 9.973223e+04; 1.201434e+00
1.055500e+01; 9.810000e+04; 1.203254e+00; 1.109611e+05; 1.178088e+00; 9.985575e+04; 1.201330e+00
1.056000e+01; 9.810000e+04; 1.203246e+00; 1.119514e+05; 1.177799e+00; 9.998426e+04; 1.201220e+00
1.056500e+01; 9.810000e+04; 1.203237e+00; 1.129380e+05; 1.177484e+00; 1.001181e+05; 1.201102e+00
1.057000e+01; 9.810000e+04; 1.203228e+00; 1.139210e+05; 1.177142e+00; 1.002574e+05; 1.200977e+00
1.057500e+01; 9.810000e+04; 1.203217e+00; 1.149005e+05; 1.176774e+00; 1.004027e+05; 1.200845e+00
1.058000e+01; 9.810000e+04; 1.203206e+00; 1.158767e+05; 1.176381e+00; 1.005540e+05; 1.200706e+00
1.058500e+01; 9.810000e+04; 1.203194e+00; 1.168499e+05; 1.175963e+00; 1.007118e+05; 1.200559e+00
1.059000e+01; 9.810000e+04; 1.203181e+00; 1.178202e+05; 1.175520e+00; 1.008763e+05; 1.200404e+00
1.059500e+01; 9.810000e+04; 1.203166e+00; 1.187877e+05; 1.175054e+00; 1.010477e+05; 1.200240e+00
1.060000e+01; 9.810000e+04; 1.203151e+00; 1.197528e+05; 1.174564e+00; 1.012264e+05; 1.200069e+00
1.060500e+01; 9.810000e+04; 1.203134e+00; 1.207156e+05; 1.174052e+00; 1.014126e+05; 1.199890e+00
1.061000e+01; 9.810000e+04; 1.203115e+00; 1.216762e+05; 1.173517e+00; 1.016064e+05; 1.199701e+00
1.061500e+01; 9.810000e+04; 1.203095e+00; 1.226350e+05; 1.172961e+00; 1.018083e+05; 1.199504e+00
1.062000e+01; 9.810000e+04; 1.203074e+00; 1.235921e+05; 1.172385e+00; 1.020184e+05; 1.199298e+00
1.062500e+01; 9.810000e+04; 1.203050e+00; 1.245477e+05; 1.171788e+00; 1.022370e+05; 1.199083e+00
1.063000e+01; 9.810000e+04; 1.203025e+00; 1.255021e+05; 1.171172e+00; 1.024644e+05; 1.198859e+00
1.063500e+01; 9.810000e+04; 1.202998e+00; 1.264553e+05; 1.170536e+00; 1.027006e+05; 1.198625e+00
1.064000e+01; 9.810000e+04; 1.202969e+00; 1.274077e+05; 1.169883e+00; 1.029461e+05; 1.198381e+00
1.064500e+01; 9.810000e+04; 1.202937e+00; 1.283593e+05; 1.169212e+00; 1.032009e+05; 1.198128e+00
1.065000e+01; 9.810000e+04; 1.202903e+00; 1.293105e+05; 1.168524e+00; 1.034653e+05; 1.197864e+00
1.065500e+01; 9.810000e+04; 1.202866e+00; 1.302612e+05; 1.167819e+00; 1.037395e+05; 1.197590e+00
1.066000e+01; 9.810000e+04; 1.202827e+00; 1.312118e+05; 1.167100e+00; 1.040238e+05; 1.197306e+00
1.066500e+01; 9.810000e+04; 1.202785e+00; 1.321624e+05; 1.166365e+00; 1.043182e+05; 1.197011e+00
1.067000e+01; 9.810000e+04; 1.202739e+00; 1.331132e+05; 1.165615e+00; 1.046230e+05; 1.196706e+00
1.067500e+01; 9.810000e+04; 1.202691e+00; 1.340642e+05; 1.164852e+00; 1.049384e+05; 1.196389e+00
1.068000e+01; 9.810000e+04; 1.202638e+00; 1.350156e+05; 1.164075e+00; 1.052645e+05; 1.196062e+00
1.068500e+01; 9.810000e+04; 1.202582e+00; 1.359676e+05; 1.163286e+00; 1.056015e+05; 1.195723e+00
1.069000e+01; 9.810000e+04; 1.202522e+00; 1.369202e+05; 1.162485e+00; 1.059495e+05; 1.195373e+00
1.069500e+01; 9.810000e+04; 1.202458e+00; 1.378735e+05; 1.161672e+00; 1.063086e+05; 1.195012e+00
1.070000e+01; 9.810000e+04; 1.202390e+00; 1.388278e+05; 1.160849e+00; 1.066791e+05; 1.194639e+00
1.070500e+01; 9.810000e+04; 1.202317e+00; 1.397829e+05; 1.160015e+00; 1.070610e+05; 1.194254e+00
1.071000e+01; 9.810000e+04; 1.202239e+00; 1.407391e+05; 1.159171e+00; 1.074544e+05; 1.193857e+00
1.071500e+01; 9.810000e+04; 1.202155e+00; 1.416964e+05; 1.158317e+00; 1.078595e+05; 1.193449e+00
1.072000e+01; 9.810000e+04; 1.202067e+00; 1.426549e+05; 1.157455e+00; 1.082763e+05; 1.193028e+00
1.072500e+01; 9.810000e+04; 1.201972e+00; 1.436145e+05; 1.156584e+00; 1.087049e+05; 1.192596e+00
1.073000e+01; 9.810000e+04; 1.201872e+00; 1.445754e+05; 1.155705e+00; 1.091453e+05; 1.192151e+00
1.073500e+01; 9.810000e+04; 1.201765e+00; 1.455376e+05; 1.154818e+00; 1.095977e+05; 1.191694e+00
1.074000e+01; 9.810000e+04; 1.201651e+00; 1.465011e+05; 1.153924e+00; 1.100620e+05; 1.191225e+00
1.074500e+01; 9.810000e+04; 1.201531e+00; 1.474659e+05; 1.153024e+00; 1.105384e+05; 1.190743e+00
1.075000e+01; 9.810000e+04; 1.201403e+00; 1.484320e+05; 1.152116e+00; 1.110268e+05; 1.190249e+00
1.075500e+01; 9.810000e+04; 1.201267e+00; 1.493996e+05; 1.151203e+00; 1.115272e+05; 1.189743e+00
1.076000e+01; 9.810000e+04; 1.201124e+00; 1.503684e+05; 1.150284e+00; 1.120397e+05; 1.189224e+00
1.076500e+01; 9.810000e+04; 1.200972e+00; 1.513386e+05; 1.149360e+00; 1.125641e+05; 1.188693e+00
1.077000e+01; 9.810000e+04; 1.200811e+00; 1.523102e+05; 1.148431e+00; 1.131006e+05; 1.188150e+00
1.077500e+01; 9.810000e+04; 1.200641e+00; 1.532831e+05; 1.147496e+00; 1.136489e+05; 1.187594e+00
1.078000e+01; 9.810000e+04; 1.200462e+00; 1.542572e+05; 1.146558e+00; 1.142092e+05; 1.187026e+00
1.078500e+01; 9.810000e+04; 1.200273e+00; 1.552327e+05; 1.145615e+00; 1.147812e+05; 1.186446e+00
1.079000e+01; 9.810000e+04; 1.200073e+00; 1.562094e+05; 1.144668e+00; 1.153650e+05; 1.185853e+00
1.079500e+01; 9.810000e+04; 1.199863e+00; 1.571873e+05; 1.143717e+00; 1.159604e+05; 1.185248e+00
1.080000e+01; 9.810000e+04; 1.199641e+00; 1.581664e+05; 1.142763e+00; 1.165673e+05; 1.184631e+00
1.080500e+01; 9.810000e+04; 1.199408e+00; 1.591467e+05; 1.141805e+00; 1.171856e+05; 1.184002e+00
1.081000e+01; 9.810000e+04; 1.199163e+00; 1.601281e+05; 1.140845e+00; 1.178152e+05; 1.183361e+00
1.081500e+01; 9.810000e+04; 1.198906e+00; 1.611106e+05; 1.139881e+00; 1.184558e+05; 1.182708e+00
1.082000e+01; 9.810000e+04; 1.198636e+00; 1.620941e+05; 1.138915e+00; 1.191074e+05; 1.182044e+00
1.082500e+01; 9.809999e+04; 1.198352e+00; 1.630786e+05; 1.137947e+00; 1.197698e+05; 1.181367e+00
1.083000e+01; 9.809999e+04; 1.198055e+00; 1.640640e+05; 1.136976e+00; 1.204428e+05; 1.180680e+00
1.083500e+01; 9.809999e+04; 1.197744e+00; 1.650504e+05; 1.136003e+00; 1.211261e+05; 1.179981e+00
1.084000e+01; 9.809999e+04; 1.197418e+00; 1.660377e+05; 1.135028e+00; 1.218197e+05; 1.179270e+00
1.084500e+01; 9.809999e+04; 1.197077e+00; 1.670258e+05; 1.134051e+00; 1.225232e+05; 1.178549e+00
1.085000e+01; 9.809999e+04; 1.196721e+00; 1.680147e+05; 1.133072e+00; 1.232364e+05; 1.177816e+00
1.085500e+01; 9.809999e+04; 1.196348e+00; 1.690043e+05; 1.132091e+00; 1.239591e+05; 1.177073e+00
1.086000e+01; 9.809999e+04; 1.195960e+00; 1.699947e+05; 1.131109e+00; 1.246912e+05; 1.176319e+00
1.086500e+01; 9.809999e+04; 1.195555e+00; 1.709857e+05; 1.130126e+00; 1.254322e+05; 1.175554e+00
1.087000e+01; 9.809999e+04; 1.195132e+00; 1.719773e+05; 1.129141e+00; 1.261819e+05; 1.174779e+00
1.087500e+01; 9.809999e+04; 1.194692e+00; 1.729696e+05; 1.128155e+00; 1.269402e+05; 1.173994e+00
1.088000e+01; 9.809999e+04; 1.194234e+00; 1.739624e+05; 1.127167e+00; 1.277066e+05; 1.173198e+00
1.088500e+01; 9.809999e+04; 1.193758e+00; 1.749558e+05; 1.126179e+00; 1.284810e+05; 1.172393e+00
1.089000e+01; 9.809999e+04; 1.193263e+00; 1.759496e+05; 1.125190e+00; 1.292630e+05; 1.171578e+00
1.089500e+01; 9.809999e+04; 1.192748e+00; 1.769439e+05; 1.124200e+00; 1.300524e+05; 1.170753e+00
1.090000e+01; 9.809999e+04; 1.192214e+00; 1.779386e+05; 1.123208e+00; 1.308488e+05; 1.169919e+00
1.090500e+01; 9.809999e+04; 1.191661e+00; 1.789337e+05; 1.122217e+00; 1.316519e+05; 1.169075e+00
1.091000e+01; 9.809999e+04; 1.191086e+00; 1.799292e+05; 1.121224e+00; 1.324614e+05; 1.168223e+00
1.091500e+01; 9.809999e+04; 1.190492e+00; 1.809250e+05; 1.120231e+00; 1.332770e+05; 1.167361e+00
1.092000e+01; 9.809999e+04; 1.189876e+00; 1.819211e+05; 1.119236e+00; 1.340985e+05; 1.166490e+00
1.092500e+01; 9.809999e+04; 1.189239e+00; 1.829175e+05; 1.118242e+00; 1.349253e+05; 1.165610e+00
1.093000e+01; 9.809999e+04; 1.188580e+00; 1.839142e+05; 1.117247e+00; 1.357573e+05; 1.164722e+00
1.093500e+01; 9.809999e+04; 1.187899e+00; 1.849111e+05; 1.116251e+00; 1.365941e+05; 1.163825e+00
1.094000e+01; 9.809999e+04; 1.187197e+00; 1.859082e+05; 1.115255e+00; 1.374354e+05; 1.162920e+00
1.094500e+01; 9.809999e+04; 1.186471e+00; 1.869055e+05; 1.114258e+00; 1.382808e+05; 1.162006e+00
1.095000e+01; 9.809999e+04; 1.185723e+00; 1.879029e+05; 1.113261e+00; 1.391300e+05; 1.161084e+00
1.095500e+01; 9.809999e+04; 1.184953e+00; 1.889005e+05; 1.112263e+00; 1.399826e+05; 1.160154e+00
1.096000e+01; 9.809999e+04; 1.184159e+00; 1.898983e+05; 1.111265e+00; 1.408383e+05; 1.159216e+00
1.096500e+01; 9.809999e+04; 1.183341e+00; 1.908961e+05; 1.110267e+00; 1.416968e+05; 1.158270e+00
1.097000e+01; 9.809999e+04; 1.182501e+00; 1.918940e+05; 1.109268e+00; 1.425577e+05; 1.157316e+00
1.097500e+01; 9.809999e+04; 1.181636e+00; 1.928920e+05; 1.108269e+00; 1.434207e+05; 1.156354e+00
1.098000e+01; 9.809999e+04; 1.180748e+00; 1.938901e+05; 1.107270e+00; 1.442854e+05; 1.155384e+00
1.098500e+01; 9.810000e+04; 1.179836e+00; 1.948881e+05; 1.106270e+00; 1.451515e+05; 1.154406e+00
1.099000e+01; 9.810000e+04; 1.178900e+00; 1.958862e+05; 1.105270e+00; 1.460186e+05; 1.153421e+00
1.099500e+01; 9.810000e+04; 1.177940e+00; 1.968843e+05; 1.104270e+00; 1.468863e+05; 1.152428e+00
1.100000e+01; 9.810000e+04; 1.176955e+00; 1.978824e+05; 1.103269e+00; 1.477544e+05; 1.151428e+00
1.100500e+01; 9.810000e+04; 1.175947e+00; 1.988804e+05; 1.102268e+00; 1.486225e+05; 1.150419e+00
1.101000e+01; 9.810000e+04; 1.174915e+00; 1.998783e+05; 1.101266e+00; 1.494902e+05; 1.149403e+00
1.101500e+01; 9.810000e+04; 1.173858e+00; 2.008762e+05; 1.100265e+00; 1.503571e+05; 1.148379e+00
1.102000e+01; 9.810000e+04; 1.172777e+00; 2.018740e+05; 1.099263e+00; 1.512230e+05; 1.147348e+00
1.102500e+01; 9.810000e+04; 1.171673e+00; 2.028716e+05; 1.098260e+00; 1.520875e+05; 1.146309e+00
1.103000e+01; 9.810000e+04; 1.170544e+00; 2.038691e+05; 1.097257e+00; 1.529503e+05; 1.145262e+00
1.103500e+01; 9.810000e+04; 1.169392e+00; 2.048665e+05; 1.096254e+00; 1.538109e+05; 1.144207e+00
1.104000e+01; 9.810000e+04; 1.168216e+00; 2.058636e+05; 1.095251e+00; 1.546691e+05; 1.143144e+00
1.104500e+01; 9.810000e+04; 1.167016e+00; 2.068606e+05; 1.094247e+00; 1.555245e+05; 1.142073e+00
1.105000e+01; 9.810000e+04; 1.165793e+00; 2.078573e+05; 1.093242e+00; 1.563768e+05; 1.140995e+00
1.105500e+01; 9.810000e+04; 1.164547e+00; 2.088537e+05; 1.092237e+00; 1.572257e+05; 1.139908e+00
1.106000e+01; 9.810000e+04; 1.163278e+00; 2.098499e+05; 1.091232e+00; 1.580707e+05; 1.138813e+00
1.106500e+01; 9.810000e+04; 1.161986e+00; 2.108457e+05; 1.090226e+00; 1.589117e+05; 1.137710e+00
1.107000e+01; 9.810000e+04; 1.160672e+00; 2.118412e+05; 1.089220e+00; 1.597482e+05; 1.136598e+00
1.107500e+01; 9.810000e+04; 1.159336e+00; 2.128362e+05; 1.088213e+00; 1.605799e+05; 1.135478e+00
1.108000e+01; 9.810000e+04; 1.157978e+00; 2.138309e+05; 1.087205e+00; 1.614066e+05; 1.134349e+00
1.108500e+01; 9.810000e+04; 1.156598e+00; 2.148250e+05; 1.086197e+00; 1.622279e+05; 1.133212e+00
1.109000e+01; 9.810000e+04; 1.155197e+00; 2.158187e+05; 1.085188e+00; 1.630435e+05; 1.132066e+00
1.109500e+01; 9.810000e+04; 1.153775e+00; 2.168118e+05; 1.084179e+00; 1.638531e+05; 1.130910e+00
1.110000e+01; 9.810000e+04; 1.152333e+00; 2.178043e+05; 1.083168e+00; 1.646563e+05; 1.129746e+00
1.110500e+01; 9.810000e+04; 1.150871e+00; 2.187961e+05; 1.082157e+00; 1.654530e+05; 1.128573e+00
1.111000e+01; 9.810000e+04; 1.149388e+00; 2.197872e+05; 1.081145e+00; 1.662427e+05; 1.127390e+00
1.111500e+01; 9.810000e+04; 1.147887e+00; 2.207775e+05; 1.080132e+00; 1.670253e+05; 1.126198e+00
1.112000e+01; 9.810000e+04; 1.146366e+00; 2.217670e+05; 1.079118e+00; 1.678004e+05; 1.124996e+00
1.112500e+01; 9.810000e+04; 1.144826e+00; 2.227555e+05; 1.078103e+00; 1.685678e+05; 1.123785e+00
1.113000e+01; 9.810000e+04; 1.143269e+00; 2.237431e+05; 1.077087e+00; 1.693272e+05; 1.122564e+00
1.113500e+01; 9.810000e+04; 1.141694e+00; 2.247296e+05; 1.076070e+00; 1.700784e+05; 1.121332e+00
1.114000e+01; 9.810000e+04; 1.140101e+00; 2.257149e+05; 1.075052e+00; 1.708210e+05; 1.120091e+00
1.114500e+01; 9.810000e+04; 1.138492e+00; 2.266990e+05; 1.074033e+00; 1.715549e+05; 1.118839e+00
1.115000e+01; 9.810000e+04; 1.136866e+00; 2.276818e+05; 1.073012e+00; 1.722798e+05; 1.117577e+00
1.115500e+01; 9.810000e+04; 1.135224e+00; 2.286631e+05; 1.071990e+00; 1.729954e+05; 1.116304e+00
1.116000e+01; 9.810000e+04; 1.133566e+00; 2.296428e+05; 1.070967e+00; 1.737016e+05; 1.115021e+00
1.116500e+01; 9.810000e+04; 1.131894e+00; 2.306208e+05; 1.069942e+00; 1.743982e+05; 1.113726e+00
1.117000e+01; 9.810000e+04; 1.130207e+00; 2.315971e+05; 1.068916e+00; 1.750849e+05; 1.112421e+00
1.117500e+01; 9.810000e+04; 1.128505e+00; 2.325714e+05; 1.067888e+00; 1.757616e+05; 1.111105e+00
1.118000e+01; 9.810000e+04; 1.126790e+00; 2.335436e+05; 1.066858e+00; 1.764280e+05; 1.109778e+00
1.118500e+01; 9.810000e+04; 1.125061e+00; 2.345136e+05; 1.065827e+00; 1.770840e+05; 1.108439e+00
1.119000e+01; 9.810000e+04; 1.123320e+00; 2.354811e+05; 1.064794e+00; 1.777295e+05; 1.107089e+00
1.119500e+01; 9.810000e+04; 1.121566e+00; 2.364461e+05; 1.063759e+00; 1.783642e+05; 1.105728e+00
1.120000e+01; 9.810000e+04; 1.119800e+00; 2.374084e+05; 1.062723e+00; 1.789880e+05; 1.104355e+00
1.120500e+01; 9.810000e+04; 1.118022e+00; 2.383676e+05; 1.061684e+00; 1.796008e+05; 1.102970e+00
1.121000e+01; 9.810000e+04; 1.116233e+00; 2.393238e+05; 1.060644e+00; 1.802025e+05; 1.101574e+00
1.121500e+01; 9.810000e+04; 1.114434e+00; 2.402765e+05; 1.059601e+00; 1.807929e+05; 1.100165e+00
1.122000e+01; 9.810000e+04; 1.112624e+00; 2.412257e+05; 1.058556e+00; 1.813719e+05; 1.098745e+00
1.122500e+01; 9.810000e+04; 1.110804e+00; 2.421710e+05; 1.057510e+00; 1.819395e+05; 1.097313e+00
1.123000e+01; 9.810000e+04; 1.108974e+00; 2.431122e+05; 1.056461e+00; 1.824956e+05; 1.095869e+00
1.123500e+01; 9.810000e+04; 1.107135e+00; 2.440490e+05; 1.055410e+00; 1.830400e+05; 1.094413e+00
1.124000e+01; 9.810000e+04; 1.105288e+00; 2.449812e+05; 1.054357e+00; 1.835728e+05; 1.092945e+00
1.124500e+01; 9.810000e+04; 1.103432e+00; 2.459085e+05; 1.053301e+00; 1.840939e+05; 1.091465e+00
1.125000e+01; 9.810000e+04; 1.101568e+00; 2.468305e+05; 1.052243e+00; 1.846032e+05; 1.089973e+00
1.125500e+01; 9.810000e+04; 1.099696e+00; 2.477469e+05; 1.051183e+00; 1.851008e+05; 1.088469e+00
1.126000e+01; 9.810000e+04; 1.097817e+00; 2.486574e+05; 1.050121e+00; 1.855866e+05; 1.086952e+00
1.126500e+01; 9.810000e+04; 1.095931e+00; 2.495617e+05; 1.049056e+00; 1.860606e+05; 1.085424e+00
1.127000e+01; 9.810000e+04; 1.094038e+00; 2.504593e+05; 1.047989e+00; 1.865229e+05; 1.083883e+00
1.127500e+01; 9.810000e+04; 1.092139e+00; 2.513500e+05; 1.046920e+00; 1.869734e+05; 1.082331e+00
1.128000e+01; 9.810000e+04; 1.090234e+00; 2.522332e+05; 1.045849e+00; 1.874121e+05; 1.080767e+00
1.128500e+01; 9.810000e+04; 1.088323e+00; 2.531086e+05; 1.044775e+00; 1.878393e+05; 1.079191e+00
1.129000e+01; 9.810000e+04; 1.086406e+00; 2.539758e+05; 1.043700e+00; 1.882548e+05; 1.077603e+00
1.129500e+01; 9.810000e+04; 1.084484e+00; 2.548343e+05; 1.042622e+00; 1.886588e+05; 1.076003e+00
1.130000e+01; 9.810000e+04; 1.082557e+00; 2.556836e+05; 1.041542e+00; 1.890513e+05; 1.074392e+00
1.130500e+01; 9.810000e+04; 1.080626e+00; 2.565234e+05; 1.040460e+00; 1.894325e+05; 1.072769e+00
1.131000e+01; 9.810000e+04; 1.078690e+00; 2.573530e+05; 1.039377e+00; 1.898023e+05; 1.071134e+00
1.131500e+01; 9.810000e+04; 1.076750e+00; 2.581721e+05; 1.038291e+00; 1.901611e+05; 1.069489e+00
1.132000e+01; 9.810000e+04; 1.074806e+00; 2.589801e+05; 1.037204e+00; 1.905088e+05; 1.067832e+00
1.132500e+01; 9.810000e+04; 1.072858e+00; 2.597765e+05; 1.036115e+00; 1.908455e+05; 1.066164e+00
1.133000e+01; 9.810000e+04; 1.070906e+00; 2.605607e+05; 1.035025e+00; 1.911715e+05; 1.064486e+00
1.133500e+01; 9.810000e+04; 1.068952e+00; 2.613322e+05; 1.033933e+00; 1.914869e+05; 1.062796e+00
1.134000e+01; 9.810000e+04; 1.066994e+00; 2.620905e+05; 1.032840e+00; 1.917918e+05; 1.061096e+00
1.134500e+01; 9.810000e+04; 1.065033e+00; 2.628351e+05; 1.031746e+00; 1.920863e+05; 1.059386e+00
1.135000e+01; 9.810000e+04; 1.063069e+00; 2.635653e+05; 1.030651e+00; 1.923707e+05; 1.057665e+00
1.135500e+01; 9.810000e+04; 1.061103e+00; 2.642805e+05; 1.029555e+00; 1.926451e+05; 1.055934e+00
1.136000e+01; 9.810000e+04; 1.059134e+00; 2.649802e+05; 1.028458e+00; 1.929097e+05; 1.054194e+00
1.136500e+01; 9.810000e+04; 1.057163e+00; 2.656639e+05; 1.027362e+00; 1.931647e+05; 1.052443e+00
1.137000e+01; 9.810000e+04; 1.055190e+00; 2.663309e+05; 1.026264e+00; 1.934101e+05; 1.050684e+00
1.137500e+01; 9.810000e+04; 1.053214e+00; 2.669806e+05; 1.025167e+00; 1.936464e+05; 1.048915e+00
1.138000e+01; 9.810000e+04; 1.051237e+00; 2.676125e+05; 1.024070e+00; 1.938735e+05; 1.047137e+00
1.138500e+01; 9.810000e+04; 1.049258e+00; 2.682260e+05; 1.022973e+00; 1.940917e+05; 1.045350e+00
1.139000e+01; 9.810000e+04; 1.047277e+00; 2.688205e+05; 1.021877e+00; 1.943012e+05; 1.043555e+00
1.139500e+01; 9.810000e+04; 1.045295e+00; 2.693955e+05; 1.020781e+00; 1.945023e+05; 1.041751e+00
1.140000e+01; 9.810000e+04; 1.043312e+00; 2.699503e+05; 1.019687e+00; 1.946950e+05; 1.039939e+00
1.140500e+01; 9.810000e+04; 1.041327e+00; 2.704845e+05; 1.018593e+00; 1.948795e+05; 1.038119e+00
1.141000e+01; 9.810000e+04; 1.039340e+00; 2.709974e+05; 1.017501e+00; 1.950561e+05; 1.036292e+00
1.141500e+01; 9.810000e+04; 1.037353e+00; 2.714886e+05; 1.016410e+00; 1.952250e+05; 1.034457e+00
1.142000e+01; 9.810000e+04; 1.035365e+00; 2.719575e+05; 1.015321e+00; 1.953862e+05; 1.032616e+00
1.142500e+01; 9.810000e+04; 1.033375e+00; 2.724036e+05; 1.014234e+00; 1.955400e+05; 1.030767e+00
1.143000e+01; 9.810000e+04; 1.031385e+00; 2.728264e+05; 1.013149e+00; 1.956867e+05; 1.028912e+00
1.143500e+01; 9.810000e+04; 1.029393e+00; 2.732256e+05; 1.012066e+00; 1.958262e+05; 1.027050e+00
1.144000e+01; 9.810000e+04; 1.027401e+00; 2.736006e+05; 1.010986e+00; 1.959588e+05; 1.025183e+00
1.144500e+01; 9.810000e+04; 1.025408e+00; 2.739510e+05; 1.009908e+00; 1.960846e+05; 1.023310e+00
1.145000e+01; 9.810000e+04; 1.023415e+00; 2.742764e+05; 1.008833e+00; 1.962039e+05; 1.021431e+00
1.145500e+01; 9.810000e+04; 1.021420e+00; 2.745764e+05; 1.007761e+00; 1.963166e+05; 1.019547e+00
1.146000e+01; 9.810000e+04; 1.019426e+00; 2.749858e+05; 1.006495e+00; 1.964230e+05; 1.017658e+00
1.146500e+01; 9.810000e+04; 1.017430e+00; 2.752199e+05; 1.005566e+00; 1.965232e+05; 1.015764e+00
1.147000e+01; 9.810000e+04; 1.015434e+00; 2.754166e+05; 1.004426e+00; 1.966172e+05; 1.013867e+00
1.147500e+01; 9.810000e+04; 1.013438e+00; 2.756210e+05; 1.003440e+00; 1.967052e+05; 1.011965e+00
1.148000e+01; 9.810000e+04; 1.011441e+00; 2.757463e+05; 1.002371e+00; 1.967873e+05; 1.010059e+00
1.148500e+01; 9.810000e+04; 1.009444e+00; 2.759090e+05; 1.001328e+00; 1.968635e+05; 1.008150e+00
1.149000e+01; 9.810000e+04; 1.007446e+00; 2.759738e+05; 1.000328e+00; 1.969338e+05; 1.006238e+00
1.149500e+01; 9.810000e+04; 1.005448e+00; 2.760820e+05; 9.992396e-01; 1.969984e+05; 1.004323e+00
1.150000e+01; 9.810000e+04; 1.003449e+00; 2.760977e+05; 9.982884e-01; 1.970572e+05; 1.002406e+00
1.150500e+01; 9.810000e+04; 1.001450e+00; 2.761405e+05; 9.971798e-01; 1.971104e+05; 1.000487e+00
1.151000e+01; 9.810000e+04; 9.994513e-01; 2.761156e+05; 9.962499e-01; 1.971578e+05; 9.985657e-01
1.151500e+01; 9.810000e+04; 9.974519e-01; 2.760868e+05; 9.951504e-01; 1.971995e+05; 9.966432e-01
1.152000e+01; 9.810000e+04; 9.954523e-01; 2.760247e+05; 9.942130e-01; 1.972354e+05; 9.947197e-01
1.152500e+01; 9.810000e+04; 9.934523e-01; 2.759242e+05; 9.931482e-01; 1.972655e+05; 9.927955e-01
1.153000e+01; 9.810000e+04; 9.914521e-01; 2.758228e+05; 9.921824e-01; 1.972898e+05; 9.908710e-01
1.153500e+01; 9.810000e+04; 9.894517e-01; 2.756561e+05; 9.911665e-01; 1.973082e+05; 9.889465e-01
1.154000e+01; 9.810000e+04; 9.874511e-01; 2.755091e+05; 9.901647e-01; 1.973206e+05; 9.870224e-01
1.154500e+01; 9.810000e+04; 9.854502e-01; 2.752850e+05; 9.891974e-01; 1.973268e+05; 9.850992e-01
1.155000e+01; 9.810000e+04; 9.834492e-01; 2.750849e+05; 9.881661e-01; 1.973269e+05; 9.831771e-01
1.155500e+01; 9.810000e+04; 9.814479e-01; 2.748126e+05; 9.872345e-01; 1.973205e+05; 9.812567e-01
1.156000e+01; 9.810000e+04; 9.794465e-01; 2.745531e+05; 9.861903e-01; 1.973077e+05; 9.793382e-01
1.156500e+01; 9.810000e+04; 9.774449e-01; 2.743159e+05; 9.851633e-01; 1.972882e+05; 9.774222e-01
1.157000e+01; 9.810000e+04; 9.754431e-01; 2.739635e+05; 9.842361e-01; 1.972618e+05; 9.755089e-01
1.157500e+01; 9.810000e+04; 9.734412e-01; 2.736281e+05; 9.832092e-01; 1.972283e+05; 9.735990e-01
1.158000e+01; 9.810000e+04; 9.714391e-01; 2.732536e+05; 9.822752e-01; 1.971877e+05; 9.716926e-01
1.158500e+01; 9.810000e+04; 9.694368e-01; 2.728563e+05; 9.812691e-01; 1.971395e+05; 9.697904e-01
1.159000e+01; 9.810000e+04; 9.674345e-01; 2.725780e+05; 9.801265e-01; 1.970836e+05; 9.678927e-01
1.159500e+01; 9.810000e+04; 9.654321e-01; 2.721477e+05; 9.792303e-01; 1.970197e+05; 9.659999e-01
1.160000e+01; 9.810000e+04; 9.634295e-01; 2.716865e+05; 9.781949e-01; 1.969477e+05; 9.641126e-01
1.160500e+01; 9.810000e+04; 9.614269e-01; 2.712110e+05; 9.772783e-01; 1.968671e+05; 9.622311e-01
1.161000e+01; 9.810000e+04; 9.594243e-01; 2.707073e+05; 9.762597e-01; 1.967778e+05; 9.603558e-01
1.161500e+01; 9.810000e+04; 9.574216e-01; 2.701887e+05; 9.753389e-01; 1.966795e+05; 9.584873e-01
1.162000e+01; 9.810000e+04; 9.554189e-01; 2.696438e+05; 9.743298e-01; 1.965718e+05; 9.566260e-01
1.162500e+01; 9.810000e+04; 9.534162e-01; 2.690843e+05; 9.734073e-01; 1.964544e+05; 9.547722e-01
1.163000e+01; 9.810000e+04; 9.514136e-01; 2.685002e+05; 9.724052e-01; 1.963272e+05; 9.529265e-01
1.163500e+01; 9.810000e+04; 9.494111e-01; 2.679022e+05; 9.714816e-01; 1.961897e+05; 9.510891e-01
1.164000e+01; 9.810000e+04; 9.474087e-01; 2.672811e+05; 9.704850e-01; 1.960418e+05; 9.492606e-01
1.164500e+01; 9.810000e+04; 9.454066e-01; 2.666469e+05; 9.695603e-01; 1.958831e+05; 9.474413e-01
1.165000e+01; 9.810000e+04; 9.434047e-01; 2.659910e+05; 9.685681e-01; 1.957134e+05; 9.456315e-01
1.165500e+01; 9.810000e+04; 9.414031e-01; 2.653227e+05; 9.676421e-01; 1.955325e+05; 9.438316e-01
1.166000e+01; 9.810000e+04; 9.394018e-01; 2.646344e+05; 9.666535e-01; 1.953402e+05; 9.420418e-01
1.166500e+01; 9.810000e+04; 9.374010e-01; 2.639344e+05; 9.657258e-01; 1.951362e+05; 9.402624e-01
1.167000e+01; 9.810000e+04; 9.354008e-01; 2.632157e+05; 9.647399e-01; 1.949205e+05; 9.384937e-01
1.167500e+01; 9.810000e+04; 9.334012e-01; 2.624862e+05; 9.638103e-01; 1.946929e+05; 9.367360e-01
1.168000e+01; 9.810000e+04; 9.314023e-01; 2.617395e+05; 9.628265e-01; 1.944530e+05; 9.349895e-01
1.168500e+01; 9.810000e+04; 9.294043e-01; 2.609827e+05; 9.618947e-01; 1.942005e+05; 9.332547e-01
1.169000e+01; 9.810000e+04; 9.274072e-01; 2.602100e+05; 9.609123e-01; 1.939351e+05; 9.315322e-01
1.169500e+01; 9.810000e+04; 9.254112e-01; 2.594281e+05; 9.599779e-01; 1.936563e+05; 9.298224e-01
1.170000e+01; 9.810000e+04; 9.234165e-01; 2.586315e+05; 9.589965e-01; 1.933635e+05; 9.281260e-01
1.170500e+01; 9.810000e+04; 9.214232e-01; 2.578265e+05; 9.580593e-01; 1.930560e+05; 9.264438e-01
1.171000e+01; 9.810000e+04; 9.194314e-01; 2.570080e+05; 9.570784e-01; 1.927332e+05; 9.247764e-01
1.171500e+01; 9.810000e+04; 9.174415e-01; 2.561818e+05; 9.561382e-01; 1.923944e+05; 9.231245e-01
1.172000e+01; 9.810000e+04; 9.154535e-01; 2.553434e+05; 9.551573e-01; 1.920391e+05; 9.214887e-01
1.172500e+01; 9.810000e+04; 9.134677e-01; 2.544980e+05; 9.542140e-01; 1.916669e+05; 9.198693e-01
1.173000e+01; 9.810000e+04; 9.114843e-01; 2.536413e+05; 9.532327e-01; 1.912774e+05; 9.182667e-01
1.173500e+01; 9.810000e+04; 9.095036e-01; 2.527784e+05; 9.522862e-01; 1.908708e+05; 9.166808e-01
1.174000e+01; 9.810000e+04; 9.075258e-01; 2.519053e+05; 9.513044e-01; 1.904468e+05; 9.151118e-01
1.174500e+01; 9.810000e+04; 9.055513e-01; 2.510266e+05; 9.503546e-01; 1.900059e+05; 9.135593e-01
1.175000e+01; 9.810000e+04; 9.035803e-01; 2.501385e+05; 9.493719e-01; 1.895480e+05; 9.120233e-01
1.175500e+01; 9.810000e+04; 9.016131e-01; 2.492455e+05; 9.484188e-01; 1.890737e+05; 9.105033e-01
1.176000e+01; 9.810000e+04; 8.996502e-01; 2.483441e+05; 9.474351e-01; 1.885831e+05; 9.089991e-01
1.176500e+01; 9.810000e+04; 8.976918e-01; 2.474383e+05; 9.464787e-01; 1.880767e+05; 9.075104e-01
1.177000e+01; 9.810000e+04; 8.957384e-01; 2.465248e+05; 9.454939e-01; 1.875548e+05; 9.060367e-01
1.177500e+01; 9.810000e+04; 8.937904e-01; 2.456074e+05; 9.445343e-01; 1.870177e+05; 9.045779e-01
1.178000e+01; 9.810000e+04; 8.918481e-01; 2.446832e+05; 9.435483e-01; 1.864659e+05; 9.031334e-01
1.178500e+01; 9.810000e+04; 8.899121e-01; 2.437556e+05; 9.425855e-01; 1.858998e+05; 9.017029e-01
1.179000e+01; 9.810000e+04; 8.879827e-01; 2.428217e+05; 9.415982e-01; 1.853198e+05; 9.002860e-01
1.179500e+01; 9.810000e+04; 8.860606e-01; 2.418849e+05; 9.406324e-01; 1.847262e+05; 8.988822e-01
1.180000e+01; 9.810000e+04; 8.841462e-01; 2.409426e+05; 9.396438e-01; 1.841195e+05; 8.974913e-01
1.180500e+01; 9.810000e+04; 8.822399e-01; 2.399976e+05; 9.386751e-01; 1.835001e+05; 8.961129e-01
1.181000e+01; 9.810000e+04; 8.803425e-01; 2.390477e+05; 9.376852e-01; 1.828682e+05; 8.947467e-01
1.181500e+01; 9.810000e+04; 8.784544e-01; 2.380955e+05; 9.367138e-01; 1.822241e+05; 8.933924e-01
1.182000e+01; 9.810000e+04; 8.765762e-01; 2.371388e+05; 9.357227e-01; 1.815680e+05; 8.920500e-01
1.182500e+01; 9.810000e+04; 8.747086e-01; 2.361803e+05; 9.347486e-01; 1.808998e+05; 8.907195e-01
1.183000e+01; 9.810000e+04; 8.728521e-01; 2.352177e+05; 9.337563e-01; 1.802196e+05; 8.894009e-01
1.183500e+01; 9.810000e+04; 8.710074e-01; 2.342535e+05; 9.327798e-01; 1.795272e+05; 8.880945e-01
1.184000e+01; 9.810000e+04; 8.691752e-01; 2.332858e+05; 9.317864e-01; 1.788225e+05; 8.868004e-01
1.184500e+01; 9.810000e+04; 8.673560e-01; 2.323167e+05; 9.308077e-01; 1.781052e+05; 8.855187e-01
1.185000e+01; 9.810000e+04; 8.655506e-01; 2.313443e+05; 9.298132e-01; 1.773753e+05; 8.842497e-01
1.185500e+01; 9.810000e+04; 8.637597e-01; 2.303708e+05; 9.288324e-01; 1.766326e+05; 8.829933e-01
1.186000e+01; 9.810001e+04; 8.619838e-01; 2.293945e+05; 9.278370e-01; 1.758774e+05; 8.817494e-01
1.186500e+01; 9.810001e+04; 8.602237e-01; 2.284172e+05; 9.268543e-01; 1.751098e+05; 8.805179e-01
1.187000e+01; 9.810001e+04; 8.584801e-01; 2.274374e+05; 9.258580e-01; 1.743300e+05; 8.792984e-01
1.187500e+01; 9.810001e+04; 8.567537e-01; 2.264567e+05; 9.248735e-01; 1.735385e+05; 8.780907e-01
1.188000e+01; 9.810001e+04; 8.550450e-01; 2.254738e+05; 9.238765e-01; 1.727358e+05; 8.768941e-01
1.188500e+01; 9.810001e+04; 8.533547e-01; 2.244903e+05; 9.228905e-01; 1.719224e+05; 8.757084e-01
1.189000e+01; 9.810001e+04; 8.516835e-01; 2.235047e+05; 9.218928e-01; 1.710987e+05; 8.745329e-01
1.189500e+01; 9.810001e+04; 8.500321e-01; 2.225186e+05; 9.209053e-01; 1.702654e+05; 8.733672e-01
1.190000e+01; 9.810001e+04; 8.484010e-01; 2.215307e+05; 9.199071e-01; 1.694228e+05; 8.722110e-01
1.190500e+01; 9.810001e+04; 8.467909e-01; 2.205423e+05; 9.189183e-01; 1.685716e+05; 8.710637e-01
1.191000e+01; 9.810001e+04; 8.452025e-01; 2.195523e+05; 9.179196e-01; 1.677122e+05; 8.699250e-01
1.191500e+01; 9.810001e+04; 8.436364e-01; 2.185620e+05; 9.169297e-01; 1.668449e+05; 8.687946e-01
1.192000e+01; 9.810001e+04; 8.420933e-01; 2.175703e+05; 9.159307e-01; 1.659702e+05; 8.676722e-01
1.192500e+01; 9.810001e+04; 8.405740e-01; 2.165782e+05; 9.149398e-01; 1.650886e+05; 8.665574e-01
1.193000e+01; 9.810001e+04; 8.390793e-01; 2.155849e+05; 9.139404e-01; 1.642003e+05; 8.654499e-01
1.193500e+01; 9.810001e+04; 8.376098e-01; 2.145913e+05; 9.129486e-01; 1.633058e+05; 8.643496e-01
1.194000e+01; 9.810001e+04; 8.361665e-01; 2.135966e+05; 9.119491e-01; 1.624055e+05; 8.632561e-01
1.194500e+01; 9.810001e+04; 8.347501e-01; 2.126017e+05; 9.109565e-01; 1.614998e+05; 8.621692e-01
1.195000e+01; 9.810001e+04; 8.333614e-01; 2.116057e+05; 9.099568e-01; 1.605890e+05; 8.610887e-01
1.195500e+01; 9.810001e+04; 8.320014e-01; 2.106096e+05; 9.089637e-01; 1.596735e+05; 8.600144e-01
1.196000e+01; 9.810001e+04; 8.306707e-01; 2.096125e+05; 9.079639e-01; 1.587536e+05; 8.589461e-01
1.196500e+01; 9.810001e+04; 8.293700e-01; 2.086153e+05; 9.069703e-01; 1.578298e+05; 8.578836e-01
1.197000e+01; 9.810001e+04; 8.280999e-01; 2.076172e+05; 9.059706e-01; 1.569024e+05; 8.568268e-01
1.197500e+01; 9.810001e+04; 8.268609e-01; 2.066189e+05; 9.049766e-01; 1.559718e+05; 8.557756e-01
1.198000e+01; 9.810000e+04; 8.256534e-01; 2.056198e+05; 9.039769e-01; 1.550383e+05; 8.547297e-01
1.198500e+01; 9.810000e+04; 8.244777e-01; 2.046206e+05; 9.029826e-01; 1.541024e+05; 8.536891e-01
1.199000e+01; 9.810000e+04; 8.233337e-01; 2.036206e+05; 9.019831e-01; 1.531643e+05; 8.526538e-01
1.199500e+01; 9.810000e+04; 8.222215e-01; 2.026205e+05; 9.009886e-01; 1.522245e+05; 8.516236e-01
1.200000e+01; 9.810000e+04; 8.211410e-01; 2.016196e+05; 8.999894e-01; 1.512832e+05; 8.505985e-01
1.200500e+01; 9.810000e+04; 8.200918e-01; 2.006186e+05; 8.989949e-01; 1.503409e+05; 8.495785e-01
1.201000e+01; 9.810000e+04; 8.190736e-01; 1.996169e+05; 8.979960e-01; 1.493980e+05; 8.485635e-01
1.201500e+01; 9.810000e+04; 8.180860e-01; 1.986149e+05; 8.970015e-01; 1.484547e+05; 8.475536e-01
1.202000e+01; 9.810000e+04; 8.171285e-01; 1.976123e+05; 8.960030e-01; 1.475115e+05; 8.465487e-01
1.202500e+01; 9.810000e+04; 8.162005e-01; 1.966094e+05; 8.950087e-01; 1.465686e+05; 8.455490e-01
1.203000e+01; 9.810000e+04; 8.153014e-01; 1.956059e+05; 8.940108e-01; 1.456266e+05; 8.445544e-01
1.203500e+01; 9.810000e+04; 8.144306e-01; 1.946020e+05; 8.930167e-01; 1.446858e+05; 8.435652e-01
1.204000e+01; 9.810000e+04; 8.135877e-01; 1.935975e+05; 8.920194e-01; 1.437464e+05; 8.425812e-01
1.204500e+01; 9.810000e+04; 8.127719e-01; 1.925926e+05; 8.910258e-01; 1.428089e+05; 8.416028e-01
1.205000e+01; 9.810000e+04; 8.119829e-01; 1.915870e+05; 8.900293e-01; 1.418737e+05; 8.406299e-01
1.205500e+01; 9.810000e+04; 8.112202e-01; 1.905811e+05; 8.890362e-01; 1.409412e+05; 8.396628e-01
1.206000e+01; 9.810000e+04; 8.104833e-01; 1.895744e+05; 8.880406e-01; 1.400117e+05; 8.387017e-01
1.206500e+01; 9.810000e+04; 8.097720e-01; 1.885672e+05; 8.870483e-01; 1.390855e+05; 8.377466e-01
1.207000e+01; 9.810000e+04; 8.090859e-01; 1.875593e+05; 8.860537e-01; 1.381632e+05; 8.367977e-01
1.207500e+01; 9.810000e+04; 8.084248e-01; 1.865508e+05; 8.850623e-01; 1.372449e+05; 8.358554e-01
1.208000e+01; 9.810000e+04; 8.077885e-01; 1.855415e+05; 8.840689e-01; 1.363313e+05; 8.349198e-01
1.208500e+01; 9.810000e+04; 8.071769e-01; 1.845316e+05; 8.830787e-01; 1.354225e+05; 8.339911e-01
1.209000e+01; 9.810000e+04; 8.065898e-01; 1.835208e+05; 8.820867e-01; 1.345191e+05; 8.330697e-01
1.209500e+01; 9.810000e+04; 8.060270e-01; 1.825094e+05; 8.810979e-01; 1.336213e+05; 8.321556e-01
1.210000e+01; 9.810000e+04; 8.054883e-01; 1.814969e+05; 8.801075e-01; 1.327297e+05; 8.312492e-01
1.210500e+01; 9.810000e+04; 8.049734e-01; 1.804838e+05; 8.791203e-01; 1.318444e+05; 8.303508e-01
1.211000e+01; 9.810000e+04; 8.044821e-01; 1.794695e+05; 8.781319e-01; 1.309661e+05; 8.294606e-01
1.211500e+01; 9.810000e+04; 8.040139e-01; 1.784545e+05; 8.771465e-01; 1.300949e+05; 8.285790e-01
1.212000e+01; 9.810000e+04; 8.035684e-01; 1.774383e+05; 8.761604e-01; 1.292313e+05; 8.277061e-01
1.212500e+01; 9.810000e+04; 8.031450e-01; 1.764212e+05; 8.751772e-01; 1.283756e+05; 8.268423e-01
1.213000e+01; 9.810000e+04; 8.027432e-01; 1.754029e+05; 8.741936e-01; 1.275283e+05; 8.259879e-01
1.213500e+01; 9.810000e+04; 8.023622e-01; 1.743835e+05; 8.732131e-01; 1.266896e+05; 8.251431e-01
1.214000e+01; 9.810000e+04; 8.020014e-01; 1.733629e+05; 8.722324e-01; 1.258600e+05; 8.243084e-01
1.214500e+01; 9.810000e+04; 8.016600e-01; 1.723411e+05; 8.712550e-01; 1.250399e+05; 8.234839e-01
1.215000e+01; 9.810000e+04; 8.013372e-01; 1.713179e+05; 8.702777e-01; 1.242295e+05; 8.226700e-01
1.215500e+01; 9.810000e+04; 8.010324e-01; 1.702935e+05; 8.693037e-01; 1.234292e+05; 8.218671e-01
1.216000e+01; 9.810000e+04; 8.007447e-01; 1.692676e+05; 8.683303e-01; 1.226395e+05; 8.210754e-01
1.216500e+01; 9.810000e+04; 8.004734e-01; 1.682404e+05; 8.673604e-01; 1.218607e+05; 8.202952e-01
1.217000e+01; 9.810000e+04; 8.002177e-01; 1.672116e+05; 8.663914e-01; 1.210931e+05; 8.195270e-01
1.217500e+01; 9.810000e+04; 7.999769e-01; 1.661813e+05; 8.654261e-01; 1.203371e+05; 8.187710e-01
1.218000e+01; 9.810000e+04; 7.997504e-01; 1.651494e+05; 8.644622e-01; 1.195931e+05; 8.180277e-01
1.218500e+01; 9.810000e+04; 7.995373e-01; 1.641160e+05; 8.635022e-01; 1.188615e+05; 8.172972e-01
1.219000e+01; 9.810000e+04; 7.993372e-01; 1.630808e+05; 8.625440e-01; 1.181426e+05; 8.165801e-01
1.219500e+01; 9.810000e+04; 7.991493e-01; 1.620440e+05; 8.615900e-01; 1.174367e+05; 8.158765e-01
1.220000e+01; 9.810000e+04; 7.989731e-01; 1.610053e+05; 8.606383e-01; 1.167442e+05; 8.151869e-01
1.220500e+01; 9.810000e+04; 7.988079e-01; 1.599650e+05; 8.596912e-01; 1.160655e+05; 8.145115e-01
1.221000e+01; 9.810000e+04; 7.986532e-01; 1.589227e+05; 8.587469e-01; 1.154007e+05; 8.138506e-01
1.221500e+01; 9.810000e+04; 7.985085e-01; 1.578787e+05; 8.578076e-01; 1.147502e+05; 8.132045e-01
1.222000e+01; 9.810000e+04; 7.983731e-01; 1.568327e+05; 8.568716e-01; 1.141142e+05; 8.125734e-01
1.222500e+01; 9.810000e+04; 7.982467e-01; 1.557849e+05; 8.559410e-01; 1.134929e+05; 8.119574e-01
1.223000e+01; 9.810000e+04; 7.981288e-01; 1.547351e+05; 8.550143e-01; 1.128864e+05; 8.113568e-01
1.223500e+01; 9.810000e+04; 7.980187e-01; 1.536834e+05; 8.540936e-01; 1.122948e+05; 8.107716e-01
1.224000e+01; 9.810000e+04; 7.979162e-01; 1.526297e+05; 8.531774e-01; 1.117182e+05; 8.102018e-01
1.224500e+01; 9.810000e+04; 7.978207e-01; 1.515740e+05; 8.522677e-01; 1.111566e+05; 8.096476e-01
1.225000e+01; 9.810000e+04; 7.977319e-01; 1.505164e+05; 8.513632e-01; 1.106099e+05; 8.091088e-01
1.225500e+01; 9.810000e+04; 7.976493e-01; 1.494568e+05; 8.504657e-01; 1.100782e+05; 8.085855e-01
1.226000e+01; 9.810000e+04; 7.975727e-01; 1.483952e+05; 8.495743e-01; 1.095613e+05; 8.080775e-01
1.226500e+01; 9.810000e+04; 7.975015e-01; 1.473318e+05; 8.486905e-01; 1.090590e+05; 8.075847e-01
1.227000e+01; 9.810000e+04; 7.974355e-01; 1.462663e+05; 8.478134e-01; 1.085712e+05; 8.071070e-01
1.227500e+01; 9.810000e+04; 7.973743e-01; 1.451990e+05; 8.469448e-01; 1.080976e+05; 8.066442e-01
1.228000e+01; 9.810000e+04; 7.973176e-01; 1.441298e+05; 8.460837e-01; 1.076381e+05; 8.061961e-01
1.228500e+01; 9.810000e+04; 7.972652e-01; 1.430588e+05; 8.452318e-01; 1.071925e+05; 8.057626e-01
1.229000e+01; 9.810000e+04; 7.972167e-01; 1.419860e+05; 8.443883e-01; 1.067605e+05; 8.053435e-01
1.229500e+01; 9.810000e+04; 7.971719e-01; 1.409115e+05; 8.435548e-01; 1.063418e+05; 8.049385e-01
1.230000e+01; 9.810000e+04; 7.971306e-01; 1.398353e+05; 8.427306e-01; 1.059363e+05; 8.045475e-01
1.230500e+01; 9.810000e+04; 7.970924e-01; 1.387575e+05; 8.419172e-01; 1.055437e+05; 8.041704e-01
1.231000e+01; 9.810000e+04; 7.970573e-01; 1.376782e+05; 8.411141e-01; 1.051638e+05; 8.038069e-01
1.231500e+01; 9.810000e+04; 7.970249e-01; 1.365974e+05; 8.403226e-01; 1.047963e+05; 8.034570e-01
1.232000e+01; 9.810000e+04; 7.969950e-01; 1.355153e+05; 8.395425e-01; 1.044412e+05; 8.031205e-01
1.232500e+01; 9.810000e+04; 7.969676e-01; 1.344319e+05; 8.387749e-01; 1.040980e+05; 8.027972e-01
1.233000e+01; 9.810000e+04; 7.969424e-01; 1.333472e+05; 8.380196e-01; 1.037668e+05; 8.024871e-01
1.233500e+01; 9.810000e+04; 7.969192e-01; 1.322615e+05; 8.372779e-01; 1.034472e+05; 8.021901e-01
1.234000e+01; 9.810000e+04; 7.968980e-01; 1.311748e+05; 8.365495e-01; 1.031390e+05; 8.019060e-01
1.234500e+01; 9.810000e+04; 7.968785e-01; 1.300872e+05; 8.358357e-01; 1.028421e+05; 8.016347e-01
1.235000e+01; 9.810000e+04; 7.968607e-01; 1.289989e+05; 8.351362e-01; 1.025563e+05; 8.013761e-01
1.235500e+01; 9.810000e+04; 7.968444e-01; 1.279099e+05; 8.344522e-01; 1.022812e+05; 8.011301e-01
1.236000e+01; 9.810000e+04; 7.968295e-01; 1.268204e+05; 8.337837e-01; 1.020166e+05; 8.008965e-01
1.236500e+01; 9.810000e+04; 7.968159e-01; 1.257305e+05; 8.331317e-01; 1.017624e+05; 8.006752e-01
1.237000e+01; 9.810000e+04; 7.968035e-01; 1.246403e+05; 8.324962e-01; 1.015181e+05; 8.004660e-01
1.237500e+01; 9.810000e+04; 7.967923e-01; 1.235500e+05; 8.318783e-01; 1.012834e+05; 8.002686e-01
1.238000e+01; 9.810000e+04; 7.967821e-01; 1.224598e+05; 8.312778e-01; 1.010581e+05; 8.000830e-01
1.238500e+01; 9.810000e+04; 7.967729e-01; 1.213697e+05; 8.306960e-01; 1.008417e+05; 7.999089e-01
1.239000e+01; 9.810000e+04; 7.967646e-01; 1.202800e+05; 8.301327e-01; 1.006339e+05; 7.997461e-01
1.239500e+01; 9.810000e+04; 7.967572e-01; 1.191908e+05; 8.295889e-01; 1.004343e+05; 7.995942e-01
1.240000e+01; 9.810000e+04; 7.967505e-01; 1.181024e+05; 8.290647e-01; 1.002425e+05; 7.994532e-01
1.240500e+01; 9.810000e+04; 7.967446e-01; 1.170148e+05; 8.285610e-01; 1.000581e+05; 7.993227e-01
1.241000e+01; 9.810000e+04; 7.967394e-01; 1.159284e+05; 8.280777e-01; 9.988060e+04; 7.992025e-01
1.241500e+01; 9.810000e+04; 7.967349e-01; 1.148434e+05; 8.276159e-01; 9.970960e+04; 7.990923e-01
1.242000e+01; 9.810000e+04; 7.967309e-01; 1.137599e+05; 8.271755e-01; 9.954467e+04; 7.989920e-01
1.242500e+01; 9.810000e+04; 7.967276e-01; 1.126782e+05; 8.267573e-01; 9.938535e+04; 7.989011e-01
1.243000e+01; 9.810000e+04; 7.967248e-01; 1.115986e+05; 8.263613e-01; 9.923121e+04; 7.988197e-01
1.243500e+01; 9.810000e+04; 7.967226e-01; 1.105213e+05; 8.259884e-01; 9.908182e+04; 7.987473e-01
1.244000e+01; 9.810000e+04; 7.967209e-01; 1.094466e+05; 8.256385e-01; 9.893673e+04; 7.986838e-01
1.244500e+01; 9.810000e+04; 7.967197e-01; 1.083746e+05; 8.253123e-01; 9.879552e+04; 7.986291e-01
1.245000e+01; 9.810000e+04; 7.967191e-01; 1.073057e+05; 8.250098e-01; 9.865776e+04; 7.985829e-01
1.245500e+01; 9.810000e+04; 7.967189e-01; 1.062399e+05; 8.247317e-01; 9.852303e+04; 7.985451e-01
1.246000e+01; 9.810000e+04; 7.967191e-01; 1.051776e+05; 8.244780e-01; 9.839092e+04; 7.985154e-01
1.246500e+01; 9.810000e+04; 7.967199e-01; 1.041188e+05; 8.242491e-01; 9.826101e+04; 7.984939e-01
1.247000e+01; 9.810000e+04; 7.967212e-01; 1.030638e+05; 8.240450e-01; 9.813290e+04; 7.984802e-01
1.247500e+01; 9.810000e+04; 7.967229e-01; 1.020125e+05; 8.238663e-01; 9.800620e+04; 7.984744e-01
1.248000e+01; 9.810000e+04; 7.967252e-01; 1.009651e+05; 8.237128e-01; 9.788050e+04; 7.984764e-01
1.248500e+01; 9.810000e+04; 7.967280e-01; 9.992169e+04; 8.235849e-01; 9.775544e+04; 7.984859e-01
1.249000e+01; 9.810000e+04; 7.967313e-01; 9.888213e+04; 8.234826e-01; 9.763062e+04; 7.985031e-01
1.249500e+01; 9.810000e+04; 7.967351e-01; 9.784645e+04; 8.234061e-01; 9.750567e+04; 7.985277e-01
1.250000e+01; 9.810000e+04; 7.967395e-01; 9.681454e+04; 8.233554e-01; 9.738022e+04; 7.985598e-01
1.250500e+01; 9.810000e+04; 7.967446e-01; 9.578631e+04; 8.233307e-01; 9.725392e+04; 7.985992e-01
1.251000e+01; 9.810000e+04; 7.967502e-01; 9.476161e+04; 8.233317e-01; 9.712639e+04; 7.986461e-01
1.251500e+01; 9.810000e+04; 7.967565e-01; 9.374030e+04; 8.233587e-01; 9.699729e+04; 7.987003e-01
1.252000e+01; 9.810000e+04; 7.967634e-01; 9.272219e+04; 8.234115e-01; 9.686626e+04; 7.987619e-01
1.252500e+01; 9.810000e+04; 7.967711e-01; 9.170711e+04; 8.234901e-01; 9.673298e+04; 7.988309e-01
1.253000e+01; 9.810000e+04; 7.967796e-01; 9.069485e+04; 8.235943e-01; 9.659710e+04; 7.989073e-01
1.253500e+01; 9.810000e+04; 7.967888e-01; 8.968524e+04; 8.237241e-01; 9.645829e+04; 7.989911e-01
1.254000e+01; 9.810000e+04; 7.967990e-01; 8.867809e+04; 8.238793e-01; 9.631623e+04; 7.990823e-01
1.254500e+01; 9.810000e+04; 7.968100e-01; 8.767323e+04; 8.240597e-01; 9.617058e+04; 7.991811e-01
1.255000e+01; 9.810000e+04; 7.968220e-01; 8.667051e+04; 8.242651e-01; 9.602105e+04; 7.992875e-01
1.255500e+01; 9.810000e+04; 7.968351e-01; 8.566980e+04; 8.244953e-01; 9.586732e+04; 7.994015e-01
1.256000e+01; 9.810000e+04; 7.968492e-01; 8.467098e+04; 8.247500e-01; 9.570908e+04; 7.995232e-01
1.256500e+01; 9.810000e+04; 7.968645e-01; 8.367398e+04; 8.250290e-01; 9.554604e+04; 7.996527e-01
1.257000e+01; 9.810000e+04; 7.968811e-01; 8.267871e+04; 8.253319e-01; 9.537789e+04; 7.997901e-01
1.257500e+01; 9.810000e+04; 7.968990e-01; 8.168514e+04; 8.256584e-01; 9.520436e+04; 7.999355e-01
1.258000e+01; 9.810000e+04; 7.969183e-01; 8.069324e+04; 8.260082e-01; 9.502516e+04; 8.000890e-01
1.258500e+01; 9.810000e+04; 7.969390e-01; 7.970300e+04; 8.263809e-01; 9.484000e+04; 8.002507e-01
1.259000e+01; 9.810000e+04; 7.969614e-01; 7.871442e+04; 8.267762e-01; 9.464862e+04; 8.004207e-01
1.259500e+01; 9.810000e+04; 7.969855e-01; 7.772751e+04; 8.271936e-01; 9.445075e+04; 8.005992e-01
1.260000e+01; 9.810000e+04; 7.970114e-01; 7.674227e+04; 8.276327e-01; 9.424613e+04; 8.007863e-01
1.260500e+01; 9.810000e+04; 7.970391e-01; 7.575872e+04; 8.280931e-01; 9.403451e+04; 8.009820e-01
1.261000e+01; 9.810000e+04; 7.970689e-01; 7.477686e+04; 8.285744e-01; 9.381564e+04; 8.011866e-01
1.261500e+01; 9.810000e+04; 7.971009e-01; 7.379669e+04; 8.290761e-01; 9.358927e+04; 8.014001e-01
1.262000e+01; 9.810000e+04; 7.971351e-01; 7.281820e+04; 8.295977e-01; 9.335519e+04; 8.016228e-01
1.262500e+01; 9.810000e+04; 7.971717e-01; 7.184135e+04; 8.301388e-01; 9.311316e+04; 8.018546e-01
1.263000e+01; 9.810000e+04; 7.972109e-01; 7.086610e+04; 8.306988e-01; 9.286298e+04; 8.020958e-01
1.263500e+01; 9.810000e+04; 7.972528e-01; 6.989241e+04; 8.312774e-01; 9.260443e+04; 8.023464e-01
1.264000e+01; 9.810000e+04; 7.972975e-01; 6.892018e+04; 8.318740e-01; 9.233733e+04; 8.026066e-01
1.264500e+01; 9.810000e+04; 7.973453e-01; 6.794934e+04; 8.324881e-01; 9.206149e+04; 8.028766e-01
1.265000e+01; 9.810000e+04; 7.973962e-01; 6.697978e+04; 8.331191e-01; 9.177674e+04; 8.031563e-01
1.265500e+01; 9.810000e+04; 7.974506e-01; 6.601141e+04; 8.337667e-01; 9.148291e+04; 8.034460e-01
1.266000e+01; 9.810000e+04; 7.975084e-01; 6.504408e+04; 8.344303e-01; 9.117985e+04; 8.037457e-01
1.266500e+01; 9.810000e+04; 7.975700e-01; 6.407768e+04; 8.351094e-01; 9.086743e+04; 8.040555e-01
1.267000e+01; 9.810000e+04; 7.976355e-01; 6.311207e+04; 8.358035e-01; 9.054551e+04; 8.043755e-01
1.267500e+01; 9.810000e+04; 7.977052e-01; 6.214713e+04; 8.365121e-01; 9.021398e+04; 8.047058e-01
1.268000e+01; 9.810000e+04; 7.977792e-01; 6.118271e+04; 8.372346e-01; 8.987272e+04; 8.050465e-01
1.268500e+01; 9.810000e+04; 7.978577e-01; 6.021869e+04; 8.379707e-01; 8.952164e+04; 8.053976e-01
1.269000e+01; 9.810000e+04; 7.979411e-01; 5.925494e+04; 8.387198e-01; 8.916064e+04; 8.057592e-01
1.269500e+01; 9.810000e+04; 7.980295e-01; 5.829132e+04; 8.394814e-01; 8.878964e+04; 8.061315e-01
1.270000e+01; 9.810000e+04; 7.981232e-01; 5.732773e+04; 8.402551e-01; 8.840855e+04; 8.065143e-01
1.270500e+01; 9.810000e+04; 7.982224e-01; 5.636405e+04; 8.410404e-01; 8.801731e+04; 8.069079e-01
1.271000e+01; 9.810000e+04; 7.983274e-01; 5.540018e+04; 8.418368e-01; 8.761585e+04; 8.073122e-01
1.271500e+01; 9.810000e+04; 7.984384e-01; 5.443602e+04; 8.426440e-01; 8.720409e+04; 8.077274e-01
1.272000e+01; 9.810000e+04; 7.985557e-01; 5.347148e+04; 8.434613e-01; 8.678197e+04; 8.081534e-01
1.272500e+01; 9.810000e+04; 7.986797e-01; 5.250649e+04; 8.442885e-01; 8.634944e+04; 8.085905e-01
1.273000e+01; 9.810000e+04; 7.988105e-01; 5.154096e+04; 8.451251e-01; 8.590643e+04; 8.090386e-01
1.273500e+01; 9.810000e+04; 7.989485e-01; 5.057484e+04; 8.459707e-01; 8.545288e+04; 8.094977e-01
1.274000e+01; 9.810000e+04; 7.990940e-01; 4.960807e+04; 8.468248e-01; 8.498874e+04; 8.099681e-01
1.274500e+01; 9.810000e+04; 7.992473e-01; 4.864060e+04; 8.476872e-01; 8.451395e+04; 8.104497e-01
1.275000e+01; 9.810000e+04; 7.994087e-01; 4.767237e+04; 8.485574e-01; 8.402846e+04; 8.109426e-01
1.275500e+01; 9.810000e+04; 7.995785e-01; 4.670336e+04; 8.494350e-01; 8.353222e+04; 8.114470e-01
1.276000e+01; 9.810000e+04; 7.997571e-01; 4.573353e+04; 8.503197e-01; 8.302520e+04; 8.119628e-01
1.276500e+01; 9.810000e+04; 7.999448e-01; 4.476286e+04; 8.512112e-01; 8.250735e+04; 8.124901e-01
1.277000e+01; 9.810000e+04; 8.001419e-01; 4.379131e+04; 8.521091e-01; 8.197866e+04; 8.130290e-01
1.277500e+01; 9.810000e+04; 8.003488e-01; 4.281889e+04; 8.530132e-01; 8.143911e+04; 8.135795e-01
1.278000e+01; 9.810000e+04; 8.005658e-01; 4.184556e+04; 8.539230e-01; 8.088869e+04; 8.141417e-01
1.278500e+01; 9.810000e+04; 8.007933e-01; 4.087133e+04; 8.548383e-01; 8.032743e+04; 8.147156e-01
1.279000e+01; 9.810000e+04; 8.010316e-01; 3.989619e+04; 8.557588e-01; 7.975535e+04; 8.153013e-01
1.279500e+01; 9.810000e+04; 8.012811e-01; 3.892013e+04; 8.566843e-01; 7.917248e+04; 8.158986e-01
1.280000e+01; 9.810000e+04; 8.015422e-01; 3.794317e+04; 8.576145e-01; 7.857891e+04; 8.165077e-01
1.280500e+01; 9.810000e+04; 8.018152e-01; 3.696530e+04; 8.585491e-01; 7.797471e+04; 8.171285e-01
1.281000e+01; 9.810000e+04; 8.021006e-01; 3.598654e+04; 8.594878e-01; 7.735998e+04; 8.177609e-01
1.281500e+01; 9.810000e+04; 8.023986e-01; 3.500689e+04; 8.604306e-01; 7.673484e+04; 8.184050e-01
1.282000e+01; 9.810000e+04; 8.027097e-01; 3.402638e+04; 8.613770e-01; 7.609944e+04; 8.190605e-01
1.282500e+01; 9.810000e+04; 8.030343e-01; 3.304500e+04; 8.623270e-01; 7.545393e+04; 8.197276e-01
1.283000e+01; 9.810000e+04; 8.033726e-01; 3.206279e+04; 8.632803e-01; 7.479849e+04; 8.204059e-01
1.283500e+01; 9.810000e+04; 8.037252e-01; 3.107976e+04; 8.642368e-01; 7.413332e+04; 8.210956e-01
1.284000e+01; 9.810000e+04; 8.040923e-01; 3.009593e+04; 8.651962e-01; 7.345863e+04; 8.217963e-01
1.284500e+01; 9.810000e+04; 8.044744e-01; 2.911133e+04; 8.661583e-01; 7.277463e+04; 8.225081e-01
1.285000e+01; 9.810000e+04; 8.048718e-01; 2.812597e+04; 8.671231e-01; 7.208157e+04; 8.232308e-01
1.285500e+01; 9.810000e+04; 8.052849e-01; 2.713988e+04; 8.680904e-01; 7.137968e+04; 8.239642e-01
1.286000e+01; 9.810000e+04; 8.057141e-01; 2.615310e+04; 8.690600e-01; 7.066923e+04; 8.247081e-01
1.286500e+01; 9.810000e+04; 8.061596e-01; 2.516563e+04; 8.700317e-01; 6.995048e+04; 8.254626e-01
1.287000e+01; 9.810000e+04; 8.066218e-01; 2.417751e+04; 8.710055e-01; 6.922370e+04; 8.262274e-01
1.287500e+01; 9.810000e+04; 8.071011e-01; 2.318877e+04; 8.719812e-01; 6.848916e+04; 8.270024e-01
1.288000e+01; 9.810000e+04; 8.075978e-01; 2.219944e+04; 8.729588e-01; 6.774713e+04; 8.277874e-01
1.288500e+01; 9.810000e+04; 8.081123e-01; 2.120954e+04; 8.739380e-01; 6.699790e+04; 8.285824e-01
1.289000e+01; 9.810000e+04; 8.086447e-01; 2.021909e+04; 8.749188e-01; 6.624175e+04; 8.293871e-01
1.289500e+01; 9.810000e+04; 8.091954e-01; 1.922814e+04; 8.759011e-01; 6.547896e+04; 8.302015e-01
1.290000e+01; 9.810000e+04; 8.097647e-01; 1.823670e+04; 8.768848e-01; 6.470982e+04; 8.310255e-01
1.290500e+01; 9.810000e+04; 8.103528e-01; 1.724481e+04; 8.778699e-01; 6.393461e+04; 8.318590e-01
1.291000e+01; 9.810000e+04; 8.109601e-01; 1.625249e+04; 8.788562e-01; 6.315361e+04; 8.327018e-01
1.291500e+01; 9.810000e+04; 8.115866e-01; 1.525976e+04; 8.798436e-01; 6.236712e+04; 8.335539e-01
1.292000e+01; 9.810000e+04; 8.122327e-01; 1.426667e+04; 8.808322e-01; 6.157543e+04; 8.344151e-01
1.292500e+01; 9.810000e+04; 8.128986e-01; 1.327323e+04; 8.818218e-01; 6.077882e+04; 8.352854e-01
1.293000e+01; 9.810000e+04; 8.135844e-01; 1.227948e+04; 8.828124e-01; 5.997758e+04; 8.361647e-01
1.293500e+01; 9.810000e+04; 8.142903e-01; 1.128544e+04; 8.838039e-01; 5.917201e+04; 8.370530e-01
1.294000e+01; 9.810000e+04; 8.150166e-01; 1.029113e+04; 8.847963e-01; 5.836241e+04; 8.379501e-01
1.294500e+01; 9.810000e+04; 8.157634e-01; 9.296590e+03; 8.857895e-01; 5.754907e+04; 8.388560e-01
1.295000e+01; 9.810000e+04; 8.165308e-01; 8.301841e+03; 8.867836e-01; 5.673229e+04; 8.397706e-01
1.295500e+01; 9.810000e+04; 8.173191e-01; 7.306912e+03; 8.877783e-01; 5.591238e+04; 8.406940e-01
1.296000e+01; 9.810000e+04; 8.181283e-01; 6.311827e+03; 8.887738e-01; 5.508964e+04; 8.416259e-01
1.296500e+01; 9.810000e+04; 8.189586e-01; 5.316616e+03; 8.897700e-01; 5.426438e+04; 8.425665e-01
1.297000e+01; 9.810000e+04; 8.198101e-01; 4.321304e+03; 8.907669e-01; 5.343690e+04; 8.435156e-01
1.297500e+01; 9.810000e+04; 8.206830e-01; 3.325920e+03; 8.917644e-01; 5.260753e+04; 8.444733e-01
1.298000e+01; 9.810000e+04; 8.215773e-01; 2.330490e+03; 8.927625e-01; 5.177658e+04; 8.454394e-01
1.298500e+01; 9.810000e+04; 8.224933e-01; 1.335043e+03; 8.937613e-01; 5.094436e+04; 8.464140e-01
1.299000e+01; 9.810000e+04; 8.234310e-01; 3.396065e+02; 8.947606e-01; 5.011119e+04; 8.473971e-01
1.299500e+01; 9.810000e+04; 8.243906e-01; -6.557903e+02; 8.957605e-01; 4.927740e+04; 8.483886e-01
1.300000e+01; 9.810000e+04; 8.253720e-01; -1.651118e+03; 8.967610e-01; 4.844330e+04; 8.493885e-01
1.300500e+01; 9.810000e+04; 8.263755e-01; -2.646347e+03; 8.977621e-01; 4.760921e+04; 8.503969e-01
1.301000e+01; 9.810000e+04; 8.274011e-01; -3.641445e+03; 8.987638e-01; 4.677545e+04; 8.514136e-01
1.301500e+01; 9.810000e+04; 8.284488e-01; -4.636381e+03; 8.997660e-01; 4.594235e+04; 8.524388e-01
1.302000e+01; 9.810000e+04; 8.295187e-01; -5.631122e+03; 9.007688e-01; 4.511023e+04; 8.534725e-01
1.302500e+01; 9.810000e+04; 8.306109e-01; -6.625632e+03; 9.017722e-01; 4.427941e+04; 8.545147e-01
1.303000e+01; 9.810000e+04; 8.317252e-01; -7.619877e+03; 9.027762e-01; 4.345021e+04; 8.555653e-01
1.303500e+01; 9.810000e+04; 8.328619e-01; -8.613819e+03; 9.037807e-01; 4.262295e+04; 8.566245e-01
1.304000e+01; 9.810000e+04; 8.340207e-01; -9.607418e+03; 9.047859e-01; 4.179794e+04; 8.576922e-01
1.304500e+01; 9.810000e+04; 8.352016e-01; -1.060063e+04; 9.057917e-01; 4.097551e+04; 8.587686e-01
1.305000e+01; 9.810000e+04; 8.364046e-01; -1.159342e+04; 9.067982e-01; 4.015597e+04; 8.598536e-01
1.305500e+01; 9.810000e+04; 8.376295e-01; -1.258574e+04; 9.078053e-01; 3.933962e+04; 8.609473e-01
1.306000e+01; 9.810000e+04; 8.388761e-01; -1.357754e+04; 9.088132e-01; 3.852678e+04; 8.620498e-01
1.306500e+01; 9.810000e+04; 8.401444e-01; -1.456877e+04; 9.098217e-01; 3.771774e+04; 8.631611e-01
1.307000e+01; 9.810000e+04; 8.414341e-01; -1.555938e+04; 9.108309e-01; 3.691283e+04; 8.642814e-01
1.307500e+01; 9.810000e+04; 8.427449e-01; -1.654931e+04; 9.118410e-01; 3.611232e+04; 8.654106e-01
1.308000e+01; 9.810000e+04; 8.440767e-01; -1.753850e+04; 9.128518e-01; 3.531653e+04; 8.665488e-01
1.308500e+01; 9.810000e+04; 8.454291e-01; -1.852688e+04; 9.138634e-01; 3.452573e+04; 8.676962e-01
1.309000e+01; 9.810000e+04; 8.468019e-01; -1.951440e+04; 9.148759e-01; 3.374021e+04; 8.688527e-01
1.309500e+01; 9.810000e+04; 8.481947e-01; -2.050099e+04; 9.158892e-01; 3.296025e+04; 8.700186e-01
1.310000e+01; 9.810000e+04; 8.496073e-01; -2.148656e+04; 9.169035e-01; 3.218613e+04; 8.711938e-01
1.310500e+01; 9.810000e+04; 8.510392e-01; -2.247103e+04; 9.179187e-01; 3.141811e+04; 8.723785e-01
1.311000e+01; 9.810000e+04; 8.524901e-01; -2.345433e+04; 9.189349e-01; 3.065646e+04; 8.735727e-01
1.311500e+01; 9.810000e+04; 8.539596e-01; -2.443637e+04; 9.199522e-01; 2.990143e+04; 8.747766e-01
1.312000e+01; 9.810000e+04; 8.554473e-01; -2.541705e+04; 9.209705e-01; 2.915326e+04; 8.759901e-01
1.312500e+01; 9.810000e+04; 8.569530e-01; -2.639627e+04; 9.219899e-01; 2.841221e+04; 8.772135e-01
1.313000e+01; 9.810000e+04; 8.584761e-01; -2.737393e+04; 9.230104e-01; 2.767849e+04; 8.784467e-01
1.313500e+01; 9.810000e+04; 8.600163e-01; -2.834991e+04; 9.240321e-01; 2.695234e+04; 8.796899e-01
1.314000e+01; 9.810000e+04; 8.615731e-01; -2.932411e+04; 9.250550e-01; 2.623397e+04; 8.809432e-01
1.314500e+01; 9.810000e+04; 8.631463e-01; -3.029638e+04; 9.260792e-01; 2.552359e+04; 8.822066e-01
1.315000e+01; 9.810000e+04; 8.647354e-01; -3.126661e+04; 9.271047e-01; 2.482139e+04; 8.834801e-01
1.315500e+01; 9.810000e+04; 8.663399e-01; -3.223466e+04; 9.281315e-01; 2.412757e+04; 8.847640e-01
1.316000e+01; 9.810000e+04; 8.679597e-01; -3.320038e+04; 9.291597e-01; 2.344231e+04; 8.860582e-01
1.316500e+01; 9.810000e+04; 8.695941e-01; -3.416362e+04; 9.301893e-01; 2.276579e+04; 8.873628e-01
1.317000e+01; 9.810000e+04; 8.712429e-01; -3.512421e+04; 9.312204e-01; 2.209816e+04; 8.886779e-01
1.317500e+01; 9.810000e+04; 8.729057e-01; -3.608200e+04; 9.322529e-01; 2.143959e+04; 8.900035e-01
1.318000e+01; 9.810000e+04; 8.745822e-01; -3.703679e+04; 9.332869e-01; 2.079022e+04; 8.913397e-01
1.318500e+01; 9.810000e+04; 8.762718e-01; -3.798840e+04; 9.343225e-01; 2.015020e+04; 8.926866e-01
1.319000e+01; 9.810000e+04; 8.779744e-01; -3.893665e+04; 9.353597e-01; 1.951966e+04; 8.940441e-01
1.319500e+01; 9.810000e+04; 8.796894e-01; -3.988132e+04; 9.363985e-01; 1.889872e+04; 8.954125e-01
1.320000e+01; 9.810000e+04; 8.814166e-01; -4.082220e+04; 9.374389e-01; 1.828752e+04; 8.967916e-01
1.320500e+01; 9.810000e+04; 8.831556e-01; -4.175906e+04; 9.384810e-01; 1.768616e+04; 8.981816e-01
1.321000e+01; 9.810000e+04; 8.849060e-01; -4.269168e+04; 9.395248e-01; 1.709475e+04; 8.995825e-01
1.321500e+01; 9.810000e+04; 8.866675e-01; -4.361981e+04; 9.405702e-01; 1.651340e+04; 9.009943e-01
1.322000e+01; 9.810000e+04; 8.884398e-01; -4.454320e+04; 9.416174e-01; 1.594220e+04; 9.024171e-01
1.322500e+01; 9.810000e+04; 8.902224e-01; -4.546157e+04; 9.426663e-01; 1.538125e+04; 9.038509e-01
1.323000e+01; 9.810000e+04; 8.920151e-01; -4.637467e+04; 9.437170e-01; 1.483063e+04; 9.052958e-01
1.323500e+01; 9.810000e+04; 8.938176e-01; -4.728220e+04; 9.447693e-01; 1.429042e+04; 9.067518e-01
1.324000e+01; 9.810000e+04; 8.956294e-01; -4.818386e+04; 9.458234e-01; 1.376069e+04; 9.082189e-01
1.324500e+01; 9.810000e+04; 8.974502e-01; -4.907936e+04; 9.468793e-01; 1.324153e+04; 9.096971e-01
1.325000e+01; 9.810000e+04; 8.992798e-01; -4.996838e+04; 9.479369e-01; 1.273297e+04; 9.111865e-01
1.325500e+01; 9.810000e+04; 9.011178e-01; -5.085058e+04; 9.489961e-01; 1.223510e+04; 9.126871e-01
1.326000e+01; 9.810000e+04; 9.029639e-01; -5.172563e+04; 9.500571e-01; 1.174794e+04; 9.141988e-01
1.326500e+01; 9.810000e+04; 9.048177e-01; -5.259319e+04; 9.511198e-01; 1.127154e+04; 9.157218e-01
1.327000e+01; 9.810000e+04; 9.066791e-01; -5.345290e+04; 9.521841e-01; 1.080593e+04; 9.172559e-01
1.327500e+01; 9.810000e+04; 9.085476e-01; -5.430438e+04; 9.532500e-01; 1.035113e+04; 9.188012e-01
1.328000e+01; 9.810000e+04; 9.104231e-01; -5.514727e+04; 9.543175e-01; 9.907162e+03; 9.203577e-01
1.328500e+01; 9.810000e+04; 9.123051e-01; -5.598116e+04; 9.553865e-01; 9.474017e+03; 9.219252e-01
1.329000e+01; 9.810000e+04; 9.141935e-01; -5.680568e+04; 9.564570e-01; 9.051689e+03; 9.235039e-01
1.329500e+01; 9.810000e+04; 9.160879e-01; -5.762041e+04; 9.575289e-01; 8.640157e+03; 9.250936e-01
1.330000e+01; 9.810000e+04; 9.179881e-01; -5.842495e+04; 9.586022e-01; 8.239392e+03; 9.266942e-01
1.330500e+01; 9.810000e+04; 9.198939e-01; -5.921886e+04; 9.596767e-01; 7.849349e+03; 9.283058e-01
1.331000e+01; 9.810000e+04; 9.218050e-01; -6.000172e+04; 9.607526e-01; 7.469975e+03; 9.299281e-01
1.331500e+01; 9.810000e+04; 9.237211e-01; -6.077310e+04; 9.618295e-01; 7.101203e+03; 9.315611e-01
1.332000e+01; 9.810000e+04; 9.256420e-01; -6.153255e+04; 9.629075e-01; 6.742957e+03; 9.332048e-01
1.332500e+01; 9.810000e+04; 9.275675e-01; -6.227964e+04; 9.639865e-01; 6.395151e+03; 9.348589e-01
1.333000e+01; 9.810000e+04; 9.294974e-01; -6.301389e+04; 9.650664e-01; 6.057685e+03; 9.365233e-01
1.333500e+01; 9.810000e+04; 9.314314e-01; -6.373487e+04; 9.661471e-01; 5.730454e+03; 9.381979e-01
1.334000e+01; 9.810000e+04; 9.333694e-01; -6.444211e+04; 9.672285e-01; 5.413342e+03; 9.398825e-01
1.334500e+01; 9.810000e+04; 9.353112e-01; -6.513515e+04; 9.683104e-01; 5.106227e+03; 9.415770e-01
1.335000e+01; 9.810000e+04; 9.372565e-01; -6.581353e+04; 9.693927e-01; 4.808978e+03; 9.432811e-01
1.335500e+01; 9.810000e+04; 9.392052e-01; -6.647677e+04; 9.704754e-01; 4.521459e+03; 9.449947e-01
1.336000e+01; 9.810000e+04; 9.411571e-01; -6.712442e+04; 9.715583e-01; 4.243531e+03; 9.467177e-01
1.336500e+01; 9.810000e+04; 9.431120e-01; -6.775602e+04; 9.726413e-01; 3.975050e+03; 9.484497e-01
1.337000e+01; 9.810000e+04; 9.450698e-01; -6.837109e+04; 9.737241e-01; 3.715869e+03; 9.501906e-01
1.337500e+01; 9.810000e+04; 9.470303e-01; -6.896919e+04; 9.748068e-01; 3.465839e+03; 9.519402e-01
1.338000e+01; 9.810000e+04; 9.489934e-01; -6.954986e+04; 9.758891e-01; 3.224814e+03; 9.536982e-01
1.338500e+01; 9.810000e+04; 9.509590e-01; -7.011265e+04; 9.769708e-01; 2.992643e+03; 9.554645e-01
1.339000e+01; 9.810000e+04; 9.529268e-01; -7.065711e+04; 9.780519e-01; 2.769180e+03; 9.572387e-01
1.339500e+01; 9.810000e+04; 9.548968e-01; -7.118281e+04; 9.791322e-01; 2.554281e+03; 9.590207e-01
1.340000e+01; 9.810000e+04; 9.568688e-01; -7.168933e+04; 9.802115e-01; 2.347804e+03; 9.608102e-01
1.340500e+01; 9.810000e+04; 9.588428e-01; -7.217624e+04; 9.812897e-01; 2.149609e+03; 9.626070e-01
1.341000e+01; 9.810000e+04; 9.608185e-01; -7.264314e+04; 9.823666e-01; 1.959564e+03; 9.644108e-01
1.341500e+01; 9.810000e+04; 9.627960e-01; -7.308962e+04; 9.834420e-01; 1.777539e+03; 9.662213e-01
1.342000e+01; 9.810000e+04; 9.647751e-01; -7.351532e+04; 9.845158e-01; 1.603410e+03; 9.680384e-01
1.342500e+01; 9.810000e+04; 9.667557e-01; -7.391985e+04; 9.855879e-01; 1.437057e+03; 9.698618e-01
1.343000e+01; 9.810000e+04; 9.687377e-01; -7.430285e+04; 9.866582e-01; 1.278370e+03; 9.716911e-01
1.343500e+01; 9.810000e+04; 9.707210e-01; -7.466400e+04; 9.877263e-01; 1.127242e+03; 9.735262e-01
1.344000e+01; 9.810000e+04; 9.727056e-01; -7.500297e+04; 9.887924e-01; 9.835745e+02; 9.753667e-01
1.344500e+01; 9.810000e+04; 9.746914e-01; -7.531944e+04; 9.898562e-01; 8.472747e+02; 9.772125e-01
1.345000e+01; 9.810000e+04; 9.766782e-01; -7.561314e+04; 9.909175e-01; 7.182581e+02; 9.790631e-01
1.345500e+01; 9.810000e+04; 9.786661e-01; -7.588379e+04; 9.919764e-01; 5.964477e+02; 9.809184e-01
1.346000e+01; 9.810000e+04; 9.806550e-01; -7.613114e+04; 9.930327e-01; 4.817741e+02; 9.827780e-01
1.346500e+01; 9.810000e+04; 9.826448e-01; -7.635496e+04; 9.940864e-01; 3.741760e+02; 9.846417e-01
1.347000e+01; 9.810000e+04; 9.846354e-01; -7.655506e+04; 9.951373e-01; 2.736004e+02; 9.865091e-01
1.347500e+01; 9.810000e+04; 9.866268e-01; -7.673123e+04; 9.961855e-01; 1.800028e+02; 9.883800e-01
1.348000e+01; 9.810000e+04; 9.886189e-01; -7.688332e+04; 9.972308e-01; 9.334733e+01; 9.902540e-01
1.348500e+01; 9.810000e+04; 9.906117e-01; -7.701120e+04; 9.982732e-01; 1.360720e+01; 9.921309e-01
1.349000e+01; 9.810000e+04; 9.926052e-01; -7.711473e+04; 9.993128e-01; -5.923535e+01; 9.940103e-01
1.349500e+01; 9.810000e+04; 9.945993e-01; -7.719383e+04; 1.000350e+00; -1.251887e+02; 9.958920e-01
1.350000e+01; 9.810000e+04; 9.965939e-01; -7.727530e+04; 1.001423e+00; -1.842518e+02; 9.977755e-01
1.350500e+01; 9.810000e+04; 9.985890e-01; -7.728376e+04; 1.002399e+00; -2.364139e+02; 9.996605e-01
1.351000e+01; 9.810000e+04; 1.000585e+00; -7.728214e+04; 1.003456e+00; -2.816543e+02; 1.001547e+00
1.351500e+01; 9.810000e+04; 1.002581e+00; -7.724971e+04; 1.004432e+00; -3.199426e+02; 1.003434e+00
1.352000e+01; 9.810000e+04; 1.004577e+00; -7.719096e+04; 1.005472e+00; -3.512382e+02; 1.005322e+00
1.352500e+01; 9.810000e+04; 1.006574e+00; -7.711699e+04; 1.006458e+00; -3.754903e+02; 1.007210e+00
1.353000e+01; 9.810000e+04; 1.008571e+00; -7.703077e+04; 1.007516e+00; -3.926381e+02; 1.009097e+00
1.353500e+01; 9.810000e+04; 1.010569e+00; -7.694443e+04; 1.008539e+00; -4.026106e+02; 1.010985e+00
1.354000e+01; 9.810000e+04; 1.012566e+00; -7.680264e+04; 1.009559e+00; -4.053266e+02; 1.012871e+00
1.354500e+01; 9.810000e+04; 1.014564e+00; -7.663813e+04; 1.010558e+00; -4.006948e+02; 1.014756e+00
1.355000e+01; 9.810000e+04; 1.016563e+00; -7.644852e+04; 1.011576e+00; -3.886139e+02; 1.016640e+00
1.355500e+01; 9.810000e+04; 1.018561e+00; -7.623658e+04; 1.012571e+00; -3.689729e+02; 1.018521e+00
1.356000e+01; 9.810000e+04; 1.020559e+00; -7.599983e+04; 1.013584e+00; -3.416508e+02; 1.020400e+00
1.356500e+01; 9.810000e+04; 1.022558e+00; -7.574114e+04; 1.014574e+00; -3.065175e+02; 1.022277e+00
1.357000e+01; 9.810000e+04; 1.024557e+00; -7.545819e+04; 1.015582e+00; -2.634334e+02; 1.024150e+00
1.357500e+01; 9.810000e+04; 1.026555e+00; -7.515375e+04; 1.016569e+00; -2.122501e+02; 1.026020e+00
1.358000e+01; 9.810000e+04; 1.028554e+00; -7.482568e+04; 1.017573e+00; -1.528105e+02; 1.027886e+00
1.358500e+01; 9.810000e+04; 1.030553e+00; -7.447665e+04; 1.018556e+00; -8.494942e+01; 1.029748e+00
1.359000e+01; 9.810000e+04; 1.032551e+00; -7.410469e+04; 1.019555e+00; -8.493929e+00; 1.031605e+00
1.359500e+01; 9.810000e+04; 1.034549e+00; -7.371235e+04; 1.020536e+00; 7.673631e+01; 1.033457e+00
1.360000e+01; 9.810000e+04; 1.036548e+00; -7.329787e+04; 1.021531e+00; 1.709284e+02; 1.035304e+00
1.360500e+01; 9.810000e+04; 1.038545e+00; -7.286364e+04; 1.022509e+00; 2.742756e+02; 1.037145e+00
1.361000e+01; 9.810000e+04; 1.040543e+00; -7.240809e+04; 1.023501e+00; 3.869769e+02; 1.038980e+00
1.361500e+01; 9.810000e+04; 1.042540e+00; -7.193350e+04; 1.024476e+00; 5.092363e+02; 1.040809e+00
1.362000e+01; 9.810000e+04; 1.044537e+00; -7.143845e+04; 1.025464e+00; 6.412619e+02; 1.042631e+00
1.362500e+01; 9.810000e+04; 1.046533e+00; -7.092511e+04; 1.026437e+00; 7.832655e+02; 1.044445e+00
1.363000e+01; 9.810000e+04; 1.048529e+00; -7.039221e+04; 1.027422e+00; 9.354616e+02; 1.046252e+00
1.363500e+01; 9.810000e+04; 1.050524e+00; -6.984180e+04; 1.028393e+00; 1.098067e+03; 1.048051e+00
1.364000e+01; 9.810000e+04; 1.052518e+00; -6.927276e+04; 1.029375e+00; 1.271298e+03; 1.049841e+00
1.364500e+01; 9.810000e+04; 1.054512e+00; -6.868704e+04; 1.030344e+00; 1.455373e+03; 1.051623e+00
1.365000e+01; 9.810000e+04; 1.056504e+00; -6.808362e+04; 1.031323e+00; 1.650509e+03; 1.053396e+00
1.365500e+01; 9.810000e+04; 1.058495e+00; -6.746436e+04; 1.032291e+00; 1.856921e+03; 1.055160e+00
1.366000e+01; 9.810000e+04; 1.060486e+00; -6.682836e+04; 1.033268e+00; 2.074820e+03; 1.056913e+00
1.366500e+01; 9.810000e+04; 1.062474e+00; -6.617737e+04; 1.034235e+00; 2.304414e+03; 1.058657e+00
1.367000e+01; 9.810000e+04; 1.064462e+00; -6.551060e+04; 1.035211e+00; 2.545906e+03; 1.060391e+00
1.367500e+01; 9.810000e+04; 1.066448e+00; -6.482970e+04; 1.036176e+00; 2.799493e+03; 1.062114e+00
1.368000e+01; 9.810000e+04; 1.068432e+00; -6.413397e+04; 1.037150e+00; 3.065363e+03; 1.063826e+00
1.368500e+01; 9.810000e+04; 1.070414e+00; -6.342497e+04; 1.038115e+00; 3.343698e+03; 1.065527e+00
1.369000e+01; 9.810000e+04; 1.072394e+00; -6.270208e+04; 1.039088e+00; 3.634669e+03; 1.067217e+00
1.369500e+01; 9.810000e+04; 1.074371e+00; -6.196678e+04; 1.040053e+00; 3.938440e+03; 1.068895e+00
1.370000e+01; 9.810000e+04; 1.076347e+00; -6.121851e+04; 1.041025e+00; 4.255167e+03; 1.070561e+00
1.370500e+01; 9.810000e+04; 1.078319e+00; -6.045866e+04; 1.041990e+00; 4.585000e+03; 1.072215e+00
1.371000e+01; 9.810000e+04; 1.080289e+00; -5.968676e+04; 1.042962e+00; 4.928084e+03; 1.073857e+00
1.371500e+01; 9.810000e+04; 1.082255e+00; -5.890410e+04; 1.043927e+00; 5.284558e+03; 1.075486e+00
1.372000e+01; 9.810000e+04; 1.084218e+00; -5.811025e+04; 1.044899e+00; 5.654558e+03; 1.077103e+00
1.372500e+01; 9.810000e+04; 1.086178e+00; -5.730644e+04; 1.045865e+00; 6.038211e+03; 1.078707e+00
1.373000e+01; 9.810000e+04; 1.088133e+00; -5.649229e+04; 1.046837e+00; 6.435630e+03; 1.080298e+00
1.373500e+01; 9.810000e+04; 1.090084e+00; -5.566895e+04; 1.047803e+00; 6.846905e+03; 1.081875e+00
1.374000e+01; 9.810000e+04; 1.092031e+00; -5.483608e+04; 1.048776e+00; 7.272094e+03; 1.083440e+00
1.374500e+01; 9.810000e+04; 1.093973e+00; -5.399476e+04; 1.049744e+00; 7.711215e+03; 1.084991e+00
1.375000e+01; 9.810000e+04; 1.095909e+00; -5.314468e+04; 1.050717e+00; 8.164239e+03; 1.086529e+00
1.375500e+01; 9.810000e+04; 1.097841e+00; -5.228686e+04; 1.051686e+00; 8.631092e+03; 1.088053e+00
1.376000e+01; 9.810000e+04; 1.099766e+00; -5.142100e+04; 1.052660e+00; 9.111665e+03; 1.089565e+00
1.376500e+01; 9.810000e+04; 1.101685e+00; -5.054808e+04; 1.053630e+00; 9.605824e+03; 1.091063e+00
1.377000e+01; 9.810000e+04; 1.103597e+00; -4.966781e+04; 1.054605e+00; 1.011343e+04; 1.092548e+00
1.377500e+01; 9.810000e+04; 1.105503e+00; -4.878111e+04; 1.055577e+00; 1.063435e+04; 1.094020e+00
1.378000e+01; 9.810000e+04; 1.107401e+00; -4.788772e+04; 1.056553e+00; 1.116849e+04; 1.095480e+00
1.378500e+01; 9.810000e+04; 1.109291e+00; -4.698849e+04; 1.057526e+00; 1.171575e+04; 1.096926e+00
1.379000e+01; 9.810000e+04; 1.111173e+00; -4.608318e+04; 1.058504e+00; 1.227610e+04; 1.098360e+00
1.379500e+01; 9.810000e+04; 1.113046e+00; -4.517257e+04; 1.059479e+00; 1.284947e+04; 1.099781e+00
1.380000e+01; 9.810000e+04; 1.114910e+00; -4.425647e+04; 1.060458e+00; 1.343584e+04; 1.101190e+00
1.380500e+01; 9.810000e+04; 1.116764e+00; -4.333559e+04; 1.061435e+00; 1.403514e+04; 1.102585e+00
1.381000e+01; 9.810000e+04; 1.118608e+00; -4.240973e+04; 1.062415e+00; 1.464729e+04; 1.103968e+00
1.381500e+01; 9.810000e+04; 1.120442e+00; -4.147957e+04; 1.063393e+00; 1.527218e+04; 1.105338e+00
1.382000e+01; 9.810000e+04; 1.122264e+00; -4.054493e+04; 1.064375e+00; 1.590967e+04; 1.106696e+00
1.382500e+01; 9.810000e+04; 1.124074e+00; -3.960641e+04; 1.065355e+00; 1.655957e+04; 1.108041e+00
1.383000e+01; 9.810000e+04; 1.125873e+00; -3.866387e+04; 1.066338e+00; 1.722169e+04; 1.109374e+00
1.383500e+01; 9.810000e+04; 1.127658e+00; -3.771787e+04; 1.067319e+00; 1.789581e+04; 1.110695e+00
1.384000e+01; 9.810000e+04; 1.129430e+00; -3.676825e+04; 1.068303e+00; 1.858169e+04; 1.112004e+00
1.384500e+01; 9.810000e+04; 1.131189e+00; -3.581553e+04; 1.069286e+00; 1.927908e+04; 1.113302e+00
1.385000e+01; 9.810000e+04; 1.132933e+00; -3.485957e+04; 1.070272e+00; 1.998774e+04; 1.114588e+00
1.385500e+01; 9.810000e+04; 1.134662e+00; -3.390085e+04; 1.071256e+00; 2.070741e+04; 1.115863e+00
1.386000e+01; 9.809999e+04; 1.136375e+00; -3.293922e+04; 1.072243e+00; 2.143783e+04; 1.117127e+00
1.386500e+01; 9.809999e+04; 1.138073e+00; -3.197514e+04; 1.073229e+00; 2.217873e+04; 1.118380e+00
1.387000e+01; 9.809999e+04; 1.139754e+00; -3.100847e+04; 1.074217e+00; 2.292985e+04; 1.119622e+00
1.387500e+01; 9.809999e+04; 1.141417e+00; -3.003961e+04; 1.075204e+00; 2.369091e+04; 1.120854e+00
1.388000e+01; 9.809999e+04; 1.143063e+00; -2.906844e+04; 1.076193e+00; 2.446163e+04; 1.122076e+00
1.388500e+01; 9.809999e+04; 1.144690e+00; -2.809532e+04; 1.077181e+00; 2.524171e+04; 1.123287e+00
1.389000e+01; 9.809999e+04; 1.146299e+00; -2.712015e+04; 1.078171e+00; 2.603087e+04; 1.124489e+00
1.389500e+01; 9.809999e+04; 1.147888e+00; -2.614324e+04; 1.079160e+00; 2.682880e+04; 1.125681e+00
1.390000e+01; 9.809999e+04; 1.149457e+00; -2.516449e+04; 1.080151e+00; 2.763518e+04; 1.126864e+00
1.390500e+01; 9.809999e+04; 1.151006e+00; -2.418421e+04; 1.081141e+00; 2.844972e+04; 1.128037e+00
1.391000e+01; 9.809999e+04; 1.152534e+00; -2.320228e+04; 1.082133e+00; 2.927208e+04; 1.129201e+00
1.391500e+01; 9.809999e+04; 1.154040e+00; -2.221899e+04; 1.083124e+00; 3.010193e+04; 1.130357e+00
1.392000e+01; 9.809999e+04; 1.155524e+00; -2.123422e+04; 1.084117e+00; 3.093896e+04; 1.131503e+00
1.392500e+01; 9.809999e+04; 1.156986e+00; -2.024823e+04; 1.085108e+00; 3.178282e+04; 1.132642e+00
1.393000e+01; 9.809999e+04; 1.158425e+00; -1.926092e+04; 1.086102e+00; 3.263318e+04; 1.133772e+00
1.393500e+01; 9.809999e+04; 1.159840e+00; -1.827252e+04; 1.087094e+00; 3.348967e+04; 1.134894e+00
1.394000e+01; 9.809999e+04; 1.161232e+00; -1.728292e+04; 1.088088e+00; 3.435197e+04; 1.136008e+00
1.394500e+01; 9.809999e+04; 1.162599e+00; -1.629234e+04; 1.089080e+00; 3.521971e+04; 1.137114e+00
1.395000e+01; 9.809999e+04; 1.163942e+00; -1.530067e+04; 1.090074e+00; 3.609255e+04; 1.138212e+00
1.395500e+01; 9.809999e+04; 1.165260e+00; -1.430811e+04; 1.091067e+00; 3.697011e+04; 1.139303e+00
1.396000e+01; 9.809999e+04; 1.166553e+00; -1.331456e+04; 1.092062e+00; 3.785205e+04; 1.140387e+00
1.396500e+01; 9.809999e+04; 1.167820e+00; -1.232018e+04; 1.093055e+00; 3.873800e+04; 1.141463e+00
1.397000e+01; 9.809999e+04; 1.169062e+00; -1.132489e+04; 1.094050e+00; 3.962759e+04; 1.142532e+00
1.397500e+01; 9.809999e+04; 1.170277e+00; -1.032884e+04; 1.095043e+00; 4.052046e+04; 1.143594e+00
1.398000e+01; 9.809999e+04; 1.171466e+00; -9.331928e+03; 1.096038e+00; 4.141625e+04; 1.144650e+00
1.398500e+01; 9.809999e+04; 1.172629e+00; -8.334301e+03; 1.097031e+00; 4.231457e+04; 1.145698e+00
1.399000e+01; 9.810000e+04; 1.173766e+00; -7.335865e+03; 1.098026e+00; 4.321507e+04; 1.146740e+00
1.399500e+01; 9.810000e+04; 1.174875e+00; -6.336743e+03; 1.099019e+00; 4.411737e+04; 1.147775e+00
1.400000e+01; 9.810000e+04; 1.175959e+00; -5.336845e+03; 1.100013e+00; 4.502110e+04; 1.148803e+00
1.400500e+01; 9.810000e+04; 1.177016e+00; -4.336281e+03; 1.101007e+00; 4.592589e+04; 1.149824e+00
1.401000e+01; 9.810000e+04; 1.178046e+00; -3.334961e+03; 1.102000e+00; 4.683137e+04; 1.150839e+00
1.401500e+01; 9.810000e+04; 1.179050e+00; -2.332982e+03; 1.102993e+00; 4.773717e+04; 1.151847e+00
1.402000e+01; 9.810000e+04; 1.180027e+00; -1.330257e+03; 1.103986e+00; 4.864291e+04; 1.152849e+00
1.402500e+01; 9.810000e+04; 1.180978e+00; -3.268717e+02; 1.104979e+00; 4.954822e+04; 1.153844e+00
1.403000e+01; 9.810000e+04; 1.181903e+00; 6.772606e+02; 1.105971e+00; 5.045274e+04; 1.154832e+00
1.403500e+01; 9.810000e+04; 1.182802e+00; 1.682066e+03; 1.106963e+00; 5.135608e+04; 1.155813e+00
1.404000e+01; 9.810000e+04; 1.183675e+00; 2.687629e+03; 1.107954e+00; 5.225789e+04; 1.156787e+00
1.404500e+01; 9.810000e+04; 1.184523e+00; 3.693887e+03; 1.108945e+00; 5.315779e+04; 1.157755e+00
1.405000e+01; 9.810000e+04; 1.185345e+00; 4.700922e+03; 1.109935e+00; 5.405540e+04; 1.158716e+00
1.405500e+01; 9.810000e+04; 1.186142e+00; 5.708680e+03; 1.110925e+00; 5.495036e+04; 1.159669e+00
1.406000e+01; 9.810000e+04; 1.186913e+00; 6.717244e+03; 1.111914e+00; 5.584231e+04; 1.160615e+00
1.406500e+01; 9.810000e+04; 1.187660e+00; 7.726568e+03; 1.112902e+00; 5.673087e+04; 1.161554e+00
1.407000e+01; 9.810000e+04; 1.188382e+00; 8.736732e+03; 1.113890e+00; 5.761568e+04; 1.162486e+00
1.407500e+01; 9.810000e+04; 1.189080e+00; 9.747700e+03; 1.114876e+00; 5.849637e+04; 1.163409e+00
1.408000e+01; 9.810000e+04; 1.189753e+00; 1.075955e+04; 1.115862e+00; 5.937259e+04; 1.164325e+00
1.408500e+01; 9.810000e+04; 1.190404e+00; 1.177225e+04; 1.116846e+00; 6.024397e+04; 1.165233e+00
1.409000e+01; 9.810000e+04; 1.191030e+00; 1.278589e+04; 1.117830e+00; 6.111014e+04; 1.166133e+00
1.409500e+01; 9.810000e+04; 1.191634e+00; 1.380043e+04; 1.118812e+00; 6.197077e+04; 1.167025e+00
1.410000e+01; 9.810000e+04; 1.192216e+00; 1.481595e+04; 1.119793e+00; 6.282548e+04; 1.167908e+00
1.410500e+01; 9.810000e+04; 1.192775e+00; 1.583243e+04; 1.120773e+00; 6.367394e+04; 1.168782e+00
1.411000e+01; 9.810000e+04; 1.193313e+00; 1.684996e+04; 1.121751e+00; 6.451579e+04; 1.169648e+00
1.411500e+01; 9.810000e+04; 1.193829e+00; 1.786851e+04; 1.122728e+00; 6.535069e+04; 1.170504e+00
1.412000e+01; 9.810000e+04; 1.194325e+00; 1.888815e+04; 1.123703e+00; 6.617831e+04; 1.171352e+00
1.412500e+01; 9.810000e+04; 1.194800e+00; 1.990889e+04; 1.124676e+00; 6.699830e+04; 1.172189e+00
1.413000e+01; 9.810000e+04; 1.195256e+00; 2.093078e+04; 1.125648e+00; 6.781035e+04; 1.173017e+00
1.413500e+01; 9.810000e+04; 1.195692e+00; 2.195383e+04; 1.126617e+00; 6.861413e+04; 1.173835e+00
1.414000e+01; 9.810000e+04; 1.196110e+00; 2.297809e+04; 1.127585e+00; 6.940932e+04; 1.174643e+00
1.414500e+01; 9.810000e+04; 1.196509e+00; 2.400357e+04; 1.128549e+00; 7.019561e+04; 1.175441e+00
1.415000e+01; 9.810000e+04; 1.196891e+00; 2.503033e+04; 1.129512e+00; 7.097271e+04; 1.176227e+00
1.415500e+01; 9.810000e+04; 1.197255e+00; 2.605836e+04; 1.130472e+00; 7.174032e+04; 1.177003e+00
1.416000e+01; 9.810000e+04; 1.197602e+00; 2.708773e+04; 1.131429e+00; 7.249816e+04; 1.177768e+00
1.416500e+01; 9.810000e+04; 1.197933e+00; 2.811844e+04; 1.132383e+00; 7.324595e+04; 1.178522e+00
1.417000e+01; 9.810000e+04; 1.198248e+00; 2.915054e+04; 1.133335e+00; 7.398343e+04; 1.179264e+00
1.417500e+01; 9.810000e+04; 1.198548e+00; 3.018402e+04; 1.134282e+00; 7.471033e+04; 1.179995e+00
1.418000e+01; 9.810000e+04; 1.198834e+00; 3.121895e+04; 1.135227e+00; 7.542643e+04; 1.180714e+00
1.418500e+01; 9.810000e+04; 1.199105e+00; 3.225531e+04; 1.136168e+00; 7.613149e+04; 1.181420e+00
1.419000e+01; 9.810000e+04; 1.199362e+00; 3.329316e+04; 1.137105e+00; 7.682529e+04; 1.182115e+00
1.419500e+01; 9.810000e+04; 1.199606e+00; 3.433248e+04; 1.138037e+00; 7.750762e+04; 1.182797e+00
1.420000e+01; 9.810000e+04; 1.199837e+00; 3.537332e+04; 1.138966e+00; 7.817830e+04; 1.183467e+00
1.420500e+01; 9.810000e+04; 1.200056e+00; 3.641567e+04; 1.139890e+00; 7.883716e+04; 1.184123e+00
1.421000e+01; 9.810000e+04; 1.200264e+00; 3.745956e+04; 1.140809e+00; 7.948402e+04; 1.184767e+00
1.421500e+01; 9.810000e+04; 1.200460e+00; 3.850498e+04; 1.141723e+00; 8.011876e+04; 1.185398e+00
1.422000e+01; 9.810000e+04; 1.200645e+00; 3.955196e+04; 1.142632e+00; 8.074124e+04; 1.186016e+00
1.422500e+01; 9.810000e+04; 1.200820e+00; 4.060048e+04; 1.143536e+00; 8.135136e+04; 1.186621e+00
1.423000e+01; 9.810000e+04; 1.200984e+00; 4.165055e+04; 1.144433e+00; 8.194903e+04; 1.187212e+00
1.423500e+01; 9.810000e+04; 1.201140e+00; 4.270216e+04; 1.145324e+00; 8.253417e+04; 1.187790e+00
1.424000e+01; 9.810000e+04; 1.201286e+00; 4.375532e+04; 1.146209e+00; 8.310674e+04; 1.188354e+00
1.424500e+01; 9.810000e+04; 1.201424e+00; 4.480999e+04; 1.147087e+00; 8.366669e+04; 1.188905e+00
1.425000e+01; 9.810000e+04; 1.201553e+00; 4.586618e+04; 1.147959e+00; 8.421401e+04; 1.189443e+00
1.425500e+01; 9.810000e+04; 1.201675e+00; 4.692386e+04; 1.148822e+00; 8.474870e+04; 1.189967e+00
1.426000e+01; 9.810000e+04; 1.201789e+00; 4.798300e+04; 1.149678e+00; 8.527077e+04; 1.190477e+00
1.426500e+01; 9.810000e+04; 1.201897e+00; 4.904358e+04; 1.150526e+00; 8.578025e+04; 1.190974e+00
1.427000e+01; 9.810000e+04; 1.201997e+00; 5.010557e+04; 1.151366e+00; 8.627719e+04; 1.191457e+00
1.427500e+01; 9.810000e+04; 1.202091e+00; 5.116892e+04; 1.152197e+00; 8.676166e+04; 1.191927e+00
1.428000e+01; 9.810000e+04; 1.202179e+00; 5.223361e+04; 1.153019e+00; 8.723371e+04; 1.192383e+00
1.428500e+01; 9.810000e+04; 1.202262e+00; 5.329957e+04; 1.153831e+00; 8.769344e+04; 1.192826e+00
1.429000e+01; 9.810000e+04; 1.202339e+00; 5.436676e+04; 1.154633e+00; 8.814095e+04; 1.193255e+00
1.429500e+01; 9.810000e+04; 1.202411e+00; 5.543513e+04; 1.155425e+00; 8.857634e+04; 1.193671e+00
1.430000e+01; 9.810000e+04; 1.202478e+00; 5.650461e+04; 1.156207e+00; 8.899975e+04; 1.194074e+00
1.430500e+01; 9.810000e+04; 1.202541e+00; 5.757514e+04; 1.156977e+00; 8.941131e+04; 1.194463e+00
1.431000e+01; 9.810000e+04; 1.202599e+00; 5.864664e+04; 1.157736e+00; 8.981117e+04; 1.194839e+00
1.431500e+01; 9.810000e+04; 1.202653e+00; 5.971905e+04; 1.158484e+00; 9.019949e+04; 1.195202e+00
1.432000e+01; 9.810000e+04; 1.202704e+00; 6.079228e+04; 1.159218e+00; 9.057644e+04; 1.195552e+00
1.432500e+01; 9.810000e+04; 1.202751e+00; 6.186625e+04; 1.159941e+00; 9.094222e+04; 1.195890e+00
1.433000e+01; 9.810000e+04; 1.202794e+00; 6.294087e+04; 1.160650e+00; 9.129702e+04; 1.196214e+00
1.433500e+01; 9.810000e+04; 1.202835e+00; 6.401604e+04; 1.161345e+00; 9.164105e+04; 1.196526e+00
1.434000e+01; 9.810000e+04; 1.202872e+00; 6.509167e+04; 1.162027e+00; 9.197455e+04; 1.196825e+00
1.434500e+01; 9.810000e+04; 1.202907e+00; 6.616766e+04; 1.162694e+00; 9.229774e+04; 1.197112e+00
1.435000e+01; 9.810000e+04; 1.202939e+00; 6.724391e+04; 1.163347e+00; 9.261088e+04; 1.197387e+00
1.435500e+01; 9.810000e+04; 1.202969e+00; 6.832030e+04; 1.163984e+00; 9.291422e+04; 1.197649e+00
1.436000e+01; 9.810000e+04; 1.202996e+00; 6.939673e+04; 1.164606e+00; 9.320804e+04; 1.197899e+00
1.436500e+01; 9.810000e+04; 1.203021e+00; 7.047307e+04; 1.165212e+00; 9.349262e+04; 1.198138e+00
1.437000e+01; 9.810000e+04; 1.203044e+00; 7.154922e+04; 1.165801e+00; 9.376824e+04; 1.198365e+00
1.437500e+01; 9.810000e+04; 1.203065e+00; 7.262505e+04; 1.166373e+00; 9.403520e+04; 1.198580e+00
1.438000e+01; 9.810000e+04; 1.203084e+00; 7.370045e+04; 1.166928e+00; 9.429380e+04; 1.198784e+00
1.438500e+01; 9.810000e+04; 1.203102e+00; 7.477528e+04; 1.167466e+00; 9.454437e+04; 1.198977e+00
1.439000e+01; 9.810000e+04; 1.203118e+00; 7.584944e+04; 1.167985e+00; 9.478722e+04; 1.199158e+00
1.439500e+01; 9.810000e+04; 1.203133e+00; 7.692279e+04; 1.168486e+00; 9.502267e+04; 1.199329e+00
1.440000e+01; 9.810000e+04; 1.203146e+00; 7.799522e+04; 1.168968e+00; 9.525106e+04; 1.199489e+00
1.440500e+01; 9.810000e+04; 1.203157e+00; 7.906660e+04; 1.169431e+00; 9.547272e+04; 1.199639e+00
1.441000e+01; 9.810000e+04; 1.203168e+00; 8.013682e+04; 1.169875e+00; 9.568799e+04; 1.199778e+00
1.441500e+01; 9.810000e+04; 1.203177e+00; 8.120574e+04; 1.170298e+00; 9.589722e+04; 1.199906e+00
1.442000e+01; 9.810000e+04; 1.203185e+00; 8.227326e+04; 1.170701e+00; 9.610077e+04; 1.200025e+00
1.442500e+01; 9.810000e+04; 1.203192e+00; 8.333927e+04; 1.171084e+00; 9.629897e+04; 1.200133e+00
1.443000e+01; 9.810000e+04; 1.203198e+00; 8.440366e+04; 1.171446e+00; 9.649219e+04; 1.200232e+00
1.443500e+01; 9.810000e+04; 1.203203e+00; 8.546631e+04; 1.171786e+00; 9.668079e+04; 1.200321e+00
1.444000e+01; 9.810000e+04; 1.203207e+00; 8.652714e+04; 1.172105e+00; 9.686512e+04; 1.200400e+00
1.444500e+01; 9.810000e+04; 1.203210e+00; 8.758605e+04; 1.172403e+00; 9.704554e+04; 1.200470e+00
1.445000e+01; 9.810000e+04; 1.203212e+00; 8.864296e+04; 1.172678e+00; 9.722242e+04; 1.200531e+00
1.445500e+01; 9.810000e+04; 1.203213e+00; 8.969778e+04; 1.172932e+00; 9.739612e+04; 1.200582e+00
1.446000e+01; 9.810000e+04; 1.203213e+00; 9.075045e+04; 1.173163e+00; 9.756701e+04; 1.200624e+00
1.446500e+01; 9.810000e+04; 1.203213e+00; 9.180090e+04; 1.173371e+00; 9.773544e+04; 1.200658e+00
1.447000e+01; 9.810000e+04; 1.203211e+00; 9.284908e+04; 1.173557e+00; 9.790178e+04; 1.200682e+00
1.447500e+01; 9.810000e+04; 1.203209e+00; 9.389495e+04; 1.173720e+00; 9.806639e+04; 1.200697e+00
1.448000e+01; 9.810000e+04; 1.203206e+00; 9.493846e+04; 1.173859e+00; 9.822963e+04; 1.200704e+00
1.448500e+01; 9.810000e+04; 1.203201e+00; 9.597959e+04; 1.173976e+00; 9.839185e+04; 1.200702e+00
1.449000e+01; 9.810000e+04; 1.203196e+00; 9.701833e+04; 1.174069e+00; 9.855341e+04; 1.200692e+00
1.449500e+01; 9.810000e+04; 1.203190e+00; 9.805465e+04; 1.174139e+00; 9.871467e+04; 1.200673e+00
1.450000e+01; 9.810000e+04; 1.203183e+00; 9.908855e+04; 1.174185e+00; 9.887597e+04; 1.200646e+00
1.450500e+01; 9.810000e+04; 1.203175e+00; 1.001200e+05; 1.174208e+00; 9.903766e+04; 1.200610e+00
1.451000e+01; 9.810000e+04; 1.203166e+00; 1.011491e+05; 1.174208e+00; 9.920009e+04; 1.200566e+00
1.451500e+01; 9.810000e+04; 1.203156e+00; 1.021758e+05; 1.174184e+00; 9.936358e+04; 1.200513e+00
1.452000e+01; 9.810000e+04; 1.203145e+00; 1.032002e+05; 1.174137e+00; 9.952849e+04; 1.200452e+00
1.452500e+01; 9.810000e+04; 1.203133e+00; 1.042221e+05; 1.174066e+00; 9.969513e+04; 1.200383e+00
1.453000e+01; 9.810000e+04; 1.203120e+00; 1.052418e+05; 1.173972e+00; 9.986383e+04; 1.200306e+00
1.453500e+01; 9.810000e+04; 1.203105e+00; 1.062591e+05; 1.173855e+00; 1.000349e+05; 1.200220e+00
1.454000e+01; 9.810000e+04; 1.203089e+00; 1.072742e+05; 1.173715e+00; 1.002087e+05; 1.200126e+00
1.454500e+01; 9.810000e+04; 1.203072e+00; 1.082871e+05; 1.173552e+00; 1.003855e+05; 1.200023e+00
1.455000e+01; 9.810000e+04; 1.203054e+00; 1.092978e+05; 1.173366e+00; 1.005656e+05; 1.199913e+00
1.455500e+01; 9.810000e+04; 1.203033e+00; 1.103063e+05; 1.173157e+00; 1.007494e+05; 1.199794e+00
1.456000e+01; 9.810000e+04; 1.203012e+00; 1.113127e+05; 1.172926e+00; 1.009370e+05; 1.199666e+00
1.456500e+01; 9.810000e+04; 1.202988e+00; 1.123171e+05; 1.172673e+00; 1.011289e+05; 1.199530e+00
1.457000e+01; 9.810000e+04; 1.202963e+00; 1.133194e+05; 1.172397e+00; 1.013252e+05; 1.199386e+00
1.457500e+01; 9.810000e+04; 1.202936e+00; 1.143197e+05; 1.172100e+00; 1.015263e+05; 1.199233e+00
1.458000e+01; 9.810000e+04; 1.202908e+00; 1.153182e+05; 1.171782e+00; 1.017324e+05; 1.199072e+00
1.458500e+01; 9.810000e+04; 1.202877e+00; 1.163147e+05; 1.171442e+00; 1.019438e+05; 1.198901e+00
1.459000e+01; 9.810000e+04; 1.202844e+00; 1.173094e+05; 1.171081e+00; 1.021607e+05; 1.198723e+00
1.459500e+01; 9.810000e+04; 1.202809e+00; 1.183024e+05; 1.170699e+00; 1.023835e+05; 1.198535e+00
1.460000e+01; 9.810000e+04; 1.202771e+00; 1.192936e+05; 1.170297e+00; 1.026123e+05; 1.198339e+00
1.460500e+01; 9.810000e+04; 1.202731e+00; 1.202833e+05; 1.169875e+00; 1.028474e+05; 1.198133e+00
1.461000e+01; 9.810000e+04; 1.202689e+00; 1.212713e+05; 1.169433e+00; 1.030889e+05; 1.197919e+00
1.461500e+01; 9.810000e+04; 1.202643e+00; 1.222579e+05; 1.168972e+00; 1.033372e+05; 1.197695e+00
1.462000e+01; 9.810000e+04; 1.202595e+00; 1.232430e+05; 1.168492e+00; 1.035925e+05; 1.197463e+00
1.462500e+01; 9.810000e+04; 1.202544e+00; 1.242267e+05; 1.167993e+00; 1.038549e+05; 1.197221e+00
1.463000e+01; 9.810000e+04; 1.202490e+00; 1.252092e+05; 1.167476e+00; 1.041246e+05; 1.196970e+00
1.463500e+01; 9.810000e+04; 1.202432e+00; 1.261904e+05; 1.166941e+00; 1.044019e+05; 1.196710e+00
1.464000e+01; 9.810000e+04; 1.202371e+00; 1.271705e+05; 1.166389e+00; 1.046869e+05; 1.196440e+00
1.464500e+01; 9.810000e+04; 1.202306e+00; 1.281495e+05; 1.165820e+00; 1.049799e+05; 1.196160e+00
1.465000e+01; 9.810000e+04; 1.202237e+00; 1.291276e+05; 1.165234e+00; 1.052809e+05; 1.195871e+00
1.465500e+01; 9.810000e+04; 1.202164e+00; 1.301047e+05; 1.164631e+00; 1.055902e+05; 1.195572e+00
1.466000e+01; 9.810000e+04; 1.202087e+00; 1.310810e+05; 1.164013e+00; 1.059078e+05; 1.195264e+00
1.466500e+01; 9.810000e+04; 1.202006e+00; 1.320565e+05; 1.163379e+00; 1.062340e+05; 1.194945e+00
1.467000e+01; 9.810000e+04; 1.201920e+00; 1.330313e+05; 1.162731e+00; 1.065689e+05; 1.194617e+00
1.467500e+01; 9.810000e+04; 1.201829e+00; 1.340055e+05; 1.162067e+00; 1.069127e+05; 1.194279e+00
1.468000e+01; 9.810000e+04; 1.201733e+00; 1.349792e+05; 1.161390e+00; 1.072653e+05; 1.193930e+00
1.468500e+01; 9.810000e+04; 1.201632e+00; 1.359523e+05; 1.160698e+00; 1.076271e+05; 1.193571e+00
1.469000e+01; 9.810000e+04; 1.201526e+00; 1.369251e+05; 1.159993e+00; 1.079980e+05; 1.193202e+00
1.469500e+01; 9.810000e+04; 1.201414e+00; 1.378976e+05; 1.159276e+00; 1.083782e+05; 1.192823e+00
1.470000e+01; 9.810000e+04; 1.201295e+00; 1.388698e+05; 1.158545e+00; 1.087678e+05; 1.192433e+00
1.470500e+01; 9.810000e+04; 1.201171e+00; 1.398418e+05; 1.157803e+00; 1.091668e+05; 1.192033e+00
1.471000e+01; 9.810000e+04; 1.201040e+00; 1.408136e+05; 1.157049e+00; 1.095754e+05; 1.191623e+00
1.471500e+01; 9.810000e+04; 1.200903e+00; 1.417854e+05; 1.156283e+00; 1.099936e+05; 1.191201e+00
1.472000e+01; 9.810000e+04; 1.200758e+00; 1.427572e+05; 1.155506e+00; 1.104215e+05; 1.190769e+00
1.472500e+01; 9.810000e+04; 1.200607e+00; 1.437291e+05; 1.154719e+00; 1.108591e+05; 1.190327e+00
1.473000e+01; 9.810000e+04; 1.200447e+00; 1.447010e+05; 1.153922e+00; 1.113065e+05; 1.189874e+00
1.473500e+01; 9.810000e+04; 1.200280e+00; 1.456731e+05; 1.153115e+00; 1.117637e+05; 1.189409e+00
1.474000e+01; 9.810000e+04; 1.200106e+00; 1.466454e+05; 1.152298e+00; 1.122308e+05; 1.188935e+00
1.474500e+01; 9.810000e+04; 1.199922e+00; 1.476180e+05; 1.151472e+00; 1.127078e+05; 1.188449e+00
1.475000e+01; 9.810000e+04; 1.199730e+00; 1.485909e+05; 1.150638e+00; 1.131947e+05; 1.187952e+00
1.475500e+01; 9.810000e+04; 1.199529e+00; 1.495641e+05; 1.149795e+00; 1.136914e+05; 1.187444e+00
1.476000e+01; 9.810000e+04; 1.199319e+00; 1.505377e+05; 1.148943e+00; 1.141981e+05; 1.186926e+00
1.476500e+01; 9.810000e+04; 1.199100e+00; 1.515118e+05; 1.148085e+00; 1.147147e+05; 1.186396e+00
1.477000e+01; 9.810000e+04; 1.198870e+00; 1.524863e+05; 1.147218e+00; 1.152411e+05; 1.185856e+00
1.477500e+01; 9.810000e+04; 1.198631e+00; 1.534612e+05; 1.146345e+00; 1.157773e+05; 1.185304e+00
1.478000e+01; 9.810000e+04; 1.198381e+00; 1.544367e+05; 1.145465e+00; 1.163234e+05; 1.184742e+00
1.478500e+01; 9.810000e+04; 1.198120e+00; 1.554128e+05; 1.144578e+00; 1.168791e+05; 1.184168e+00
1.479000e+01; 9.810000e+04; 1.197848e+00; 1.563894e+05; 1.143686e+00; 1.174446e+05; 1.183583e+00
1.479500e+01; 9.810000e+04; 1.197565e+00; 1.573665e+05; 1.142787e+00; 1.180196e+05; 1.182988e+00
1.480000e+01; 9.810000e+04; 1.197270e+00; 1.583443e+05; 1.141882e+00; 1.186041e+05; 1.182381e+00
1.480500e+01; 9.810000e+04; 1.196963e+00; 1.593226e+05; 1.140972e+00; 1.191980e+05; 1.181764e+00
1.481000e+01; 9.810000e+04; 1.196643e+00; 1.603016e+05; 1.140057e+00; 1.198012e+05; 1.181136e+00
1.481500e+01; 9.810000e+04; 1.196311e+00; 1.612812e+05; 1.139137e+00; 1.204136e+05; 1.180496e+00
1.482000e+01; 9.810000e+04; 1.195966e+00; 1.622614e+05; 1.138213e+00; 1.210351e+05; 1.179846e+00
1.482500e+01; 9.810000e+04; 1.195608e+00; 1.632423e+05; 1.137284e+00; 1.216655e+05; 1.179186e+00
1.483000e+01; 9.810000e+04; 1.195235e+00; 1.642238e+05; 1.136350e+00; 1.223047e+05; 1.178514e+00
1.483500e+01; 9.810000e+04; 1.194849e+00; 1.652059e+05; 1.135413e+00; 1.229525e+05; 1.177832e+00
1.484000e+01; 9.810000e+04; 1.194449e+00; 1.661886e+05; 1.134472e+00; 1.236088e+05; 1.177139e+00
1.484500e+01; 9.810000e+04; 1.194034e+00; 1.671719e+05; 1.133527e+00; 1.242734e+05; 1.176436e+00
1.485000e+01; 9.810000e+04; 1.193605e+00; 1.681559e+05; 1.132579e+00; 1.249460e+05; 1.175722e+00
1.485500e+01; 9.810000e+04; 1.193160e+00; 1.691404e+05; 1.131627e+00; 1.256267e+05; 1.174998e+00
1.486000e+01; 9.810000e+04; 1.192700e+00; 1.701255e+05; 1.130673e+00; 1.263150e+05; 1.174263e+00
1.486500e+01; 9.810000e+04; 1.192224e+00; 1.711112e+05; 1.129715e+00; 1.270109e+05; 1.173518e+00
1.487000e+01; 9.810000e+04; 1.191731e+00; 1.720975e+05; 1.128755e+00; 1.277141e+05; 1.172763e+00
1.487500e+01; 9.810000e+04; 1.191223e+00; 1.730843e+05; 1.127792e+00; 1.284245e+05; 1.171997e+00
1.488000e+01; 9.810000e+04; 1.190698e+00; 1.740716e+05; 1.126826e+00; 1.291417e+05; 1.171222e+00
1.488500e+01; 9.810000e+04; 1.190156e+00; 1.750593e+05; 1.125858e+00; 1.298656e+05; 1.170437e+00
1.489000e+01; 9.810000e+04; 1.189597e+00; 1.760476e+05; 1.124888e+00; 1.305959e+05; 1.169641e+00
1.489500e+01; 9.810000e+04; 1.189020e+00; 1.770364e+05; 1.123916e+00; 1.313323e+05; 1.168836e+00
1.490000e+01; 9.810000e+04; 1.188426e+00; 1.780255e+05; 1.122942e+00; 1.320747e+05; 1.168021e+00
1.490500e+01; 9.810000e+04; 1.187814e+00; 1.790151e+05; 1.121965e+00; 1.328228e+05; 1.167196e+00
1.491000e+01; 9.810000e+04; 1.187184e+00; 1.800051e+05; 1.120987e+00; 1.335764e+05; 1.166362e+00
1.491500e+01; 9.810000e+04; 1.186536e+00; 1.809955e+05; 1.120008e+00; 1.343351e+05; 1.165517e+00
1.492000e+01; 9.810000e+04; 1.185869e+00; 1.819861e+05; 1.119026e+00; 1.350987e+05; 1.164664e+00
1.492500e+01; 9.810000e+04; 1.185183e+00; 1.829771e+05; 1.118043e+00; 1.358669e+05; 1.163801e+00
1.493000e+01; 9.810000e+04; 1.184478e+00; 1.839684e+05; 1.117059e+00; 1.366395e+05; 1.162928e+00
1.493500e+01; 9.810000e+04; 1.183754e+00; 1.849600e+05; 1.116073e+00; 1.374162e+05; 1.162046e+00
1.494000e+01; 9.810000e+04; 1.183011e+00; 1.859518e+05; 1.115086e+00; 1.381967e+05; 1.161155e+00
1.494500e+01; 9.810000e+04; 1.182249e+00; 1.869437e+05; 1.114098e+00; 1.389807e+05; 1.160255e+00
1.495000e+01; 9.810000e+04; 1.181466e+00; 1.879359e+05; 1.113108e+00; 1.397679e+05; 1.159345e+00
1.495500e+01; 9.810000e+04; 1.180664e+00; 1.889282e+05; 1.112117e+00; 1.405582e+05; 1.158427e+00
1.496000e+01; 9.810000e+04; 1.179842e+00; 1.899206e+05; 1.111125e+00; 1.413510e+05; 1.157499e+00
1.496500e+01; 9.810000e+04; 1.179000e+00; 1.909131e+05; 1.110132e+00; 1.421463e+05; 1.156562e+00
1.497000e+01; 9.810000e+04; 1.178138e+00; 1.919056e+05; 1.109138e+00; 1.429436e+05; 1.155616e+00
1.497500e+01; 9.810000e+04; 1.177255e+00; 1.928982e+05; 1.108143e+00; 1.437427e+05; 1.154661e+00
1.498000e+01; 9.810000e+04; 1.176352e+00; 1.938907e+05; 1.107147e+00; 1.445432e+05; 1.153697e+00
1.498500e+01; 9.810000e+04; 1.175428e+00; 1.948831e+05; 1.106150e+00; 1.453450e+05; 1.152724e+00
1.499000e+01; 9.810000e+04; 1.174484e+00; 1.958755e+05; 1.105152e+00; 1.461477e+05; 1.151742e+00
1.499500e+01; 9.810000e+04; 1.173520e+00; 1.968677e+05; 1.104153e+00; 1.469510e+05; 1.150752e+00
1.500000e+01; 9.810000e+04; 1.172535e+00; 1.978597e+05; 1.103154e+00; 1.477545e+05; 1.149752e+00
1.500500e+01; 9.810000e+04; 1.171529e+00; 1.988515e+05; 1.102153e+00; 1.485581e+05; 1.148743e+00
1.501000e+01; 9.810000e+04; 1.170502e+00; 1.998431e+05; 1.101152e+00; 1.493614e+05; 1.147726e+00
1.501500e+01; 9.810000e+04; 1.169455e+00; 2.008343e+05; 1.100150e+00; 1.501640e+05; 1.146699e+00
1.502000e+01; 9.810000e+04; 1.168387e+00; 2.018252e+05; 1.099147e+00; 1.509658e+05; 1.145664e+00
1.502500e+01; 9.810000e+04; 1.167298e+00; 2.028157e+05; 1.098143e+00; 1.517665e+05; 1.144620e+00
1.503000e+01; 9.810000e+04; 1.166189e+00; 2.038058e+05; 1.097138e+00; 1.525656e+05; 1.143566e+00
1.503500e+01; 9.810000e+04; 1.165060e+00; 2.047953e+05; 1.096133e+00; 1.533630e+05; 1.142504e+00
1.504000e+01; 9.810000e+04; 1.163910e+00; 2.057843e+05; 1.095126e+00; 1.541583e+05; 1.141433e+00
1.504500e+01; 9.810000e+04; 1.162739e+00; 2.067726e+05; 1.094119e+00; 1.549513e+05; 1.140353e+00
1.505000e+01; 9.810000e+04; 1.161548e+00; 2.077603e+05; 1.093111e+00; 1.557417e+05; 1.139263e+00
1.505500e+01; 9.810000e+04; 1.160338e+00; 2.087472e+05; 1.092102e+00; 1.565292e+05; 1.138165e+00
1.506000e+01; 9.810000e+04; 1.159107e+00; 2.097333e+05; 1.091093e+00; 1.573134e+05; 1.137058e+00
1.506500e+01; 9.810000e+04; 1.157856e+00; 2.107185e+05; 1.090082e+00; 1.580943e+05; 1.135941e+00
1.507000e+01; 9.810000e+04; 1.156586e+00; 2.117028e+05; 1.089071e+00; 1.588713e+05; 1.134815e+00
1.507500e+01; 9.810000e+04; 1.155296e+00; 2.126861e+05; 1.088058e+00; 1.596444e+05; 1.133680e+00
1.508000e+01; 9.810000e+04; 1.153987e+00; 2.136682e+05; 1.087045e+00; 1.604132e+05; 1.132536e+00
1.508500e+01; 9.810000e+04; 1.152658e+00; 2.146492e+05; 1.086031e+00; 1.611775e+05; 1.131382e+00
1.509000e+01; 9.810000e+04; 1.151311e+00; 2.156288e+05; 1.085015e+00; 1.619370e+05; 1.130219e+00
1.509500e+01; 9.810000e+04; 1.149945e+00; 2.166071e+05; 1.083999e+00; 1.626915e+05; 1.129046e+00
1.510000e+01; 9.810000e+04; 1.148561e+00; 2.175839e+05; 1.082982e+00; 1.634406e+05; 1.127864e+00
1.510500e+01; 9.810000e+04; 1.147158e+00; 2.185592e+05; 1.081964e+00; 1.641843e+05; 1.126673e+00
1.511000e+01; 9.810000e+04; 1.145737e+00; 2.195327e+05; 1.080944e+00; 1.649221e+05; 1.125471e+00
1.511500e+01; 9.810000e+04; 1.144299e+00; 2.205045e+05; 1.079924e+00; 1.656540e+05; 1.124261e+00
1.512000e+01; 9.810000e+04; 1.142843e+00; 2.214743e+05; 1.078903e+00; 1.663796e+05; 1.123040e+00
1.512500e+01; 9.810000e+04; 1.141370e+00; 2.224421e+05; 1.077880e+00; 1.670988e+05; 1.121810e+00
1.513000e+01; 9.810000e+04; 1.139881e+00; 2.234078e+05; 1.076856e+00; 1.678113e+05; 1.120570e+00
1.513500e+01; 9.810000e+04; 1.138374e+00; 2.243711e+05; 1.075831e+00; 1.685170e+05; 1.119320e+00
1.514000e+01; 9.810000e+04; 1.136852e+00; 2.253321e+05; 1.074805e+00; 1.692155e+05; 1.118060e+00
1.514500e+01; 9.810000e+04; 1.135313e+00; 2.262904e+05; 1.073778e+00; 1.699068e+05; 1.116790e+00
1.515000e+01; 9.810000e+04; 1.133759e+00; 2.272460e+05; 1.072750e+00; 1.705906e+05; 1.115510e+00
1.515500e+01; 9.810000e+04; 1.132190e+00; 2.281987e+05; 1.071720e+00; 1.712668e+05; 1.114220e+00
1.516000e+01; 9.810000e+04; 1.130605e+00; 2.291483e+05; 1.070689e+00; 1.719351e+05; 1.112920e+00
1.516500e+01; 9.810000e+04; 1.129006e+00; 2.300947e+05; 1.069656e+00; 1.725955e+05; 1.111609e+00
1.517000e+01; 9.810000e+04; 1.127393e+00; 2.310377e+05; 1.068623e+00; 1.732476e+05; 1.110289e+00
1.517500e+01; 9.810000e+04; 1.125765e+00; 2.319770e+05; 1.067588e+00; 1.738914e+05; 1.108958e+00
1.518000e+01; 9.810000e+04; 1.124124e+00; 2.329125e+05; 1.066552e+00; 1.745268e+05; 1.107616e+00
1.518500e+01; 9.810000e+04; 1.122469e+00; 2.338441e+05; 1.065514e+00; 1.751535e+05; 1.106265e+00
1.519000e+01; 9.810000e+04; 1.120801e+00; 2.347714e+05; 1.064475e+00; 1.757715e+05; 1.104903e+00
1.519500e+01; 9.810000e+04; 1.119121e+00; 2.356943e+05; 1.063434e+00; 1.763806e+05; 1.103530e+00
1.520000e+01; 9.810000e+04; 1.117428e+00; 2.366124e+05; 1.062393e+00; 1.769806e+05; 1.102147e+00
1.520500e+01; 9.810000e+04; 1.115723e+00; 2.375257e+05; 1.061349e+00; 1.775715e+05; 1.100754e+00
1.521000e+01; 9.810000e+04; 1.114007e+00; 2.384339e+05; 1.060305e+00; 1.781532e+05; 1.099350e+00
1.521500e+01; 9.810000e+04; 1.112279e+00; 2.393366e+05; 1.059259e+00; 1.787255e+05; 1.097935e+00
1.522000e+01; 9.810000e+04; 1.110539e+00; 2.402337e+05; 1.058211e+00; 1.792884e+05; 1.096510e+00
1.522500e+01; 9.810000e+04; 1.108789e+00; 2.411249e+05; 1.057163e+00; 1.798418e+05; 1.095074e+00
1.523000e+01; 9.810000e+04; 1.107029e+00; 2.420099e+05; 1.056112e+00; 1.803855e+05; 1.093628e+00
1.523500e+01; 9.810000e+04; 1.105259e+00; 2.428884e+05; 1.055061e+00; 1.809196e+05; 1.092171e+00
1.524000e+01; 9.810000e+04; 1.103478e+00; 2.437601e+05; 1.054008e+00; 1.814439e+05; 1.090703e+00
1.524500e+01; 9.810000e+04; 1.101688e+00; 2.446248e+05; 1.052954e+00; 1.819583e+05; 1.089225e+00
1.525000e+01; 9.810000e+04; 1.099889e+00; 2.454820e+05; 1.051898e+00; 1.824630e+05; 1.087736e+00
1.525500e+01; 9.810000e+04; 1.098081e+00; 2.463316e+05; 1.050842e+00; 1.829577e+05; 1.086237e+00
1.526000e+01; 9.810000e+04; 1.096265e+00; 2.471732e+05; 1.049784e+00; 1.834424e+05; 1.084727e+00
1.526500e+01; 9.810000e+04; 1.094440e+00; 2.480065e+05; 1.048724e+00; 1.839172e+05; 1.083206e+00
1.527000e+01; 9.810000e+04; 1.092607e+00; 2.488311e+05; 1.047664e+00; 1.843820e+05; 1.081676e+00
1.527500e+01; 9.810000e+04; 1.090766e+00; 2.496466e+05; 1.046602e+00; 1.848368e+05; 1.080134e+00
1.528000e+01; 9.810000e+04; 1.088917e+00; 2.504528e+05; 1.045540e+00; 1.852816e+05; 1.078583e+00
1.528500e+01; 9.810000e+04; 1.087062e+00; 2.512494e+05; 1.044476e+00; 1.857163e+05; 1.077021e+00
1.529000e+01; 9.810000e+04; 1.085199e+00; 2.520358e+05; 1.043411e+00; 1.861411e+05; 1.075448e+00
1.529500e+01; 9.810000e+04; 1.083330e+00; 2.528118e+05; 1.042346e+00; 1.865559e+05; 1.073866e+00
1.530000e+01; 9.810000e+04; 1.081455e+00; 2.535770e+05; 1.041279e+00; 1.869606e+05; 1.072273e+00
1.530500e+01; 9.810000e+04; 1.079573e+00; 2.543311e+05; 1.040212e+00; 1.873555e+05; 1.070671e+00
1.531000e+01; 9.810000e+04; 1.077685e+00; 2.550735e+05; 1.039144e+00; 1.877404e+05; 1.069058e+00
1.531500e+01; 9.810000e+04; 1.075792e+00; 2.558041e+05; 1.038075e+00; 1.881155e+05; 1.067436e+00
1.532000e+01; 9.810000e+04; 1.073893e+00; 2.565224e+05; 1.037006e+00; 1.884807e+05; 1.065804e+00
1.532500e+01; 9.810000e+04; 1.071988e+00; 2.572279e+05; 1.035936e+00; 1.888362e+05; 1.064163e+00
1.533000e+01; 9.810000e+04; 1.070079e+00; 2.579204e+05; 1.034865e+00; 1.891819e+05; 1.062512e+00
1.533500e+01; 9.810000e+04; 1.068165e+00; 2.585995e+05; 1.033795e+00; 1.895180e+05; 1.060851e+00
1.534000e+01; 9.810000e+04; 1.066246e+00; 2.592646e+05; 1.032724e+00; 1.898445e+05; 1.059182e+00
1.534500e+01; 9.810000e+04; 1.064323e+00; 2.599156e+05; 1.031653e+00; 1.901615e+05; 1.057503e+00
1.535000e+01; 9.810000e+04; 1.062396e+00; 2.605519e+05; 1.030581e+00; 1.904691e+05; 1.055816e+00
1.535500e+01; 9.810000e+04; 1.060465e+00; 2.611732e+05; 1.029510e+00; 1.907672e+05; 1.054119e+00
1.536000e+01; 9.810000e+04; 1.058529e+00; 2.617791e+05; 1.028439e+00; 1.910561e+05; 1.052415e+00
1.536500e+01; 9.810000e+04; 1.056590e+00; 2.623692e+05; 1.027368e+00; 1.913358e+05; 1.050702e+00
1.537000e+01; 9.810000e+04; 1.054648e+00; 2.629432e+05; 1.026298e+00; 1.916063e+05; 1.048980e+00
1.537500e+01; 9.810000e+04; 1.052702e+00; 2.635006e+05; 1.025228e+00; 1.918678e+05; 1.047251e+00
1.538000e+01; 9.810000e+04; 1.050753e+00; 2.640412e+05; 1.024158e+00; 1.921204e+05; 1.045514e+00
1.538500e+01; 9.810000e+04; 1.048801e+00; 2.645645e+05; 1.023089e+00; 1.923640e+05; 1.043769e+00
1.539000e+01; 9.810000e+04; 1.046846e+00; 2.650702e+05; 1.022020e+00; 1.925989e+05; 1.042017e+00
1.539500e+01; 9.810000e+04; 1.044889e+00; 2.655579e+05; 1.020953e+00; 1.928251e+05; 1.040258e+00
1.540000e+01; 9.810000e+04; 1.042928e+00; 2.660274e+05; 1.019886e+00; 1.930426e+05; 1.038491e+00
1.540500e+01; 9.810000e+04; 1.040966e+00; 2.664782e+05; 1.018820e+00; 1.932516e+05; 1.036718e+00
1.541000e+01; 9.810000e+04; 1.039001e+00; 2.669101e+05; 1.017756e+00; 1.934522e+05; 1.034939e+00
1.541500e+01; 9.810000e+04; 1.037033e+00; 2.673227e+05; 1.016693e+00; 1.936443e+05; 1.033153e+00
1.542000e+01; 9.810000e+04; 1.035064e+00; 2.677158e+05; 1.015630e+00; 1.938282e+05; 1.031361e+00
1.542500e+01; 9.810000e+04; 1.033093e+00; 2.680890e+05; 1.014570e+00; 1.940038e+05; 1.029563e+00
1.543000e+01; 9.810000e+04; 1.031119e+00; 2.684421e+05; 1.013510e+00; 1.941713e+05; 1.027760e+00
1.543500e+01; 9.810000e+04; 1.029144e+00; 2.687749e+05; 1.012452e+00; 1.943306e+05; 1.025952e+00
1.544000e+01; 9.810000e+04; 1.027168e+00; 2.690869e+05; 1.011396e+00; 1.944820e+05; 1.024138e+00
1.544500e+01; 9.810000e+04; 1.025190e+00; 2.693782e+05; 1.010342e+00; 1.946253e+05; 1.022320e+00
1.545000e+01; 9.810000e+04; 1.023210e+00; 2.696483e+05; 1.009289e+00; 1.947607e+05; 1.020497e+00
1.545500e+01; 9.810000e+04; 1.021229e+00; 2.700195e+05; 1.008059e+00; 1.948882e+05; 1.018670e+00
1.546000e+01; 9.810000e+04; 1.019246e+00; 2.702361e+05; 1.007131e+00; 1.950079e+05; 1.016840e+00
1.546500e+01; 9.810000e+04; 1.017263e+00; 2.704191e+05; 1.006014e+00; 1.951197e+05; 1.015005e+00
1.547000e+01; 9.810000e+04; 1.015278e+00; 2.706127e+05; 1.005031e+00; 1.952238e+05; 1.013168e+00
1.547500e+01; 9.810000e+04; 1.013292e+00; 2.707361e+05; 1.003977e+00; 1.953201e+05; 1.011327e+00
1.548000e+01; 9.810000e+04; 1.011305e+00; 2.708962e+05; 1.002940e+00; 1.954087e+05; 1.009483e+00
1.548500e+01; 9.810000e+04; 1.009317e+00; 2.709701e+05; 1.001944e+00; 1.954895e+05; 1.007637e+00
1.549000e+01; 9.810000e+04; 1.007328e+00; 2.710851e+05; 1.000865e+00; 1.955626e+05; 1.005789e+00
1.549500e+01; 9.810000e+04; 1.005339e+00; 2.711199e+05; 9.999104e-01; 1.956279e+05; 1.003940e+00
1.550000e+01; 9.810000e+04; 1.003349e+00; 2.711802e+05; 9.988108e-01; 1.956855e+05; 1.002088e+00
1.550500e+01; 9.810000e+04; 1.001358e+00; 2.711832e+05; 9.978714e-01; 1.957354e+05; 1.000236e+00
1.551000e+01; 9.810000e+04; 9.993661e-01; 2.711834e+05; 9.967786e-01; 1.957774e+05; 9.983824e-01
1.551500e+01; 9.810000e+04; 9.973740e-01; 2.711573e+05; 9.958287e-01; 1.958116e+05; 9.965285e-01
1.552000e+01; 9.810000e+04; 9.953814e-01; 2.710974e+05; 9.947654e-01; 1.958379e+05; 9.946744e-01
1.552500e+01; 9.810000e+04; 9.933885e-01; 2.710398e+05; 9.937867e-01; 1.958563e+05; 9.928205e-01
1.553000e+01; 9.810000e+04; 9.913951e-01; 2.709246e+05; 9.927652e-01; 1.958667e+05; 9.909670e-01
1.553500e+01; 9.810000e+04; 9.894015e-01; 2.708296e+05; 9.917517e-01; 1.958691e+05; 9.891142e-01
1.554000e+01; 9.810000e+04; 9.874075e-01; 2.706668e+05; 9.907715e-01; 1.958633e+05; 9.872626e-01
1.554500e+01; 9.810000e+04; 9.854134e-01; 2.705270e+05; 9.897296e-01; 1.958494e+05; 9.854125e-01
1.555000e+01; 9.810000e+04; 9.834192e-01; 2.703244e+05; 9.887787e-01; 1.958272e+05; 9.835641e-01
1.555500e+01; 9.810000e+04; 9.814249e-01; 2.701339e+05; 9.877240e-01; 1.957966e+05; 9.817179e-01
1.556000e+01; 9.810000e+04; 9.794306e-01; 2.698974e+05; 9.867841e-01; 1.957576e+05; 9.798741e-01
1.556500e+01; 9.810000e+04; 9.774364e-01; 2.696530e+05; 9.857354e-01; 1.957100e+05; 9.780332e-01
1.557000e+01; 9.810000e+04; 9.754423e-01; 2.693853e+05; 9.847881e-01; 1.956538e+05; 9.761954e-01
1.557500e+01; 9.810000e+04; 9.734484e-01; 2.691601e+05; 9.836560e-01; 1.955887e+05; 9.743611e-01
1.558000e+01; 9.810000e+04; 9.714548e-01; 2.688297e+05; 9.827944e-01; 1.955148e+05; 9.725306e-01
1.558500e+01; 9.810000e+04; 9.694615e-01; 2.685029e+05; 9.816891e-01; 1.954318e+05; 9.707043e-01
1.559000e+01; 9.810000e+04; 9.674686e-01; 2.681629e+05; 9.807938e-01; 1.953397e+05; 9.688825e-01
1.559500e+01; 9.810000e+04; 9.654762e-01; 2.677815e+05; 9.797267e-01; 1.952383e+05; 9.670655e-01
1.560000e+01; 9.810000e+04; 9.634845e-01; 2.674070e+05; 9.788052e-01; 1.951275e+05; 9.652537e-01
1.560500e+01; 9.810000e+04; 9.614934e-01; 2.671247e+05; 9.775617e-01; 1.950071e+05; 9.634474e-01
1.561000e+01; 9.810000e+04; 9.595030e-01; 2.667137e+05; 9.767379e-01; 1.948770e+05; 9.616468e-01
1.561500e+01; 9.810000e+04; 9.575136e-01; 2.662644e+05; 9.756016e-01; 1.947371e+05; 9.598524e-01
1.562000e+01; 9.810000e+04; 9.555251e-01; 2.658149e+05; 9.747497e-01; 1.945872e+05; 9.580645e-01
1.562500e+01; 9.810000e+04; 9.535377e-01; 2.653304e+05; 9.736350e-01; 1.944272e+05; 9.562833e-01
1.563000e+01; 9.810000e+04; 9.515514e-01; 2.648438e+05; 9.727714e-01; 1.942569e+05; 9.545091e-01
1.563500e+01; 9.810000e+04; 9.495665e-01; 2.643244e+05; 9.716710e-01; 1.940763e+05; 9.527422e-01
1.564000e+01; 9.810000e+04; 9.475831e-01; 2.638022e+05; 9.707993e-01; 1.938853e+05; 9.509828e-01
1.564500e+01; 9.810000e+04; 9.456012e-01; 2.632492e+05; 9.697104e-01; 1.936837e+05; 9.492312e-01
1.565000e+01; 9.810000e+04; 9.436210e-01; 2.626931e+05; 9.688319e-01; 1.934715e+05; 9.474876e-01
1.565500e+01; 9.810000e+04; 9.416427e-01; 2.621078e+05; 9.677531e-01; 1.932487e+05; 9.457520e-01
1.566000e+01; 9.810000e+04; 9.396664e-01; 2.615192e+05; 9.668686e-01; 1.930152e+05; 9.440247e-01
1.566500e+01; 9.810000e+04; 9.376923e-01; 2.609032e+05; 9.657988e-01; 1.927711e+05; 9.423058e-01
1.567000e+01; 9.810000e+04; 9.357206e-01; 2.602835e+05; 9.649086e-01; 1.925162e+05; 9.405955e-01
1.567500e+01; 9.810000e+04; 9.337513e-01; 2.596382e+05; 9.638469e-01; 1.922506e+05; 9.388939e-01
1.568000e+01; 9.810000e+04; 9.317849e-01; 2.589892e+05; 9.629515e-01; 1.919741e+05; 9.372014e-01
1.568500e+01; 9.810000e+04; 9.298213e-01; 2.583160e+05; 9.618971e-01; 1.916864e+05; 9.355183e-01
1.569000e+01; 9.810000e+04; 9.278608e-01; 2.576391e+05; 9.609966e-01; 1.913872e+05; 9.338450e-01
1.569500e+01; 9.810000e+04; 9.259037e-01; 2.569396e+05; 9.599488e-01; 1.910762e+05; 9.321821e-01
1.570000e+01; 9.810000e+04; 9.239502e-01; 2.562364e+05; 9.590435e-01; 1.907528e+05; 9.305301e-01
1.570500e+01; 9.810000e+04; 9.220004e-01; 2.555120e+05; 9.580015e-01; 1.904166e+05; 9.288897e-01
1.571000e+01; 9.810000e+04; 9.200547e-01; 2.547840e+05; 9.570916e-01; 1.900671e+05; 9.272613e-01
1.571500e+01; 9.810000e+04; 9.181134e-01; 2.540362e+05; 9.560549e-01; 1.897039e+05; 9.256454e-01
1.572000e+01; 9.810000e+04; 9.161765e-01; 2.532850e+05; 9.551406e-01; 1.893266e+05; 9.240425e-01
1.572500e+01; 9.810000e+04; 9.142446e-01; 2.525153e+05; 9.541085e-01; 1.889352e+05; 9.224526e-01
1.573000e+01; 9.810000e+04; 9.123177e-01; 2.517422e+05; 9.531898e-01; 1.885296e+05; 9.208759e-01
1.573500e+01; 9.810000e+04; 9.103963e-01; 2.509520e+05; 9.521619e-01; 1.881098e+05; 9.193123e-01
1.574000e+01; 9.810000e+04; 9.084806e-01; 2.501586e+05; 9.512390e-01; 1.876760e+05; 9.177618e-01
1.574500e+01; 9.810000e+04; 9.065710e-01; 2.493492e+05; 9.502147e-01; 1.872284e+05; 9.162241e-01
1.575000e+01; 9.810000e+04; 9.046677e-01; 2.485369e+05; 9.492877e-01; 1.867674e+05; 9.146992e-01
1.575500e+01; 9.810000e+04; 9.027711e-01; 2.477097e+05; 9.482667e-01; 1.862931e+05; 9.131867e-01
1.576000e+01; 9.810000e+04; 9.008817e-01; 2.468797e+05; 9.473357e-01; 1.858059e+05; 9.116865e-01
1.576500e+01; 9.810000e+04; 8.989996e-01; 2.460361e+05; 9.463174e-01; 1.853059e+05; 9.101985e-01
1.577000e+01; 9.810000e+04; 8.971253e-01; 2.451898e+05; 9.453826e-01; 1.847934e+05; 9.087223e-01
1.577500e+01; 9.810000e+04; 8.952591e-01; 2.443309e+05; 9.443668e-01; 1.842687e+05; 9.072580e-01
1.578000e+01; 9.810000e+04; 8.934015e-01; 2.434696e+05; 9.434282e-01; 1.837320e+05; 9.058052e-01
1.578500e+01; 9.810000e+04; 8.915529e-01; 2.425966e+05; 9.424144e-01; 1.831835e+05; 9.043638e-01
1.579000e+01; 9.810000e+04; 8.897136e-01; 2.417215e+05; 9.414722e-01; 1.826235e+05; 9.029336e-01
1.579500e+01; 9.810000e+04; 8.878840e-01; 2.408355e+05; 9.404603e-01; 1.820523e+05; 9.015144e-01
1.580000e+01; 9.810000e+04; 8.860645e-01; 2.399476e+05; 9.395146e-01; 1.814702e+05; 9.001058e-01
1.580500e+01; 9.810000e+04; 8.842557e-01; 2.390498e+05; 9.385042e-01; 1.808776e+05; 8.987077e-01
1.581000e+01; 9.810000e+04; 8.824579e-01; 2.381502e+05; 9.375551e-01; 1.802746e+05; 8.973198e-01
1.581500e+01; 9.810000e+04; 8.806715e-01; 2.372415e+05; 9.365460e-01; 1.796618e+05; 8.959419e-01
1.582000e+01; 9.810000e+04; 8.788970e-01; 2.363312e+05; 9.355937e-01; 1.790392e+05; 8.945738e-01
1.582500e+01; 9.810000e+04; 8.771348e-01; 2.354126e+05; 9.345857e-01; 1.784071e+05; 8.932153e-01
1.583000e+01; 9.810000e+04; 8.753854e-01; 2.344926e+05; 9.336303e-01; 1.777657e+05; 8.918665e-01
1.583500e+01; 9.810000e+04; 8.736492e-01; 2.335648e+05; 9.326232e-01; 1.771152e+05; 8.905272e-01
1.584000e+01; 9.810000e+04; 8.719267e-01; 2.326360e+05; 9.316649e-01; 1.764554e+05; 8.891977e-01
1.584500e+01; 9.810000e+04; 8.702183e-01; 2.317000e+05; 9.306586e-01; 1.757862e+05; 8.878780e-01
1.585000e+01; 9.810000e+04; 8.685245e-01; 2.307630e+05; 9.296974e-01; 1.751077e+05; 8.865685e-01
1.585500e+01; 9.810000e+04; 8.668456e-01; 2.298196e+05; 9.286918e-01; 1.744195e+05; 8.852694e-01
1.586000e+01; 9.810000e+04; 8.651821e-01; 2.288753e+05; 9.277280e-01; 1.737214e+05; 8.839811e-01
1.586500e+01; 9.810000e+04; 8.635345e-01; 2.279250e+05; 9.267230e-01; 1.730133e+05; 8.827037e-01
1.587000e+01; 9.810000e+04; 8.619031e-01; 2.269741e+05; 9.257568e-01; 1.722951e+05; 8.814375e-01
1.587500e+01; 9.810000e+04; 8.602883e-01; 2.260177e+05; 9.247522e-01; 1.715669e+05; 8.801824e-01
1.588000e+01; 9.810000e+04; 8.586905e-01; 2.250608e+05; 9.237837e-01; 1.708287e+05; 8.789386e-01
1.588500e+01; 9.810000e+04; 8.571101e-01; 2.240989e+05; 9.227796e-01; 1.700807e+05; 8.777058e-01
1.589000e+01; 9.810000e+04; 8.555474e-01; 2.231365e+05; 9.218089e-01; 1.693234e+05; 8.764839e-01
1.589500e+01; 9.810000e+04; 8.540028e-01; 2.221695e+05; 9.208052e-01; 1.685570e+05; 8.752725e-01
1.590000e+01; 9.810000e+04; 8.524766e-01; 2.212022e+05; 9.198325e-01; 1.677820e+05; 8.740714e-01
1.590500e+01; 9.810000e+04; 8.509692e-01; 2.202307e+05; 9.188293e-01; 1.669989e+05; 8.728804e-01
1.591000e+01; 9.810000e+04; 8.494810e-01; 2.192589e+05; 9.178548e-01; 1.662081e+05; 8.716991e-01
1.591500e+01; 9.810000e+04; 8.480124e-01; 2.182833e+05; 9.168520e-01; 1.654099e+05; 8.705272e-01
1.592000e+01; 9.810000e+04; 8.465639e-01; 2.173075e+05; 9.158759e-01; 1.646049e+05; 8.693647e-01
1.592500e+01; 9.810000e+04; 8.451358e-01; 2.163282e+05; 9.148736e-01; 1.637933e+05; 8.682112e-01
1.593000e+01; 9.810001e+04; 8.437288e-01; 2.153487e+05; 9.138959e-01; 1.629756e+05; 8.670666e-01
1.593500e+01; 9.810001e+04; 8.423434e-01; 2.143660e+05; 9.128941e-01; 1.621521e+05; 8.659308e-01
1.594000e+01; 9.810001e+04; 8.409801e-01; 2.133831e+05; 9.119152e-01; 1.613231e+05; 8.648036e-01
1.594500e+01; 9.810001e+04; 8.396394e-01; 2.123974e+05; 9.109139e-01; 1.604891e+05; 8.636848e-01
1.595000e+01; 9.810001e+04; 8.383221e-01; 2.114115e+05; 9.099339e-01; 1.596502e+05; 8.625745e-01
1.595500e+01; 9.810001e+04; 8.370285e-01; 2.104229e+05; 9.089332e-01; 1.588069e+05; 8.614725e-01
1.596000e+01; 9.810001e+04; 8.357593e-01; 2.094342e+05; 9.079523e-01; 1.579595e+05; 8.603787e-01
1.596500e+01; 9.810000e+04; 8.345148e-01; 2.084430e+05; 9.069523e-01; 1.571083e+05; 8.592930e-01
1.597000e+01; 9.810000e+04; 8.332955e-01; 2.074517e+05; 9.059707e-01; 1.562537e+05; 8.582153e-01
1.597500e+01; 9.810000e+04; 8.321015e-01; 2.064581e+05; 9.049714e-01; 1.553960e+05; 8.571456e-01
1.598000e+01; 9.810000e+04; 8.309332e-01; 2.054644e+05; 9.039894e-01; 1.545356e+05; 8.560839e-01
1.598500e+01; 9.810000e+04; 8.297905e-01; 2.044685e+05; 9.029910e-01; 1.536728e+05; 8.550300e-01
1.599000e+01; 9.810000e+04; 8.286735e-01; 2.034725e+05; 9.020086e-01; 1.528079e+05; 8.539840e-01
1.599500e+01; 9.810000e+04; 8.275822e-01; 2.024746e+05; 9.010112e-01; 1.519413e+05; 8.529457e-01
1.600000e+01; 9.810000e+04; 8.265162e-01; 2.014765e+05; 9.000287e-01; 1.510734e+05; 8.519152e-01
1.600500e+01; 9.810000e+04; 8.254755e-01; 2.004765e+05; 8.990325e-01; 1.502045e+05; 8.508925e-01
1.601000e+01; 9.810000e+04; 8.244596e-01; 1.994763e+05; 8.980502e-01; 1.493349e+05; 8.498775e-01
1.601500e+01; 9.810000e+04; 8.234684e-01; 1.984743e+05; 8.970552e-01; 1.484651e+05; 8.488703e-01
1.602000e+01; 9.810000e+04; 8.225013e-01; 1.974722e+05; 8.960733e-01; 1.475953e+05; 8.478708e-01
1.602500e+01; 9.810000e+04; 8.215581e-01; 1.964684e+05; 8.950798e-01; 1.467259e+05; 8.468791e-01
1.603000e+01; 9.810000e+04; 8.206382e-01; 1.954643e+05; 8.940986e-01; 1.458573e+05; 8.458953e-01
1.603500e+01; 9.810000e+04; 8.197413e-01; 1.944586e+05; 8.931068e-01; 1.449899e+05; 8.449192e-01
1.604000e+01; 9.810000e+04; 8.188669e-01; 1.934526e+05; 8.921265e-01; 1.441238e+05; 8.439511e-01
1.604500e+01; 9.810000e+04; 8.180146e-01; 1.924450e+05; 8.911365e-01; 1.432596e+05; 8.429909e-01
1.605000e+01; 9.810000e+04; 8.171841e-01; 1.914372e+05; 8.901575e-01; 1.423976e+05; 8.420387e-01
1.605500e+01; 9.810000e+04; 8.163749e-01; 1.904277e+05; 8.891697e-01; 1.415380e+05; 8.410945e-01
1.606000e+01; 9.810000e+04; 8.155866e-01; 1.894180e+05; 8.881922e-01; 1.406814e+05; 8.401586e-01
1.606500e+01; 9.810000e+04; 8.148190e-01; 1.884067e+05; 8.872068e-01; 1.398279e+05; 8.392308e-01
1.607000e+01; 9.810000e+04; 8.140719e-01; 1.873949e+05; 8.862312e-01; 1.389779e+05; 8.383114e-01
1.607500e+01; 9.810000e+04; 8.133450e-01; 1.863817e+05; 8.852485e-01; 1.381318e+05; 8.374004e-01
1.608000e+01; 9.810000e+04; 8.126382e-01; 1.853680e+05; 8.842752e-01; 1.372899e+05; 8.364980e-01
1.608500e+01; 9.810000e+04; 8.119513e-01; 1.843529e+05; 8.832955e-01; 1.364525e+05; 8.356041e-01
1.609000e+01; 9.810000e+04; 8.112844e-01; 1.833371e+05; 8.823249e-01; 1.356199e+05; 8.347190e-01
1.609500e+01; 9.810000e+04; 8.106375e-01; 1.823200e+05; 8.813487e-01; 1.347924e+05; 8.338428e-01
1.610000e+01; 9.810000e+04; 8.100106e-01; 1.813022e+05; 8.803811e-01; 1.339704e+05; 8.329756e-01
1.610500e+01; 9.810000e+04; 8.094036e-01; 1.802829e+05; 8.794088e-01; 1.331542e+05; 8.321174e-01
1.611000e+01; 9.810000e+04; 8.088167e-01; 1.792630e+05; 8.784448e-01; 1.323440e+05; 8.312685e-01
1.611500e+01; 9.810000e+04; 8.082497e-01; 1.782417e+05; 8.774767e-01; 1.315401e+05; 8.304289e-01
1.612000e+01; 9.810000e+04; 8.077027e-01; 1.772196e+05; 8.765168e-01; 1.307429e+05; 8.295987e-01
1.612500e+01; 9.810000e+04; 8.071756e-01; 1.761960e+05; 8.755535e-01; 1.299525e+05; 8.287782e-01
1.613000e+01; 9.810000e+04; 8.066680e-01; 1.751716e+05; 8.745982e-01; 1.291693e+05; 8.279674e-01
1.613500e+01; 9.810000e+04; 8.061799e-01; 1.741458e+05; 8.736403e-01; 1.283935e+05; 8.271665e-01
1.614000e+01; 9.810000e+04; 8.057109e-01; 1.731191e+05; 8.726902e-01; 1.276254e+05; 8.263756e-01
1.614500e+01; 9.810000e+04; 8.052606e-01; 1.720909e+05; 8.717382e-01; 1.268652e+05; 8.255948e-01
1.615000e+01; 9.810000e+04; 8.048286e-01; 1.710619e+05; 8.707940e-01; 1.261132e+05; 8.248243e-01
1.615500e+01; 9.810000e+04; 8.044145e-01; 1.700313e+05; 8.698485e-01; 1.253697e+05; 8.240644e-01
1.616000e+01; 9.810000e+04; 8.040178e-01; 1.689998e+05; 8.689108e-01; 1.246348e+05; 8.233150e-01
1.616500e+01; 9.810000e+04; 8.036378e-01; 1.679668e+05; 8.679726e-01; 1.239090e+05; 8.225765e-01
1.617000e+01; 9.810000e+04; 8.032742e-01; 1.669328e+05; 8.670423e-01; 1.231923e+05; 8.218490e-01
1.617500e+01; 9.810000e+04; 8.029264e-01; 1.658973e+05; 8.661120e-01; 1.224852e+05; 8.211327e-01
1.618000e+01; 9.810000e+04; 8.025939e-01; 1.648608e+05; 8.651897e-01; 1.217877e+05; 8.204278e-01
1.618500e+01; 9.810000e+04; 8.022760e-01; 1.638228e+05; 8.642683e-01; 1.211003e+05; 8.197345e-01
1.619000e+01; 9.810000e+04; 8.019725e-01; 1.627838e+05; 8.633550e-01; 1.204231e+05; 8.190529e-01
1.619500e+01; 9.810000e+04; 8.016827e-01; 1.617432e+05; 8.624431e-01; 1.197564e+05; 8.183834e-01
1.620000e+01; 9.810000e+04; 8.014061e-01; 1.607016e+05; 8.615397e-01; 1.191005e+05; 8.177261e-01
1.620500e+01; 9.810000e+04; 8.011424e-01; 1.596585e+05; 8.606384e-01; 1.184555e+05; 8.170811e-01
1.621000e+01; 9.810000e+04; 8.008911e-01; 1.586143e+05; 8.597457e-01; 1.178216e+05; 8.164487e-01
1.621500e+01; 9.810000e+04; 8.006517e-01; 1.575687e+05; 8.588560e-01; 1.171990e+05; 8.158289e-01
1.622000e+01; 9.810000e+04; 8.004238e-01; 1.565220e+05; 8.579751e-01; 1.165878e+05; 8.152220e-01
1.622500e+01; 9.810000e+04; 8.002070e-01; 1.554739e+05; 8.570979e-01; 1.159882e+05; 8.146279e-01
1.623000e+01; 9.810000e+04; 8.000009e-01; 1.544247e+05; 8.562300e-01; 1.154003e+05; 8.140469e-01
1.623500e+01; 9.810000e+04; 7.998050e-01; 1.533741e+05; 8.553664e-01; 1.148241e+05; 8.134789e-01
1.624000e+01; 9.810000e+04; 7.996191e-01; 1.523225e+05; 8.545125e-01; 1.142596e+05; 8.129239e-01
1.624500e+01; 9.810000e+04; 7.994427e-01; 1.512696e+05; 8.536637e-01; 1.137068e+05; 8.123820e-01
1.625000e+01; 9.810000e+04; 7.992754e-01; 1.502157e+05; 8.528249e-01; 1.131656e+05; 8.118531e-01
1.625500e+01; 9.810000e+04; 7.991169e-01; 1.491605e+05; 8.519921e-01; 1.126361e+05; 8.113371e-01
1.626000e+01; 9.810000e+04; 7.989669e-01; 1.481043e+05; 8.511697e-01; 1.121180e+05; 8.108340e-01
1.626500e+01; 9.810000e+04; 7.988249e-01; 1.470469e+05; 8.503541e-01; 1.116113e+05; 8.103437e-01
1.627000e+01; 9.810000e+04; 7.986906e-01; 1.459887e+05; 8.495494e-01; 1.111158e+05; 8.098661e-01
1.627500e+01; 9.810000e+04; 7.985638e-01; 1.449294e+05; 8.487523e-01; 1.106313e+05; 8.094010e-01
1.628000e+01; 9.810000e+04; 7.984440e-01; 1.438692e+05; 8.479666e-01; 1.101577e+05; 8.089483e-01
1.628500e+01; 9.810000e+04; 7.983310e-01; 1.428080e+05; 8.471893e-01; 1.096948e+05; 8.085079e-01
1.629000e+01; 9.810000e+04; 7.982245e-01; 1.417461e+05; 8.464239e-01; 1.092424e+05; 8.080797e-01
1.629500e+01; 9.810000e+04; 7.981242e-01; 1.406833e+05; 8.456677e-01; 1.088002e+05; 8.076634e-01
1.630000e+01; 9.810000e+04; 7.980297e-01; 1.396198e+05; 8.449241e-01; 1.083682e+05; 8.072591e-01
1.630500e+01; 9.810000e+04; 7.979409e-01; 1.385556e+05; 8.441905e-01; 1.079461e+05; 8.068666e-01
1.631000e+01; 9.810000e+04; 7.978574e-01; 1.374908e+05; 8.434700e-01; 1.075337e+05; 8.064857e-01
1.631500e+01; 9.810000e+04; 7.977790e-01; 1.364254e+05; 8.427603e-01; 1.071309e+05; 8.061165e-01
1.632000e+01; 9.810000e+04; 7.977054e-01; 1.353595e+05; 8.420643e-01; 1.067374e+05; 8.057588e-01
1.632500e+01; 9.810000e+04; 7.976365e-01; 1.342931e+05; 8.413800e-01; 1.063533e+05; 8.054126e-01
1.633000e+01; 9.810000e+04; 7.975719e-01; 1.332263e+05; 8.407100e-01; 1.059782e+05; 8.050779e-01
1.633500e+01; 9.810000e+04; 7.975116e-01; 1.321592e+05; 8.400525e-01; 1.056121e+05; 8.047546e-01
1.634000e+01; 9.810000e+04; 7.974551e-01; 1.310918e+05; 8.394099e-01; 1.052548e+05; 8.044427e-01
1.634500e+01; 9.810000e+04; 7.974025e-01; 1.300242e+05; 8.387806e-01; 1.049063e+05; 8.041422e-01
1.635000e+01; 9.810000e+04; 7.973534e-01; 1.289564e+05; 8.381669e-01; 1.045664e+05; 8.038532e-01
1.635500e+01; 9.810000e+04; 7.973077e-01; 1.278886e+05; 8.375672e-01; 1.042350e+05; 8.035755e-01
1.636000e+01; 9.810000e+04; 7.972652e-01; 1.268207e+05; 8.369838e-01; 1.039120e+05; 8.033093e-01
1.636500e+01; 9.810000e+04; 7.972258e-01; 1.257529e+05; 8.364151e-01; 1.035971e+05; 8.030546e-01
1.637000e+01; 9.810000e+04; 7.971893e-01; 1.246852e+05; 8.358634e-01; 1.032904e+05; 8.028112e-01
1.637500e+01; 9.810000e+04; 7.971555e-01; 1.236177e+05; 8.353271e-01; 1.029916e+05; 8.025793e-01
1.638000e+01; 9.810000e+04; 7.971244e-01; 1.225505e+05; 8.348083e-01; 1.027004e+05; 8.023587e-01
1.638500e+01; 9.810000e+04; 7.970957e-01; 1.214836e+05; 8.343057e-01; 1.024169e+05; 8.021494e-01
1.639000e+01; 9.810000e+04; 7.970695e-01; 1.204172e+05; 8.338213e-01; 1.021406e+05; 8.019514e-01
1.639500e+01; 9.810000e+04; 7.970454e-01; 1.193513e+05; 8.333537e-01; 1.018714e+05; 8.017646e-01
1.640000e+01; 9.810000e+04; 7.970236e-01; 1.182861e+05; 8.329048e-01; 1.016090e+05; 8.015889e-01
1.640500e+01; 9.810000e+04; 7.970038e-01; 1.172217e+05; 8.324734e-01; 1.013532e+05; 8.014242e-01
1.641000e+01; 9.810000e+04; 7.969859e-01; 1.161582e+05; 8.320612e-01; 1.011035e+05; 8.012704e-01
1.641500e+01; 9.810000e+04; 7.969700e-01; 1.150958e+05; 8.316672e-01; 1.008598e+05; 8.011274e-01
1.642000e+01; 9.810000e+04; 7.969558e-01; 1.140346e+05; 8.312929e-01; 1.006217e+05; 8.009950e-01
1.642500e+01; 9.810000e+04; 7.969434e-01; 1.129747e+05; 8.309372e-01; 1.003889e+05; 8.008731e-01
1.643000e+01; 9.810000e+04; 7.969326e-01; 1.119164e+05; 8.306018e-01; 1.001611e+05; 8.007617e-01
1.643500e+01; 9.810000e+04; 7.969235e-01; 1.108598e+05; 8.302856e-01; 9.993781e+04; 8.006605e-01
1.644000e+01; 9.810000e+04; 7.969160e-01; 1.098051e+05; 8.299899e-01; 9.971881e+04; 8.005695e-01
1.644500e+01; 9.810000e+04; 7.969099e-01; 1.087524e+05; 8.297139e-01; 9.950372e+04; 8.004885e-01
1.645000e+01; 9.810000e+04; 7.969054e-01; 1.077019e+05; 8.294589e-01; 9.929220e+04; 8.004174e-01
1.645500e+01; 9.810000e+04; 7.969023e-01; 1.066537e+05; 8.292240e-01; 9.908390e+04; 8.003561e-01
1.646000e+01; 9.810000e+04; 7.969006e-01; 1.056079e+05; 8.290104e-01; 9.887848e+04; 8.003045e-01
1.646500e+01; 9.810000e+04; 7.969004e-01; 1.045647e+05; 8.288172e-01; 9.867560e+04; 8.002625e-01
1.647000e+01; 9.810000e+04; 7.969015e-01; 1.035241e+05; 8.286455e-01; 9.847491e+04; 8.002300e-01
1.647500e+01; 9.810000e+04; 7.969041e-01; 1.024862e+05; 8.284946e-01; 9.827609e+04; 8.002069e-01
1.648000e+01; 9.810000e+04; 7.969080e-01; 1.014510e+05; 8.283654e-01; 9.807879e+04; 8.001931e-01
1.648500e+01; 9.810000e+04; 7.969133e-01; 1.004185e+05; 8.282572e-01; 9.788269e+04; 8.001887e-01
1.649000e+01; 9.810000e+04; 7.969200e-01; 9.938874e+04; 8.281708e-01; 9.768745e+04; 8.001934e-01
1.649500e+01; 9.810000e+04; 7.969282e-01; 9.836154e+04; 8.281056e-01; 9.749276e+04; 8.002073e-01
1.650000e+01; 9.810000e+04; 7.969378e-01; 9.733689e+04; 8.280623e-01; 9.729828e+04; 8.002303e-01
1.650500e+01; 9.810000e+04; 7.969488e-01; 9.631463e+04; 8.280402e-01; 9.710371e+04; 8.002623e-01
1.651000e+01; 9.810000e+04; 7.969613e-01; 9.529467e+04; 8.280401e-01; 9.690872e+04; 8.003034e-01
1.651500e+01; 9.810000e+04; 7.969753e-01; 9.427683e+04; 8.280613e-01; 9.671300e+04; 8.003534e-01
1.652000e+01; 9.810000e+04; 7.969909e-01; 9.326098e+04; 8.281044e-01; 9.651624e+04; 8.004124e-01
1.652500e+01; 9.810000e+04; 7.970081e-01; 9.224690e+04; 8.281687e-01; 9.631812e+04; 8.004803e-01
1.653000e+01; 9.810000e+04; 7.970270e-01; 9.123446e+04; 8.282548e-01; 9.611836e+04; 8.005572e-01
1.653500e+01; 9.810000e+04; 7.970475e-01; 9.022344e+04; 8.283621e-01; 9.591665e+04; 8.006429e-01
1.654000e+01; 9.810000e+04; 7.970699e-01; 8.921371e+04; 8.284909e-01; 9.571269e+04; 8.007375e-01
1.654500e+01; 9.810000e+04; 7.970941e-01; 8.820508e+04; 8.286408e-01; 9.550619e+04; 8.008411e-01
1.655000e+01; 9.810000e+04; 7.971201e-01; 8.719744e+04; 8.288120e-01; 9.529686e+04; 8.009535e-01
1.655500e+01; 9.810000e+04; 7.971482e-01; 8.619063e+04; 8.290040e-01; 9.508442e+04; 8.010748e-01
1.656000e+01; 9.810000e+04; 7.971783e-01; 8.518458e+04; 8.292170e-01; 9.486858e+04; 8.012050e-01
1.656500e+01; 9.810000e+04; 7.972106e-01; 8.417919e+04; 8.294506e-01; 9.464908e+04; 8.013442e-01
1.657000e+01; 9.810000e+04; 7.972452e-01; 8.317443e+04; 8.297048e-01; 9.442564e+04; 8.014924e-01
1.657500e+01; 9.810000e+04; 7.972820e-01; 8.217023e+04; 8.299792e-01; 9.419799e+04; 8.016495e-01
1.658000e+01; 9.810000e+04; 7.973213e-01; 8.116663e+04; 8.302739e-01; 9.396588e+04; 8.018157e-01
1.658500e+01; 9.810000e+04; 7.973632e-01; 8.016362e+04; 8.305883e-01; 9.372905e+04; 8.019909e-01
1.659000e+01; 9.810000e+04; 7.974077e-01; 7.916125e+04; 8.309226e-01; 9.348725e+04; 8.021752e-01
1.659500e+01; 9.810000e+04; 7.974550e-01; 7.815955e+04; 8.312762e-01; 9.324024e+04; 8.023687e-01
1.660000e+01; 9.810000e+04; 7.975052e-01; 7.715862e+04; 8.316491e-01; 9.298778e+04; 8.025713e-01
1.660500e+01; 9.810000e+04; 7.975584e-01; 7.615851e+04; 8.320408e-01; 9.272964e+04; 8.027832e-01
1.661000e+01; 9.810000e+04; 7.976148e-01; 7.515932e+04; 8.324513e-01; 9.246559e+04; 8.030043e-01
1.661500e+01; 9.810000e+04; 7.976745e-01; 7.416110e+04; 8.328801e-01; 9.219544e+04; 8.032348e-01
1.662000e+01; 9.810000e+04; 7.977376e-01; 7.316397e+04; 8.333272e-01; 9.191896e+04; 8.034747e-01
1.662500e+01; 9.810000e+04; 7.978043e-01; 7.216796e+04; 8.337919e-01; 9.163596e+04; 8.037240e-01
1.663000e+01; 9.810000e+04; 7.978748e-01; 7.117316e+04; 8.342742e-01; 9.134625e+04; 8.039827e-01
1.663500e+01; 9.810000e+04; 7.979491e-01; 7.017961e+04; 8.347737e-01; 9.104966e+04; 8.042510e-01
1.664000e+01; 9.810000e+04; 7.980276e-01; 6.918733e+04; 8.352901e-01; 9.074601e+04; 8.045288e-01
1.664500e+01; 9.810000e+04; 7.981103e-01; 6.819635e+04; 8.358229e-01; 9.043514e+04; 8.048163e-01
1.665000e+01; 9.810000e+04; 7.981974e-01; 6.720668e+04; 8.363721e-01; 9.011692e+04; 8.051133e-01
1.665500e+01; 9.810000e+04; 7.982892e-01; 6.621828e+04; 8.369371e-01; 8.979120e+04; 8.054201e-01
1.666000e+01; 9.810000e+04; 7.983857e-01; 6.523115e+04; 8.375177e-01; 8.945786e+04; 8.057365e-01
1.666500e+01; 9.810000e+04; 7.984872e-01; 6.424523e+04; 8.381135e-01; 8.911678e+04; 8.060627e-01
1.667000e+01; 9.810000e+04; 7.985939e-01; 6.326047e+04; 8.387242e-01; 8.876785e+04; 8.063987e-01
1.667500e+01; 9.810000e+04; 7.987060e-01; 6.227680e+04; 8.393493e-01; 8.841098e+04; 8.067444e-01
1.668000e+01; 9.810000e+04; 7.988236e-01; 6.129416e+04; 8.399886e-01; 8.804609e+04; 8.070999e-01
1.668500e+01; 9.810000e+04; 7.989471e-01; 6.031245e+04; 8.406417e-01; 8.767310e+04; 8.074653e-01
1.669000e+01; 9.810000e+04; 7.990766e-01; 5.933160e+04; 8.413084e-01; 8.729193e+04; 8.078405e-01
1.669500e+01; 9.810000e+04; 7.992124e-01; 5.835152e+04; 8.419881e-01; 8.690251e+04; 8.082255e-01
1.670000e+01; 9.810000e+04; 7.993546e-01; 5.737213e+04; 8.426806e-01; 8.650480e+04; 8.086204e-01
1.670500e+01; 9.810000e+04; 7.995036e-01; 5.639333e+04; 8.433854e-01; 8.609873e+04; 8.090252e-01
1.671000e+01; 9.810000e+04; 7.996595e-01; 5.541505e+04; 8.441024e-01; 8.568425e+04; 8.094400e-01
1.671500e+01; 9.810000e+04; 7.998225e-01; 5.443719e+04; 8.448310e-01; 8.526131e+04; 8.098647e-01
1.672000e+01; 9.810000e+04; 7.999931e-01; 5.345970e+04; 8.455711e-01; 8.482986e+04; 8.102994e-01
1.672500e+01; 9.810000e+04; 8.001713e-01; 5.248247e+04; 8.463221e-01; 8.438985e+04; 8.107441e-01
1.673000e+01; 9.810000e+04; 8.003574e-01; 5.150547e+04; 8.470839e-01; 8.394124e+04; 8.111989e-01
1.673500e+01; 9.810000e+04; 8.005517e-01; 5.052861e+04; 8.478560e-01; 8.348397e+04; 8.116638e-01
1.674000e+01; 9.810000e+04; 8.007545e-01; 4.955183e+04; 8.486381e-01; 8.301801e+04; 8.121389e-01
1.674500e+01; 9.810000e+04; 8.009660e-01; 4.857509e+04; 8.494299e-01; 8.254329e+04; 8.126243e-01
1.675000e+01; 9.810000e+04; 8.011865e-01; 4.759833e+04; 8.502311e-01; 8.205978e+04; 8.131199e-01
1.675500e+01; 9.810000e+04; 8.014162e-01; 4.662149e+04; 8.510413e-01; 8.156743e+04; 8.136260e-01
1.676000e+01; 9.810000e+04; 8.016555e-01; 4.564455e+04; 8.518603e-01; 8.106620e+04; 8.141424e-01
1.676500e+01; 9.810000e+04; 8.019046e-01; 4.466745e+04; 8.526877e-01; 8.055605e+04; 8.146694e-01
1.677000e+01; 9.810000e+04; 8.021638e-01; 4.369017e+04; 8.535233e-01; 8.003696e+04; 8.152070e-01
1.677500e+01; 9.810000e+04; 8.024333e-01; 4.271266e+04; 8.543666e-01; 7.950890e+04; 8.157552e-01
1.678000e+01; 9.810000e+04; 8.027135e-01; 4.173491e+04; 8.552175e-01; 7.897185e+04; 8.163141e-01
1.678500e+01; 9.810000e+04; 8.030046e-01; 4.075687e+04; 8.560757e-01; 7.842581e+04; 8.168838e-01
1.679000e+01; 9.810000e+04; 8.033070e-01; 3.977854e+04; 8.569409e-01; 7.787079e+04; 8.174643e-01
1.679500e+01; 9.810000e+04; 8.036208e-01; 3.879987e+04; 8.578127e-01; 7.730681e+04; 8.180557e-01
1.680000e+01; 9.810000e+04; 8.039465e-01; 3.782087e+04; 8.586911e-01; 7.673391e+04; 8.186580e-01
1.680500e+01; 9.810000e+04; 8.042842e-01; 3.684149e+04; 8.595756e-01; 7.615213e+04; 8.192711e-01
1.681000e+01; 9.810000e+04; 8.046343e-01; 3.586175e+04; 8.604661e-01; 7.556154e+04; 8.198952e-01
1.681500e+01; 9.810000e+04; 8.049970e-01; 3.488161e+04; 8.613622e-01; 7.496223e+04; 8.205302e-01
1.682000e+01; 9.810000e+04; 8.053727e-01; 3.390107e+04; 8.622639e-01; 7.435430e+04; 8.211762e-01
1.682500e+01; 9.810000e+04; 8.057616e-01; 3.292012e+04; 8.631707e-01; 7.373787e+04; 8.218329e-01
1.683000e+01; 9.810000e+04; 8.061641e-01; 3.193876e+04; 8.640826e-01; 7.311307e+04; 8.225006e-01
1.683500e+01; 9.810000e+04; 8.065803e-01; 3.095697e+04; 8.649993e-01; 7.248005e+04; 8.231790e-01
1.684000e+01; 9.810000e+04; 8.070106e-01; 2.997477e+04; 8.659206e-01; 7.183899e+04; 8.238682e-01
1.684500e+01; 9.810000e+04; 8.074553e-01; 2.899214e+04; 8.668463e-01; 7.119007e+04; 8.245680e-01
1.685000e+01; 9.810000e+04; 8.079145e-01; 2.800909e+04; 8.677762e-01; 7.053347e+04; 8.252784e-01
1.685500e+01; 9.810000e+04; 8.083887e-01; 2.702563e+04; 8.687101e-01; 6.986940e+04; 8.259993e-01
1.686000e+01; 9.810000e+04; 8.088779e-01; 2.604175e+04; 8.696478e-01; 6.919809e+04; 8.267307e-01
1.686500e+01; 9.810000e+04; 8.093826e-01; 2.505746e+04; 8.705892e-01; 6.851975e+04; 8.274724e-01
1.687000e+01; 9.810000e+04; 8.099029e-01; 2.407278e+04; 8.715341e-01; 6.783461e+04; 8.282244e-01
1.687500e+01; 9.810000e+04; 8.104390e-01; 2.308771e+04; 8.724824e-01; 6.714291e+04; 8.289865e-01
1.688000e+01; 9.810000e+04; 8.109912e-01; 2.210226e+04; 8.734338e-01; 6.644490e+04; 8.297587e-01
1.688500e+01; 9.810000e+04; 8.115597e-01; 2.111645e+04; 8.743883e-01; 6.574081e+04; 8.305409e-01
1.689000e+01; 9.810000e+04; 8.121448e-01; 2.013029e+04; 8.753456e-01; 6.503090e+04; 8.313330e-01
1.689500e+01; 9.810000e+04; 8.127465e-01; 1.914380e+04; 8.763058e-01; 6.431541e+04; 8.321350e-01
1.690000e+01; 9.810000e+04; 8.133650e-01; 1.815700e+04; 8.772686e-01; 6.359459e+04; 8.329467e-01
1.690500e+01; 9.810000e+04; 8.140007e-01; 1.716990e+04; 8.782339e-01; 6.286869e+04; 8.337681e-01
1.691000e+01; 9.810000e+04; 8.146535e-01; 1.618253e+04; 8.792016e-01; 6.213795e+04; 8.345992e-01
1.691500e+01; 9.810000e+04; 8.153236e-01; 1.519490e+04; 8.801716e-01; 6.140263e+04; 8.354398e-01
1.692000e+01; 9.810000e+04; 8.160113e-01; 1.420705e+04; 8.811438e-01; 6.066297e+04; 8.362900e-01
1.692500e+01; 9.810000e+04; 8.167166e-01; 1.321900e+04; 8.821181e-01; 5.991922e+04; 8.371497e-01
1.693000e+01; 9.810000e+04; 8.174396e-01; 1.223077e+04; 8.830944e-01; 5.917162e+04; 8.380188e-01
1.693500e+01; 9.810000e+04; 8.181805e-01; 1.124240e+04; 8.840727e-01; 5.842042e+04; 8.388973e-01
1.694000e+01; 9.810000e+04; 8.189393e-01; 1.025390e+04; 8.850527e-01; 5.766588e+04; 8.397853e-01
1.694500e+01; 9.810000e+04; 8.197162e-01; 9.265320e+03; 8.860346e-01; 5.690824e+04; 8.406825e-01
1.695000e+01; 9.810000e+04; 8.205112e-01; 8.276683e+03; 8.870181e-01; 5.614775e+04; 8.415891e-01
1.695500e+01; 9.810000e+04; 8.213246e-01; 7.288023e+03; 8.880032e-01; 5.538465e+04; 8.425051e-01
1.696000e+01; 9.810000e+04; 8.221562e-01; 6.299378e+03; 8.889899e-01; 5.461922e+04; 8.434303e-01
1.696500e+01; 9.810000e+04; 8.230063e-01; 5.310784e+03; 8.899781e-01; 5.385169e+04; 8.443648e-01
1.697000e+01; 9.810000e+04; 8.238749e-01; 4.322279e+03; 8.909677e-01; 5.308232e+04; 8.453085e-01
1.697500e+01; 9.810000e+04; 8.247622e-01; 3.333904e+03; 8.919587e-01; 5.231138e+04; 8.462615e-01
1.698000e+01; 9.810000e+04; 8.256682e-01; 2.345701e+03; 8.929511e-01; 5.153912e+04; 8.472238e-01
1.698500e+01; 9.810000e+04; 8.265930e-01; 1.357713e+03; 8.939447e-01; 5.076581e+04; 8.481953e-01
1.699000e+01; 9.810000e+04; 8.275367e-01; 3.699874e+02; 8.949396e-01; 4.999171e+04; 8.491761e-01
1.699500e+01; 9.810000e+04; 8.284994e-01; -6.174303e+02; 8.959358e-01; 4.921708e+04; 8.501660e-01
1.700000e+01; 9.810000e+04; 8.294812e-01; -1.604489e+03; 8.969331e-01; 4.844218e+04; 8.511652e-01
1.700500e+01; 9.810000e+04; 8.304822e-01; -2.591138e+03; 8.979317e-01; 4.766730e+04; 8.521737e-01
1.701000e+01; 9.810000e+04; 8.315024e-01; -3.577322e+03; 8.989313e-01; 4.689269e+04; 8.531913e-01
1.701500e+01; 9.810000e+04; 8.325420e-01; -4.562986e+03; 8.999321e-01; 4.611862e+04; 8.542182e-01
1.702000e+01; 9.810000e+04; 8.336009e-01; -5.548071e+03; 9.009340e-01; 4.534536e+04; 8.552544e-01
1.702500e+01; 9.810000e+04; 8.346793e-01; -6.532516e+03; 9.019370e-01; 4.457318e+04; 8.562998e-01
1.703000e+01; 9.810000e+04; 8.357773e-01; -7.516256e+03; 9.029410e-01; 4.380234e+04; 8.573545e-01
1.703500e+01; 9.810000e+04; 8.368947e-01; -8.499227e+03; 9.039461e-01; 4.303313e+04; 8.584184e-01
1.704000e+01; 9.810000e+04; 8.380317e-01; -9.481356e+03; 9.049523e-01; 4.226579e+04; 8.594917e-01
1.704500e+01; 9.810000e+04; 8.391882e-01; -1.046257e+04; 9.059595e-01; 4.150059e+04; 8.605743e-01
1.705000e+01; 9.810000e+04; 8.403643e-01; -1.144280e+04; 9.069677e-01; 4.073780e+04; 8.616662e-01
1.705500e+01; 9.810000e+04; 8.415598e-01; -1.242197e+04; 9.079770e-01; 3.997768e+04; 8.627674e-01
1.706000e+01; 9.810000e+04; 8.427747e-01; -1.339998e+04; 9.089873e-01; 3.922049e+04; 8.638781e-01
1.706500e+01; 9.810000e+04; 8.440089e-01; -1.437676e+04; 9.099986e-01; 3.846648e+04; 8.649982e-01
1.707000e+01; 9.810000e+04; 8.452622e-01; -1.535221e+04; 9.110110e-01; 3.771590e+04; 8.661277e-01
1.707500e+01; 9.810000e+04; 8.465346e-01; -1.632625e+04; 9.120244e-01; 3.696901e+04; 8.672666e-01
1.708000e+01; 9.810000e+04; 8.478259e-01; -1.729877e+04; 9.130388e-01; 3.622605e+04; 8.684151e-01
1.708500e+01; 9.810000e+04; 8.491358e-01; -1.826968e+04; 9.140543e-01; 3.548727e+04; 8.695731e-01
1.709000e+01; 9.810000e+04; 8.504643e-01; -1.923887e+04; 9.150709e-01; 3.475289e+04; 8.707407e-01
1.709500e+01; 9.810000e+04; 8.518110e-01; -2.020622e+04; 9.160885e-01; 3.402317e+04; 8.719178e-01
1.710000e+01; 9.810000e+04; 8.531757e-01; -2.117163e+04; 9.171072e-01; 3.329832e+04; 8.731046e-01
1.710500e+01; 9.810000e+04; 8.545582e-01; -2.213498e+04; 9.181269e-01; 3.257856e+04; 8.743011e-01
1.711000e+01; 9.810000e+04; 8.559582e-01; -2.309613e+04; 9.191478e-01; 3.186412e+04; 8.755072e-01
1.711500e+01; 9.810000e+04; 8.573754e-01; -2.405497e+04; 9.201697e-01; 3.115521e+04; 8.767230e-01
1.712000e+01; 9.810000e+04; 8.588095e-01; -2.501136e+04; 9.211927e-01; 3.045203e+04; 8.779486e-01
1.712500e+01; 9.810000e+04; 8.602603e-01; -2.596516e+04; 9.222169e-01; 2.975479e+04; 8.791840e-01
1.713000e+01; 9.810000e+04; 8.617274e-01; -2.691622e+04; 9.232422e-01; 2.906367e+04; 8.804292e-01
1.713500e+01; 9.810000e+04; 8.632104e-01; -2.786440e+04; 9.242686e-01; 2.837887e+04; 8.816842e-01
1.714000e+01; 9.810000e+04; 8.647092e-01; -2.880954e+04; 9.252962e-01; 2.770055e+04; 8.829490e-01
1.714500e+01; 9.810000e+04; 8.662234e-01; -2.975148e+04; 9.263249e-01; 2.702891e+04; 8.842238e-01
1.715000e+01; 9.810000e+04; 8.677527e-01; -3.069004e+04; 9.273548e-01; 2.636409e+04; 8.855084e-01
1.715500e+01; 9.810000e+04; 8.692967e-01; -3.162507e+04; 9.283858e-01; 2.570625e+04; 8.868029e-01
1.716000e+01; 9.810000e+04; 8.708552e-01; -3.255637e+04; 9.294180e-01; 2.505556e+04; 8.881073e-01
1.716500e+01; 9.810000e+04; 8.724280e-01; -3.348377e+04; 9.304514e-01; 2.441216e+04; 8.894216e-01
1.717000e+01; 9.810000e+04; 8.740145e-01; -3.440708e+04; 9.314860e-01; 2.377617e+04; 8.907459e-01
1.717500e+01; 9.810000e+04; 8.756147e-01; -3.532609e+04; 9.325218e-01; 2.314775e+04; 8.920801e-01
1.718000e+01; 9.810000e+04; 8.772281e-01; -3.624060e+04; 9.335588e-01; 2.252701e+04; 8.934243e-01
1.718500e+01; 9.810000e+04; 8.788546e-01; -3.715040e+04; 9.345969e-01; 2.191408e+04; 8.947784e-01
1.719000e+01; 9.810000e+04; 8.804938e-01; -3.805528e+04; 9.356362e-01; 2.130908e+04; 8.961424e-01
1.719500e+01; 9.810000e+04; 8.821454e-01; -3.895502e+04; 9.366768e-01; 2.071211e+04; 8.975164e-01
1.720000e+01; 9.810000e+04; 8.838091e-01; -3.984938e+04; 9.377185e-01; 2.012329e+04; 8.989004e-01
1.720500e+01; 9.810000e+04; 8.854848e-01; -4.073814e+04; 9.387613e-01; 1.954272e+04; 9.002943e-01
1.721000e+01; 9.810000e+04; 8.871720e-01; -4.162104e+04; 9.398054e-01; 1.897050e+04; 9.016981e-01
1.721500e+01; 9.810000e+04; 8.888706e-01; -4.249785e+04; 9.408505e-01; 1.840674e+04; 9.031119e-01
1.722000e+01; 9.810000e+04; 8.905802e-01; -4.336831e+04; 9.418969e-01; 1.785153e+04; 9.045357e-01
1.722500e+01; 9.810000e+04; 8.923006e-01; -4.423216e+04; 9.429443e-01; 1.730496e+04; 9.059694e-01
1.723000e+01; 9.810000e+04; 8.940316e-01; -4.508913e+04; 9.439929e-01; 1.676713e+04; 9.074131e-01
1.723500e+01; 9.810000e+04; 8.957727e-01; -4.593896e+04; 9.450425e-01; 1.623812e+04; 9.088667e-01
1.724000e+01; 9.810000e+04; 8.975239e-01; -4.678137e+04; 9.460933e-01; 1.571803e+04; 9.103302e-01
1.724500e+01; 9.810000e+04; 8.992848e-01; -4.761607e+04; 9.471450e-01; 1.520693e+04; 9.118038e-01
1.725000e+01; 9.810000e+04; 9.010551e-01; -4.844278e+04; 9.481978e-01; 1.470491e+04; 9.132872e-01
1.725500e+01; 9.810000e+04; 9.028346e-01; -4.926121e+04; 9.492516e-01; 1.421204e+04; 9.147806e-01
1.726000e+01; 9.810000e+04; 9.046230e-01; -5.007105e+04; 9.503063e-01; 1.372841e+04; 9.162839e-01
1.726500e+01; 9.810000e+04; 9.064202e-01; -5.087201e+04; 9.513620e-01; 1.325407e+04; 9.177971e-01
1.727000e+01; 9.810000e+04; 9.082257e-01; -5.166378e+04; 9.524186e-01; 1.278909e+04; 9.193202e-01
1.727500e+01; 9.810000e+04; 9.100393e-01; -5.244605e+04; 9.534760e-01; 1.233353e+04; 9.208532e-01
1.728000e+01; 9.810000e+04; 9.118609e-01; -5.321850e+04; 9.545342e-01; 1.188745e+04; 9.223960e-01
1.728500e+01; 9.810000e+04; 9.136901e-01; -5.398083e+04; 9.555932e-01; 1.145090e+04; 9.239487e-01
1.729000e+01; 9.810000e+04; 9.155267e-01; -5.473269e+04; 9.566530e-01; 1.102390e+04; 9.255110e-01
1.729500e+01; 9.810000e+04; 9.173705e-01; -5.547378e+04; 9.577134e-01; 1.060650e+04; 9.270831e-01
1.730000e+01; 9.810000e+04; 9.192212e-01; -5.620377e+04; 9.587745e-01; 1.019872e+04; 9.286648e-01
1.730500e+01; 9.810000e+04; 9.210786e-01; -5.692232e+04; 9.598361e-01; 9.800566e+03; 9.302561e-01
1.731000e+01; 9.810000e+04; 9.229425e-01; -5.762910e+04; 9.608983e-01; 9.412055e+03; 9.318569e-01
1.731500e+01; 9.810000e+04; 9.248126e-01; -5.832380e+04; 9.619609e-01; 9.033183e+03; 9.334670e-01
1.732000e+01; 9.810000e+04; 9.266887e-01; -5.900606e+04; 9.630239e-01; 8.663940e+03; 9.350865e-01
1.732500e+01; 9.810000e+04; 9.285705e-01; -5.967557e+04; 9.640873e-01; 8.304306e+03; 9.367151e-01
1.733000e+01; 9.810000e+04; 9.304580e-01; -6.033198e+04; 9.651510e-01; 7.954256e+03; 9.383528e-01
1.733500e+01; 9.810000e+04; 9.323508e-01; -6.097497e+04; 9.662149e-01; 7.613754e+03; 9.399994e-01
1.734000e+01; 9.810000e+04; 9.342488e-01; -6.160420e+04; 9.672790e-01; 7.282758e+03; 9.416547e-01
1.734500e+01; 9.810000e+04; 9.361517e-01; -6.221934e+04; 9.683431e-01; 6.961221e+03; 9.433186e-01
1.735000e+01; 9.810000e+04; 9.380594e-01; -6.282008e+04; 9.694073e-01; 6.649087e+03; 9.449910e-01
1.735500e+01; 9.810000e+04; 9.399716e-01; -6.340607e+04; 9.704713e-01; 6.346298e+03; 9.466716e-01
1.736000e+01; 9.810000e+04; 9.418883e-01; -6.397701e+04; 9.715352e-01; 6.052789e+03; 9.483604e-01
1.736500e+01; 9.810000e+04; 9.438091e-01; -6.453257e+04; 9.725989e-01; 5.768494e+03; 9.500570e-01
1.737000e+01; 9.810000e+04; 9.457340e-01; -6.507243e+04; 9.736623e-01; 5.493342e+03; 9.517613e-01
1.737500e+01; 9.810000e+04; 9.476628e-01; -6.559630e+04; 9.747252e-01; 5.227263e+03; 9.534731e-01
1.738000e+01; 9.810000e+04; 9.495952e-01; -6.610386e+04; 9.757877e-01; 4.970183e+03; 9.551921e-01
1.738500e+01; 9.810000e+04; 9.515312e-01; -6.659481e+04; 9.768496e-01; 4.722032e+03; 9.569182e-01
1.739000e+01; 9.810000e+04; 9.534706e-01; -6.706887e+04; 9.779108e-01; 4.482737e+03; 9.586512e-01
1.739500e+01; 9.810000e+04; 9.554132e-01; -6.752575e+04; 9.789712e-01; 4.252230e+03; 9.603907e-01
1.740000e+01; 9.810000e+04; 9.573588e-01; -6.796517e+04; 9.800307e-01; 4.030442e+03; 9.621366e-01
1.740500e+01; 9.810000e+04; 9.593074e-01; -6.838686e+04; 9.810893e-01; 3.817309e+03; 9.638887e-01
1.741000e+01; 9.810000e+04; 9.612588e-01; -6.879056e+04; 9.821468e-01; 3.612770e+03; 9.656467e-01
1.741500e+01; 9.810000e+04; 9.632128e-01; -6.917601e+04; 9.832031e-01; 3.416768e+03; 9.674103e-01
1.742000e+01; 9.810000e+04; 9.651694e-01; -6.954297e+04; 9.842583e-01; 3.229248e+03; 9.691794e-01
1.742500e+01; 9.810000e+04; 9.671284e-01; -6.989122e+04; 9.853121e-01; 3.050163e+03; 9.709537e-01
1.743000e+01; 9.810000e+04; 9.690896e-01; -7.022051e+04; 9.863644e-01; 2.879467e+03; 9.727329e-01
1.743500e+01; 9.810000e+04; 9.710530e-01; -7.053065e+04; 9.874153e-01; 2.717122e+03; 9.745167e-01
1.744000e+01; 9.810000e+04; 9.730185e-01; -7.082143e+04; 9.884646e-01; 2.563093e+03; 9.763051e-01
1.744500e+01; 9.810000e+04; 9.749858e-01; -7.109265e+04; 9.895123e-01; 2.417350e+03; 9.780975e-01
1.745000e+01; 9.810000e+04; 9.769550e-01; -7.134415e+04; 9.905582e-01; 2.279869e+03; 9.798939e-01
1.745500e+01; 9.810000e+04; 9.789259e-01; -7.157575e+04; 9.916025e-01; 2.150630e+03; 9.816940e-01
1.746000e+01; 9.810000e+04; 9.808985e-01; -7.178730e+04; 9.926449e-01; 2.029619e+03; 9.834974e-01
1.746500e+01; 9.810000e+04; 9.828725e-01; -7.197866e+04; 9.936855e-01; 1.916826e+03; 9.853040e-01
1.747000e+01; 9.810000e+04; 9.848479e-01; -7.214971e+04; 9.947242e-01; 1.812245e+03; 9.871134e-01
1.747500e+01; 9.810000e+04; 9.868247e-01; -7.230032e+04; 9.957611e-01; 1.715878e+03; 9.889254e-01
1.748000e+01; 9.810000e+04; 9.888027e-01; -7.243041e+04; 9.967960e-01; 1.627729e+03; 9.907397e-01
1.748500e+01; 9.810000e+04; 9.907818e-01; -7.253987e+04; 9.978291e-01; 1.547807e+03; 9.925561e-01
1.749000e+01; 9.810000e+04; 9.927619e-01; -7.262865e+04; 9.988603e-01; 1.476127e+03; 9.943741e-01
1.749500e+01; 9.810000e+04; 9.947430e-01; -7.273015e+04; 9.999385e-01; 1.412706e+03; 9.961937e-01
1.750000e+01; 9.810000e+04; 9.967249e-01; -7.275998e+04; 1.000912e+00; 1.357569e+03; 9.980144e-01
1.750500e+01; 9.810000e+04; 9.987077e-01; -7.277860e+04; 1.001966e+00; 1.310743e+03; 9.998360e-01
1.751000e+01; 9.810000e+04; 1.000691e+00; -7.277520e+04; 1.002947e+00; 1.272260e+03; 1.001658e+00
1.751500e+01; 9.810000e+04; 1.002675e+00; -7.274440e+04; 1.003984e+00; 1.242157e+03; 1.003481e+00
1.752000e+01; 9.810000e+04; 1.004660e+00; -7.270609e+04; 1.004978e+00; 1.220475e+03; 1.005303e+00
1.752500e+01; 9.810000e+04; 1.006645e+00; -7.264728e+04; 1.006020e+00; 1.207259e+03; 1.007125e+00
1.753000e+01; 9.810000e+04; 1.008630e+00; -7.256251e+04; 1.007003e+00; 1.202559e+03; 1.008947e+00
1.753500e+01; 9.810000e+04; 1.010616e+00; -7.245503e+04; 1.008035e+00; 1.206428e+03; 1.010767e+00
1.754000e+01; 9.810000e+04; 1.012601e+00; -7.237290e+04; 1.009081e+00; 1.218925e+03; 1.012587e+00
1.754500e+01; 9.810000e+04; 1.014587e+00; -7.223371e+04; 1.010085e+00; 1.240113e+03; 1.014405e+00
1.755000e+01; 9.810000e+04; 1.016573e+00; -7.207342e+04; 1.011102e+00; 1.270056e+03; 1.016221e+00
1.755500e+01; 9.810000e+04; 1.018559e+00; -7.189337e+04; 1.012109e+00; 1.308827e+03; 1.018035e+00
1.756000e+01; 9.810000e+04; 1.020544e+00; -7.169284e+04; 1.013120e+00; 1.356497e+03; 1.019846e+00
1.756500e+01; 9.810000e+04; 1.022530e+00; -7.147246e+04; 1.014126e+00; 1.413146e+03; 1.021655e+00
1.757000e+01; 9.810000e+04; 1.024515e+00; -7.123204e+04; 1.015134e+00; 1.478855e+03; 1.023461e+00
1.757500e+01; 9.810000e+04; 1.026499e+00; -7.097199e+04; 1.016138e+00; 1.553709e+03; 1.025264e+00
1.758000e+01; 9.810000e+04; 1.028483e+00; -7.069228e+04; 1.017143e+00; 1.637795e+03; 1.027062e+00
1.758500e+01; 9.810000e+04; 1.030466e+00; -7.039329e+04; 1.018146e+00; 1.731206e+03; 1.028857e+00
1.759000e+01; 9.810000e+04; 1.032449e+00; -7.007505e+04; 1.019149e+00; 1.834036e+03; 1.030648e+00
1.759500e+01; 9.810000e+04; 1.034430e+00; -6.973791e+04; 1.020149e+00; 1.946381e+03; 1.032434e+00
1.760000e+01; 9.810000e+04; 1.036411e+00; -6.938198e+04; 1.021150e+00; 2.068340e+03; 1.034216e+00
1.760500e+01; 9.810000e+04; 1.038391e+00; -6.900759e+04; 1.022149e+00; 2.200017e+03; 1.035992e+00
1.761000e+01; 9.810000e+04; 1.040369e+00; -6.861489e+04; 1.023147e+00; 2.341514e+03; 1.037763e+00
1.761500e+01; 9.810000e+04; 1.042346e+00; -6.820422e+04; 1.024144e+00; 2.492936e+03; 1.039528e+00
1.762000e+01; 9.810000e+04; 1.044321e+00; -6.777574e+04; 1.025140e+00; 2.654390e+03; 1.041287e+00
1.762500e+01; 9.810000e+04; 1.046295e+00; -6.732982e+04; 1.026135e+00; 2.825983e+03; 1.043040e+00
1.763000e+01; 9.810000e+04; 1.048267e+00; -6.686664e+04; 1.027129e+00; 3.007823e+03; 1.044786e+00
1.763500e+01; 9.810000e+04; 1.050237e+00; -6.638656e+04; 1.028122e+00; 3.200018e+03; 1.046525e+00
1.764000e+01; 9.810000e+04; 1.052205e+00; -6.588980e+04; 1.029114e+00; 3.402675e+03; 1.048258e+00
1.764500e+01; 9.810000e+04; 1.054171e+00; -6.537673e+04; 1.030105e+00; 3.615900e+03; 1.049983e+00
1.765000e+01; 9.810000e+04; 1.056134e+00; -6.484757e+04; 1.031096e+00; 3.839798e+03; 1.051701e+00
1.765500e+01; 9.810000e+04; 1.058095e+00; -6.430269e+04; 1.032085e+00; 4.074473e+03; 1.053410e+00
1.766000e+01; 9.810000e+04; 1.060053e+00; -6.374234e+04; 1.033074e+00; 4.320022e+03; 1.055112e+00
1.766500e+01; 9.810000e+04; 1.062008e+00; -6.316690e+04; 1.034061e+00; 4.576542e+03; 1.056806e+00
1.767000e+01; 9.810000e+04; 1.063960e+00; -6.257662e+04; 1.035048e+00; 4.844124e+03; 1.058490e+00
1.767500e+01; 9.810000e+04; 1.065909e+00; -6.197189e+04; 1.036034e+00; 5.122852e+03; 1.060167e+00
1.768000e+01; 9.810000e+04; 1.067854e+00; -6.135295e+04; 1.037020e+00; 5.412804e+03; 1.061834e+00
1.768500e+01; 9.810000e+04; 1.069796e+00; -6.072021e+04; 1.038004e+00; 5.714052e+03; 1.063492e+00
1.769000e+01; 9.810000e+04; 1.071733e+00; -6.007392e+04; 1.038988e+00; 6.026660e+03; 1.065141e+00
1.769500e+01; 9.810000e+04; 1.073666e+00; -5.941446e+04; 1.039971e+00; 6.350685e+03; 1.066780e+00
1.770000e+01; 9.810000e+04; 1.075595e+00; -5.874212e+04; 1.040954e+00; 6.686183e+03; 1.068410e+00
1.770500e+01; 9.810000e+04; 1.077519e+00; -5.805727e+04; 1.041936e+00; 7.033207e+03; 1.070030e+00
1.771000e+01; 9.810000e+04; 1.079439e+00; -5.736018e+04; 1.042918e+00; 7.391816e+03; 1.071640e+00
1.771500e+01; 9.810000e+04; 1.081353e+00; -5.665123e+04; 1.043898e+00; 7.762072e+03; 1.073239e+00
1.772000e+01; 9.810000e+04; 1.083261e+00; -5.593070e+04; 1.044879e+00; 8.144046e+03; 1.074829e+00
1.772500e+01; 9.810000e+04; 1.085164e+00; -5.519895e+04; 1.045859e+00; 8.537811e+03; 1.076408e+00
1.773000e+01; 9.810000e+04; 1.087061e+00; -5.445626e+04; 1.046840e+00; 8.943438e+03; 1.077976e+00
1.773500e+01; 9.810000e+04; 1.088952e+00; -5.370300e+04; 1.047819e+00; 9.360986e+03; 1.079534e+00
1.774000e+01; 9.810000e+04; 1.090836e+00; -5.293943e+04; 1.048799e+00; 9.790484e+03; 1.081081e+00
1.774500e+01; 9.810000e+04; 1.092713e+00; -5.216591e+04; 1.049778e+00; 1.023192e+04; 1.082617e+00
1.775000e+01; 9.810000e+04; 1.094583e+00; -5.138270e+04; 1.050758e+00; 1.068525e+04; 1.084141e+00
1.775500e+01; 9.810000e+04; 1.096446e+00; -5.059015e+04; 1.051737e+00; 1.115036e+04; 1.085655e+00
1.776000e+01; 9.810000e+04; 1.098301e+00; -4.978853e+04; 1.052716e+00; 1.162709e+04; 1.087158e+00
1.776500e+01; 9.810000e+04; 1.100147e+00; -4.897816e+04; 1.053695e+00; 1.211527e+04; 1.088650e+00
1.777000e+01; 9.810000e+04; 1.101985e+00; -4.815930e+04; 1.054675e+00; 1.261470e+04; 1.090131e+00
1.777500e+01; 9.810000e+04; 1.103814e+00; -4.733227e+04; 1.055654e+00; 1.312519e+04; 1.091602e+00
1.778000e+01; 9.810000e+04; 1.105634e+00; -4.649732e+04; 1.056634e+00; 1.364659e+04; 1.093063e+00
1.778500e+01; 9.810000e+04; 1.107445e+00; -4.565476e+04; 1.057613e+00; 1.417877e+04; 1.094512e+00
1.779000e+01; 9.810000e+04; 1.109245e+00; -4.480482e+04; 1.058593e+00; 1.472166e+04; 1.095952e+00
1.779500e+01; 9.810000e+04; 1.111036e+00; -4.394781e+04; 1.059573e+00; 1.527520e+04; 1.097380e+00
1.780000e+01; 9.810000e+04; 1.112816e+00; -4.308394e+04; 1.060553e+00; 1.583935e+04; 1.098798e+00
1.780500e+01; 9.810000e+04; 1.114584e+00; -4.221351e+04; 1.061534e+00; 1.641410e+04; 1.100206e+00
1.781000e+01; 9.810000e+04; 1.116342e+00; -4.133674e+04; 1.062514e+00; 1.699940e+04; 1.101602e+00
1.781500e+01; 9.810000e+04; 1.118087e+00; -4.045388e+04; 1.063495e+00; 1.759519e+04; 1.102988e+00
1.782000e+01; 9.810000e+04; 1.119821e+00; -3.956515e+04; 1.064477e+00; 1.820138e+04; 1.104363e+00
1.782500e+01; 9.810000e+04; 1.121542e+00; -3.867080e+04; 1.065458e+00; 1.881785e+04; 1.105727e+00
1.783000e+01; 9.810000e+04; 1.123250e+00; -3.777103e+04; 1.066440e+00; 1.944446e+04; 1.107081e+00
1.783500e+01; 9.810000e+04; 1.124945e+00; -3.686608e+04; 1.067422e+00; 2.008104e+04; 1.108424e+00
1.784000e+01; 9.810000e+04; 1.126626e+00; -3.595614e+04; 1.068405e+00; 2.072741e+04; 1.109756e+00
1.784500e+01; 9.810000e+04; 1.128293e+00; -3.504142e+04; 1.069388e+00; 2.138338e+04; 1.111078e+00
1.785000e+01; 9.810000e+04; 1.129946e+00; -3.412211e+04; 1.070371e+00; 2.204874e+04; 1.112390e+00
1.785500e+01; 9.810000e+04; 1.131584e+00; -3.319841e+04; 1.071354e+00; 2.272331e+04; 1.113691e+00
1.786000e+01; 9.810000e+04; 1.133206e+00; -3.227049e+04; 1.072338e+00; 2.340686e+04; 1.114982e+00
1.786500e+01; 9.810000e+04; 1.134814e+00; -3.133855e+04; 1.073322e+00; 2.409921e+04; 1.116263e+00
1.787000e+01; 9.810000e+04; 1.136405e+00; -3.040273e+04; 1.074307e+00; 2.480014e+04; 1.117533e+00
1.787500e+01; 9.810000e+04; 1.137979e+00; -2.946322e+04; 1.075292e+00; 2.550944e+04; 1.118794e+00
1.788000e+01; 9.810000e+04; 1.139537e+00; -2.852015e+04; 1.076277e+00; 2.622689e+04; 1.120045e+00
1.788500e+01; 9.810000e+04; 1.141078e+00; -2.757371e+04; 1.077262e+00; 2.695227e+04; 1.121286e+00
1.789000e+01; 9.810000e+04; 1.142602e+00; -2.662401e+04; 1.078247e+00; 2.768536e+04; 1.122517e+00
1.789500e+01; 9.810000e+04; 1.144108e+00; -2.567121e+04; 1.079233e+00; 2.842591e+04; 1.123738e+00
1.790000e+01; 9.810000e+04; 1.145595e+00; -2.471543e+04; 1.080219e+00; 2.917370e+04; 1.124950e+00
1.790500e+01; 9.810000e+04; 1.147064e+00; -2.375682e+04; 1.081206e+00; 2.992848e+04; 1.126152e+00
1.791000e+01; 9.810000e+04; 1.148515e+00; -2.279548e+04; 1.082192e+00; 3.068999e+04; 1.127344e+00
1.791500e+01; 9.810000e+04; 1.149946e+00; -2.183153e+04; 1.083179e+00; 3.145798e+04; 1.128527e+00
1.792000e+01; 9.810000e+04; 1.151358e+00; -2.086509e+04; 1.084165e+00; 3.223217e+04; 1.129701e+00
1.792500e+01; 9.810000e+04; 1.152750e+00; -1.989626e+04; 1.085152e+00; 3.301231e+04; 1.130865e+00
1.793000e+01; 9.810000e+04; 1.154122e+00; -1.892514e+04; 1.086139e+00; 3.379810e+04; 1.132021e+00
1.793500e+01; 9.810000e+04; 1.155474e+00; -1.795183e+04; 1.087126e+00; 3.458928e+04; 1.133167e+00
1.794000e+01; 9.810000e+04; 1.156805e+00; -1.697641e+04; 1.088113e+00; 3.538554e+04; 1.134304e+00
1.794500e+01; 9.810000e+04; 1.158116e+00; -1.599898e+04; 1.089100e+00; 3.618660e+04; 1.135432e+00
1.795000e+01; 9.810000e+04; 1.159405e+00; -1.501961e+04; 1.090087e+00; 3.699217e+04; 1.136551e+00
1.795500e+01; 9.810000e+04; 1.160674e+00; -1.403837e+04; 1.091074e+00; 3.780193e+04; 1.137661e+00
1.796000e+01; 9.810000e+04; 1.161920e+00; -1.305534e+04; 1.092061e+00; 3.861557e+04; 1.138762e+00
1.796500e+01; 9.810000e+04; 1.163146e+00; -1.207059e+04; 1.093048e+00; 3.943280e+04; 1.139855e+00
1.797000e+01; 9.810000e+04; 1.164349e+00; -1.108417e+04; 1.094034e+00; 4.025329e+04; 1.140938e+00
1.797500e+01; 9.810000e+04; 1.165531e+00; -1.009615e+04; 1.095021e+00; 4.107673e+04; 1.142014e+00
1.798000e+01; 9.810000e+04; 1.166690e+00; -9.106582e+03; 1.096007e+00; 4.190280e+04; 1.143080e+00
1.798500e+01; 9.810000e+04; 1.167827e+00; -8.115513e+03; 1.096992e+00; 4.273118e+04; 1.144138e+00
1.799000e+01; 9.810000e+04; 1.168942e+00; -7.122987e+03; 1.097978e+00; 4.356153e+04; 1.145187e+00
1.799500e+01; 9.810000e+04; 1.170035e+00; -6.129054e+03; 1.098962e+00; 4.439355e+04; 1.146228e+00
1.800000e+01; 9.810000e+04; 1.171106e+00; -5.133747e+03; 1.099947e+00; 4.522689e+04; 1.147260e+00
1.800500e+01; 9.810000e+04; 1.172154e+00; -4.137108e+03; 1.100931e+00; 4.606123e+04; 1.148283e+00
1.801000e+01; 9.810000e+04; 1.173181e+00; -3.139165e+03; 1.101914e+00; 4.689625e+04; 1.149299e+00
1.801500e+01; 9.810000e+04; 1.174185e+00; -2.139953e+03; 1.102896e+00; 4.773162e+04; 1.150305e+00
1.802000e+01; 9.810000e+04; 1.175167e+00; -1.139494e+03; 1.103878e+00; 4.856700e+04; 1.151303e+00
1.802500e+01; 9.810000e+04; 1.176128e+00; -1.378164e+02; 1.104859e+00; 4.940208e+04; 1.152293e+00
1.803000e+01; 9.810000e+04; 1.177067e+00; 8.650615e+02; 1.105839e+00; 5.023651e+04; 1.153274e+00
1.803500e+01; 9.810000e+04; 1.177984e+00; 1.869117e+03; 1.106819e+00; 5.106999e+04; 1.154246e+00
1.804000e+01; 9.810000e+04; 1.178880e+00; 2.874337e+03; 1.107797e+00; 5.190218e+04; 1.155210e+00
1.804500e+01; 9.810000e+04; 1.179754e+00; 3.880704e+03; 1.108774e+00; 5.273275e+04; 1.156165e+00
1.805000e+01; 9.810000e+04; 1.180607e+00; 4.888208e+03; 1.109750e+00; 5.356140e+04; 1.157111e+00
1.805500e+01; 9.810000e+04; 1.181439e+00; 5.896835e+03; 1.110725e+00; 5.438779e+04; 1.158049e+00
1.806000e+01; 9.810000e+04; 1.182250e+00; 6.906582e+03; 1.111698e+00; 5.521162e+04; 1.158978e+00
1.806500e+01; 9.810000e+04; 1.183040e+00; 7.917436e+03; 1.112670e+00; 5.603256e+04; 1.159898e+00
1.807000e+01; 9.810000e+04; 1.183809e+00; 8.929396e+03; 1.113640e+00; 5.685031e+04; 1.160810e+00
1.807500e+01; 9.810000e+04; 1.184558e+00; 9.942456e+03; 1.114609e+00; 5.766456e+04; 1.161712e+00
1.808000e+01; 9.810000e+04; 1.185286e+00; 1.095661e+04; 1.115576e+00; 5.847500e+04; 1.162605e+00
1.808500e+01; 9.810000e+04; 1.185993e+00; 1.197187e+04; 1.116541e+00; 5.928134e+04; 1.163489e+00
1.809000e+01; 9.810000e+04; 1.186681e+00; 1.298822e+04; 1.117504e+00; 6.008327e+04; 1.164364e+00
1.809500e+01; 9.810000e+04; 1.187349e+00; 1.400567e+04; 1.118465e+00; 6.088050e+04; 1.165230e+00
1.810000e+01; 9.810000e+04; 1.187997e+00; 1.502421e+04; 1.119424e+00; 6.167274e+04; 1.166086e+00
1.810500e+01; 9.810000e+04; 1.188626e+00; 1.604386e+04; 1.120380e+00; 6.245971e+04; 1.166932e+00
1.811000e+01; 9.810000e+04; 1.189236e+00; 1.706460e+04; 1.121334e+00; 6.324113e+04; 1.167770e+00
1.811500e+01; 9.810000e+04; 1.189826e+00; 1.808645e+04; 1.122286e+00; 6.401672e+04; 1.168597e+00
1.812000e+01; 9.810000e+04; 1.190399e+00; 1.910941e+04; 1.123235e+00; 6.478622e+04; 1.169415e+00
1.812500e+01; 9.810000e+04; 1.190952e+00; 2.013348e+04; 1.124180e+00; 6.554937e+04; 1.170223e+00
1.813000e+01; 9.810000e+04; 1.191488e+00; 2.115867e+04; 1.125123e+00; 6.630591e+04; 1.171020e+00
1.813500e+01; 9.810000e+04; 1.192007e+00; 2.218497e+04; 1.126063e+00; 6.705558e+04; 1.171808e+00
1.814000e+01; 9.810000e+04; 1.192507e+00; 2.321239e+04; 1.126999e+00; 6.779816e+04; 1.172585e+00
1.814500e+01; 9.810000e+04; 1.192991e+00; 2.424093e+04; 1.127932e+00; 6.853339e+04; 1.173353e+00
1.815000e+01; 9.810000e+04; 1.193458e+00; 2.527060e+04; 1.128861e+00; 6.926106e+04; 1.174109e+00
1.815500e+01; 9.810000e+04; 1.193909e+00; 2.630139e+04; 1.129786e+00; 6.998095e+04; 1.174855e+00
1.816000e+01; 9.810000e+04; 1.194343e+00; 2.733331e+04; 1.130707e+00; 7.069283e+04; 1.175591e+00
1.816500e+01; 9.810000e+04; 1.194762e+00; 2.836636e+04; 1.131624e+00; 7.139652e+04; 1.176316e+00
1.817000e+01; 9.810000e+04; 1.195165e+00; 2.940053e+04; 1.132536e+00; 7.209182e+04; 1.177030e+00
1.817500e+01; 9.810000e+04; 1.195553e+00; 3.043583e+04; 1.133444e+00; 7.277853e+04; 1.177733e+00
1.818000e+01; 9.810000e+04; 1.195926e+00; 3.147224e+04; 1.134347e+00; 7.345648e+04; 1.178424e+00
1.818500e+01; 9.810000e+04; 1.196285e+00; 3.250978e+04; 1.135245e+00; 7.412552e+04; 1.179105e+00
1.819000e+01; 9.810000e+04; 1.196629e+00; 3.354842e+04; 1.136137e+00; 7.478547e+04; 1.179775e+00
1.819500e+01; 9.810000e+04; 1.196960e+00; 3.458816e+04; 1.137024e+00; 7.543619e+04; 1.180433e+00
1.820000e+01; 9.810000e+04; 1.197278e+00; 3.562900e+04; 1.137906e+00; 7.607755e+04; 1.181079e+00
1.820500e+01; 9.810000e+04; 1.197583e+00; 3.667093e+04; 1.138781e+00; 7.670942e+04; 1.181715e+00
1.821000e+01; 9.810000e+04; 1.197875e+00; 3.771393e+04; 1.139650e+00; 7.733169e+04; 1.182338e+00
1.821500e+01; 9.810000e+04; 1.198154e+00; 3.875798e+04; 1.140513e+00; 7.794427e+04; 1.182950e+00
1.822000e+01; 9.810000e+04; 1.198422e+00; 3.980309e+04; 1.141369e+00; 7.854706e+04; 1.183550e+00
1.822500e+01; 9.810000e+04; 1.198678e+00; 4.084922e+04; 1.142218e+00; 7.914000e+04; 1.184139e+00
1.823000e+01; 9.810000e+04; 1.198923e+00; 4.189636e+04; 1.143060e+00; 7.972302e+04; 1.184715e+00
1.823500e+01; 9.810000e+04; 1.199156e+00; 4.294448e+04; 1.143894e+00; 8.029609e+04; 1.185280e+00
1.824000e+01; 9.810000e+04; 1.199380e+00; 4.399357e+04; 1.144721e+00; 8.085917e+04; 1.185833e+00
1.824500e+01; 9.810000e+04; 1.199593e+00; 4.504361e+04; 1.145539e+00; 8.141224e+04; 1.186374e+00
1.825000e+01; 9.810000e+04; 1.199796e+00; 4.609455e+04; 1.146350e+00; 8.195532e+04; 1.186903e+00
1.825500e+01; 9.810000e+04; 1.199990e+00; 4.714638e+04; 1.147152e+00; 8.248840e+04; 1.187420e+00
1.826000e+01; 9.810000e+04; 1.200174e+00; 4.819906e+04; 1.147944e+00; 8.301151e+04; 1.187925e+00
1.826500e+01; 9.810000e+04; 1.200350e+00; 4.925257e+04; 1.148728e+00; 8.352469e+04; 1.188418e+00
1.827000e+01; 9.810000e+04; 1.200517e+00; 5.030686e+04; 1.149503e+00; 8.402798e+04; 1.188900e+00
1.827500e+01; 9.810000e+04; 1.200676e+00; 5.136189e+04; 1.150267e+00; 8.452144e+04; 1.189369e+00
1.828000e+01; 9.810000e+04; 1.200827e+00; 5.241764e+04; 1.151022e+00; 8.500513e+04; 1.189827e+00
1.828500e+01; 9.810000e+04; 1.200970e+00; 5.347404e+04; 1.151766e+00; 8.547912e+04; 1.190273e+00
1.829000e+01; 9.810000e+04; 1.201106e+00; 5.453107e+04; 1.152499e+00; 8.594350e+04; 1.190707e+00
1.829500e+01; 9.810000e+04; 1.201235e+00; 5.558867e+04; 1.153222e+00; 8.639834e+04; 1.191129e+00
1.830000e+01; 9.810000e+04; 1.201357e+00; 5.664680e+04; 1.153933e+00; 8.684374e+04; 1.191539e+00
1.830500e+01; 9.810000e+04; 1.201473e+00; 5.770540e+04; 1.154633e+00; 8.727980e+04; 1.191938e+00
1.831000e+01; 9.810000e+04; 1.201582e+00; 5.876442e+04; 1.155320e+00; 8.770663e+04; 1.192324e+00
1.831500e+01; 9.810000e+04; 1.201685e+00; 5.982381e+04; 1.155996e+00; 8.812434e+04; 1.192699e+00
1.832000e+01; 9.810000e+04; 1.201783e+00; 6.088350e+04; 1.156659e+00; 8.853305e+04; 1.193063e+00
1.832500e+01; 9.810000e+04; 1.201875e+00; 6.194344e+04; 1.157309e+00; 8.893289e+04; 1.193415e+00
1.833000e+01; 9.810000e+04; 1.201962e+00; 6.300357e+04; 1.157946e+00; 8.932401e+04; 1.193755e+00
1.833500e+01; 9.810000e+04; 1.202044e+00; 6.406382e+04; 1.158570e+00; 8.970654e+04; 1.194084e+00
1.834000e+01; 9.810000e+04; 1.202120e+00; 6.512413e+04; 1.159180e+00; 9.008064e+04; 1.194401e+00
1.834500e+01; 9.810000e+04; 1.202193e+00; 6.618442e+04; 1.159776e+00; 9.044647e+04; 1.194706e+00
1.835000e+01; 9.810000e+04; 1.202261e+00; 6.724464e+04; 1.160357e+00; 9.080421e+04; 1.195001e+00
1.835500e+01; 9.810000e+04; 1.202324e+00; 6.830471e+04; 1.160924e+00; 9.115403e+04; 1.195284e+00
1.836000e+01; 9.810000e+04; 1.202384e+00; 6.936457e+04; 1.161476e+00; 9.149613e+04; 1.195555e+00
1.836500e+01; 9.810000e+04; 1.202439e+00; 7.042413e+04; 1.162013e+00; 9.183070e+04; 1.195816e+00
1.837000e+01; 9.810000e+04; 1.202491e+00; 7.148333e+04; 1.162534e+00; 9.215794e+04; 1.196065e+00
1.837500e+01; 9.810000e+04; 1.202539e+00; 7.254209e+04; 1.163039e+00; 9.247807e+04; 1.196303e+00
1.838000e+01; 9.810000e+04; 1.202584e+00; 7.360034e+04; 1.163529e+00; 9.279130e+04; 1.196530e+00
1.838500e+01; 9.810000e+04; 1.202626e+00; 7.465801e+04; 1.164001e+00; 9.309785e+04; 1.196746e+00
1.839000e+01; 9.810000e+04; 1.202664e+00; 7.571501e+04; 1.164458e+00; 9.339795e+04; 1.196951e+00
1.839500e+01; 9.810000e+04; 1.202700e+00; 7.677128e+04; 1.164897e+00; 9.369185e+04; 1.197145e+00
1.840000e+01; 9.810000e+04; 1.202732e+00; 7.782675e+04; 1.165319e+00; 9.397977e+04; 1.197329e+00
1.840500e+01; 9.810000e+04; 1.202762e+00; 7.888133e+04; 1.165724e+00; 9.426197e+04; 1.197502e+00
1.841000e+01; 9.810000e+04; 1.202789e+00; 7.993497e+04; 1.166111e+00; 9.453870e+04; 1.197664e+00
1.841500e+01; 9.810000e+04; 1.202813e+00; 8.098758e+04; 1.166480e+00; 9.481021e+04; 1.197815e+00
1.842000e+01; 9.810000e+04; 1.202835e+00; 8.203911e+04; 1.166832e+00; 9.507677e+04; 1.197957e+00
1.842500e+01; 9.810000e+04; 1.202855e+00; 8.308947e+04; 1.167164e+00; 9.533863e+04; 1.198087e+00
1.843000e+01; 9.810000e+04; 1.202872e+00; 8.413862e+04; 1.167479e+00; 9.559607e+04; 1.198207e+00
1.843500e+01; 9.810000e+04; 1.202887e+00; 8.518649e+04; 1.167775e+00; 9.584936e+04; 1.198317e+00
1.844000e+01; 9.810000e+04; 1.202899e+00; 8.623303e+04; 1.168052e+00; 9.609877e+04; 1.198417e+00
1.844500e+01; 9.810000e+04; 1.202910e+00; 8.727818e+04; 1.168310e+00; 9.634458e+04; 1.198507e+00
1.845000e+01; 9.810000e+04; 1.202918e+00; 8.832189e+04; 1.168548e+00; 9.658708e+04; 1.198586e+00
1.845500e+01; 9.810000e+04; 1.202924e+00; 8.936412e+04; 1.168768e+00; 9.682655e+04; 1.198656e+00
1.846000e+01; 9.810000e+04; 1.202928e+00; 9.040484e+04; 1.168968e+00; 9.706327e+04; 1.198715e+00
1.846500e+01; 9.810000e+04; 1.202930e+00; 9.144402e+04; 1.169148e+00; 9.729754e+04; 1.198765e+00
1.847000e+01; 9.810000e+04; 1.202931e+00; 9.248163e+04; 1.169308e+00; 9.752964e+04; 1.198804e+00
1.847500e+01; 9.810000e+04; 1.202929e+00; 9.351765e+04; 1.169449e+00; 9.775986e+04; 1.198834e+00
1.848000e+01; 9.810000e+04; 1.202925e+00; 9.455207e+04; 1.169570e+00; 9.798850e+04; 1.198855e+00
1.848500e+01; 9.810000e+04; 1.202919e+00; 9.558489e+04; 1.169671e+00; 9.821585e+04; 1.198865e+00
1.849000e+01; 9.810000e+04; 1.202911e+00; 9.661611e+04; 1.169752e+00; 9.844220e+04; 1.198866e+00
1.849500e+01; 9.810000e+04; 1.202902e+00; 9.764575e+04; 1.169813e+00; 9.866784e+04; 1.198857e+00
1.850000e+01; 9.810000e+04; 1.202890e+00; 9.867380e+04; 1.169854e+00; 9.889306e+04; 1.198839e+00
1.850500e+01; 9.810000e+04; 1.202876e+00; 9.970030e+04; 1.169874e+00; 9.911816e+04; 1.198811e+00
1.851000e+01; 9.810000e+04; 1.202861e+00; 1.007253e+05; 1.169874e+00; 9.934342e+04; 1.198774e+00
1.851500e+01; 9.810000e+04; 1.202843e+00; 1.017487e+05; 1.169855e+00; 9.956913e+04; 1.198727e+00
1.852000e+01; 9.810000e+04; 1.202823e+00; 1.027707e+05; 1.169815e+00; 9.979557e+04; 1.198671e+00
1.852500e+01; 9.810000e+04; 1.202801e+00; 1.037912e+05; 1.169755e+00; 1.000230e+05; 1.198605e+00
1.853000e+01; 9.810000e+04; 1.202777e+00; 1.048103e+05; 1.169675e+00; 1.002518e+05; 1.198530e+00
1.853500e+01; 9.810000e+04; 1.202750e+00; 1.058280e+05; 1.169575e+00; 1.004821e+05; 1.198446e+00
1.854000e+01; 9.810000e+04; 1.202722e+00; 1.068443e+05; 1.169455e+00; 1.007143e+05; 1.198352e+00
1.854500e+01; 9.810000e+04; 1.202691e+00; 1.078593e+05; 1.169315e+00; 1.009486e+05; 1.198249e+00
1.855000e+01; 9.810000e+04; 1.202657e+00; 1.088729e+05; 1.169155e+00; 1.011853e+05; 1.198137e+00
1.855500e+01; 9.810000e+04; 1.202621e+00; 1.098853e+05; 1.168976e+00; 1.014246e+05; 1.198015e+00
1.856000e+01; 9.810000e+04; 1.202582e+00; 1.108964e+05; 1.168777e+00; 1.016668e+05; 1.197885e+00
1.856500e+01; 9.810000e+04; 1.202541e+00; 1.119063e+05; 1.168559e+00; 1.019122e+05; 1.197744e+00
1.857000e+01; 9.810000e+04; 1.202497e+00; 1.129149e+05; 1.168322e+00; 1.021609e+05; 1.197595e+00
1.857500e+01; 9.810000e+04; 1.202450e+00; 1.139223e+05; 1.168065e+00; 1.024134e+05; 1.197436e+00
1.858000e+01; 9.810000e+04; 1.202400e+00; 1.149285e+05; 1.167790e+00; 1.026697e+05; 1.197268e+00
1.858500e+01; 9.810000e+04; 1.202347e+00; 1.159336e+05; 1.167495e+00; 1.029301e+05; 1.197091e+00
1.859000e+01; 9.810000e+04; 1.202291e+00; 1.169375e+05; 1.167182e+00; 1.031948e+05; 1.196904e+00
1.859500e+01; 9.810000e+04; 1.202232e+00; 1.179403e+05; 1.166851e+00; 1.034642e+05; 1.196708e+00
1.860000e+01; 9.810000e+04; 1.202169e+00; 1.189419e+05; 1.166501e+00; 1.037383e+05; 1.196503e+00
1.860500e+01; 9.810000e+04; 1.202102e+00; 1.199425e+05; 1.166134e+00; 1.040174e+05; 1.196288e+00
1.861000e+01; 9.810000e+04; 1.202032e+00; 1.209420e+05; 1.165748e+00; 1.043016e+05; 1.196064e+00
1.861500e+01; 9.810000e+04; 1.201958e+00; 1.219404e+05; 1.165345e+00; 1.045913e+05; 1.195830e+00
1.862000e+01; 9.810000e+04; 1.201881e+00; 1.229378e+05; 1.164925e+00; 1.048866e+05; 1.195587e+00
1.862500e+01; 9.810000e+04; 1.201799e+00; 1.239342e+05; 1.164488e+00; 1.051876e+05; 1.195335e+00
1.863000e+01; 9.810000e+04; 1.201712e+00; 1.249296e+05; 1.164034e+00; 1.054945e+05; 1.195073e+00
1.863500e+01; 9.810000e+04; 1.201622e+00; 1.259241e+05; 1.163563e+00; 1.058076e+05; 1.194801e+00
1.864000e+01; 9.810000e+04; 1.201527e+00; 1.269176e+05; 1.163077e+00; 1.061269e+05; 1.194520e+00
1.864500e+01; 9.810000e+04; 1.201427e+00; 1.279102e+05; 1.162574e+00; 1.064527e+05; 1.194229e+00
1.865000e+01; 9.810000e+04; 1.201322e+00; 1.289020e+05; 1.162055e+00; 1.067850e+05; 1.193929e+00
1.865500e+01; 9.810000e+04; 1.201212e+00; 1.298929e+05; 1.161521e+00; 1.071241e+05; 1.193619e+00
1.866000e+01; 9.810000e+04; 1.201096e+00; 1.308830e+05; 1.160972e+00; 1.074700e+05; 1.193299e+00
1.866500e+01; 9.810000e+04; 1.200976e+00; 1.318723e+05; 1.160408e+00; 1.078229e+05; 1.192970e+00
1.867000e+01; 9.810000e+04; 1.200849e+00; 1.328609e+05; 1.159829e+00; 1.081829e+05; 1.192631e+00
1.867500e+01; 9.810000e+04; 1.200717e+00; 1.338487e+05; 1.159236e+00; 1.085501e+05; 1.192282e+00
1.868000e+01; 9.810000e+04; 1.200579e+00; 1.348359e+05; 1.158629e+00; 1.089247e+05; 1.191924e+00
1.868500e+01; 9.810000e+04; 1.200434e+00; 1.358224e+05; 1.158008e+00; 1.093068e+05; 1.191555e+00
1.869000e+01; 9.810000e+04; 1.200283e+00; 1.368083e+05; 1.157374e+00; 1.096963e+05; 1.191177e+00
1.869500e+01; 9.810000e+04; 1.200126e+00; 1.377936e+05; 1.156727e+00; 1.100935e+05; 1.190789e+00
1.870000e+01; 9.810000e+04; 1.199961e+00; 1.387784e+05; 1.156067e+00; 1.104984e+05; 1.190391e+00
1.870500e+01; 9.810000e+04; 1.199789e+00; 1.397626e+05; 1.155395e+00; 1.109111e+05; 1.189982e+00
1.871000e+01; 9.810000e+04; 1.199610e+00; 1.407464e+05; 1.154710e+00; 1.113316e+05; 1.189564e+00
1.871500e+01; 9.810000e+04; 1.199424e+00; 1.417298e+05; 1.154014e+00; 1.117601e+05; 1.189136e+00
1.872000e+01; 9.810000e+04; 1.199229e+00; 1.427127e+05; 1.153306e+00; 1.121965e+05; 1.188698e+00
1.872500e+01; 9.810000e+04; 1.199027e+00; 1.436953e+05; 1.152587e+00; 1.126410e+05; 1.188250e+00
1.873000e+01; 9.810000e+04; 1.198816e+00; 1.446776e+05; 1.151857e+00; 1.130935e+05; 1.187791e+00
1.873500e+01; 9.810000e+04; 1.198597e+00; 1.456596e+05; 1.151116e+00; 1.135541e+05; 1.187323e+00
1.874000e+01; 9.810000e+04; 1.198370e+00; 1.466413e+05; 1.150365e+00; 1.140229e+05; 1.186844e+00
1.874500e+01; 9.810000e+04; 1.198133e+00; 1.476229e+05; 1.149604e+00; 1.144998e+05; 1.186355e+00
1.875000e+01; 9.810000e+04; 1.197887e+00; 1.486042e+05; 1.148833e+00; 1.149850e+05; 1.185856e+00
1.875500e+01; 9.810000e+04; 1.197631e+00; 1.495854e+05; 1.148052e+00; 1.154783e+05; 1.185346e+00
1.876000e+01; 9.810000e+04; 1.197366e+00; 1.505666e+05; 1.147263e+00; 1.159798e+05; 1.184827e+00
1.876500e+01; 9.810000e+04; 1.197091e+00; 1.515476e+05; 1.146464e+00; 1.164895e+05; 1.184297e+00
1.877000e+01; 9.810000e+04; 1.196805e+00; 1.525286e+05; 1.145657e+00; 1.170074e+05; 1.183756e+00
1.877500e+01; 9.810000e+04; 1.196509e+00; 1.535096e+05; 1.144841e+00; 1.175334e+05; 1.183205e+00
1.878000e+01; 9.810000e+04; 1.196203e+00; 1.544905e+05; 1.144018e+00; 1.180676e+05; 1.182644e+00
1.878500e+01; 9.810000e+04; 1.195885e+00; 1.554716e+05; 1.143187e+00; 1.186098e+05; 1.182073e+00
1.879000e+01; 9.810000e+04; 1.195557e+00; 1.564527e+05; 1.142348e+00; 1.191601e+05; 1.181491e+00
1.879500e+01; 9.810000e+04; 1.195216e+00; 1.574339e+05; 1.141501e+00; 1.197184e+05; 1.180898e+00
1.880000e+01; 9.810000e+04; 1.194864e+00; 1.584152e+05; 1.140648e+00; 1.202846e+05; 1.180296e+00
1.880500e+01; 9.810000e+04; 1.194500e+00; 1.593966e+05; 1.139788e+00; 1.208586e+05; 1.179682e+00
1.881000e+01; 9.810000e+04; 1.194124e+00; 1.603782e+05; 1.138921e+00; 1.214403e+05; 1.179059e+00
1.881500e+01; 9.810000e+04; 1.193735e+00; 1.613600e+05; 1.138048e+00; 1.220298e+05; 1.178425e+00
1.882000e+01; 9.810000e+04; 1.193334e+00; 1.623419e+05; 1.137169e+00; 1.226268e+05; 1.177781e+00
1.882500e+01; 9.810000e+04; 1.192920e+00; 1.633241e+05; 1.136284e+00; 1.232312e+05; 1.177126e+00
1.883000e+01; 9.810000e+04; 1.192492e+00; 1.643064e+05; 1.135394e+00; 1.238430e+05; 1.176461e+00
1.883500e+01; 9.810000e+04; 1.192051e+00; 1.652890e+05; 1.134497e+00; 1.244620e+05; 1.175786e+00
1.884000e+01; 9.810000e+04; 1.191597e+00; 1.662718e+05; 1.133596e+00; 1.250881e+05; 1.175100e+00
1.884500e+01; 9.810000e+04; 1.191128e+00; 1.672548e+05; 1.132690e+00; 1.257212e+05; 1.174404e+00
1.885000e+01; 9.810000e+04; 1.190645e+00; 1.682380e+05; 1.131779e+00; 1.263610e+05; 1.173698e+00
1.885500e+01; 9.810000e+04; 1.190148e+00; 1.692215e+05; 1.130863e+00; 1.270074e+05; 1.172982e+00
1.886000e+01; 9.810000e+04; 1.189637e+00; 1.702052e+05; 1.129942e+00; 1.276604e+05; 1.172255e+00
1.886500e+01; 9.810000e+04; 1.189110e+00; 1.711891e+05; 1.129018e+00; 1.283196e+05; 1.171519e+00
1.887000e+01; 9.810000e+04; 1.188569e+00; 1.721732e+05; 1.128089e+00; 1.289850e+05; 1.170772e+00
1.887500e+01; 9.810000e+04; 1.188012e+00; 1.731576e+05; 1.127156e+00; 1.296563e+05; 1.170015e+00
1.888000e+01; 9.810000e+04; 1.187440e+00; 1.741421e+05; 1.126220e+00; 1.303334e+05; 1.169248e+00
1.888500e+01; 9.810000e+04; 1.186853e+00; 1.751269e+05; 1.125280e+00; 1.310161e+05; 1.168471e+00
1.889000e+01; 9.810000e+04; 1.186249e+00; 1.761118e+05; 1.124336e+00; 1.317041e+05; 1.167684e+00
1.889500e+01; 9.810000e+04; 1.185630e+00; 1.770969e+05; 1.123389e+00; 1.323974e+05; 1.166887e+00
1.890000e+01; 9.810000e+04; 1.184994e+00; 1.780821e+05; 1.122439e+00; 1.330956e+05; 1.166080e+00
1.890500e+01; 9.810000e+04; 1.184343e+00; 1.790674e+05; 1.121485e+00; 1.337986e+05; 1.165264e+00
1.891000e+01; 9.810000e+04; 1.183674e+00; 1.800529e+05; 1.120529e+00; 1.345061e+05; 1.164437e+00
1.891500e+01; 9.810000e+04; 1.182989e+00; 1.810385e+05; 1.119570e+00; 1.352179e+05; 1.163601e+00
1.892000e+01; 9.810000e+04; 1.182288e+00; 1.820241e+05; 1.118608e+00; 1.359339e+05; 1.162755e+00
1.892500e+01; 9.810000e+04; 1.181569e+00; 1.830097e+05; 1.117643e+00; 1.366538e+05; 1.161899e+00
1.893000e+01; 9.810000e+04; 1.180833e+00; 1.839954e+05; 1.116676e+00; 1.373773e+05; 1.161033e+00
1.893500e+01; 9.810000e+04; 1.180081e+00; 1.849810e+05; 1.115707e+00; 1.381042e+05; 1.160158e+00
1.894000e+01; 9.810000e+04; 1.179310e+00; 1.859666e+05; 1.114735e+00; 1.388343e+05; 1.159273e+00
1.894500e+01; 9.810000e+04; 1.178523e+00; 1.869521e+05; 1.113761e+00; 1.395674e+05; 1.158379e+00
1.895000e+01; 9.810000e+04; 1.177717e+00; 1.879375e+05; 1.112785e+00; 1.403032e+05; 1.157475e+00
1.895500e+01; 9.810000e+04; 1.176894e+00; 1.889227e+05; 1.111807e+00; 1.410414e+05; 1.156561e+00
1.896000e+01; 9.810000e+04; 1.176054e+00; 1.899078e+05; 1.110826e+00; 1.417819e+05; 1.155638e+00
1.896500e+01; 9.810000e+04; 1.175195e+00; 1.908926e+05; 1.109844e+00; 1.425244e+05; 1.154705e+00
1.897000e+01; 9.810000e+04; 1.174318e+00; 1.918771e+05; 1.108860e+00; 1.432686e+05; 1.153763e+00
1.897500e+01; 9.810000e+04; 1.173424e+00; 1.928612e+05; 1.107874e+00; 1.440143e+05; 1.152811e+00
1.898000e+01; 9.810000e+04; 1.172511e+00; 1.938450e+05; 1.106887e+00; 1.447613e+05; 1.151850e+00
1.898500e+01; 9.810000e+04; 1.171580e+00; 1.948284e+05; 1.105898e+00; 1.455092e+05; 1.150879e+00
1.899000e+01; 9.810000e+04; 1.170631e+00; 1.958113e+05; 1.104907e+00; 1.462579e+05; 1.149899e+00
1.899500e+01; 9.810000e+04; 1.169664e+00; 1.967937e+05; 1.103915e+00; 1.470071e+05; 1.148909e+00
1.900000e+01; 9.810000e+04; 1.168678e+00; 1.977754e+05; 1.102921e+00; 1.477566e+05; 1.147910e+00
1.900500e+01; 9.810000e+04; 1.167674e+00; 1.987565e+05; 1.101925e+00; 1.485061e+05; 1.146901e+00
1.901000e+01; 9.810000e+04; 1.166651e+00; 1.997369e+05; 1.100928e+00; 1.492553e+05; 1.145883e+00
1.901500e+01; 9.810000e+04; 1.165611e+00; 2.007166e+05; 1.099930e+00; 1.500040e+05; 1.144856e+00
1.902000e+01; 9.810000e+04; 1.164551e+00; 2.016953e+05; 1.098931e+00; 1.507520e+05; 1.143819e+00
1.902500e+01; 9.810000e+04; 1.163474e+00; 2.026732e+05; 1.097930e+00; 1.514990e+05; 1.142773e+00
1.903000e+01; 9.810000e+04; 1.162378e+00; 2.036500e+05; 1.096927e+00; 1.522448e+05; 1.141717e+00
1.903500e+01; 9.810000e+04; 1.161264e+00; 2.046258e+05; 1.095924e+00; 1.529891e+05; 1.140652e+00
1.904000e+01; 9.810000e+04; 1.160131e+00; 2.056004e+05; 1.094919e+00; 1.537317e+05; 1.139577e+00
1.904500e+01; 9.810000e+04; 1.158980e+00; 2.065738e+05; 1.093913e+00; 1.544724e+05; 1.138493e+00
1.905000e+01; 9.810000e+04; 1.157811e+00; 2.075458e+05; 1.092906e+00; 1.552108e+05; 1.137400e+00
1.905500e+01; 9.810000e+04; 1.156625e+00; 2.085165e+05; 1.091897e+00; 1.559469e+05; 1.136296e+00
1.906000e+01; 9.810000e+04; 1.155420e+00; 2.094856e+05; 1.090887e+00; 1.566802e+05; 1.135184e+00
1.906500e+01; 9.810000e+04; 1.154197e+00; 2.104532e+05; 1.089876e+00; 1.574107e+05; 1.134062e+00
1.907000e+01; 9.810000e+04; 1.152956e+00; 2.114190e+05; 1.088864e+00; 1.581380e+05; 1.132930e+00
1.907500e+01; 9.810000e+04; 1.151698e+00; 2.123830e+05; 1.087851e+00; 1.588620e+05; 1.131789e+00
1.908000e+01; 9.810000e+04; 1.150422e+00; 2.133451e+05; 1.086837e+00; 1.595825e+05; 1.130638e+00
1.908500e+01; 9.810000e+04; 1.149129e+00; 2.143051e+05; 1.085821e+00; 1.602991e+05; 1.129478e+00
1.909000e+01; 9.810000e+04; 1.147818e+00; 2.152630e+05; 1.084805e+00; 1.610117e+05; 1.128308e+00
1.909500e+01; 9.810000e+04; 1.146491e+00; 2.162187e+05; 1.083787e+00; 1.617202e+05; 1.127129e+00
1.910000e+01; 9.810000e+04; 1.145146e+00; 2.171719e+05; 1.082768e+00; 1.624241e+05; 1.125940e+00
1.910500e+01; 9.810000e+04; 1.143785e+00; 2.181226e+05; 1.081748e+00; 1.631235e+05; 1.124741e+00
1.911000e+01; 9.810000e+04; 1.142408e+00; 2.190706e+05; 1.080727e+00; 1.638180e+05; 1.123533e+00
1.911500e+01; 9.810000e+04; 1.141013e+00; 2.200158e+05; 1.079704e+00; 1.645075e+05; 1.122315e+00
1.912000e+01; 9.810000e+04; 1.139603e+00; 2.209581e+05; 1.078681e+00; 1.651918e+05; 1.121087e+00
1.912500e+01; 9.810000e+04; 1.138177e+00; 2.218973e+05; 1.077656e+00; 1.658706e+05; 1.119849e+00
1.913000e+01; 9.810000e+04; 1.136735e+00; 2.228332e+05; 1.076631e+00; 1.665439e+05; 1.118602e+00
1.913500e+01; 9.810000e+04; 1.135278e+00; 2.237657e+05; 1.075604e+00; 1.672114e+05; 1.117346e+00
1.914000e+01; 9.810000e+04; 1.133806e+00; 2.246947e+05; 1.074576e+00; 1.678729e+05; 1.116079e+00
1.914500e+01; 9.810000e+04; 1.132318e+00; 2.256199e+05; 1.073547e+00; 1.685283e+05; 1.114803e+00
1.915000e+01; 9.810000e+04; 1.130816e+00; 2.265411e+05; 1.072517e+00; 1.691774e+05; 1.113517e+00
1.915500e+01; 9.810000e+04; 1.129299e+00; 2.274583e+05; 1.071486e+00; 1.698201e+05; 1.112221e+00
1.916000e+01; 9.810000e+04; 1.127767e+00; 2.283712e+05; 1.070454e+00; 1.704562e+05; 1.110916e+00
1.916500e+01; 9.810000e+04; 1.126222e+00; 2.292797e+05; 1.069421e+00; 1.710855e+05; 1.109600e+00
1.917000e+01; 9.810000e+04; 1.124663e+00; 2.301835e+05; 1.068386e+00; 1.717079e+05; 1.108275e+00
1.917500e+01; 9.810000e+04; 1.123090e+00; 2.310824e+05; 1.067351e+00; 1.723232e+05; 1.106940e+00
1.918000e+01; 9.810000e+04; 1.121504e+00; 2.319763e+05; 1.066314e+00; 1.729314e+05; 1.105596e+00
1.918500e+01; 9.810000e+04; 1.119905e+00; 2.328648e+05; 1.065277e+00; 1.735323e+05; 1.104241e+00
1.919000e+01; 9.810000e+04; 1.118293e+00; 2.337480e+05; 1.064238e+00; 1.741257e+05; 1.102877e+00
1.919500e+01; 9.810000e+04; 1.116669e+00; 2.346253e+05; 1.063199e+00; 1.747115e+05; 1.101503e+00
1.920000e+01; 9.810000e+04; 1.115032e+00; 2.354968e+05; 1.062158e+00; 1.752897e+05; 1.100119e+00
1.920500e+01; 9.810000e+04; 1.113384e+00; 2.363621e+05; 1.061116e+00; 1.758600e+05; 1.098726e+00
1.921000e+01; 9.810000e+04; 1.111723e+00; 2.372210e+05; 1.060074e+00; 1.764225e+05; 1.097323e+00
1.921500e+01; 9.810000e+04; 1.110052e+00; 2.380733e+05; 1.059030e+00; 1.769769e+05; 1.095910e+00
1.922000e+01; 9.810000e+04; 1.108369e+00; 2.389187e+05; 1.057986e+00; 1.775232e+05; 1.094487e+00
1.922500e+01; 9.810000e+04; 1.106674e+00; 2.397570e+05; 1.056940e+00; 1.780613e+05; 1.093054e+00
1.923000e+01; 9.810000e+04; 1.104970e+00; 2.405880e+05; 1.055894e+00; 1.785911e+05; 1.091612e+00
1.923500e+01; 9.810000e+04; 1.103255e+00; 2.414112e+05; 1.054847e+00; 1.791125e+05; 1.090160e+00
1.924000e+01; 9.810000e+04; 1.101529e+00; 2.422267e+05; 1.053798e+00; 1.796254e+05; 1.088699e+00
1.924500e+01; 9.810000e+04; 1.099794e+00; 2.430339e+05; 1.052749e+00; 1.801298e+05; 1.087228e+00
1.925000e+01; 9.810000e+04; 1.098049e+00; 2.438327e+05; 1.051700e+00; 1.806256e+05; 1.085747e+00
1.925500e+01; 9.810000e+04; 1.096294e+00; 2.446229e+05; 1.050649e+00; 1.811127e+05; 1.084257e+00
1.926000e+01; 9.810000e+04; 1.094531e+00; 2.454040e+05; 1.049598e+00; 1.815910e+05; 1.082758e+00
1.926500e+01; 9.810000e+04; 1.092758e+00; 2.461760e+05; 1.048546e+00; 1.820605e+05; 1.081249e+00
1.927000e+01; 9.810000e+04; 1.090977e+00; 2.469384e+05; 1.047493e+00; 1.825212e+05; 1.079730e+00
1.927500e+01; 9.810000e+04; 1.089187e+00; 2.476910e+05; 1.046440e+00; 1.829730e+05; 1.078202e+00
1.928000e+01; 9.810000e+04; 1.087390e+00; 2.484335e+05; 1.045386e+00; 1.834158e+05; 1.076665e+00
1.928500e+01; 9.810000e+04; 1.085584e+00; 2.491656e+05; 1.044332e+00; 1.838496e+05; 1.075119e+00
1.929000e+01; 9.810000e+04; 1.083770e+00; 2.498871e+05; 1.043277e+00; 1.842744e+05; 1.073564e+00
1.929500e+01; 9.810000e+04; 1.081949e+00; 2.505976e+05; 1.042222e+00; 1.846902e+05; 1.072000e+00
1.930000e+01; 9.810000e+04; 1.080121e+00; 2.512969e+05; 1.041166e+00; 1.850969e+05; 1.070426e+00
1.930500e+01; 9.810000e+04; 1.078285e+00; 2.519846e+05; 1.040110e+00; 1.854946e+05; 1.068844e+00
1.931000e+01; 9.810000e+04; 1.076443e+00; 2.526605e+05; 1.039053e+00; 1.858831e+05; 1.067253e+00
1.931500e+01; 9.810000e+04; 1.074594e+00; 2.533243e+05; 1.037997e+00; 1.862625e+05; 1.065654e+00
1.932000e+01; 9.810000e+04; 1.072739e+00; 2.539757e+05; 1.036940e+00; 1.866328e+05; 1.064046e+00
1.932500e+01; 9.810000e+04; 1.070877e+00; 2.546143e+05; 1.035883e+00; 1.869940e+05; 1.062429e+00
1.933000e+01; 9.810000e+04; 1.069010e+00; 2.552400e+05; 1.034826e+00; 1.873461e+05; 1.060805e+00
1.933500e+01; 9.810000e+04; 1.067137e+00; 2.558524e+05; 1.033769e+00; 1.876891e+05; 1.059172e+00
1.934000e+01; 9.810000e+04; 1.065258e+00; 2.564512e+05; 1.032711e+00; 1.880230e+05; 1.057531e+00
1.934500e+01; 9.810000e+04; 1.063374e+00; 2.570361e+05; 1.031654e+00; 1.883478e+05; 1.055882e+00
1.935000e+01; 9.810000e+04; 1.061484e+00; 2.576069e+05; 1.030598e+00; 1.886635e+05; 1.054226e+00
1.935500e+01; 9.810000e+04; 1.059590e+00; 2.581633e+05; 1.029541e+00; 1.889702e+05; 1.052562e+00
1.936000e+01; 9.810000e+04; 1.057691e+00; 2.587050e+05; 1.028484e+00; 1.892678e+05; 1.050890e+00
1.936500e+01; 9.810000e+04; 1.055787e+00; 2.592318e+05; 1.027428e+00; 1.895565e+05; 1.049212e+00
1.937000e+01; 9.810000e+04; 1.053879e+00; 2.597433e+05; 1.026373e+00; 1.898361e+05; 1.047526e+00
1.937500e+01; 9.810000e+04; 1.051966e+00; 2.602393e+05; 1.025318e+00; 1.901068e+05; 1.045833e+00
1.938000e+01; 9.810000e+04; 1.050049e+00; 2.607195e+05; 1.024263e+00; 1.903686e+05; 1.044134e+00
1.938500e+01; 9.810000e+04; 1.048129e+00; 2.611838e+05; 1.023209e+00; 1.906214e+05; 1.042428e+00
1.939000e+01; 9.810000e+04; 1.046204e+00; 2.616318e+05; 1.022155e+00; 1.908654e+05; 1.040716e+00
1.939500e+01; 9.810000e+04; 1.044276e+00; 2.620633e+05; 1.021103e+00; 1.911005e+05; 1.038998e+00
1.940000e+01; 9.810000e+04; 1.042345e+00; 2.624781e+05; 1.020051e+00; 1.913268e+05; 1.037274e+00
1.940500e+01; 9.810000e+04; 1.040410e+00; 2.628759e+05; 1.019000e+00; 1.915442e+05; 1.035544e+00
1.941000e+01; 9.810000e+04; 1.038472e+00; 2.632566e+05; 1.017949e+00; 1.917529e+05; 1.033809e+00
1.941500e+01; 9.810000e+04; 1.036530e+00; 2.636198e+05; 1.016900e+00; 1.919528e+05; 1.032068e+00
1.942000e+01; 9.810000e+04; 1.034587e+00; 2.639655e+05; 1.015852e+00; 1.921440e+05; 1.030323e+00
1.942500e+01; 9.810000e+04; 1.032640e+00; 2.642934e+05; 1.014805e+00; 1.923265e+05; 1.028572e+00
1.943000e+01; 9.810000e+04; 1.030690e+00; 2.646034e+05; 1.013758e+00; 1.925003e+05; 1.026817e+00
1.943500e+01; 9.810000e+04; 1.028739e+00; 2.648952e+05; 1.012713e+00; 1.926654e+05; 1.025058e+00
1.944000e+01; 9.810000e+04; 1.026785e+00; 2.651687e+05; 1.011669e+00; 1.928218e+05; 1.023295e+00
1.944500e+01; 9.810000e+04; 1.024828e+00; 2.655492e+05; 1.010444e+00; 1.929696e+05; 1.021527e+00
1.945000e+01; 9.810000e+04; 1.022870e+00; 2.657779e+05; 1.009521e+00; 1.931087e+05; 1.019757e+00
1.945500e+01; 9.810000e+04; 1.020909e+00; 2.659727e+05; 1.008412e+00; 1.932392e+05; 1.017982e+00
1.946000e+01; 9.810000e+04; 1.018947e+00; 2.661843e+05; 1.007430e+00; 1.933611e+05; 1.016205e+00
1.946500e+01; 9.810000e+04; 1.016983e+00; 2.663259e+05; 1.006385e+00; 1.934743e+05; 1.014425e+00
1.947000e+01; 9.810000e+04; 1.015017e+00; 2.665093e+05; 1.005347e+00; 1.935789e+05; 1.012642e+00
1.947500e+01; 9.810000e+04; 1.013050e+00; 2.666082e+05; 1.004358e+00; 1.936749e+05; 1.010857e+00
1.948000e+01; 9.810000e+04; 1.011082e+00; 2.667517e+05; 1.003277e+00; 1.937622e+05; 1.009070e+00
1.948500e+01; 9.810000e+04; 1.009112e+00; 2.668183e+05; 1.002327e+00; 1.938409e+05; 1.007281e+00
1.949000e+01; 9.810000e+04; 1.007141e+00; 2.669124e+05; 1.001226e+00; 1.939109e+05; 1.005491e+00
1.949500e+01; 9.810000e+04; 1.005169e+00; 2.669538e+05; 1.000288e+00; 1.939723e+05; 1.003699e+00
1.950000e+01; 9.810000e+04; 1.003196e+00; 2.669933e+05; 9.991938e-01; 1.940249e+05; 1.001907e+00
1.950500e+01; 9.810000e+04; 1.001222e+00; 2.670118e+05; 9.982415e-01; 1.940688e+05; 1.000113e+00
1.951000e+01; 9.810000e+04; 9.992475e-01; 2.669970e+05; 9.971776e-01; 1.941039e+05; 9.983195e-01
1.951500e+01; 9.810000e+04; 9.972724e-01; 2.669897e+05; 9.961936e-01; 1.941303e+05; 9.965256e-01
1.952000e+01; 9.810000e+04; 9.952967e-01; 2.669255e+05; 9.951712e-01; 1.941478e+05; 9.947318e-01
1.952500e+01; 9.810000e+04; 9.933206e-01; 2.668859e+05; 9.941503e-01; 1.941565e+05; 9.929384e-01
1.953000e+01; 9.810000e+04; 9.913443e-01; 2.667801e+05; 9.931679e-01; 1.941562e+05; 9.911457e-01
1.953500e+01; 9.810000e+04; 9.893677e-01; 2.667005e+05; 9.921177e-01; 1.941470e+05; 9.893540e-01
1.954000e+01; 9.810000e+04; 9.873911e-01; 2.665607e+05; 9.911624e-01; 1.941288e+05; 9.875636e-01
1.954500e+01; 9.810000e+04; 9.854144e-01; 2.664348e+05; 9.900992e-01; 1.941016e+05; 9.857746e-01
1.955000e+01; 9.810000e+04; 9.834380e-01; 2.662665e+05; 9.891524e-01; 1.940652e+05; 9.839875e-01
1.955500e+01; 9.810000e+04; 9.814618e-01; 2.660912e+05; 9.880954e-01; 1.940197e+05; 9.822025e-01
1.956000e+01; 9.810000e+04; 9.794859e-01; 2.658964e+05; 9.871386e-01; 1.939650e+05; 9.804198e-01
1.956500e+01; 9.810000e+04; 9.775106e-01; 2.656725e+05; 9.861036e-01; 1.939010e+05; 9.786398e-01
1.957000e+01; 9.810000e+04; 9.755358e-01; 2.654495e+05; 9.851244e-01; 1.938277e+05; 9.768627e-01
1.957500e+01; 9.810000e+04; 9.735618e-01; 2.652461e+05; 9.840243e-01; 1.937449e+05; 9.750888e-01
1.958000e+01; 9.810000e+04; 9.715886e-01; 2.649596e+05; 9.831203e-01; 1.936527e+05; 9.733183e-01
1.958500e+01; 9.810000e+04; 9.696165e-01; 2.646741e+05; 9.820366e-01; 1.935510e+05; 9.715516e-01
1.959000e+01; 9.810000e+04; 9.676454e-01; 2.643750e+05; 9.811088e-01; 1.934396e+05; 9.697890e-01
1.959500e+01; 9.810000e+04; 9.656756e-01; 2.640424e+05; 9.800526e-01; 1.933186e+05; 9.680305e-01
1.960000e+01; 9.810000e+04; 9.637071e-01; 2.637117e+05; 9.791053e-01; 1.931878e+05; 9.662767e-01
1.960500e+01; 9.810000e+04; 9.617402e-01; 2.633433e+05; 9.780687e-01; 1.930472e+05; 9.645276e-01
1.961000e+01; 9.810000e+04; 9.597750e-01; 2.629767e+05; 9.771094e-01; 1.928967e+05; 9.627836e-01
1.961500e+01; 9.810000e+04; 9.578116e-01; 2.627078e+05; 9.758927e-01; 1.927362e+05; 9.610448e-01
1.962000e+01; 9.810000e+04; 9.558501e-01; 2.623111e+05; 9.750308e-01; 1.925658e+05; 9.593116e-01
1.962500e+01; 9.810000e+04; 9.538908e-01; 2.618822e+05; 9.739153e-01; 1.923853e+05; 9.575841e-01
1.963000e+01; 9.810000e+04; 9.519337e-01; 2.614516e+05; 9.730276e-01; 1.921947e+05; 9.558625e-01
1.963500e+01; 9.810000e+04; 9.499791e-01; 2.609913e+05; 9.719303e-01; 1.919941e+05; 9.541469e-01
1.964000e+01; 9.810000e+04; 9.480271e-01; 2.605276e+05; 9.710325e-01; 1.917835e+05; 9.524376e-01
1.964500e+01; 9.810000e+04; 9.460780e-01; 2.600360e+05; 9.699467e-01; 1.915628e+05; 9.507346e-01
1.965000e+01; 9.810000e+04; 9.441318e-01; 2.595404e+05; 9.690422e-01; 1.913322e+05; 9.490380e-01
1.965500e+01; 9.810000e+04; 9.421888e-01; 2.590184e+05; 9.679656e-01; 1.910918e+05; 9.473479e-01
1.966000e+01; 9.810000e+04; 9.402491e-01; 2.584920e+05; 9.670556e-01; 1.908415e+05; 9.456644e-01
1.966500e+01; 9.810000e+04; 9.383130e-01; 2.579407e+05; 9.659871e-01; 1.905814e+05; 9.439877e-01
1.967000e+01; 9.810000e+04; 9.363807e-01; 2.573847e+05; 9.650724e-01; 1.903115e+05; 9.423179e-01
1.967500e+01; 9.810000e+04; 9.344523e-01; 2.568050e+05; 9.640111e-01; 1.900315e+05; 9.406555e-01
1.968000e+01; 9.810000e+04; 9.325281e-01; 2.562204e+05; 9.630922e-01; 1.897413e+05; 9.390007e-01
1.968500e+01; 9.810000e+04; 9.306083e-01; 2.556135e+05; 9.620375e-01; 1.894405e+05; 9.373541e-01
1.969000e+01; 9.810000e+04; 9.286931e-01; 2.550015e+05; 9.611146e-01; 1.891286e+05; 9.357163e-01
1.969500e+01; 9.810000e+04; 9.267828e-01; 2.543684e+05; 9.600660e-01; 1.888053e+05; 9.340878e-01
1.970000e+01; 9.810000e+04; 9.248776e-01; 2.537303e+05; 9.591395e-01; 1.884701e+05; 9.324692e-01
1.970500e+01; 9.810000e+04; 9.229778e-01; 2.530721e+05; 9.580964e-01; 1.881227e+05; 9.308609e-01
1.971000e+01; 9.810000e+04; 9.210835e-01; 2.524089e+05; 9.571665e-01; 1.877627e+05; 9.292634e-01
1.971500e+01; 9.810000e+04; 9.191951e-01; 2.517268e+05; 9.561285e-01; 1.873901e+05; 9.276767e-01
1.972000e+01; 9.810000e+04; 9.173128e-01; 2.510398e+05; 9.551954e-01; 1.870047e+05; 9.261011e-01
1.972500e+01; 9.810000e+04; 9.154368e-01; 2.503349e+05; 9.541620e-01; 1.866068e+05; 9.245365e-01
1.973000e+01; 9.810000e+04; 9.135675e-01; 2.496251e+05; 9.532258e-01; 1.861965e+05; 9.229829e-01
1.973500e+01; 9.810000e+04; 9.117051e-01; 2.488985e+05; 9.521966e-01; 1.857739e+05; 9.214401e-01
1.974000e+01; 9.810000e+04; 9.098499e-01; 2.481671e+05; 9.512575e-01; 1.853395e+05; 9.199080e-01
1.974500e+01; 9.810000e+04; 9.080023e-01; 2.474200e+05; 9.502322e-01; 1.848934e+05; 9.183864e-01
1.975000e+01; 9.810000e+04; 9.061623e-01; 2.466682e+05; 9.492903e-01; 1.844359e+05; 9.168752e-01
1.975500e+01; 9.810000e+04; 9.043305e-01; 2.459016e+05; 9.482685e-01; 1.839673e+05; 9.153743e-01
1.976000e+01; 9.810000e+04; 9.025071e-01; 2.451305e+05; 9.473239e-01; 1.834877e+05; 9.138836e-01
1.976500e+01; 9.810000e+04; 9.006923e-01; 2.443455e+05; 9.463052e-01; 1.829973e+05; 9.124029e-01
1.977000e+01; 9.810000e+04; 8.988866e-01; 2.435562e+05; 9.453581e-01; 1.824963e+05; 9.109324e-01
1.977500e+01; 9.810000e+04; 8.970901e-01; 2.427539e+05; 9.443423e-01; 1.819849e+05; 9.094717e-01
1.978000e+01; 9.810000e+04; 8.953033e-01; 2.419475e+05; 9.433927e-01; 1.814632e+05; 9.080210e-01
1.978500e+01; 9.810000e+04; 8.935265e-01; 2.411288e+05; 9.423794e-01; 1.809316e+05; 9.065801e-01
1.979000e+01; 9.810000e+04; 8.917599e-01; 2.403063e+05; 9.414275e-01; 1.803901e+05; 9.051489e-01
1.979500e+01; 9.810000e+04; 8.900040e-01; 2.394724e+05; 9.404164e-01; 1.798390e+05; 9.037273e-01
1.980000e+01; 9.810000e+04; 8.882589e-01; 2.386347e+05; 9.394622e-01; 1.792786e+05; 9.023152e-01
1.980500e+01; 9.810000e+04; 8.865252e-01; 2.377865e+05; 9.384532e-01; 1.787089e+05; 9.009125e-01
1.981000e+01; 9.810000e+04; 8.848030e-01; 2.369347e+05; 9.374969e-01; 1.781303e+05; 8.995190e-01
1.981500e+01; 9.810000e+04; 8.830928e-01; 2.360731e+05; 9.364896e-01; 1.775431e+05; 8.981348e-01
1.982000e+01; 9.810000e+04; 8.813948e-01; 2.352081e+05; 9.355312e-01; 1.769473e+05; 8.967596e-01
1.982500e+01; 9.810000e+04; 8.797094e-01; 2.343339e+05; 9.345256e-01; 1.763433e+05; 8.953933e-01
1.983000e+01; 9.810000e+04; 8.780369e-01; 2.334567e+05; 9.335652e-01; 1.757313e+05; 8.940359e-01
1.983500e+01; 9.810000e+04; 8.763777e-01; 2.325709e+05; 9.325610e-01; 1.751115e+05; 8.926873e-01
1.984000e+01; 9.810000e+04; 8.747320e-01; 2.316821e+05; 9.315988e-01; 1.744841e+05; 8.913474e-01
1.984500e+01; 9.810000e+04; 8.731002e-01; 2.307855e+05; 9.305958e-01; 1.738492e+05; 8.900162e-01
1.985000e+01; 9.810000e+04; 8.714825e-01; 2.298861e+05; 9.296318e-01; 1.732069e+05; 8.886939e-01
1.985500e+01; 9.810000e+04; 8.698793e-01; 2.289794e+05; 9.286301e-01; 1.725572e+05; 8.873806e-01
1.986000e+01; 9.810000e+04; 8.682908e-01; 2.280702e+05; 9.276644e-01; 1.718999e+05; 8.860766e-01
1.986500e+01; 9.810000e+04; 8.667173e-01; 2.271541e+05; 9.266638e-01; 1.712349e+05; 8.847822e-01
1.987000e+01; 9.810000e+04; 8.651590e-01; 2.262357e+05; 9.256966e-01; 1.705621e+05; 8.834978e-01
1.987500e+01; 9.810000e+04; 8.636162e-01; 2.253109e+05; 9.246969e-01; 1.698813e+05; 8.822236e-01
1.988000e+01; 9.810000e+04; 8.620890e-01; 2.243841e+05; 9.237283e-01; 1.691923e+05; 8.809599e-01
1.988500e+01; 9.810000e+04; 8.605778e-01; 2.234513e+05; 9.227296e-01; 1.684951e+05; 8.797069e-01
1.989000e+01; 9.810000e+04; 8.590827e-01; 2.225166e+05; 9.217597e-01; 1.677899e+05; 8.784646e-01
1.989500e+01; 9.810000e+04; 8.576040e-01; 2.215764e+05; 9.207619e-01; 1.670768e+05; 8.772330e-01
1.990000e+01; 9.810000e+04; 8.561419e-01; 2.206344e+05; 9.197908e-01; 1.663560e+05; 8.760120e-01
1.990500e+01; 9.810000e+04; 8.546967e-01; 2.196874e+05; 9.187940e-01; 1.656280e+05; 8.748014e-01
1.991000e+01; 9.810000e+04; 8.532688e-01; 2.187387e+05; 9.178219e-01; 1.648931e+05; 8.736010e-01
1.991500e+01; 9.810000e+04; 8.518585e-01; 2.177853e+05; 9.168260e-01; 1.641517e+05; 8.724107e-01
1.992000e+01; 9.810000e+04; 8.504661e-01; 2.168304e+05; 9.158531e-01; 1.634042e+05; 8.712303e-01
1.992500e+01; 9.810000e+04; 8.490922e-01; 2.158712e+05; 9.148581e-01; 1.626509e+05; 8.700595e-01
1.993000e+01; 9.810000e+04; 8.477373e-01; 2.149105e+05; 9.138846e-01; 1.618922e+05; 8.688984e-01
1.993500e+01; 9.810000e+04; 8.464017e-01; 2.139458e+05; 9.128906e-01; 1.611285e+05; 8.677467e-01
1.994000e+01; 9.810000e+04; 8.450860e-01; 2.129799e+05; 9.119166e-01; 1.603600e+05; 8.666043e-01
1.994500e+01; 9.810000e+04; 8.437908e-01; 2.120102e+05; 9.109237e-01; 1.595871e+05; 8.654713e-01
1.995000e+01; 9.810000e+04; 8.425163e-01; 2.110393e+05; 9.099494e-01; 1.588100e+05; 8.643476e-01
1.995500e+01; 9.810000e+04; 8.412631e-01; 2.100650e+05; 9.089578e-01; 1.580291e+05; 8.632330e-01
1.996000e+01; 9.810000e+04; 8.400315e-01; 2.090895e+05; 9.079834e-01; 1.572446e+05; 8.621276e-01
1.996500e+01; 9.810000e+04; 8.388218e-01; 2.081108e+05; 9.069930e-01; 1.564568e+05; 8.610313e-01
1.997000e+01; 9.810000e+04; 8.376341e-01; 2.071311e+05; 9.060188e-01; 1.556661e+05; 8.599441e-01
1.997500e+01; 9.810000e+04; 8.364686e-01; 2.061484e+05; 9.050299e-01; 1.548727e+05; 8.588660e-01
1.998000e+01; 9.810000e+04; 8.353253e-01; 2.051647e+05; 9.040561e-01; 1.540768e+05; 8.577970e-01
1.998500e+01; 9.810000e+04; 8.342041e-01; 2.041782e+05; 9.030688e-01; 1.532789e+05; 8.567370e-01
1.999000e+01; 9.810000e+04; 8.331049e-01; 2.031908e+05; 9.020956e-01; 1.524791e+05; 8.556860e-01
1.999500e+01; 9.810000e+04; 8.320276e-01; 2.022008e+05; 9.011101e-01; 1.516778e+05; 8.546440e-01
