5.000000e-03; 1.013250e+05; -2.182786e-17
1.000000e-02; 1.006899e+05; -4.365573e-17
1.500000e-02; 9.956466e+04; -6.548360e-17
2.000000e-02; 9.858045e+04; -8.731148e-17
2.500000e-02; 9.757985e+04; -1.091393e-16
3.000000e-02; 9.657431e+04; -1.309672e-16
3.500000e-02; 9.557537e+04; -1.527951e-16
4.000000e-02; 9.457514e+04; -1.746230e-16
4.500000e-02; 9.357496e+04; -1.964508e-16
5.000000e-02; 9.257506e+04; -2.182787e-16
5.500000e-02; 9.157505e+04; -2.401066e-16
6.000000e-02; 9.057505e+04; -2.619345e-16
6.500000e-02; 8.957507e+04; -2.837623e-16
7.000000e-02; 8.857508e+04; -3.055902e-16
7.500000e-02; 8.757509e+04; -3.274181e-16
8.000000e-02; 8.657511e+04; -3.492460e-16
8.500000e-02; 8.557512e+04; -3.710738e-16
9.000000e-02; 8.457514e+04; -3.929017e-16
9.500000e-02; 8.357516e+04; -4.147296e-16
1.000000e-01; 8.257517e+04; -4.365574e-16
1.050000e-01; 8.157519e+04; -4.583853e-16
1.100000e-01; 8.057521e+04; -4.802132e-16
1.150000e-01; 7.957523e+04; -5.020411e-16
1.200000e-01; 7.857526e+04; -5.238689e-16
1.250000e-01; 7.757528e+04; -5.456968e-16
1.300000e-01; 7.657530e+04; -5.675247e-16
1.350000e-01; 7.557533e+04; -5.893526e-16
1.400000e-01; 7.457535e+04; -6.111804e-16
1.450000e-01; 7.357538e+04; -6.330083e-16
1.500000e-01; 7.257541e+04; -6.548358e-16
1.550000e-01; 7.157544e+04; -6.766609e-16
1.600000e-01; 7.057547e+04; -6.984619e-16
1.650000e-01; 6.957550e+04; -7.200487e-16
1.700000e-01; 6.857553e+04; -7.392365e-16
1.750000e-01; 6.757557e+04; -7.316864e-16
1.800000e-01; 6.657560e+04; -5.011569e-16
1.850000e-01; 6.557563e+04; -2.625589e-16
1.900000e-01; 6.457567e+04; -4.805765e-17
1.950000e-01; 6.357571e+04; 4.389091e-17
2.000000e-01; 6.257575e+04; 1.338684e-16
2.050000e-01; 6.157579e+04; 2.672965e-16
2.100000e-01; 6.057583e+04; 4.935054e-16
2.150000e-01; 5.957587e+04; 4.453794e-16
2.200000e-01; 5.857591e+04; 3.210940e-16
2.250000e-01; 5.757595e+04; -1.038156e-16
2.300000e-01; 5.657600e+04; -8.679974e-16
2.350000e-01; 5.557604e+04; -1.664690e-15
2.400000e-01; 5.457609e+04; -2.535347e-15
2.450000e-01; 5.357613e+04; -3.642463e-15
2.500000e-01; 5.257618e+04; -4.428834e-15
2.550000e-01; 5.157623e+04; -4.645486e-15
2.600000e-01; 5.057628e+04; -3.795572e-15
2.650000e-01; 4.957633e+04; -1.422591e-14
2.700000e-01; 4.857638e+04; -2.321290e-14
2.750000e-01; 4.757644e+04; -4.019816e-14
2.800000e-01; 4.657649e+04; -1.861527e-13
2.850000e-01; 4.557655e+04; -6.106608e-13
2.900000e-01; 4.457660e+04; -1.659535e-12
2.950000e-01; 4.357666e+04; -4.181075e-12
3.000000e-01; 4.257672e+04; -1.004944e-11
3.050000e-01; 4.157678e+04; -2.356680e-11
3.100000e-01; 4.057684e+04; -5.399223e-11
3.150000e-01; 3.957690e+04; -1.210075e-10
3.200000e-01; 3.857696e+04; -2.651990e-10
3.250000e-01; 3.757702e+04; -5.683521e-10
3.300000e-01; 3.657709e+04; -1.191316e-09
3.350000e-01; 3.557715e+04; -2.442437e-09
3.400000e-01; 3.457722e+04; -4.898021e-09
3.450000e-01; 3.357729e+04; -9.607860e-09
3.500000e-01; 3.257735e+04; -1.843535e-08
3.550000e-01; 3.157742e+04; -3.460180e-08
3.600000e-01; 3.057749e+04; -6.352799e-08
3.650000e-01; 2.957757e+04; -1.140875e-07
3.700000e-01; 2.857764e+04; -2.003991e-07
3.750000e-01; 2.757771e+04; -3.442733e-07
3.800000e-01; 2.657778e+04; -5.783788e-07
3.850000e-01; 2.557786e+04; -9.500709e-07
3.900000e-01; 2.457794e+04; -1.525617e-06
3.950000e-01; 2.357801e+04; -2.394223e-06
4.000000e-01; 2.257809e+04; -3.670801e-06
4.050000e-01; 2.157817e+04; -5.495855e-06
4.100000e-01; 2.057825e+04; -8.030219e-06
4.150000e-01; 1.957833e+04; -1.144177e-05
4.200000e-01; 1.857841e+04; -1.588080e-05
4.250000e-01; 1.757850e+04; -2.144076e-05
4.300000e-01; 1.657858e+04; -2.810148e-05
4.350000e-01; 1.557867e+04; -3.565333e-05
4.400000e-01; 1.457875e+04; -4.360310e-05
4.450000e-01; 1.357884e+04; -5.106493e-05
4.500000e-01; 1.257893e+04; -5.664353e-05
4.550000e-01; 1.157902e+04; -5.832045e-05
4.600000e-01; 1.057911e+04; -5.335717e-05
4.650000e-01; 9.579198e+03; -3.823082e-05
4.700000e-01; 8.579290e+03; -8.618418e-06
4.750000e-01; 7.579383e+03; 4.055710e-05
4.800000e-01; 6.579477e+03; 1.150104e-04
4.850000e-01; 5.579572e+03; 2.209056e-04
4.900000e-01; 4.579668e+03; 3.646030e-04
4.950000e-01; 3.579766e+03; 5.523570e-04
5.000000e-01; 2.579864e+03; 7.899887e-04
5.050000e-01; 1.579963e+03; 1.082561e-03
5.100000e-01; 5.800629e+02; 1.434086e-03
5.150000e-01; -4.198359e+02; 1.847295e-03
5.200000e-01; -1.419734e+03; 2.323490e-03
5.250000e-01; -2.419631e+03; 2.862493e-03
5.300000e-01; -3.419527e+03; 3.462690e-03
5.350000e-01; -4.419421e+03; 4.121171e-03
5.400000e-01; -5.419315e+03; 4.833939e-03
5.450000e-01; -6.419208e+03; 5.596174e-03
5.500000e-01; -7.419100e+03; 6.402519e-03
5.550000e-01; -8.418991e+03; 7.247366e-03
5.600000e-01; -9.418881e+03; 8.125118e-03
5.650000e-01; -1.041877e+04; 9.030408e-03
5.700000e-01; -1.141866e+04; 9.958273e-03
5.750000e-01; -1.241854e+04; 1.090427e-02
5.800000e-01; -1.341843e+04; 1.186453e-02
5.850000e-01; -1.441832e+04; 1.283578e-02
5.900000e-01; -1.541820e+04; 1.381535e-02
5.950000e-01; -1.641808e+04; 1.480108e-02
6.000000e-01; -1.741796e+04; 1.579127e-02
6.050000e-01; -1.841784e+04; 1.678465e-02
6.100000e-01; -1.941772e+04; 1.778024e-02
6.150000e-01; -2.041760e+04; 1.877735e-02
6.200000e-01; -2.141748e+04; 1.977547e-02
6.250000e-01; -2.241736e+04; 2.077426e-02
6.300000e-01; -2.341723e+04; 2.177348e-02
6.350000e-01; -2.441711e+04; 2.277298e-02
6.400000e-01; -2.541698e+04; 2.377264e-02
6.450000e-01; -2.641686e+04; 2.477240e-02
6.500000e-01; -2.741673e+04; 2.577222e-02
6.550000e-01; -2.841660e+04; 2.677208e-02
6.600000e-01; -2.941647e+04; 2.777196e-02
6.650000e-01; -3.041634e+04; 2.877185e-02
6.700000e-01; -3.141621e+04; 2.977175e-02
6.750000e-01; -3.241607e+04; 3.077164e-02
6.800000e-01; -3.341594e+04; 3.177154e-02
6.850000e-01; -3.441580e+04; 3.277144e-02
6.900000e-01; -3.541567e+04; 3.377135e-02
6.950000e-01; -3.641553e+04; 3.477125e-02
7.000000e-01; -3.741539e+04; 3.577115e-02
7.050000e-01; -3.841525e+04; 3.677105e-02
7.100000e-01; -3.941511e+04; 3.777095e-02
7.150000e-01; -4.041497e+04; 3.877085e-02
7.200000e-01; -4.141483e+04; 3.977076e-02
7.250000e-01; -4.241469e+04; 4.077066e-02
7.300000e-01; -4.341454e+04; 4.177056e-02
7.350000e-01; -4.441440e+04; 4.277046e-02
7.400000e-01; -4.541425e+04; 4.377036e-02
7.450000e-01; -4.641410e+04; 4.477026e-02
7.500000e-01; -4.741396e+04; 4.577016e-02
7.550000e-01; -4.841381e+04; 4.677007e-02
7.600000e-01; -4.941366e+04; 4.776997e-02
7.650000e-01; -5.041351e+04; 4.876987e-02
7.700000e-01; -5.141336e+04; 4.976977e-02
7.750000e-01; -5.241321e+04; 5.076967e-02
7.800000e-01; -5.341307e+04; 5.176957e-02
7.850000e-01; -5.441293e+04; 5.276948e-02
7.900000e-01; -5.541279e+04; 5.376938e-02
7.950000e-01; -5.641267e+04; 5.476928e-02
8.000000e-01; -5.741256e+04; 5.576918e-02
8.050000e-01; -5.841248e+04; 5.676908e-02
8.100000e-01; -5.941243e+04; 5.776898e-02
8.150000e-01; -6.041244e+04; 5.876889e-02
8.200000e-01; -6.141253e+04; 5.976879e-02
8.250000e-01; -6.241273e+04; 6.076869e-02
8.300000e-01; -6.341308e+04; 6.176859e-02
8.350000e-01; -6.441366e+04; 6.276849e-02
8.400000e-01; -6.541454e+04; 6.376839e-02
8.450000e-01; -6.641582e+04; 6.476830e-02
8.500000e-01; -6.741766e+04; 6.576820e-02
8.550000e-01; -6.842023e+04; 6.676810e-02
8.600000e-01; -6.942375e+04; 6.776800e-02
8.650000e-01; -7.042852e+04; 6.876790e-02
8.700000e-01; -7.143488e+04; 6.976780e-02
8.750000e-01; -7.244326e+04; 7.076771e-02
8.800000e-01; -7.345416e+04; 7.176761e-02
8.850000e-01; -7.446820e+04; 7.276751e-02
8.900000e-01; -7.548605e+04; 7.376741e-02
8.950000e-01; -7.650852e+04; 7.476731e-02
9.000000e-01; -7.753650e+04; 7.576721e-02
9.050000e-01; -7.857096e+04; 7.676711e-02
9.100000e-01; -7.961297e+04; 7.776702e-02
9.150000e-01; -8.066364e+04; 7.876692e-02
9.200000e-01; -8.172413e+04; 7.976682e-02
9.250000e-01; -8.279560e+04; 8.076672e-02
9.300000e-01; -8.387918e+04; 8.176662e-02
9.350000e-01; -8.497590e+04; 8.276652e-02
9.400000e-01; -8.608671e+04; 8.376643e-02
9.450000e-01; -8.721235e+04; 8.476633e-02
9.500000e-01; -8.835337e+04; 8.576623e-02
9.550000e-01; -8.951004e+04; 8.676613e-02
9.600000e-01; -9.068235e+04; 8.776603e-02
9.650000e-01; -9.186993e+04; 8.876593e-02
9.700000e-01; -9.307208e+04; 8.976584e-02
9.750000e-01; -9.428774e+04; 9.076574e-02
9.800000e-01; -9.551550e+04; 9.176564e-02
9.850000e-01; -9.675361e+04; 9.276554e-02
9.900000e-01; -9.800007e+04; 9.376544e-02
9.950000e-01; -9.925260e+04; 9.476534e-02
1.000000e+00; -1.005088e+05; 9.576525e-02
1.005000e+00; -1.017660e+05; 9.676515e-02
1.010000e+00; -1.030218e+05; 9.776505e-02
1.015000e+00; -1.042736e+05; 9.876495e-02
1.020000e+00; -1.055190e+05; 9.976485e-02
1.025000e+00; -1.067558e+05; 1.007648e-01
1.030000e+00; -1.079820e+05; 1.017647e-01
1.035000e+00; -1.091959e+05; 1.027646e-01
1.040000e+00; -1.103963e+05; 1.037645e-01
1.045000e+00; -1.115820e+05; 1.047644e-01
1.050000e+00; -1.127526e+05; 1.057643e-01
1.055000e+00; -1.139076e+05; 1.067642e-01
1.060000e+00; -1.150472e+05; 1.077641e-01
1.065000e+00; -1.161715e+05; 1.087640e-01
1.070000e+00; -1.172812e+05; 1.097639e-01
1.075000e+00; -1.183771e+05; 1.107638e-01
1.080000e+00; -1.194600e+05; 1.117637e-01
1.085000e+00; -1.205310e+05; 1.127636e-01
1.090000e+00; -1.215913e+05; 1.137635e-01
1.095000e+00; -1.226418e+05; 1.147634e-01
1.100000e+00; -1.236839e+05; 1.157633e-01
1.105000e+00; -1.247184e+05; 1.167632e-01
1.110000e+00; -1.257466e+05; 1.177631e-01
1.115000e+00; -1.267693e+05; 1.187630e-01
1.120000e+00; -1.277875e+05; 1.197629e-01
1.125000e+00; -1.288018e+05; 1.207628e-01
1.130000e+00; -1.298130e+05; 1.217627e-01
1.135000e+00; -1.308216e+05; 1.227626e-01
1.140000e+00; -1.318282e+05; 1.237625e-01
1.145000e+00; -1.328331e+05; 1.247624e-01
1.150000e+00; -1.338368e+05; 1.257623e-01
1.155000e+00; -1.348395e+05; 1.267622e-01
1.160000e+00; -1.358415e+05; 1.277621e-01
1.165000e+00; -1.368428e+05; 1.287620e-01
1.170000e+00; -1.378437e+05; 1.297619e-01
1.175000e+00; -1.388443e+05; 1.307618e-01
1.180000e+00; -1.398446e+05; 1.317617e-01
1.185000e+00; -1.408448e+05; 1.327616e-01
1.190000e+00; -1.418449e+05; 1.337615e-01
1.195000e+00; -1.428448e+05; 1.347614e-01
1.200000e+00; -1.438447e+05; 1.357613e-01
1.205000e+00; -1.448446e+05; 1.367612e-01
1.210000e+00; -1.458444e+05; 1.377611e-01
1.215000e+00; -1.468442e+05; 1.387610e-01
1.220000e+00; -1.478439e+05; 1.397609e-01
1.225000e+00; -1.488437e+05; 1.407608e-01
1.230000e+00; -1.498435e+05; 1.417607e-01
1.235000e+00; -1.508432e+05; 1.427607e-01
1.240000e+00; -1.518430e+05; 1.437606e-01
1.245000e+00; -1.528427e+05; 1.447605e-01
1.250000e+00; -1.538425e+05; 1.457604e-01
1.255000e+00; -1.548422e+05; 1.467604e-01
1.260000e+00; -1.558420e+05; 1.477603e-01
1.265000e+00; -1.568417e+05; 1.487603e-01
1.270000e+00; -1.578415e+05; 1.497603e-01
1.275000e+00; -1.588412e+05; 1.507604e-01
1.280000e+00; -1.598409e+05; 1.517605e-01
1.285000e+00; -1.608407e+05; 1.527607e-01
1.290000e+00; -1.618404e+05; 1.537610e-01
1.295000e+00; -1.628401e+05; 1.547615e-01
1.300000e+00; -1.638399e+05; 1.557621e-01
1.305000e+00; -1.648396e+05; 1.567630e-01
1.310000e+00; -1.658393e+05; 1.577642e-01
1.315000e+00; -1.668391e+05; 1.587658e-01
1.320000e+00; -1.678388e+05; 1.597679e-01
1.325000e+00; -1.688385e+05; 1.607707e-01
1.330000e+00; -1.698383e+05; 1.617742e-01
1.335000e+00; -1.708380e+05; 1.627788e-01
1.340000e+00; -1.718377e+05; 1.637847e-01
1.345000e+00; -1.728375e+05; 1.647921e-01
1.350000e+00; -1.738372e+05; 1.658015e-01
1.355000e+00; -1.748369e+05; 1.668132e-01
1.360000e+00; -1.758366e+05; 1.678276e-01
1.365000e+00; -1.768364e+05; 1.688455e-01
1.370000e+00; -1.778361e+05; 1.698673e-01
1.375000e+00; -1.788358e+05; 1.708939e-01
1.380000e+00; -1.798355e+05; 1.719261e-01
1.385000e+00; -1.808352e+05; 1.729647e-01
1.390000e+00; -1.818349e+05; 1.740108e-01
1.395000e+00; -1.828347e+05; 1.750655e-01
1.400000e+00; -1.838344e+05; 1.761301e-01
1.405000e+00; -1.848341e+05; 1.772059e-01
1.410000e+00; -1.858338e+05; 1.782942e-01
1.415000e+00; -1.868335e+05; 1.793966e-01
1.420000e+00; -1.878332e+05; 1.805146e-01
1.425000e+00; -1.888329e+05; 1.816499e-01
1.430000e+00; -1.898327e+05; 1.828040e-01
1.435000e+00; -1.908324e+05; 1.839787e-01
1.440000e+00; -1.918321e+05; 1.851756e-01
1.445000e+00; -1.928318e+05; 1.863963e-01
1.450000e+00; -1.938315e+05; 1.876424e-01
1.455000e+00; -1.948312e+05; 1.889154e-01
1.460000e+00; -1.958309e+05; 1.902167e-01
1.465000e+00; -1.968306e+05; 1.915475e-01
1.470000e+00; -1.978303e+05; 1.929089e-01
1.475000e+00; -1.988300e+05; 1.943018e-01
1.480000e+00; -1.998297e+05; 1.957269e-01
1.485000e+00; -2.008294e+05; 1.971848e-01
1.490000e+00; -2.018291e+05; 1.986757e-01
1.495000e+00; -2.028288e+05; 2.001997e-01
1.500000e+00; -2.038285e+05; 2.017567e-01
1.505000e+00; -2.048282e+05; 2.033462e-01
1.510000e+00; -2.058279e+05; 2.049676e-01
1.515000e+00; -2.068276e+05; 2.066202e-01
1.520000e+00; -2.078273e+05; 2.083029e-01
1.525000e+00; -2.088269e+05; 2.100145e-01
1.530000e+00; -2.098266e+05; 2.117539e-01
1.535000e+00; -2.108263e+05; 2.135195e-01
1.540000e+00; -2.118260e+05; 2.153098e-01
1.545000e+00; -2.128257e+05; 2.171232e-01
1.550000e+00; -2.138254e+05; 2.189581e-01
1.555000e+00; -2.148251e+05; 2.208128e-01
1.560000e+00; -2.158247e+05; 2.226856e-01
1.565000e+00; -2.168244e+05; 2.245750e-01
1.570000e+00; -2.178241e+05; 2.264792e-01
1.575000e+00; -2.188238e+05; 2.283969e-01
1.580000e+00; -2.198235e+05; 2.303264e-01
1.585000e+00; -2.208231e+05; 2.322666e-01
1.590000e+00; -2.218228e+05; 2.342160e-01
1.595000e+00; -2.228225e+05; 2.361735e-01
1.600000e+00; -2.238222e+05; 2.381380e-01
1.605000e+00; -2.248219e+05; 2.401085e-01
1.610000e+00; -2.258215e+05; 2.420842e-01
1.615000e+00; -2.268212e+05; 2.440643e-01
1.620000e+00; -2.278209e+05; 2.460481e-01
1.625000e+00; -2.288205e+05; 2.480350e-01
1.630000e+00; -2.298202e+05; 2.500244e-01
1.635000e+00; -2.308199e+05; 2.520159e-01
1.640000e+00; -2.318195e+05; 2.540092e-01
1.645000e+00; -2.328192e+05; 2.560038e-01
1.650000e+00; -2.338189e+05; 2.579996e-01
1.655000e+00; -2.348185e+05; 2.599963e-01
1.660000e+00; -2.358182e+05; 2.619938e-01
1.665000e+00; -2.368179e+05; 2.639918e-01
1.670000e+00; -2.378175e+05; 2.659902e-01
1.675000e+00; -2.388172e+05; 2.679890e-01
1.680000e+00; -2.398168e+05; 2.699881e-01
1.685000e+00; -2.408165e+05; 2.719873e-01
1.690000e+00; -2.418161e+05; 2.739868e-01
1.695000e+00; -2.428158e+05; 2.759863e-01
1.700000e+00; -2.438154e+05; 2.779859e-01
1.705000e+00; -2.448151e+05; 2.799856e-01
1.710000e+00; -2.458147e+05; 2.819854e-01
1.715000e+00; -2.468143e+05; 2.839851e-01
1.720000e+00; -2.478139e+05; 2.859849e-01
1.725000e+00; -2.488135e+05; 2.879848e-01
1.730000e+00; -2.498131e+05; 2.899846e-01
1.735000e+00; -2.508127e+05; 2.919844e-01
1.740000e+00; -2.518122e+05; 2.939843e-01
1.745000e+00; -2.528116e+05; 2.959841e-01
1.750000e+00; -2.538111e+05; 2.979840e-01
1.755000e+00; -2.548104e+05; 2.999838e-01
1.760000e+00; -2.558096e+05; 3.019837e-01
1.765000e+00; -2.568087e+05; 3.039835e-01
1.770000e+00; -2.578077e+05; 3.059834e-01
1.775000e+00; -2.588064e+05; 3.079832e-01
1.780000e+00; -2.598049e+05; 3.099831e-01
1.785000e+00; -2.608031e+05; 3.119829e-01
1.790000e+00; -2.618008e+05; 3.139828e-01
1.795000e+00; -2.627980e+05; 3.159826e-01
1.800000e+00; -2.637946e+05; 3.179824e-01
1.805000e+00; -2.647904e+05; 3.199823e-01
1.810000e+00; -2.657852e+05; 3.219821e-01
1.815000e+00; -2.667789e+05; 3.239820e-01
1.820000e+00; -2.677711e+05; 3.259818e-01
1.825000e+00; -2.687616e+05; 3.279817e-01
1.830000e+00; -2.697499e+05; 3.299815e-01
1.835000e+00; -2.707358e+05; 3.319813e-01
1.840000e+00; -2.717187e+05; 3.339812e-01
1.845000e+00; -2.726980e+05; 3.359810e-01
1.850000e+00; -2.736732e+05; 3.379808e-01
1.855000e+00; -2.746434e+05; 3.399807e-01
1.860000e+00; -2.756079e+05; 3.419805e-01
1.865000e+00; -2.765658e+05; 3.439803e-01
1.870000e+00; -2.775160e+05; 3.459802e-01
1.875000e+00; -2.784574e+05; 3.479800e-01
1.880000e+00; -2.793886e+05; 3.499798e-01
1.885000e+00; -2.803084e+05; 3.519797e-01
1.890000e+00; -2.812151e+05; 3.539795e-01
1.895000e+00; -2.821071e+05; 3.559793e-01
1.900000e+00; -2.829827e+05; 3.579791e-01
1.905000e+00; -2.838400e+05; 3.599790e-01
1.910000e+00; -2.846769e+05; 3.619788e-01
1.915000e+00; -2.854913e+05; 3.639786e-01
1.920000e+00; -2.862811e+05; 3.659784e-01
1.925000e+00; -2.870438e+05; 3.679782e-01
1.930000e+00; -2.877773e+05; 3.699781e-01
1.935000e+00; -2.884790e+05; 3.719779e-01
1.940000e+00; -2.891466e+05; 3.739777e-01
1.945000e+00; -2.897776e+05; 3.759775e-01
1.950000e+00; -2.903696e+05; 3.779773e-01
1.955000e+00; -2.909204e+05; 3.799771e-01
1.960000e+00; -2.914275e+05; 3.819769e-01
1.965000e+00; -2.918889e+05; 3.839768e-01
1.970000e+00; -2.923025e+05; 3.859766e-01
1.975000e+00; -2.926664e+05; 3.879764e-01
1.980000e+00; -2.929790e+05; 3.899762e-01
1.985000e+00; -2.932388e+05; 3.919760e-01
1.990000e+00; -2.934446e+05; 3.939758e-01
1.995000e+00; -2.935953e+05; 3.959756e-01
2.000000e+00; -2.936903e+05; 3.979754e-01
2.005000e+00; -2.937290e+05; 3.999752e-01
2.010000e+00; -2.937113e+05; 4.019750e-01
2.015000e+00; -2.936373e+05; 4.039748e-01
2.020000e+00; -2.935073e+05; 4.059746e-01
2.025000e+00; -2.933220e+05; 4.079744e-01
2.030000e+00; -2.930824e+05; 4.099742e-01
2.035000e+00; -2.927895e+05; 4.119740e-01
2.040000e+00; -2.924449e+05; 4.139738e-01
2.045000e+00; -2.920501e+05; 4.159736e-01
2.050000e+00; -2.916069e+05; 4.179734e-01
2.055000e+00; -2.911173e+05; 4.199732e-01
2.060000e+00; -2.905834e+05; 4.219730e-01
2.065000e+00; -2.900075e+05; 4.239728e-01
2.070000e+00; -2.893918e+05; 4.259726e-01
2.075000e+00; -2.887387e+05; 4.279724e-01
2.080000e+00; -2.880507e+05; 4.299721e-01
2.085000e+00; -2.873302e+05; 4.319719e-01
2.090000e+00; -2.865794e+05; 4.339717e-01
2.095000e+00; -2.858009e+05; 4.359715e-01
2.100000e+00; -2.849969e+05; 4.379713e-01
2.105000e+00; -2.841696e+05; 4.399711e-01
2.110000e+00; -2.833211e+05; 4.419709e-01
2.115000e+00; -2.824536e+05; 4.439706e-01
2.120000e+00; -2.815689e+05; 4.459704e-01
2.125000e+00; -2.806688e+05; 4.479702e-01
2.130000e+00; -2.797550e+05; 4.499700e-01
2.135000e+00; -2.788291e+05; 4.519698e-01
2.140000e+00; -2.778924e+05; 4.539695e-01
2.145000e+00; -2.769464e+05; 4.559693e-01
2.150000e+00; -2.759923e+05; 4.579691e-01
2.155000e+00; -2.750309e+05; 4.599689e-01
2.160000e+00; -2.740635e+05; 4.619686e-01
2.165000e+00; -2.730907e+05; 4.639684e-01
2.170000e+00; -2.721134e+05; 4.659682e-01
2.175000e+00; -2.711323e+05; 4.679679e-01
2.180000e+00; -2.701479e+05; 4.699677e-01
2.185000e+00; -2.691607e+05; 4.719675e-01
2.190000e+00; -2.681712e+05; 4.739672e-01
2.195000e+00; -2.671797e+05; 4.759670e-01
2.200000e+00; -2.661867e+05; 4.779668e-01
2.205000e+00; -2.651923e+05; 4.799665e-01
2.210000e+00; -2.641969e+05; 4.819663e-01
2.215000e+00; -2.632005e+05; 4.839661e-01
2.220000e+00; -2.622034e+05; 4.859658e-01
2.225000e+00; -2.612057e+05; 4.879656e-01
2.230000e+00; -2.602076e+05; 4.899653e-01
2.235000e+00; -2.592090e+05; 4.919650e-01
2.240000e+00; -2.582102e+05; 4.939648e-01
2.245000e+00; -2.572111e+05; 4.959645e-01
2.250000e+00; -2.562118e+05; 4.979641e-01
2.255000e+00; -2.552124e+05; 4.999638e-01
2.260000e+00; -2.542128e+05; 5.019634e-01
2.265000e+00; -2.532132e+05; 5.039629e-01
2.270000e+00; -2.522135e+05; 5.059624e-01
2.275000e+00; -2.512137e+05; 5.079617e-01
2.280000e+00; -2.502139e+05; 5.099610e-01
2.285000e+00; -2.492140e+05; 5.119601e-01
2.290000e+00; -2.482142e+05; 5.139590e-01
2.295000e+00; -2.472143e+05; 5.159577e-01
2.300000e+00; -2.462144e+05; 5.179561e-01
2.305000e+00; -2.452145e+05; 5.199542e-01
2.310000e+00; -2.442145e+05; 5.219518e-01
2.315000e+00; -2.432146e+05; 5.239489e-01
2.320000e+00; -2.422147e+05; 5.259453e-01
2.325000e+00; -2.412148e+05; 5.279410e-01
2.330000e+00; -2.402148e+05; 5.299357e-01
2.335000e+00; -2.392149e+05; 5.319294e-01
2.340000e+00; -2.382150e+05; 5.339217e-01
2.345000e+00; -2.372150e+05; 5.359125e-01
2.350000e+00; -2.362151e+05; 5.379015e-01
2.355000e+00; -2.352152e+05; 5.398884e-01
2.360000e+00; -2.342153e+05; 5.418728e-01
2.365000e+00; -2.332153e+05; 5.438544e-01
2.370000e+00; -2.322154e+05; 5.458328e-01
2.375000e+00; -2.312155e+05; 5.478074e-01
2.380000e+00; -2.302156e+05; 5.497779e-01
2.385000e+00; -2.292156e+05; 5.517435e-01
2.390000e+00; -2.282157e+05; 5.537037e-01
2.395000e+00; -2.272158e+05; 5.556578e-01
2.400000e+00; -2.262159e+05; 5.576051e-01
2.405000e+00; -2.252159e+05; 5.595449e-01
2.410000e+00; -2.242160e+05; 5.614763e-01
2.415000e+00; -2.232161e+05; 5.633984e-01
2.420000e+00; -2.222162e+05; 5.653105e-01
2.425000e+00; -2.212163e+05; 5.672114e-01
2.430000e+00; -2.202164e+05; 5.691004e-01
2.435000e+00; -2.192164e+05; 5.709763e-01
2.440000e+00; -2.182165e+05; 5.728381e-01
2.445000e+00; -2.172166e+05; 5.746849e-01
2.450000e+00; -2.162167e+05; 5.765155e-01
2.455000e+00; -2.152168e+05; 5.783290e-01
2.460000e+00; -2.142169e+05; 5.801244e-01
2.465000e+00; -2.132170e+05; 5.819006e-01
2.470000e+00; -2.122171e+05; 5.836566e-01
2.475000e+00; -2.112172e+05; 5.853917e-01
2.480000e+00; -2.102173e+05; 5.871049e-01
2.485000e+00; -2.092174e+05; 5.887954e-01
2.490000e+00; -2.082175e+05; 5.904624e-01
2.495000e+00; -2.072176e+05; 5.921054e-01
2.500000e+00; -2.062177e+05; 5.937238e-01
2.505000e+00; -2.052178e+05; 5.953171e-01
2.510000e+00; -2.042179e+05; 5.968849e-01
2.515000e+00; -2.032180e+05; 5.984270e-01
2.520000e+00; -2.022181e+05; 5.999432e-01
2.525000e+00; -2.012182e+05; 6.014335e-01
2.530000e+00; -2.002183e+05; 6.028978e-01
2.535000e+00; -1.992184e+05; 6.043365e-01
2.540000e+00; -1.982185e+05; 6.057498e-01
2.545000e+00; -1.972186e+05; 6.071380e-01
2.550000e+00; -1.962187e+05; 6.085015e-01
2.555000e+00; -1.952188e+05; 6.098411e-01
2.560000e+00; -1.942189e+05; 6.111573e-01
2.565000e+00; -1.932190e+05; 6.124509e-01
2.570000e+00; -1.922191e+05; 6.137226e-01
2.575000e+00; -1.912193e+05; 6.149732e-01
2.580000e+00; -1.902194e+05; 6.162038e-01
2.585000e+00; -1.892195e+05; 6.174153e-01
2.590000e+00; -1.882196e+05; 6.186085e-01
2.595000e+00; -1.872197e+05; 6.197845e-01
2.600000e+00; -1.862198e+05; 6.209444e-01
2.605000e+00; -1.852200e+05; 6.220891e-01
2.610000e+00; -1.842201e+05; 6.232197e-01
2.615000e+00; -1.832202e+05; 6.243370e-01
2.620000e+00; -1.822203e+05; 6.254422e-01
2.625000e+00; -1.812204e+05; 6.265361e-01
2.630000e+00; -1.802205e+05; 6.276197e-01
2.635000e+00; -1.792206e+05; 6.286938e-01
2.640000e+00; -1.782207e+05; 6.297593e-01
2.645000e+00; -1.772209e+05; 6.308170e-01
2.650000e+00; -1.762209e+05; 6.318676e-01
2.655000e+00; -1.752210e+05; 6.329118e-01
2.660000e+00; -1.742211e+05; 6.339504e-01
2.665000e+00; -1.732212e+05; 6.349839e-01
2.670000e+00; -1.722212e+05; 6.360128e-01
2.675000e+00; -1.712213e+05; 6.370377e-01
2.680000e+00; -1.702213e+05; 6.380591e-01
2.685000e+00; -1.692213e+05; 6.390774e-01
2.690000e+00; -1.682212e+05; 6.400930e-01
2.695000e+00; -1.672211e+05; 6.411061e-01
2.700000e+00; -1.662210e+05; 6.421173e-01
2.705000e+00; -1.652207e+05; 6.431266e-01
2.710000e+00; -1.642205e+05; 6.441345e-01
2.715000e+00; -1.632201e+05; 6.451410e-01
2.720000e+00; -1.622196e+05; 6.461464e-01
2.725000e+00; -1.612189e+05; 6.471508e-01
2.730000e+00; -1.602181e+05; 6.481544e-01
2.735000e+00; -1.592171e+05; 6.491574e-01
2.740000e+00; -1.582159e+05; 6.501597e-01
2.745000e+00; -1.572145e+05; 6.511616e-01
2.750000e+00; -1.562127e+05; 6.521631e-01
2.755000e+00; -1.552106e+05; 6.531643e-01
2.760000e+00; -1.542080e+05; 6.541651e-01
2.765000e+00; -1.532050e+05; 6.551658e-01
2.770000e+00; -1.522015e+05; 6.561663e-01
2.775000e+00; -1.511973e+05; 6.571666e-01
2.780000e+00; -1.501924e+05; 6.581668e-01
2.785000e+00; -1.491866e+05; 6.591669e-01
2.790000e+00; -1.481800e+05; 6.601669e-01
2.795000e+00; -1.471723e+05; 6.611668e-01
2.800000e+00; -1.461635e+05; 6.621667e-01
2.805000e+00; -1.451533e+05; 6.631665e-01
2.810000e+00; -1.441417e+05; 6.641664e-01
2.815000e+00; -1.431284e+05; 6.651661e-01
2.820000e+00; -1.421134e+05; 6.661659e-01
2.825000e+00; -1.410963e+05; 6.671657e-01
2.830000e+00; -1.400771e+05; 6.681654e-01
2.835000e+00; -1.390556e+05; 6.691651e-01
2.840000e+00; -1.380314e+05; 6.701648e-01
2.845000e+00; -1.370045e+05; 6.711646e-01
2.850000e+00; -1.359746e+05; 6.721643e-01
2.855000e+00; -1.349414e+05; 6.731640e-01
2.860000e+00; -1.339048e+05; 6.741637e-01
2.865000e+00; -1.328645e+05; 6.751634e-01
2.870000e+00; -1.318203e+05; 6.761631e-01
2.875000e+00; -1.307720e+05; 6.771628e-01
2.880000e+00; -1.297194e+05; 6.781625e-01
2.885000e+00; -1.286623e+05; 6.791622e-01
2.890000e+00; -1.276005e+05; 6.801619e-01
2.895000e+00; -1.265339e+05; 6.811616e-01
2.900000e+00; -1.254624e+05; 6.821613e-01
2.905000e+00; -1.243858e+05; 6.831610e-01
2.910000e+00; -1.233040e+05; 6.841606e-01
2.915000e+00; -1.222171e+05; 6.851603e-01
2.920000e+00; -1.211249e+05; 6.861600e-01
2.925000e+00; -1.200276e+05; 6.871597e-01
2.930000e+00; -1.189251e+05; 6.881594e-01
2.935000e+00; -1.178175e+05; 6.891591e-01
2.940000e+00; -1.167050e+05; 6.901588e-01
2.945000e+00; -1.155878e+05; 6.911585e-01
2.950000e+00; -1.144660e+05; 6.921582e-01
2.955000e+00; -1.133399e+05; 6.931579e-01
2.960000e+00; -1.122097e+05; 6.941576e-01
2.965000e+00; -1.110759e+05; 6.951573e-01
2.970000e+00; -1.099388e+05; 6.961570e-01
2.975000e+00; -1.087987e+05; 6.971567e-01
2.980000e+00; -1.076560e+05; 6.981564e-01
2.985000e+00; -1.065113e+05; 6.991561e-01
2.990000e+00; -1.053649e+05; 7.001558e-01
2.995000e+00; -1.042174e+05; 7.011555e-01
3.000000e+00; -1.030692e+05; 7.021552e-01
3.005000e+00; -1.019208e+05; 7.031549e-01
3.010000e+00; -1.007727e+05; 7.041545e-01
3.015000e+00; -9.962543e+04; 7.051542e-01
3.020000e+00; -9.847945e+04; 7.061539e-01
3.025000e+00; -9.733523e+04; 7.071536e-01
3.030000e+00; -9.619323e+04; 7.081533e-01
3.035000e+00; -9.505387e+04; 7.091530e-01
3.040000e+00; -9.391756e+04; 7.101527e-01
3.045000e+00; -9.278468e+04; 7.111524e-01
3.050000e+00; -9.165557e+04; 7.121521e-01
3.055000e+00; -9.053054e+04; 7.131518e-01
3.060000e+00; -8.940987e+04; 7.141515e-01
3.065000e+00; -8.829379e+04; 7.151512e-01
3.070000e+00; -8.718250e+04; 7.161509e-01
3.075000e+00; -8.607616e+04; 7.171506e-01
3.080000e+00; -8.497487e+04; 7.181503e-01
3.085000e+00; -8.387873e+04; 7.191499e-01
3.090000e+00; -8.278778e+04; 7.201496e-01
3.095000e+00; -8.170201e+04; 7.211493e-01
3.100000e+00; -8.062141e+04; 7.221490e-01
3.105000e+00; -7.954592e+04; 7.231487e-01
3.110000e+00; -7.847544e+04; 7.241484e-01
3.115000e+00; -7.740986e+04; 7.251480e-01
3.120000e+00; -7.634905e+04; 7.261477e-01
3.125000e+00; -7.529285e+04; 7.271474e-01
3.130000e+00; -7.424107e+04; 7.281470e-01
3.135000e+00; -7.319354e+04; 7.291466e-01
3.140000e+00; -7.215005e+04; 7.301463e-01
3.145000e+00; -7.111039e+04; 7.311459e-01
3.150000e+00; -7.007435e+04; 7.321454e-01
3.155000e+00; -6.904170e+04; 7.331450e-01
3.160000e+00; -6.801223e+04; 7.341445e-01
3.165000e+00; -6.698572e+04; 7.351440e-01
3.170000e+00; -6.596195e+04; 7.361434e-01
3.175000e+00; -6.494071e+04; 7.371428e-01
3.180000e+00; -6.392180e+04; 7.381421e-01
3.185000e+00; -6.290503e+04; 7.391413e-01
3.190000e+00; -6.189020e+04; 7.401404e-01
3.195000e+00; -6.087714e+04; 7.411394e-01
3.200000e+00; -5.986567e+04; 7.421383e-01
3.205000e+00; -5.885565e+04; 7.431370e-01
3.210000e+00; -5.784692e+04; 7.441355e-01
3.215000e+00; -5.683935e+04; 7.451337e-01
3.220000e+00; -5.583280e+04; 7.461317e-01
3.225000e+00; -5.482717e+04; 7.471294e-01
3.230000e+00; -5.382235e+04; 7.481267e-01
3.235000e+00; -5.281824e+04; 7.491235e-01
3.240000e+00; -5.181475e+04; 7.501199e-01
3.245000e+00; -5.081181e+04; 7.511156e-01
3.250000e+00; -4.980935e+04; 7.521107e-01
3.255000e+00; -4.880730e+04; 7.531050e-01
3.260000e+00; -4.780560e+04; 7.540983e-01
3.265000e+00; -4.680422e+04; 7.550907e-01
3.270000e+00; -4.580309e+04; 7.560819e-01
3.275000e+00; -4.480219e+04; 7.570717e-01
3.280000e+00; -4.380149e+04; 7.580601e-01
3.285000e+00; -4.280094e+04; 7.590467e-01
3.290000e+00; -4.180054e+04; 7.600314e-01
3.295000e+00; -4.080025e+04; 7.610140e-01
3.300000e+00; -3.980006e+04; 7.619941e-01
3.305000e+00; -3.879996e+04; 7.629715e-01
3.310000e+00; -3.779992e+04; 7.639458e-01
3.315000e+00; -3.679994e+04; 7.649169e-01
3.320000e+00; -3.580000e+04; 7.658841e-01
3.325000e+00; -3.480011e+04; 7.668473e-01
3.330000e+00; -3.380025e+04; 7.678060e-01
3.335000e+00; -3.280041e+04; 7.687596e-01
3.340000e+00; -3.180060e+04; 7.697078e-01
3.345000e+00; -3.080081e+04; 7.706501e-01
3.350000e+00; -2.980103e+04; 7.715859e-01
3.355000e+00; -2.880126e+04; 7.725147e-01
3.360000e+00; -2.780151e+04; 7.734358e-01
3.365000e+00; -2.680176e+04; 7.743488e-01
3.370000e+00; -2.580202e+04; 7.752529e-01
3.375000e+00; -2.480228e+04; 7.761475e-01
3.380000e+00; -2.380255e+04; 7.770320e-01
3.385000e+00; -2.280282e+04; 7.779057e-01
3.390000e+00; -2.180310e+04; 7.787679e-01
3.395000e+00; -2.080338e+04; 7.796179e-01
3.400000e+00; -1.980366e+04; 7.804549e-01
3.405000e+00; -1.880394e+04; 7.812784e-01
3.410000e+00; -1.780423e+04; 7.820876e-01
3.415000e+00; -1.680451e+04; 7.828818e-01
3.420000e+00; -1.580480e+04; 7.836603e-01
3.425000e+00; -1.480509e+04; 7.844225e-01
3.430000e+00; -1.380538e+04; 7.851677e-01
3.435000e+00; -1.280568e+04; 7.858954e-01
3.440000e+00; -1.180597e+04; 7.866048e-01
3.445000e+00; -1.080626e+04; 7.872956e-01
3.450000e+00; -9.806561e+03; 7.879672e-01
3.455000e+00; -8.806858e+03; 7.886191e-01
3.460000e+00; -7.807156e+03; 7.892508e-01
3.465000e+00; -6.807455e+03; 7.898622e-01
3.470000e+00; -5.807755e+03; 7.904527e-01
3.475000e+00; -4.808056e+03; 7.910222e-01
3.480000e+00; -3.808358e+03; 7.915705e-01
3.485000e+00; -2.808661e+03; 7.920974e-01
3.490000e+00; -1.808966e+03; 7.926028e-01
3.495000e+00; -8.092710e+02; 7.930868e-01
3.500000e+00; 1.904225e+02; 7.935494e-01
3.505000e+00; 1.190115e+03; 7.939906e-01
3.510000e+00; 2.189806e+03; 7.944108e-01
3.515000e+00; 3.189496e+03; 7.948100e-01
3.520000e+00; 4.189185e+03; 7.951886e-01
3.525000e+00; 5.188873e+03; 7.955469e-01
3.530000e+00; 6.188559e+03; 7.958853e-01
3.535000e+00; 7.188244e+03; 7.962042e-01
3.540000e+00; 8.187928e+03; 7.965042e-01
3.545000e+00; 9.187609e+03; 7.967858e-01
3.550000e+00; 1.018729e+04; 7.970495e-01
3.555000e+00; 1.118697e+04; 7.972959e-01
3.560000e+00; 1.218664e+04; 7.975256e-01
3.565000e+00; 1.318631e+04; 7.977394e-01
3.570000e+00; 1.418598e+04; 7.979378e-01
3.575000e+00; 1.518565e+04; 7.981216e-01
3.580000e+00; 1.618531e+04; 7.982915e-01
3.585000e+00; 1.718497e+04; 7.984480e-01
3.590000e+00; 1.818461e+04; 7.985920e-01
3.595000e+00; 1.918426e+04; 7.987242e-01
3.600000e+00; 2.018389e+04; 7.988452e-01
3.605000e+00; 2.118351e+04; 7.989557e-01
3.610000e+00; 2.218312e+04; 7.990564e-01
3.615000e+00; 2.318271e+04; 7.991479e-01
3.620000e+00; 2.418229e+04; 7.992309e-01
3.625000e+00; 2.518184e+04; 7.993059e-01
3.630000e+00; 2.618136e+04; 7.993736e-01
3.635000e+00; 2.718085e+04; 7.994346e-01
3.640000e+00; 2.818030e+04; 7.994893e-01
3.645000e+00; 2.917970e+04; 7.995383e-01
3.650000e+00; 3.017904e+04; 7.995821e-01
3.655000e+00; 3.117831e+04; 7.996211e-01
3.660000e+00; 3.217750e+04; 7.996558e-01
3.665000e+00; 3.317659e+04; 7.996865e-01
3.670000e+00; 3.417557e+04; 7.997137e-01
3.675000e+00; 3.517441e+04; 7.997376e-01
3.680000e+00; 3.617308e+04; 7.997587e-01
3.685000e+00; 3.717156e+04; 7.997772e-01
3.690000e+00; 3.816981e+04; 7.997933e-01
3.695000e+00; 3.916780e+04; 7.998074e-01
3.700000e+00; 4.016548e+04; 7.998197e-01
3.705000e+00; 4.116279e+04; 7.998304e-01
3.710000e+00; 4.215967e+04; 7.998396e-01
3.715000e+00; 4.315607e+04; 7.998475e-01
3.720000e+00; 4.415189e+04; 7.998544e-01
3.725000e+00; 4.514705e+04; 7.998602e-01
3.730000e+00; 4.614146e+04; 7.998653e-01
3.735000e+00; 4.713498e+04; 7.998695e-01
3.740000e+00; 4.812750e+04; 7.998732e-01
3.745000e+00; 4.911887e+04; 7.998762e-01
3.750000e+00; 5.010892e+04; 7.998788e-01
3.755000e+00; 5.109748e+04; 7.998810e-01
3.760000e+00; 5.208434e+04; 7.998828e-01
3.765000e+00; 5.306926e+04; 7.998844e-01
3.770000e+00; 5.405202e+04; 7.998856e-01
3.775000e+00; 5.503231e+04; 7.998867e-01
3.780000e+00; 5.600985e+04; 7.998875e-01
3.785000e+00; 5.698429e+04; 7.998882e-01
3.790000e+00; 5.795526e+04; 7.998888e-01
3.795000e+00; 5.892237e+04; 7.998893e-01
3.800000e+00; 5.988517e+04; 7.998896e-01
3.805000e+00; 6.084319e+04; 7.998899e-01
3.810000e+00; 6.179592e+04; 7.998902e-01
3.815000e+00; 6.274280e+04; 7.998903e-01
3.820000e+00; 6.368323e+04; 7.998905e-01
3.825000e+00; 6.461658e+04; 7.998905e-01
3.830000e+00; 6.554215e+04; 7.998906e-01
3.835000e+00; 6.645923e+04; 7.998907e-01
3.840000e+00; 6.736704e+04; 7.998907e-01
3.845000e+00; 6.826477e+04; 7.998907e-01
3.850000e+00; 6.915155e+04; 7.998907e-01
3.855000e+00; 7.002647e+04; 7.998907e-01
3.860000e+00; 7.088859e+04; 7.998906e-01
3.865000e+00; 7.173693e+04; 7.998906e-01
3.870000e+00; 7.257045e+04; 7.998906e-01
3.875000e+00; 7.338809e+04; 7.998905e-01
3.880000e+00; 7.418875e+04; 7.998905e-01
3.885000e+00; 7.497130e+04; 7.998905e-01
3.890000e+00; 7.573460e+04; 7.998904e-01
3.895000e+00; 7.647747e+04; 7.998904e-01
3.900000e+00; 7.719871e+04; 7.998904e-01
3.905000e+00; 7.789711e+04; 7.998903e-01
3.910000e+00; 7.857148e+04; 7.998903e-01
3.915000e+00; 7.922059e+04; 7.998903e-01
3.920000e+00; 7.984324e+04; 7.998902e-01
3.925000e+00; 8.043823e+04; 7.998902e-01
3.930000e+00; 8.100440e+04; 7.998902e-01
3.935000e+00; 8.154058e+04; 7.998901e-01
3.940000e+00; 8.204566e+04; 7.998901e-01
3.945000e+00; 8.251857e+04; 7.998901e-01
3.950000e+00; 8.295826e+04; 7.998901e-01
3.955000e+00; 8.336377e+04; 7.998900e-01
3.960000e+00; 8.373416e+04; 7.998900e-01
3.965000e+00; 8.406859e+04; 7.998900e-01
3.970000e+00; 8.436627e+04; 7.998900e-01
3.975000e+00; 8.462650e+04; 7.998900e-01
3.980000e+00; 8.484864e+04; 7.998900e-01
3.985000e+00; 8.503217e+04; 7.998900e-01
3.990000e+00; 8.517663e+04; 7.998900e-01
3.995000e+00; 8.528167e+04; 7.998900e-01
4.000000e+00; 8.534704e+04; 7.998900e-01
4.005000e+00; 8.537257e+04; 7.998900e-01
4.010000e+00; 8.535820e+04; 7.998900e-01
4.015000e+00; 8.530397e+04; 7.998900e-01
4.020000e+00; 8.521002e+04; 7.998900e-01
4.025000e+00; 8.507659e+04; 7.998900e-01
4.030000e+00; 8.490401e+04; 7.998900e-01
4.035000e+00; 8.469271e+04; 7.998900e-01
4.040000e+00; 8.444320e+04; 7.998900e-01
4.045000e+00; 8.415610e+04; 7.998900e-01
4.050000e+00; 8.383209e+04; 7.998901e-01
4.055000e+00; 8.347193e+04; 7.998901e-01
4.060000e+00; 8.307647e+04; 7.998901e-01
4.065000e+00; 8.264660e+04; 7.998901e-01
4.070000e+00; 8.218330e+04; 7.998902e-01
4.075000e+00; 8.168757e+04; 7.998902e-01
4.080000e+00; 8.116050e+04; 7.998902e-01
4.085000e+00; 8.060317e+04; 7.998903e-01
4.090000e+00; 8.001674e+04; 7.998903e-01
4.095000e+00; 7.940237e+04; 7.998904e-01
4.100000e+00; 7.876123e+04; 7.998904e-01
4.105000e+00; 7.809455e+04; 7.998905e-01
4.110000e+00; 7.740351e+04; 7.998905e-01
4.115000e+00; 7.668933e+04; 7.998906e-01
4.120000e+00; 7.595320e+04; 7.998907e-01
4.125000e+00; 7.519633e+04; 7.998908e-01
4.130000e+00; 7.441988e+04; 7.998909e-01
4.135000e+00; 7.362501e+04; 7.998910e-01
4.140000e+00; 7.281284e+04; 7.998912e-01
4.145000e+00; 7.198449e+04; 7.998914e-01
4.150000e+00; 7.114101e+04; 7.998915e-01
4.155000e+00; 7.028343e+04; 7.998918e-01
4.160000e+00; 6.941276e+04; 7.998920e-01
4.165000e+00; 6.852995e+04; 7.998923e-01
4.170000e+00; 6.763590e+04; 7.998927e-01
4.175000e+00; 6.673150e+04; 7.998931e-01
4.180000e+00; 6.581756e+04; 7.998936e-01
4.185000e+00; 6.489486e+04; 7.998942e-01
4.190000e+00; 6.396416e+04; 7.998948e-01
4.195000e+00; 6.302613e+04; 7.998956e-01
4.200000e+00; 6.208142e+04; 7.998966e-01
4.205000e+00; 6.113066e+04; 7.998976e-01
4.210000e+00; 6.017440e+04; 7.998989e-01
4.215000e+00; 5.921316e+04; 7.999004e-01
4.220000e+00; 5.824744e+04; 7.999021e-01
4.225000e+00; 5.727769e+04; 7.999041e-01
4.230000e+00; 5.630431e+04; 7.999064e-01
4.235000e+00; 5.532768e+04; 7.999091e-01
4.240000e+00; 5.434815e+04; 7.999122e-01
4.245000e+00; 5.336604e+04; 7.999158e-01
4.250000e+00; 5.238164e+04; 7.999200e-01
4.255000e+00; 5.139519e+04; 7.999248e-01
4.260000e+00; 5.040695e+04; 7.999303e-01
4.265000e+00; 4.941712e+04; 7.999367e-01
4.270000e+00; 4.842589e+04; 7.999439e-01
4.275000e+00; 4.743343e+04; 7.999522e-01
4.280000e+00; 4.643990e+04; 7.999617e-01
4.285000e+00; 4.544543e+04; 7.999724e-01
4.290000e+00; 4.445014e+04; 7.999846e-01
4.295000e+00; 4.345414e+04; 7.999985e-01
4.300000e+00; 4.245753e+04; 8.000141e-01
4.305000e+00; 4.146038e+04; 8.000318e-01
4.310000e+00; 4.046277e+04; 8.000517e-01
4.315000e+00; 3.946477e+04; 8.000740e-01
4.320000e+00; 3.846643e+04; 8.000991e-01
4.325000e+00; 3.746780e+04; 8.001271e-01
4.330000e+00; 3.646892e+04; 8.001584e-01
4.335000e+00; 3.546984e+04; 8.001933e-01
4.340000e+00; 3.447057e+04; 8.002320e-01
4.345000e+00; 3.347115e+04; 8.002750e-01
4.350000e+00; 3.247161e+04; 8.003227e-01
4.355000e+00; 3.147196e+04; 8.003753e-01
4.360000e+00; 3.047222e+04; 8.004334e-01
4.365000e+00; 2.947240e+04; 8.004972e-01
4.370000e+00; 2.847252e+04; 8.005674e-01
4.375000e+00; 2.747259e+04; 8.006443e-01
4.380000e+00; 2.647262e+04; 8.007284e-01
4.385000e+00; 2.547261e+04; 8.008202e-01
4.390000e+00; 2.447258e+04; 8.009202e-01
4.395000e+00; 2.347252e+04; 8.010290e-01
4.400000e+00; 2.247245e+04; 8.011470e-01
4.405000e+00; 2.147235e+04; 8.012749e-01
4.410000e+00; 2.047225e+04; 8.014131e-01
4.415000e+00; 1.947214e+04; 8.015623e-01
4.420000e+00; 1.847202e+04; 8.017229e-01
4.425000e+00; 1.747190e+04; 8.018955e-01
4.430000e+00; 1.647177e+04; 8.020808e-01
4.435000e+00; 1.547164e+04; 8.022792e-01
4.440000e+00; 1.447151e+04; 8.024912e-01
4.445000e+00; 1.347138e+04; 8.027175e-01
4.450000e+00; 1.247125e+04; 8.029585e-01
4.455000e+00; 1.147112e+04; 8.032147e-01
4.460000e+00; 1.047099e+04; 8.034867e-01
4.465000e+00; 9.470866e+03; 8.037748e-01
4.470000e+00; 8.470740e+03; 8.040795e-01
4.475000e+00; 7.470616e+03; 8.044013e-01
4.480000e+00; 6.470494e+03; 8.047404e-01
4.485000e+00; 5.470374e+03; 8.050973e-01
4.490000e+00; 4.470256e+03; 8.054722e-01
4.495000e+00; 3.470140e+03; 8.058655e-01
4.500000e+00; 2.470026e+03; 8.062773e-01
4.505000e+00; 1.469914e+03; 8.067078e-01
4.510000e+00; 4.698041e+02; 8.071572e-01
4.515000e+00; -5.303046e+02; 8.076257e-01
4.520000e+00; -1.530412e+03; 8.081132e-01
4.525000e+00; -2.530519e+03; 8.086198e-01
4.530000e+00; -3.530624e+03; 8.091456e-01
4.535000e+00; -4.530730e+03; 8.096903e-01
4.540000e+00; -5.530836e+03; 8.102539e-01
4.545000e+00; -6.530943e+03; 8.108363e-01
4.550000e+00; -7.531052e+03; 8.114372e-01
4.555000e+00; -8.531163e+03; 8.120565e-01
4.560000e+00; -9.531278e+03; 8.126939e-01
4.565000e+00; -1.053140e+04; 8.133490e-01
4.570000e+00; -1.153152e+04; 8.140216e-01
4.575000e+00; -1.253166e+04; 8.147112e-01
4.580000e+00; -1.353180e+04; 8.154174e-01
4.585000e+00; -1.453196e+04; 8.161399e-01
4.590000e+00; -1.553213e+04; 8.168782e-01
4.595000e+00; -1.653232e+04; 8.176317e-01
4.600000e+00; -1.753253e+04; 8.184000e-01
4.605000e+00; -1.853276e+04; 8.191827e-01
4.610000e+00; -1.953303e+04; 8.199790e-01
4.615000e+00; -2.053332e+04; 8.207886e-01
4.620000e+00; -2.153366e+04; 8.216109e-01
4.625000e+00; -2.253405e+04; 8.224453e-01
4.630000e+00; -2.353449e+04; 8.232913e-01
4.635000e+00; -2.453500e+04; 8.241484e-01
4.640000e+00; -2.553557e+04; 8.250159e-01
4.645000e+00; -2.653623e+04; 8.258933e-01
4.650000e+00; -2.753699e+04; 8.267802e-01
4.655000e+00; -2.853785e+04; 8.276759e-01
4.660000e+00; -2.953884e+04; 8.285800e-01
4.665000e+00; -3.053998e+04; 8.294919e-01
4.670000e+00; -3.154127e+04; 8.304112e-01
4.675000e+00; -3.254274e+04; 8.313374e-01
4.680000e+00; -3.354441e+04; 8.322700e-01
4.685000e+00; -3.454632e+04; 8.332086e-01
4.690000e+00; -3.554848e+04; 8.341527e-01
4.695000e+00; -3.655093e+04; 8.351020e-01
4.700000e+00; -3.755370e+04; 8.360561e-01
4.705000e+00; -3.855682e+04; 8.370146e-01
4.710000e+00; -3.956034e+04; 8.379772e-01
4.715000e+00; -4.056430e+04; 8.389434e-01
4.720000e+00; -4.156875e+04; 8.399131e-01
4.725000e+00; -4.257373e+04; 8.408859e-01
4.730000e+00; -4.357929e+04; 8.418616e-01
4.735000e+00; -4.458550e+04; 8.428398e-01
4.740000e+00; -4.559242e+04; 8.438205e-01
4.745000e+00; -4.660010e+04; 8.448032e-01
4.750000e+00; -4.760863e+04; 8.457879e-01
4.755000e+00; -4.861806e+04; 8.467743e-01
4.760000e+00; -4.962848e+04; 8.477624e-01
4.765000e+00; -5.063997e+04; 8.487518e-01
4.770000e+00; -5.165261e+04; 8.497425e-01
4.775000e+00; -5.266649e+04; 8.507343e-01
4.780000e+00; -5.368170e+04; 8.517271e-01
4.785000e+00; -5.469833e+04; 8.527209e-01
4.790000e+00; -5.571647e+04; 8.537154e-01
4.795000e+00; -5.673624e+04; 8.547106e-01
4.800000e+00; -5.775772e+04; 8.557065e-01
4.805000e+00; -5.878102e+04; 8.567029e-01
4.810000e+00; -5.980624e+04; 8.576999e-01
4.815000e+00; -6.083349e+04; 8.586972e-01
4.820000e+00; -6.186286e+04; 8.596949e-01
4.825000e+00; -6.289446e+04; 8.606930e-01
4.830000e+00; -6.392840e+04; 8.616913e-01
4.835000e+00; -6.496476e+04; 8.626899e-01
4.840000e+00; -6.600365e+04; 8.636887e-01
4.845000e+00; -6.704515e+04; 8.646877e-01
4.850000e+00; -6.808936e+04; 8.656869e-01
4.855000e+00; -6.913634e+04; 8.666862e-01
4.860000e+00; -7.018619e+04; 8.676856e-01
4.865000e+00; -7.123895e+04; 8.686851e-01
4.870000e+00; -7.229470e+04; 8.696847e-01
4.875000e+00; -7.335348e+04; 8.706844e-01
4.880000e+00; -7.441533e+04; 8.716842e-01
4.885000e+00; -7.548028e+04; 8.726840e-01
4.890000e+00; -7.654835e+04; 8.736839e-01
4.895000e+00; -7.761954e+04; 8.746838e-01
4.900000e+00; -7.869385e+04; 8.756837e-01
4.905000e+00; -7.977127e+04; 8.766837e-01
4.910000e+00; -8.085174e+04; 8.776837e-01
4.915000e+00; -8.193524e+04; 8.786837e-01
4.920000e+00; -8.302169e+04; 8.796837e-01
4.925000e+00; -8.411103e+04; 8.806837e-01
4.930000e+00; -8.520316e+04; 8.816838e-01
4.935000e+00; -8.629798e+04; 8.826838e-01
4.940000e+00; -8.739537e+04; 8.836839e-01
4.945000e+00; -8.849520e+04; 8.846840e-01
4.950000e+00; -8.959733e+04; 8.856841e-01
4.955000e+00; -9.070160e+04; 8.866842e-01
4.960000e+00; -9.180784e+04; 8.876843e-01
4.965000e+00; -9.291587e+04; 8.886844e-01
4.970000e+00; -9.402551e+04; 8.896845e-01
4.975000e+00; -9.513654e+04; 8.906846e-01
4.980000e+00; -9.624877e+04; 8.916847e-01
4.985000e+00; -9.736198e+04; 8.926848e-01
4.990000e+00; -9.847594e+04; 8.936849e-01
4.995000e+00; -9.959044e+04; 8.946850e-01
5.000000e+00; -1.007053e+05; 8.956851e-01
5.005000e+00; -1.018201e+05; 8.966852e-01
5.010000e+00; -1.023000e+05; 8.976854e-01
5.015000e+00; -1.022894e+05; 8.986855e-01
5.020000e+00; -1.024191e+05; 8.996856e-01
5.025000e+00; -1.025315e+05; 9.006858e-01
5.030000e+00; -1.026380e+05; 9.016859e-01
5.035000e+00; -1.027499e+05; 9.026861e-01
5.040000e+00; -1.028589e+05; 9.036862e-01
5.045000e+00; -1.029664e+05; 9.046864e-01
5.050000e+00; -1.030723e+05; 9.056866e-01
5.055000e+00; -1.031761e+05; 9.066868e-01
5.060000e+00; -1.032777e+05; 9.076870e-01
5.065000e+00; -1.033770e+05; 9.086872e-01
5.070000e+00; -1.034738e+05; 9.096875e-01
5.075000e+00; -1.035680e+05; 9.106878e-01
5.080000e+00; -1.036594e+05; 9.116881e-01
5.085000e+00; -1.037481e+05; 9.126884e-01
5.090000e+00; -1.038338e+05; 9.136888e-01
5.095000e+00; -1.039166e+05; 9.146893e-01
5.100000e+00; -1.039963e+05; 9.156898e-01
5.105000e+00; -1.040730e+05; 9.166903e-01
5.110000e+00; -1.041466e+05; 9.176910e-01
5.115000e+00; -1.042170e+05; 9.186917e-01
5.120000e+00; -1.042843e+05; 9.196925e-01
5.125000e+00; -1.043486e+05; 9.206935e-01
5.130000e+00; -1.044097e+05; 9.216945e-01
5.135000e+00; -1.044678e+05; 9.226957e-01
5.140000e+00; -1.045229e+05; 9.236971e-01
5.145000e+00; -1.045750e+05; 9.246987e-01
5.150000e+00; -1.046242e+05; 9.257005e-01
5.155000e+00; -1.046706e+05; 9.267026e-01
5.160000e+00; -1.047142e+05; 9.277049e-01
5.165000e+00; -1.047552e+05; 9.287076e-01
5.170000e+00; -1.047935e+05; 9.297106e-01
5.175000e+00; -1.048294e+05; 9.307140e-01
5.180000e+00; -1.048629e+05; 9.317179e-01
5.185000e+00; -1.048940e+05; 9.327223e-01
5.190000e+00; -1.049230e+05; 9.337273e-01
5.195000e+00; -1.049499e+05; 9.347329e-01
5.200000e+00; -1.049747e+05; 9.357392e-01
5.205000e+00; -1.049977e+05; 9.367463e-01
5.210000e+00; -1.050189e+05; 9.377544e-01
5.215000e+00; -1.050384e+05; 9.387633e-01
5.220000e+00; -1.050562e+05; 9.397734e-01
5.225000e+00; -1.050726e+05; 9.407847e-01
5.230000e+00; -1.050876e+05; 9.417973e-01
5.235000e+00; -1.051013e+05; 9.428113e-01
5.240000e+00; -1.051137e+05; 9.438270e-01
5.245000e+00; -1.051250e+05; 9.448444e-01
5.250000e+00; -1.051353e+05; 9.458638e-01
5.255000e+00; -1.051446e+05; 9.468852e-01
5.260000e+00; -1.051530e+05; 9.479090e-01
5.265000e+00; -1.051605e+05; 9.489352e-01
5.270000e+00; -1.051673e+05; 9.499642e-01
5.275000e+00; -1.051734e+05; 9.509961e-01
5.280000e+00; -1.051788e+05; 9.520312e-01
5.285000e+00; -1.051837e+05; 9.530697e-01
5.290000e+00; -1.051880e+05; 9.541120e-01
5.295000e+00; -1.051919e+05; 9.551582e-01
5.300000e+00; -1.051953e+05; 9.562088e-01
5.305000e+00; -1.051983e+05; 9.572640e-01
5.310000e+00; -1.052009e+05; 9.583241e-01
5.315000e+00; -1.052032e+05; 9.593895e-01
5.320000e+00; -1.052053e+05; 9.604606e-01
5.325000e+00; -1.052071e+05; 9.615377e-01
5.330000e+00; -1.052086e+05; 9.626212e-01
5.335000e+00; -1.052100e+05; 9.637114e-01
5.340000e+00; -1.052111e+05; 9.648088e-01
5.345000e+00; -1.052121e+05; 9.659138e-01
5.350000e+00; -1.052129e+05; 9.670268e-01
5.355000e+00; -1.052136e+05; 9.681483e-01
5.360000e+00; -1.052142e+05; 9.692786e-01
5.365000e+00; -1.052147e+05; 9.704182e-01
5.370000e+00; -1.052152e+05; 9.715675e-01
5.375000e+00; -1.052155e+05; 9.727270e-01
5.380000e+00; -1.052157e+05; 9.738970e-01
5.385000e+00; -1.052159e+05; 9.750781e-01
5.390000e+00; -1.052161e+05; 9.762705e-01
5.395000e+00; -1.052162e+05; 9.774745e-01
5.400000e+00; -1.052163e+05; 9.786906e-01
5.405000e+00; -1.052163e+05; 9.799187e-01
5.410000e+00; -1.052163e+05; 9.811591e-01
5.415000e+00; -1.052163e+05; 9.824117e-01
5.420000e+00; -1.052162e+05; 9.836761e-01
5.425000e+00; -1.052161e+05; 9.849518e-01
5.430000e+00; -1.052160e+05; 9.862379e-01
5.435000e+00; -1.052159e+05; 9.875332e-01
5.440000e+00; -1.052158e+05; 9.888361e-01
5.445000e+00; -1.052157e+05; 9.901443e-01
5.450000e+00; -1.052155e+05; 9.914552e-01
5.455000e+00; -1.052154e+05; 9.927656e-01
5.460000e+00; -1.052152e+05; 9.940718e-01
5.465000e+00; -1.052150e+05; 9.953696e-01
5.470000e+00; -1.052148e+05; 9.966546e-01
5.475000e+00; -1.052146e+05; 9.979222e-01
5.480000e+00; -1.052144e+05; 9.991677e-01
5.485000e+00; -1.052142e+05; 1.000387e+00
5.490000e+00; -1.052140e+05; 1.001575e+00
5.495000e+00; -1.052138e+05; 1.002729e+00
5.500000e+00; -1.052136e+05; 1.003847e+00
5.505000e+00; -1.052133e+05; 1.004926e+00
5.510000e+00; -1.052131e+05; 1.005966e+00
5.515000e+00; -1.052128e+05; 1.006967e+00
5.520000e+00; -1.052126e+05; 1.007932e+00
5.525000e+00; -1.052123e+05; 1.008861e+00
5.530000e+00; -1.052120e+05; 1.009759e+00
5.535000e+00; -1.052117e+05; 1.010629e+00
5.540000e+00; -1.052113e+05; 1.011475e+00
5.545000e+00; -1.052109e+05; 1.012302e+00
5.550000e+00; -1.052105e+05; 1.013114e+00
5.555000e+00; -1.052101e+05; 1.013915e+00
5.560000e+00; -1.052096e+05; 1.014710e+00
5.565000e+00; -1.052091e+05; 1.015502e+00
5.570000e+00; -1.052086e+05; 1.016293e+00
5.575000e+00; -1.052079e+05; 1.017087e+00
5.580000e+00; -1.052073e+05; 1.017886e+00
5.585000e+00; -1.052065e+05; 1.018691e+00
5.590000e+00; -1.052056e+05; 1.019503e+00
5.595000e+00; -1.052047e+05; 1.020324e+00
5.600000e+00; -1.052036e+05; 1.021153e+00
5.605000e+00; -1.052024e+05; 1.021992e+00
5.610000e+00; -1.052010e+05; 1.022839e+00
5.615000e+00; -1.051995e+05; 1.023696e+00
5.620000e+00; -1.051978e+05; 1.024562e+00
5.625000e+00; -1.051958e+05; 1.025437e+00
5.630000e+00; -1.051936e+05; 1.026320e+00
5.635000e+00; -1.051911e+05; 1.027211e+00
5.640000e+00; -1.051882e+05; 1.028110e+00
5.645000e+00; -1.051850e+05; 1.029016e+00
5.650000e+00; -1.051814e+05; 1.029929e+00
5.655000e+00; -1.051773e+05; 1.030849e+00
5.660000e+00; -1.051727e+05; 1.031774e+00
5.665000e+00; -1.051674e+05; 1.032706e+00
5.670000e+00; -1.051615e+05; 1.033643e+00
5.675000e+00; -1.051548e+05; 1.034585e+00
5.680000e+00; -1.051473e+05; 1.035532e+00
5.685000e+00; -1.051389e+05; 1.036484e+00
5.690000e+00; -1.051294e+05; 1.037440e+00
5.695000e+00; -1.051187e+05; 1.038399e+00
5.700000e+00; -1.051068e+05; 1.039362e+00
5.705000e+00; -1.050934e+05; 1.040329e+00
5.710000e+00; -1.050784e+05; 1.041298e+00
5.715000e+00; -1.050616e+05; 1.042270e+00
5.720000e+00; -1.050430e+05; 1.043245e+00
5.725000e+00; -1.050222e+05; 1.044223e+00
5.730000e+00; -1.049990e+05; 1.045202e+00
5.735000e+00; -1.049733e+05; 1.046184e+00
5.740000e+00; -1.049447e+05; 1.047167e+00
5.745000e+00; -1.049131e+05; 1.048152e+00
5.750000e+00; -1.048781e+05; 1.049139e+00
5.755000e+00; -1.048394e+05; 1.050127e+00
5.760000e+00; -1.047967e+05; 1.051116e+00
5.765000e+00; -1.047497e+05; 1.052107e+00
5.770000e+00; -1.046980e+05; 1.053098e+00
5.775000e+00; -1.046411e+05; 1.054091e+00
5.780000e+00; -1.045788e+05; 1.055084e+00
5.785000e+00; -1.045104e+05; 1.056078e+00
5.790000e+00; -1.044357e+05; 1.057073e+00
5.795000e+00; -1.043541e+05; 1.058068e+00
5.800000e+00; -1.042650e+05; 1.059064e+00
5.805000e+00; -1.041680e+05; 1.060061e+00
5.810000e+00; -1.040625e+05; 1.061057e+00
5.815000e+00; -1.039479e+05; 1.062055e+00
5.820000e+00; -1.038236e+05; 1.063052e+00
5.825000e+00; -1.036890e+05; 1.064050e+00
5.830000e+00; -1.035434e+05; 1.065048e+00
5.835000e+00; -1.033861e+05; 1.066047e+00
5.840000e+00; -1.032165e+05; 1.067045e+00
5.845000e+00; -1.030339e+05; 1.068044e+00
5.850000e+00; -1.028374e+05; 1.069043e+00
5.855000e+00; -1.026264e+05; 1.070042e+00
5.860000e+00; -1.024001e+05; 1.071041e+00
5.865000e+00; -1.021578e+05; 1.072040e+00
5.870000e+00; -1.018985e+05; 1.073040e+00
5.875000e+00; -1.016216e+05; 1.074039e+00
5.880000e+00; -1.013263e+05; 1.075039e+00
5.885000e+00; -1.010117e+05; 1.076038e+00
5.890000e+00; -1.006770e+05; 1.077038e+00
5.895000e+00; -1.003214e+05; 1.078038e+00
5.900000e+00; -9.994413e+04; 1.079037e+00
5.905000e+00; -9.954439e+04; 1.080037e+00
5.910000e+00; -9.912138e+04; 1.081037e+00
5.915000e+00; -9.867432e+04; 1.082037e+00
5.920000e+00; -9.820246e+04; 1.083037e+00
5.925000e+00; -9.770507e+04; 1.084036e+00
5.930000e+00; -9.718142e+04; 1.085036e+00
5.935000e+00; -9.663082e+04; 1.086036e+00
5.940000e+00; -9.605261e+04; 1.087036e+00
5.945000e+00; -9.544616e+04; 1.088036e+00
5.950000e+00; -9.481086e+04; 1.089036e+00
5.955000e+00; -9.414615e+04; 1.090036e+00
5.960000e+00; -9.345152e+04; 1.091036e+00
5.965000e+00; -9.272647e+04; 1.092036e+00
5.970000e+00; -9.197057e+04; 1.093035e+00
5.975000e+00; -9.118343e+04; 1.094035e+00
5.980000e+00; -9.036470e+04; 1.095035e+00
5.985000e+00; -8.951408e+04; 1.096035e+00
5.990000e+00; -8.863134e+04; 1.097035e+00
5.995000e+00; -8.771628e+04; 1.098035e+00
6.000000e+00; -8.676875e+04; 1.099035e+00
6.005000e+00; -8.578869e+04; 1.100035e+00
6.010000e+00; -8.477604e+04; 1.101035e+00
6.015000e+00; -8.373084e+04; 1.102034e+00
6.020000e+00; -8.265317e+04; 1.103034e+00
6.025000e+00; -8.154315e+04; 1.104034e+00
6.030000e+00; -8.040097e+04; 1.105034e+00
6.035000e+00; -7.922686e+04; 1.106034e+00
6.040000e+00; -7.802111e+04; 1.107034e+00
6.045000e+00; -7.678406e+04; 1.108034e+00
6.050000e+00; -7.551610e+04; 1.109033e+00
6.055000e+00; -7.421765e+04; 1.110033e+00
6.060000e+00; -7.288918e+04; 1.111033e+00
6.065000e+00; -7.153123e+04; 1.112033e+00
6.070000e+00; -7.014433e+04; 1.113032e+00
6.075000e+00; -6.872908e+04; 1.114032e+00
6.080000e+00; -6.728612e+04; 1.115032e+00
6.085000e+00; -6.581609e+04; 1.116031e+00
6.090000e+00; -6.431969e+04; 1.117031e+00
6.095000e+00; -6.279761e+04; 1.118030e+00
6.100000e+00; -6.125061e+04; 1.119030e+00
6.105000e+00; -5.967943e+04; 1.120029e+00
6.110000e+00; -5.808483e+04; 1.121029e+00
6.115000e+00; -5.646761e+04; 1.122028e+00
6.120000e+00; -5.482855e+04; 1.123027e+00
6.125000e+00; -5.316846e+04; 1.124026e+00
6.130000e+00; -5.148813e+04; 1.125025e+00
6.135000e+00; -4.978837e+04; 1.126024e+00
6.140000e+00; -4.806999e+04; 1.127023e+00
6.145000e+00; -4.633378e+04; 1.128022e+00
6.150000e+00; -4.458055e+04; 1.129020e+00
6.155000e+00; -4.281108e+04; 1.130018e+00
6.160000e+00; -4.102613e+04; 1.131016e+00
6.165000e+00; -3.922648e+04; 1.132014e+00
6.170000e+00; -3.741288e+04; 1.133011e+00
6.175000e+00; -3.558605e+04; 1.134008e+00
6.180000e+00; -3.374671e+04; 1.135005e+00
6.185000e+00; -3.189555e+04; 1.136001e+00
6.190000e+00; -3.003326e+04; 1.136997e+00
6.195000e+00; -2.816048e+04; 1.137993e+00
6.200000e+00; -2.627784e+04; 1.138988e+00
6.205000e+00; -2.438597e+04; 1.139982e+00
6.210000e+00; -2.248543e+04; 1.140976e+00
6.215000e+00; -2.057679e+04; 1.141968e+00
6.220000e+00; -1.866060e+04; 1.142960e+00
6.225000e+00; -1.673736e+04; 1.143951e+00
6.230000e+00; -1.480757e+04; 1.144942e+00
6.235000e+00; -1.287169e+04; 1.145931e+00
6.240000e+00; -1.093017e+04; 1.146918e+00
6.245000e+00; -8.983413e+03; 1.147905e+00
6.250000e+00; -7.031827e+03; 1.148890e+00
6.255000e+00; -5.075782e+03; 1.149874e+00
6.260000e+00; -3.115629e+03; 1.150855e+00
6.265000e+00; -1.151698e+03; 1.151835e+00
6.270000e+00; 8.157024e+02; 1.152813e+00
6.275000e+00; 2.786283e+03; 1.153789e+00
6.280000e+00; 4.759775e+03; 1.154763e+00
6.285000e+00; 6.735925e+03; 1.155733e+00
6.290000e+00; 8.714502e+03; 1.156701e+00
6.295000e+00; 1.069529e+04; 1.157666e+00
6.300000e+00; 1.267808e+04; 1.158628e+00
6.305000e+00; 1.466270e+04; 1.159586e+00
6.310000e+00; 1.664897e+04; 1.160541e+00
6.315000e+00; 1.863673e+04; 1.161491e+00
6.320000e+00; 2.062584e+04; 1.162437e+00
6.325000e+00; 2.261617e+04; 1.163378e+00
6.330000e+00; 2.460760e+04; 1.164314e+00
6.335000e+00; 2.660001e+04; 1.165245e+00
6.340000e+00; 2.859330e+04; 1.166169e+00
6.345000e+00; 3.058739e+04; 1.167087e+00
6.350000e+00; 3.258218e+04; 1.167998e+00
6.355000e+00; 3.457761e+04; 1.168901e+00
6.360000e+00; 3.657359e+04; 1.169796e+00
6.365000e+00; 3.857008e+04; 1.170682e+00
6.370000e+00; 4.056702e+04; 1.171559e+00
6.375000e+00; 4.256434e+04; 1.172425e+00
6.380000e+00; 4.456202e+04; 1.173279e+00
6.385000e+00; 4.656001e+04; 1.174120e+00
6.390000e+00; 4.855827e+04; 1.174949e+00
6.395000e+00; 5.055677e+04; 1.175762e+00
6.400000e+00; 5.255548e+04; 1.176559e+00
6.405000e+00; 5.455437e+04; 1.177339e+00
6.410000e+00; 5.655343e+04; 1.178100e+00
6.415000e+00; 5.855263e+04; 1.178840e+00
6.420000e+00; 6.055196e+04; 1.179559e+00
6.425000e+00; 6.255139e+04; 1.180253e+00
6.430000e+00; 6.455092e+04; 1.180922e+00
6.435000e+00; 6.655054e+04; 1.181563e+00
6.440000e+00; 6.855022e+04; 1.182174e+00
6.445000e+00; 7.054997e+04; 1.182755e+00
6.450000e+00; 7.254977e+04; 1.183302e+00
6.455000e+00; 7.454962e+04; 1.183814e+00
6.460000e+00; 7.654951e+04; 1.184288e+00
6.465000e+00; 7.854944e+04; 1.184724e+00
6.470000e+00; 8.054941e+04; 1.185119e+00
6.475000e+00; 8.254940e+04; 1.185472e+00
6.480000e+00; 8.454941e+04; 1.185782e+00
6.485000e+00; 8.654945e+04; 1.186046e+00
6.490000e+00; 8.854952e+04; 1.186265e+00
6.495000e+00; 9.054960e+04; 1.186436e+00
6.500000e+00; 9.254970e+04; 1.186560e+00
6.505000e+00; 9.454982e+04; 1.186636e+00
6.510000e+00; 9.654996e+04; 1.186664e+00
6.515000e+00; 9.855012e+04; 1.186644e+00
6.520000e+00; 1.005503e+05; 1.186576e+00
6.525000e+00; 1.025505e+05; 1.186460e+00
6.530000e+00; 1.045507e+05; 1.186298e+00
6.535000e+00; 1.065510e+05; 1.186090e+00
6.540000e+00; 1.085512e+05; 1.185838e+00
6.545000e+00; 1.105515e+05; 1.185542e+00
6.550000e+00; 1.125519e+05; 1.185205e+00
6.555000e+00; 1.145523e+05; 1.184827e+00
6.560000e+00; 1.165527e+05; 1.184410e+00
6.565000e+00; 1.185531e+05; 1.183957e+00
6.570000e+00; 1.205536e+05; 1.183469e+00
6.575000e+00; 1.225542e+05; 1.182947e+00
6.580000e+00; 1.245549e+05; 1.182394e+00
6.585000e+00; 1.265556e+05; 1.181811e+00
6.590000e+00; 1.285563e+05; 1.181201e+00
6.595000e+00; 1.305572e+05; 1.180564e+00
6.600000e+00; 1.325582e+05; 1.179903e+00
6.605000e+00; 1.345593e+05; 1.179218e+00
6.610000e+00; 1.365605e+05; 1.178513e+00
6.615000e+00; 1.385618e+05; 1.177788e+00
6.620000e+00; 1.405633e+05; 1.177044e+00
6.625000e+00; 1.425649e+05; 1.176282e+00
6.630000e+00; 1.445667e+05; 1.175505e+00
6.635000e+00; 1.465688e+05; 1.174713e+00
6.640000e+00; 1.485710e+05; 1.173906e+00
6.645000e+00; 1.505735e+05; 1.173087e+00
6.650000e+00; 1.525762e+05; 1.172255e+00
6.655000e+00; 1.545792e+05; 1.171412e+00
6.660000e+00; 1.565825e+05; 1.170558e+00
6.665000e+00; 1.585862e+05; 1.169695e+00
6.670000e+00; 1.605902e+05; 1.168822e+00
6.675000e+00; 1.625946e+05; 1.167940e+00
6.680000e+00; 1.645994e+05; 1.167050e+00
6.685000e+00; 1.666047e+05; 1.166152e+00
6.690000e+00; 1.686105e+05; 1.165247e+00
6.695000e+00; 1.706168e+05; 1.164335e+00
6.700000e+00; 1.726237e+05; 1.163417e+00
6.705000e+00; 1.746312e+05; 1.162493e+00
6.710000e+00; 1.766394e+05; 1.161563e+00
6.715000e+00; 1.786483e+05; 1.160628e+00
6.720000e+00; 1.806579e+05; 1.159688e+00
6.725000e+00; 1.826683e+05; 1.158743e+00
6.730000e+00; 1.846796e+05; 1.157794e+00
6.735000e+00; 1.866917e+05; 1.156841e+00
6.740000e+00; 1.887048e+05; 1.155884e+00
6.745000e+00; 1.907188e+05; 1.154924e+00
6.750000e+00; 1.927339e+05; 1.153960e+00
6.755000e+00; 1.947501e+05; 1.152994e+00
6.760000e+00; 1.967673e+05; 1.152024e+00
6.765000e+00; 1.987857e+05; 1.151052e+00
6.770000e+00; 2.008053e+05; 1.150077e+00
6.775000e+00; 2.028261e+05; 1.149100e+00
6.780000e+00; 2.048480e+05; 1.148122e+00
6.785000e+00; 2.068711e+05; 1.147141e+00
6.790000e+00; 2.088954e+05; 1.146158e+00
6.795000e+00; 2.109208e+05; 1.145174e+00
6.800000e+00; 2.129473e+05; 1.144188e+00
6.805000e+00; 2.149748e+05; 1.143201e+00
6.810000e+00; 2.170031e+05; 1.142212e+00
6.815000e+00; 2.190320e+05; 1.141222e+00
6.820000e+00; 2.210615e+05; 1.140232e+00
6.825000e+00; 2.230912e+05; 1.139240e+00
6.830000e+00; 2.251208e+05; 1.138248e+00
6.835000e+00; 2.271500e+05; 1.137254e+00
6.840000e+00; 2.291783e+05; 1.136260e+00
6.845000e+00; 2.312052e+05; 1.135266e+00
6.850000e+00; 2.332301e+05; 1.134270e+00
6.855000e+00; 2.352523e+05; 1.133274e+00
6.860000e+00; 2.372709e+05; 1.132278e+00
6.865000e+00; 2.392852e+05; 1.131281e+00
6.870000e+00; 2.412940e+05; 1.130284e+00
6.875000e+00; 2.432962e+05; 1.129287e+00
6.880000e+00; 2.452906e+05; 1.128289e+00
6.885000e+00; 2.472757e+05; 1.127291e+00
6.890000e+00; 2.492500e+05; 1.126293e+00
6.895000e+00; 2.512119e+05; 1.125294e+00
6.900000e+00; 2.531594e+05; 1.124295e+00
6.905000e+00; 2.550908e+05; 1.123296e+00
6.910000e+00; 2.570039e+05; 1.122297e+00
6.915000e+00; 2.588965e+05; 1.121298e+00
6.920000e+00; 2.607665e+05; 1.120299e+00
6.925000e+00; 2.626114e+05; 1.119299e+00
6.930000e+00; 2.644288e+05; 1.118300e+00
6.935000e+00; 2.662162e+05; 1.117300e+00
6.940000e+00; 2.679712e+05; 1.116300e+00
6.945000e+00; 2.696912e+05; 1.115300e+00
6.950000e+00; 2.713736e+05; 1.114300e+00
6.955000e+00; 2.730162e+05; 1.113301e+00
6.960000e+00; 2.746164e+05; 1.112301e+00
6.965000e+00; 2.761719e+05; 1.111301e+00
6.970000e+00; 2.776808e+05; 1.110300e+00
6.975000e+00; 2.791408e+05; 1.109300e+00
6.980000e+00; 2.805503e+05; 1.108300e+00
6.985000e+00; 2.819076e+05; 1.107300e+00
6.990000e+00; 2.832113e+05; 1.106300e+00
6.995000e+00; 2.844604e+05; 1.105300e+00
7.000000e+00; 2.856538e+05; 1.104299e+00
7.005000e+00; 2.867911e+05; 1.103299e+00
7.010000e+00; 2.878719e+05; 1.102299e+00
7.015000e+00; 2.888961e+05; 1.101298e+00
7.020000e+00; 2.898640e+05; 1.100298e+00
7.025000e+00; 2.907760e+05; 1.099297e+00
7.030000e+00; 2.916331e+05; 1.098297e+00
7.035000e+00; 2.924362e+05; 1.097296e+00
7.040000e+00; 2.931865e+05; 1.096296e+00
7.045000e+00; 2.938856e+05; 1.095295e+00
7.050000e+00; 2.945352e+05; 1.094294e+00
7.055000e+00; 2.951370e+05; 1.093293e+00
7.060000e+00; 2.956932e+05; 1.092292e+00
7.065000e+00; 2.962058e+05; 1.091291e+00
7.070000e+00; 2.966770e+05; 1.090290e+00
7.075000e+00; 2.971091e+05; 1.089289e+00
7.080000e+00; 2.975045e+05; 1.088287e+00
7.085000e+00; 2.978655e+05; 1.087286e+00
7.090000e+00; 2.981943e+05; 1.086284e+00
7.095000e+00; 2.984933e+05; 1.085282e+00
7.100000e+00; 2.987648e+05; 1.084280e+00
7.105000e+00; 2.990108e+05; 1.083277e+00
7.110000e+00; 2.992335e+05; 1.082274e+00
7.115000e+00; 2.994350e+05; 1.081271e+00
7.120000e+00; 2.996170e+05; 1.080268e+00
7.125000e+00; 2.997814e+05; 1.079264e+00
7.130000e+00; 2.999298e+05; 1.078260e+00
7.135000e+00; 3.000638e+05; 1.077255e+00
7.140000e+00; 3.001849e+05; 1.076250e+00
7.145000e+00; 3.002943e+05; 1.075245e+00
7.150000e+00; 3.003933e+05; 1.074238e+00
7.155000e+00; 3.004830e+05; 1.073231e+00
7.160000e+00; 3.005643e+05; 1.072224e+00
7.165000e+00; 3.006381e+05; 1.071215e+00
7.170000e+00; 3.007052e+05; 1.070206e+00
7.175000e+00; 3.007664e+05; 1.069195e+00
7.180000e+00; 3.008222e+05; 1.068184e+00
7.185000e+00; 3.008733e+05; 1.067172e+00
7.190000e+00; 3.009201e+05; 1.066158e+00
7.195000e+00; 3.009631e+05; 1.065143e+00
7.200000e+00; 3.010025e+05; 1.064127e+00
7.205000e+00; 3.010389e+05; 1.063109e+00
7.210000e+00; 3.010724e+05; 1.062089e+00
7.215000e+00; 3.011033e+05; 1.061068e+00
7.220000e+00; 3.011319e+05; 1.060044e+00
7.225000e+00; 3.011584e+05; 1.059019e+00
7.230000e+00; 3.011828e+05; 1.057991e+00
7.235000e+00; 3.012054e+05; 1.056961e+00
7.240000e+00; 3.012264e+05; 1.055929e+00
7.245000e+00; 3.012458e+05; 1.054894e+00
7.250000e+00; 3.012637e+05; 1.053856e+00
7.255000e+00; 3.012803e+05; 1.052815e+00
7.260000e+00; 3.012957e+05; 1.051771e+00
7.265000e+00; 3.013099e+05; 1.050723e+00
7.270000e+00; 3.013230e+05; 1.049672e+00
7.275000e+00; 3.013351e+05; 1.048617e+00
7.280000e+00; 3.013463e+05; 1.047558e+00
7.285000e+00; 3.013565e+05; 1.046495e+00
7.290000e+00; 3.013660e+05; 1.045428e+00
7.295000e+00; 3.013747e+05; 1.044356e+00
7.300000e+00; 3.013826e+05; 1.043280e+00
7.305000e+00; 3.013899e+05; 1.042199e+00
7.310000e+00; 3.013966e+05; 1.041113e+00
7.315000e+00; 3.014027e+05; 1.040022e+00
7.320000e+00; 3.014082e+05; 1.038926e+00
7.325000e+00; 3.014133e+05; 1.037825e+00
7.330000e+00; 3.014179e+05; 1.036719e+00
7.335000e+00; 3.014221e+05; 1.035607e+00
7.340000e+00; 3.014259e+05; 1.034490e+00
7.345000e+00; 3.014293e+05; 1.033368e+00
7.350000e+00; 3.014324e+05; 1.032240e+00
7.355000e+00; 3.014352e+05; 1.031108e+00
7.360000e+00; 3.014377e+05; 1.029971e+00
7.365000e+00; 3.014399e+05; 1.028829e+00
7.370000e+00; 3.014419e+05; 1.027682e+00
7.375000e+00; 3.014437e+05; 1.026531e+00
7.380000e+00; 3.014453e+05; 1.025377e+00
7.385000e+00; 3.014467e+05; 1.024219e+00
7.390000e+00; 3.014479e+05; 1.023058e+00
7.395000e+00; 3.014490e+05; 1.021894e+00
7.400000e+00; 3.014499e+05; 1.020729e+00
7.405000e+00; 3.014508e+05; 1.019562e+00
7.410000e+00; 3.014515e+05; 1.018394e+00
7.415000e+00; 3.014521e+05; 1.017227e+00
7.420000e+00; 3.014526e+05; 1.016059e+00
7.425000e+00; 3.014530e+05; 1.014893e+00
7.430000e+00; 3.014533e+05; 1.013729e+00
7.435000e+00; 3.014536e+05; 1.012568e+00
7.440000e+00; 3.014538e+05; 1.011410e+00
7.445000e+00; 3.014540e+05; 1.010256e+00
7.450000e+00; 3.014540e+05; 1.009108e+00
7.455000e+00; 3.014541e+05; 1.007965e+00
7.460000e+00; 3.014540e+05; 1.006828e+00
7.465000e+00; 3.014540e+05; 1.005699e+00
7.470000e+00; 3.014538e+05; 1.004578e+00
7.475000e+00; 3.014537e+05; 1.003464e+00
7.480000e+00; 3.014534e+05; 1.002360e+00
7.485000e+00; 3.014532e+05; 1.001265e+00
7.490000e+00; 3.014529e+05; 1.000180e+00
7.495000e+00; 3.014525e+05; 9.991051e-01
7.500000e+00; 3.014521e+05; 9.980405e-01
7.505000e+00; 3.014516e+05; 9.969865e-01
7.510000e+00; 3.014510e+05; 9.959432e-01
7.515000e+00; 3.014504e+05; 9.949105e-01
7.520000e+00; 3.014497e+05; 9.938886e-01
7.525000e+00; 3.014489e+05; 9.928771e-01
7.530000e+00; 3.014480e+05; 9.918759e-01
7.535000e+00; 3.014470e+05; 9.908848e-01
7.540000e+00; 3.014460e+05; 9.899033e-01
7.545000e+00; 3.014447e+05; 9.889311e-01
7.550000e+00; 3.014434e+05; 9.879676e-01
7.555000e+00; 3.014418e+05; 9.870123e-01
7.560000e+00; 3.014401e+05; 9.860648e-01
7.565000e+00; 3.014382e+05; 9.851243e-01
7.570000e+00; 3.014361e+05; 9.841902e-01
7.575000e+00; 3.014338e+05; 9.832619e-01
7.580000e+00; 3.014311e+05; 9.823387e-01
7.585000e+00; 3.014282e+05; 9.814199e-01
7.590000e+00; 3.014249e+05; 9.805049e-01
7.595000e+00; 3.014213e+05; 9.795930e-01
7.600000e+00; 3.014172e+05; 9.786836e-01
7.605000e+00; 3.014127e+05; 9.777759e-01
7.610000e+00; 3.014077e+05; 9.768695e-01
7.615000e+00; 3.014021e+05; 9.759638e-01
7.620000e+00; 3.013959e+05; 9.750582e-01
7.625000e+00; 3.013890e+05; 9.741522e-01
7.630000e+00; 3.013814e+05; 9.732453e-01
7.635000e+00; 3.013729e+05; 9.723372e-01
7.640000e+00; 3.013636e+05; 9.714274e-01
7.645000e+00; 3.013533e+05; 9.705157e-01
7.650000e+00; 3.013418e+05; 9.696017e-01
7.655000e+00; 3.013292e+05; 9.686852e-01
7.660000e+00; 3.013153e+05; 9.677660e-01
7.665000e+00; 3.013000e+05; 9.668439e-01
7.670000e+00; 3.012831e+05; 9.659187e-01
7.675000e+00; 3.012646e+05; 9.649904e-01
7.680000e+00; 3.012443e+05; 9.640588e-01
7.685000e+00; 3.012219e+05; 9.631240e-01
7.690000e+00; 3.011974e+05; 9.621860e-01
7.695000e+00; 3.011706e+05; 9.612447e-01
7.700000e+00; 3.011413e+05; 9.603002e-01
7.705000e+00; 3.011092e+05; 9.593524e-01
7.710000e+00; 3.010743e+05; 9.584016e-01
7.715000e+00; 3.010361e+05; 9.574478e-01
7.720000e+00; 3.009946e+05; 9.564910e-01
7.725000e+00; 3.009494e+05; 9.555314e-01
7.730000e+00; 3.009003e+05; 9.545690e-01
7.735000e+00; 3.008469e+05; 9.536041e-01
7.740000e+00; 3.007891e+05; 9.526366e-01
7.745000e+00; 3.007264e+05; 9.516668e-01
7.750000e+00; 3.006586e+05; 9.506947e-01
7.755000e+00; 3.005853e+05; 9.497205e-01
7.760000e+00; 3.005061e+05; 9.487443e-01
7.765000e+00; 3.004207e+05; 9.477662e-01
7.770000e+00; 3.003287e+05; 9.467864e-01
7.775000e+00; 3.002296e+05; 9.458048e-01
7.780000e+00; 3.001231e+05; 9.448218e-01
7.785000e+00; 3.000087e+05; 9.438373e-01
7.790000e+00; 2.998860e+05; 9.428514e-01
7.795000e+00; 2.997544e+05; 9.418643e-01
7.800000e+00; 2.996136e+05; 9.408761e-01
7.805000e+00; 2.994629e+05; 9.398868e-01
7.810000e+00; 2.993020e+05; 9.388965e-01
7.815000e+00; 2.991302e+05; 9.379053e-01
7.820000e+00; 2.989470e+05; 9.369133e-01
7.825000e+00; 2.987519e+05; 9.359205e-01
7.830000e+00; 2.985444e+05; 9.349270e-01
7.835000e+00; 2.983238e+05; 9.339329e-01
7.840000e+00; 2.980895e+05; 9.329381e-01
7.845000e+00; 2.978411e+05; 9.319429e-01
7.850000e+00; 2.975778e+05; 9.309472e-01
7.855000e+00; 2.972992e+05; 9.299510e-01
7.860000e+00; 2.970046e+05; 9.289545e-01
7.865000e+00; 2.966933e+05; 9.279575e-01
7.870000e+00; 2.963648e+05; 9.269603e-01
7.875000e+00; 2.960185e+05; 9.259627e-01
7.880000e+00; 2.956538e+05; 9.249649e-01
7.885000e+00; 2.952701e+05; 9.239669e-01
7.890000e+00; 2.948667e+05; 9.229686e-01
7.895000e+00; 2.944432e+05; 9.219701e-01
7.900000e+00; 2.939988e+05; 9.209715e-01
7.905000e+00; 2.935332e+05; 9.199727e-01
7.910000e+00; 2.930455e+05; 9.189738e-01
7.915000e+00; 2.925355e+05; 9.179747e-01
7.920000e+00; 2.920024e+05; 9.169755e-01
7.925000e+00; 2.914459e+05; 9.159763e-01
7.930000e+00; 2.908654e+05; 9.149769e-01
7.935000e+00; 2.902604e+05; 9.139775e-01
7.940000e+00; 2.896304e+05; 9.129780e-01
7.945000e+00; 2.889752e+05; 9.119785e-01
7.950000e+00; 2.882942e+05; 9.109789e-01
7.955000e+00; 2.875871e+05; 9.099793e-01
7.960000e+00; 2.868535e+05; 9.089796e-01
7.965000e+00; 2.860931e+05; 9.079799e-01
7.970000e+00; 2.853057e+05; 9.069802e-01
7.975000e+00; 2.844909e+05; 9.059804e-01
7.980000e+00; 2.836485e+05; 9.049807e-01
7.985000e+00; 2.827784e+05; 9.039809e-01
7.990000e+00; 2.818804e+05; 9.029811e-01
7.995000e+00; 2.809543e+05; 9.019814e-01
8.000000e+00; 2.800001e+05; 9.009816e-01
8.005000e+00; 2.790177e+05; 8.999818e-01
8.010000e+00; 2.780071e+05; 8.989821e-01
8.015000e+00; 2.769684e+05; 8.979823e-01
8.020000e+00; 2.759014e+05; 8.969826e-01
8.025000e+00; 2.748064e+05; 8.959829e-01
8.030000e+00; 2.736835e+05; 8.949833e-01
8.035000e+00; 2.725327e+05; 8.939837e-01
8.040000e+00; 2.713544e+05; 8.929841e-01
8.045000e+00; 2.701487e+05; 8.919846e-01
8.050000e+00; 2.689158e+05; 8.909851e-01
8.055000e+00; 2.676562e+05; 8.899857e-01
8.060000e+00; 2.663699e+05; 8.889864e-01
8.065000e+00; 2.650575e+05; 8.879871e-01
8.070000e+00; 2.637193e+05; 8.869880e-01
8.075000e+00; 2.623556e+05; 8.859889e-01
8.080000e+00; 2.609670e+05; 8.849900e-01
8.085000e+00; 2.595537e+05; 8.839911e-01
8.090000e+00; 2.581164e+05; 8.829925e-01
8.095000e+00; 2.566555e+05; 8.819940e-01
8.100000e+00; 2.551715e+05; 8.809956e-01
8.105000e+00; 2.536650e+05; 8.799975e-01
8.110000e+00; 2.521364e+05; 8.789996e-01
8.115000e+00; 2.505863e+05; 8.780019e-01
8.120000e+00; 2.490154e+05; 8.770044e-01
8.125000e+00; 2.474240e+05; 8.760073e-01
8.130000e+00; 2.458130e+05; 8.750105e-01
8.135000e+00; 2.441828e+05; 8.740141e-01
8.140000e+00; 2.425340e+05; 8.730180e-01
8.145000e+00; 2.408673e+05; 8.720224e-01
8.150000e+00; 2.391833e+05; 8.710272e-01
8.155000e+00; 2.374824e+05; 8.700326e-01
8.160000e+00; 2.357655e+05; 8.690385e-01
8.165000e+00; 2.340330e+05; 8.680451e-01
8.170000e+00; 2.322855e+05; 8.670523e-01
8.175000e+00; 2.305237e+05; 8.660603e-01
8.180000e+00; 2.287482e+05; 8.650691e-01
8.185000e+00; 2.269594e+05; 8.640788e-01
8.190000e+00; 2.251580e+05; 8.630895e-01
8.195000e+00; 2.233446e+05; 8.621013e-01
8.200000e+00; 2.215196e+05; 8.611142e-01
8.205000e+00; 2.196837e+05; 8.601284e-01
8.210000e+00; 2.178373e+05; 8.591439e-01
8.215000e+00; 2.159810e+05; 8.581610e-01
8.220000e+00; 2.141153e+05; 8.571796e-01
8.225000e+00; 2.122406e+05; 8.562001e-01
8.230000e+00; 2.103574e+05; 8.552224e-01
8.235000e+00; 2.084662e+05; 8.542469e-01
8.240000e+00; 2.065674e+05; 8.532736e-01
8.245000e+00; 2.046615e+05; 8.523028e-01
8.250000e+00; 2.027488e+05; 8.513346e-01
8.255000e+00; 2.008298e+05; 8.503694e-01
8.260000e+00; 1.989048e+05; 8.494072e-01
8.265000e+00; 1.969742e+05; 8.484484e-01
8.270000e+00; 1.950384e+05; 8.474933e-01
8.275000e+00; 1.930976e+05; 8.465421e-01
8.280000e+00; 1.911522e+05; 8.455952e-01
8.285000e+00; 1.892025e+05; 8.446529e-01
8.290000e+00; 1.872488e+05; 8.437155e-01
8.295000e+00; 1.852914e+05; 8.427835e-01
8.300000e+00; 1.833304e+05; 8.418573e-01
8.305000e+00; 1.813662e+05; 8.409372e-01
8.310000e+00; 1.793990e+05; 8.400239e-01
8.315000e+00; 1.774290e+05; 8.391177e-01
8.320000e+00; 1.754564e+05; 8.382191e-01
8.325000e+00; 1.734815e+05; 8.373289e-01
8.330000e+00; 1.715043e+05; 8.364474e-01
8.335000e+00; 1.695250e+05; 8.355755e-01
8.340000e+00; 1.675439e+05; 8.347136e-01
8.345000e+00; 1.655611e+05; 8.338625e-01
8.350000e+00; 1.635766e+05; 8.330229e-01
8.355000e+00; 1.615907e+05; 8.321955e-01
8.360000e+00; 1.596035e+05; 8.313812e-01
8.365000e+00; 1.576150e+05; 8.305807e-01
8.370000e+00; 1.556254e+05; 8.297948e-01
8.375000e+00; 1.536348e+05; 8.290244e-01
8.380000e+00; 1.516432e+05; 8.282705e-01
8.385000e+00; 1.496508e+05; 8.275338e-01
8.390000e+00; 1.476576e+05; 8.268154e-01
8.395000e+00; 1.456637e+05; 8.261161e-01
8.400000e+00; 1.436692e+05; 8.254369e-01
8.405000e+00; 1.416740e+05; 8.247788e-01
8.410000e+00; 1.396784e+05; 8.241427e-01
8.415000e+00; 1.376822e+05; 8.235296e-01
8.420000e+00; 1.356856e+05; 8.229405e-01
8.425000e+00; 1.336887e+05; 8.223762e-01
8.430000e+00; 1.316914e+05; 8.218379e-01
8.435000e+00; 1.296937e+05; 8.213263e-01
8.440000e+00; 1.276958e+05; 8.208424e-01
8.445000e+00; 1.256976e+05; 8.203870e-01
8.450000e+00; 1.236992e+05; 8.199610e-01
8.455000e+00; 1.217005e+05; 8.195651e-01
8.460000e+00; 1.197017e+05; 8.192002e-01
8.465000e+00; 1.177027e+05; 8.188668e-01
8.470000e+00; 1.157035e+05; 8.185657e-01
8.475000e+00; 1.137042e+05; 8.182975e-01
8.480000e+00; 1.117047e+05; 8.180626e-01
8.485000e+00; 1.097052e+05; 8.178615e-01
8.490000e+00; 1.077055e+05; 8.176946e-01
8.495000e+00; 1.057057e+05; 8.175623e-01
8.500000e+00; 1.037058e+05; 8.174647e-01
8.505000e+00; 1.017058e+05; 8.174020e-01
8.510000e+00; 9.970578e+04; 8.173743e-01
8.515000e+00; 9.770562e+04; 8.173817e-01
8.520000e+00; 9.570538e+04; 8.174241e-01
8.525000e+00; 9.370505e+04; 8.175013e-01
8.530000e+00; 9.170463e+04; 8.176131e-01
8.535000e+00; 8.970413e+04; 8.177593e-01
8.540000e+00; 8.770353e+04; 8.179394e-01
8.545000e+00; 8.570285e+04; 8.181530e-01
8.550000e+00; 8.370206e+04; 8.183998e-01
8.555000e+00; 8.170118e+04; 8.186790e-01
8.560000e+00; 7.970018e+04; 8.189901e-01
8.565000e+00; 7.769907e+04; 8.193325e-01
8.570000e+00; 7.569784e+04; 8.197054e-01
8.575000e+00; 7.369647e+04; 8.201081e-01
8.580000e+00; 7.169496e+04; 8.205398e-01
8.585000e+00; 6.969331e+04; 8.209996e-01
8.590000e+00; 6.769148e+04; 8.214867e-01
8.595000e+00; 6.568949e+04; 8.220003e-01
8.600000e+00; 6.368731e+04; 8.225394e-01
8.605000e+00; 6.168493e+04; 8.231031e-01
8.610000e+00; 5.968233e+04; 8.236905e-01
8.615000e+00; 5.767951e+04; 8.243008e-01
8.620000e+00; 5.567644e+04; 8.249329e-01
8.625000e+00; 5.367312e+04; 8.255859e-01
8.630000e+00; 5.166952e+04; 8.262590e-01
8.635000e+00; 4.966563e+04; 8.269513e-01
8.640000e+00; 4.766143e+04; 8.276618e-01
8.645000e+00; 4.565691e+04; 8.283896e-01
8.650000e+00; 4.365204e+04; 8.291341e-01
8.655000e+00; 4.164682e+04; 8.298942e-01
8.660000e+00; 3.964123e+04; 8.306692e-01
8.665000e+00; 3.763526e+04; 8.314584e-01
8.670000e+00; 3.562889e+04; 8.322610e-01
8.675000e+00; 3.362212e+04; 8.330761e-01
8.680000e+00; 3.161493e+04; 8.339033e-01
8.685000e+00; 2.960732e+04; 8.347417e-01
8.690000e+00; 2.759930e+04; 8.355907e-01
8.695000e+00; 2.559085e+04; 8.364498e-01
8.700000e+00; 2.358200e+04; 8.373183e-01
8.705000e+00; 2.157275e+04; 8.381956e-01
8.710000e+00; 1.956312e+04; 8.390813e-01
8.715000e+00; 1.755315e+04; 8.399748e-01
8.720000e+00; 1.554287e+04; 8.408757e-01
8.725000e+00; 1.353233e+04; 8.417835e-01
8.730000e+00; 1.152158e+04; 8.426977e-01
8.735000e+00; 9.510702e+03; 8.436180e-01
8.740000e+00; 7.499776e+03; 8.445440e-01
8.745000e+00; 5.488904e+03; 8.454753e-01
8.750000e+00; 3.478207e+03; 8.464115e-01
8.755000e+00; 1.467821e+03; 8.473524e-01
8.760000e+00; -5.420933e+02; 8.482977e-01
8.765000e+00; -2.551353e+03; 8.492470e-01
8.770000e+00; -4.559752e+03; 8.502001e-01
8.775000e+00; -6.567055e+03; 8.511567e-01
8.780000e+00; -8.572998e+03; 8.521166e-01
8.785000e+00; -1.057729e+04; 8.530796e-01
8.790000e+00; -1.257959e+04; 8.540455e-01
8.795000e+00; -1.457955e+04; 8.550140e-01
8.800000e+00; -1.657676e+04; 8.559850e-01
8.805000e+00; -1.857079e+04; 8.569583e-01
8.810000e+00; -2.056115e+04; 8.579337e-01
8.815000e+00; -2.254732e+04; 8.589112e-01
8.820000e+00; -2.452873e+04; 8.598905e-01
8.825000e+00; -2.650477e+04; 8.608715e-01
8.830000e+00; -2.847477e+04; 8.618541e-01
8.835000e+00; -3.043804e+04; 8.628381e-01
8.840000e+00; -3.239382e+04; 8.638236e-01
8.845000e+00; -3.434130e+04; 8.648102e-01
8.850000e+00; -3.627964e+04; 8.657981e-01
8.855000e+00; -3.820793e+04; 8.667870e-01
8.860000e+00; -4.012523e+04; 8.677769e-01
8.865000e+00; -4.203055e+04; 8.687677e-01
8.870000e+00; -4.392286e+04; 8.697593e-01
8.875000e+00; -4.580109e+04; 8.707518e-01
8.880000e+00; -4.766412e+04; 8.717449e-01
8.885000e+00; -4.951081e+04; 8.727387e-01
8.890000e+00; -5.133998e+04; 8.737331e-01
8.895000e+00; -5.315043e+04; 8.747280e-01
8.900000e+00; -5.494093e+04; 8.757234e-01
8.905000e+00; -5.671024e+04; 8.767193e-01
8.910000e+00; -5.845710e+04; 8.777156e-01
8.915000e+00; -6.018026e+04; 8.787124e-01
8.920000e+00; -6.187846e+04; 8.797094e-01
8.925000e+00; -6.355045e+04; 8.807068e-01
8.930000e+00; -6.519499e+04; 8.817045e-01
8.935000e+00; -6.681086e+04; 8.827025e-01
8.940000e+00; -6.839687e+04; 8.837007e-01
8.945000e+00; -6.995188e+04; 8.846992e-01
8.950000e+00; -7.147478e+04; 8.856978e-01
8.955000e+00; -7.296449e+04; 8.866967e-01
8.960000e+00; -7.442002e+04; 8.876958e-01
8.965000e+00; -7.584041e+04; 8.886950e-01
8.970000e+00; -7.722481e+04; 8.896944e-01
8.975000e+00; -7.857240e+04; 8.906940e-01
8.980000e+00; -7.988246e+04; 8.916937e-01
8.985000e+00; -8.115436e+04; 8.926935e-01
8.990000e+00; -8.238756e+04; 8.936935e-01
8.995000e+00; -8.358158e+04; 8.946937e-01
9.000000e+00; -8.473608e+04; 8.956939e-01
9.005000e+00; -8.585078e+04; 8.966944e-01
9.010000e+00; -8.692553e+04; 8.976949e-01
9.015000e+00; -8.796027e+04; 8.986956e-01
9.020000e+00; -8.895502e+04; 8.996965e-01
9.025000e+00; -8.990993e+04; 9.006975e-01
9.030000e+00; -9.082522e+04; 9.016987e-01
9.035000e+00; -9.170122e+04; 9.027000e-01
9.040000e+00; -9.253837e+04; 9.037016e-01
9.045000e+00; -9.333716e+04; 9.047033e-01
9.050000e+00; -9.409819e+04; 9.057053e-01
9.055000e+00; -9.482215e+04; 9.067075e-01
9.060000e+00; -9.550977e+04; 9.077100e-01
9.065000e+00; -9.616190e+04; 9.087127e-01
9.070000e+00; -9.677940e+04; 9.097157e-01
9.075000e+00; -9.736323e+04; 9.107191e-01
9.080000e+00; -9.791438e+04; 9.117228e-01
9.085000e+00; -9.843390e+04; 9.127269e-01
9.090000e+00; -9.892285e+04; 9.137314e-01
9.095000e+00; -9.938235e+04; 9.147363e-01
9.100000e+00; -9.981354e+04; 9.157417e-01
9.105000e+00; -1.002176e+05; 9.167476e-01
9.110000e+00; -1.005956e+05; 9.177541e-01
9.115000e+00; -1.009488e+05; 9.187612e-01
9.120000e+00; -1.012783e+05; 9.197690e-01
9.125000e+00; -1.015854e+05; 9.207774e-01
9.130000e+00; -1.018710e+05; 9.217866e-01
9.135000e+00; -1.021365e+05; 9.227967e-01
9.140000e+00; -1.023829e+05; 9.238076e-01
9.145000e+00; -1.026113e+05; 9.248194e-01
9.150000e+00; -1.028227e+05; 9.258323e-01
9.155000e+00; -1.030183e+05; 9.268462e-01
9.160000e+00; -1.031989e+05; 9.278612e-01
9.165000e+00; -1.033656e+05; 9.288775e-01
9.170000e+00; -1.035192e+05; 9.298951e-01
9.175000e+00; -1.036608e+05; 9.309141e-01
9.180000e+00; -1.037910e+05; 9.319345e-01
9.185000e+00; -1.039107e+05; 9.329565e-01
9.190000e+00; -1.040207e+05; 9.339802e-01
9.195000e+00; -1.041217e+05; 9.350055e-01
9.200000e+00; -1.042143e+05; 9.360327e-01
9.205000e+00; -1.042993e+05; 9.370619e-01
9.210000e+00; -1.043772e+05; 9.380930e-01
9.215000e+00; -1.044485e+05; 9.391263e-01
9.220000e+00; -1.045139e+05; 9.401618e-01
9.225000e+00; -1.045737e+05; 9.411996e-01
9.230000e+00; -1.046285e+05; 9.422398e-01
9.235000e+00; -1.046786e+05; 9.432825e-01
9.240000e+00; -1.047244e+05; 9.443278e-01
9.245000e+00; -1.047664e+05; 9.453758e-01
9.250000e+00; -1.048048e+05; 9.464265e-01
9.255000e+00; -1.048399e+05; 9.474801e-01
9.260000e+00; -1.048720e+05; 9.485367e-01
9.265000e+00; -1.049014e+05; 9.495962e-01
9.270000e+00; -1.049284e+05; 9.506588e-01
9.275000e+00; -1.049530e+05; 9.517245e-01
9.280000e+00; -1.049756e+05; 9.527934e-01
9.285000e+00; -1.049962e+05; 9.538654e-01
9.290000e+00; -1.050151e+05; 9.549407e-01
9.295000e+00; -1.050325e+05; 9.560193e-01
9.300000e+00; -1.050483e+05; 9.571010e-01
9.305000e+00; -1.050628e+05; 9.581860e-01
9.310000e+00; -1.050762e+05; 9.592742e-01
9.315000e+00; -1.050884e+05; 9.603656e-01
9.320000e+00; -1.050995e+05; 9.614601e-01
9.325000e+00; -1.051097e+05; 9.625575e-01
9.330000e+00; -1.051191e+05; 9.636580e-01
9.335000e+00; -1.051277e+05; 9.647612e-01
9.340000e+00; -1.051355e+05; 9.658671e-01
9.345000e+00; -1.051427e+05; 9.669756e-01
9.350000e+00; -1.051493e+05; 9.680865e-01
9.355000e+00; -1.051552e+05; 9.691996e-01
9.360000e+00; -1.051607e+05; 9.703147e-01
9.365000e+00; -1.051657e+05; 9.714316e-01
9.370000e+00; -1.051702e+05; 9.725500e-01
9.375000e+00; -1.051744e+05; 9.736697e-01
9.380000e+00; -1.051781e+05; 9.747905e-01
9.385000e+00; -1.051815e+05; 9.759120e-01
9.390000e+00; -1.051846e+05; 9.770340e-01
9.395000e+00; -1.051873e+05; 9.781561e-01
9.400000e+00; -1.051898e+05; 9.792780e-01
9.405000e+00; -1.051920e+05; 9.803995e-01
9.410000e+00; -1.051940e+05; 9.815201e-01
9.415000e+00; -1.051958e+05; 9.826395e-01
9.420000e+00; -1.051973e+05; 9.837574e-01
9.425000e+00; -1.051987e+05; 9.848735e-01
9.430000e+00; -1.051998e+05; 9.859874e-01
9.435000e+00; -1.052008e+05; 9.870987e-01
9.440000e+00; -1.052016e+05; 9.882071e-01
9.445000e+00; -1.052022e+05; 9.893123e-01
9.450000e+00; -1.052027e+05; 9.904140e-01
9.455000e+00; -1.052030e+05; 9.915118e-01
9.460000e+00; -1.052032e+05; 9.926056e-01
9.465000e+00; -1.052032e+05; 9.936949e-01
9.470000e+00; -1.052031e+05; 9.947795e-01
9.475000e+00; -1.052028e+05; 9.958593e-01
9.480000e+00; -1.052024e+05; 9.969339e-01
9.485000e+00; -1.052018e+05; 9.980033e-01
9.490000e+00; -1.052010e+05; 9.990671e-01
9.495000e+00; -1.052001e+05; 1.000125e+00
9.500000e+00; -1.051990e+05; 1.001178e+00
9.505000e+00; -1.051977e+05; 1.002224e+00
9.510000e+00; -1.051962e+05; 1.003265e+00
9.515000e+00; -1.051945e+05; 1.004300e+00
9.520000e+00; -1.051925e+05; 1.005329e+00
9.525000e+00; -1.051903e+05; 1.006352e+00
9.530000e+00; -1.051879e+05; 1.007369e+00
9.535000e+00; -1.051851e+05; 1.008381e+00
9.540000e+00; -1.051820e+05; 1.009387e+00
9.545000e+00; -1.051786e+05; 1.010387e+00
9.550000e+00; -1.051748e+05; 1.011382e+00
9.555000e+00; -1.051706e+05; 1.012371e+00
9.560000e+00; -1.051660e+05; 1.013356e+00
9.565000e+00; -1.051608e+05; 1.014336e+00
9.570000e+00; -1.051552e+05; 1.015311e+00
9.575000e+00; -1.051490e+05; 1.016282e+00
9.580000e+00; -1.051421e+05; 1.017249e+00
9.585000e+00; -1.051346e+05; 1.018212e+00
9.590000e+00; -1.051263e+05; 1.019171e+00
9.595000e+00; -1.051173e+05; 1.020128e+00
9.600000e+00; -1.051074e+05; 1.021081e+00
9.605000e+00; -1.050965e+05; 1.022032e+00
9.610000e+00; -1.050846e+05; 1.022980e+00
9.615000e+00; -1.050717e+05; 1.023927e+00
9.620000e+00; -1.050575e+05; 1.024871e+00
9.625000e+00; -1.050421e+05; 1.025815e+00
9.630000e+00; -1.050252e+05; 1.026757e+00
9.635000e+00; -1.050069e+05; 1.027698e+00
9.640000e+00; -1.049870e+05; 1.028638e+00
9.645000e+00; -1.049653e+05; 1.029578e+00
9.650000e+00; -1.049418e+05; 1.030518e+00
9.655000e+00; -1.049162e+05; 1.031457e+00
9.660000e+00; -1.048885e+05; 1.032398e+00
9.665000e+00; -1.048585e+05; 1.033338e+00
9.670000e+00; -1.048261e+05; 1.034279e+00
9.675000e+00; -1.047909e+05; 1.035221e+00
9.680000e+00; -1.047530e+05; 1.036164e+00
9.685000e+00; -1.047120e+05; 1.037108e+00
9.690000e+00; -1.046679e+05; 1.038054e+00
9.695000e+00; -1.046203e+05; 1.039000e+00
9.700000e+00; -1.045690e+05; 1.039949e+00
9.705000e+00; -1.045138e+05; 1.040898e+00
9.710000e+00; -1.044545e+05; 1.041849e+00
9.715000e+00; -1.043909e+05; 1.042802e+00
9.720000e+00; -1.043225e+05; 1.043757e+00
9.725000e+00; -1.042493e+05; 1.044713e+00
9.730000e+00; -1.041708e+05; 1.045672e+00
9.735000e+00; -1.040868e+05; 1.046632e+00
9.740000e+00; -1.039970e+05; 1.047593e+00
9.745000e+00; -1.039010e+05; 1.048557e+00
9.750000e+00; -1.037986e+05; 1.049522e+00
9.755000e+00; -1.036893e+05; 1.050489e+00
9.760000e+00; -1.035729e+05; 1.051457e+00
9.765000e+00; -1.034489e+05; 1.052428e+00
9.770000e+00; -1.033169e+05; 1.053400e+00
9.775000e+00; -1.031767e+05; 1.054373e+00
9.780000e+00; -1.030278e+05; 1.055348e+00
9.785000e+00; -1.028697e+05; 1.056325e+00
9.790000e+00; -1.027021e+05; 1.057303e+00
9.795000e+00; -1.025246e+05; 1.058282e+00
9.800000e+00; -1.023366e+05; 1.059263e+00
9.805000e+00; -1.021378e+05; 1.060245e+00
9.810000e+00; -1.019278e+05; 1.061228e+00
9.815000e+00; -1.017060e+05; 1.062212e+00
9.820000e+00; -1.014719e+05; 1.063197e+00
9.825000e+00; -1.012253e+05; 1.064184e+00
9.830000e+00; -1.009654e+05; 1.065171e+00
9.835000e+00; -1.006920e+05; 1.066160e+00
9.840000e+00; -1.004044e+05; 1.067149e+00
9.845000e+00; -1.001022e+05; 1.068139e+00
9.850000e+00; -9.978501e+04; 1.069130e+00
9.855000e+00; -9.945223e+04; 1.070121e+00
9.860000e+00; -9.910341e+04; 1.071113e+00
9.865000e+00; -9.873806e+04; 1.072106e+00
9.870000e+00; -9.835571e+04; 1.073099e+00
9.875000e+00; -9.795588e+04; 1.074093e+00
9.880000e+00; -9.753810e+04; 1.075088e+00
9.885000e+00; -9.710190e+04; 1.076083e+00
9.890000e+00; -9.664683e+04; 1.077078e+00
9.895000e+00; -9.617242e+04; 1.078074e+00
9.900000e+00; -9.567825e+04; 1.079070e+00
9.905000e+00; -9.516388e+04; 1.080066e+00
9.910000e+00; -9.462888e+04; 1.081063e+00
9.915000e+00; -9.407286e+04; 1.082060e+00
9.920000e+00; -9.349540e+04; 1.083057e+00
9.925000e+00; -9.289615e+04; 1.084055e+00
9.930000e+00; -9.227472e+04; 1.085052e+00
9.935000e+00; -9.163077e+04; 1.086050e+00
9.940000e+00; -9.096397e+04; 1.087048e+00
9.945000e+00; -9.027401e+04; 1.088046e+00
9.950000e+00; -8.956059e+04; 1.089045e+00
9.955000e+00; -8.882345e+04; 1.090043e+00
9.960000e+00; -8.806232e+04; 1.091042e+00
9.965000e+00; -8.727697e+04; 1.092040e+00
9.970000e+00; -8.646721e+04; 1.093039e+00
9.975000e+00; -8.563283e+04; 1.094038e+00
9.980000e+00; -8.477369e+04; 1.095037e+00
9.985000e+00; -8.388963e+04; 1.096036e+00
9.990000e+00; -8.298056e+04; 1.097034e+00
9.995000e+00; -8.204636e+04; 1.098033e+00
1.000000e+01; -8.108699e+04; 1.099032e+00
1.000500e+01; -8.010241e+04; 1.100031e+00
1.001000e+01; -7.909259e+04; 1.101030e+00
1.001500e+01; -7.805754e+04; 1.102029e+00
1.002000e+01; -7.699731e+04; 1.103028e+00
1.002500e+01; -7.591196e+04; 1.104026e+00
1.003000e+01; -7.480157e+04; 1.105025e+00
1.003500e+01; -7.366624e+04; 1.106023e+00
1.004000e+01; -7.250613e+04; 1.107022e+00
1.004500e+01; -7.132138e+04; 1.108020e+00
1.005000e+01; -7.011217e+04; 1.109018e+00
1.005500e+01; -6.887872e+04; 1.110016e+00
1.006000e+01; -6.762124e+04; 1.111014e+00
1.006500e+01; -6.634000e+04; 1.112011e+00
1.007000e+01; -6.503525e+04; 1.113009e+00
1.007500e+01; -6.370729e+04; 1.114006e+00
1.008000e+01; -6.235642e+04; 1.115003e+00
1.008500e+01; -6.098298e+04; 1.115999e+00
1.009000e+01; -5.958732e+04; 1.116995e+00
1.009500e+01; -5.816978e+04; 1.117991e+00
1.010000e+01; -5.673075e+04; 1.118987e+00
1.010500e+01; -5.527062e+04; 1.119982e+00
1.011000e+01; -5.378980e+04; 1.120976e+00
1.011500e+01; -5.228871e+04; 1.121970e+00
1.012000e+01; -5.076777e+04; 1.122964e+00
1.012500e+01; -4.922742e+04; 1.123956e+00
1.013000e+01; -4.766811e+04; 1.124949e+00
1.013500e+01; -4.609031e+04; 1.125940e+00
1.014000e+01; -4.449446e+04; 1.126931e+00
1.014500e+01; -4.288105e+04; 1.127920e+00
1.015000e+01; -4.125054e+04; 1.128909e+00
1.015500e+01; -3.960342e+04; 1.129897e+00
1.016000e+01; -3.794017e+04; 1.130883e+00
1.016500e+01; -3.626127e+04; 1.131869e+00
1.017000e+01; -3.456719e+04; 1.132853e+00
1.017500e+01; -3.285844e+04; 1.133835e+00
1.018000e+01; -3.113548e+04; 1.134816e+00
1.018500e+01; -2.939879e+04; 1.135796e+00
1.019000e+01; -2.764886e+04; 1.136773e+00
1.019500e+01; -2.588616e+04; 1.137749e+00
1.020000e+01; -2.411115e+04; 1.138723e+00
1.020500e+01; -2.232430e+04; 1.139694e+00
1.021000e+01; -2.052606e+04; 1.140663e+00
1.021500e+01; -1.871689e+04; 1.141629e+00
1.022000e+01; -1.689722e+04; 1.142593e+00
1.022500e+01; -1.506750e+04; 1.143553e+00
1.023000e+01; -1.322814e+04; 1.144510e+00
1.023500e+01; -1.137957e+04; 1.145464e+00
1.024000e+01; -9.522199e+03; 1.146414e+00
1.024500e+01; -7.656416e+03; 1.147360e+00
1.025000e+01; -5.782613e+03; 1.148302e+00
1.025500e+01; -3.901169e+03; 1.149239e+00
1.026000e+01; -2.012451e+03; 1.150171e+00
1.026500e+01; -1.168157e+02; 1.151098e+00
1.027000e+01; 1.785391e+03; 1.152019e+00
1.027500e+01; 3.693834e+03; 1.152935e+00
1.028000e+01; 5.608192e+03; 1.153844e+00
1.028500e+01; 7.528150e+03; 1.154746e+00
1.029000e+01; 9.453409e+03; 1.155641e+00
1.029500e+01; 1.138368e+04; 1.156529e+00
1.030000e+01; 1.331868e+04; 1.157408e+00
1.030500e+01; 1.525814e+04; 1.158280e+00
1.031000e+01; 1.720182e+04; 1.159142e+00
1.031500e+01; 1.914945e+04; 1.159994e+00
1.032000e+01; 2.110082e+04; 1.160837e+00
1.032500e+01; 2.305568e+04; 1.161669e+00
1.033000e+01; 2.501384e+04; 1.162490e+00
1.033500e+01; 2.697508e+04; 1.163299e+00
1.034000e+01; 2.893921e+04; 1.164096e+00
1.034500e+01; 3.090604e+04; 1.164880e+00
1.035000e+01; 3.287541e+04; 1.165650e+00
1.035500e+01; 3.484714e+04; 1.166407e+00
1.036000e+01; 3.682107e+04; 1.167148e+00
1.036500e+01; 3.879707e+04; 1.167874e+00
1.037000e+01; 4.077498e+04; 1.168584e+00
1.037500e+01; 4.275468e+04; 1.169278e+00
1.038000e+01; 4.473604e+04; 1.169954e+00
1.038500e+01; 4.671894e+04; 1.170611e+00
1.039000e+01; 4.870327e+04; 1.171251e+00
1.039500e+01; 5.068893e+04; 1.171870e+00
1.040000e+01; 5.267583e+04; 1.172470e+00
1.040500e+01; 5.466387e+04; 1.173049e+00
1.041000e+01; 5.665296e+04; 1.173606e+00
1.041500e+01; 5.864303e+04; 1.174142e+00
1.042000e+01; 6.063401e+04; 1.174654e+00
1.042500e+01; 6.262582e+04; 1.175144e+00
1.043000e+01; 6.461840e+04; 1.175610e+00
1.043500e+01; 6.661169e+04; 1.176051e+00
1.044000e+01; 6.860564e+04; 1.176467e+00
1.044500e+01; 7.060021e+04; 1.176858e+00
1.045000e+01; 7.259533e+04; 1.177223e+00
1.045500e+01; 7.459097e+04; 1.177561e+00
1.046000e+01; 7.658709e+04; 1.177872e+00
1.046500e+01; 7.858366e+04; 1.178157e+00
1.047000e+01; 8.058063e+04; 1.178413e+00
1.047500e+01; 8.257799e+04; 1.178641e+00
1.048000e+01; 8.457571e+04; 1.178841e+00
1.048500e+01; 8.657375e+04; 1.179012e+00
1.049000e+01; 8.857210e+04; 1.179155e+00
1.049500e+01; 9.057075e+04; 1.179268e+00
1.050000e+01; 9.256967e+04; 1.179353e+00
1.050500e+01; 9.456884e+04; 1.179408e+00
1.051000e+01; 9.656826e+04; 1.179433e+00
1.051500e+01; 9.856791e+04; 1.179430e+00
1.052000e+01; 1.005678e+05; 1.179396e+00
1.052500e+01; 1.025679e+05; 1.179334e+00
1.053000e+01; 1.045682e+05; 1.179243e+00
1.053500e+01; 1.065687e+05; 1.179122e+00
1.054000e+01; 1.085694e+05; 1.178973e+00
1.054500e+01; 1.105703e+05; 1.178795e+00
1.055000e+01; 1.125714e+05; 1.178589e+00
1.055500e+01; 1.145727e+05; 1.178355e+00
1.056000e+01; 1.165741e+05; 1.178093e+00
1.056500e+01; 1.185758e+05; 1.177804e+00
1.057000e+01; 1.205777e+05; 1.177489e+00
1.057500e+01; 1.225797e+05; 1.177146e+00
1.058000e+01; 1.245819e+05; 1.176778e+00
1.058500e+01; 1.265844e+05; 1.176384e+00
1.059000e+01; 1.285870e+05; 1.175966e+00
1.059500e+01; 1.305898e+05; 1.175523e+00
1.060000e+01; 1.325928e+05; 1.175056e+00
1.060500e+01; 1.345960e+05; 1.174566e+00
1.061000e+01; 1.365994e+05; 1.174053e+00
1.061500e+01; 1.386030e+05; 1.173519e+00
1.062000e+01; 1.406068e+05; 1.172962e+00
1.062500e+01; 1.426107e+05; 1.172386e+00
1.063000e+01; 1.446148e+05; 1.171789e+00
1.063500e+01; 1.466190e+05; 1.171172e+00
1.064000e+01; 1.486234e+05; 1.170537e+00
1.064500e+01; 1.506279e+05; 1.169883e+00
1.065000e+01; 1.526324e+05; 1.169212e+00
1.065500e+01; 1.546371e+05; 1.168524e+00
1.066000e+01; 1.566417e+05; 1.167819e+00
1.066500e+01; 1.586464e+05; 1.167099e+00
1.067000e+01; 1.606509e+05; 1.166364e+00
1.067500e+01; 1.626554e+05; 1.165615e+00
1.068000e+01; 1.646597e+05; 1.164851e+00
1.068500e+01; 1.666638e+05; 1.164075e+00
1.069000e+01; 1.686675e+05; 1.163286e+00
1.069500e+01; 1.706709e+05; 1.162485e+00
1.070000e+01; 1.726737e+05; 1.161672e+00
1.070500e+01; 1.746760e+05; 1.160848e+00
1.071000e+01; 1.766775e+05; 1.160014e+00
1.071500e+01; 1.786782e+05; 1.159170e+00
1.072000e+01; 1.806778e+05; 1.158317e+00
1.072500e+01; 1.826763e+05; 1.157454e+00
1.073000e+01; 1.846734e+05; 1.156583e+00
1.073500e+01; 1.866689e+05; 1.155704e+00
1.074000e+01; 1.886627e+05; 1.154817e+00
1.074500e+01; 1.906545e+05; 1.153924e+00
1.075000e+01; 1.926440e+05; 1.153023e+00
1.075500e+01; 1.946311e+05; 1.152116e+00
1.076000e+01; 1.966153e+05; 1.151203e+00
1.076500e+01; 1.985963e+05; 1.150284e+00
1.077000e+01; 2.005739e+05; 1.149359e+00
1.077500e+01; 2.025477e+05; 1.148430e+00
1.078000e+01; 2.045172e+05; 1.147496e+00
1.078500e+01; 2.064821e+05; 1.146557e+00
1.079000e+01; 2.084419e+05; 1.145614e+00
1.079500e+01; 2.103962e+05; 1.144667e+00
1.080000e+01; 2.123444e+05; 1.143717e+00
1.080500e+01; 2.142861e+05; 1.142762e+00
1.081000e+01; 2.162207e+05; 1.141805e+00
1.081500e+01; 2.181477e+05; 1.140844e+00
1.082000e+01; 2.200664e+05; 1.139881e+00
1.082500e+01; 2.219763e+05; 1.138915e+00
1.083000e+01; 2.238766e+05; 1.137947e+00
1.083500e+01; 2.257668e+05; 1.136976e+00
1.084000e+01; 2.276461e+05; 1.136002e+00
1.084500e+01; 2.295139e+05; 1.135027e+00
1.085000e+01; 2.313693e+05; 1.134050e+00
1.085500e+01; 2.332116e+05; 1.133071e+00
1.086000e+01; 2.350402e+05; 1.132091e+00
1.086500e+01; 2.368541e+05; 1.131109e+00
1.087000e+01; 2.386526e+05; 1.130125e+00
1.087500e+01; 2.404348e+05; 1.129141e+00
1.088000e+01; 2.422000e+05; 1.128155e+00
1.088500e+01; 2.439473e+05; 1.127167e+00
1.089000e+01; 2.456759e+05; 1.126179e+00
1.089500e+01; 2.473850e+05; 1.125190e+00
1.090000e+01; 2.490736e+05; 1.124199e+00
1.090500e+01; 2.507410e+05; 1.123208e+00
1.091000e+01; 2.523864e+05; 1.122216e+00
1.091500e+01; 2.540089e+05; 1.121224e+00
1.092000e+01; 2.556078e+05; 1.120230e+00
1.092500e+01; 2.571822e+05; 1.119236e+00
1.093000e+01; 2.587314e+05; 1.118242e+00
1.093500e+01; 2.602546e+05; 1.117247e+00
1.094000e+01; 2.617511e+05; 1.116251e+00
1.094500e+01; 2.632203e+05; 1.115255e+00
1.095000e+01; 2.646614e+05; 1.114258e+00
1.095500e+01; 2.660739e+05; 1.113261e+00
1.096000e+01; 2.674571e+05; 1.112263e+00
1.096500e+01; 2.688105e+05; 1.111265e+00
1.097000e+01; 2.701336e+05; 1.110267e+00
1.097500e+01; 2.714259e+05; 1.109268e+00
1.098000e+01; 2.726871e+05; 1.108269e+00
1.098500e+01; 2.739167e+05; 1.107270e+00
1.099000e+01; 2.751144e+05; 1.106270e+00
1.099500e+01; 2.762800e+05; 1.105270e+00
1.100000e+01; 2.774132e+05; 1.104270e+00
1.100500e+01; 2.785139e+05; 1.103269e+00
1.101000e+01; 2.795820e+05; 1.102268e+00
1.101500e+01; 2.806175e+05; 1.101266e+00
1.102000e+01; 2.816202e+05; 1.100265e+00
1.102500e+01; 2.825904e+05; 1.099263e+00
1.103000e+01; 2.835280e+05; 1.098260e+00
1.103500e+01; 2.844333e+05; 1.097257e+00
1.104000e+01; 2.853065e+05; 1.096254e+00
1.104500e+01; 2.861478e+05; 1.095251e+00
1.105000e+01; 2.869576e+05; 1.094247e+00
1.105500e+01; 2.877362e+05; 1.093242e+00
1.106000e+01; 2.884840e+05; 1.092237e+00
1.106500e+01; 2.892016e+05; 1.091232e+00
1.107000e+01; 2.898893e+05; 1.090226e+00
1.107500e+01; 2.905477e+05; 1.089220e+00
1.108000e+01; 2.911774e+05; 1.088213e+00
1.108500e+01; 2.917789e+05; 1.087205e+00
1.109000e+01; 2.923530e+05; 1.086197e+00
1.109500e+01; 2.929003e+05; 1.085188e+00
1.110000e+01; 2.934215e+05; 1.084178e+00
1.110500e+01; 2.939173e+05; 1.083168e+00
1.111000e+01; 2.943883e+05; 1.082157e+00
1.111500e+01; 2.948355e+05; 1.081145e+00
1.112000e+01; 2.952594e+05; 1.080132e+00
1.112500e+01; 2.956610e+05; 1.079118e+00
1.113000e+01; 2.960409e+05; 1.078103e+00
1.113500e+01; 2.964000e+05; 1.077087e+00
1.114000e+01; 2.967390e+05; 1.076070e+00
1.114500e+01; 2.970588e+05; 1.075052e+00
1.115000e+01; 2.973600e+05; 1.074033e+00
1.115500e+01; 2.976436e+05; 1.073012e+00
1.116000e+01; 2.979101e+05; 1.071990e+00
1.116500e+01; 2.981605e+05; 1.070967e+00
1.117000e+01; 2.983955e+05; 1.069942e+00
1.117500e+01; 2.986157e+05; 1.068915e+00
1.118000e+01; 2.988219e+05; 1.067887e+00
1.118500e+01; 2.990148e+05; 1.066858e+00
1.119000e+01; 2.991952e+05; 1.065827e+00
1.119500e+01; 2.993636e+05; 1.064794e+00
1.120000e+01; 2.995206e+05; 1.063759e+00
1.120500e+01; 2.996671e+05; 1.062722e+00
1.121000e+01; 2.998034e+05; 1.061684e+00
1.121500e+01; 2.999302e+05; 1.060643e+00
1.122000e+01; 3.000482e+05; 1.059601e+00
1.122500e+01; 3.001577e+05; 1.058556e+00
1.123000e+01; 3.002594e+05; 1.057509e+00
1.123500e+01; 3.003536e+05; 1.056461e+00
1.124000e+01; 3.004410e+05; 1.055410e+00
1.124500e+01; 3.005219e+05; 1.054356e+00
1.125000e+01; 3.005967e+05; 1.053301e+00
1.125500e+01; 3.006659e+05; 1.052243e+00
1.126000e+01; 3.007299e+05; 1.051183e+00
1.126500e+01; 3.007889e+05; 1.050121e+00
1.127000e+01; 3.008434e+05; 1.049057e+00
1.127500e+01; 3.008936e+05; 1.047990e+00
1.128000e+01; 3.009400e+05; 1.046921e+00
1.128500e+01; 3.009826e+05; 1.045850e+00
1.129000e+01; 3.010219e+05; 1.044776e+00
1.129500e+01; 3.010580e+05; 1.043701e+00
1.130000e+01; 3.010913e+05; 1.042623e+00
1.130500e+01; 3.011218e+05; 1.041543e+00
1.131000e+01; 3.011499e+05; 1.040461e+00
1.131500e+01; 3.011757e+05; 1.039378e+00
1.132000e+01; 3.011994e+05; 1.038292e+00
1.132500e+01; 3.012211e+05; 1.037205e+00
1.133000e+01; 3.012410e+05; 1.036116e+00
1.133500e+01; 3.012592e+05; 1.035026e+00
1.134000e+01; 3.012759e+05; 1.033934e+00
1.134500e+01; 3.012912e+05; 1.032842e+00
1.135000e+01; 3.013052e+05; 1.031747e+00
1.135500e+01; 3.013180e+05; 1.030652e+00
1.136000e+01; 3.013297e+05; 1.029557e+00
1.136500e+01; 3.013404e+05; 1.028460e+00
1.137000e+01; 3.013501e+05; 1.027363e+00
1.137500e+01; 3.013589e+05; 1.026266e+00
1.138000e+01; 3.013670e+05; 1.025169e+00
1.138500e+01; 3.013743e+05; 1.024071e+00
1.139000e+01; 3.013809e+05; 1.022974e+00
1.139500e+01; 3.013868e+05; 1.021878e+00
1.140000e+01; 3.013922e+05; 1.020782e+00
1.140500e+01; 3.013970e+05; 1.019687e+00
1.141000e+01; 3.014013e+05; 1.018593e+00
1.141500e+01; 3.014051e+05; 1.017500e+00
1.142000e+01; 3.014084e+05; 1.016409e+00
1.142500e+01; 3.014114e+05; 1.015319e+00
1.143000e+01; 3.014139e+05; 1.014232e+00
1.143500e+01; 3.014160e+05; 1.013146e+00
1.144000e+01; 3.014177e+05; 1.012062e+00
1.144500e+01; 3.014191e+05; 1.010981e+00
1.145000e+01; 3.014201e+05; 1.009903e+00
1.145500e+01; 3.014208e+05; 1.008827e+00
1.146000e+01; 3.014211e+05; 1.007754e+00
1.146500e+01; 3.014211e+05; 1.006685e+00
1.147000e+01; 3.014207e+05; 1.005618e+00
1.147500e+01; 3.014200e+05; 1.004555e+00
1.148000e+01; 3.014190e+05; 1.003495e+00
1.148500e+01; 3.014176e+05; 1.002439e+00
1.149000e+01; 3.014158e+05; 1.001387e+00
1.149500e+01; 3.014137e+05; 1.000338e+00
1.150000e+01; 3.014112e+05; 9.992933e-01
1.150500e+01; 3.014082e+05; 9.982523e-01
1.151000e+01; 3.014049e+05; 9.972152e-01
1.151500e+01; 3.014010e+05; 9.961820e-01
1.152000e+01; 3.013967e+05; 9.951527e-01
1.152500e+01; 3.013919e+05; 9.941274e-01
1.153000e+01; 3.013866e+05; 9.931060e-01
1.153500e+01; 3.013806e+05; 9.920886e-01
1.154000e+01; 3.013741e+05; 9.910750e-01
1.154500e+01; 3.013669e+05; 9.900651e-01
1.155000e+01; 3.013589e+05; 9.890591e-01
1.155500e+01; 3.013503e+05; 9.880567e-01
1.156000e+01; 3.013408e+05; 9.870578e-01
1.156500e+01; 3.013304e+05; 9.860624e-01
1.157000e+01; 3.013192e+05; 9.850704e-01
1.157500e+01; 3.013069e+05; 9.840817e-01
1.158000e+01; 3.012936e+05; 9.830960e-01
1.158500e+01; 3.012791e+05; 9.821133e-01
1.159000e+01; 3.012634e+05; 9.811334e-01
1.159500e+01; 3.012464e+05; 9.801562e-01
1.160000e+01; 3.012280e+05; 9.791816e-01
1.160500e+01; 3.012081e+05; 9.782092e-01
1.161000e+01; 3.011867e+05; 9.772391e-01
1.161500e+01; 3.011635e+05; 9.762711e-01
1.162000e+01; 3.011385e+05; 9.753049e-01
1.162500e+01; 3.011116e+05; 9.743404e-01
1.163000e+01; 3.010826e+05; 9.733775e-01
1.163500e+01; 3.010515e+05; 9.724159e-01
1.164000e+01; 3.010180e+05; 9.714555e-01
1.164500e+01; 3.009820e+05; 9.704962e-01
1.165000e+01; 3.009434e+05; 9.695377e-01
1.165500e+01; 3.009019e+05; 9.685800e-01
1.166000e+01; 3.008576e+05; 9.676228e-01
1.166500e+01; 3.008100e+05; 9.666661e-01
1.167000e+01; 3.007592e+05; 9.657097e-01
1.167500e+01; 3.007048e+05; 9.647534e-01
1.168000e+01; 3.006468e+05; 9.637971e-01
1.168500e+01; 3.005847e+05; 9.628407e-01
1.169000e+01; 3.005186e+05; 9.618841e-01
1.169500e+01; 3.004481e+05; 9.609272e-01
1.170000e+01; 3.003729e+05; 9.599698e-01
1.170500e+01; 3.002929e+05; 9.590119e-01
1.171000e+01; 3.002078e+05; 9.580534e-01
1.171500e+01; 3.001174e+05; 9.570942e-01
1.172000e+01; 3.000213e+05; 9.561343e-01
1.172500e+01; 2.999193e+05; 9.551735e-01
1.173000e+01; 2.998111e+05; 9.542118e-01
1.173500e+01; 2.996965e+05; 9.532491e-01
1.174000e+01; 2.995750e+05; 9.522854e-01
1.174500e+01; 2.994464e+05; 9.513208e-01
1.175000e+01; 2.993104e+05; 9.503550e-01
1.175500e+01; 2.991667e+05; 9.493882e-01
1.176000e+01; 2.990149e+05; 9.484202e-01
1.176500e+01; 2.988546e+05; 9.474511e-01
1.177000e+01; 2.986856e+05; 9.464809e-01
1.177500e+01; 2.985074e+05; 9.455096e-01
1.178000e+01; 2.983198e+05; 9.445371e-01
1.178500e+01; 2.981223e+05; 9.435634e-01
1.179000e+01; 2.979146e+05; 9.425887e-01
1.179500e+01; 2.976962e+05; 9.416128e-01
1.180000e+01; 2.974669e+05; 9.406358e-01
1.180500e+01; 2.972262e+05; 9.396577e-01
1.181000e+01; 2.969736e+05; 9.386786e-01
1.181500e+01; 2.967090e+05; 9.376985e-01
1.182000e+01; 2.964317e+05; 9.367173e-01
1.182500e+01; 2.961415e+05; 9.357351e-01
1.183000e+01; 2.958379e+05; 9.347520e-01
1.183500e+01; 2.955205e+05; 9.337680e-01
1.184000e+01; 2.951889e+05; 9.327831e-01
1.184500e+01; 2.948428e+05; 9.317973e-01
1.185000e+01; 2.944816e+05; 9.308107e-01
1.185500e+01; 2.941051e+05; 9.298233e-01
1.186000e+01; 2.937128e+05; 9.288352e-01
1.186500e+01; 2.933043e+05; 9.278463e-01
1.187000e+01; 2.928792e+05; 9.268567e-01
1.187500e+01; 2.924372e+05; 9.258665e-01
1.188000e+01; 2.919778e+05; 9.248757e-01
1.188500e+01; 2.915007e+05; 9.238842e-01
1.189000e+01; 2.910055e+05; 9.228922e-01
1.189500e+01; 2.904919e+05; 9.218997e-01
1.190000e+01; 2.899595e+05; 9.209067e-01
1.190500e+01; 2.894080e+05; 9.199133e-01
1.191000e+01; 2.888370e+05; 9.189193e-01
1.191500e+01; 2.882462e+05; 9.179250e-01
1.192000e+01; 2.876354e+05; 9.169304e-01
1.192500e+01; 2.870041e+05; 9.159353e-01
1.193000e+01; 2.863522e+05; 9.149400e-01
1.193500e+01; 2.856793e+05; 9.139444e-01
1.194000e+01; 2.849852e+05; 9.129485e-01
1.194500e+01; 2.842697e+05; 9.119523e-01
1.195000e+01; 2.835324e+05; 9.109560e-01
1.195500e+01; 2.827734e+05; 9.099594e-01
1.196000e+01; 2.819922e+05; 9.089627e-01
1.196500e+01; 2.811888e+05; 9.079659e-01
1.197000e+01; 2.803630e+05; 9.069689e-01
1.197500e+01; 2.795146e+05; 9.059718e-01
1.198000e+01; 2.786435e+05; 9.049747e-01
1.198500e+01; 2.777497e+05; 9.039775e-01
1.199000e+01; 2.768330e+05; 9.029803e-01
1.199500e+01; 2.758933e+05; 9.019830e-01
1.200000e+01; 2.749307e+05; 9.009858e-01
1.200500e+01; 2.739450e+05; 8.999886e-01
1.201000e+01; 2.729363e+05; 8.989915e-01
1.201500e+01; 2.719046e+05; 8.979945e-01
1.202000e+01; 2.708499e+05; 8.969976e-01
1.202500e+01; 2.697722e+05; 8.960008e-01
1.203000e+01; 2.686716e+05; 8.950042e-01
1.203500e+01; 2.675483e+05; 8.940078e-01
1.204000e+01; 2.664022e+05; 8.930116e-01
1.204500e+01; 2.652336e+05; 8.920156e-01
1.205000e+01; 2.640425e+05; 8.910200e-01
1.205500e+01; 2.628291e+05; 8.900246e-01
1.206000e+01; 2.615936e+05; 8.890296e-01
1.206500e+01; 2.603362e+05; 8.880351e-01
1.207000e+01; 2.590571e+05; 8.870409e-01
1.207500e+01; 2.577565e+05; 8.860472e-01
1.208000e+01; 2.564347e+05; 8.850541e-01
1.208500e+01; 2.550918e+05; 8.840615e-01
1.209000e+01; 2.537282e+05; 8.830695e-01
1.209500e+01; 2.523442e+05; 8.820783e-01
1.210000e+01; 2.509400e+05; 8.810877e-01
1.210500e+01; 2.495160e+05; 8.800980e-01
1.211000e+01; 2.480724e+05; 8.791092e-01
1.211500e+01; 2.466097e+05; 8.781212e-01
1.212000e+01; 2.451280e+05; 8.771343e-01
1.212500e+01; 2.436279e+05; 8.761485e-01
1.213000e+01; 2.421096e+05; 8.751639e-01
1.213500e+01; 2.405735e+05; 8.741806e-01
1.214000e+01; 2.390200e+05; 8.731987e-01
1.214500e+01; 2.374495e+05; 8.722182e-01
1.215000e+01; 2.358623e+05; 8.712393e-01
1.215500e+01; 2.342588e+05; 8.702621e-01
1.216000e+01; 2.326395e+05; 8.692868e-01
1.216500e+01; 2.310047e+05; 8.683135e-01
1.217000e+01; 2.293548e+05; 8.673422e-01
1.217500e+01; 2.276902e+05; 8.663732e-01
1.218000e+01; 2.260114e+05; 8.654067e-01
1.218500e+01; 2.243187e+05; 8.644427e-01
1.219000e+01; 2.226125e+05; 8.634814e-01
1.219500e+01; 2.208932e+05; 8.625232e-01
1.220000e+01; 2.191613e+05; 8.615680e-01
1.220500e+01; 2.174171e+05; 8.606162e-01
1.221000e+01; 2.156611e+05; 8.596680e-01
1.221500e+01; 2.138935e+05; 8.587235e-01
1.222000e+01; 2.121149e+05; 8.577831e-01
1.222500e+01; 2.103255e+05; 8.568470e-01
1.223000e+01; 2.085259e+05; 8.559153e-01
1.223500e+01; 2.067163e+05; 8.549885e-01
1.224000e+01; 2.048970e+05; 8.540668e-01
1.224500e+01; 2.030686e+05; 8.531505e-01
1.225000e+01; 2.012313e+05; 8.522398e-01
1.225500e+01; 1.993855e+05; 8.513352e-01
1.226000e+01; 1.975315e+05; 8.504370e-01
1.226500e+01; 1.956697e+05; 8.495454e-01
1.227000e+01; 1.938004e+05; 8.486608e-01
1.227500e+01; 1.919238e+05; 8.477837e-01
1.228000e+01; 1.900404e+05; 8.469144e-01
1.228500e+01; 1.881504e+05; 8.460533e-01
1.229000e+01; 1.862542e+05; 8.452008e-01
1.229500e+01; 1.843519e+05; 8.443573e-01
1.230000e+01; 1.824440e+05; 8.435233e-01
1.230500e+01; 1.805306e+05; 8.426992e-01
1.231000e+01; 1.786120e+05; 8.418854e-01
1.231500e+01; 1.766884e+05; 8.410823e-01
1.232000e+01; 1.747602e+05; 8.402906e-01
1.232500e+01; 1.728276e+05; 8.395106e-01
1.233000e+01; 1.708907e+05; 8.387428e-01
1.233500e+01; 1.689499e+05; 8.379877e-01
1.234000e+01; 1.670052e+05; 8.372459e-01
1.234500e+01; 1.650570e+05; 8.365178e-01
1.235000e+01; 1.631053e+05; 8.358039e-01
1.235500e+01; 1.611505e+05; 8.351047e-01
1.236000e+01; 1.591926e+05; 8.344208e-01
1.236500e+01; 1.572319e+05; 8.337527e-01
1.237000e+01; 1.552684e+05; 8.331008e-01
1.237500e+01; 1.533025e+05; 8.324658e-01
1.238000e+01; 1.513341e+05; 8.318481e-01
1.238500e+01; 1.493635e+05; 8.312482e-01
1.239000e+01; 1.473908e+05; 8.306666e-01
1.239500e+01; 1.454161e+05; 8.301039e-01
1.240000e+01; 1.434395e+05; 8.295605e-01
1.240500e+01; 1.414612e+05; 8.290369e-01
1.241000e+01; 1.394813e+05; 8.285336e-01
1.241500e+01; 1.374997e+05; 8.280510e-01
1.242000e+01; 1.355168e+05; 8.275896e-01
1.242500e+01; 1.335325e+05; 8.271499e-01
1.243000e+01; 1.315470e+05; 8.267322e-01
1.243500e+01; 1.295602e+05; 8.263370e-01
1.244000e+01; 1.275724e+05; 8.259647e-01
1.244500e+01; 1.255835e+05; 8.256155e-01
1.245000e+01; 1.235937e+05; 8.252900e-01
1.245500e+01; 1.216029e+05; 8.249883e-01
1.246000e+01; 1.196113e+05; 8.247108e-01
1.246500e+01; 1.176189e+05; 8.244578e-01
1.247000e+01; 1.156258e+05; 8.242296e-01
1.247500e+01; 1.136320e+05; 8.240263e-01
1.248000e+01; 1.116376e+05; 8.238482e-01
1.248500e+01; 1.096425e+05; 8.236955e-01
1.249000e+01; 1.076469e+05; 8.235683e-01
1.249500e+01; 1.056508e+05; 8.234667e-01
1.250000e+01; 1.036542e+05; 8.233909e-01
1.250500e+01; 1.016571e+05; 8.233410e-01
1.251000e+01; 9.965955e+04; 8.233169e-01
1.251500e+01; 9.766164e+04; 8.233186e-01
1.252000e+01; 9.566334e+04; 8.233463e-01
1.252500e+01; 9.366469e+04; 8.233997e-01
1.253000e+01; 9.166572e+04; 8.234789e-01
1.253500e+01; 8.966643e+04; 8.235838e-01
1.254000e+01; 8.766686e+04; 8.237142e-01
1.254500e+01; 8.566703e+04; 8.238699e-01
1.255000e+01; 8.366695e+04; 8.240509e-01
1.255500e+01; 8.166665e+04; 8.242569e-01
1.256000e+01; 7.966615e+04; 8.244876e-01
1.256500e+01; 7.766546e+04; 8.247428e-01
1.257000e+01; 7.566461e+04; 8.250222e-01
1.257500e+01; 7.366362e+04; 8.253256e-01
1.258000e+01; 7.166251e+04; 8.256526e-01
1.258500e+01; 6.966130e+04; 8.260028e-01
1.259000e+01; 6.766003e+04; 8.263760e-01
1.259500e+01; 6.565871e+04; 8.267716e-01
1.260000e+01; 6.365739e+04; 8.271894e-01
1.260500e+01; 6.165609e+04; 8.276289e-01
1.261000e+01; 5.965485e+04; 8.280896e-01
1.261500e+01; 5.765370e+04; 8.285712e-01
1.262000e+01; 5.565270e+04; 8.290732e-01
1.262500e+01; 5.365188e+04; 8.295951e-01
1.263000e+01; 5.165130e+04; 8.301365e-01
1.263500e+01; 4.965102e+04; 8.306968e-01
1.264000e+01; 4.765110e+04; 8.312756e-01
1.264500e+01; 4.565159e+04; 8.318724e-01
1.265000e+01; 4.365259e+04; 8.324867e-01
1.265500e+01; 4.165417e+04; 8.331180e-01
1.266000e+01; 3.965642e+04; 8.337658e-01
1.266500e+01; 3.765943e+04; 8.344295e-01
1.267000e+01; 3.566331e+04; 8.351087e-01
1.267500e+01; 3.366817e+04; 8.358030e-01
1.268000e+01; 3.167413e+04; 8.365116e-01
1.268500e+01; 2.968134e+04; 8.372343e-01
1.269000e+01; 2.768992e+04; 8.379705e-01
1.269500e+01; 2.570003e+04; 8.387197e-01
1.270000e+01; 2.371185e+04; 8.394814e-01
1.270500e+01; 2.172554e+04; 8.402552e-01
1.271000e+01; 1.974130e+04; 8.410405e-01
1.271500e+01; 1.775932e+04; 8.418370e-01
1.272000e+01; 1.577984e+04; 8.426442e-01
1.272500e+01; 1.380307e+04; 8.434616e-01
1.273000e+01; 1.182926e+04; 8.442888e-01
1.273500e+01; 9.858673e+03; 8.451255e-01
1.274000e+01; 7.891585e+03; 8.459711e-01
1.274500e+01; 5.928284e+03; 8.468252e-01
1.275000e+01; 3.969078e+03; 8.476876e-01
1.275500e+01; 2.014291e+03; 8.485578e-01
1.276000e+01; 6.426104e+01; 8.494355e-01
1.276500e+01; -1.880655e+03; 8.503202e-01
1.277000e+01; -3.820084e+03; 8.512117e-01
1.277500e+01; -5.753637e+03; 8.521096e-01
1.278000e+01; -7.680907e+03; 8.530137e-01
1.278500e+01; -9.601470e+03; 8.539235e-01
1.279000e+01; -1.151489e+04; 8.548388e-01
1.279500e+01; -1.342070e+04; 8.557593e-01
1.280000e+01; -1.531844e+04; 8.566848e-01
1.280500e+01; -1.720761e+04; 8.576149e-01
1.281000e+01; -1.908772e+04; 8.585495e-01
1.281500e+01; -2.095824e+04; 8.594883e-01
1.282000e+01; -2.281864e+04; 8.604310e-01
1.282500e+01; -2.466838e+04; 8.613774e-01
1.283000e+01; -2.650689e+04; 8.623274e-01
1.283500e+01; -2.833361e+04; 8.632807e-01
1.284000e+01; -3.014796e+04; 8.642372e-01
1.284500e+01; -3.194933e+04; 8.651965e-01
1.285000e+01; -3.373714e+04; 8.661587e-01
1.285500e+01; -3.551078e+04; 8.671235e-01
1.286000e+01; -3.726963e+04; 8.680907e-01
1.286500e+01; -3.901307e+04; 8.690603e-01
1.287000e+01; -4.074048e+04; 8.700320e-01
1.287500e+01; -4.245123e+04; 8.710058e-01
1.288000e+01; -4.414471e+04; 8.719815e-01
1.288500e+01; -4.582029e+04; 8.729591e-01
1.289000e+01; -4.747735e+04; 8.739383e-01
1.289500e+01; -4.911527e+04; 8.749191e-01
1.290000e+01; -5.073345e+04; 8.759014e-01
1.290500e+01; -5.233128e+04; 8.768851e-01
1.291000e+01; -5.390816e+04; 8.778702e-01
1.291500e+01; -5.546353e+04; 8.788564e-01
1.292000e+01; -5.699681e+04; 8.798439e-01
1.292500e+01; -5.850745e+04; 8.808325e-01
1.293000e+01; -5.999491e+04; 8.818221e-01
1.293500e+01; -6.145869e+04; 8.828126e-01
1.294000e+01; -6.289827e+04; 8.838042e-01
1.294500e+01; -6.431320e+04; 8.847965e-01
1.295000e+01; -6.570301e+04; 8.857898e-01
1.295500e+01; -6.706727e+04; 8.867838e-01
1.296000e+01; -6.840560e+04; 8.877786e-01
1.296500e+01; -6.971762e+04; 8.887741e-01
1.297000e+01; -7.100298e+04; 8.897703e-01
1.297500e+01; -7.226137e+04; 8.907671e-01
1.298000e+01; -7.349251e+04; 8.917646e-01
1.298500e+01; -7.469614e+04; 8.927628e-01
1.299000e+01; -7.587206e+04; 8.937615e-01
1.299500e+01; -7.702007e+04; 8.947608e-01
1.300000e+01; -7.814003e+04; 8.957608e-01
1.300500e+01; -7.923183e+04; 8.967613e-01
1.301000e+01; -8.029538e+04; 8.977624e-01
1.301500e+01; -8.133065e+04; 8.987640e-01
1.302000e+01; -8.233761e+04; 8.997662e-01
1.302500e+01; -8.331631e+04; 9.007690e-01
1.303000e+01; -8.426679e+04; 9.017724e-01
1.303500e+01; -8.518917e+04; 9.027764e-01
1.304000e+01; -8.608357e+04; 9.037810e-01
1.304500e+01; -8.695015e+04; 9.047862e-01
1.305000e+01; -8.778912e+04; 9.057920e-01
1.305500e+01; -8.860070e+04; 9.067985e-01
1.306000e+01; -8.938516e+04; 9.078056e-01
1.306500e+01; -9.014278e+04; 9.088135e-01
1.307000e+01; -9.087390e+04; 9.098220e-01
1.307500e+01; -9.157887e+04; 9.108313e-01
1.308000e+01; -9.225805e+04; 9.118413e-01
1.308500e+01; -9.291185e+04; 9.128521e-01
1.309000e+01; -9.354069e+04; 9.138637e-01
1.309500e+01; -9.414504e+04; 9.148762e-01
1.310000e+01; -9.472535e+04; 9.158896e-01
1.310500e+01; -9.528211e+04; 9.169039e-01
1.311000e+01; -9.581583e+04; 9.179191e-01
1.311500e+01; -9.632703e+04; 9.189353e-01
1.312000e+01; -9.681626e+04; 9.199525e-01
1.312500e+01; -9.728405e+04; 9.209708e-01
1.313000e+01; -9.773097e+04; 9.219902e-01
1.313500e+01; -9.815759e+04; 9.230108e-01
1.314000e+01; -9.856448e+04; 9.240325e-01
1.314500e+01; -9.895223e+04; 9.250554e-01
1.315000e+01; -9.932143e+04; 9.260796e-01
1.315500e+01; -9.967267e+04; 9.271051e-01
1.316000e+01; -1.000065e+05; 9.281319e-01
1.316500e+01; -1.003236e+05; 9.291601e-01
1.317000e+01; -1.006245e+05; 9.301897e-01
1.317500e+01; -1.009098e+05; 9.312207e-01
1.318000e+01; -1.011800e+05; 9.322532e-01
1.318500e+01; -1.014359e+05; 9.332873e-01
1.319000e+01; -1.016778e+05; 9.343228e-01
1.319500e+01; -1.019064e+05; 9.353600e-01
1.320000e+01; -1.021223e+05; 9.363988e-01
1.320500e+01; -1.023260e+05; 9.374392e-01
1.321000e+01; -1.025180e+05; 9.384812e-01
1.321500e+01; -1.026988e+05; 9.395249e-01
1.322000e+01; -1.028690e+05; 9.405704e-01
1.322500e+01; -1.030290e+05; 9.416175e-01
1.323000e+01; -1.031794e+05; 9.426664e-01
1.323500e+01; -1.033205e+05; 9.437170e-01
1.324000e+01; -1.034530e+05; 9.447693e-01
1.324500e+01; -1.035771e+05; 9.458233e-01
1.325000e+01; -1.036934e+05; 9.468791e-01
1.325500e+01; -1.038022e+05; 9.479366e-01
1.326000e+01; -1.039040e+05; 9.489958e-01
1.326500e+01; -1.039992e+05; 9.500567e-01
1.327000e+01; -1.040880e+05; 9.511192e-01
1.327500e+01; -1.041709e+05; 9.521834e-01
1.328000e+01; -1.042482e+05; 9.532491e-01
1.328500e+01; -1.043202e+05; 9.543164e-01
1.329000e+01; -1.043872e+05; 9.553852e-01
1.329500e+01; -1.044496e+05; 9.564555e-01
1.330000e+01; -1.045076e+05; 9.575272e-01
1.330500e+01; -1.045614e+05; 9.586002e-01
1.331000e+01; -1.046114e+05; 9.596745e-01
1.331500e+01; -1.046578e+05; 9.607499e-01
1.332000e+01; -1.047008e+05; 9.618265e-01
1.332500e+01; -1.047406e+05; 9.629041e-01
1.333000e+01; -1.047775e+05; 9.639827e-01
1.333500e+01; -1.048115e+05; 9.650621e-01
1.334000e+01; -1.048430e+05; 9.661422e-01
1.334500e+01; -1.048720e+05; 9.672230e-01
1.335000e+01; -1.048988e+05; 9.683043e-01
1.335500e+01; -1.049234e+05; 9.693860e-01
1.336000e+01; -1.049461e+05; 9.704680e-01
1.336500e+01; -1.049670e+05; 9.715502e-01
1.337000e+01; -1.049861e+05; 9.726325e-01
1.337500e+01; -1.050036e+05; 9.737147e-01
1.338000e+01; -1.050196e+05; 9.747967e-01
1.338500e+01; -1.050342e+05; 9.758783e-01
1.339000e+01; -1.050474e+05; 9.769596e-01
1.339500e+01; -1.050595e+05; 9.780402e-01
1.340000e+01; -1.050704e+05; 9.791200e-01
1.340500e+01; -1.050802e+05; 9.801991e-01
1.341000e+01; -1.050890e+05; 9.812771e-01
1.341500e+01; -1.050968e+05; 9.823540e-01
1.342000e+01; -1.051037e+05; 9.834297e-01
1.342500e+01; -1.051098e+05; 9.845039e-01
1.343000e+01; -1.051150e+05; 9.855767e-01
1.343500e+01; -1.051194e+05; 9.866478e-01
1.344000e+01; -1.051231e+05; 9.877171e-01
1.344500e+01; -1.051261e+05; 9.887846e-01
1.345000e+01; -1.051283e+05; 9.898501e-01
1.345500e+01; -1.051299e+05; 9.909135e-01
1.346000e+01; -1.051307e+05; 9.919747e-01
1.346500e+01; -1.051309e+05; 9.930337e-01
1.347000e+01; -1.051305e+05; 9.940902e-01
1.347500e+01; -1.051293e+05; 9.951443e-01
1.348000e+01; -1.051276e+05; 9.961959e-01
1.348500e+01; -1.051251e+05; 9.972448e-01
1.349000e+01; -1.051220e+05; 9.982911e-01
1.349500e+01; -1.051181e+05; 9.993346e-01
1.350000e+01; -1.051136e+05; 1.000375e+00
1.350500e+01; -1.051083e+05; 1.001413e+00
1.351000e+01; -1.051023e+05; 1.002448e+00
1.351500e+01; -1.050954e+05; 1.003481e+00
1.352000e+01; -1.050878e+05; 1.004510e+00
1.352500e+01; -1.050792e+05; 1.005537e+00
1.353000e+01; -1.050698e+05; 1.006560e+00
1.353500e+01; -1.050594e+05; 1.007581e+00
1.354000e+01; -1.050481e+05; 1.008599e+00
1.354500e+01; -1.050356e+05; 1.009614e+00
1.355000e+01; -1.050221e+05; 1.010626e+00
1.355500e+01; -1.050074e+05; 1.011635e+00
1.356000e+01; -1.049914e+05; 1.012642e+00
1.356500e+01; -1.049742e+05; 1.013646e+00
1.357000e+01; -1.049555e+05; 1.014648e+00
1.357500e+01; -1.049354e+05; 1.015647e+00
1.358000e+01; -1.049138e+05; 1.016643e+00
1.358500e+01; -1.048905e+05; 1.017637e+00
1.359000e+01; -1.048654e+05; 1.018629e+00
1.359500e+01; -1.048386e+05; 1.019619e+00
1.360000e+01; -1.048097e+05; 1.020606e+00
1.360500e+01; -1.047788e+05; 1.021591e+00
1.361000e+01; -1.047458e+05; 1.022575e+00
1.361500e+01; -1.047104e+05; 1.023557e+00
1.362000e+01; -1.046726e+05; 1.024537e+00
1.362500e+01; -1.046323e+05; 1.025515e+00
1.363000e+01; -1.045892e+05; 1.026492e+00
1.363500e+01; -1.045433e+05; 1.027467e+00
1.364000e+01; -1.044944e+05; 1.028441e+00
1.364500e+01; -1.044423e+05; 1.029414e+00
1.365000e+01; -1.043869e+05; 1.030386e+00
1.365500e+01; -1.043279e+05; 1.031357e+00
1.366000e+01; -1.042653e+05; 1.032326e+00
1.366500e+01; -1.041988e+05; 1.033296e+00
1.367000e+01; -1.041282e+05; 1.034264e+00
1.367500e+01; -1.040534e+05; 1.035232e+00
1.368000e+01; -1.039741e+05; 1.036200e+00
1.368500e+01; -1.038901e+05; 1.037167e+00
1.369000e+01; -1.038012e+05; 1.038134e+00
1.369500e+01; -1.037071e+05; 1.039100e+00
1.370000e+01; -1.036077e+05; 1.040067e+00
1.370500e+01; -1.035026e+05; 1.041033e+00
1.371000e+01; -1.033917e+05; 1.042000e+00
1.371500e+01; -1.032747e+05; 1.042967e+00
1.372000e+01; -1.031512e+05; 1.043934e+00
1.372500e+01; -1.030212e+05; 1.044901e+00
1.373000e+01; -1.028842e+05; 1.045868e+00
1.373500e+01; -1.027400e+05; 1.046836e+00
1.374000e+01; -1.025883e+05; 1.047805e+00
1.374500e+01; -1.024288e+05; 1.048774e+00
1.375000e+01; -1.022612e+05; 1.049743e+00
1.375500e+01; -1.020853e+05; 1.050713e+00
1.376000e+01; -1.019006e+05; 1.051684e+00
1.376500e+01; -1.017070e+05; 1.052655e+00
1.377000e+01; -1.015040e+05; 1.053627e+00
1.377500e+01; -1.012914e+05; 1.054600e+00
1.378000e+01; -1.010687e+05; 1.055573e+00
1.378500e+01; -1.008358e+05; 1.056547e+00
1.379000e+01; -1.005922e+05; 1.057522e+00
1.379500e+01; -1.003377e+05; 1.058498e+00
1.380000e+01; -1.000718e+05; 1.059474e+00
1.380500e+01; -9.979427e+04; 1.060451e+00
1.381000e+01; -9.950473e+04; 1.061429e+00
1.381500e+01; -9.920283e+04; 1.062408e+00
1.382000e+01; -9.888823e+04; 1.063388e+00
1.382500e+01; -9.856059e+04; 1.064368e+00
1.383000e+01; -9.821956e+04; 1.065349e+00
1.383500e+01; -9.786480e+04; 1.066331e+00
1.384000e+01; -9.749596e+04; 1.067314e+00
1.384500e+01; -9.711269e+04; 1.068297e+00
1.385000e+01; -9.671467e+04; 1.069281e+00
1.385500e+01; -9.630155e+04; 1.070266e+00
1.386000e+01; -9.587299e+04; 1.071252e+00
1.386500e+01; -9.542868e+04; 1.072238e+00
1.387000e+01; -9.496827e+04; 1.073224e+00
1.387500e+01; -9.449146e+04; 1.074212e+00
1.388000e+01; -9.399793e+04; 1.075200e+00
1.388500e+01; -9.348736e+04; 1.076188e+00
1.389000e+01; -9.295946e+04; 1.077177e+00
1.389500e+01; -9.241393e+04; 1.078167e+00
1.390000e+01; -9.185049e+04; 1.079157e+00
1.390500e+01; -9.126885e+04; 1.080148e+00
1.391000e+01; -9.066875e+04; 1.081139e+00
1.391500e+01; -9.004993e+04; 1.082130e+00
1.392000e+01; -8.941213e+04; 1.083122e+00
1.392500e+01; -8.875512e+04; 1.084114e+00
1.393000e+01; -8.807866e+04; 1.085107e+00
1.393500e+01; -8.738254e+04; 1.086100e+00
1.394000e+01; -8.666656e+04; 1.087093e+00
1.394500e+01; -8.593051e+04; 1.088086e+00
1.395000e+01; -8.517422e+04; 1.089080e+00
1.395500e+01; -8.439753e+04; 1.090074e+00
1.396000e+01; -8.360026e+04; 1.091068e+00
1.396500e+01; -8.278229e+04; 1.092062e+00
1.397000e+01; -8.194349e+04; 1.093056e+00
1.397500e+01; -8.108374e+04; 1.094050e+00
1.398000e+01; -8.020295e+04; 1.095045e+00
1.398500e+01; -7.930102e+04; 1.096039e+00
1.399000e+01; -7.837790e+04; 1.097033e+00
1.399500e+01; -7.743352e+04; 1.098028e+00
1.400000e+01; -7.646785e+04; 1.099022e+00
1.400500e+01; -7.548087e+04; 1.100016e+00
1.401000e+01; -7.447255e+04; 1.101010e+00
1.401500e+01; -7.344293e+04; 1.102004e+00
1.402000e+01; -7.239200e+04; 1.102997e+00
1.402500e+01; -7.131981e+04; 1.103990e+00
1.403000e+01; -7.022642e+04; 1.104983e+00
1.403500e+01; -6.911188e+04; 1.105976e+00
1.404000e+01; -6.797628e+04; 1.106968e+00
1.404500e+01; -6.681972e+04; 1.107960e+00
1.405000e+01; -6.564231e+04; 1.108951e+00
1.405500e+01; -6.444417e+04; 1.109942e+00
1.406000e+01; -6.322544e+04; 1.110932e+00
1.406500e+01; -6.198628e+04; 1.111921e+00
1.407000e+01; -6.072684e+04; 1.112910e+00
1.407500e+01; -5.944732e+04; 1.113898e+00
1.408000e+01; -5.814789e+04; 1.114885e+00
1.408500e+01; -5.682877e+04; 1.115871e+00
1.409000e+01; -5.549017e+04; 1.116856e+00
1.409500e+01; -5.413232e+04; 1.117840e+00
1.410000e+01; -5.275545e+04; 1.118823e+00
1.410500e+01; -5.135982e+04; 1.119805e+00
1.411000e+01; -4.994567e+04; 1.120785e+00
1.411500e+01; -4.851329e+04; 1.121764e+00
1.412000e+01; -4.706294e+04; 1.122741e+00
1.412500e+01; -4.559492e+04; 1.123716e+00
1.413000e+01; -4.410951e+04; 1.124690e+00
1.413500e+01; -4.260701e+04; 1.125662e+00
1.414000e+01; -4.108774e+04; 1.126632e+00
1.414500e+01; -3.955200e+04; 1.127600e+00
1.415000e+01; -3.800012e+04; 1.128565e+00
1.415500e+01; -3.643241e+04; 1.129528e+00
1.416000e+01; -3.484922e+04; 1.130489e+00
1.416500e+01; -3.325086e+04; 1.131447e+00
1.417000e+01; -3.163768e+04; 1.132401e+00
1.417500e+01; -3.001001e+04; 1.133353e+00
1.418000e+01; -2.836820e+04; 1.134302e+00
1.418500e+01; -2.671259e+04; 1.135247e+00
1.419000e+01; -2.504352e+04; 1.136188e+00
1.419500e+01; -2.336134e+04; 1.137125e+00
1.420000e+01; -2.166639e+04; 1.138059e+00
1.420500e+01; -1.995902e+04; 1.138988e+00
1.421000e+01; -1.823957e+04; 1.139912e+00
1.421500e+01; -1.650839e+04; 1.140832e+00
1.422000e+01; -1.476581e+04; 1.141747e+00
1.422500e+01; -1.301218e+04; 1.142656e+00
1.423000e+01; -1.124784e+04; 1.143560e+00
1.423500e+01; -9.473110e+03; 1.144458e+00
1.424000e+01; -7.688328e+03; 1.145349e+00
1.424500e+01; -5.893821e+03; 1.146235e+00
1.425000e+01; -4.089911e+03; 1.147113e+00
1.425500e+01; -2.276918e+03; 1.147985e+00
1.426000e+01; -4.551542e+02; 1.148849e+00
1.426500e+01; 1.375070e+03; 1.149705e+00
1.427000e+01; 3.213451e+03; 1.150554e+00
1.427500e+01; 5.059689e+03; 1.151393e+00
1.428000e+01; 6.913493e+03; 1.152225e+00
1.428500e+01; 8.774574e+03; 1.153047e+00
1.429000e+01; 1.064265e+04; 1.153859e+00
1.429500e+01; 1.251745e+04; 1.154662e+00
1.430000e+01; 1.439870e+04; 1.155454e+00
1.430500e+01; 1.628615e+04; 1.156236e+00
1.431000e+01; 1.817952e+04; 1.157006e+00
1.431500e+01; 2.007858e+04; 1.157765e+00
1.432000e+01; 2.198309e+04; 1.158512e+00
1.432500e+01; 2.389280e+04; 1.159247e+00
1.433000e+01; 2.580749e+04; 1.159970e+00
1.433500e+01; 2.772694e+04; 1.160679e+00
1.434000e+01; 2.965093e+04; 1.161374e+00
1.434500e+01; 3.157925e+04; 1.162056e+00
1.435000e+01; 3.351171e+04; 1.162723e+00
1.435500e+01; 3.544810e+04; 1.163376e+00
1.436000e+01; 3.738823e+04; 1.164013e+00
1.436500e+01; 3.933194e+04; 1.164634e+00
1.437000e+01; 4.127903e+04; 1.165240e+00
1.437500e+01; 4.322935e+04; 1.165829e+00
1.438000e+01; 4.518273e+04; 1.166401e+00
1.438500e+01; 4.713902e+04; 1.166956e+00
1.439000e+01; 4.909806e+04; 1.167493e+00
1.439500e+01; 5.105971e+04; 1.168012e+00
1.440000e+01; 5.302384e+04; 1.168512e+00
1.440500e+01; 5.499031e+04; 1.168994e+00
1.441000e+01; 5.695899e+04; 1.169456e+00
1.441500e+01; 5.892977e+04; 1.169899e+00
1.442000e+01; 6.090253e+04; 1.170322e+00
1.442500e+01; 6.287716e+04; 1.170725e+00
1.443000e+01; 6.485355e+04; 1.171107e+00
1.443500e+01; 6.683161e+04; 1.171469e+00
1.444000e+01; 6.881124e+04; 1.171809e+00
1.444500e+01; 7.079234e+04; 1.172127e+00
1.445000e+01; 7.277483e+04; 1.172424e+00
1.445500e+01; 7.475863e+04; 1.172699e+00
1.446000e+01; 7.674366e+04; 1.172952e+00
1.446500e+01; 7.872984e+04; 1.173183e+00
1.447000e+01; 8.071710e+04; 1.173390e+00
1.447500e+01; 8.270538e+04; 1.173575e+00
1.448000e+01; 8.469460e+04; 1.173738e+00
1.448500e+01; 8.668470e+04; 1.173877e+00
1.449000e+01; 8.867563e+04; 1.173993e+00
1.449500e+01; 9.066733e+04; 1.174085e+00
1.450000e+01; 9.265974e+04; 1.174155e+00
1.450500e+01; 9.465281e+04; 1.174201e+00
1.451000e+01; 9.664648e+04; 1.174223e+00
1.451500e+01; 9.864072e+04; 1.174222e+00
1.452000e+01; 1.006355e+05; 1.174198e+00
1.452500e+01; 1.026307e+05; 1.174150e+00
1.453000e+01; 1.046263e+05; 1.174079e+00
1.453500e+01; 1.066223e+05; 1.173984e+00
1.454000e+01; 1.086186e+05; 1.173867e+00
1.454500e+01; 1.106152e+05; 1.173726e+00
1.455000e+01; 1.126120e+05; 1.173562e+00
1.455500e+01; 1.146090e+05; 1.173376e+00
1.456000e+01; 1.166061e+05; 1.173167e+00
1.456500e+01; 1.186034e+05; 1.172935e+00
1.457000e+01; 1.206006e+05; 1.172681e+00
1.457500e+01; 1.225979e+05; 1.172405e+00
1.458000e+01; 1.245951e+05; 1.172108e+00
1.458500e+01; 1.265922e+05; 1.171789e+00
1.459000e+01; 1.285890e+05; 1.171448e+00
1.459500e+01; 1.305857e+05; 1.171087e+00
1.460000e+01; 1.325820e+05; 1.170705e+00
1.460500e+01; 1.345780e+05; 1.170303e+00
1.461000e+01; 1.365735e+05; 1.169880e+00
1.461500e+01; 1.385685e+05; 1.169438e+00
1.462000e+01; 1.405629e+05; 1.168977e+00
1.462500e+01; 1.425566e+05; 1.168496e+00
1.463000e+01; 1.445496e+05; 1.167997e+00
1.463500e+01; 1.465416e+05; 1.167480e+00
1.464000e+01; 1.485327e+05; 1.166945e+00
1.464500e+01; 1.505226e+05; 1.166392e+00
1.465000e+01; 1.525114e+05; 1.165823e+00
1.465500e+01; 1.544988e+05; 1.165236e+00
1.466000e+01; 1.564848e+05; 1.164634e+00
1.466500e+01; 1.584691e+05; 1.164015e+00
1.467000e+01; 1.604517e+05; 1.163381e+00
1.467500e+01; 1.624324e+05; 1.162732e+00
1.468000e+01; 1.644110e+05; 1.162069e+00
1.468500e+01; 1.663874e+05; 1.161391e+00
1.469000e+01; 1.683613e+05; 1.160700e+00
1.469500e+01; 1.703326e+05; 1.159995e+00
1.470000e+01; 1.723010e+05; 1.159277e+00
1.470500e+01; 1.742664e+05; 1.158546e+00
1.471000e+01; 1.762286e+05; 1.157804e+00
1.471500e+01; 1.781872e+05; 1.157049e+00
1.472000e+01; 1.801420e+05; 1.156284e+00
1.472500e+01; 1.820928e+05; 1.155507e+00
1.473000e+01; 1.840394e+05; 1.154720e+00
1.473500e+01; 1.859813e+05; 1.153922e+00
1.474000e+01; 1.879184e+05; 1.153115e+00
1.474500e+01; 1.898503e+05; 1.152298e+00
1.475000e+01; 1.917767e+05; 1.151472e+00
1.475500e+01; 1.936973e+05; 1.150638e+00
1.476000e+01; 1.956117e+05; 1.149795e+00
1.476500e+01; 1.975196e+05; 1.148944e+00
1.477000e+01; 1.994205e+05; 1.148085e+00
1.477500e+01; 2.013143e+05; 1.147218e+00
1.478000e+01; 2.032003e+05; 1.146345e+00
1.478500e+01; 2.050783e+05; 1.145465e+00
1.479000e+01; 2.069479e+05; 1.144578e+00
1.479500e+01; 2.088085e+05; 1.143685e+00
1.480000e+01; 2.106598e+05; 1.142787e+00
1.480500e+01; 2.125014e+05; 1.141882e+00
1.481000e+01; 2.143328e+05; 1.140972e+00
1.481500e+01; 2.161535e+05; 1.140057e+00
1.482000e+01; 2.179631e+05; 1.139137e+00
1.482500e+01; 2.197611e+05; 1.138213e+00
1.483000e+01; 2.215471e+05; 1.137284e+00
1.483500e+01; 2.233204e+05; 1.136350e+00
1.484000e+01; 2.250808e+05; 1.135413e+00
1.484500e+01; 2.268276e+05; 1.134472e+00
1.485000e+01; 2.285604e+05; 1.133527e+00
1.485500e+01; 2.302786e+05; 1.132579e+00
1.486000e+01; 2.319818e+05; 1.131627e+00
1.486500e+01; 2.336696e+05; 1.130673e+00
1.487000e+01; 2.353412e+05; 1.129715e+00
1.487500e+01; 2.369964e+05; 1.128755e+00
1.488000e+01; 2.386346e+05; 1.127792e+00
1.488500e+01; 2.402553e+05; 1.126826e+00
1.489000e+01; 2.418580e+05; 1.125858e+00
1.489500e+01; 2.434423e+05; 1.124888e+00
1.490000e+01; 2.450076e+05; 1.123916e+00
1.490500e+01; 2.465536e+05; 1.122942e+00
1.491000e+01; 2.480798e+05; 1.121965e+00
1.491500e+01; 2.495856e+05; 1.120987e+00
1.492000e+01; 2.510708e+05; 1.120008e+00
1.492500e+01; 2.525349e+05; 1.119026e+00
1.493000e+01; 2.539775e+05; 1.118043e+00
1.493500e+01; 2.553981e+05; 1.117059e+00
1.494000e+01; 2.567965e+05; 1.116073e+00
1.494500e+01; 2.581723e+05; 1.115086e+00
1.495000e+01; 2.595252e+05; 1.114097e+00
1.495500e+01; 2.608548e+05; 1.113108e+00
1.496000e+01; 2.621608e+05; 1.112117e+00
1.496500e+01; 2.634430e+05; 1.111125e+00
1.497000e+01; 2.647011e+05; 1.110132e+00
1.497500e+01; 2.659349e+05; 1.109138e+00
1.498000e+01; 2.671441e+05; 1.108143e+00
1.498500e+01; 2.683287e+05; 1.107147e+00
1.499000e+01; 2.694884e+05; 1.106150e+00
1.499500e+01; 2.706231e+05; 1.105152e+00
1.500000e+01; 2.717327e+05; 1.104153e+00
1.500500e+01; 2.728171e+05; 1.103154e+00
1.501000e+01; 2.738762e+05; 1.102153e+00
1.501500e+01; 2.749100e+05; 1.101152e+00
1.502000e+01; 2.759185e+05; 1.100150e+00
1.502500e+01; 2.769018e+05; 1.099147e+00
1.503000e+01; 2.778597e+05; 1.098143e+00
1.503500e+01; 2.787925e+05; 1.097138e+00
1.504000e+01; 2.797002e+05; 1.096133e+00
1.504500e+01; 2.805829e+05; 1.095126e+00
1.505000e+01; 2.814408e+05; 1.094119e+00
1.505500e+01; 2.822740e+05; 1.093111e+00
1.506000e+01; 2.830827e+05; 1.092102e+00
1.506500e+01; 2.838671e+05; 1.091092e+00
1.507000e+01; 2.846274e+05; 1.090082e+00
1.507500e+01; 2.853639e+05; 1.089070e+00
1.508000e+01; 2.860769e+05; 1.088058e+00
1.508500e+01; 2.867667e+05; 1.087045e+00
1.509000e+01; 2.874335e+05; 1.086030e+00
1.509500e+01; 2.880777e+05; 1.085015e+00
1.510000e+01; 2.886996e+05; 1.083999e+00
1.510500e+01; 2.892997e+05; 1.082982e+00
1.511000e+01; 2.898782e+05; 1.081964e+00
1.511500e+01; 2.904355e+05; 1.080944e+00
1.512000e+01; 2.909722e+05; 1.079924e+00
1.512500e+01; 2.914885e+05; 1.078902e+00
1.513000e+01; 2.919849e+05; 1.077880e+00
1.513500e+01; 2.924619e+05; 1.076856e+00
1.514000e+01; 2.929199e+05; 1.075831e+00
1.514500e+01; 2.933593e+05; 1.074805e+00
1.515000e+01; 2.937806e+05; 1.073778e+00
1.515500e+01; 2.941842e+05; 1.072750e+00
1.516000e+01; 2.945707e+05; 1.071720e+00
1.516500e+01; 2.949404e+05; 1.070689e+00
1.517000e+01; 2.952940e+05; 1.069657e+00
1.517500e+01; 2.956318e+05; 1.068623e+00
1.518000e+01; 2.959543e+05; 1.067588e+00
1.518500e+01; 2.962620e+05; 1.066552e+00
1.519000e+01; 2.965553e+05; 1.065514e+00
1.519500e+01; 2.968348e+05; 1.064475e+00
1.520000e+01; 2.971009e+05; 1.063435e+00
1.520500e+01; 2.973541e+05; 1.062393e+00
1.521000e+01; 2.975947e+05; 1.061350e+00
1.521500e+01; 2.978234e+05; 1.060305e+00
1.522000e+01; 2.980405e+05; 1.059259e+00
1.522500e+01; 2.982464e+05; 1.058212e+00
1.523000e+01; 2.984417e+05; 1.057163e+00
1.523500e+01; 2.986267e+05; 1.056113e+00
1.524000e+01; 2.988018e+05; 1.055062e+00
1.524500e+01; 2.989675e+05; 1.054009e+00
1.525000e+01; 2.991241e+05; 1.052955e+00
1.525500e+01; 2.992720e+05; 1.051900e+00
1.526000e+01; 2.994117e+05; 1.050843e+00
1.526500e+01; 2.995435e+05; 1.049785e+00
1.527000e+01; 2.996677e+05; 1.048726e+00
1.527500e+01; 2.997847e+05; 1.047666e+00
1.528000e+01; 2.998948e+05; 1.046605e+00
1.528500e+01; 2.999984e+05; 1.045542e+00
1.529000e+01; 3.000958e+05; 1.044479e+00
1.529500e+01; 3.001873e+05; 1.043414e+00
1.530000e+01; 3.002731e+05; 1.042349e+00
1.530500e+01; 3.003536e+05; 1.041282e+00
1.531000e+01; 3.004290e+05; 1.040215e+00
1.531500e+01; 3.004997e+05; 1.039147e+00
1.532000e+01; 3.005657e+05; 1.038079e+00
1.532500e+01; 3.006275e+05; 1.037009e+00
1.533000e+01; 3.006852e+05; 1.035940e+00
1.533500e+01; 3.007390e+05; 1.034869e+00
1.534000e+01; 3.007892e+05; 1.033799e+00
1.534500e+01; 3.008359e+05; 1.032728e+00
1.535000e+01; 3.008794e+05; 1.031657e+00
1.535500e+01; 3.009198e+05; 1.030585e+00
1.536000e+01; 3.009572e+05; 1.029514e+00
1.536500e+01; 3.009919e+05; 1.028443e+00
1.537000e+01; 3.010241e+05; 1.027372e+00
1.537500e+01; 3.010537e+05; 1.026301e+00
1.538000e+01; 3.010810e+05; 1.025230e+00
1.538500e+01; 3.011062e+05; 1.024160e+00
1.539000e+01; 3.011292e+05; 1.023091e+00
1.539500e+01; 3.011503e+05; 1.022022e+00
1.540000e+01; 3.011696e+05; 1.020953e+00
1.540500e+01; 3.011870e+05; 1.019886e+00
1.541000e+01; 3.012028e+05; 1.018819e+00
1.541500e+01; 3.012170e+05; 1.017754e+00
1.542000e+01; 3.012296e+05; 1.016689e+00
1.542500e+01; 3.012408e+05; 1.015626e+00
1.543000e+01; 3.012506e+05; 1.014564e+00
1.543500e+01; 3.012590e+05; 1.013503e+00
1.544000e+01; 3.012662e+05; 1.012444e+00
1.544500e+01; 3.012721e+05; 1.011386e+00
1.545000e+01; 3.012767e+05; 1.010330e+00
1.545500e+01; 3.012802e+05; 1.009276e+00
1.546000e+01; 3.012825e+05; 1.008223e+00
1.546500e+01; 3.012837e+05; 1.007172e+00
1.547000e+01; 3.012838e+05; 1.006123e+00
1.547500e+01; 3.012827e+05; 1.005075e+00
1.548000e+01; 3.012805e+05; 1.004030e+00
1.548500e+01; 3.012772e+05; 1.002987e+00
1.549000e+01; 3.012728e+05; 1.001946e+00
1.549500e+01; 3.012673e+05; 1.000907e+00
1.550000e+01; 3.012606e+05; 9.998701e-01
1.550500e+01; 3.012527e+05; 9.988353e-01
1.551000e+01; 3.012436e+05; 9.978028e-01
1.551500e+01; 3.012333e+05; 9.967725e-01
1.552000e+01; 3.012218e+05; 9.957444e-01
1.552500e+01; 3.012089e+05; 9.947186e-01
1.553000e+01; 3.011947e+05; 9.936950e-01
1.553500e+01; 3.011791e+05; 9.926736e-01
1.554000e+01; 3.011621e+05; 9.916545e-01
1.554500e+01; 3.011435e+05; 9.906376e-01
1.555000e+01; 3.011234e+05; 9.896229e-01
1.555500e+01; 3.011016e+05; 9.886103e-01
1.556000e+01; 3.010781e+05; 9.875999e-01
1.556500e+01; 3.010528e+05; 9.865916e-01
1.557000e+01; 3.010256e+05; 9.855854e-01
1.557500e+01; 3.009965e+05; 9.845813e-01
1.558000e+01; 3.009653e+05; 9.835792e-01
1.558500e+01; 3.009320e+05; 9.825790e-01
1.559000e+01; 3.008963e+05; 9.815807e-01
1.559500e+01; 3.008583e+05; 9.805842e-01
1.560000e+01; 3.008178e+05; 9.795895e-01
1.560500e+01; 3.007747e+05; 9.785966e-01
1.561000e+01; 3.007288e+05; 9.776053e-01
1.561500e+01; 3.006801e+05; 9.766156e-01
1.562000e+01; 3.006284e+05; 9.756275e-01
1.562500e+01; 3.005735e+05; 9.746408e-01
1.563000e+01; 3.005153e+05; 9.736554e-01
1.563500e+01; 3.004537e+05; 9.726714e-01
1.564000e+01; 3.003884e+05; 9.716887e-01
1.564500e+01; 3.003194e+05; 9.707071e-01
1.565000e+01; 3.002464e+05; 9.697265e-01
1.565500e+01; 3.001693e+05; 9.687470e-01
1.566000e+01; 3.000879e+05; 9.677684e-01
1.566500e+01; 3.000020e+05; 9.667907e-01
1.567000e+01; 2.999113e+05; 9.658138e-01
1.567500e+01; 2.998158e+05; 9.648375e-01
1.568000e+01; 2.997152e+05; 9.638619e-01
1.568500e+01; 2.996093e+05; 9.628869e-01
1.569000e+01; 2.994978e+05; 9.619123e-01
1.569500e+01; 2.993806e+05; 9.609382e-01
1.570000e+01; 2.992574e+05; 9.599644e-01
1.570500e+01; 2.991280e+05; 9.589909e-01
1.571000e+01; 2.989922e+05; 9.580177e-01
1.571500e+01; 2.988496e+05; 9.570446e-01
1.572000e+01; 2.987001e+05; 9.560716e-01
1.572500e+01; 2.985434e+05; 9.550986e-01
1.573000e+01; 2.983793e+05; 9.541256e-01
1.573500e+01; 2.982074e+05; 9.531526e-01
1.574000e+01; 2.980275e+05; 9.521794e-01
1.574500e+01; 2.978394e+05; 9.512061e-01
1.575000e+01; 2.976427e+05; 9.502325e-01
1.575500e+01; 2.974372e+05; 9.492587e-01
1.576000e+01; 2.972226e+05; 9.482847e-01
1.576500e+01; 2.969986e+05; 9.473103e-01
1.577000e+01; 2.967650e+05; 9.463355e-01
1.577500e+01; 2.965213e+05; 9.453603e-01
1.578000e+01; 2.962674e+05; 9.443848e-01
1.578500e+01; 2.960030e+05; 9.434088e-01
1.579000e+01; 2.957277e+05; 9.424323e-01
1.579500e+01; 2.954412e+05; 9.414553e-01
1.580000e+01; 2.951433e+05; 9.404778e-01
1.580500e+01; 2.948336e+05; 9.394998e-01
1.581000e+01; 2.945118e+05; 9.385213e-01
1.581500e+01; 2.941777e+05; 9.375422e-01
1.582000e+01; 2.938309e+05; 9.365626e-01
1.582500e+01; 2.934711e+05; 9.355824e-01
1.583000e+01; 2.930980e+05; 9.346017e-01
1.583500e+01; 2.927114e+05; 9.336204e-01
1.584000e+01; 2.923109e+05; 9.326386e-01
1.584500e+01; 2.918963e+05; 9.316562e-01
1.585000e+01; 2.914672e+05; 9.306732e-01
1.585500e+01; 2.910233e+05; 9.296897e-01
1.586000e+01; 2.905645e+05; 9.287057e-01
1.586500e+01; 2.900903e+05; 9.277211e-01
1.587000e+01; 2.896005e+05; 9.267360e-01
1.587500e+01; 2.890949e+05; 9.257505e-01
1.588000e+01; 2.885731e+05; 9.247644e-01
1.588500e+01; 2.880350e+05; 9.237779e-01
1.589000e+01; 2.874803e+05; 9.227909e-01
1.589500e+01; 2.869086e+05; 9.218034e-01
1.590000e+01; 2.863198e+05; 9.208156e-01
1.590500e+01; 2.857137e+05; 9.198274e-01
1.591000e+01; 2.850900e+05; 9.188388e-01
1.591500e+01; 2.844485e+05; 9.178498e-01
1.592000e+01; 2.837890e+05; 9.168606e-01
1.592500e+01; 2.831113e+05; 9.158710e-01
1.593000e+01; 2.824152e+05; 9.148811e-01
1.593500e+01; 2.817005e+05; 9.138910e-01
1.594000e+01; 2.809670e+05; 9.129007e-01
1.594500e+01; 2.802147e+05; 9.119102e-01
1.595000e+01; 2.794433e+05; 9.109196e-01
1.595500e+01; 2.786527e+05; 9.099288e-01
1.596000e+01; 2.778428e+05; 9.089379e-01
1.596500e+01; 2.770134e+05; 9.079470e-01
1.597000e+01; 2.761645e+05; 9.069560e-01
1.597500e+01; 2.752960e+05; 9.059651e-01
1.598000e+01; 2.744078e+05; 9.049742e-01
1.598500e+01; 2.734997e+05; 9.039834e-01
1.599000e+01; 2.725719e+05; 9.029928e-01
1.599500e+01; 2.716241e+05; 9.020023e-01
1.600000e+01; 2.706564e+05; 9.010120e-01
1.600500e+01; 2.696688e+05; 9.000220e-01
1.601000e+01; 2.686613e+05; 8.990323e-01
1.601500e+01; 2.676337e+05; 8.980430e-01
1.602000e+01; 2.665863e+05; 8.970541e-01
1.602500e+01; 2.655190e+05; 8.960656e-01
1.603000e+01; 2.644318e+05; 8.950777e-01
1.603500e+01; 2.633248e+05; 8.940903e-01
1.604000e+01; 2.621981e+05; 8.931036e-01
1.604500e+01; 2.610518e+05; 8.921176e-01
1.605000e+01; 2.598859e+05; 8.911324e-01
1.605500e+01; 2.587005e+05; 8.901480e-01
1.606000e+01; 2.574958e+05; 8.891645e-01
1.606500e+01; 2.562718e+05; 8.881820e-01
1.607000e+01; 2.550288e+05; 8.872006e-01
1.607500e+01; 2.537669e+05; 8.862203e-01
1.608000e+01; 2.524861e+05; 8.852413e-01
1.608500e+01; 2.511868e+05; 8.842636e-01
1.609000e+01; 2.498690e+05; 8.832873e-01
1.609500e+01; 2.485330e+05; 8.823125e-01
1.610000e+01; 2.471789e+05; 8.813394e-01
1.610500e+01; 2.458070e+05; 8.803680e-01
1.611000e+01; 2.444175e+05; 8.793984e-01
1.611500e+01; 2.430106e+05; 8.784308e-01
1.612000e+01; 2.415865e+05; 8.774653e-01
1.612500e+01; 2.401454e+05; 8.765020e-01
1.613000e+01; 2.386877e+05; 8.755410e-01
1.613500e+01; 2.372135e+05; 8.745826e-01
1.614000e+01; 2.357232e+05; 8.736268e-01
1.614500e+01; 2.342170e+05; 8.726737e-01
1.615000e+01; 2.326951e+05; 8.717236e-01
1.615500e+01; 2.311578e+05; 8.707766e-01
1.616000e+01; 2.296055e+05; 8.698329e-01
1.616500e+01; 2.280383e+05; 8.688926e-01
1.617000e+01; 2.264567e+05; 8.679560e-01
1.617500e+01; 2.248608e+05; 8.670232e-01
1.618000e+01; 2.232510e+05; 8.660944e-01
1.618500e+01; 2.216275e+05; 8.651699e-01
1.619000e+01; 2.199907e+05; 8.642498e-01
1.619500e+01; 2.183409e+05; 8.633343e-01
1.620000e+01; 2.166783e+05; 8.624237e-01
1.620500e+01; 2.150033e+05; 8.615182e-01
1.621000e+01; 2.133162e+05; 8.606181e-01
1.621500e+01; 2.116172e+05; 8.597235e-01
1.622000e+01; 2.099067e+05; 8.588348e-01
1.622500e+01; 2.081850e+05; 8.579522e-01
1.623000e+01; 2.064523e+05; 8.570760e-01
1.623500e+01; 2.047090e+05; 8.562064e-01
1.624000e+01; 2.029554e+05; 8.553437e-01
1.624500e+01; 2.011917e+05; 8.544883e-01
1.625000e+01; 1.994183e+05; 8.536403e-01
1.625500e+01; 1.976354e+05; 8.528002e-01
1.626000e+01; 1.958433e+05; 8.519681e-01
1.626500e+01; 1.940424e+05; 8.511445e-01
1.627000e+01; 1.922328e+05; 8.503296e-01
1.627500e+01; 1.904149e+05; 8.495238e-01
1.628000e+01; 1.885890e+05; 8.487273e-01
1.628500e+01; 1.867552e+05; 8.479406e-01
1.629000e+01; 1.849140e+05; 8.471639e-01
1.629500e+01; 1.830654e+05; 8.463977e-01
1.630000e+01; 1.812099e+05; 8.456421e-01
1.630500e+01; 1.793475e+05; 8.448977e-01
1.631000e+01; 1.774787e+05; 8.441646e-01
1.631500e+01; 1.756036e+05; 8.434434e-01
1.632000e+01; 1.737224e+05; 8.427343e-01
1.632500e+01; 1.718355e+05; 8.420377e-01
1.633000e+01; 1.699429e+05; 8.413540e-01
1.633500e+01; 1.680450e+05; 8.406835e-01
1.634000e+01; 1.661419e+05; 8.400266e-01
1.634500e+01; 1.642339e+05; 8.393836e-01
1.635000e+01; 1.623211e+05; 8.387548e-01
1.635500e+01; 1.604038e+05; 8.381408e-01
1.636000e+01; 1.584821e+05; 8.375417e-01
1.636500e+01; 1.565562e+05; 8.369580e-01
1.637000e+01; 1.546264e+05; 8.363899e-01
1.637500e+01; 1.526927e+05; 8.358379e-01
1.638000e+01; 1.507554e+05; 8.353023e-01
1.638500e+01; 1.488147e+05; 8.347833e-01
1.639000e+01; 1.468706e+05; 8.342814e-01
1.639500e+01; 1.449233e+05; 8.337968e-01
1.640000e+01; 1.429730e+05; 8.333299e-01
1.640500e+01; 1.410199e+05; 8.328809e-01
1.641000e+01; 1.390640e+05; 8.324502e-01
1.641500e+01; 1.371055e+05; 8.320381e-01
1.642000e+01; 1.351446e+05; 8.316447e-01
1.642500e+01; 1.331813e+05; 8.312704e-01
1.643000e+01; 1.312158e+05; 8.309155e-01
1.643500e+01; 1.292482e+05; 8.305801e-01
1.644000e+01; 1.272786e+05; 8.302646e-01
1.644500e+01; 1.253072e+05; 8.299691e-01
1.645000e+01; 1.233339e+05; 8.296938e-01
1.645500e+01; 1.213590e+05; 8.294390e-01
1.646000e+01; 1.193825e+05; 8.292048e-01
1.646500e+01; 1.174045e+05; 8.289914e-01
1.647000e+01; 1.154252e+05; 8.287989e-01
1.647500e+01; 1.134445e+05; 8.286275e-01
1.648000e+01; 1.114626e+05; 8.284772e-01
1.648500e+01; 1.094796e+05; 8.283483e-01
1.649000e+01; 1.074956e+05; 8.282407e-01
1.649500e+01; 1.055105e+05; 8.281547e-01
1.650000e+01; 1.035246e+05; 8.280901e-01
1.650500e+01; 1.015379e+05; 8.280471e-01
1.651000e+01; 9.955045e+04; 8.280257e-01
1.651500e+01; 9.756233e+04; 8.280259e-01
1.652000e+01; 9.557361e+04; 8.280478e-01
1.652500e+01; 9.358438e+04; 8.280912e-01
1.653000e+01; 9.159471e+04; 8.281561e-01
1.653500e+01; 8.960466e+04; 8.282425e-01
1.654000e+01; 8.761431e+04; 8.283504e-01
1.654500e+01; 8.562374e+04; 8.284796e-01
1.655000e+01; 8.363301e+04; 8.286300e-01
1.655500e+01; 8.164221e+04; 8.288015e-01
1.656000e+01; 7.965140e+04; 8.289940e-01
1.656500e+01; 7.766067e+04; 8.292074e-01
1.657000e+01; 7.567009e+04; 8.294414e-01
1.657500e+01; 7.367975e+04; 8.296960e-01
1.658000e+01; 7.168973e+04; 8.299708e-01
1.658500e+01; 6.970011e+04; 8.302658e-01
1.659000e+01; 6.771100e+04; 8.305807e-01
1.659500e+01; 6.572247e+04; 8.309153e-01
1.660000e+01; 6.373462e+04; 8.312693e-01
1.660500e+01; 6.174756e+04; 8.316425e-01
1.661000e+01; 5.976139e+04; 8.320346e-01
1.661500e+01; 5.777622e+04; 8.324454e-01
1.662000e+01; 5.579216e+04; 8.328746e-01
1.662500e+01; 5.380933e+04; 8.333219e-01
1.663000e+01; 5.182786e+04; 8.337870e-01
1.663500e+01; 4.984787e+04; 8.342695e-01
1.664000e+01; 4.786949e+04; 8.347693e-01
1.664500e+01; 4.589288e+04; 8.352859e-01
1.665000e+01; 4.391817e+04; 8.358191e-01
1.665500e+01; 4.194553e+04; 8.363685e-01
1.666000e+01; 3.997511e+04; 8.369338e-01
1.666500e+01; 3.800708e+04; 8.375146e-01
1.667000e+01; 3.604162e+04; 8.381106e-01
1.667500e+01; 3.407891e+04; 8.387214e-01
1.668000e+01; 3.211914e+04; 8.393468e-01
1.668500e+01; 3.016251e+04; 8.399863e-01
1.669000e+01; 2.820923e+04; 8.406396e-01
1.669500e+01; 2.625951e+04; 8.413064e-01
1.670000e+01; 2.431358e+04; 8.419863e-01
1.670500e+01; 2.237166e+04; 8.426789e-01
1.671000e+01; 2.043401e+04; 8.433840e-01
1.671500e+01; 1.850086e+04; 8.441010e-01
1.672000e+01; 1.657248e+04; 8.448298e-01
1.672500e+01; 1.464914e+04; 8.455700e-01
1.673000e+01; 1.273111e+04; 8.463212e-01
1.673500e+01; 1.081867e+04; 8.470830e-01
1.674000e+01; 8.912116e+03; 8.478552e-01
1.674500e+01; 7.011756e+03; 8.486374e-01
1.675000e+01; 5.117896e+03; 8.494293e-01
1.675500e+01; 3.230856e+03; 8.502306e-01
1.676000e+01; 1.350964e+03; 8.510409e-01
1.676500e+01; -5.214456e+02; 8.518599e-01
1.677000e+01; -2.386029e+03; 8.526874e-01
1.677500e+01; -4.242436e+03; 8.535230e-01
1.678000e+01; -6.090308e+03; 8.543664e-01
1.678500e+01; -7.929280e+03; 8.552174e-01
1.679000e+01; -9.758980e+03; 8.560756e-01
1.679500e+01; -1.157903e+04; 8.569408e-01
1.680000e+01; -1.338905e+04; 8.578127e-01
1.680500e+01; -1.518864e+04; 8.586911e-01
1.681000e+01; -1.697741e+04; 8.595756e-01
1.681500e+01; -1.875497e+04; 8.604661e-01
1.682000e+01; -2.052091e+04; 8.613623e-01
1.682500e+01; -2.227482e+04; 8.622640e-01
1.683000e+01; -2.401630e+04; 8.631709e-01
1.683500e+01; -2.574493e+04; 8.640828e-01
1.684000e+01; -2.746030e+04; 8.649995e-01
1.684500e+01; -2.916200e+04; 8.659208e-01
1.685000e+01; -3.084961e+04; 8.668465e-01
1.685500e+01; -3.252273e+04; 8.677764e-01
1.686000e+01; -3.418093e+04; 8.687103e-01
1.686500e+01; -3.582382e+04; 8.696481e-01
1.687000e+01; -3.745097e+04; 8.705895e-01
1.687500e+01; -3.906199e+04; 8.715344e-01
1.688000e+01; -4.065648e+04; 8.724826e-01
1.688500e+01; -4.223405e+04; 8.734341e-01
1.689000e+01; -4.379430e+04; 8.743886e-01
1.689500e+01; -4.533685e+04; 8.753459e-01
1.690000e+01; -4.686133e+04; 8.763061e-01
1.690500e+01; -4.836737e+04; 8.772689e-01
1.691000e+01; -4.985461e+04; 8.782342e-01
1.691500e+01; -5.132271e+04; 8.792019e-01
1.692000e+01; -5.277133e+04; 8.801719e-01
1.692500e+01; -5.420014e+04; 8.811441e-01
1.693000e+01; -5.560882e+04; 8.821184e-01
1.693500e+01; -5.699708e+04; 8.830948e-01
1.694000e+01; -5.836462e+04; 8.840730e-01
1.694500e+01; -5.971118e+04; 8.850530e-01
1.695000e+01; -6.103649e+04; 8.860349e-01
1.695500e+01; -6.234030e+04; 8.870184e-01
1.696000e+01; -6.362239e+04; 8.880035e-01
1.696500e+01; -6.488254e+04; 8.889902e-01
1.697000e+01; -6.612056e+04; 8.899784e-01
1.697500e+01; -6.733626e+04; 8.909680e-01
1.698000e+01; -6.852950e+04; 8.919590e-01
1.698500e+01; -6.970011e+04; 8.929514e-01
1.699000e+01; -7.084798e+04; 8.939450e-01
1.699500e+01; -7.197300e+04; 8.949400e-01
1.700000e+01; -7.307508e+04; 8.959361e-01
1.700500e+01; -7.415416e+04; 8.969335e-01
1.701000e+01; -7.521017e+04; 8.979320e-01
1.701500e+01; -7.624310e+04; 8.989317e-01
1.702000e+01; -7.725293e+04; 8.999324e-01
1.702500e+01; -7.823967e+04; 9.009343e-01
1.703000e+01; -7.920334e+04; 9.019373e-01
1.703500e+01; -8.014399e+04; 9.029413e-01
1.704000e+01; -8.106169e+04; 9.039464e-01
1.704500e+01; -8.195652e+04; 9.049526e-01
1.705000e+01; -8.282859e+04; 9.059598e-01
1.705500e+01; -8.367801e+04; 9.069680e-01
1.706000e+01; -8.450492e+04; 9.079773e-01
1.706500e+01; -8.530948e+04; 9.089876e-01
1.707000e+01; -8.609186e+04; 9.099989e-01
1.707500e+01; -8.685226e+04; 9.110113e-01
1.708000e+01; -8.759087e+04; 9.120247e-01
1.708500e+01; -8.830793e+04; 9.130391e-01
1.709000e+01; -8.900366e+04; 9.140546e-01
1.709500e+01; -8.967833e+04; 9.150711e-01
1.710000e+01; -9.033220e+04; 9.160887e-01
1.710500e+01; -9.096554e+04; 9.171074e-01
1.711000e+01; -9.157865e+04; 9.181271e-01
1.711500e+01; -9.217183e+04; 9.191479e-01
1.712000e+01; -9.274540e+04; 9.201699e-01
1.712500e+01; -9.329968e+04; 9.211929e-01
1.713000e+01; -9.383502e+04; 9.222170e-01
1.713500e+01; -9.435175e+04; 9.232423e-01
1.714000e+01; -9.485022e+04; 9.242687e-01
1.714500e+01; -9.533081e+04; 9.252962e-01
1.715000e+01; -9.579387e+04; 9.263249e-01
1.715500e+01; -9.623979e+04; 9.273548e-01
1.716000e+01; -9.666893e+04; 9.283858e-01
1.716500e+01; -9.708169e+04; 9.294179e-01
1.717000e+01; -9.747845e+04; 9.304513e-01
1.717500e+01; -9.785960e+04; 9.314858e-01
1.718000e+01; -9.822554e+04; 9.325215e-01
1.718500e+01; -9.857666e+04; 9.335584e-01
1.719000e+01; -9.891335e+04; 9.345965e-01
1.719500e+01; -9.923602e+04; 9.356358e-01
1.720000e+01; -9.954506e+04; 9.366763e-01
1.720500e+01; -9.984086e+04; 9.377179e-01
1.721000e+01; -1.001238e+05; 9.387607e-01
1.721500e+01; -1.003943e+05; 9.398046e-01
1.722000e+01; -1.006528e+05; 9.408497e-01
1.722500e+01; -1.008995e+05; 9.418960e-01
1.723000e+01; -1.011350e+05; 9.429434e-01
1.723500e+01; -1.013595e+05; 9.439918e-01
1.724000e+01; -1.015735e+05; 9.450414e-01
1.724500e+01; -1.017774e+05; 9.460920e-01
1.725000e+01; -1.019714e+05; 9.471437e-01
1.725500e+01; -1.021559e+05; 9.481963e-01
1.726000e+01; -1.023313e+05; 9.492500e-01
1.726500e+01; -1.024980e+05; 9.503046e-01
1.727000e+01; -1.026562e+05; 9.513601e-01
1.727500e+01; -1.028063e+05; 9.524165e-01
1.728000e+01; -1.029486e+05; 9.534738e-01
1.728500e+01; -1.030834e+05; 9.545318e-01
1.729000e+01; -1.032111e+05; 9.555906e-01
1.729500e+01; -1.033319e+05; 9.566502e-01
1.730000e+01; -1.034461e+05; 9.577103e-01
1.730500e+01; -1.035540e+05; 9.587711e-01
1.731000e+01; -1.036558e+05; 9.598325e-01
1.731500e+01; -1.037519e+05; 9.608943e-01
1.732000e+01; -1.038424e+05; 9.619566e-01
1.732500e+01; -1.039277e+05; 9.630193e-01
1.733000e+01; -1.040080e+05; 9.640823e-01
1.733500e+01; -1.040834e+05; 9.651456e-01
1.734000e+01; -1.041542e+05; 9.662090e-01
1.734500e+01; -1.042207e+05; 9.672726e-01
1.735000e+01; -1.042829e+05; 9.683363e-01
1.735500e+01; -1.043412e+05; 9.693999e-01
1.736000e+01; -1.043957e+05; 9.704635e-01
1.736500e+01; -1.044465e+05; 9.715269e-01
1.737000e+01; -1.044939e+05; 9.725901e-01
1.737500e+01; -1.045380e+05; 9.736530e-01
1.738000e+01; -1.045789e+05; 9.747156e-01
1.738500e+01; -1.046169e+05; 9.757777e-01
1.739000e+01; -1.046519e+05; 9.768393e-01
1.739500e+01; -1.046842e+05; 9.779004e-01
1.740000e+01; -1.047139e+05; 9.789608e-01
1.740500e+01; -1.047411e+05; 9.800205e-01
1.741000e+01; -1.047658e+05; 9.810794e-01
1.741500e+01; -1.047883e+05; 9.821374e-01
1.742000e+01; -1.048085e+05; 9.831945e-01
1.742500e+01; -1.048266e+05; 9.842506e-01
1.743000e+01; -1.048426e+05; 9.853057e-01
1.743500e+01; -1.048566e+05; 9.863596e-01
1.744000e+01; -1.048687e+05; 9.874123e-01
1.744500e+01; -1.048790e+05; 9.884639e-01
1.745000e+01; -1.048873e+05; 9.895141e-01
1.745500e+01; -1.048939e+05; 9.905629e-01
1.746000e+01; -1.048988e+05; 9.916104e-01
1.746500e+01; -1.049019e+05; 9.926564e-01
1.747000e+01; -1.049034e+05; 9.937008e-01
1.747500e+01; -1.049031e+05; 9.947438e-01
1.748000e+01; -1.049012e+05; 9.957851e-01
1.748500e+01; -1.048977e+05; 9.968249e-01
1.749000e+01; -1.048924e+05; 9.978629e-01
1.749500e+01; -1.048855e+05; 9.988993e-01
1.750000e+01; -1.048770e+05; 9.999340e-01
1.750500e+01; -1.048667e+05; 1.000967e+00
1.751000e+01; -1.048548e+05; 1.001998e+00
1.751500e+01; -1.048411e+05; 1.003027e+00
1.752000e+01; -1.048256e+05; 1.004055e+00
1.752500e+01; -1.048083e+05; 1.005081e+00
1.753000e+01; -1.047891e+05; 1.006105e+00
1.753500e+01; -1.047681e+05; 1.007127e+00
1.754000e+01; -1.047450e+05; 1.008147e+00
1.754500e+01; -1.047200e+05; 1.009166e+00
1.755000e+01; -1.046929e+05; 1.010183e+00
1.755500e+01; -1.046636e+05; 1.011198e+00
1.756000e+01; -1.046321e+05; 1.012211e+00
1.756500e+01; -1.045983e+05; 1.013223e+00
1.757000e+01; -1.045621e+05; 1.014232e+00
1.757500e+01; -1.045233e+05; 1.015241e+00
1.758000e+01; -1.044820e+05; 1.016247e+00
1.758500e+01; -1.044381e+05; 1.017252e+00
1.759000e+01; -1.043913e+05; 1.018255e+00
1.759500e+01; -1.043416e+05; 1.019257e+00
1.760000e+01; -1.042889e+05; 1.020257e+00
1.760500e+01; -1.042330e+05; 1.021255e+00
1.761000e+01; -1.041738e+05; 1.022252e+00
1.761500e+01; -1.041113e+05; 1.023248e+00
1.762000e+01; -1.040452e+05; 1.024242e+00
1.762500e+01; -1.039754e+05; 1.025235e+00
1.763000e+01; -1.039017e+05; 1.026227e+00
1.763500e+01; -1.038241e+05; 1.027218e+00
1.764000e+01; -1.037423e+05; 1.028207e+00
1.764500e+01; -1.036561e+05; 1.029196e+00
1.765000e+01; -1.035655e+05; 1.030183e+00
1.765500e+01; -1.034702e+05; 1.031169e+00
1.766000e+01; -1.033701e+05; 1.032155e+00
1.766500e+01; -1.032649e+05; 1.033139e+00
1.767000e+01; -1.031545e+05; 1.034123e+00
1.767500e+01; -1.030387e+05; 1.035106e+00
1.768000e+01; -1.029172e+05; 1.036088e+00
1.768500e+01; -1.027900e+05; 1.037070e+00
1.769000e+01; -1.026567e+05; 1.038051e+00
1.769500e+01; -1.025171e+05; 1.039031e+00
1.770000e+01; -1.023711e+05; 1.040011e+00
1.770500e+01; -1.022184e+05; 1.040991e+00
1.771000e+01; -1.020588e+05; 1.041970e+00
1.771500e+01; -1.018921e+05; 1.042948e+00
1.772000e+01; -1.017180e+05; 1.043927e+00
1.772500e+01; -1.015362e+05; 1.044905e+00
1.773000e+01; -1.013466e+05; 1.045883e+00
1.773500e+01; -1.011489e+05; 1.046861e+00
1.774000e+01; -1.009429e+05; 1.047839e+00
1.774500e+01; -1.007282e+05; 1.048817e+00
1.775000e+01; -1.005047e+05; 1.049794e+00
1.775500e+01; -1.002721e+05; 1.050772e+00
1.776000e+01; -1.000301e+05; 1.051750e+00
1.776500e+01; -9.977847e+04; 1.052728e+00
1.777000e+01; -9.951695e+04; 1.053706e+00
1.777500e+01; -9.924526e+04; 1.054684e+00
1.778000e+01; -9.896315e+04; 1.055662e+00
1.778500e+01; -9.867035e+04; 1.056641e+00
1.779000e+01; -9.836659e+04; 1.057619e+00
1.779500e+01; -9.805159e+04; 1.058598e+00
1.780000e+01; -9.772510e+04; 1.059578e+00
1.780500e+01; -9.738684e+04; 1.060557e+00
1.781000e+01; -9.703655e+04; 1.061537e+00
1.781500e+01; -9.667395e+04; 1.062517e+00
1.782000e+01; -9.629878e+04; 1.063498e+00
1.782500e+01; -9.591078e+04; 1.064479e+00
1.783000e+01; -9.550968e+04; 1.065460e+00
1.783500e+01; -9.509522e+04; 1.066441e+00
1.784000e+01; -9.466714e+04; 1.067423e+00
1.784500e+01; -9.422518e+04; 1.068405e+00
1.785000e+01; -9.376910e+04; 1.069388e+00
1.785500e+01; -9.329863e+04; 1.070371e+00
1.786000e+01; -9.281354e+04; 1.071354e+00
1.786500e+01; -9.231359e+04; 1.072338e+00
1.787000e+01; -9.179852e+04; 1.073322e+00
1.787500e+01; -9.126812e+04; 1.074306e+00
1.788000e+01; -9.072214e+04; 1.075291e+00
1.788500e+01; -9.016038e+04; 1.076276e+00
1.789000e+01; -8.958261e+04; 1.077261e+00
1.789500e+01; -8.898862e+04; 1.078247e+00
1.790000e+01; -8.837820e+04; 1.079233e+00
1.790500e+01; -8.775116e+04; 1.080219e+00
1.791000e+01; -8.710731e+04; 1.081205e+00
1.791500e+01; -8.644646e+04; 1.082192e+00
1.792000e+01; -8.576844e+04; 1.083179e+00
1.792500e+01; -8.507307e+04; 1.084166e+00
1.793000e+01; -8.436020e+04; 1.085153e+00
1.793500e+01; -8.362968e+04; 1.086140e+00
1.794000e+01; -8.288135e+04; 1.087127e+00
1.794500e+01; -8.211509e+04; 1.088114e+00
1.795000e+01; -8.133078e+04; 1.089101e+00
1.795500e+01; -8.052828e+04; 1.090089e+00
1.796000e+01; -7.970750e+04; 1.091076e+00
1.796500e+01; -7.886834e+04; 1.092063e+00
1.797000e+01; -7.801071e+04; 1.093050e+00
1.797500e+01; -7.713454e+04; 1.094037e+00
1.798000e+01; -7.623974e+04; 1.095023e+00
1.798500e+01; -7.532628e+04; 1.096009e+00
1.799000e+01; -7.439410e+04; 1.096995e+00
1.799500e+01; -7.344315e+04; 1.097981e+00
1.800000e+01; -7.247343e+04; 1.098966e+00
1.800500e+01; -7.148490e+04; 1.099951e+00
1.801000e+01; -7.047757e+04; 1.100935e+00
1.801500e+01; -6.945143e+04; 1.101919e+00
1.802000e+01; -6.840650e+04; 1.102901e+00
1.802500e+01; -6.734282e+04; 1.103884e+00
1.803000e+01; -6.626040e+04; 1.104865e+00
1.803500e+01; -6.515931e+04; 1.105846e+00
1.804000e+01; -6.403959e+04; 1.106825e+00
1.804500e+01; -6.290131e+04; 1.107804e+00
1.805000e+01; -6.174455e+04; 1.108781e+00
1.805500e+01; -6.056939e+04; 1.109758e+00
1.806000e+01; -5.937593e+04; 1.110733e+00
1.806500e+01; -5.816428e+04; 1.111706e+00
1.807000e+01; -5.693455e+04; 1.112679e+00
1.807500e+01; -5.568686e+04; 1.113650e+00
1.808000e+01; -5.442136e+04; 1.114619e+00
1.808500e+01; -5.313817e+04; 1.115586e+00
1.809000e+01; -5.183745e+04; 1.116552e+00
1.809500e+01; -5.051936e+04; 1.117515e+00
1.810000e+01; -4.918408e+04; 1.118477e+00
1.810500e+01; -4.783176e+04; 1.119436e+00
1.811000e+01; -4.646260e+04; 1.120393e+00
1.811500e+01; -4.507678e+04; 1.121347e+00
1.812000e+01; -4.367450e+04; 1.122299e+00
1.812500e+01; -4.225597e+04; 1.123248e+00
1.813000e+01; -4.082139e+04; 1.124195e+00
1.813500e+01; -3.937099e+04; 1.125138e+00
1.814000e+01; -3.790497e+04; 1.126078e+00
1.814500e+01; -3.642358e+04; 1.127014e+00
1.815000e+01; -3.492704e+04; 1.127947e+00
1.815500e+01; -3.341558e+04; 1.128877e+00
1.816000e+01; -3.188946e+04; 1.129802e+00
1.816500e+01; -3.034891e+04; 1.130724e+00
1.817000e+01; -2.879419e+04; 1.131641e+00
1.817500e+01; -2.722555e+04; 1.132554e+00
1.818000e+01; -2.564324e+04; 1.133462e+00
1.818500e+01; -2.404752e+04; 1.134365e+00
1.819000e+01; -2.243865e+04; 1.135263e+00
1.819500e+01; -2.081689e+04; 1.136156e+00
1.820000e+01; -1.918252e+04; 1.137044e+00
1.820500e+01; -1.753579e+04; 1.137926e+00
1.821000e+01; -1.587698e+04; 1.138801e+00
1.821500e+01; -1.420634e+04; 1.139671e+00
1.822000e+01; -1.252416e+04; 1.140534e+00
1.822500e+01; -1.083069e+04; 1.141390e+00
1.823000e+01; -9.126205e+03; 1.142240e+00
1.823500e+01; -7.410974e+03; 1.143082e+00
1.824000e+01; -5.685263e+03; 1.143916e+00
1.824500e+01; -3.949339e+03; 1.144743e+00
1.825000e+01; -2.203465e+03; 1.145562e+00
1.825500e+01; -4.479063e+02; 1.146373e+00
1.826000e+01; 1.317077e+03; 1.147175e+00
1.826500e+01; 3.091225e+03; 1.147968e+00
1.827000e+01; 4.874281e+03; 1.148752e+00
1.827500e+01; 6.665988e+03; 1.149526e+00
1.828000e+01; 8.466096e+03; 1.150291e+00
1.828500e+01; 1.027435e+04; 1.151046e+00
1.829000e+01; 1.209052e+04; 1.151790e+00
1.829500e+01; 1.391434e+04; 1.152523e+00
1.830000e+01; 1.574559e+04; 1.153246e+00
1.830500e+01; 1.758402e+04; 1.153957e+00
1.831000e+01; 1.942940e+04; 1.154657e+00
1.831500e+01; 2.128150e+04; 1.155345e+00
1.832000e+01; 2.314011e+04; 1.156021e+00
1.832500e+01; 2.500499e+04; 1.156684e+00
1.833000e+01; 2.687593e+04; 1.157334e+00
1.833500e+01; 2.875271e+04; 1.157971e+00
1.834000e+01; 3.063513e+04; 1.158595e+00
1.834500e+01; 3.252299e+04; 1.159204e+00
1.835000e+01; 3.441608e+04; 1.159800e+00
1.835500e+01; 3.631420e+04; 1.160382e+00
1.836000e+01; 3.821717e+04; 1.160948e+00
1.836500e+01; 4.012480e+04; 1.161500e+00
1.837000e+01; 4.203691e+04; 1.162037e+00
1.837500e+01; 4.395330e+04; 1.162558e+00
1.838000e+01; 4.587383e+04; 1.163063e+00
1.838500e+01; 4.779830e+04; 1.163552e+00
1.839000e+01; 4.972656e+04; 1.164024e+00
1.839500e+01; 5.165844e+04; 1.164480e+00
1.840000e+01; 5.359380e+04; 1.164920e+00
1.840500e+01; 5.553246e+04; 1.165341e+00
1.841000e+01; 5.747429e+04; 1.165746e+00
1.841500e+01; 5.941915e+04; 1.166133e+00
1.842000e+01; 6.136687e+04; 1.166502e+00
1.842500e+01; 6.331734e+04; 1.166853e+00
1.843000e+01; 6.527042e+04; 1.167185e+00
1.843500e+01; 6.722597e+04; 1.167500e+00
1.844000e+01; 6.918387e+04; 1.167795e+00
1.844500e+01; 7.114399e+04; 1.168072e+00
1.845000e+01; 7.310621e+04; 1.168329e+00
1.845500e+01; 7.507041e+04; 1.168567e+00
1.846000e+01; 7.703649e+04; 1.168786e+00
1.846500e+01; 7.900431e+04; 1.168986e+00
1.847000e+01; 8.097379e+04; 1.169166e+00
1.847500e+01; 8.294480e+04; 1.169326e+00
1.848000e+01; 8.491723e+04; 1.169467e+00
1.848500e+01; 8.689100e+04; 1.169587e+00
1.849000e+01; 8.886598e+04; 1.169688e+00
1.849500e+01; 9.084209e+04; 1.169768e+00
1.850000e+01; 9.281922e+04; 1.169828e+00
1.850500e+01; 9.479727e+04; 1.169869e+00
1.851000e+01; 9.677614e+04; 1.169889e+00
1.851500e+01; 9.875574e+04; 1.169889e+00
1.852000e+01; 1.007360e+05; 1.169869e+00
1.852500e+01; 1.027167e+05; 1.169828e+00
1.853000e+01; 1.046979e+05; 1.169768e+00
1.853500e+01; 1.066795e+05; 1.169688e+00
1.854000e+01; 1.086613e+05; 1.169587e+00
1.854500e+01; 1.106432e+05; 1.169467e+00
1.855000e+01; 1.126251e+05; 1.169327e+00
1.855500e+01; 1.146070e+05; 1.169167e+00
1.856000e+01; 1.165888e+05; 1.168987e+00
1.856500e+01; 1.185703e+05; 1.168788e+00
1.857000e+01; 1.205514e+05; 1.168569e+00
1.857500e+01; 1.225320e+05; 1.168331e+00
1.858000e+01; 1.245120e+05; 1.168074e+00
1.858500e+01; 1.264914e+05; 1.167798e+00
1.859000e+01; 1.284699e+05; 1.167504e+00
1.859500e+01; 1.304475e+05; 1.167190e+00
1.860000e+01; 1.324240e+05; 1.166859e+00
1.860500e+01; 1.343994e+05; 1.166509e+00
1.861000e+01; 1.363734e+05; 1.166141e+00
1.861500e+01; 1.383459e+05; 1.165755e+00
1.862000e+01; 1.403169e+05; 1.165352e+00
1.862500e+01; 1.422862e+05; 1.164932e+00
1.863000e+01; 1.442535e+05; 1.164494e+00
1.863500e+01; 1.462189e+05; 1.164040e+00
1.864000e+01; 1.481820e+05; 1.163569e+00
1.864500e+01; 1.501428e+05; 1.163082e+00
1.865000e+01; 1.521011e+05; 1.162579e+00
1.865500e+01; 1.540566e+05; 1.162060e+00
1.866000e+01; 1.560093e+05; 1.161525e+00
1.866500e+01; 1.579589e+05; 1.160976e+00
1.867000e+01; 1.599053e+05; 1.160412e+00
1.867500e+01; 1.618482e+05; 1.159833e+00
1.868000e+01; 1.637875e+05; 1.159239e+00
1.868500e+01; 1.657228e+05; 1.158632e+00
1.869000e+01; 1.676541e+05; 1.158011e+00
1.869500e+01; 1.695811e+05; 1.157377e+00
1.870000e+01; 1.715035e+05; 1.156730e+00
1.870500e+01; 1.734212e+05; 1.156070e+00
1.871000e+01; 1.753338e+05; 1.155397e+00
1.871500e+01; 1.772411e+05; 1.154713e+00
1.872000e+01; 1.791430e+05; 1.154016e+00
1.872500e+01; 1.810390e+05; 1.153308e+00
1.873000e+01; 1.829289e+05; 1.152589e+00
1.873500e+01; 1.848125e+05; 1.151858e+00
1.874000e+01; 1.866895e+05; 1.151118e+00
1.874500e+01; 1.885595e+05; 1.150366e+00
1.875000e+01; 1.904223e+05; 1.149605e+00
1.875500e+01; 1.922777e+05; 1.148834e+00
1.876000e+01; 1.941252e+05; 1.148053e+00
1.876500e+01; 1.959645e+05; 1.147264e+00
1.877000e+01; 1.977954e+05; 1.146465e+00
1.877500e+01; 1.996176e+05; 1.145658e+00
1.878000e+01; 2.014306e+05; 1.144842e+00
1.878500e+01; 2.032342e+05; 1.144019e+00
1.879000e+01; 2.050280e+05; 1.143187e+00
1.879500e+01; 2.068117e+05; 1.142348e+00
1.880000e+01; 2.085850e+05; 1.141502e+00
1.880500e+01; 2.103474e+05; 1.140649e+00
1.881000e+01; 2.120988e+05; 1.139788e+00
1.881500e+01; 2.138386e+05; 1.138922e+00
1.882000e+01; 2.155665e+05; 1.138049e+00
1.882500e+01; 2.172823e+05; 1.137170e+00
1.883000e+01; 2.189855e+05; 1.136284e+00
1.883500e+01; 2.206758e+05; 1.135394e+00
1.884000e+01; 2.223529e+05; 1.134498e+00
1.884500e+01; 2.240163e+05; 1.133596e+00
1.885000e+01; 2.256657e+05; 1.132690e+00
1.885500e+01; 2.273008e+05; 1.131779e+00
1.886000e+01; 2.289213e+05; 1.130863e+00
1.886500e+01; 2.305267e+05; 1.129942e+00
1.887000e+01; 2.321168e+05; 1.129018e+00
1.887500e+01; 2.336912e+05; 1.128089e+00
1.888000e+01; 2.352496e+05; 1.127156e+00
1.888500e+01; 2.367916e+05; 1.126220e+00
1.889000e+01; 2.383169e+05; 1.125280e+00
1.889500e+01; 2.398253e+05; 1.124336e+00
1.890000e+01; 2.413163e+05; 1.123389e+00
1.890500e+01; 2.427898e+05; 1.122439e+00
1.891000e+01; 2.442453e+05; 1.121485e+00
1.891500e+01; 2.456827e+05; 1.120529e+00
1.892000e+01; 2.471017e+05; 1.119570e+00
1.892500e+01; 2.485019e+05; 1.118608e+00
1.893000e+01; 2.498831e+05; 1.117643e+00
1.893500e+01; 2.512451e+05; 1.116676e+00
1.894000e+01; 2.525877e+05; 1.115707e+00
1.894500e+01; 2.539106e+05; 1.114735e+00
1.895000e+01; 2.552136e+05; 1.113761e+00
1.895500e+01; 2.564965e+05; 1.112785e+00
1.896000e+01; 2.577592e+05; 1.111806e+00
1.896500e+01; 2.590014e+05; 1.110826e+00
1.897000e+01; 2.602231e+05; 1.109844e+00
1.897500e+01; 2.614239e+05; 1.108860e+00
1.898000e+01; 2.626040e+05; 1.107874e+00
1.898500e+01; 2.637630e+05; 1.106887e+00
1.899000e+01; 2.649009e+05; 1.105898e+00
1.899500e+01; 2.660177e+05; 1.104907e+00
1.900000e+01; 2.671132e+05; 1.103914e+00
1.900500e+01; 2.681874e+05; 1.102921e+00
1.901000e+01; 2.692403e+05; 1.101925e+00
1.901500e+01; 2.702718e+05; 1.100928e+00
1.902000e+01; 2.712819e+05; 1.099930e+00
1.902500e+01; 2.722706e+05; 1.098931e+00
1.903000e+01; 2.732380e+05; 1.097930e+00
1.903500e+01; 2.741840e+05; 1.096927e+00
1.904000e+01; 2.751088e+05; 1.095924e+00
1.904500e+01; 2.760124e+05; 1.094919e+00
1.905000e+01; 2.768948e+05; 1.093913e+00
1.905500e+01; 2.777562e+05; 1.092906e+00
1.906000e+01; 2.785967e+05; 1.091897e+00
1.906500e+01; 2.794164e+05; 1.090887e+00
1.907000e+01; 2.802154e+05; 1.089876e+00
1.907500e+01; 2.809939e+05; 1.088864e+00
1.908000e+01; 2.817520e+05; 1.087851e+00
1.908500e+01; 2.824900e+05; 1.086837e+00
1.909000e+01; 2.832080e+05; 1.085821e+00
1.909500e+01; 2.839062e+05; 1.084805e+00
1.910000e+01; 2.845848e+05; 1.083787e+00
1.910500e+01; 2.852441e+05; 1.082768e+00
1.911000e+01; 2.858843e+05; 1.081748e+00
1.911500e+01; 2.865056e+05; 1.080727e+00
1.912000e+01; 2.871083e+05; 1.079704e+00
1.912500e+01; 2.876926e+05; 1.078681e+00
1.913000e+01; 2.882589e+05; 1.077657e+00
1.913500e+01; 2.888074e+05; 1.076631e+00
1.914000e+01; 2.893384e+05; 1.075604e+00
1.914500e+01; 2.898522e+05; 1.074577e+00
1.915000e+01; 2.903490e+05; 1.073548e+00
1.915500e+01; 2.908293e+05; 1.072518e+00
1.916000e+01; 2.912933e+05; 1.071487e+00
1.916500e+01; 2.917413e+05; 1.070454e+00
1.917000e+01; 2.921737e+05; 1.069421e+00
1.917500e+01; 2.925908e+05; 1.068387e+00
1.918000e+01; 2.929929e+05; 1.067352e+00
1.918500e+01; 2.933804e+05; 1.066315e+00
1.919000e+01; 2.937535e+05; 1.065278e+00
1.919500e+01; 2.941127e+05; 1.064239e+00
1.920000e+01; 2.944583e+05; 1.063200e+00
1.920500e+01; 2.947905e+05; 1.062159e+00
1.921000e+01; 2.951098e+05; 1.061118e+00
1.921500e+01; 2.954165e+05; 1.060075e+00
1.922000e+01; 2.957108e+05; 1.059032e+00
1.922500e+01; 2.959933e+05; 1.057987e+00
1.923000e+01; 2.962641e+05; 1.056942e+00
1.923500e+01; 2.965237e+05; 1.055896e+00
1.924000e+01; 2.967723e+05; 1.054848e+00
1.924500e+01; 2.970103e+05; 1.053800e+00
1.925000e+01; 2.972380e+05; 1.052752e+00
1.925500e+01; 2.974557e+05; 1.051702e+00
1.926000e+01; 2.976637e+05; 1.050652e+00
1.926500e+01; 2.978625e+05; 1.049601e+00
1.927000e+01; 2.980521e+05; 1.048549e+00
1.927500e+01; 2.982330e+05; 1.047496e+00
1.928000e+01; 2.984055e+05; 1.046443e+00
1.928500e+01; 2.985698e+05; 1.045389e+00
1.929000e+01; 2.987262e+05; 1.044335e+00
1.929500e+01; 2.988750e+05; 1.043280e+00
1.930000e+01; 2.990165e+05; 1.042225e+00
1.930500e+01; 2.991510e+05; 1.041169e+00
1.931000e+01; 2.992786e+05; 1.040113e+00
1.931500e+01; 2.993997e+05; 1.039057e+00
1.932000e+01; 2.995145e+05; 1.038000e+00
1.932500e+01; 2.996233e+05; 1.036943e+00
1.933000e+01; 2.997262e+05; 1.035886e+00
1.933500e+01; 2.998235e+05; 1.034829e+00
1.934000e+01; 2.999154e+05; 1.033772e+00
1.934500e+01; 3.000021e+05; 1.032715e+00
1.935000e+01; 3.000838e+05; 1.031657e+00
1.935500e+01; 3.001608e+05; 1.030600e+00
1.936000e+01; 3.002331e+05; 1.029543e+00
1.936500e+01; 3.003010e+05; 1.028486e+00
1.937000e+01; 3.003647e+05; 1.027430e+00
1.937500e+01; 3.004243e+05; 1.026374e+00
1.938000e+01; 3.004800e+05; 1.025318e+00
1.938500e+01; 3.005319e+05; 1.024262e+00
1.939000e+01; 3.005801e+05; 1.023207e+00
1.939500e+01; 3.006249e+05; 1.022153e+00
1.940000e+01; 3.006663e+05; 1.021099e+00
1.940500e+01; 3.007044e+05; 1.020046e+00
1.941000e+01; 3.007394e+05; 1.018993e+00
1.941500e+01; 3.007714e+05; 1.017942e+00
1.942000e+01; 3.008004e+05; 1.016891e+00
1.942500e+01; 3.008266e+05; 1.015841e+00
1.943000e+01; 3.008501e+05; 1.014791e+00
1.943500e+01; 3.008708e+05; 1.013743e+00
1.944000e+01; 3.008890e+05; 1.012696e+00
1.944500e+01; 3.009046e+05; 1.011650e+00
1.945000e+01; 3.009177e+05; 1.010605e+00
1.945500e+01; 3.009284e+05; 1.009561e+00
1.946000e+01; 3.009368e+05; 1.008518e+00
1.946500e+01; 3.009427e+05; 1.007477e+00
1.947000e+01; 3.009464e+05; 1.006437e+00
1.947500e+01; 3.009478e+05; 1.005398e+00
1.948000e+01; 3.009468e+05; 1.004360e+00
1.948500e+01; 3.009437e+05; 1.003324e+00
1.949000e+01; 3.009383e+05; 1.002289e+00
1.949500e+01; 3.009306e+05; 1.001255e+00
1.950000e+01; 3.009207e+05; 1.000223e+00
1.950500e+01; 3.009085e+05; 9.991925e-01
1.951000e+01; 3.008940e+05; 9.981632e-01
1.951500e+01; 3.008772e+05; 9.971355e-01
1.952000e+01; 3.008581e+05; 9.961092e-01
1.952500e+01; 3.008366e+05; 9.950844e-01
1.953000e+01; 3.008127e+05; 9.940611e-01
1.953500e+01; 3.007864e+05; 9.930393e-01
1.954000e+01; 3.007575e+05; 9.920190e-01
1.954500e+01; 3.007261e+05; 9.910003e-01
1.955000e+01; 3.006921e+05; 9.899829e-01
1.955500e+01; 3.006553e+05; 9.889671e-01
1.956000e+01; 3.006158e+05; 9.879528e-01
1.956500e+01; 3.005735e+05; 9.869399e-01
1.957000e+01; 3.005282e+05; 9.859285e-01
1.957500e+01; 3.004799e+05; 9.849185e-01
1.958000e+01; 3.004285e+05; 9.839099e-01
1.958500e+01; 3.003739e+05; 9.829027e-01
1.959000e+01; 3.003159e+05; 9.818969e-01
1.959500e+01; 3.002546e+05; 9.808925e-01
1.960000e+01; 3.001896e+05; 9.798893e-01
1.960500e+01; 3.001211e+05; 9.788875e-01
1.961000e+01; 3.000487e+05; 9.778869e-01
1.961500e+01; 2.999724e+05; 9.768875e-01
1.962000e+01; 2.998920e+05; 9.758893e-01
1.962500e+01; 2.998075e+05; 9.748923e-01
1.963000e+01; 2.997186e+05; 9.738965e-01
1.963500e+01; 2.996252e+05; 9.729017e-01
1.964000e+01; 2.995271e+05; 9.719079e-01
1.964500e+01; 2.994243e+05; 9.709152e-01
1.965000e+01; 2.993165e+05; 9.699234e-01
1.965500e+01; 2.992035e+05; 9.689325e-01
1.966000e+01; 2.990852e+05; 9.679426e-01
1.966500e+01; 2.989615e+05; 9.669535e-01
1.967000e+01; 2.988320e+05; 9.659651e-01
1.967500e+01; 2.986967e+05; 9.649776e-01
1.968000e+01; 2.985554e+05; 9.639907e-01
1.968500e+01; 2.984078e+05; 9.630046e-01
1.969000e+01; 2.982537e+05; 9.620190e-01
1.969500e+01; 2.980930e+05; 9.610341e-01
1.970000e+01; 2.979255e+05; 9.600497e-01
1.970500e+01; 2.977509e+05; 9.590658e-01
1.971000e+01; 2.975690e+05; 9.580823e-01
1.971500e+01; 2.973797e+05; 9.570993e-01
1.972000e+01; 2.971826e+05; 9.561167e-01
1.972500e+01; 2.969776e+05; 9.551344e-01
1.973000e+01; 2.967645e+05; 9.541525e-01
1.973500e+01; 2.965430e+05; 9.531708e-01
1.974000e+01; 2.963129e+05; 9.521893e-01
1.974500e+01; 2.960739e+05; 9.512080e-01
1.975000e+01; 2.958259e+05; 9.502269e-01
1.975500e+01; 2.955686e+05; 9.492460e-01
1.976000e+01; 2.953017e+05; 9.482651e-01
1.976500e+01; 2.950251e+05; 9.472843e-01
1.977000e+01; 2.947384e+05; 9.463036e-01
1.977500e+01; 2.944415e+05; 9.453229e-01
1.978000e+01; 2.941340e+05; 9.443422e-01
1.978500e+01; 2.938159e+05; 9.433614e-01
1.979000e+01; 2.934867e+05; 9.423806e-01
1.979500e+01; 2.931464e+05; 9.413997e-01
1.980000e+01; 2.927946e+05; 9.404187e-01
1.980500e+01; 2.924310e+05; 9.394377e-01
1.981000e+01; 2.920556e+05; 9.384565e-01
1.981500e+01; 2.916679e+05; 9.374751e-01
1.982000e+01; 2.912678e+05; 9.364936e-01
1.982500e+01; 2.908551e+05; 9.355120e-01
1.983000e+01; 2.904295e+05; 9.345302e-01
1.983500e+01; 2.899908e+05; 9.335482e-01
1.984000e+01; 2.895388e+05; 9.325660e-01
1.984500e+01; 2.890731e+05; 9.315837e-01
1.985000e+01; 2.885937e+05; 9.306011e-01
1.985500e+01; 2.881003e+05; 9.296184e-01
1.986000e+01; 2.875926e+05; 9.286355e-01
1.986500e+01; 2.870705e+05; 9.276524e-01
1.987000e+01; 2.865337e+05; 9.266692e-01
1.987500e+01; 2.859821e+05; 9.256858e-01
1.988000e+01; 2.854155e+05; 9.247022e-01
1.988500e+01; 2.848336e+05; 9.237185e-01
1.989000e+01; 2.842363e+05; 9.227347e-01
1.989500e+01; 2.836233e+05; 9.217507e-01
1.990000e+01; 2.829946e+05; 9.207667e-01
1.990500e+01; 2.823499e+05; 9.197826e-01
1.991000e+01; 2.816891e+05; 9.187984e-01
1.991500e+01; 2.810120e+05; 9.178142e-01
1.992000e+01; 2.803184e+05; 9.168299e-01
1.992500e+01; 2.796083e+05; 9.158457e-01
1.993000e+01; 2.788814e+05; 9.148616e-01
1.993500e+01; 2.781377e+05; 9.138775e-01
1.994000e+01; 2.773770e+05; 9.128935e-01
1.994500e+01; 2.765992e+05; 9.119096e-01
1.995000e+01; 2.758043e+05; 9.109260e-01
1.995500e+01; 2.749920e+05; 9.099425e-01
1.996000e+01; 2.741623e+05; 9.089593e-01
1.996500e+01; 2.733151e+05; 9.079765e-01
1.997000e+01; 2.724504e+05; 9.069939e-01
1.997500e+01; 2.715681e+05; 9.060118e-01
1.998000e+01; 2.706681e+05; 9.050301e-01
1.998500e+01; 2.697504e+05; 9.040489e-01
1.999000e+01; 2.688149e+05; 9.030682e-01
1.999500e+01; 2.678616e+05; 9.020881e-01
2.000000e+01; 2.668905e+05; 9.011088e-01
