# Probe 0 (0 999 0)
# Probe 1 (0 500 0)
# Time            0                 1                
0.005             (-1.133596971e-12 0.0001909823775 -1.13869049e-12) (2.190070188e-13 2.296481551e-15 -2.204622117e-13)
0.01              (2.830016956e-12 0.0005499690493 2.5182496e-12) (3.629911521e-12 4.561601121e-15 -3.631316534e-12)
0.015             (2.84912635e-11 0.001097098707 2.995453652e-11) (5.759563668e-13 3.621525582e-15 -5.75630198e-13)
0.02              (-5.273442095e-11 0.001730353734 -5.516358938e-11) (8.926872985e-13 -3.960626859e-15 -8.921855019e-13)
0.025             (-3.152797265e-11 0.002383387459 -5.169123556e-11) (3.751670967e-12 -1.043570119e-14 -3.750391393e-12)
0.03              (-1.084453348e-10 0.003035835115 -1.327426387e-10) (-7.156128388e-12 -1.274747165e-14 7.155350617e-12)
0.035             (-7.987028289e-11 0.003685309227 -2.376740446e-11) (-2.801428386e-12 -7.666829682e-15 2.801528752e-12)
0.04              (-7.687516678e-11 0.004333951699 -6.9368797e-11) (-2.94303386e-12 4.312274828e-16 2.94052491e-12)
0.045             (-7.743607475e-11 0.004984910014 -9.443099992e-11) (5.576010756e-12 6.934527622e-15 -5.576086016e-12)
0.05              (1.745194835e-10 0.005640409101 8.837236835e-11) (3.392426014e-11 9.649299643e-15 -3.392353253e-11)
0.055             (-1.842771864e-10 0.006301086748 -1.685885821e-10) (-4.290455406e-11 8.563782845e-15 4.290282288e-11)
0.06              (-9.965816506e-11 0.00696673966 1.958759588e-12) (2.470112712e-11 8.858585576e-15 -2.470024898e-11)
0.065             (2.6428983e-11 0.007637055413 7.192839172e-11) (-2.221703279e-11 1.206378075e-14 2.221648083e-11)
0.07              (5.210792373e-10 0.008311721762 5.897237601e-10) (-4.673630884e-11 1.133343852e-14 4.673741278e-11)
0.075             (2.10170228e-10 0.008990382481 1.317089165e-10) (3.52476421e-12 1.004446087e-14 -3.522305431e-12)
0.08              (2.239868204e-10 0.009672716115 -3.317593976e-10) (2.054167762e-11 9.543061139e-15 -2.05417278e-11)
0.085             (3.587765949e-10 0.01035849087 1.403110555e-10) (4.325841762e-11 9.955079291e-15 -4.325608429e-11)
0.09              (1.083955882e-10 0.01104752239 8.345830328e-10) (7.184377939e-12 1.260477522e-14 -7.181467555e-12)
0.095             (1.511755729e-10 0.01173963093 4.360216039e-10) (-4.976143821e-11 1.321398186e-14 4.97628934e-11)
0.1               (3.848879047e-10 0.0124346472 1.401407823e-10) (-2.369759354e-11 1.372361419e-14 2.36996007e-11)
0.105             (-3.21120525e-10 0.01313242562 -2.580273219e-10) (-1.733389475e-11 1.68315872e-14 1.733033202e-11)
0.11              (-6.331028381e-10 0.01383283752 -6.674960271e-10) (4.076117409e-11 1.680610562e-14 -4.07549017e-11)
0.115             (-5.643640801e-10 0.01453576759 -4.495342704e-10) (-1.098783011e-10 1.640349618e-14 1.0988219e-10)
0.12              (-3.466792084e-10 0.01524110082 -3.028855528e-10) (7.825307668e-11 1.746901982e-14 -7.825179712e-11)
0.125             (-2.561055998e-10 0.01594872491 -2.40466997e-10) (-6.741610312e-11 2.446039099e-14 6.741582713e-11)
0.13              (-1.288831377e-10 0.01665854209 -1.302317353e-10) (6.227313932e-11 3.625053827e-14 -6.227130778e-11)
0.135             (-4.64733189e-11 0.01737046851 -1.465134672e-11) (-6.20466811e-11 3.078257589e-14 6.204735852e-11)
0.14              (3.470687358e-11 0.01808442564 3.313751482e-11) (5.917645559e-11 1.238681027e-14 -5.917590363e-11)
0.145             (7.229207891e-11 0.01880033512 9.267097442e-11) (-5.630309818e-11 1.070267171e-14 5.630410176e-11)
0.15              (1.217992428e-10 0.01951812084 1.274545937e-10) (5.377464064e-11 3.255923295e-14 -5.377263348e-11)
0.155             (1.540722719e-10 0.02023771327 1.71240473e-10) (-5.206353577e-11 5.377992987e-14 5.206448917e-11)
0.16              (-1.183155787e-09 0.02095905337 -1.180515437e-09) (4.134886996e-11 4.554623224e-14 -4.13470886e-11)
0.165             (1.932022431e-09 0.02168208063 1.934253882e-09) (2.866946674e-11 7.558241066e-15 -2.866851334e-11)
0.17              (1.050611444e-10 0.02240673382 1.144694333e-10) (-2.159471684e-11 -1.789436374e-14 2.15964982e-11)
0.175             (1.609338764e-09 0.0231329618 1.625754227e-09) (-6.401416063e-11 -1.010420487e-13 6.401611762e-11)
0.18              (1.752560084e-09 0.02386071802 1.763363105e-09) (-3.63021042e-11 -1.152588295e-13 3.630483896e-11)
0.185             (1.325496035e-09 0.02458995557 1.322564144e-09) (4.301321327e-11 7.530799832e-15 -4.301153227e-11)
0.19              (1.179674381e-09 0.02532062765 1.180217525e-09) (1.957002508e-11 1.370444392e-13 -1.956902151e-11)
0.195             (9.023248488e-10 0.02605269049 9.095472198e-10) (-2.565142659e-11 1.687467043e-13 2.565343374e-11)
0.2               (6.427366523e-10 0.02678610422 6.494854147e-10) (-1.923092455e-11 1.330967493e-13 1.923137614e-11)
0.205             (5.064009332e-09 0.02752083162 4.995636329e-09) (2.894571765e-10 8.6127861e-14 -2.894546174e-10)
0.21              (3.979855791e-10 0.02825683685 3.745773868e-10) (1.355653367e-11 5.895975548e-14 -1.355512867e-11)
0.215             (-2.815460995e-10 0.02899408545 -2.702152571e-10) (-1.154514983e-11 6.134640287e-14 1.154944013e-11)
0.22              (-1.848528794e-10 0.02973254526 -1.758317865e-10) (4.666538335e-12 8.419909917e-14 -4.663452342e-12)
0.225             (-5.256725758e-10 0.03047219027 -5.768607747e-10) (2.573635823e-10 9.35590844e-14 -2.57359844e-10)
0.23              (-4.015226077e-10 0.03121298136 -4.064006918e-10) (1.576542712e-11 7.135714958e-14 -1.576479991e-11)
0.235             (-5.173553466e-10 0.03195489043 -5.036240252e-10) (-6.6574414e-12 3.603335923e-14 6.661280071e-12)
0.24              (-1.74469984e-09 0.03269790462 -1.734388663e-09) (-4.011859074e-10 1.341823021e-14 4.011889934e-10)
0.245             (-3.337054316e-09 0.03344199424 -3.376393984e-09) (1.486727538e-10 7.768760336e-15 -1.486730299e-10)
0.25              (-3.171521628e-09 0.0341871235 -3.147641405e-09) (-1.249479393e-10 1.630823763e-14 1.249507743e-10)
0.255             (-3.037848425e-09 0.03493327133 -3.050967308e-09) (1.333908831e-10 4.596805331e-14 -1.333867434e-10)
0.26              (-2.887455667e-09 0.03568042377 -2.878775656e-09) (-1.425121839e-10 9.27687632e-14 1.425165996e-10)
0.265             (-2.68938841e-09 0.03642856049 -2.710800769e-09) (1.365605253e-10 1.487130605e-13 -1.365573892e-10)
0.27              (-2.569967051e-09 0.03717765552 -2.552304073e-09) (-1.283853664e-10 2.266934663e-13 1.283868215e-10)
0.275             (-2.408377159e-09 0.03792768656 -2.423191176e-09) (1.25414022e-10 3.771545612e-13 -1.25409506e-10)
0.28              (-2.286457877e-09 0.0386786375 -2.273737899e-09) (-1.211491286e-10 7.061692511e-13 1.211542217e-10)
0.285             (-2.138478369e-09 0.03943049302 -2.155789047e-09) (1.179236743e-10 1.361926455e-12 -1.179205382e-10)
0.29              (-2.031250983e-09 0.04018323516 -2.018846355e-09) (-1.135477871e-10 2.513337524e-12 1.135517512e-10)
0.295             (-1.905110569e-09 0.04093684565 -1.919501904e-09) (1.107488532e-10 4.368532368e-12 -1.107447135e-10)
0.3               (-1.812909168e-09 0.04169130843 -1.8017794e-09) (-1.072800325e-10 7.26806532e-12 1.0728495e-10)
0.305             (-2.231781192e-09 0.04244660887 -2.249114351e-09) (1.301878889e-10 1.194616676e-11 -1.301644553e-10)
0.31              (-2.129060842e-09 0.04320273238 -2.119303575e-09) (-1.177438488e-10 2.030937739e-11 1.177493183e-10)
0.315             (-2.266268569e-09 0.04395966433 -2.280902154e-09) (9.506620093e-11 3.693256125e-11 -9.50268104e-11)
0.32              (-2.36262225e-09 0.04471739056 -2.356508082e-09) (-1.008759174e-10 7.27975773e-11 1.008987237e-10)
0.325             (-2.396625451e-09 0.04547589761 -2.415307666e-09) (1.069682244e-10 1.56312191e-10 -1.069992603e-10)
0.33              (-2.438430616e-09 0.04623517266 -2.433237839e-09) (-1.01447535e-10 3.424856442e-10 1.014549865e-10)
0.335             (-2.422546792e-09 0.04699520325 -2.436383713e-09) (1.006286609e-10 7.32603522e-10 -1.005983779e-10)
0.34              (-2.420260148e-09 0.04775597728 -2.416054908e-09) (-9.846972804e-11 1.524454136e-09 9.847452002e-11)
0.345             (-2.398042463e-09 0.04851748305 -2.412749942e-09) (9.725132498e-11 3.101755547e-09 -9.727064409e-11)
0.35              (-2.393908043e-09 0.04927970924 -2.392265517e-09) (-9.583180971e-11 6.187387465e-09 9.577851931e-11)
0.355             (-2.382818335e-09 0.05004264485 -2.395682306e-09) (9.479482724e-11 1.211194245e-08 -9.491094195e-11)
0.36              (-2.403051045e-09 0.05080627926 -2.401615248e-09) (-9.326130708e-11 2.327551278e-08 9.301422477e-11)
0.365             (-2.455725631e-09 0.05157060216 -2.466568781e-09) (9.195568824e-11 4.392111453e-08 -9.243218965e-11)
0.37              (-2.767026509e-09 0.05233560359 -2.765520946e-09) (-9.120536672e-11 8.139966204e-08 9.033144637e-11)
0.375             (-6.711045102e-10 0.05310127398 -6.810178022e-10) (8.855321288e-11 1.481911796e-07 -9.057447985e-11)
0.38              (-1.837580241e-09 0.0538676038 -1.837011179e-09) (-9.0417203e-11 2.65058954e-07 8.719597675e-11)
0.385             (5.245872966e-09 0.0546345394 5.329213973e-09) (-1.449401854e-09 4.657088861e-07 1.4450107e-09)
0.39              (8.100354762e-09 0.05540210147 8.11540529e-09) (-3.28213296e-10 8.040076657e-07 3.269962517e-10)
0.395             (3.794315379e-09 0.05617033919 3.773963379e-09) (2.867619278e-10 1.364390166e-06 -2.800196245e-10)
0.4               (-1.926503073e-09 0.05693927078 -1.922345353e-09) (-1.55049316e-10 2.27677753e-06 1.45039579e-10)
0.405             (1.054143718e-08 0.05770878357 1.056249073e-08) (-5.368723798e-10 3.735836059e-06 5.073993976e-10)
0.41              (1.083147688e-08 0.05847884143 1.08483526e-08) (-4.891912384e-10 6.027914172e-06 4.358968758e-10)
0.415             (-9.505145199e-10 0.05924951131 -9.814234505e-10) (6.604249993e-10 9.566034169e-06 -4.68153154e-10)
0.42              (1.3785283e-08 0.06002080833 1.376213635e-08) (2.574327672e-10 1.493316434e-05 -3.992644167e-10)
0.425             (1.341949312e-08 0.0607926927 1.345262276e-08) (-1.077085491e-09 2.29344718e-05 7.814539942e-10)
0.43              (1.212341073e-08 0.06156514613 1.212671951e-08) (-3.65549136e-10 3.465795157e-05 1.279073787e-10)
0.435             (1.253579414e-08 0.0623381738 1.251094912e-08) (2.031272436e-10 5.15413789e-05 -5.85881452e-10)
0.44              (1.195839799e-08 0.06311177066 1.191391589e-08) (4.783783471e-10 7.544187257e-05 -1.115120243e-09)
0.445             (1.282815997e-08 0.06388592218 1.280118171e-08) (3.604626385e-11 0.0001087025443 -7.417455274e-10)
0.45              (-5.763423291e-09 0.06466062042 -5.811884025e-09) (1.752303824e-09 0.0001542088775 -1.896376784e-10)
0.455             (1.204192766e-08 0.06543586637 1.202208298e-08) (-1.957037862e-10 0.0002154258791 -7.063543137e-10)
0.46              (1.389605597e-08 0.0662116559 1.390653558e-08) (-1.1828813e-09 0.0002964059027 -4.209739925e-10)
0.465             (-1.443402784e-08 0.06698797612 -1.450729763e-08) (2.96875128e-09 0.0004017574288 5.432911134e-10)
0.47              (1.185462221e-08 0.06776482017 1.184017189e-08) (-5.207609067e-10 0.000536566252 -8.250502371e-10)
0.475             (1.479352327e-08 0.06854218609 1.479839765e-08) (-1.443489594e-09 0.0007062637907 -1.009060086e-09)
0.48              (-7.554265164e-09 0.06932006699 -7.502579318e-09) (5.402860541e-10 0.0009164417842 2.464379701e-09)
0.485             (1.28736241e-08 0.07009845791 1.288047661e-08) (-1.097971195e-09 0.00117261809 -6.595117613e-10)
0.49              (1.490850811e-08 0.07087735469 1.48838441e-08) (-8.388616112e-10 0.001479965712 -1.478838175e-09)
0.495             (-6.247344585e-09 0.07165674935 -6.209740558e-09) (4.030817669e-10 0.001843023009 2.106685704e-09)
0.5               (1.349282506e-08 0.07243663775 1.349488648e-08) (-6.613714729e-10 0.002265408268 -3.994089769e-10)
0.505             (1.597337746e-08 0.07321701679 1.595748061e-08) (-1.410437046e-10 0.002749565635 -7.566916091e-10)
0.51              (1.876862063e-09 0.07399787876 1.878674682e-09) (3.968490871e-10 0.003296568676 9.125132284e-10)
0.515             (1.507270792e-08 0.07477921952 1.508975471e-08) (2.685196698e-11 0.00390600498 6.643820629e-10)
0.52              (1.778024312e-09 0.07556103475 1.714517521e-09) (1.11843353e-09 0.004575958134 -6.971483784e-11)
0.525             (1.551055572e-08 0.07634332001 1.550845043e-08) (1.296081686e-09 0.005303093579 8.486850949e-10)
0.53              (-7.255882452e-09 0.07712606999 -7.405608982e-09) (1.482462825e-09 0.006082844089 -1.415778488e-09)
0.535             (1.532399482e-08 0.07790928046 1.535703264e-08) (1.75761838e-09 0.006909678569 9.010081527e-10)
0.54              (-4.501733935e-08 0.0786929474 -4.500945899e-08) (-1.390699034e-09 0.007777429286 -4.784547074e-09)
0.545             (1.166566666e-08 0.0794770659 1.167915614e-08) (1.320544751e-09 0.008679645041 4.91009236e-10)
0.55              (-4.940524779e-08 0.08026163292 -4.931868065e-08) (-3.634364646e-09 0.009609937047 -4.895544701e-09)
0.555             (1.148484401e-08 0.08104664345 1.147405238e-08) (7.489115336e-10 0.01056228533 1.903855988e-10)
0.56              (-3.583403022e-08 0.08183209428 -3.584079575e-08) (-1.124808869e-09 0.01153128107 -2.727618873e-09)
0.565             (1.319878147e-08 0.08261798074 1.317841067e-08) (7.985516541e-10 0.01251228922 1.376540541e-10)
0.57              (-4.574942266e-08 0.08340429974 -4.581301456e-08) (-1.318978874e-10 0.01350152651 -1.258324398e-09)
0.575             (1.388655415e-08 0.08419104661 1.386850573e-08) (8.244150402e-10 0.01449606105 8.490240989e-11)
0.58              (-3.826138447e-08 0.08497821863 -3.830637836e-08) (1.304074241e-09 0.01549374676 4.771175013e-10)
0.585             (-6.755336206e-08 0.0857658108 -6.745701006e-08) (9.708938092e-10 0.01649311287 3.560030935e-09)
0.59              (-9.100838993e-08 0.08655382041 -9.099270465e-08) (3.773195768e-09 0.01749322886 3.223959023e-09)
0.595             (1.712039249e-08 0.08734224454 1.711524302e-08) (7.968332081e-10 0.01849356541 6.09618848e-10)
0.6               (-3.85812798e-08 0.08813108035 -3.859560956e-08) (2.989975814e-09 0.0194938665 2.756219992e-09)
0.605             (-8.162718734e-08 0.08892032215 -8.157296855e-08) (2.452992786e-09 0.02049404359 4.17302989e-09)
0.61              (-9.585244194e-08 0.08970996708 -9.589420729e-08) (4.387775522e-09 0.02149409612 3.475703393e-09)
0.615             (2.042920473e-08 0.09050001306 2.04208196e-08) (5.365621653e-10 0.02249405833 4.891164705e-10)
0.62              (-3.247545759e-08 0.09129045795 -3.25002364e-08) (3.492658172e-09 0.02349396841 3.033497628e-09)
0.625             (-1.008112091e-07 0.09208129639 -1.007773637e-07) (3.133492485e-09 0.02449385459 4.054880801e-09)
0.63              (-9.817898455e-08 0.09287252496 -9.823938188e-08) (4.425575762e-09 0.0254937322 3.267050822e-09)
0.635             (-1.049932058e-07 0.09366414236 -1.049641457e-07) (3.476314652e-09 0.02649360633 4.467918151e-09)
0.64              (-1.099402298e-07 0.09445614564 -1.099606007e-07) (3.994795335e-09 0.02749347634 3.884232385e-09)
0.645             (-1.123726865e-07 0.09524853135 -1.123530311e-07) (3.476643072e-09 0.02849333982 4.12204586e-09)
0.65              (-1.150360693e-07 0.09604129654 -1.150445937e-07) (3.718570624e-09 0.02949319516 3.707872706e-09)
0.655             (-1.166356556e-07 0.09683443847 -1.166222866e-07) (3.425650999e-09 0.03049304241 3.901571697e-09)
0.66              (-1.190784133e-07 0.0976279545 -1.190809857e-07) (3.589853088e-09 0.03149288321 3.689698823e-09)
0.665             (-1.230971114e-07 0.09842184199 -1.230927823e-07) (3.504388049e-09 0.03249271999 3.778846886e-09)
0.67              (-1.316928235e-07 0.09921609834 -1.316850834e-07) (3.553080869e-09 0.03349255531 3.865871719e-09)
0.675             (-9.046201138e-08 0.1000107204 -9.045365444e-08) (2.92481203e-09 0.0344923913 3.299639516e-09)
0.68              (9.46507357e-09 0.1008057058 9.437049135e-09) (2.258979197e-09 0.03549222943 1.23419421e-09)
0.685             (-7.478694796e-08 0.1016010543 -7.482617528e-08) (3.977841801e-09 0.03649207058 2.540316747e-09)
0.69              (-3.748616029e-08 0.1023967615 -3.751101285e-08) (1.908196226e-09 0.03749191519 9.673058447e-10)
0.695             (1.155378015e-08 0.1031928238 1.159782081e-08) (9.261778762e-10 0.03849176347 1.810591852e-09)
0.7               (-1.46098568e-08 0.1039892409 -1.459128388e-08) (1.170326497e-09 0.0394916155 1.347222725e-09)
0.705             (-1.856659749e-08 0.1047860103 -1.859007294e-08) (1.33909827e-09 0.04049147137 5.74293714e-10)
0.71              (-1.350696648e-08 0.1055831289 -1.353283788e-08) (1.152133244e-09 0.04149133116 4.256212588e-10)
0.715             (1.338311089e-08 0.1063805936 1.345262935e-08) (2.082046553e-10 0.04249119493 2.435798137e-09)
0.72              (-9.927259872e-09 0.1071784039 -9.913905896e-09) (1.10355457e-09 0.04349106271 1.113105477e-09)
0.725             (-1.352313565e-08 0.1079765575 -1.353135023e-08) (1.109935609e-09 0.0444909345 7.833509083e-10)
0.73              (1.216675395e-08 0.1087750509 1.211106232e-08) (2.743459808e-09 0.04549081023 -5.293708854e-11)
0.735             (-8.833572314e-09 0.1095738832 -8.839426023e-09) (1.046680634e-09 0.04649068981 8.707985644e-10)
0.74              (-1.119466212e-08 0.1103730523 -1.117793952e-08) (4.695728145e-10 0.04749057313 1.212823373e-09)
0.745             (1.363633703e-09 0.1111725552 1.374476589e-09) (1.090537642e-09 0.04849046006 1.679079443e-09)
0.75              (1.940706822e-09 0.11197239 1.925003451e-09) (3.080407247e-09 0.04949035048 -3.077616787e-11)
0.755             (-7.994752334e-09 0.1127725563 -8.004703977e-09) (2.497703473e-09 0.05049024427 -6.073861383e-10)
0.76              (2.675990693e-09 0.1135730511 2.700791557e-09) (2.203591045e-10 0.0514901413 2.916784428e-09)
0.765             (-6.659495861e-09 0.1143738728 -6.641050973e-09) (2.11724355e-11 0.05249004146 1.979289933e-09)
0.77              (1.011431492e-08 0.1151750187 1.015394568e-08) (-2.13900808e-09 0.0534899446 5.193426375e-09)
0.775             (-5.795347436e-09 0.1159764883 -5.780538573e-09) (6.411705928e-11 0.05448985061 1.559375895e-09)
0.78              (-7.865947308e-09 0.1167782794 -7.86323331e-09) (1.406435759e-09 0.05548975936 -7.41624147e-12)
0.785             (1.63095163e-09 0.1175803892 1.645433928e-09) (1.010350539e-09 0.05648967071 1.620599443e-09)
0.79              (9.362653507e-09 0.1183828162 9.292760244e-09) (5.501244365e-09 0.05748958453 -2.47852761e-09)
0.795             (-5.61669178e-09 0.1191855602 -5.620044141e-09) (1.368057979e-09 0.0584895007 4.300719046e-10)
0.8               (-6.398595603e-09 0.1199886188 -6.377385177e-09) (-6.193180182e-11 0.05948941907 1.513211451e-09)
0.805             (5.513251493e-09 0.120791989 5.591282351e-09) (-1.547450163e-09 0.06048933953 4.200602656e-09)
0.81              (-5.204577099e-09 0.1215956702 -5.175093653e-09) (-1.01331958e-10 0.06148926194 1.457377245e-09)
0.815             (-5.893566422e-09 0.1223996612 -5.925293062e-09) (1.793789265e-09 0.06248918617 -6.35878416e-10)
0.82              (1.865235153e-08 0.123203959 1.894822032e-08) (-5.231755023e-09 0.0634891121 8.036820614e-09)
0.825             (-4.368195322e-09 0.1240085634 -4.348097161e-09) (1.680465704e-10 0.06448903961 1.08506299e-09)
0.83              (-5.925277437e-09 0.1248134729 -5.942961405e-09) (1.126131713e-09 0.06548896858 -1.531314957e-11)
0.835             (-4.534497818e-09 0.1256186855 -4.467533464e-09) (-6.624170836e-10 0.0664888989 1.7157086e-09)
0.84              (1.103173124e-08 0.1264241988 1.074003836e-08) (6.441614198e-09 0.06748883047 -3.714148598e-09)
0.845             (-4.009841176e-09 0.1272300127 -4.031441743e-09) (1.039172924e-09 0.06848876317 1.578153016e-10)
0.85              (-5.312141393e-09 0.1280361259 -5.270927505e-09) (-3.988410525e-11 0.06948869692 1.209180011e-09)
0.855             (-4.226865317e-09 0.1288425365 -4.343180677e-09) (2.396099478e-09 0.07048863163 -1.439202448e-09)
0.86              (-4.662388884e-09 0.1296492427 -4.740998964e-09) (1.734025339e-09 0.07148856719 -6.829329032e-10)
0.865             (3.838982765e-09 0.1304562427 3.711351073e-09) (3.878016424e-09 0.07248850353 -1.310887332e-09)
0.87              (-3.997374577e-09 0.1312635365 -4.042466163e-09) (1.514785228e-09 0.07348844054 -2.786208865e-10)
0.875             (-4.665371314e-09 0.1320711226 -4.568621838e-09) (-1.211420014e-09 0.07448837815 2.230770002e-09)
0.88              (-4.072808686e-09 0.1328789991 -3.987489321e-09) (-6.682491288e-10 0.07548831627 1.716991118e-09)
0.885             (1.974161922e-09 0.1336871641 1.971480805e-09) (-6.196416033e-11 0.07648825479 2.593521595e-09)
0.89              (-3.648277666e-09 0.1344956174 -3.686694394e-09) (-9.320744536e-10 0.07748819364 2.184705094e-09)
0.895             (1.135013722e-08 0.1353043571 1.136901855e-08) (6.752803556e-09 0.07848813272 -3.514833313e-09)
0.9               (-3.076999754e-09 0.1361133828 -3.070332317e-09) (1.210154769e-09 0.07948807193 2.683403423e-10)
0.905             (-4.252814951e-09 0.136922693 -4.240947707e-09) (-4.621559663e-11 0.08048801117 1.085594933e-09)
0.91              (-3.34132877e-09 0.137732286 -3.358644519e-09) (1.842452401e-09 0.08148795034 -1.061960773e-09)
0.915             (-4.207170532e-09 0.1385421599 -4.287527742e-09) (1.961648121e-09 0.08248788934 -1.216931541e-09)
0.92              (4.777360352e-09 0.1393523155 5.248573903e-09) (-2.060405628e-09 0.08348782806 4.459799836e-09)
0.925             (-3.396665172e-09 0.140162755 -3.319357914e-09) (-3.753338399e-11 0.08448776642 1.033331039e-09)
0.93              (-3.785874831e-09 0.1409734728 -3.897766412e-09) (1.338009493e-09 0.0854877043 -3.801490042e-10)
0.935             (1.724904868e-09 0.1417844617 1.646986192e-09) (1.970580284e-09 0.08648764161 4.749727154e-10)
0.94              (5.437656101e-09 0.142595722 5.799885241e-09) (-1.928893951e-09 0.08748757827 4.955983761e-09)
0.945             (-3.109400689e-09 0.1434072581 -3.042908624e-09) (1.593711486e-10 0.08848751419 1.518500825e-09)
0.95              (-3.474250974e-09 0.144219071 -3.569843947e-09) (1.404079479e-09 0.0894874493 -1.325815423e-10)
0.955             (1.879920493e-09 0.1450311589 1.876332636e-09) (2.039380743e-09 0.09048738356 4.164540124e-10)
0.96              (8.957487982e-09 0.1458435197 8.931198692e-09) (-2.404882032e-09 0.09148731691 5.603249146e-09)
0.965             (-2.884239358e-09 0.1466561521 -2.866223539e-09) (3.145029249e-10 0.09248724933 1.402535503e-09)
0.97              (-3.394204703e-09 0.1474690534 -3.415310566e-09) (1.168782244e-09 0.09348718081 9.289350977e-11)
0.975             (1.393373124e-08 0.1482822214 1.392938725e-08) (6.733341594e-09 0.09448711134 -3.630142492e-09)
0.98              (-2.717693486e-09 0.1490956569 -2.730266764e-09) (1.001838759e-09 0.09548704095 1.962191082e-10)
0.985             (-3.644033091e-09 0.1499093599 -3.621221868e-09) (5.771017893e-11 0.09648696966 9.943452955e-10)
0.99              (-2.958265846e-09 0.150723329 -3.003803062e-09) (1.652594318e-09 0.09748689748 -6.953710292e-10)
0.995             (-3.420712841e-09 0.1515375629 -3.660290286e-09) (2.027280948e-09 0.09848682448 -1.247055696e-09)
1                 (1.163751534e-08 0.1523520598 1.322174241e-08) (-3.98557233e-09 0.09948675067 7.16139583e-09)
1.005             (-2.867198721e-09 0.1531668202 -2.742427155e-09) (1.753225299e-10 0.1004866761 9.411082575e-10)
1.01              (-3.640575182e-09 0.153981843 -3.786478223e-09) (1.007463911e-09 0.1014866008 5.29824101e-11)
1.015             (-3.222632722e-09 0.1547971267 -2.861142361e-09) (-8.016735625e-10 0.1024865249 1.847937489e-09)
1.02              (-3.949565882e-09 0.1556126704 -3.283215206e-09) (-1.772431783e-09 0.1034864483 2.558694558e-09)
1.025             (-3.548132627e-09 0.1564284733 -2.987852789e-09) (-1.235168941e-09 0.1044863712 2.120900162e-09)
1.03              (2.282270429e-09 0.1572445341 1.532856353e-09) (2.722154161e-09 0.1054862935 -2.03932068e-10)
1.035             (-2.592848363e-09 0.1580608528 -2.947208611e-09) (1.472501443e-09 0.1064862153 -9.390153036e-11)
1.04              (9.611039372e-09 0.158877428 7.17312578e-09) (6.758976595e-09 0.1074861366 -3.442680947e-09)
1.045             (-2.128026979e-09 0.1596942596 -2.345322164e-09) (1.210418e-09 0.1084860575 1.656241331e-10)
1.05              (-3.127679124e-09 0.1605113465 -2.801472923e-09) (-1.417209164e-10 0.1094859779 1.34079328e-09)
1.055             (8.293863763e-09 0.161328687 1.112577614e-08) (-4.163698157e-09 0.110485898 7.381829374e-09)
1.06              (-2.283325486e-09 0.1621462811 -2.01857606e-09) (1.059071642e-10 0.1114858177 1.153377868e-09)
1.065             (-2.461659645e-09 0.1629641278 -2.72887996e-09) (1.175491362e-09 0.112485737 -5.655621619e-11)
1.07              (-2.652266119e-09 0.1637822261 -1.792864177e-09) (-1.320209214e-09 0.113485656 2.309947687e-09)
1.075             (-2.728962673e-09 0.164600575 -2.194781695e-09) (-7.716823848e-10 0.1144855746 1.839555422e-09)
1.08              (1.422924305e-09 0.1654191734 2.243309781e-09) (7.683884234e-11 0.1154854929 2.491551368e-09)
1.085             (1.109752484e-08 0.1662380211 6.708870936e-09) (7.183409708e-09 0.1164854108 -3.543415198e-09)
1.09              (-1.645670645e-09 0.1670571181 -2.034733724e-09) (1.398819615e-09 0.1174853283 2.885488257e-10)
1.095             (-2.439874073e-09 0.1678764634 -2.084690174e-09) (-3.368795021e-11 0.1184852454 1.265474478e-09)
1.1               (-1.380948095e-09 0.1686960556 -2.606117958e-09) (1.856147269e-09 0.1194851622 -9.14622391e-10)
1.105             (-1.786903957e-09 0.1695158939 -2.802078634e-09) (1.901139277e-09 0.1204850785 -9.925636142e-10)
1.11              (2.530540316e-09 0.1703359774 3.394747669e-09) (-1.228404279e-09 0.1214849944 3.876759783e-09)
1.115             (-2.093815123e-09 0.1711563061 -1.800477001e-09) (-3.389445701e-11 0.1224849099 1.284506969e-09)
1.12              (-2.052704525e-09 0.1719768795 -2.44089703e-09) (1.776828961e-09 0.123484825 -6.14631131e-10)
1.125             (4.971049477e-09 0.1727976963 6.732321416e-09) (-2.96403813e-09 0.1244847396 6.172652437e-09)
1.13              (-2.004187079e-09 0.1736187562 -1.798849833e-09) (1.430875321e-10 0.1254846539 1.232201247e-09)
1.135             (-2.13114345e-09 0.1744400586 -2.390931915e-09) (1.34838712e-09 0.1264845677 -5.928589552e-11)
1.14              (8.043972746e-09 0.175261602 6.14666511e-09) (6.847454309e-09 0.1274844811 -3.383474834e-09)
1.145             (-1.791642891e-09 0.1760833865 -1.992090662e-09) (1.271413985e-09 0.1284843941 1.605611005e-10)
1.15              (-2.403348254e-09 0.1769054115 -2.117652514e-09) (-1.034746179e-10 0.1294843067 1.428042131e-09)
1.155             (5.975804698e-09 0.1777276757 7.79366621e-09) (-3.26817011e-09 0.130484219 6.799551265e-09)
1.16              (-1.988656788e-09 0.1785501791 -1.768865735e-09) (1.979325723e-10 0.1314841309 1.286225535e-09)
1.165             (-2.069859102e-09 0.179372921 -2.316783719e-09) (1.50965734e-09 0.1324840424 -1.314485866e-10)
1.17              (6.76876748e-09 0.1801959002 5.197058941e-09) (6.382958842e-09 0.1334839536 -2.875238834e-09)
1.175             (-1.742128591e-09 0.1810191167 -1.935739652e-09) (1.383459414e-09 0.1344838644 1.868456099e-10)
1.18              (-2.244511122e-09 0.1818425698 -1.97424296e-09) (-1.558956051e-10 0.1354837749 1.590254619e-09)
1.185             (2.711226487e-09 0.1826662584 3.647060505e-09) (-1.15396366e-09 0.1364836849 4.274788428e-09)
1.19              (-1.977861474e-09 0.1834901825 -1.662090758e-09) (-6.585820079e-11 0.1374835946 1.723665812e-09)
1.195             (-1.801370438e-09 0.1843143413 -2.363402464e-09) (2.615128857e-09 0.1384835039 -1.185862589e-09)
1.2               (-1.659730872e-09 0.1851387343 -2.047873537e-09) (2.17979885e-09 0.1394834128 -7.124960378e-10)
1.205             (1.751658665e-09 0.1859633604 1.499699027e-09) (2.011161972e-09 0.1404833213 9.564378441e-10)
1.21              (2.317733051e-09 0.1867882192 2.6124688e-09) (1.612552745e-09 0.1414832294 1.901938568e-09)
1.215             (-1.896603247e-09 0.1876133109 -1.826105759e-09) (8.158141312e-10 0.142483137 1.31202965e-09)
1.22              (4.143060083e-09 0.1884386343 4.592589371e-09) (2.191308023e-09 0.1434830443 1.46058959e-09)
1.225             (-8.954936308e-10 0.1892641892 -9.596960096e-10) (-8.483070394e-10 0.1444829513 -7.662296783e-10)
1.23              (-3.011163217e-09 0.1900899748 -2.910702857e-09) (-2.600984266e-09 0.1454828581 -2.348560894e-09)
1.235             (4.879035547e-09 0.1909159902 4.555323053e-09) (-1.001291532e-09 0.146482765 5.633707638e-10)
1.24              (-2.963421967e-09 0.1917422354 -2.762081817e-09) (-1.698409906e-09 0.1474826721 -1.696097144e-09)
1.245             (-3.60718086e-09 0.1925687099 -3.7078281e-09) (-2.618249012e-09 0.14848258 -2.750708703e-09)
1.25              (-3.868568556e-09 0.1933954131 -3.807836125e-09) (-3.530114838e-09 0.1494824891 -3.305570824e-09)
1.255             (-1.146397359e-10 0.194222344 -1.080800356e-09) (-8.976470454e-10 0.1504824005 -1.036351252e-09)
1.26              (-2.684415714e-09 0.1950495027 -2.554284506e-09) (-1.950637238e-09 0.1514823152 -2.028404369e-09)
1.265             (7.134485945e-09 0.1958768882 4.095483617e-09) (7.788995434e-10 0.1524822351 2.006896513e-11)
1.27              (-2.992699805e-09 0.1967045006 -2.643486793e-09) (-1.533076858e-09 0.1534821624 -1.358312672e-09)
1.275             (-4.041472666e-09 0.1975323393 -3.818809277e-09) (-2.867375252e-09 0.1544821005 -2.690310641e-09)
1.28              (-4.167984863e-09 0.1983604034 -4.037809119e-09) (-3.685968229e-09 0.1554820538 -3.805590496e-09)
1.285             (8.547613178e-11 0.1991886924 -2.324706232e-09) (-1.499985409e-09 0.1564820285 -9.110005232e-10)
1.29              (-3.892183262e-09 0.2000172058 1.163608309e-08) (3.513908032e-09 0.157482033 -1.63255963e-09)
1.295             (-2.377202107e-09 0.2008459438 -1.472980704e-09) (-8.954154731e-10 0.1584820783 -1.463741471e-09)
1.3               (-2.815728036e-09 0.2016749058 -4.154267646e-09) (-3.113122486e-09 0.1594821793 -2.35454557e-09)
1.305             (1.753207923e-08 0.2025040906 -4.764936898e-09) (-3.348810948e-09 0.1604823559 3.174331432e-09)
1.31              (-3.10575793e-09 0.2033334983 -3.209127465e-09) (-2.109522343e-09 0.1614826339 -1.935497864e-09)
1.315             (-5.001509784e-09 0.2041631285 -3.421889111e-09) (-2.535523683e-09 0.1624830471 -3.091358495e-09)
1.32              (-3.820385904e-09 0.2049929806 -5.081411796e-09) (-3.874045091e-09 0.1634836395 -2.990263923e-09)
1.325             (1.010716817e-09 0.2058230538 -2.721622211e-09) (2.319911773e-10 0.1644844675 -2.115860809e-09)
1.33              (-2.8342333e-09 0.2066533481 -3.381041902e-09) (-1.734916972e-09 0.165485603 -2.658517395e-09)
1.335             (1.142415506e-08 0.2074838629 -1.313196957e-09) (5.101443071e-09 0.1664871373 -4.286580206e-09)
1.34              (-2.882843149e-09 0.2083145983 -2.219162264e-09) (-2.081462491e-09 0.1674891852 -3.043776686e-09)
1.345             (-4.435309746e-09 0.2091455535 -3.653349999e-09) (-3.593251948e-09 0.1684918897 -2.900903607e-09)
1.35              (-3.843801412e-09 0.2099767279 -5.367166817e-09) (-2.998527401e-09 0.169495428 -4.446129589e-09)
1.355             (6.243007252e-11 0.2108081208 -1.321319455e-09) (-3.95035069e-09 0.1705000177 1.788784588e-09)
1.36              (-2.743323668e-09 0.2116397324 -3.009331861e-09) (-3.012482465e-09 0.1715059239 -2.143716988e-09)
1.365             (-3.472337969e-09 0.2124715622 -3.499249998e-09) (-2.375546493e-09 0.1725134671 -3.764130422e-09)
1.37              (-8.315038629e-10 0.2133036097 -1.632835096e-10) (2.424991931e-10 0.1735230315 -2.063824016e-09)
1.375             (7.400515003e-09 0.2141358743 3.417235271e-09) (-5.396768683e-09 0.1745350739 7.713455029e-09)
1.38              (-2.237877067e-09 0.214968356 -2.180010985e-09) (-2.105311739e-09 0.175550133 -1.030362521e-09)
1.385             (-3.651305847e-09 0.2158010545 -3.534883065e-09) (-2.383037123e-09 0.1765688387 -3.548078344e-09)
1.39              (-3.837943861e-09 0.2166339691 -4.354101914e-09) (-4.575757092e-09 0.1775919209 -3.030726655e-09)
1.395             (-2.390697406e-10 0.2174670991 -1.133734311e-09) (6.904017568e-10 0.1786202183 -3.238633251e-09)
1.4               (-2.791957076e-09 0.2183004446 -2.877119737e-09) (-1.928526576e-09 0.1796546855 -2.959666866e-09)
1.405             (8.501641214e-09 0.2191340048 6.416831085e-09) (9.458804817e-09 0.1806963998 -7.456307102e-09)
1.41              (-2.75794281e-09 0.2199677802 -2.555681751e-09) (-2.471455478e-09 0.1817465647 -3.086594143e-09)
1.415             (-4.050624724e-09 0.2208017701 -4.173195662e-09) (-3.77721991e-09 0.1828065121 -2.91929708e-09)
1.42              (-4.389132991e-09 0.2216359737 -4.614819525e-09) (-2.782288467e-09 0.183877701 -4.64231372e-09)
1.425             (-3.420189891e-10 0.2224703906 -2.39360618e-09) (-1.462285387e-09 0.1849617132 -1.521629778e-09)
1.43              (-3.035523675e-09 0.2233050206 7.394119215e-09) (3.301942162e-09 0.1860602451 -2.089340028e-09)
1.435             (-2.809053377e-09 0.2241398638 -1.558709481e-09) (-5.631038785e-10 0.1871750952 -1.775175617e-09)
1.44              (-2.391459173e-09 0.2249749198 -4.890475065e-09) (-3.478602882e-09 0.1883081477 -1.902358412e-09)
1.445             (1.952033072e-09 0.2258101878 -2.356085256e-09) (-6.890420019e-11 0.1894613517 -2.242277485e-09)
1.45              (-3.066937146e-09 0.2266456676 -3.653390928e-09) (-1.288084779e-09 0.1906366956 -2.933644558e-09)
1.455             (8.403660042e-09 0.2274813587 -2.317485391e-09) (2.687905395e-09 0.1918361788 -2.761107459e-09)
1.46              (-3.190484347e-09 0.2283172613 -3.371509802e-09) (-1.65915506e-09 0.1930617785 -2.70298216e-09)
1.465             (-5.274691662e-09 0.2291533749 -3.630718056e-09) (-2.942926223e-09 0.1943154151 -2.154366999e-09)
1.47              (-4.199689644e-09 0.2299896988 6.306104799e-09) (-1.775546539e-09 0.1955989151 5.683499265e-10)
1.475             (-4.717309279e-09 0.2308262331 -3.268117354e-09) (-1.98534282e-09 0.196913973 -1.566228301e-09)
1.48              (-2.942967124e-09 0.2316629773 -6.257196354e-09) (-1.71947487e-09 0.1982621147 -2.754316161e-09)
1.485             (-3.163138199e-09 0.2324999308 -1.819055693e-09) (-4.689647661e-09 0.1996446613 4.101682946e-10)
1.49              (-4.224084795e-09 0.2333370939 -4.082842183e-09) (-2.58436055e-09 0.2010626971 -1.897144181e-09)
1.495             (-4.022194691e-09 0.2341744661 -4.320588258e-09) (-1.201002107e-09 0.2025170403 -3.127216277e-09)
1.5               (-7.509619353e-10 0.2350120467 -2.51316426e-09) (-6.144133276e-09 0.2040082212 2.828722854e-09)
1.505             (-4.085103824e-09 0.2358498359 -3.968924063e-09) (-2.084068988e-09 0.2055364649 -1.615714499e-09)
1.51              (-4.009357247e-09 0.2366878332 -3.91951162e-09) (-1.173370743e-09 0.207101682 -2.521120196e-09)
1.515             (-8.528109431e-10 0.2375260381 2.835147268e-09) (5.559144249e-09 0.2087034678 -8.131123034e-09)
1.52              (-3.706226277e-09 0.2383644507 -3.980402634e-09) (-1.219900691e-09 0.2103411078 -1.835407627e-09)
1.525             (-3.627127656e-09 0.2392030706 -3.82966921e-09) (-1.955695191e-09 0.2120135924 -1.049613797e-09)
1.53              (-4.15710215e-09 0.2400418976 -3.604331437e-09) (-3.200242689e-10 0.2137196383 -2.520149596e-09)
1.535             (-6.737957254e-10 0.2408809307 -1.475514492e-09) (-4.495283472e-09 0.2154577173 2.699021141e-09)
1.54              (-3.797554424e-09 0.2417201704 -3.680690191e-09) (-1.236006455e-09 0.2172260897 -9.576244175e-10)
1.545             (-3.618806009e-09 0.2425596164 -3.44319222e-09) (-6.407952716e-10 0.2190228428 -1.520607322e-09)
1.55              (6.561815904e-09 0.243399268 7.722626192e-09) (4.477422951e-09 0.2208459325 -4.673736817e-09)
1.555             (-2.860455967e-09 0.2442391254 -2.820688203e-09) (-3.929351477e-10 0.2226932258 -9.93704449e-10)
1.56              (-3.864178338e-09 0.2450791882 -3.921603703e-09) (-1.091629535e-09 0.2245625436 -3.544463418e-10)
1.565             (-4.534226036e-09 0.2459194559 -4.294687566e-09) (6.352105847e-11 0.2264517022 -1.281564444e-09)
1.57              (-1.011502696e-09 0.246759928 -1.42424079e-09) (-2.858181065e-09 0.2283585513 2.393424532e-09)
1.575             (-4.013762987e-09 0.2476006049 -4.136776156e-09) (-5.911224007e-10 0.230281009 -2.426671147e-10)
1.58              (-3.935405851e-09 0.2484414863 -3.946513255e-09) (-7.273598038e-11 0.2322170914 -7.195355213e-10)
1.585             (8.062652899e-09 0.2492825713 8.452262357e-09) (2.923150213e-09 0.2341649366 -3.165155587e-09)
1.59              (-2.753133599e-09 0.2501238604 -2.864538618e-09) (-2.814310227e-12 0.2361228233 -5.677485694e-10)
1.595             (-3.646679818e-09 0.250965353 -3.779206024e-09) (-4.228298382e-10 0.2380891838 -8.218726443e-11)
1.6               (-4.291304871e-09 0.2518070488 -4.262489907e-09) (2.325369598e-10 0.2400626106 -6.301349833e-10)
1.605             (-9.240338199e-10 0.2526489473 -1.715509981e-09) (-1.376750977e-09 0.2420418582 1.268457003e-09)
1.61              (-3.900281099e-09 0.2534910488 -4.134122244e-09) (-2.117843189e-10 0.2440258407 -8.575730867e-11)
1.615             (-3.816135233e-09 0.254333353 -3.960409188e-09) (6.303375329e-11 0.2460136252 -3.29230565e-10)
1.62              (8.317062947e-09 0.2551758589 9.507573524e-09) (2.871929088e-09 0.2480044213 -3.105880674e-09)
1.625             (-3.752822057e-09 0.2560185675 -3.840680598e-09) (7.365280088e-11 0.2499975703 -2.772114711e-10)
1.63              (-3.985363183e-09 0.2568614782 -4.245365826e-09) (-1.879402201e-10 0.251992531 1.711200955e-11)
1.635             (-3.817835803e-09 0.2577045903 -3.821825402e-09) (1.255110446e-10 0.2539888656 -2.617246083e-10)
1.64              (-7.545702698e-11 0.2585479032 1.623935402e-10) (1.546468541e-09 0.2559862261 -1.626207686e-09)
1.645             (-3.761426988e-09 0.2593914175 -3.797505747e-09) (1.275112235e-10 0.2579843399 -2.525501268e-10)
1.65              (-3.465185377e-09 0.260235133 -3.575657396e-09) (-1.588562399e-10 0.2599829975 4.209196017e-11)
1.655             (8.996788106e-09 0.2610790491 8.764449399e-09) (-1.288078216e-09 0.2619820404 1.185265773e-09)
1.66              (-2.306980876e-09 0.2619231658 -2.383689829e-09) (-1.359878238e-10 0.2639813513 3.63786807e-11)
1.665             (-3.559425217e-09 0.2627674828 -3.523411372e-09) (1.068609024e-10 0.2659808446 -1.920139183e-10)
1.67              (8.808221129e-09 0.2636119995 8.726391988e-09) (9.978876545e-10 0.2679804597 -1.077505036e-09)
1.675             (-2.681631236e-09 0.2644567165 -2.709729005e-09) (8.975189732e-11 0.2699801542 -1.67268091e-10)
1.68              (-3.716297656e-09 0.2653016332 -3.793011756e-09) (-1.090710761e-10 0.2719798992 3.764617594e-11)
1.685             (9.906346106e-09 0.2661467488 1.071514032e-08) (-1.887000928e-09 0.2739796757 1.823374841e-09)
1.69              (-3.669085833e-09 0.2669920643 -3.719878985e-09) (-8.788053645e-11 0.2759794714 2.819738167e-11)
1.695             (-4.120406452e-09 0.2678375793 -4.075302737e-09) (8.692415363e-11 0.2779792786 -1.484647637e-10)
1.7               (-3.712533022e-09 0.2686832932 -3.708773353e-09) (-1.073107116e-10 0.2799790927 5.019367234e-11)
1.705             (-1.964274438e-11 0.2695292054 1.53256069e-09) (-9.853730628e-10 0.2819789111 9.355879849e-10)
1.71              (-3.500533058e-09 0.2703753166 -3.643572002e-09) (-9.5584205e-11 0.2839787323 4.834519489e-11)
1.715             (-3.295267859e-09 0.2712216268 -3.421132472e-09) (8.193440799e-11 0.2859785557 -1.316505545e-10)
1.72              (1.836154484e-08 0.2720680702 1.814415878e-08) (5.475798712e-11 0.287978381 -1.054898065e-10)
1.725             (2.817192131e-09 0.2729147689 5.751604366e-09) (-9.820595531e-10 0.289978208 9.284268381e-10)
1.73              (-2.231599231e-09 0.2737617463 -2.890348532e-09) (-9.036267741e-11 0.2919780367 3.59212177e-11)
1.735             (4.471232015e-08 0.2746088836 5.501022048e-08) (-2.455407437e-09 0.2939778671 2.401125597e-09)
1.74              (9.17408554e-09 0.2754561612 9.119296971e-09) (4.011689148e-11 0.2959776993 -9.512818174e-11)
1.745             (-3.807087636e-09 0.2763036047 -3.326691696e-09) (1.097221822e-10 0.2979775333 -1.826990561e-10)
1.75              (-4.22863787e-09 0.2771513223 -3.17141488e-09) (-1.426863259e-10 0.2999773689 8.298409245e-11)
1.755             (6.017081395e-09 0.2779993024 1.708484796e-08) (-1.67926596e-09 0.3019772061 1.631851583e-09)
1.76              (1.381585802e-08 0.2788474135 1.351742466e-08) (7.835734917e-11 0.3039770448 -1.25157761e-10)
1.765             (1.578721526e-08 0.2796956691 1.72027334e-08) (-6.633868227e-11 0.3059768848 3.990294062e-12)
1.77              (1.933657187e-08 0.2805441828 1.816552366e-08) (1.565511346e-10 0.3079767259 -2.118586904e-10)
1.775             (1.669588179e-08 0.2813929466 1.897710574e-08) (-2.224109158e-10 0.309976568 1.741496418e-10)
1.78              (2.222525773e-08 0.2822419057 1.973194218e-08) (3.026936234e-10 0.3119764107 -3.511028054e-10)
1.785             (1.521263019e-08 0.2830910184 1.037239454e-08) (5.064992993e-10 0.3139762538 -5.543865233e-10)
1.79              (3.369032536e-08 0.2839403394 3.597488126e-08) (-1.382609821e-10 0.315976097 8.945174606e-11)
1.795             (2.099131169e-08 0.2847900056 1.754659263e-08) (3.143738125e-10 0.3179759403 -3.624235538e-10)
1.8               (4.048019795e-08 0.285639902 5.349521418e-08) (-1.059519586e-09 0.3199757832 1.012527484e-09)
1.805             (2.09187565e-08 0.2864900018 2.067226455e-08) (9.173329094e-12 0.3219756256 -5.730777309e-11)
1.81              (2.344268115e-08 0.2873403241 2.345855942e-08) (1.962808425e-10 0.3239754674 -2.422038625e-10)
1.815             (5.467496364e-08 0.2881909299 4.30895897e-08) (7.218892254e-10 0.3259753085 -7.663040078e-10)
1.82              (1.979615341e-08 0.2890419327 2.282608319e-08) (-7.782812196e-11 0.3279751487 3.364605362e-11)
1.825             (2.777441405e-08 0.2898932167 2.605034104e-08) (4.139996728e-11 0.3299749882 -8.091421988e-11)
1.83              (5.008375299e-08 0.2907447625 9.303207452e-08) (-1.853691042e-09 0.3319748269 1.814249586e-09)
1.835             (2.213429317e-08 0.2915967096 2.12005286e-08) (-7.979673176e-11 0.3339746651 3.766066988e-11)
1.84              (2.907369277e-08 0.292449043 2.735472618e-08) (1.601055396e-10 0.3359745029 -2.067614385e-10)
1.845             (2.399243006e-08 0.2933018377 2.181058914e-08) (4.849642881e-11 0.3379743404 -9.570110695e-11)
1.85              (4.351034348e-08 0.2941550879 5.332478623e-08) (-2.373412826e-10 0.3399741781 1.933087774e-10)
1.855             (2.650960771e-08 0.2950088864 2.20438294e-08) (4.995559214e-11 0.3419740161 -9.11735118e-11)
1.86              (4.968738634e-08 0.2958632293 7.944922537e-08) (-6.748239701e-10 0.3439738548 6.320144121e-10)
1.865             (2.596094322e-08 0.2967182305 2.667210083e-08) (-4.239292084e-11 0.3459736943 -1.924340022e-14)
1.87              (2.395327821e-08 0.2975739811 2.273740402e-08) (9.693519706e-12 0.347973535 -5.661141877e-11)
1.875             (1.03003513e-07 0.2984304607 4.538003527e-08) (1.103572619e-09 0.349973377 -1.146617977e-09)
1.88              (2.688556797e-08 0.2992877314 2.122803849e-08) (7.612267614e-11 0.3519732205 -1.179335356e-10)
1.885             (2.027373036e-08 0.3001459412 2.325695985e-08) (-8.022970413e-11 0.3539730653 3.887993879e-11)
1.89              (2.420285505e-08 0.301005177 2.141739617e-08) (2.773103516e-12 0.3559729115 -4.32116264e-11)
1.895             (4.614192802e-08 0.301865492 2.352091973e-08) (3.027668611e-10 0.3579727589 -3.421823304e-10)
1.9               (2.409677199e-08 0.3027269554 1.796363601e-08) (1.720231511e-11 0.3599726072 -5.429787364e-11)
1.905             (2.16391253e-08 0.3035896639 2.076599689e-08) (-2.450616075e-11 0.361972456 -9.141297282e-12)
1.91              (3.04710919e-08 0.3044537155 3.629584197e-08) (-1.435790786e-10 0.3639723048 1.105070017e-10)
1.915             (2.082091389e-08 0.3053191899 2.319003131e-08) (2.336744353e-12 0.365972153 -3.338367821e-11)
1.92              (-1.551244934e-08 0.3061860855 -2.176302202e-08) (-5.289009844e-12 0.3679720001 -6.26962573e-12)
1.925             (-9.545654368e-10 0.3070545909 9.621704132e-10) (-1.198267776e-11 0.3699718452 -6.91068655e-12)
1.93              (2.82623685e-09 0.3079246809 -8.631036599e-09) (-3.58981562e-11 0.3719716877 3.317020415e-11)
1.935             (-5.190486519e-08 0.3087963478 -8.15329915e-08) (-1.613520172e-10 0.3739715268 1.584935916e-10)
1.94              (-2.484633136e-08 0.3096699024 -2.605275499e-08) (-1.201943597e-11 0.3759713618 -4.349098859e-12)
1.945             (-2.884545973e-08 0.3105451963 -4.549316735e-08) (2.562484985e-11 0.3779711922 -2.541894859e-11)
1.95              (5.385589508e-09 0.3114220907 1.130240371e-08) (-3.740572127e-12 0.3799710173 -1.761255588e-11)
1.955             (-2.852853317e-08 0.3123005785 -3.935708897e-08) (3.834343916e-12 0.3819708366 3.454927074e-12)
1.96              (1.290415176e-08 0.3131809771 -9.20425624e-09) (-1.491909561e-11 0.3839706498 -9.952614148e-12)
1.965             (6.493632942e-08 0.314062883 1.659420613e-07) (4.254539486e-11 0.3859704568 -2.834418897e-11)
1.97              (-2.195417206e-08 0.3149459852 -8.924379456e-09) (1.997170213e-12 0.3879702574 -2.324378453e-12)
1.975             (4.175826725e-08 0.315830709 -3.636335092e-08) (-4.134823518e-11 0.3899700518 7.51514846e-12)
1.98              (8.625664379e-09 0.3167166737 9.423389999e-10) (4.144462839e-12 0.3919698403 -9.282237005e-12)
1.985             (5.871462593e-08 0.3176035118 3.874168062e-08) (-4.338549728e-11 0.3939696234 -3.514748247e-11)
1.99              (7.423954543e-08 0.3184916177 2.529177984e-08) (-7.241965292e-11 0.3959694016 -3.272180218e-11)
1.995             (2.53068417e-08 0.3193803682 2.404009919e-08) (-2.79432732e-11 0.3979691758 -3.553616811e-11)
2                 (8.130954037e-09 0.3202693329 1.771352935e-09) (-2.928338824e-11 0.3999689467 -2.894050708e-11)
2.005             (3.524836087e-09 0.3211587659 7.314958654e-09) (-7.101498583e-11 0.4019687154 -7.58319369e-11)
2.01              (-2.578788801e-08 0.3220488059 -6.060771801e-09) (-6.539584313e-11 0.4039684828 -8.412873354e-11)
2.015             (5.244535728e-08 0.3229385215 -1.047445991e-07) (-9.45668739e-11 0.4059682499 6.244249471e-11)
2.02              (-4.211041556e-08 0.323827572 -3.53701611e-08) (-3.373503803e-11 0.4079680177 -3.546149589e-11)
2.025             (-6.233405175e-09 0.3247163319 3.02259455e-09) (-2.334998946e-13 0.4099677873 -1.514550787e-11)
2.03              (1.609302012e-08 0.3256048599 -4.50891088e-08) (-3.503145698e-11 0.4119675596 1.742325599e-11)
2.035             (-3.039068757e-09 0.3264922735 -1.45975189e-08) (-2.278001576e-11 0.4139673353 -3.113900871e-11)
2.04              (4.979305376e-08 0.3273783699 -2.925706596e-07) (-2.622870099e-10 0.4159671154 2.592085387e-10)
2.045             (-1.673398725e-08 0.3282636577 8.284279449e-09) (1.183034183e-11 0.4179669003 -1.323165287e-11)
2.05              (5.095087924e-08 0.3291477844 5.770405372e-08) (2.361186864e-11 0.4199666907 -2.531745533e-12)
2.055             (2.665679926e-08 0.3300303587 4.569298466e-08) (3.968013734e-11 0.4219664868 -2.757983831e-11)
2.06              (-6.408842562e-09 0.3309115491 -2.983685443e-09) (4.559691284e-12 0.4239662888 -3.135271028e-12)
2.065             (-4.742806805e-09 0.3317914479 -7.622044154e-09) (-2.569634715e-12 0.425966097 3.039479525e-12)
2.07              (4.60300345e-09 0.3326699489 2.499944187e-08) (2.825884363e-11 0.4279659113 -2.407835125e-11)
2.075             (9.160132891e-08 0.3335468986 -1.604481217e-08) (-1.519314037e-10 0.4299657314 1.576032368e-10)
2.08              (2.05149874e-08 0.3344224211 2.900665781e-08) (-3.324902641e-12 0.4319655573 7.674077312e-12)
2.085             (2.498573281e-08 0.3352968063 -2.05378643e-08) (-5.542383678e-11 0.4339653885 5.22511916e-11)
2.09              (2.100475424e-08 0.3361697665 1.144787017e-08) (-1.029441154e-12 0.4359652245 2.468796484e-12)
2.095             (1.515365192e-08 0.3370412709 1.701009768e-09) (-1.604059224e-11 0.4379650649 1.716441082e-11)
2.1               (4.662567989e-09 0.3379117162 9.829804774e-10) (-4.715760788e-12 0.4399649091 8.654705072e-12)
2.105             (9.137852825e-09 0.3387814195 -1.934120823e-08) (-3.084123282e-11 0.4419647563 3.255586345e-11)
2.11              (-2.217537228e-08 0.3396499053 2.05697494e-08) (5.828261444e-11 0.443964606 -5.563486254e-11)
2.115             (1.117206696e-08 0.3405173734 1.06787225e-08) (3.980376103e-12 0.4459644573 -8.275928658e-13)
2.12              (-1.917528712e-08 0.3413843758 2.108841064e-09) (2.54049639e-11 0.4479643097 -2.494873568e-11)
2.125             (8.910454404e-09 0.3422507523 1.098332028e-08) (5.958534878e-12 0.4499641622 -3.008070021e-12)
2.13              (1.3839032e-08 0.3431164171 9.852922256e-09) (-3.745195604e-12 0.4519640142 6.696735899e-12)
2.135             (-5.574163865e-09 0.343981743 -1.427696254e-08) (-6.423952524e-12 0.4539638648 8.166755938e-12)
2.14              (-5.693291822e-09 0.3448467901 -1.262031625e-08) (-6.975504042e-12 0.4559637134 4.14600504e-12)
2.145             (1.444288513e-08 0.3457116606 1.638839156e-08) (2.53703194e-12 0.4579635592 -1.902511024e-13)
2.15              (-6.048953903e-09 0.3465760579 -7.7640902e-09) (-8.51668647e-13 0.4599634013 2.52602411e-12)
2.155             (1.292380686e-08 0.3474401699 1.104949648e-08) (-1.923066393e-12 0.4619632392 1.223948374e-12)
2.16              (3.299783162e-09 0.348304403 2.837036434e-09) (1.14948346e-12 0.4639630719 2.035746112e-13)
2.165             (5.206836433e-09 0.349168695 4.123446755e-09) (1.502983691e-12 0.4659628989 1.027428199e-12)
2.17              (7.624142052e-09 0.3500328939 7.140792806e-09) (1.055569575e-12 0.4679627192 7.130138901e-13)
2.175             (1.820698149e-08 0.3508970949 1.801356894e-08) (2.440040213e-12 0.469962532 1.732395526e-12)
2.18              (2.152062357e-08 0.3517614233 2.124208515e-08) (2.861745016e-12 0.4719623366 2.382021055e-12)
2.185             (2.094766731e-08 0.3526258801 2.063909185e-08) (2.854483748e-12 0.4739621319 2.468445557e-12)
2.19              (1.64495374e-08 0.3534904331 1.612224356e-08) (2.169737266e-12 0.475961917 1.772472306e-12)
2.195             (9.897220375e-09 0.3543551119 9.564886361e-09) (1.466505464e-12 0.4779616908 1.020754193e-12)
2.2               (6.954015897e-09 0.3552199642 6.69595616e-09) (8.836085538e-13 0.4799614522 5.809860307e-13)
2.205             (1.373296981e-08 0.3560849945 1.350798349e-08) (2.169675572e-12 0.4819611996 1.982222499e-12)
2.21              (1.730093872e-08 0.3569501857 1.710171613e-08) (2.858265836e-12 0.4839609317 2.735252517e-12)
2.215             (1.957246116e-08 0.3578155438 1.935393642e-08) (3.031964578e-12 0.4859606466 3.124144939e-12)
2.22              (1.261406818e-08 0.3586810867 1.241558066e-08) (1.240298229e-12 0.487960342 1.578206319e-12)
2.225             (1.307660197e-08 0.359546821 1.293102762e-08) (2.064985345e-12 0.4899600154 2.272513092e-12)
2.23              (2.14135616e-08 0.3604127716 2.130441027e-08) (-2.030327743e-12 0.4919596636 -1.689990401e-12)
2.235             (7.781020168e-09 0.3612788581 7.527363776e-09) (-8.154886645e-12 0.4939592825 -7.694685165e-12)
2.24              (8.991869468e-09 0.3621451196 8.745057411e-09) (-1.155204178e-12 0.4959588668 -8.447498154e-13)
2.245             (7.836544915e-09 0.3630116179 7.74837182e-09) (-4.185905044e-12 0.4979584097 -3.581132054e-12)
2.25              (1.4498809e-08 0.3638783177 1.441392202e-08) (-1.652347021e-11 0.4999579028 -1.569016482e-11)
2.255             (1.346717396e-08 0.3647451676 1.339225143e-08) (-2.174845405e-11 0.5019573357 -2.103314031e-11)
2.26              (1.770044228e-09 0.3656121904 1.71589366e-09) (-1.438261716e-11 0.5039566945 -1.371805184e-11)
2.265             (2.204841756e-09 0.3664794407 2.220091235e-09) (-1.878201508e-11 0.5059559619 -1.815848098e-11)
2.27              (2.211692739e-09 0.3673469134 2.245717409e-09) (-2.349817735e-11 0.5079551167 -2.288238675e-11)
2.275             (8.147375291e-09 0.3682145903 8.119733236e-09) (-6.015902075e-11 0.5099541332 -5.960952042e-11)
2.28              (-4.721547286e-09 0.3690823776 -4.594468512e-09) (-4.989058569e-11 0.5119529813 -4.929702047e-11)
2.285             (-1.514008307e-09 0.3699503679 -1.264102182e-09) (-4.394403888e-11 0.5139516236 -4.333393052e-11)
2.29              (-1.526625568e-09 0.3708186437 -1.317313681e-09) (-5.849461181e-11 0.5159500117 -5.793449144e-11)
2.295             (-2.505068141e-09 0.371687079 -2.215739928e-09) (-7.007199016e-11 0.5179480852 -6.94772449e-11)
2.3               (5.852102432e-09 0.3725556351 5.937595461e-09) (-9.522532659e-12 0.5199457725 -8.840701217e-12)
2.305             (-2.924014453e-09 0.3734244283 -2.582772095e-09) (-9.279169547e-11 0.521942994 -9.162793916e-11)
2.31              (-3.350493464e-09 0.3742934634 -3.287495879e-09) (-1.44270902e-10 0.5239396549 -1.429930067e-10)
2.315             (1.968991371e-09 0.3751626703 2.043648913e-09) (-5.015039118e-11 0.5259356369 -4.881724882e-11)
2.32              (-2.839648846e-09 0.3760320158 -2.785751124e-09) (-1.899951023e-10 0.5279308043 -1.886571196e-10)
2.325             (-2.400963281e-09 0.3769015844 -2.184965672e-09) (-1.817162026e-10 0.5299250005 -1.802278998e-10)
2.33              (-4.251928211e-09 0.3777713984 -4.186874151e-09) (-2.298765745e-10 0.5319180421 -2.284032542e-10)
2.335             (-2.445111295e-09 0.3786413223 -2.172846443e-09) (-2.456176311e-10 0.5339097118 -2.440189443e-10)
2.34              (-1.430197443e-08 0.3795114503 -1.439756173e-08) (-4.365741923e-10 0.5358997616 -4.351311661e-10)
2.345             (-8.650323832e-09 0.3803818072 -8.111357285e-09) (-4.466461436e-10 0.5378879096 -4.447308033e-10)
2.35              (-4.366570684e-09 0.3812522597 -4.673741956e-09) (-3.814485436e-10 0.5398738274 -3.801020421e-10)
2.355             (-5.246982196e-09 0.3821229349 -4.427048515e-09) (-4.234574207e-10 0.5418571403 -4.213003285e-10)
2.36              (-4.623054384e-09 0.3829938597 -5.494795139e-09) (-4.546494506e-10 0.543837429 -4.537091928e-10)
2.365             (2.142878848e-09 0.383864894 1.072828328e-08) (-1.31584724e-12 0.5458142081 7.1240523e-12)
2.37              (6.091818517e-09 0.3847360806 5.415887495e-09) (1.035873236e-10 0.547786936 1.036462406e-10)
2.375             (-7.621116155e-09 0.3856075632 -2.130859494e-09) (-6.420803113e-10 0.5497550367 -6.383059488e-10)
2.38              (1.491797371e-08 0.3864792537 -8.85176614e-09) (-3.34587767e-10 0.5517178611 -3.56971676e-10)
2.385             (3.690982116e-09 0.387351068 6.04593209e-09) (6.65820275e-11 0.5536746886 7.29094331e-11)
2.39              (4.548436324e-09 0.3882230708 3.606165719e-09) (1.763716181e-10 0.5556247408 1.785684274e-10)
2.395             (1.017719218e-08 0.389095297 3.284044938e-11) (3.956376652e-10 0.5575671778 3.855829324e-10)
2.4               (6.617843979e-10 0.3899677204 8.358601384e-09) (-4.956145379e-10 0.5595010991 -4.858475823e-10)
2.405             (2.740427664e-09 0.3908403258 3.882795895e-10) (2.745791574e-10 0.5614255425 2.691011749e-10)
2.41              (2.16631695e-09 0.3917131076 5.21801175e-09) (3.51283686e-10 0.563339486 3.564557711e-10)
2.415             (4.468762611e-09 0.3925860638 6.774271074e-09) (4.371231888e-10 0.5652418541 4.433201673e-10)
2.42              (-8.032513521e-09 0.3934592048 1.727875015e-08) (2.32419685e-10 0.5671315224 2.647265271e-10)
2.425             (8.639539445e-10 0.3943325355 8.399145277e-09) (6.250233939e-10 0.5690073253 6.293873015e-10)
2.43              (-2.190521005e-08 0.3952060512 2.664491142e-08) (-4.674452365e-10 0.570868064 -4.039334113e-10)
2.435             (2.752417111e-09 0.3960797489 6.342024219e-09) (4.444441485e-10 0.572712516 4.460103787e-10)
2.44              (8.016304836e-09 0.3969536285 1.801452261e-09) (7.74149045e-10 0.5745394461 7.573321746e-10)
2.445             (4.035283954e-08 0.3978276916 -2.793789321e-08) (3.539881987e-10 0.5763476178 3.168040447e-10)
2.45              (7.31515892e-09 0.3987019421 2.469189899e-09) (8.443431402e-10 0.578135807 8.460169845e-10)
2.455             (1.081860733e-09 0.3995763819 9.30007524e-09) (9.295423399e-10 0.5799028148 9.263822814e-10)
2.46              (-2.565270095e-08 0.4004510097 3.26160809e-08) (-6.564216873e-10 0.5816474822 -5.939775142e-10)
2.465             (2.131820797e-09 0.4013258245 8.261068556e-09) (7.475113215e-10 0.5833687045 7.462475972e-10)
2.47              (9.02184472e-09 0.4022008259 2.063103522e-09) (1.150824027e-09 0.5850654451 1.134003123e-09)
2.475             (2.63991546e-08 0.403076013 -2.000013208e-08) (-2.908965385e-10 0.5867367505 -3.61279672e-10)
2.48              (8.890833489e-09 0.4039513866 1.608229786e-09) (1.03578127e-09 0.588381763 1.028315196e-09)
2.485             (4.475073853e-10 0.4048269469 1.116478107e-08) (1.420816595e-09 0.5899997333 1.441897898e-09)
2.49              (6.10983498e-10 0.4057026937 5.465329571e-09) (-1.698239157e-11 0.5915900324 5.59971053e-12)
2.495             (3.556995418e-09 0.4065786269 -1.036204408e-09) (-1.242299465e-09 0.5931521606 -1.2931651e-09)
2.5               (1.693492545e-09 0.4074547467 1.730398385e-09) (8.60185425e-10 0.5946857558 8.638512441e-10)
2.505             (3.366824936e-09 0.4083310528 3.823108892e-09) (1.704453998e-09 0.5961905997 1.714728671e-09)
2.51              (-6.906803401e-10 0.4092075448 5.568103669e-09) (-8.253748909e-10 0.5976666213 -7.703727545e-10)
2.515             (2.190293128e-09 0.4100842222 2.131538644e-09) (1.35952681e-09 0.5991138994 1.350475966e-09)
2.52              (3.880234727e-09 0.410961085 3.157925783e-09) (2.025147185e-09 0.600532661 2.014266947e-09)
2.525             (7.092994266e-09 0.4118381329 -2.360411874e-09) (-6.797273288e-10 0.6019232793 -7.591796995e-10)
2.53              (3.201160439e-09 0.4127153655 2.190984911e-09) (1.56080768e-09 0.6032862682 1.564968592e-09)
2.535             (3.092665937e-09 0.4135927828 3.740920136e-09) (2.273761956e-09 0.6046222751 2.283459166e-09)
2.54              (-3.591260234e-09 0.4144703841 7.050307824e-09) (-5.943982362e-10 0.605932072 -5.24414994e-10)
2.545             (2.395173575e-09 0.4153481691 3.362577388e-09) (1.702139468e-09 0.6072165441 1.708135208e-09)
2.55              (4.320979961e-09 0.4162261377 2.913691262e-09) (2.54919747e-09 0.6084766781 2.543401954e-09)
2.555             (6.69897812e-09 0.4171042896 -3.653909797e-09) (-1.293685785e-10 0.6097135481 -2.14245124e-10)
2.56              (3.804225893e-09 0.4179826241 2.134681801e-09) (1.936064011e-09 0.6109283014 1.9261206e-09)
2.565             (2.6156229e-09 0.4188611414 4.84210223e-09) (2.753895856e-09 0.6121221433 2.782190086e-09)
2.57              (3.737966806e-10 0.4197398411 2.027004507e-09) (2.913232113e-10 0.613296322 2.778378488e-10)
2.575             (2.754143935e-09 0.4206187227 -3.403086238e-09) (-1.681862397e-09 0.6144521134 -1.497563106e-09)
2.58              (1.715994002e-09 0.4214977863 7.90655168e-10) (1.375802643e-09 0.6155908061 1.44621105e-09)
2.585             (2.763965276e-09 0.4223770323 3.646066607e-09) (2.959446672e-09 0.6167136874 2.929169481e-09)
2.59              (-7.132722105e-10 0.42325646 3.109218368e-09) (2.199525358e-11 0.61782203 2.995962189e-10)
2.595             (2.099718982e-09 0.4241360693 2.39939254e-09) (2.179430861e-09 0.6189170804 2.327053283e-09)
2.6               (-4.237535729e-09 0.4250158605 6.753306354e-09) (-2.345963981e-09 0.6200000472 -1.887585765e-09)
2.605             (2.155736592e-09 0.4258958337 2.850248893e-09) (1.808443402e-09 0.621072093 1.82236812e-09)
2.61              (3.301675118e-09 0.4267759892 3.103128054e-09) (3.266737419e-09 0.6221343253 3.238906151e-09)
2.615             (2.888371091e-09 0.4276563269 5.597910821e-09) (4.262262521e-09 0.6231877913 4.3831851e-09)
2.62              (4.241936159e-09 0.4285368467 -1.269333385e-09) (4.084551691e-10 0.6242334726 1.831493704e-10)
2.625             (2.528102537e-09 0.4294175488 2.236734144e-09) (2.232944363e-09 0.6252722818 2.186784424e-09)
2.63              (2.943027529e-09 0.430298434 3.598990081e-09) (2.994612805e-09 0.6263050613 3.044109231e-09)
2.635             (-2.157020584e-09 0.4311795023 4.289623475e-09) (-1.956010981e-10 0.6273325819 -8.149433222e-11)
2.64              (2.055349285e-09 0.4320607534 3.228624821e-09) (2.381124467e-09 0.6283555443 2.418200336e-09)
2.645             (4.595565136e-09 0.432942188 2.401359471e-09) (3.395138773e-09 0.62937458 3.366376359e-09)
2.65              (-7.102505768e-10 0.4338238062 2.60111422e-09) (-2.347194838e-11 0.6303902539 6.015545514e-11)
2.655             (1.93639958e-09 0.4347056078 2.441515656e-09) (2.400495423e-09 0.631403068 2.441302879e-09)
2.66              (3.757521578e-09 0.4355875933 2.622833323e-09) (3.318377324e-09 0.6324134647 3.312385606e-09)
2.665             (4.119348765e-10 0.4364697627 9.178729235e-10) (1.423454269e-10 0.6334218309 7.543546553e-11)
2.67              (1.900056126e-09 0.4373521157 2.48985189e-09) (2.464388135e-09 0.6344285028 2.445100284e-09)
2.675             (-7.708895269e-10 0.4382346525 1.093907321e-09) (-1.07896306e-09 0.6354337701 -1.228242404e-09)
2.68              (1.416837052e-09 0.439117373 1.677880414e-09) (2.0860028e-09 0.6364378807 2.127711965e-09)
2.685             (3.356482239e-09 0.4400002773 2.754124697e-09) (3.071795699e-09 0.6374410453 3.085664214e-09)
2.69              (1.783457298e-09 0.4408833649 2.568861089e-10) (-6.04134887e-10 0.6384434415 -4.632705632e-10)
2.695             (2.302535038e-09 0.4417666356 1.819187197e-09) (2.415715619e-09 0.639445218 2.400728204e-09)
2.7               (-5.740687193e-10 0.4426500894 1.199294346e-09) (2.317675119e-09 0.6404464984 2.206533821e-09)
2.705             (-1.75779334e-09 0.443533726 1.183770955e-09) (1.383472945e-09 0.6414473847 1.351007368e-09)
2.71              (-2.418333759e-09 0.444417545 1.572206794e-09) (1.066682199e-09 0.6424479607 1.183155328e-09)
2.715             (-1.531262286e-09 0.4453015458 -2.87278802e-10) (9.102853603e-10 0.6434482943 9.507289957e-10)
2.72              (-4.013177798e-10 0.4461857304 7.692794131e-10) (-8.182868505e-10 0.6444484408 -8.253704576e-10)
2.725             (1.118695944e-09 0.4470701 -8.277610944e-10) (-7.253016161e-10 0.6454484442 -8.095636235e-10)
2.73              (1.301628689e-10 0.4479546502 2.660700925e-10) (-8.850660782e-10 0.6464483398 -8.16178079e-10)
2.735             (1.700286679e-10 0.4488393765 3.503231037e-10) (-8.720424931e-10 0.6474481554 -9.151466601e-10)
2.74              (2.267377339e-10 0.4497242799 2.905165604e-10) (-8.474016578e-10 0.6484479125 -8.201020924e-10)
2.745             (3.471632785e-10 0.4506093636 2.164184333e-10) (-8.327852703e-10 0.6494476279 -8.303998992e-10)
2.75              (1.911334241e-10 0.4514946275 3.564725259e-10) (-8.289378442e-10 0.6504473145 -8.365136097e-10)
2.755             (2.80841902e-10 0.4523800695 2.481845982e-10) (-8.577102979e-10 0.6514469818 -8.304421039e-10)
2.76              (1.790509004e-10 0.4532656899 3.250195327e-10) (-8.362247173e-10 0.6524466366 -8.6656909e-10)
2.765             (2.44167302e-10 0.4541514911 2.392358769e-10) (-8.76455514e-10 0.6534462841 -8.310725954e-10)
2.77              (1.576584784e-10 0.4550374742 2.938956763e-10) (-8.34214883e-10 0.6544459275 -8.778692036e-10)
2.775             (1.985275337e-10 0.4559236373 2.098208456e-10) (-8.871963879e-10 0.6554455689 -8.309116113e-10)
2.78              (4.441600285e-10 0.4568099784 5.86309353e-10) (5.46477939e-10 0.6564452097 4.692765127e-10)
2.785             (-5.855962345e-11 0.4576964967 -6.404720945e-11) (5.802515275e-11 0.6574448506 1.43818236e-10)
2.79              (-4.47104661e-10 0.4585831927 -3.571677754e-10) (-1.022318439e-10 0.6584444918 -1.876373025e-10)
2.795             (-5.167705732e-10 0.459470067 -4.982508225e-10) (-3.246521861e-10 0.6594441335 -2.149655925e-10)
2.8               (-6.069214582e-10 0.4603571199 -5.101400425e-10) (-3.726657822e-10 0.6604437759 -4.53830775e-10)
2.805             (-5.918605986e-10 0.4612443513 -5.468142967e-10) (-5.679906916e-10 0.6614434192 -4.495824474e-10)
2.81              (-2.87369894e-09 0.4621317576 -2.952739005e-09) (-2.623893145e-09 0.6624430639 -2.107949899e-09)
2.815             (-2.365173516e-09 0.4630193384 -2.380529597e-09) (-2.045883748e-09 0.6634427105 -1.725911697e-09)
2.82              (-2.852888928e-10 0.4639071026 -3.575873098e-10) (-4.736397221e-10 0.6644423598 -1.754402505e-10)
2.825             (-2.551730019e-10 0.4647950543 -2.263087608e-10) (-5.100476544e-10 0.6654420126 -6.310811011e-10)
2.83              (-2.822165962e-09 0.4656831815 -2.714679965e-09) (-1.929570799e-09 0.6664416697 -2.295315993e-09)
2.835             (-2.031881353e-09 0.4665714774 -1.910031063e-09) (-1.323972951e-09 0.667441332 -1.818321473e-09)
2.84              (-1.992876672e-09 0.4674599516 -1.915216351e-09) (-1.260413619e-09 0.6684409999 -1.689677633e-09)
2.845             (-2.310661175e-09 0.4683486101 -2.332740471e-09) (-1.472284405e-09 0.6694406739 -1.295585154e-09)
2.85              (-2.840874772e-09 0.4692374488 -2.834861648e-09) (-2.133320259e-09 0.670440354 -1.747835475e-09)
2.855             (-1.284344288e-09 0.4701264643 -1.286228505e-09) (-1.493701863e-09 0.6714400398 -6.010359818e-10)
2.86              (-2.932694892e-09 0.4710156575 -2.936922623e-09) (-1.728782131e-09 0.6724397306 -1.348622454e-09)
2.865             (-2.817198071e-09 0.4719050297 -2.793085937e-09) (-1.459249594e-09 0.6734394254 -1.660780479e-09)
2.87              (-2.620479894e-09 0.472794582 -2.590081375e-09) (-1.378906079e-09 0.6744391227 -1.655134273e-09)
2.875             (4.26442425e-11 0.4736843197 5.755599723e-11) (-5.067109973e-10 0.6754388211 -1.73413179e-10)
2.88              (-3.350093723e-09 0.4745742342 -3.340820565e-09) (-2.102364712e-09 0.6764385188 -1.596415362e-09)
2.885             (-1.972612215e-09 0.475464317 -1.957446044e-09) (-1.724754401e-09 0.6774382142 -7.688633666e-10)
2.89              (-2.233221772e-09 0.4763545752 -2.214668784e-09) (-1.50799225e-09 0.6784379056 -1.12891038e-09)
2.895             (1.341086801e-10 0.4772450217 1.796185439e-10) (-6.088186302e-10 0.6794375915 -2.747500076e-10)
2.9               (1.872056116e-10 0.4781356547 1.61458505e-10) (-4.864191113e-10 0.6804372707 -4.724726588e-10)
2.905             (-9.70533076e-10 0.4790264659 -9.437337941e-10) (-1.087300623e-09 0.6814369425 -9.397105651e-10)
2.91              (2.796429043e-10 0.479917446 2.076256536e-10) (-2.192219686e-10 0.6824366061 -3.277272509e-10)
2.915             (1.823571551e-10 0.4808085972 2.91533489e-10) (-5.219442218e-10 0.6834362616 -4.039310382e-10)
2.92              (-2.552726535e-09 0.4816999395 -2.485282554e-09) (-1.488237417e-09 0.684435909 -1.477718897e-09)
2.925             (-9.618048388e-10 0.482591465 -9.878368915e-10) (-1.842278811e-09 0.6854355486 -2.024545934e-09)
2.93              (-8.752846723e-10 0.4834831505 -7.625097073e-10) (-1.360464468e-09 0.6864351813 -1.296708686e-09)
2.935             (6.58515216e-10 0.4843749927 6.037225216e-10) (2.792997204e-10 0.6874348079 5.712568359e-11)
2.94              (-2.416917712e-10 0.4852670037 -2.891497273e-10) (1.459239846e-10 0.6884344295 -3.293997512e-11)
2.945             (-1.005056802e-09 0.4861591926 -1.132625842e-09) (-7.033726161e-10 0.6894340471 -9.369320589e-10)
2.95              (-5.905656408e-10 0.4870515627 -7.529884093e-10) (-5.348527828e-10 0.6904336617 -7.925704866e-10)
2.955             (-1.459063869e-09 0.487944119 -9.229782727e-10) (-1.413473932e-09 0.6914332741 -8.590643237e-10)
2.96              (-8.141480294e-10 0.4888368683 -9.728356522e-10) (-7.165545883e-10 0.6924328852 -6.731631609e-10)
2.965             (-6.380910479e-10 0.4897298121 -7.054373167e-10) (-3.879658779e-10 0.6934324955 -4.680445702e-10)
2.97              (-7.29104568e-10 0.4906229444 -1.471891981e-09) (-7.161039476e-10 0.6944321055 -1.455377936e-09)
2.975             (-5.571852696e-10 0.491516256 -3.809139475e-10) (-4.855018157e-10 0.6954317155 -4.533547189e-10)
2.98              (1.130449884e-10 0.4924097414 2.372284799e-11) (-5.445860389e-11 0.6964313258 -1.244416972e-10)
2.985             (9.42702929e-10 0.4933034089 1.286787649e-09) (2.194295437e-10 0.6974309364 5.759342254e-10)
2.99              (3.151598466e-10 0.4941972249 1.659058981e-10) (2.56682797e-10 0.6984305472 2.963920568e-10)
2.995             (1.160084344e-09 0.4950912316 1.469976237e-09) (5.451239388e-10 0.6994301583 9.124344425e-10)
3                 (3.208392334e-10 0.4959853946 3.550982952e-10) (6.949634869e-10 0.7004297696 8.176540906e-10)
3.005             (6.183869266e-11 0.496879667 -6.326461732e-10) (5.868349205e-10 0.7014293811 -7.06990596e-12)
3.01              (2.509095921e-10 0.4977741947 3.158663855e-10) (1.883675481e-10 0.7024289927 1.955542217e-10)
3.015             (2.328008894e-09 0.4986690343 1.758925418e-09) (1.253252524e-09 0.7034286044 6.884285228e-10)
3.02              (1.470711565e-09 0.4995639439 1.680451636e-09) (7.100572227e-10 0.7044282165 8.499213828e-10)
3.025             (6.816009736e-10 0.5004588875 5.952819579e-10) (5.446969093e-10 0.7054278291 5.707894815e-10)
3.03              (1.608150851e-10 0.5013540547 -5.417929367e-11) (3.853454471e-10 0.7064274424 3.427909054e-10)
3.035             (-1.171815232e-09 0.5022495477 -2.807936229e-09) (-1.336112331e-10 0.707427057 -1.422172679e-09)
3.04              (3.328554807e-10 0.5031451658 2.943358057e-10) (-1.946008319e-10 0.7084266732 -9.671287569e-11)
3.045             (7.070996184e-10 0.5040408422 7.383921338e-10) (3.048722319e-10 0.7094262916 1.204872471e-10)
3.05              (-2.722595411e-10 0.5049367054 -3.478483687e-10) (2.554929615e-10 0.7104259129 -1.736102768e-10)
3.055             (1.813360381e-10 0.505832804 -1.115068543e-10) (-2.045331329e-10 0.7114255377 -4.301198483e-10)
3.06              (-1.47351569e-10 0.5067291273 5.322208462e-10) (-6.284753659e-10 0.7124251668 -4.672223282e-10)
3.065             (2.009119756e-09 0.5076256183 3.106827357e-09) (1.375989e-09 0.713424801 1.262644027e-09)
3.07              (-4.891318111e-10 0.508522229 -5.733583189e-10) (3.663084199e-10 0.7144244412 1.898026838e-10)
3.075             (1.004011456e-09 0.5094189807 -1.721236468e-09) (1.664802134e-10 0.7154240881 4.968657844e-10)
3.08              (-3.048252855e-10 0.5103159256 -3.999671334e-11) (1.373697426e-10 0.7164237426 2.081448578e-10)
3.085             (-8.546797674e-10 0.5112130766 -6.118513266e-10) (1.208105085e-10 0.7174234055 5.988424743e-11)
3.09              (1.440954888e-09 0.5121104129 1.670085119e-09) (6.660664629e-10 0.7184230775 4.763558285e-10)
3.095             (1.225978271e-09 0.513007928 2.178497846e-09) (2.733552805e-10 0.7194227591 2.619697405e-10)
3.1               (2.440893559e-09 0.5139056274 2.804520661e-09) (1.252806761e-09 0.7204224511 1.142881664e-09)
3.105             (2.840409172e-09 0.5148035071 3.024520251e-09) (1.533106389e-09 0.7214221536 1.543899117e-09)
3.11              (3.173203308e-09 0.5157015548 2.820226793e-09) (1.68097757e-09 0.7224218669 1.596298205e-09)
3.115             (3.134587075e-09 0.516599762 3.012685132e-09) (1.749406501e-09 0.7234215911 1.780798343e-09)
3.12              (3.377162729e-09 0.5174981293 3.035632929e-09) (1.965469774e-09 0.7244213259 1.876840859e-09)
3.125             (3.428221426e-09 0.518396664 3.457116918e-09) (2.111032438e-09 0.725421071 2.141379564e-09)
3.13              (2.335183543e-09 0.5192953745 2.140472951e-09) (1.148235041e-09 0.7264208255 1.073604555e-09)
3.135             (8.557529542e-10 0.5201942742 7.080421972e-10) (-1.992247943e-10 0.7274205887 -2.860360003e-10)
3.14              (2.93264396e-10 0.5210933614 1.671241301e-10) (-2.803807015e-10 0.7284203592 -3.872230177e-10)
3.145             (2.918615292e-10 0.5219926209 6.372520517e-10) (-4.348081805e-10 0.7294201354 -2.787983399e-10)
3.15              (1.603324855e-09 0.5228920395 1.427275281e-09) (2.165310322e-10 0.7304199153 1.427638432e-10)
3.155             (1.582976556e-09 0.5237916129 1.7475025e-09) (6.739250978e-10 0.7314196967 7.151329906e-10)
3.16              (1.809576931e-09 0.5246913455 1.777700531e-09) (1.12278391e-09 0.7324194766 1.063191078e-09)
3.165             (1.928358391e-09 0.5255912475 2.085883805e-09) (1.349187521e-09 0.7334192517 1.401302581e-09)
3.17              (2.263555011e-09 0.5264913294 2.174442739e-09) (1.646166956e-09 0.7344190185 1.589268509e-09)
3.175             (2.345187705e-09 0.5273915982 2.463816453e-09) (1.78032807e-09 0.7354187725 1.823244859e-09)
3.18              (2.595033626e-09 0.5282920548 2.496913783e-09) (1.966276819e-09 0.7364185088 1.909224151e-09)
3.185             (2.618820978e-09 0.5291926954 2.727815238e-09) (2.026622563e-09 0.7374182217 2.067850134e-09)
3.19              (2.842437263e-09 0.5300935142 2.735534426e-09) (2.16644935e-09 0.7384179048 2.108553812e-09)
3.195             (2.835635662e-09 0.5309945063 2.94396798e-09) (2.195201204e-09 0.7394175506 2.234451791e-09)
3.2               (3.033952965e-09 0.5318956689 2.923878364e-09) (2.312989432e-09 0.7404171506 2.254333594e-09)
3.205             (1.251605294e-09 0.5327970013 1.141340217e-09) (1.30088688e-09 0.7414166947 1.242797258e-09)
3.21              (2.871356472e-10 0.5336985038 -5.081148427e-11) (2.480954542e-11 0.7424161716 -1.36542643e-10)
3.215             (-1.18795732e-10 0.5346001774 -1.413354059e-10) (1.892959042e-11 0.7434155679 1.437122098e-11)
3.22              (1.735755144e-09 0.5355020228 1.606976916e-09) (1.15288297e-09 0.7444148679 1.095795043e-09)
3.225             (2.130170729e-09 0.5364040405 2.271089569e-09) (1.672813034e-09 0.7454140535 1.713508441e-09)
3.23              (5.703641205e-10 0.5373062306 6.656620499e-10) (9.374458875e-10 0.7464131034 9.710062615e-10)
3.235             (8.3698972e-11 0.5382085931 6.70717774e-10) (-4.718553795e-10 0.7474119926 -2.487800164e-10)
3.24              (-3.190566112e-10 0.539111128 -2.562918714e-10) (-1.824076944e-10 0.7484106919 -1.80528618e-10)
3.245             (-2.535347139e-10 0.5400138354 -3.461205898e-10) (-4.442044826e-11 0.7494091673 -3.267406843e-11)
3.25              (5.8100912e-10 0.5409167151 -2.02323245e-10) (-6.353801366e-10 0.750407379 -8.694965156e-10)
3.255             (-5.167557461e-10 0.5418197669 -6.128017973e-10) (-3.485171485e-10 0.7514052806 -3.414406342e-10)
3.26              (-4.589344995e-10 0.542722991 -3.474506159e-10) (-1.509018664e-10 0.752402818 -1.862991641e-10)
3.265             (6.916390412e-10 0.5436263868 1.878311708e-09) (-1.134178053e-09 0.7533999287 -7.967877163e-10)
3.27              (-6.907476545e-10 0.5445299545 -2.88620839e-10) (-4.178776507e-10 0.7543965404 -4.733177544e-10)
3.275             (-3.693467332e-10 0.545433694 -4.357750216e-10) (-1.546771424e-10 0.7553925694 -1.234123255e-10)
3.28              (-2.111018823e-10 0.546337605 -1.07738983e-10) (3.257105946e-11 0.7563879199 1.188569881e-10)
3.285             (-1.317051416e-09 0.5472416877 -1.184768958e-09) (-7.097036765e-10 0.7573824818 -7.774724573e-10)
3.29              (6.543539199e-10 0.5481459415 1.195897576e-09) (-1.579220047e-09 0.7583761297 -9.363524298e-10)
3.295             (-8.921006955e-10 0.5490503669 -6.559892756e-10) (-5.160037541e-10 0.7593687206 -5.054879624e-10)
3.3               (-6.611087966e-10 0.5499549642 -5.996427611e-10) (-1.041236031e-10 0.7603600927 -1.291212658e-10)
3.305             (-3.684928623e-10 0.5508597326 -2.197157689e-10) (2.922482007e-11 0.7613500632 1.297490188e-10)
3.31              (-1.276997541e-09 0.5517646716 -1.563206349e-09) (-7.386876163e-10 0.7623384266 -7.916571865e-10)
3.315             (-2.05996883e-09 0.5526697816 2.791862754e-10) (-1.422284456e-09 0.7633249525 -8.454910351e-10)
3.32              (-7.585187618e-10 0.553575063 -7.960734646e-10) (-4.470333869e-10 0.7643093839 -4.167582647e-10)
3.325             (-5.419028312e-10 0.5544805154 -7.474708462e-10) (-1.511666025e-10 0.7652914352 -2.002450782e-10)
3.33              (2.212074724e-09 0.5553861382 -2.113073216e-09) (-5.541755365e-10 0.7662707904 -1.464827528e-09)
3.335             (-6.269846686e-10 0.5562919317 -6.07230487e-10) (-3.89678834e-10 0.767247101 -3.893974526e-10)
3.34              (-5.406321771e-10 0.5571978961 -6.675886898e-10) (-1.343509173e-10 0.7682199848 -1.294306521e-10)
3.345             (4.535056292e-11 0.5581040309 -8.021456538e-10) (1.436151568e-10 0.769189024 -3.351695045e-11)
3.35              (-1.0434978e-09 0.559010336 -1.61492372e-09) (-1.120506692e-09 0.7701537643 -5.051182157e-10)
3.355             (-6.769715616e-10 0.5599168112 -6.126572047e-10) (-2.402721962e-10 0.7711137136 -3.052532493e-10)
3.36              (-5.709754481e-10 0.5608234568 -6.161851077e-10) (-8.069668912e-11 0.7720683413 -1.638179053e-10)
3.365             (-2.0197084e-09 0.5617302726 -1.510399857e-09) (-6.921361242e-10 0.7730170784 -1.050423873e-09)
3.37              (-6.935729064e-10 0.5626372582 -5.673921461e-10) (-1.121755565e-10 0.7739593169 -2.698221032e-10)
3.375             (-2.121871226e-09 0.5635444138 -6.429744646e-10) (-2.739740245e-10 0.7748944108 -1.712683847e-09)
3.38              (-5.989530726e-10 0.5644517392 -1.121003936e-09) (-3.910153295e-10 0.7758216767 -3.021332132e-10)
3.385             (-5.168879871e-10 0.5653592345 -6.130923377e-10) (-1.616865356e-10 0.7767403954 -3.725334268e-11)
3.39              (7.700385862e-10 0.5662668992 -2.817498638e-09) (-1.864193689e-09 0.7776498141 2.299684993e-10)
3.395             (-6.980691357e-10 0.5671747333 -4.311603002e-10) (-1.456193011e-10 0.7785491485 -1.317424309e-10)
3.4               (-4.984681608e-10 0.5680827372 -4.107951656e-10) (9.224089686e-11 0.7794375862 -1.005456083e-10)
3.405             (-3.363471324e-09 0.5689909101 4.348363687e-09) (1.184960568e-09 0.7803142902 -2.911949768e-09)
3.41              (-2.675887467e-10 0.5698992522 -6.326532623e-10) (-1.872399766e-11 0.7811784033 -8.696661572e-11)
3.415             (-6.169068171e-10 0.5708077641 -2.911241165e-10) (6.080656409e-12 0.7820290527 1.243987946e-10)
3.42              (-6.762132296e-10 0.5717164448 6.354997079e-11) (4.419008951e-10 0.7828653556 -1.813314461e-10)
3.425             (-4.930012899e-09 0.5726252943 9.383155274e-10) (-6.343525665e-10 0.783686425 -5.72483235e-10)
3.43              (1.727168569e-08 0.5735343125 -1.324731309e-08) (-2.82875895e-10 0.7844913756 -1.811542888e-09)
3.435             (-3.251449769e-10 0.5744434996 -3.76858637e-10) (-4.093887011e-10 0.7852793313 -2.843011667e-10)
3.44              (-6.357976242e-10 0.5753528563 -9.573213229e-11) (-3.242842114e-11 0.7860494316 -2.108242942e-11)
3.445             (6.552781548e-10 0.5762623817 -1.00516906e-09) (1.851811968e-10 0.7868008391 7.94649632e-11)
3.45              (7.94893631e-09 0.5771720748 -1.090290432e-08) (-1.602398198e-10 0.7875327471 -1.028794788e-09)
3.455             (6.501153841e-10 0.578081937 -1.05681611e-09) (-2.641920455e-10 0.7882443872 -3.127470885e-11)
3.46              (-1.382683314e-09 0.5789919678 8.422658803e-10) (-3.188295084e-11 0.7889350362 5.391477879e-11)
3.465             (-1.164135251e-08 0.5799021666 8.878521836e-09) (-1.416095078e-09 0.7896040238 2.326733669e-10)
3.47              (-9.530515036e-10 0.5808125349 6.069413082e-10) (-5.765419684e-11 0.7902507395 -1.152288592e-10)
3.475             (9.41333645e-10 0.5817230704 -1.491762748e-09) (1.259487816e-10 0.7908746388 -6.044324762e-11)
3.48              (1.186842434e-08 0.5826337744 -1.320228703e-08) (6.915875223e-10 0.7914752494 -1.815767975e-09)
3.485             (7.147225415e-10 0.5835446478 -8.41369263e-10) (-1.555266155e-11 0.7920521766 3.177604064e-11)
3.49              (-1.073085377e-09 0.5844556869 6.374010699e-10) (5.678552788e-12 0.7926051075 1.451199477e-10)
3.495             (1.359417496e-08 0.5853668336 6.457117306e-09) (4.243365788e-10 0.7931338134 -5.114748918e-10)
3.5               (-1.207559895e-08 0.5862781919 1.477035638e-08) (-1.989354854e-09 0.7936381559 1.324442915e-09)
3.505             (-2.357046633e-09 0.5871897842 -3.522637952e-10) (9.721505968e-11 0.7941180879 3.674685353e-10)
3.51              (4.501666288e-09 0.5881015146 -6.984559216e-09) (5.422674133e-10 0.7945736523 -8.699237027e-10)
3.515             (-7.93877499e-09 0.5890133676 2.73428574e-09) (-1.022214801e-09 0.7950049834 3.224424525e-10)
3.52              (-4.95002238e-10 0.5899253979 -3.042296901e-10) (-1.282089747e-10 0.7954123057 -4.536817405e-12)
3.525             (2.258473962e-08 0.5908376206 4.509986271e-08) (-2.704152689e-09 0.7957959308 2.932113185e-10)
3.53              (2.489594708e-09 0.5917500191 2.48054938e-09) (-9.889831738e-11 0.7961562549 -1.625686196e-10)
3.535             (-1.520876304e-09 0.5926625248 -1.439331968e-09) (1.949902601e-10 0.7964937548 2.687290706e-10)
3.54              (5.335610781e-08 0.5935751847 4.573107515e-08) (-6.699082982e-10 0.7968089823 -1.710995614e-09)
3.545             (-3.194402971e-09 0.5944879514 -5.240904876e-09) (1.220714577e-10 0.7971025586 -1.942818922e-10)
3.55              (5.274968196e-08 0.5954009708 5.524864526e-08) (-1.704135584e-09 0.7973751684 -1.654997476e-09)
3.555             (2.016939089e-07 0.5963143598 2.031053891e-07) (-3.138653233e-09 0.7976275531 -3.605006041e-09)
3.56              (-5.900686043e-09 0.5972279163 -7.041057701e-09) (3.293688595e-10 0.7978605031 3.469166283e-10)
3.565             (-3.069034207e-09 0.5981414656 -2.803873029e-09) (8.852030539e-11 0.7980748505 6.647333738e-11)
3.57              (-2.512271633e-08 0.5990550613 -2.689412147e-08) (4.580268711e-10 0.7982714616 8.289328399e-10)
3.575             (-2.847270918e-08 0.5999688225 -2.629770241e-08) (1.292567039e-09 0.7984512283 1.026278428e-09)
3.58              (-4.88589157e-09 0.6008829167 1.196876757e-09) (5.495415747e-10 0.7986150606 2.464461004e-10)
3.585             (-4.191469743e-09 0.601797267 -5.140263515e-09) (2.833629853e-10 0.798763879 2.230408576e-10)
3.59              (-5.012570206e-10 0.6027116924 1.65387877e-10) (1.510511253e-10 0.7988986075 1.175040361e-10)
3.595             (-1.918377958e-09 0.6036261852 -5.692806716e-09) (2.080415956e-10 0.7990201662 3.310264153e-10)
3.6               (-1.362968095e-10 0.6045408589 3.298517405e-10) (1.491558445e-10 0.7991294649 1.43438897e-10)
3.605             (-6.139075407e-11 0.6054557596 -4.396578542e-10) (1.261085928e-10 0.7992273973 1.097803244e-10)
3.61              (-1.560473725e-08 0.6063707985 -6.893353272e-09) (5.317447438e-10 0.7993148343 1.659898115e-11)
3.615             (-6.697482729e-09 0.6072859626 -8.8332135e-09) (3.588253365e-10 0.7993926205 2.883028477e-10)
3.62              (8.903589409e-09 0.6082013442 -6.662468911e-09) (8.876775439e-10 0.79946157 -5.526995782e-10)
3.625             (9.338708376e-09 0.6091169409 -7.324275269e-09) (5.40228985e-10 0.7995224625 -1.54637263e-10)
3.63              (-1.27959337e-09 0.6100326744 -3.164284191e-10) (1.260468547e-10 0.7995760391 7.570617918e-11)
3.635             (-1.193282415e-09 0.6109485088 -7.782872528e-09) (1.288382918e-10 0.7996230006 2.558722114e-10)
3.64              (9.351120987e-09 0.6118645105 -7.231656583e-09) (1.167096011e-09 0.7996640067 -8.566560892e-10)
3.645             (-1.821826018e-09 0.6127807168 1.701492169e-10) (-7.533960673e-11 0.7996996741 2.65949674e-10)
3.65              (1.15265165e-09 0.6136970984 2.078785601e-09) (-7.987679991e-11 0.7997305766 1.49028313e-10)
3.655             (4.839737098e-09 0.6146136207 -3.604492374e-09) (4.631283968e-10 0.7997572442 -1.989184103e-10)
3.66              (-9.209022416e-09 0.6155302793 5.585086897e-09) (-2.031926664e-10 0.7997801641 3.416780777e-10)
3.665             (-5.541514658e-09 0.6164471029 8.818190187e-09) (-1.406317059e-09 0.7997997817 1.572136097e-09)
3.67              (1.331230748e-09 0.6173641109 1.438852501e-09) (-4.603437589e-11 0.7998165026 1.182535569e-10)
3.675             (-3.197913838e-09 0.618281274 -8.150616345e-10) (-3.680746557e-10 0.7998306927 5.300142161e-10)
3.68              (1.56906864e-09 0.6191985883 3.396458686e-09) (-4.039840114e-10 0.799842682 4.358086056e-10)
3.685             (-5.054651606e-09 0.6201160585 4.628264794e-09) (-1.191116672e-09 0.7998527655 1.181854101e-09)
3.69              (4.60830361e-10 0.6210336767 -3.253325154e-09) (5.365469289e-10 0.7998612058 -4.279842833e-10)
3.695             (6.104597086e-09 0.6219514495 -4.557875887e-09) (5.128866033e-10 0.7998682357 -4.09280964e-10)
3.7               (3.760670828e-09 0.6228693857 -2.162511461e-09) (5.023040315e-10 0.7998740603 -3.854029883e-10)
3.705             (2.425732944e-10 0.6237874754 9.404880628e-10) (3.399958692e-10 0.7998788596 -2.260748753e-10)
3.71              (7.8158199e-09 0.624705702 -1.055163303e-08) (3.618840247e-10 0.7998827903 -3.294098518e-10)
3.715             (2.982022947e-09 0.6256240646 -2.606254505e-09) (4.658892982e-10 0.7998859888 -4.034703455e-10)
3.72              (4.957598668e-10 0.6265425744 1.36937756e-09) (1.036844591e-10 0.7998885728 -5.023596328e-11)
3.725             (2.06205183e-09 0.6274612207 -1.431435116e-09) (7.081668771e-11 0.7998906437 6.516325786e-12)
3.73              (-1.03790623e-08 0.6283799859 7.986397272e-09) (-2.436187696e-10 0.799892288 2.826578077e-10)
3.735             (-3.479086493e-09 0.6292988755 4.519222983e-09) (-4.499513249e-10 0.7998935794 4.968636793e-10)
3.74              (-7.752203061e-10 0.6302178944 6.735406127e-10) (2.402154714e-11 0.7998945806 2.573099426e-11)
3.745             (-1.395143849e-09 0.6311370312 2.730300851e-09) (-8.888632536e-11 0.7998953442 1.377998073e-10)
3.75              (1.441241794e-09 0.6320562728 -5.979491933e-10) (1.673359851e-10 0.7998959146 -1.377962438e-10)
3.755             (6.64338388e-09 0.63297561 -5.269643579e-09) (6.108116115e-10 0.7998963286 -5.700633916e-10)
3.76              (-6.590593285e-09 0.6338950335 6.157653795e-09) (-5.359328706e-10 0.7998966175 5.688778069e-10)
3.765             (1.86170292e-09 0.6348145284 -1.904291942e-09) (1.892368605e-10 0.7998968077 -1.593801301e-10)
3.77              (1.769901333e-09 0.6357340865 1.248625716e-11) (1.095373329e-10 0.7998969204 -7.940031349e-11)
3.775             (-3.646495881e-09 0.6366536994 5.338441439e-09) (-3.260370923e-10 0.7998969718 3.576436666e-10)
3.78              (-7.003453361e-09 0.6375733541 9.419279003e-09) (-6.212885325e-10 0.7998969749 6.497481789e-10)
3.785             (-3.489583293e-09 0.6384930352 5.419056951e-09) (-3.650939116e-10 0.7998969411 3.925169073e-10)
3.79              (2.273157285e-09 0.6394127244 1.596088365e-09) (8.240246548e-11 0.7998968793 -5.764515694e-11)
3.795             (2.185351714e-09 0.6403324008 -1.65789424e-09) (2.695654383e-10 0.7998967971 -2.453223596e-10)
3.8               (1.562444152e-09 0.6412520429 -1.232435307e-09) (2.425331388e-10 0.7998967001 -2.190196036e-10)
3.805             (1.652349853e-09 0.642171628 1.515514208e-09) (3.060964283e-11 0.799896593 -7.676662413e-12)
3.81              (2.963738992e-09 0.6430911325 -3.188504648e-09) (8.031651929e-10 0.7998964797 -7.830694711e-10)
3.815             (-1.745986267e-09 0.6440105341 1.811387386e-09) (-1.130852366e-10 0.799896363 1.314598784e-10)
3.82              (2.057443692e-09 0.6449298104 -2.036135532e-09) (1.209592124e-10 0.7998962454 -1.036564683e-10)
3.825             (4.951233958e-09 0.6458489366 -3.544805893e-09) (2.660104021e-10 0.7998961287 -2.493674909e-10)
3.83              (7.160909304e-12 0.6467678842 3.072114267e-10) (-1.001667588e-11 0.7998960141 2.595353508e-11)
3.835             (-1.699193583e-09 0.6476866223 2.067278235e-09) (-1.288578103e-10 0.7998959028 1.417669855e-10)
3.84              (1.246808378e-09 0.6486051197 1.70444274e-09) (-9.04145165e-12 0.7998957955 2.057171304e-11)
3.845             (-4.241458863e-09 0.6495233436 4.152253235e-09) (-3.337438702e-10 0.7998956928 3.432947988e-10)
3.85              (1.485030531e-09 0.6504412602 -1.424793635e-09) (1.496510845e-10 0.7998955952 -1.412213296e-10)
3.855             (-9.043247929e-10 0.6513588366 1.094681053e-09) (-9.04790772e-11 0.7998955027 9.851104024e-11)
3.86              (1.03820919e-09 0.6522760417 -7.298744182e-10) (9.787807378e-11 0.7998954156 -9.036452043e-11)
3.865             (-3.65167171e-10 0.6531928453 8.098316976e-10) (-5.055604212e-11 0.7998953336 5.745165358e-11)
3.87              (4.827828401e-10 0.6541092166 4.169441991e-11) (2.917311613e-11 0.7998952567 -2.292244995e-11)
3.875             (-1.563767271e-10 0.6550251248 6.561322871e-10) (-3.469301579e-11 0.7998951848 3.947839089e-11)
3.88              (1.833845504e-09 0.6559405395 -1.422015148e-09) (1.543323329e-10 0.7998951175 -1.504887581e-10)
3.885             (-1.368373365e-09 0.6568554319 1.663830137e-09) (-1.401849657e-10 0.7998950547 1.437313996e-10)
3.89              (1.520764548e-09 0.6577697756 -1.299973899e-09) (1.406470264e-10 0.7998949961 -1.373343603e-10)
3.895             (1.017559749e-09 0.6586835479 1.092293582e-09) (3.175792212e-11 0.7998949415 -2.858838082e-11)
3.9               (9.842391901e-10 0.6595967298 1.092870719e-09) (-2.116176489e-11 0.7998948905 2.486623164e-11)
3.905             (-4.066091803e-09 0.6605093051 4.349037867e-09) (-1.651431166e-10 0.7998948429 1.692686676e-10)
3.91              (-5.860618131e-10 0.6614212605 -1.190277393e-10) (-4.768819051e-11 0.7998947985 5.171887093e-11)
3.915             (1.787501676e-10 0.6623325865 -1.007123588e-09) (5.741131084e-11 0.7998947571 -5.36047721e-11)
3.92              (3.655671868e-10 0.6632432789 8.327966993e-10) (-4.069494809e-12 0.7998947185 7.462159134e-12)
3.925             (3.117323269e-10 0.664153339 9.858315774e-10) (-1.382911662e-11 0.7998946826 1.61178026e-11)
3.93              (3.615477872e-10 0.6650627783 2.007483852e-10) (-2.249670172e-11 0.7998946492 2.418141936e-11)
3.935             (-6.492509795e-10 0.6659716001 6.588160028e-10) (6.94526213e-11 0.7998946183 -6.783070448e-11)
3.94              (3.182906617e-10 0.6668798163 1.444633878e-09) (-4.135546392e-11 0.7998945897 4.226705547e-11)
3.945             (-4.580437639e-10 0.6677874569 1.400258107e-10) (-6.336113599e-12 0.7998945634 7.343896092e-12)
3.95              (-1.831675809e-10 0.6686945559 -2.4615671e-10) (6.389567499e-12 0.7998945395 -5.699369891e-12)
3.955             (7.023716591e-11 0.6696011455 -6.593284864e-12) (1.656224803e-12 0.7998945179 -2.340657406e-12)
3.96              (-1.311710311e-10 0.670507262 -2.523807263e-11) (1.329042831e-12 0.7998944985 -2.972160616e-12)
3.965             (-1.660211805e-10 0.6714129493 7.34853186e-11) (-1.264328776e-11 0.7998944815 1.107741531e-11)
3.97              (-4.193150585e-10 0.672318259 -3.248712495e-10) (-1.205408525e-12 0.7998944667 6.746714039e-13)
3.975             (-4.760155219e-10 0.6732232472 -4.260834257e-10) (-8.386047752e-13 0.7998944541 -5.248664367e-15)
3.98              (-1.879559282e-10 0.6741279785 -1.783079342e-10) (8.281955653e-12 0.7998944438 -1.02749848e-11)
3.985             (-1.200905198e-10 0.6750325096 -1.254108214e-10) (1.102495529e-14 0.7998944355 -2.677277961e-12)
3.99              (-1.490935029e-11 0.6759369036 -1.973809676e-11) (-4.024707257e-12 0.7998944293 3.257647667e-13)
3.995             (9.354488513e-11 0.6768412363 -1.234756762e-11) (7.670646639e-12 0.799894425 -1.192288648e-11)
4                 (3.310999613e-11 0.6777455842 -1.545322919e-12) (4.932800125e-13 0.7998944224 -4.651058888e-12)
4.005             (-5.530965556e-11 0.6786500189 2.817510008e-10) (-1.054210171e-11 0.7998944213 8.554448743e-12)
4.01              (-5.364802361e-11 0.6795546112 1.501702681e-10) (-1.104824891e-12 0.7998944217 -1.130996173e-12)
4.015             (4.326032047e-11 0.6804594345 -4.917366e-12) (2.734892032e-12 0.7998944232 -5.177184055e-12)
4.02              (-2.263505537e-10 0.6813645651 -1.950673758e-10) (-9.995239789e-13 0.7998944257 -2.449729281e-12)
4.025             (-4.659665691e-10 0.6822700801 -5.180544873e-10) (-4.827168348e-13 0.7998944289 -3.690977813e-12)
4.03              (-2.250836451e-10 0.683176054 -2.704218062e-10) (-1.605128484e-12 0.7998944328 -2.261986737e-12)
4.035             (-5.755608693e-10 0.6840825557 -5.801125822e-10) (9.342771568e-13 0.7998944372 -4.700519296e-12)
4.04              (-2.322672842e-10 0.684989646 -2.363442218e-10) (-6.363177369e-12 0.799894442 2.545407049e-12)
4.045             (-1.84820584e-10 0.685897379 -1.76081982e-10) (-2.115260783e-12 0.7998944472 -1.513720464e-12)
4.05              (-4.121816574e-10 0.686805806 -4.095043546e-10) (-2.184051881e-12 0.7998944528 -9.503716775e-13)
4.055             (-2.251357482e-10 0.6877149782 -2.098982074e-10) (-6.930878823e-14 0.7998944589 -2.96819964e-12)
4.06              (8.095743942e-12 0.6886249459 1.165540801e-11) (-2.313118896e-12 0.7998944656 -5.383612799e-13)
4.065             (1.589356364e-10 0.6895357588 -8.996137791e-11) (-4.774978252e-11 0.7998944732 4.47685077e-11)
4.07              (-9.109375304e-10 0.6904474468 -9.234207447e-10) (-2.303851713e-12 0.7998944819 -3.267868141e-13)
4.075             (-1.210874526e-09 0.6913600329 -1.202052176e-09) (4.946860153e-13 0.799894492 -3.260062717e-12)
4.08              (-1.805372388e-10 0.692273543 -1.680785562e-10) (-2.345124207e-12 0.7998945039 -1.300498766e-12)
4.085             (6.340375644e-11 0.6931879961 4.499269999e-11) (-1.235150661e-12 0.7998945181 -1.85974789e-12)
4.09              (9.257163962e-11 0.6941034008 7.616766769e-11) (-7.282831823e-13 0.7998945352 -2.24045448e-12)
4.095             (-1.583431392e-09 0.6950197595 -1.678244054e-09) (-6.357899757e-12 0.7998945558 3.916392419e-12)
4.1               (1.867166617e-10 0.6959370709 7.434487669e-11) (-7.448615676e-12 0.7998945805 4.799020639e-12)
4.105             (-2.68670863e-10 0.696855329 -9.745752361e-11) (6.573147234e-12 0.7998946103 -9.344310041e-12)
4.11              (-1.263543991e-10 0.6977745237 -8.779745018e-11) (7.387997937e-12 0.7998946459 -9.899417355e-12)
4.115             (-5.260198543e-10 0.6986946402 -3.661849988e-10) (-2.144206317e-12 0.7998946886 -5.106331158e-13)
4.12              (-4.282867812e-10 0.6996156589 -8.455982124e-10) (2.47903024e-11 0.7998947394 -2.750874138e-11)
4.125             (-3.776306536e-10 0.7005375607 -6.124416253e-10) (-1.300580818e-11 0.7998948 1.080694274e-11)
4.13              (-1.199270825e-09 0.701460311 -7.266808128e-10) (5.585524722e-11 0.7998948718 -5.926134661e-11)
4.135             (-2.444540325e-10 0.7023838755 -1.763161948e-10) (5.880004784e-12 0.7998949569 -8.344934879e-12)
4.14              (3.979664837e-11 0.7033082308 -6.064538449e-11) (-8.79982081e-12 0.7998950575 6.488372395e-12)
4.145             (8.422926301e-11 0.7042333501 1.746698573e-10) (2.731168836e-11 0.7998951762 -2.957713506e-11)
4.15              (1.658763987e-10 0.7051591985 2.387864092e-10) (1.440172162e-11 0.7998953163 -1.656120276e-11)
4.155             (-2.860530602e-10 0.7060857373 -1.873769221e-10) (4.430504632e-11 0.7998954813 -4.712349836e-11)
4.16              (3.800914658e-11 0.70701293 9.963681558e-12) (1.057560175e-11 0.7998956758 -1.272199729e-11)
4.165             (3.119892928e-10 0.7079407422 2.318749956e-10) (-1.753573087e-11 0.799895905 1.559627331e-11)
4.17              (-4.908157449e-10 0.70886914 -1.939637972e-10) (5.472407373e-11 0.799896175 -5.801129936e-11)
4.175             (-2.57668577e-11 0.7097980896 2.858024987e-12) (7.915477287e-12 0.7998964932 -9.879687134e-12)
4.18              (2.138718648e-10 0.7107275577 5.029590204e-12) (-1.254430662e-11 0.7998968684 1.073270446e-11)
4.185             (-3.333101654e-10 0.7116575124 -2.641998035e-11) (-2.745341529e-11 0.7998973106 2.435610983e-11)
4.19              (-1.796925926e-10 0.7125879233 -4.212160919e-10) (7.477347638e-11 0.799897832 -8.097583782e-11)
4.195             (1.529134946e-10 0.7135187613 3.623834284e-10) (7.900514324e-12 0.7998984467 -9.862747789e-12)
4.2               (5.161879579e-10 0.714449999 3.104217867e-10) (-1.094063821e-11 0.7998991713 9.413815006e-12)
4.205             (-1.472373127e-09 0.7153816108 3.017149773e-10) (-9.835225359e-11 0.7999000251 8.869845837e-11)
4.21              (2.931548384e-10 0.7163135723 -2.353061988e-10) (-1.05195143e-11 0.7999010304 8.414699474e-12)
4.215             (-3.448633266e-11 0.7172458615 4.275559026e-10) (1.026473044e-11 0.7999022134 -1.177599929e-11)
4.22              (1.107413475e-09 0.7181784578 -1.227819054e-09) (5.603736443e-11 0.7999036042 -6.912742357e-11)
4.225             (3.312678799e-10 0.7191113426 4.973463045e-10) (9.791051392e-12 0.7999052375 -1.254629018e-11)
4.23              (-5.311798286e-10 0.7200444991 7.487135697e-10) (2.272240068e-11 0.799907153 -4.161249527e-11)
4.235             (8.514970932e-10 0.7209779116 3.507843091e-10) (1.077805494e-11 0.7999093965 -1.464404488e-11)
4.24              (1.791019602e-10 0.7219115664 -9.503580459e-10) (5.13358232e-11 0.7999120199 -8.077329543e-11)
4.245             (1.048584015e-10 0.722845451 2.791745452e-10) (7.514747657e-12 0.7999150826 -1.320521453e-11)
4.25              (-9.170531528e-10 0.7237795543 -1.292875869e-11) (1.259166142e-11 0.7999186518 -5.066474422e-11)
4.255             (1.366158524e-10 0.7247138665 2.234217552e-10) (9.898495853e-12 0.7999228035 -1.77906211e-11)
4.26              (-1.070912998e-09 0.725648379 -3.877546416e-10) (4.701248097e-11 0.7999276235 -9.951666027e-11)
4.265             (2.281462041e-11 0.7265830842 4.241948052e-11) (5.603422368e-12 0.7999332081 -1.70016298e-11)
4.27              (-3.955523244e-10 0.7275179756 -5.005502311e-10) (-4.424969305e-12 0.7999396654 -6.465542187e-11)
4.275             (1.492278354e-10 0.7284530472 2.476683966e-10) (6.754785184e-12 0.7999471161 -2.333875407e-11)
4.28              (-9.042488237e-10 0.7293882943 -4.585527065e-10) (3.407022655e-11 0.7999556945 -1.244324809e-10)
4.285             (-7.713098872e-11 0.7303237123 2.001904831e-10) (1.044608033e-13 0.79996555 -2.464740923e-11)
4.29              (-9.663761635e-10 0.7312592978 1.935670433e-10) (-3.069218481e-11 0.7999768478 -9.078368557e-11)
4.295             (1.948600015e-10 0.7321950473 1.200987214e-10) (4.343761231e-14 0.7999897705 -3.367918439e-11)
4.3               (-1.488796931e-09 0.7331309584 2.599881805e-10) (3.54035608e-12 0.8000045185 -1.606489484e-10)
4.305             (3.729474124e-10 0.7340670287 -2.278641009e-10) (-1.20934477e-11 0.8000213123 -4.245321723e-11)
4.31              (8.086927056e-10 0.7350032564 -1.28953697e-09) (-7.373007298e-11 0.8000403924 -1.537675786e-10)
4.315             (-7.47462297e-11 0.7359396396 7.339059692e-10) (-1.866110196e-11 0.8000620213 -6.187802206e-11)
4.32              (-3.803511745e-10 0.7368761774 -2.466621977e-10) (-8.940209412e-11 0.8000864843 -2.455298047e-10)
4.325             (-5.447401786e-10 0.7378128682 1.134049799e-09) (-5.507371758e-11 0.8001140904 -1.018826081e-10)
4.33              (-6.627879262e-10 0.73874971 -1.661065343e-09) (2.087072014e-10 0.800145169 1.584066753e-10)
4.335             (-1.356203843e-09 0.7396866979 -6.459944508e-10) (1.708992054e-10 0.8001800752 2.020273524e-10)
4.34              (-5.09392591e-10 0.7406238299 -1.37453589e-09) (2.01948847e-10 0.8002191923 1.73470903e-10)
4.345             (-1.03868524e-09 0.7415611119 -7.945502172e-10) (1.937667287e-10 0.8002629305 2.122036645e-10)
4.35              (-5.610628282e-10 0.742498553 -9.88182251e-10) (2.119511307e-10 0.8003117268 1.925096336e-10)
4.355             (-5.775388267e-10 0.7434361589 -6.239614741e-10) (1.966958532e-10 0.8003660449 1.951002611e-10)
4.36              (4.06686449e-10 0.7443739279 -1.971362309e-09) (3.56623156e-10 0.8004263751 2.089793218e-10)
4.365             (1.894937855e-10 0.7453118525 -7.897849403e-11) (1.933792567e-10 0.8004932337 1.73078675e-10)
4.37              (4.309436001e-11 0.7462499242 2.752174189e-10) (1.595103667e-10 0.8005671626 1.816409102e-10)
4.375             (-1.52888067e-09 0.747188137 7.483408252e-10) (2.50208006e-10 0.8006487277 3.458079616e-10)
4.38              (2.573458201e-10 0.7481264881 8.386708201e-10) (1.467931522e-10 0.8007385182 1.863715821e-10)
4.385             (-4.745849018e-09 0.7490649777 9.98336587e-10) (2.646477921e-10 0.8008371449 4.883247391e-10)
4.39              (4.693071162e-10 0.7500036075 1.049956035e-09) (1.659908301e-10 0.8009452381 1.933456057e-10)
4.395             (1.08375541e-09 0.7509423798 7.235757469e-10) (1.784655503e-10 0.8010634456 1.445697485e-10)
4.4               (9.844869057e-10 0.7518812971 -5.684249242e-09) (5.352177247e-10 0.80119243 3.393681077e-10)
4.405             (1.399626155e-09 0.752820361 7.970194426e-10) (2.023151651e-10 0.8013328663 1.607160935e-10)
4.41              (1.180943388e-09 0.7537595721 1.566853502e-09) (1.488008846e-10 0.801485438 1.548338786e-10)
4.415             (-5.924728506e-09 0.754698931 1.401253043e-09) (4.164390856e-10 0.8016508346 5.318382298e-10)
4.42              (1.171582417e-09 0.7556384371 1.811512913e-09) (1.658799726e-10 0.8018297471 1.86288222e-10)
4.425             (2.272791976e-09 0.7565780896 1.248894666e-09) (1.618485863e-10 0.8020228646 1.134904484e-10)
4.43              (1.611007631e-09 0.7575178883 -4.838928752e-09) (5.05731235e-10 0.8022308702 4.597779195e-10)
4.435             (2.544849658e-09 0.7584578331 1.161746425e-09) (1.62836283e-10 0.8024544362 1.429165233e-10)
4.44              (1.094163928e-09 0.7593979235 3.097930398e-09) (1.112636707e-10 0.8026942205 1.133151204e-10)
4.445             (5.741212781e-10 0.7603381598 -3.922070597e-09) (5.253932244e-10 0.8029508614 5.096034936e-10)
4.45              (2.691685664e-09 0.7612785418 1.50231112e-09) (1.413724183e-10 0.8032249734 1.354078327e-10)
4.455             (-1.009629543e-08 0.7622190698 -2.368013156e-08) (1.075976857e-09 0.8035171429 1.021960766e-09)
4.46              (1.880180068e-09 0.7631597425 1.137150341e-09) (1.785417844e-10 0.8038279233 1.694049174e-10)
4.465             (2.822967075e-09 0.7641005598 3.383602042e-09) (7.166122795e-11 0.804157831 8.360161709e-11)
4.47              (2.487883183e-09 0.7650415222 1.503070424e-09) (5.899185865e-11 0.8045073414 5.21468454e-11)
4.475             (-4.324867457e-09 0.7659826298 -7.856577937e-09) (6.036724329e-10 0.8048768846 6.062256148e-10)
4.48              (-4.862450729e-08 0.7669238832 -3.795215702e-08) (1.601985251e-09 0.8052668421 1.51442987e-09)
4.485             (-2.866707763e-10 0.7678652783 -2.029912906e-10) (1.811086242e-10 0.8056775434 1.675545091e-10)
4.49              (2.972796181e-09 0.7688068907 8.591523339e-10) (1.982261873e-11 0.8061092637 3.332311236e-11)
4.495             (-1.200310017e-08 0.7697486156 -1.104598772e-08) (2.379489862e-10 0.8065622202 2.285211405e-10)
4.5               (3.752525099e-08 0.7706903926 2.765298745e-08) (-8.620443947e-11 0.8070365707 1.156816471e-11)
4.505             (1.369740676e-09 0.7716323277 8.448608282e-10) (1.723017198e-10 0.807532412 1.76719397e-10)
4.51              (1.405303389e-08 0.7725744877 1.077648391e-08) (-2.599801677e-10 0.8080497788 -2.37865002e-10)
4.515             (2.108453492e-09 0.7735167988 2.252115743e-09) (-3.548094337e-10 0.8085886438 -3.585010674e-10)
4.52              (4.54406827e-08 0.7744593784 3.396874528e-08) (-9.044192639e-10 0.8091489172 -8.009525799e-10)
4.525             (4.640241865e-10 0.7754019575 4.166129624e-12) (-2.048505491e-10 0.8097304478 -1.933242075e-10)
4.53              (2.47996239e-10 0.7763444769 -2.77398331e-10) (-1.854147931e-10 0.8103330235 -1.842082107e-10)
4.535             (1.898994103e-09 0.777287201 2.639561334e-09) (-2.442193781e-10 0.8109563731 -2.457986113e-10)
4.54              (5.634428443e-09 0.7782302031 8.468696823e-10) (-9.132217181e-10 0.8116001686 -8.72325325e-10)
4.545             (1.929098707e-09 0.7791734079 3.272641973e-09) (-7.075770412e-10 0.8122640276 -7.232566291e-10)
4.55              (4.053856288e-09 0.7801167492 1.458652029e-09) (-8.382788821e-10 0.8129475164 -8.246822965e-10)
4.555             (-1.784063069e-10 0.781059984 -1.351045808e-09) (-6.069905037e-10 0.813650154 -6.079429319e-10)
4.56              (1.889696458e-08 0.7820034352 3.147325125e-09) (4.891329714e-10 0.8143714154 6.397839125e-10)
4.565             (9.436085532e-10 0.7829472738 1.526435547e-09) (1.742089484e-11 0.8151107354 -3.846238169e-11)
4.57              (3.313619647e-09 0.7838912551 2.420690396e-09) (-4.138269044e-10 0.8158675132 -4.168013393e-10)
4.575             (1.887917537e-09 0.7848353056 5.512950355e-09) (-7.131328725e-10 0.8166411173 -7.063640483e-10)
4.58              (2.92721382e-09 0.7857793396 1.168316047e-09) (-7.745741723e-10 0.8174308899 -7.158796683e-10)
4.585             (1.383831425e-09 0.786723504 5.271728624e-09) (-9.140685947e-10 0.8182361519 -9.263829156e-10)
4.59              (3.162433325e-09 0.7876679411 1.03652819e-09) (-9.211741728e-10 0.8190562073 -8.707697677e-10)
4.595             (6.579599301e-10 0.7886125396 3.029477328e-09) (-9.387576754e-10 0.8198903482 -9.439252789e-10)
4.6               (2.895441469e-09 0.7895572172 5.456270673e-10) (-9.678968424e-10 0.8207378594 -9.240331759e-10)
4.605             (-8.884686972e-10 0.7905020175 -1.669006801e-09) (-7.395400408e-10 0.8215980225 -7.121227995e-10)
4.61              (-5.016745036e-09 0.7914470463 -3.024104894e-09) (-2.08735526e-10 0.8224701211 -2.251905903e-10)
4.615             (6.076686293e-09 0.792392211 -7.978967751e-10) (1.599387928e-10 0.8233534442 3.20774513e-10)
4.62              (1.688297256e-09 0.7933374201 3.421462724e-09) (-3.785791368e-10 0.8242472899 -4.694472501e-10)
4.625             (5.596224898e-09 0.7942828146 2.9616865e-09) (-9.834642843e-10 0.8251509696 -9.080290839e-10)
4.63              (2.026095886e-09 0.795228416 5.119519716e-09) (-1.264681249e-09 0.8260638107 -1.292353658e-09)
4.635             (-1.422680982e-09 0.7961739919 -5.021155756e-10) (-7.984357921e-10 0.8269851592 -8.030734216e-10)
4.64              (-2.121730027e-10 0.7971197518 5.068426685e-09) (-1.267211333e-09 0.827914383 -1.371732241e-09)
4.645             (3.167657372e-09 0.7980658198 6.672641099e-10) (-1.309934564e-09 0.828850874 -1.218035313e-09)
4.65              (-1.40790405e-10 0.7990119741 -6.561101115e-09) (-1.499412112e-09 0.8297940489 -1.502291842e-09)
4.655             (1.09966999e-09 0.7999581589 2.268413295e-09) (-1.429303646e-09 0.8307433518 -1.299277352e-09)
4.66              (4.122951549e-09 0.8009045217 1.759058805e-09) (-1.671878522e-09 0.8316982552 -1.768883368e-09)
4.665             (4.591277846e-09 0.8018511051 7.985452915e-09) (-1.891762425e-09 0.8326582606 -1.770244832e-09)
4.67              (1.28196017e-09 0.8027977979 4.310941442e-10) (-1.641283054e-09 0.833622898 -1.670112185e-09)
4.675             (1.013506803e-09 0.8037445624 2.5303716e-09) (-1.891912515e-09 0.8345917266 -1.827716082e-09)
4.68              (-1.091387443e-09 0.804691464 -1.108281176e-09) (-1.37907969e-09 0.8355643348 -1.380071858e-09)
4.685             (3.640985985e-09 0.8056385676 1.437986103e-08) (3.032790701e-10 0.8365403407 7.561785618e-10)
4.69              (-9.908255394e-09 0.8065857918 3.638791735e-09) (-2.268728135e-10 0.8375193906 -4.618677825e-10)
4.695             (2.282020513e-09 0.8075331139 1.563309117e-09) (-9.569702632e-10 0.8385011585 -8.991205432e-10)
4.7               (2.816996353e-09 0.8084806135 4.606978919e-09) (-1.78623236e-09 0.8394853455 -1.743918805e-09)
4.705             (-6.872759904e-10 0.8094282709 -9.634752172e-10) (-1.362936653e-09 0.8404716775 -1.286511739e-09)
4.71              (4.941987827e-10 0.8103760266 4.083178431e-09) (-1.272770685e-09 0.8414599052 -1.386087266e-09)
4.715             (1.693732256e-09 0.8113239068 4.845533544e-10) (-1.31026573e-09 0.8424498027 -1.296838443e-09)
4.72              (-1.002388124e-10 0.8122719556 1.503448536e-09) (-1.42813729e-09 0.8434411657 -1.509747128e-09)
4.725             (2.270969605e-09 0.8132201611 1.287720233e-10) (-1.644919529e-09 0.8444338106 -1.585021525e-09)
4.73              (2.008213911e-10 0.8141684906 2.784364414e-09) (-1.735120961e-09 0.8454275731 -1.841672436e-09)
4.735             (2.465688927e-09 0.8151169385 4.165601397e-10) (-1.907014432e-09 0.8464223063 -1.852904202e-09)
4.74              (-9.988398898e-12 0.8160655199 1.646798651e-09) (-1.770378708e-09 0.84741788 -1.852257579e-09)
4.745             (1.951300792e-09 0.8170142454 8.645060375e-12) (-1.895207029e-09 0.8484141788 -1.841036852e-09)
4.75              (5.545042824e-11 0.8179631153 2.406381748e-09) (-1.895779335e-09 0.8494111012 -2.015996947e-09)
4.755             (1.759176088e-09 0.8189121251 -6.767209069e-12) (-1.955592006e-09 0.850408558 -1.900969202e-09)
4.76              (-4.173976098e-11 0.8198612684 1.954645309e-09) (-1.936957503e-09 0.8514064717 -2.02598486e-09)
4.765             (2.5796264e-09 0.8208105451 1.81673293e-10) (-2.172268873e-09 0.8524047745 -2.07558347e-09)
4.77              (-8.736581105e-11 0.8217599591 1.733600657e-09) (-2.010034186e-09 0.8534034078 -2.108532663e-09)
4.775             (1.589751995e-09 0.8227095086 -1.607250348e-10) (-2.095329872e-09 0.8544023212 -2.038505666e-09)
4.78              (-2.295660206e-11 0.8236591939 2.420730433e-09) (-2.149355625e-09 0.855401471 -2.277245987e-09)
4.785             (1.650600158e-09 0.8246090206 -1.595047243e-10) (-2.203882681e-09 0.8564008199 -2.122044985e-09)
4.79              (-2.923801582e-10 0.8255589832 1.482859244e-09) (-2.119650031e-09 0.857400336 -2.193684921e-09)
4.795             (2.30183916e-09 0.8265090775 -6.22543175e-11) (-2.374188446e-09 0.8583999917 -2.259704619e-09)
4.8               (-2.769068283e-10 0.8274593117 1.526549156e-09) (-2.195707034e-09 0.8593997636 -2.295384405e-09)
4.805             (1.469692421e-09 0.8284096829 -3.183640498e-10) (-2.298356961e-09 0.8603996315 -2.229480598e-09)
4.81              (-1.5532453e-10 0.8293601847 2.145579043e-09) (-2.330592538e-09 0.8613995782 -2.462765722e-09)
4.815             (1.119906376e-09 0.8303108256 -4.503346175e-10) (-2.298121844e-09 0.8623995888 -2.224113786e-09)
4.82              (-3.296317649e-10 0.8312616052 1.699486696e-09) (-2.348443209e-09 0.8633996505 -2.44047268e-09)
4.825             (2.087029087e-09 0.8322125151 -1.437483299e-10) (-2.560647619e-09 0.8643997524 -2.434549902e-09)
4.83              (-7.409472311e-10 0.8331635604 4.358833674e-10) (-2.176561581e-09 0.865399885 -2.237105181e-09)
4.835             (1.899822766e-09 0.8341147437 -3.347419883e-10) (-2.527311771e-09 0.8664000403 -2.407909847e-09)
4.84              (-1.489078942e-10 0.8350660626 2.19244786e-09) (-2.481965092e-09 0.8674002114 -2.631970317e-09)
4.845             (-4.350463288e-10 0.8360175126 -1.06916779e-09) (-2.063236711e-09 0.8684003927 -2.048733687e-09)
4.85              (-7.150675546e-10 0.8369690855 7.988605043e-10) (-1.868117621e-09 0.8694005795 -1.943881789e-09)
4.855             (5.406423348e-10 0.8379208026 -7.84254569e-10) (-1.743150967e-09 0.8704007679 -1.656386983e-09)
4.86              (-8.237084446e-10 0.8388726685 6.53271532e-10) (-1.691070919e-09 0.871400955 -1.773313908e-09)
4.865             (-1.977593341e-10 0.8398246402 -8.678124668e-10) (-1.558883899e-09 0.8724011385 -1.498078187e-09)
4.87              (1.707225647e-09 0.8407767892 8.999045031e-09) (-1.097530843e-09 0.873401317 -1.633500637e-09)
4.875             (-7.341359462e-09 0.8417290849 1.27694627e-09) (-1.575085511e-09 0.8744014894 -1.437024151e-09)
4.88              (-6.743827184e-09 0.8426814604 -1.410478849e-09) (-1.501890777e-09 0.8754016552 -1.457859051e-09)
4.885             (-3.391662093e-09 0.8436339388 -2.561252026e-09) (-1.382718041e-09 0.8764018143 -1.384295333e-09)
4.89              (-4.39443723e-09 0.8445865855 8.176883586e-09) (5.243993781e-10 0.8774019672 -8.955976988e-11)
4.895             (-1.759267593e-09 0.8455393962 -1.322902439e-09) (3.872058469e-11 0.8784021143 4.384369328e-11)
4.9               (3.512658987e-09 0.846492335 -1.013252399e-08) (-5.178710405e-10 0.8794022566 -6.607364971e-10)
4.905             (2.839524005e-09 0.8474453918 -9.486721121e-09) (-9.923491097e-10 0.8804023949 -9.760231351e-10)
4.91              (-6.072814132e-10 0.8483985649 -7.468858102e-10) (-7.344299034e-10 0.8814025305 -6.859305494e-10)
4.915             (-6.4731617e-09 0.8493518911 1.216288808e-09) (-1.204453181e-09 0.8824026642 -1.058578365e-09)
4.92              (-2.567227577e-09 0.8503053411 -6.374974181e-10) (-4.731443918e-10 0.8834027973 -4.300644382e-10)
4.925             (-7.306207098e-09 0.8512589701 1.231412945e-08) (-1.704719499e-10 0.8844029305 8.152758353e-11)
4.93              (-1.167781144e-09 0.8522127307 -3.504209458e-09) (-5.184497542e-10 0.8854030648 -3.508463458e-10)
4.935             (1.573398032e-09 0.8531665587 -8.520805847e-09) (-2.339471535e-10 0.8864032008 -1.140678947e-09)
4.94              (-1.876910379e-09 0.8541205043 -5.849656441e-09) (-9.863799036e-10 0.887403339 -9.740786968e-10)
4.945             (-1.72777943e-09 0.855074612 -5.615742404e-09) (-9.922628607e-10 0.8884034798 -1.090842078e-09)
4.95              (3.745142607e-10 0.8560288714 1.120329952e-09) (-1.274129569e-09 0.8894036233 -1.231293588e-09)
4.955             (-1.222459903e-09 0.8569832283 -1.212151241e-09) (-8.969292639e-10 0.8904037697 -8.757040965e-10)
4.96              (3.935719215e-09 0.8579377622 9.603817603e-09) (-2.503918785e-10 0.8914039189 3.545969435e-10)
4.965             (-9.62980258e-10 0.8588924459 7.965027888e-10) (2.110389877e-10 0.8924040709 3.012101402e-11)
4.97              (-3.896028746e-10 0.8598471475 -2.863341602e-10) (-1.148079276e-10 0.8934042254 -1.936613435e-10)
4.975             (-4.506586817e-09 0.8608020036 -1.600361383e-10) (-9.714650082e-10 0.8944043823 -8.710113767e-10)
4.98              (5.832176444e-09 0.8617570975 8.884252246e-10) (-1.154448502e-09 0.8954045414 -1.008559759e-09)
4.985             (2.044311485e-10 0.8627123027 -1.780708654e-09) (-6.617534862e-10 0.8964047026 -7.150431535e-10)
4.99              (-1.027696817e-08 0.8636675622 1.042278623e-09) (-1.468837679e-09 0.8974048655 -1.215589182e-09)
4.995             (2.454095058e-09 0.8646229354 1.680510523e-10) (-1.552201509e-09 0.8984050299 -1.589502783e-09)
5                 (3.037091679e-10 0.8655784792 -2.355452514e-09) (-9.156813308e-10 0.8994051957 -9.313111593e-10)
5.005             (-4.744165426e-10 0.8664045423 -1.893798643e-09) (-1.246071758e-09 0.9004053625 -1.229277339e-09)
5.01              (-6.606401196e-10 0.8670082096 -8.747396633e-10) (-6.986153677e-10 0.9014055302 -6.945736635e-10)
5.015             (6.3199343e-09 0.867462147 -2.8645454e-09) (-2.402326828e-10 0.9024056983 -3.016594641e-10)
5.02              (1.368529588e-09 0.8678784274 -9.412906583e-09) (3.347972263e-10 0.9034058666 2.564848288e-10)
5.025             (-6.555061446e-09 0.8683023414 -2.976812807e-09) (-6.222406237e-10 0.9044060348 -5.450640453e-10)
5.03              (-6.300955239e-10 0.8687278546 -2.736740105e-09) (5.431581101e-10 0.9054062026 5.503597757e-10)
5.035             (1.206049833e-08 0.8691446425 1.325049769e-08) (-1.545657941e-09 0.9064063698 -1.3726218e-09)
5.04              (-3.924082532e-09 0.8695530123 -4.34486847e-09) (2.357788091e-10 0.9074065362 3.12911351e-10)
5.045             (-4.201591384e-10 0.8699561549 -5.811211254e-09) (-2.036388472e-09 0.9084067014 -2.047208064e-09)
5.05              (4.99442736e-09 0.8703543602 2.340197952e-09) (-1.961927935e-09 0.9094068655 -1.989533787e-09)
5.055             (-6.801140016e-09 0.8707469185 -7.000397623e-09) (1.52590113e-10 0.9104070284 1.601986199e-10)
5.06              (-1.201583958e-09 0.8711341627 -1.334004885e-09) (5.828437592e-11 0.9114071901 3.654635321e-11)
5.065             (2.194951453e-10 0.8715167063 -1.101525954e-10) (-7.818454298e-10 0.9124073509 -7.925709158e-10)
5.07              (1.946779938e-09 0.8718946229 1.5011485e-09) (8.575623486e-10 0.913407511 7.481921327e-10)
5.075             (-2.407827144e-10 0.8722678875 2.977570886e-10) (-6.334907016e-10 0.9144076711 -5.830199237e-10)
5.08              (6.561020486e-09 0.8726367319 4.077536672e-09) (1.616805825e-09 0.9154078319 1.133690519e-09)
5.085             (-1.8233368e-09 0.8730014722 -1.69523906e-09) (-6.955954842e-10 0.9164079942 -6.558266507e-10)
5.09              (-1.298611108e-09 0.8733617531 4.032571588e-10) (-9.810635915e-10 0.9174081594 -7.676740017e-10)
5.095             (-3.492654166e-10 0.8737176526 7.440517931e-10) (-4.118946947e-10 0.9184083291 -3.016169474e-10)
5.1               (-3.198398352e-10 0.8740697444 6.901296336e-11) (1.278535046e-10 0.919408505 1.745238811e-10)
5.105             (-1.06126219e-09 0.8744181978 5.030969112e-10) (4.392230631e-10 0.9204086897 6.699799035e-10)
5.11              (1.408369934e-09 0.8747628372 2.096422513e-09) (5.231604279e-10 0.921408886 5.603604396e-10)
5.115             (3.511849617e-09 0.8751038275 2.475444823e-09) (7.624813885e-10 0.9224090971 5.746789653e-10)
5.12              (2.819695886e-09 0.8754413428 2.749036805e-09) (7.11822051e-10 0.9234093273 7.402412546e-10)
5.125             (3.101686457e-09 0.875775396 3.183344421e-09) (8.579750925e-10 0.9244095813 8.059468142e-10)
5.13              (3.058626138e-09 0.8761061113 3.449471327e-09) (7.830019951e-10 0.9254098646 9.051419409e-10)
5.135             (3.105145723e-09 0.876433684 3.057304438e-09) (7.829778468e-10 0.9264101838 7.470328805e-10)
5.14              (2.992549912e-09 0.8767581992 3.141884526e-09) (6.685580748e-10 0.9274105465 7.813002264e-10)
5.145             (3.247325958e-09 0.8770796585 3.190478357e-09) (7.649611832e-10 0.9284109613 6.840942155e-10)
5.15              (3.170225525e-09 0.8773981048 3.38131087e-09) (6.455868668e-10 0.9294114384 7.612538304e-10)
5.155             (3.197038335e-09 0.877713646 3.189726092e-09) (6.930291321e-10 0.9304119895 5.865687455e-10)
5.16              (3.009268307e-09 0.87802639 3.187675024e-09) (5.266632653e-10 0.9314126279 6.310062842e-10)
5.165             (3.075846857e-09 0.8783364052 3.063752823e-09) (5.96859316e-10 0.9324133688 4.915493292e-10)
5.17              (2.98530793e-09 0.8786437353 3.155053875e-09) (4.598160735e-10 0.9334142297 5.847113925e-10)
5.175             (3.053345831e-09 0.8789484288 3.050901624e-09) (5.416829283e-10 0.9344152304 4.413510268e-10)
5.18              (2.929874998e-09 0.8792505499 3.091753194e-09) (3.879164971e-10 0.9354163935 5.144699971e-10)
5.185             (2.948546974e-09 0.8795501714 2.954384757e-09) (4.632604924e-10 0.9364177447 3.586821189e-10)
5.19              (2.827440954e-09 0.8798473658 2.982124614e-09) (3.038470643e-10 0.9374193128 4.219447105e-10)
5.195             (2.854946993e-09 0.8801421982 2.866525066e-09) (3.715148781e-10 0.9384211307 2.65149492e-10)
5.2               (2.743116517e-09 0.8804347218 2.892570911e-09) (2.139404535e-10 0.9394232353 3.289754498e-10)
5.205             (2.772522277e-09 0.8807249788 2.788854144e-09) (2.737576582e-10 0.9404256679 1.64517532e-10)
5.21              (2.674210742e-09 0.8810130065 2.818325662e-09) (1.002451539e-10 0.9414284754 2.151926297e-10)
5.215             (2.699385053e-09 0.8812988451 2.719269229e-09) (1.285860949e-10 0.9424317097 2.525009527e-11)
5.22              (2.598949145e-09 0.8815825408 2.738827032e-09) (-9.756044513e-11 0.9434354291 1.475315806e-11)
5.225             (2.615723601e-09 0.8818641441 2.64019931e-09) (-1.865965299e-10 0.9444396988 -2.856527557e-10)
5.23              (2.523380316e-09 0.8821437055 2.659911321e-09) (-6.563060404e-10 0.9454445908 -5.554925592e-10)
5.235             (2.005295781e-09 0.8824212712 2.046015643e-09) (-1.080628379e-09 0.9464501855 -1.156371166e-09)
5.24              (9.057847583e-10 0.8826968822 1.003652665e-09) (-2.829517568e-10 0.9474565717 -2.33607984e-10)
5.245             (2.027900119e-09 0.8829705753 2.045863183e-09) (2.280786109e-09 0.9484638475 2.190253098e-09)
5.25              (2.464475768e-09 0.8832423843 2.615751894e-09) (1.555327611e-09 0.9494721212 1.692222876e-09)
5.255             (2.357587912e-09 0.8835123422 2.39724375e-09) (1.686173879e-09 0.9504815116 1.609117068e-09)
5.26              (2.26121855e-09 0.8837804821 2.389589941e-09) (1.306790937e-09 0.9514921495 1.402696466e-09)
5.265             (2.272677226e-09 0.8840468376 2.30965876e-09) (1.327837554e-09 0.9525041776 1.255055928e-09)
5.27              (2.196283689e-09 0.8843114419 2.326402586e-09) (1.138647965e-09 0.953517752 1.23252932e-09)
5.275             (2.211588783e-09 0.8845743278 2.251485553e-09) (1.150881702e-09 0.9545330425 1.079239532e-09)
5.28              (-2.380259038e-10 0.8848355078 4.737221206e-10) (-1.041855179e-09 0.9555502338 1.414319437e-10)
5.285             (1.593574494e-09 0.8850950745 1.728973919e-09) (1.654773703e-09 0.956569526 1.781886943e-09)
5.29              (2.197367793e-09 0.8853530212 2.319880319e-09) (1.686832396e-09 0.957591135 1.710632085e-09)
5.295             (2.177757139e-09 0.8856093137 2.301153992e-09) (3.117171795e-10 0.958615294 2.82338757e-10)
5.3               (1.470337636e-09 0.8858640227 1.626364331e-09) (2.270397253e-09 0.9596422534 2.24099901e-09)
5.305             (1.688020815e-09 0.8861172295 1.773581003e-09) (1.259111135e-09 0.960672282 1.141442209e-09)
5.31              (-7.137430427e-10 0.886368935 1.681729228e-10) (-1.780705288e-09 0.9617056669 -5.85913723e-10)
5.315             (1.334628891e-09 0.8866191556 1.493497607e-09) (1.117652957e-09 0.9627427144 1.089251867e-09)
5.32              (2.117361666e-09 0.886867877 2.226343411e-09) (1.543759269e-09 0.9637837503 1.331791784e-09)
5.325             (1.987375627e-09 0.8871151117 2.090522555e-09) (6.293022841e-11 0.9648291196 -4.364111811e-11)
5.33              (1.885287016e-09 0.8873609373 1.978018284e-09) (-1.531389136e-09 0.9658791876 -1.619651747e-09)
5.335             (1.713677375e-09 0.8876054054 1.735318103e-09) (1.229753601e-09 0.9669343388 1.119214732e-09)
5.34              (1.678812324e-09 0.8878485047 1.76748755e-09) (1.478794051e-09 0.9679949776 1.417716573e-09)
5.345             (1.808010828e-09 0.8880902223 1.844689801e-09) (-3.741858834e-11 0.9690615272 -1.205263974e-10)
5.35              (-2.815187364e-10 0.8883305699 2.778028735e-10) (-4.091155385e-09 0.9701344298 -3.921581472e-09)
5.355             (3.752940001e-10 0.8885696499 4.056097111e-10) (2.929328838e-09 0.9712141452 2.886759947e-09)
5.36              (1.641621221e-09 0.8888074654 1.730419082e-09) (4.815914372e-09 0.9723011496 4.742883356e-09)
5.365             (1.8455377e-09 0.8890439381 1.953894009e-09) (3.2906829e-09 0.9733959341 3.282483797e-09)
5.37              (7.213419988e-11 0.8892790677 5.032703721e-10) (2.296239052e-09 0.974499003 2.206909213e-09)
5.375             (1.225925344e-09 0.8895130512 1.223466964e-09) (4.049305208e-09 0.9756108701 4.111217477e-09)
5.38              (1.607053799e-09 0.889745899 1.595408373e-09) (2.490446884e-09 0.9767320548 2.467884946e-09)
5.385             (1.749031673e-09 0.8899774777 1.784408673e-09) (1.801623209e-09 0.9778630762 1.813686532e-09)
5.39              (-4.645408231e-10 0.8902077647 2.164945033e-11) (-1.705216254e-09 0.9790044449 -2.187622185e-09)
5.395             (2.854638363e-10 0.8904369515 2.98115116e-10) (1.332508765e-09 0.9801566512 1.458810394e-09)
5.4               (6.543653103e-10 0.8906650734 7.616725558e-10) (6.564297612e-09 0.9813201496 6.491576989e-09)
5.405             (1.611075469e-09 0.8908919984 1.624176826e-09) (6.113071881e-09 0.9824953367 6.138507933e-09)
5.41              (4.715349116e-10 0.8911176807 8.261207735e-10) (-4.933906642e-09 0.9836825232 -5.366087044e-09)
5.415             (3.123947874e-10 0.8913422997 2.733762008e-10) (-5.67369236e-09 0.9848818976 -5.631136198e-09)
5.42              (3.975076216e-10 0.8915659264 5.293376657e-10) (-5.976628609e-09 0.9860934791 -6.120643028e-09)
5.425             (7.405295869e-10 0.8917884336 5.892718289e-10) (-4.18596462e-09 0.9873170621 -3.928021543e-09)
5.43              (5.088548791e-10 0.8920098163 6.800496556e-10) (-3.60199438e-09 0.9885521507 -3.827915952e-09)
5.435             (4.509029336e-10 0.8922301593 3.749922079e-10) (-3.559631506e-09 0.9897978867 -3.429663253e-09)
5.44              (3.598749005e-10 0.8924494696 5.295638642e-10) (-2.73950401e-09 0.9910529726 -2.95283683e-09)
5.445             (4.331073137e-10 0.8926677483 3.322503568e-10) (-2.551528684e-09 0.9923155968 -2.363985509e-09)
5.45              (1.171127507e-08 0.8928850132 1.17118784e-08) (8.112047524e-09 0.9935833729 7.990198239e-09)
5.455             (1.145208876e-11 0.8931012574 6.729282387e-11) (1.115716759e-09 0.9948532891 1.083824705e-09)
5.46              (-1.607267695e-09 0.8933165022 -1.513868121e-09) (5.537384233e-09 0.9961216897 5.529217754e-09)
5.465             (5.720932284e-09 0.8935307946 5.816804391e-09) (-1.900516423e-09 0.9973843009 -1.929311953e-09)
5.47              (4.410656756e-09 0.8937441384 4.424743064e-09) (-2.416297409e-09 0.9986363045 -2.528473113e-09)
5.475             (2.659218234e-09 0.8939565088 2.568891828e-09) (-1.276012253e-09 0.9998724663 -1.237745452e-09)
5.48              (2.842163081e-09 0.8941679127 2.835258689e-09) (1.085349853e-09 1.001087323 1.097388165e-09)
5.485             (2.320401534e-09 0.8943783847 2.504020939e-09) (2.443968987e-09 1.002275421 2.509226057e-09)
5.49              (2.070121714e-09 0.8945879451 2.49053866e-09) (2.294561077e-09 1.003431594 2.220124293e-09)
5.495             (2.23994032e-09 0.8947965932 2.8800497e-09) (1.409826595e-09 1.004551265 1.224157969e-09)
5.5               (1.939737963e-09 0.8950043312 2.662545925e-09) (6.835889474e-10 1.00563074 5.365681792e-10)
5.505             (1.880502978e-09 0.8952111731 2.943244913e-09) (-4.723034619e-10 1.006667462 -5.83418513e-10)
5.51              (3.030696171e-09 0.8954171337 3.53723076e-09) (-1.053966321e-09 1.00766029 -1.033955529e-09)
5.515             (5.654659566e-09 0.8956222222 4.943033402e-09) (-6.836490004e-10 1.00860949 -4.382360446e-10)
5.52              (6.528035827e-09 0.8958264457 4.615030117e-09) (2.645854239e-09 1.009516836 2.530936714e-09)
5.525             (1.636956984e-09 0.8960298138 -7.287069679e-10) (-3.706887069e-10 1.010385538 -2.582949621e-10)
5.53              (8.385961895e-10 0.8962323364 -9.841704013e-10) (1.462813348e-10 1.011220016 -4.662786553e-12)
5.535             (3.18008234e-09 0.8964340211 2.878308346e-09) (8.530126558e-09 1.012025589 8.61280162e-09)
5.54              (1.160851001e-08 0.8966348826 1.320550901e-08) (1.348477569e-08 1.012808225 1.358666453e-08)
5.545             (-1.242089729e-09 0.89683492 9.499657673e-10) (-3.802527304e-09 1.013574176 -3.260163165e-09)
5.55              (6.124023124e-09 0.8970341331 2.13509184e-09) (-1.110884059e-08 1.014329562 -1.461927568e-08)
5.555             (8.724766695e-09 0.8972325715 5.573054394e-09) (1.527477217e-08 1.015080062 1.549018058e-08)
5.56              (7.369178514e-09 0.8974302358 1.098145315e-08) (4.5944886e-08 1.015830691 4.536972379e-08)
5.565             (1.117146037e-08 0.8976270747 1.580568769e-08) (3.839540541e-08 1.016585643 3.964677291e-08)
5.57              (6.741207255e-09 0.8978231101 7.721356393e-09) (1.157186419e-08 1.017348231 1.080074468e-08)
5.575             (2.496029054e-09 0.8980183909 -1.171452201e-09) (1.069442588e-09 1.018120901 9.464419372e-10)
5.58              (3.069487237e-09 0.8982129137 -2.300360033e-09) (1.460564503e-09 1.018905283 1.010495929e-09)
5.585             (5.779874693e-09 0.8984066785 7.943508589e-10) (9.155954938e-09 1.019702296 1.003073803e-08)
5.59              (3.142319248e-09 0.8985997094 2.56664922e-09) (9.068449965e-09 1.020512298 8.961361173e-09)
5.595             (3.612860746e-10 0.8987920129 4.59315522e-09) (4.021160016e-09 1.02133524 4.44502038e-09)
5.6               (1.805132625e-09 0.8989835767 9.667039532e-09) (1.326543198e-08 1.022170791 1.132769637e-08)
5.605             (9.153729322e-09 0.8991743979 1.505210753e-08) (1.663167587e-08 1.023018457 1.819823491e-08)
5.61              (6.610761462e-09 0.8993645205 7.28404271e-09) (-1.667950057e-09 1.023877651 -2.528524679e-09)
5.615             (-4.298765595e-09 0.8995539512 8.646074386e-10) (-1.453563238e-08 1.024747757 -1.427441745e-08)
5.62              (5.969829017e-09 0.8997426522 -2.348745451e-09) (-1.064656291e-08 1.025628155 -1.041737855e-08)
5.625             (7.911149748e-09 0.8999306414 8.638576808e-09) (7.000623277e-09 1.026518244 8.721901789e-09)
5.63              (5.338207978e-09 0.9001179578 8.232646247e-09) (8.154802877e-10 1.027417442 -1.170416911e-09)
5.635             (9.396918446e-09 0.9003045993 4.242470228e-09) (1.192803526e-08 1.028325188 1.205571676e-08)
5.64              (1.00284245e-08 0.9004905637 5.24824802e-09) (3.074298809e-09 1.029240944 1.488597526e-09)
5.645             (8.48117236e-09 0.9006758644 7.701912127e-09) (2.775667948e-09 1.030164188 3.37170632e-09)
5.65              (7.259447431e-09 0.9008605075 9.241040926e-09) (3.160727433e-09 1.031094414 1.872098958e-09)
5.655             (7.273076361e-09 0.9010444996 8.806309939e-09) (1.591822303e-09 1.032031136 2.41959072e-09)
5.66              (7.468277698e-09 0.9012278524 7.907686895e-09) (2.27380881e-09 1.032973884 1.073681193e-09)
5.665             (7.937970502e-09 0.9014105714 7.280448687e-09) (1.445652892e-09 1.033922209 2.190277125e-09)
5.67              (7.678966264e-09 0.9015926641 7.275357201e-09) (1.784343587e-09 1.034875679 4.950865279e-10)
5.675             (7.215278574e-09 0.9017741416 7.02983954e-09) (2.543987616e-10 1.035833886 1.0609161e-09)
5.68              (6.779375637e-09 0.9019550108 7.103121727e-09) (1.322503114e-09 1.036796443 1.496618349e-10)
5.685             (6.670146506e-09 0.902135279 6.768034282e-09) (-1.601749249e-10 1.037762981 6.740603438e-10)
5.69              (6.038163024e-09 0.902314957 6.193932939e-09) (5.180021899e-10 1.038733157 -5.9523201e-10)
5.695             (5.218029447e-09 0.9024940529 5.122337662e-09) (-1.031860049e-10 1.039706644 5.106641091e-10)
5.7               (8.626137643e-09 0.9026725759 8.743589607e-09) (2.042672101e-09 1.040683136 3.167953831e-10)
5.705             (5.386658604e-09 0.9028505376 5.308390965e-09) (-1.947005831e-10 1.04166235 5.207956482e-10)
5.71              (2.926633874e-09 0.9030279481 3.016208687e-09) (4.318550117e-09 1.042644019 3.907823102e-09)
5.715             (5.007502125e-09 0.903204818 4.996824865e-09) (2.18547532e-09 1.043627897 3.007598274e-09)
5.72              (6.924145275e-09 0.9033811601 7.165398552e-09) (5.669935145e-10 1.044613755 -1.777953084e-09)
5.725             (4.882470106e-09 0.903556986 4.832718495e-09) (-3.295747613e-10 1.045601385 4.922780611e-10)
5.73              (4.618865809e-09 0.9037323078 4.702719901e-09) (1.331177045e-09 1.046590593 -7.697301913e-11)
5.735             (6.370037697e-09 0.9039071399 6.266724838e-09) (-1.68520965e-09 1.047581203 -3.96447807e-10)
5.74              (4.347141637e-09 0.9040814962 4.462274675e-09) (8.999720135e-10 1.048573057 -6.872189359e-10)
5.745             (4.722947749e-09 0.9042553901 4.680257973e-09) (-6.570094616e-10 1.049566009 8.438828615e-10)
5.75              (4.051862679e-09 0.9044288372 4.170542543e-09) (9.721655199e-10 1.050559928 -4.359322915e-11)
5.755             (5.394678976e-09 0.9046018532 5.311785146e-09) (-2.059091315e-09 1.051554697 3.535815399e-10)
5.76              (3.781812345e-09 0.904774454 3.885361531e-09) (9.938071468e-10 1.05255021 -3.927330878e-10)
5.765             (4.917881427e-09 0.9049466561 4.853944903e-09) (-1.909202447e-09 1.053546373 5.171099999e-10)
5.77              (3.516177541e-09 0.9051184772 3.61638953e-09) (1.474736627e-09 1.054543102 -2.70299947e-10)
5.775             (3.245213087e-09 0.9052899347 3.217140655e-09) (3.095734695e-10 1.055540323 2.272395846e-09)
5.78              (3.22332868e-09 0.9054610469 3.33262569e-09) (2.435071219e-09 1.05653797 1.588190985e-09)
5.785             (3.142646421e-09 0.905631833 3.105107257e-09) (1.083190982e-09 1.057535984 2.982647333e-09)
5.79              (3.006408734e-09 0.9058023124 3.112495628e-09) (2.923522188e-09 1.058534314 1.388275718e-09)
5.795             (2.979601172e-09 0.9059725053 2.947479615e-09) (1.55548379e-09 1.059532916 2.921549077e-09)
5.8               (2.841636761e-09 0.9061424324 2.94537985e-09) (3.196574496e-09 1.060531749 1.482245368e-09)
5.805             (2.848851932e-09 0.9063121144 2.817618938e-09) (1.803643502e-09 1.06153078 3.075101886e-09)
5.81              (2.722489832e-09 0.9064815727 2.823999058e-09) (3.411933244e-09 1.062529979 1.67866077e-09)
5.815             (2.737023686e-09 0.9066508287 2.707351399e-09) (2.040954145e-09 1.063529319 3.237789178e-09)
5.82              (2.629887855e-09 0.906819904 2.728617579e-09) (3.58402277e-09 1.064528779 1.86279517e-09)
5.825             (2.649753516e-09 0.90698882 2.621229962e-09) (2.227216422e-09 1.065528337 3.397016465e-09)
5.83              (2.547087773e-09 0.9071575983 2.642330445e-09) (3.727116835e-09 1.066527978 2.070033232e-09)
5.835             (2.573530101e-09 0.9073262601 2.546101016e-09) (2.406522931e-09 1.067527688 3.561634516e-09)
5.84              (2.479175888e-09 0.9074948262 2.570600933e-09) (3.85310609e-09 1.068527453 2.262744231e-09)
5.845             (2.503132273e-09 0.9076633169 2.476751504e-09) (2.561285905e-09 1.069527263 3.706227253e-09)
5.85              (2.414774532e-09 0.9078317522 2.502342717e-09) (3.977399142e-09 1.070527109 2.443331166e-09)
5.855             (2.437114708e-09 0.9080001509 2.411659767e-09) (2.733988989e-09 1.071526984 3.833698481e-09)
5.86              (2.336738706e-09 0.9081685315 2.41935942e-09) (4.087926854e-09 1.07252688 2.616861766e-09)
5.865             (2.353023852e-09 0.9083369113 2.329062274e-09) (2.892438426e-09 1.073526794 3.938956414e-09)
5.87              (2.273347675e-09 0.9085053062 2.351985082e-09) (4.182068204e-09 1.074526719 2.768479915e-09)
5.875             (1.970558002e-09 0.9086737308 1.954257417e-09) (2.650149739e-09 1.075526653 3.479748245e-09)
5.88              (1.787531501e-09 0.9088421985 1.856171528e-09) (3.405706901e-09 1.076526593 2.333232794e-09)
5.885             (1.569893704e-09 0.9090107199 1.55897468e-09) (2.239594282e-09 1.077526536 2.926745587e-09)
5.89              (1.324156908e-09 0.9091793064 1.382392334e-09) (2.681366728e-09 1.07852648 1.841150696e-09)
5.895             (1.271753635e-09 0.9093479672 1.263543524e-09) (1.699124353e-09 1.079526424 2.274074722e-09)
5.9               (1.195478337e-09 0.9095167079 1.253008532e-09) (2.205632044e-09 1.080526366 1.372622579e-09)
5.905             (9.710408583e-10 0.909685533 9.726369616e-10) (1.417846113e-09 1.081526307 1.752519804e-09)
5.91              (6.345663156e-10 0.9098544424 6.683170877e-10) (1.495017225e-09 1.082526245 1.164686751e-09)
5.915             (4.517128212e-10 0.9100234314 4.702165126e-10) (1.08771418e-09 1.083526179 1.063436781e-09)
5.92              (8.822696092e-10 0.9101924932 1.115337537e-09) (1.521003395e-09 1.084526111 -2.987061287e-09)
5.925             (-8.86495654e-11 0.9103616227 -2.056565505e-11) (8.655136249e-11 1.085526039 2.029724079e-10)
5.93              (-2.7170861e-10 0.9105308137 -2.492736141e-10) (3.003881095e-10 1.086525963 4.272820181e-10)
5.935             (-3.003691335e-10 0.9107000571 -2.41704029e-10) (1.062349403e-09 1.087525885 -2.986947673e-10)
5.94              (-5.346968601e-10 0.9108693402 -6.008176547e-10) (-2.639900036e-09 1.088525804 1.026582831e-09)
5.945             (-8.047064958e-10 0.9110386492 -7.650138014e-10) (-2.822496382e-10 1.08952572 3.933500859e-12)
5.95              (-6.539340258e-10 0.9112079635 -5.872847255e-10) (6.204657648e-10 1.090525633 -8.104962619e-10)
5.955             (-1.023732584e-09 0.911377256 -1.019722379e-09) (-1.500912443e-09 1.091525545 -4.277333559e-10)
5.96              (-4.202834788e-10 0.9115465022 -4.25756506e-10) (-7.621145857e-10 1.092525454 1.175962928e-10)
5.965             (-1.359486882e-09 0.9117156759 -1.340059327e-09) (-1.504997315e-09 1.093525361 -7.453159903e-10)
5.97              (-6.546893455e-10 0.9118847467 -5.422439185e-10) (1.112246127e-09 1.094525266 -3.996737805e-09)
5.975             (2.77081852e-10 0.9120536848 2.79068088e-10) (-2.333853272e-10 1.09552517 -5.074974197e-10)
5.98              (9.577627309e-10 0.912222459 9.760799692e-10) (5.997230946e-10 1.096525072 -1.080081247e-10)
5.985             (1.803517676e-09 0.9123910342 1.714917981e-09) (-2.714411547e-10 1.097524973 1.509133234e-09)
5.99              (2.584545794e-09 0.9125593744 2.6900734e-09) (2.006664059e-09 1.098524872 -2.374420695e-10)
5.995             (3.582263851e-09 0.912727443 3.465987928e-09) (2.192878742e-10 1.099524769 2.172265344e-09)
6                 (4.251976382e-09 0.9128952017 4.370118305e-09) (2.65029112e-09 1.100524665 3.594929944e-10)
6.005             (5.08460756e-09 0.913062612 4.947803153e-09) (6.938394896e-10 1.101524558 2.88334254e-09)
6.01              (2.398547484e-09 0.9132296435 2.313443219e-09) (1.597649599e-09 1.102524449 1.313954046e-09)
6.015             (2.317036305e-09 0.9133962563 2.487896988e-09) (9.55742441e-10 1.103524337 1.272759502e-09)
6.02              (4.577379042e-09 0.9135623978 4.235547231e-09) (3.922853287e-09 1.104524222 -1.645499131e-09)
6.025             (5.111820186e-09 0.9137280244 5.167696159e-09) (8.51685284e-10 1.105524104 2.449541532e-09)
6.03              (5.271424743e-09 0.9138931045 5.172469031e-09) (2.689590273e-09 1.10652398 1.081692239e-09)
6.035             (5.678221927e-09 0.9140576144 5.722105119e-09) (1.133491638e-09 1.107523852 3.045993285e-09)
6.04              (4.670562199e-09 0.9142215261 4.587694194e-09) (2.823081776e-09 1.108523718 1.107003561e-09)
6.045             (3.230693296e-09 0.9143848006 3.226063535e-09) (1.472510604e-09 1.109523577 2.028614528e-09)
6.05              (1.878572547e-09 0.9145474024 1.854337458e-09) (1.468077971e-09 1.110523429 1.301853917e-09)
6.055             (-3.431576776e-11 0.9147093025 -1.053240895e-10) (2.122244999e-09 1.111523271 -3.274993971e-10)
6.06              (3.512477787e-09 0.914870499 3.479908741e-09) (-1.285905302e-10 1.112523104 1.793780142e-09)
6.065             (3.066451602e-09 0.9150309607 3.100404982e-09) (7.160608584e-10 1.113522924 8.521202913e-11)
6.07              (2.336583316e-09 0.9151906348 2.323632045e-09) (-3.941710889e-10 1.11452273 4.306693344e-10)
6.075             (4.369019055e-09 0.9153494571 4.4171096e-09) (1.401257187e-09 1.115522521 1.102509913e-10)
6.08              (2.867365267e-09 0.9155074459 2.851724083e-09) (-4.057653297e-10 1.116522293 7.195784174e-10)
6.085             (-4.342961584e-09 0.915664625 -4.385091941e-09) (-2.016663949e-09 1.117522044 -1.18841046e-09)
6.09              (2.658544857e-09 0.9158209629 2.62452543e-09) (-1.025521568e-09 1.118521771 -9.016478678e-10)
6.095             (3.344418238e-09 0.9159764155 3.313819338e-09) (-9.598581677e-10 1.11952147 -3.228341517e-10)
6.1               (-1.93879425e-10 0.916130978 -1.860096161e-10) (-1.45112257e-10 1.120521137 -1.088401499e-09)
6.105             (1.332809853e-09 0.9162846672 1.299136782e-09) (-8.951233909e-10 1.121520767 4.963717292e-10)
6.11              (1.464802307e-09 0.9164374851 1.46538902e-09) (1.909025357e-10 1.122520354 -3.204711883e-10)
6.115             (1.733868356e-09 0.9165894145 1.711594528e-09) (-3.000066394e-10 1.123519892 4.563095687e-10)
6.12              (1.843765651e-09 0.9167404382 1.854792457e-09) (5.787192403e-10 1.124519374 -2.946897544e-10)
6.125             (1.899644312e-09 0.9168905548 1.879545505e-09) (-2.172412073e-10 1.125518791 5.233942566e-10)
6.13              (1.753343046e-09 0.9170397777 1.75691879e-09) (3.553011149e-10 1.126518134 -8.433664147e-11)
6.135             (1.42643404e-09 0.9171881384 1.421133081e-09) (5.817135168e-11 1.127517392 9.660074495e-11)
6.14              (6.276931633e-10 0.9173356436 7.03403801e-10) (1.408606029e-09 1.128516553 -2.530504824e-09)
6.145             (2.016833958e-10 0.9174823032 2.44529589e-10) (1.347709265e-10 1.129515602 -3.208508128e-10)
6.15              (8.070209464e-11 0.9176281414 4.374781157e-11) (-6.260534674e-10 1.130514525 4.83096998e-10)
6.155             (-7.950595491e-10 0.9177731756 -8.272873676e-10) (-9.438445747e-10 1.131513304 -2.815767209e-10)
6.16              (-1.147937084e-09 0.9179174171 -1.169415307e-09) (-3.117128606e-10 1.132511918 -1.436434122e-09)
6.165             (-1.441440283e-09 0.9180608813 -1.429887642e-09) (2.35711687e-10 1.133510344 -1.652767817e-09)
6.17              (-3.418689005e-10 0.9182035875 -2.190674642e-10) (1.403359374e-09 1.134508559 -2.404464329e-09)
6.175             (-2.357623062e-09 0.9183455564 -2.296726889e-09) (5.420471303e-11 1.135506533 -1.79830328e-09)
6.18              (3.004247795e-09 0.9184867955 3.028318771e-09) (8.216377909e-10 1.136504235 -2.834365598e-10)
6.185             (7.114504357e-10 0.9186273387 6.989997082e-10) (-1.335341943e-09 1.13750163 -1.013350477e-09)
6.19              (1.050334113e-09 0.9187672133 1.068723879e-09) (-1.009234889e-09 1.138498677 -1.551116639e-09)
6.195             (-2.83164455e-10 0.9189064182 -2.835176478e-10) (-2.236583599e-10 1.139495335 -5.35491166e-10)
6.2               (2.776058824e-09 0.9190449652 2.822026582e-09) (-1.442129987e-10 1.140491554 -1.656472947e-09)
6.205             (-1.027156379e-09 0.9191829726 -1.038497118e-09) (-1.166717028e-09 1.141487281 -1.157680846e-09)
6.21              (-1.249659423e-09 0.91932027 -1.26135947e-09) (-2.266956639e-10 1.142482458 -1.223155342e-11)
6.215             (-1.869810791e-09 0.9194568499 -1.993610382e-09) (-2.821985118e-09 1.143477017 -2.371896593e-10)
6.22              (-3.331702743e-09 0.9195929957 -3.357442482e-09) (-6.52991028e-10 1.144470889 2.501281175e-10)
6.225             (3.82103703e-10 0.9197287293 3.701726479e-10) (5.011513403e-11 1.145463994 -7.63110429e-11)
6.23              (-2.561867817e-09 0.9198638507 -2.406509344e-09) (1.614827877e-10 1.146456244 -2.291257277e-09)
6.235             (-2.404259723e-09 0.9199983306 -2.4081203e-09) (2.05679722e-10 1.147447546 -3.948325914e-10)
6.24              (-1.263420513e-09 0.9201323507 -1.355463258e-09) (-3.656539666e-10 1.148437795 4.749630323e-10)
6.245             (-2.112538114e-10 0.9202659609 -3.587019957e-11) (7.750706868e-10 1.149426879 -3.379963215e-09)
6.25              (-2.954912654e-09 0.920399098 -2.957617325e-09) (7.577709377e-13 1.150414674 -2.158497656e-10)
6.255             (-1.7156082e-09 0.920531748 -1.750725953e-09) (-1.04896598e-10 1.151401047 1.111388491e-10)
6.26              (-6.445312234e-10 0.9206639517 -6.596199057e-10) (3.389293711e-10 1.152385853 -2.044014485e-10)
6.265             (-9.632875991e-09 0.9207957432 -9.704932434e-09) (-6.911983593e-10 1.153368934 -6.374483618e-10)
6.27              (-1.387511449e-08 0.9209271263 -1.388790061e-08) (4.224457962e-10 1.154350122 -2.004264487e-09)
6.275             (6.568427984e-08 0.9210581012 6.525742879e-08) (-8.000011681e-09 1.155329233 2.057196151e-09)
6.28              (2.01912916e-07 0.9211886805 2.019606469e-07) (-4.731197992e-09 1.15630607 -5.057823736e-09)
6.285             (2.607896545e-07 0.9213188785 2.607132238e-07) (-4.305404649e-09 1.15728042 -5.272971175e-09)
6.29              (-5.011844297e-08 0.9214487059 -4.996653678e-08) (2.064524328e-09 1.158252056 -1.16275072e-09)
6.295             (5.28500795e-09 0.9215781604 4.937475909e-09) (-2.56815166e-09 1.159220733 1.246268696e-09)
6.3               (-1.35977532e-08 0.9217072559 -1.349692277e-08) (1.558860965e-09 1.160186187 -6.929512266e-10)
6.305             (-1.626929109e-08 0.9218360005 -1.654928418e-08) (-5.990882447e-10 1.161148135 2.197790464e-09)
6.31              (-1.114686357e-08 0.9219644006 -1.096789927e-08) (2.467569192e-09 1.162106273 -9.504006154e-10)
6.315             (-1.323789772e-08 0.9220924619 -1.355567089e-08) (-7.674738782e-10 1.163060276 2.670582736e-09)
6.32              (-1.833417709e-09 0.922220224 -2.072035102e-09) (5.242214748e-10 1.16400979 1.302760854e-09)
6.325             (-1.364423195e-09 0.922347692 -1.44683528e-09) (1.450106742e-09 1.164954437 4.134988539e-10)
6.33              (-5.137970565e-10 0.9224748042 -3.11726274e-10) (1.395951046e-09 1.165893809 -2.101484587e-09)
6.335             (-7.735652856e-09 0.9226015226 -8.174227967e-09) (-9.532585182e-10 1.16682746 2.204508462e-09)
6.34              (-1.022297672e-09 0.922727917 -1.404786767e-09) (9.522854081e-10 1.167754912 8.890341312e-10)
6.345             (-1.820182167e-10 0.9228540628 -2.927051777e-10) (1.492336383e-09 1.168675643 4.220858275e-10)
6.35              (-5.859430203e-10 0.9229799365 -4.742503737e-10) (-7.367380159e-12 1.169589082 2.086327205e-09)
6.355             (-1.949798262e-11 0.9231054737 6.290808565e-10) (5.415356919e-10 1.170494608 1.488709938e-09)
6.36              (-4.254552816e-10 0.9232306678 1.181041651e-09) (2.3782353e-09 1.171391541 -1.769002385e-10)
6.365             (6.11638595e-10 0.9233555636 1.090412001e-09) (1.505848256e-09 1.172279133 4.249801863e-10)
6.37              (1.416758471e-09 0.9234801861 2.532905387e-10) (6.138655799e-10 1.173156566 1.335215206e-09)
6.375             (2.651161438e-09 0.9236045185 -3.206795906e-10) (4.951720736e-10 1.174022938 1.644846175e-09)
6.38              (3.256731399e-09 0.9237285423 -2.060284251e-10) (1.170545743e-09 1.17487726 8.230337432e-10)
6.385             (2.82438422e-09 0.9238522652 3.463151655e-10) (1.697419061e-09 1.175718445 1.938592384e-10)
6.39              (2.224782499e-09 0.9239757068 1.157650141e-09) (1.734625973e-09 1.176545302 1.50626104e-10)
6.395             (1.615804985e-09 0.9240988743 1.972502347e-09) (1.485201482e-09 1.177356527 3.258767739e-10)
6.4               (4.833275929e-10 0.9242217617 -2.904296395e-10) (-4.050277239e-11 1.178150698 3.33168096e-10)
6.405             (1.541585272e-09 0.9243443622 6.982537344e-10) (1.564291492e-10 1.178926271 1.032058298e-09)
6.41              (-2.704622737e-10 0.9244666765 -7.086982995e-11) (3.804687254e-10 1.179681577 -3.774677165e-10)
6.415             (1.795883673e-10 0.9245887081 2.206828677e-09) (1.198141181e-10 1.18041482 1.043825313e-09)
6.42              (4.765154859e-10 0.9247104608 -5.885554432e-10) (4.044168697e-10 1.181124082 -3.306627438e-10)
6.425             (2.444546554e-09 0.9248319362 8.282758901e-11) (4.714252075e-10 1.181807328 4.435924305e-10)
6.43              (-1.681847591e-11 0.9249531358 2.43617032e-10) (1.455453198e-10 1.182462418 1.66819221e-10)
6.435             (2.877747473e-10 0.925074062 1.332005259e-09) (-1.170522578e-11 1.183087116 -3.208793681e-11)
6.44              (8.128420929e-10 0.9251947184 -3.27114939e-10) (3.728644509e-10 1.183679115 -4.568674288e-10)
6.445             (-1.56259326e-09 0.9253151038 7.019432534e-10) (-6.99551666e-10 1.184236054 5.113126092e-10)
6.45              (-4.044646246e-12 0.92543521 4.932797749e-10) (-2.415833529e-10 1.18475555 -1.307617538e-10)
6.455             (-1.256173111e-09 0.9255550365 4.034825038e-10) (-6.062861518e-10 1.185235226 3.952380321e-10)
6.46              (4.874664052e-10 0.9256745937 -1.309662066e-09) (3.513375365e-10 1.185672746 -5.650419736e-10)
6.465             (1.391228077e-09 0.9257938897 -2.323467902e-10) (2.974281104e-10 1.186065854 -3.598126529e-10)
6.47              (-9.663315134e-11 0.9259129243 6.815992088e-11) (1.794748579e-12 1.186412412 4.178917556e-11)
6.475             (9.863286368e-11 0.9260316961 1.656782584e-10) (9.442483691e-11 1.186710441 3.864555956e-11)
6.48              (4.393852117e-11 0.9261502049 1.402716682e-10) (1.328270086e-10 1.186958157 2.056591518e-11)
6.485             (9.849667583e-14 0.926268448 2.92663711e-10) (4.456627082e-11 1.187154012 1.323180899e-10)
6.49              (-7.242662622e-11 0.9263864229 3.554267311e-10) (-2.137887598e-11 1.18729673 1.819422067e-10)
6.495             (3.22881734e-10 0.9265041303 -1.531193985e-10) (8.160209035e-11 1.187385332 -4.776737802e-12)
6.5               (-4.130060428e-11 0.9266215745 2.139007985e-10) (4.307943667e-11 1.187419164 8.314696509e-12)
6.505             (2.520101247e-10 0.9267387606 -9.755316833e-11) (1.569205205e-11 1.187397914 1.933653902e-11)
6.51              (6.955544212e-10 0.926855692 -6.202345933e-10) (8.33697355e-11 1.187321625 -3.256323973e-11)
6.515             (2.413717617e-10 0.9269723685 7.560025792e-12) (6.712868349e-11 1.187190692 4.076116467e-11)
6.52              (-6.587587287e-10 0.927088788 8.607934575e-10) (-1.966919485e-11 1.18700586 8.779371718e-11)
6.525             (-1.17940198e-10 0.9272049505 3.290443927e-10) (2.295397175e-11 1.186768207 9.038966492e-11)
6.53              (1.527549953e-09 0.9273208587 -1.281672694e-09) (6.271976145e-11 1.186479124 1.456401835e-11)
6.535             (5.547000324e-10 0.9274365141 -3.796473127e-10) (7.813691831e-11 1.186140289 7.927866521e-11)
6.54              (-4.273813129e-10 0.9275519155 4.488792164e-10) (2.754498414e-11 1.185753625 5.497976387e-11)
6.545             (1.48408696e-09 0.9276670624 -1.121274286e-09) (6.749453706e-11 1.185321268 2.75503176e-11)
6.55              (2.222445977e-10 0.9277819555 -4.294561178e-10) (3.42032675e-11 1.184845517 -3.039688737e-11)
6.555             (4.03160733e-09 0.9278965978 -4.129561075e-09) (-2.636279888e-10 1.184328796 1.239446965e-10)
6.56              (-4.22300475e-09 0.9280109928 3.246804473e-09) (-1.07794758e-10 1.183773605 -2.662134174e-10)
6.565             (3.30808344e-09 0.9281251413 -4.444945657e-09) (6.162955174e-11 1.183182479 -2.656179797e-10)
6.57              (-4.720929037e-09 0.9282390422 3.557413318e-09) (-2.372270823e-10 1.182557946 9.418220812e-11)
6.575             (3.598172101e-09 0.928352697 -4.852706523e-09) (4.262935112e-11 1.181902489 -2.016235942e-10)
6.58              (-4.38048233e-09 0.928466109 3.043217115e-09) (-1.807785826e-10 1.181218518 3.366119408e-11)
6.585             (2.437301842e-09 0.9285792796 -3.80361459e-09) (4.728265413e-11 1.180508338 -1.677315465e-10)
6.59              (-3.658741819e-09 0.9286922069 2.333978586e-09) (-1.973910508e-10 1.179774134 1.045787981e-10)
6.595             (2.321934575e-09 0.928804889 -3.620857525e-09) (9.010888088e-11 1.179017947 -1.68321118e-10)
6.6               (-3.524238359e-09 0.9289173267 2.219341422e-09) (-1.616758148e-10 1.178241674 9.524179126e-11)
6.605             (2.057526379e-09 0.9290295224 -3.370100981e-09) (8.06883826e-11 1.177447056 -1.334532474e-10)
6.61              (-3.180167251e-09 0.9291414781 1.88365977e-09) (-1.164797978e-10 1.176635684 8.275818532e-11)
6.615             (1.747019432e-09 0.9292531948 -3.02368314e-09) (7.021380561e-11 1.175808996 -8.367572977e-11)
6.62              (8.13333523e-09 0.9293646732 -3.27049441e-09) (9.494365693e-10 1.174968293 6.050635425e-10)
6.625             (-5.701723527e-09 0.9294759147 4.87640155e-09) (-1.045171365e-10 1.17411474 1.50553873e-10)
6.63              (8.739516457e-11 0.9295869199 3.437695229e-09) (6.093287949e-10 1.173249386 5.355872297e-10)
6.635             (-4.599068563e-09 0.9296976902 3.625289556e-09) (-1.892881375e-10 1.172373167 1.372238175e-10)
6.64              (-4.749373576e-09 0.9298082257 9.020903666e-09) (3.28566357e-10 1.171486927 9.715172821e-10)
6.645             (5.823514756e-09 0.9299185277 -6.61136384e-09) (3.415935977e-10 1.170591423 -3.402512582e-10)
6.65              (3.604920155e-09 0.9300285964 6.980013535e-11) (5.264352145e-10 1.169687341 6.59260818e-10)
6.655             (5.548576913e-09 0.9301384332 -6.488525752e-09) (4.691015262e-10 1.168775304 -4.271654918e-10)
6.66              (9.029243691e-09 0.9302480383 -4.867631187e-09) (1.041968088e-09 1.167855881 3.538246201e-10)
6.665             (-1.776541328e-09 0.9303574131 1.473549341e-09) (3.000633578e-10 1.166929598 -1.834394026e-10)
6.67              (-8.121238652e-09 0.930466558 1.277160205e-08) (-5.911994466e-11 1.16599694 1.533802402e-09)
6.675             (4.092773336e-09 0.9305754743 -5.099659979e-09) (2.856989796e-10 1.16505836 -9.091574809e-11)
6.68              (3.722917339e-09 0.9306841623 2.467639065e-10) (2.225447838e-10 1.164114283 1.099307462e-09)
6.685             (2.599013953e-09 0.9307926233 -2.750631256e-09) (2.828118264e-10 1.163165105 -2.318687033e-10)
6.69              (-2.580122523e-09 0.9309008578 2.182359183e-09) (-3.876711263e-10 1.162211204 4.25600988e-10)
6.695             (3.954215612e-09 0.9310088666 -4.028738643e-09) (5.746179504e-10 1.161252934 -4.369270957e-10)
6.7               (-5.385415836e-09 0.9311166504 5.040384139e-09) (-6.109703836e-10 1.160290629 7.012997646e-10)
6.705             (5.410356915e-09 0.9312242099 -5.90267812e-09) (7.184773684e-10 1.159324607 -6.071325331e-10)
6.71              (1.201748173e-08 0.9313315455 -5.823826016e-09) (2.166237486e-09 1.158355166 -1.68137477e-10)
6.715             (-3.892118109e-09 0.9314386583 1.934454378e-09) (-1.038700168e-09 1.15738259 2.267943881e-10)
6.72              (-1.30352715e-08 0.9315455482 1.724738536e-08) (-2.054143419e-09 1.156407142 3.086922071e-09)
6.725             (3.860153874e-09 0.9316522167 -4.861075071e-09) (4.832946256e-10 1.155429072 -9.176946637e-10)
6.73              (1.0202794e-08 0.9317586636 -6.1293508e-09) (1.938020488e-09 1.154448613 -8.856173573e-10)
6.735             (-1.951081817e-09 0.9318648898 1.550348006e-09) (-4.409750912e-10 1.153465984 4.013246442e-10)
6.74              (-9.565648615e-09 0.9319708949 1.475884414e-08) (-1.590369993e-09 1.152481386 3.288256383e-09)
6.745             (4.249576433e-09 0.9320766794 -4.812604711e-09) (1.04842581e-09 1.151495009 -8.950567041e-10)
6.75              (3.727225022e-09 0.9321822426 8.592105666e-10) (1.338560193e-09 1.150507027 2.85853644e-10)
6.755             (3.222087458e-09 0.9322875844 -3.051613757e-09) (6.539628417e-10 1.149517601 -4.97346975e-10)
6.76              (-4.788383994e-09 0.9323927039 4.756164553e-09) (-4.087190202e-10 1.148526878 7.136890887e-10)
6.765             (5.854276073e-09 0.9324975999 -5.608378508e-09) (9.494550105e-10 1.147534994 -4.940850757e-10)
6.77              (-7.580241708e-09 0.932602271 7.282951577e-09) (-7.732285988e-10 1.146542074 1.176286715e-09)
6.775             (-6.602251231e-09 0.9327067144 1.382544095e-08) (-1.725033948e-10 1.14554823 2.875477572e-09)
6.78              (-2.192166657e-11 0.9328109275 -1.817488789e-09) (3.615254009e-10 1.144553566 -1.002085434e-09)
6.785             (1.600996235e-08 0.9329149058 -1.218632445e-08) (3.432362138e-09 1.143558175 -1.914824024e-09)
6.79              (-6.54472844e-09 0.9330186448 4.291902585e-09) (-1.1792375e-09 1.14256214 7.890899424e-10)
6.795             (-3.873214043e-09 0.9331221378 7.102700644e-09) (-7.948249895e-10 1.141565538 2.035205151e-09)
6.8               (-1.381034434e-09 0.9332253774 4.657186231e-10) (1.594880185e-10 1.140568438 -8.701379372e-11)
6.805             (-3.294968441e-09 0.9333283535 2.073443004e-09) (-8.41559404e-10 1.1395709 9.815842825e-10)
6.81              (3.393117625e-09 0.9334310542 -4.331124475e-09) (1.444747544e-09 1.138572978 -1.083098502e-09)
6.815             (6.575305122e-09 0.9335334649 3.084555945e-10) (2.274404136e-09 1.137574723 5.382214623e-10)
6.82              (1.131734909e-09 0.933635569 -2.190866658e-09) (9.720237259e-10 1.136576177 -1.583014971e-09)
6.825             (1.230122014e-08 0.9337373454 -6.081158257e-09) (3.655955862e-09 1.135577379 -7.392020497e-10)
6.83              (-1.373748382e-08 0.9338387711 1.059974179e-08) (-2.078752918e-09 1.134578363 1.26465561e-09)
6.835             (-9.884053723e-09 0.933939818 1.456527585e-08) (-1.369711221e-09 1.133579159 3.103129604e-09)
6.84              (-2.817386538e-10 0.9340404546 -2.088596984e-09) (-6.039409028e-10 1.132579793 -1.007898535e-09)
6.845             (1.986685771e-08 0.9341406436 -1.452457726e-08) (3.913055486e-09 1.131580288 -1.937825069e-09)
6.85              (-9.323414274e-09 0.9342403438 7.947549115e-09) (-1.362415535e-09 1.130580665 1.223450214e-09)
6.855             (-6.607835257e-09 0.9343395077 1.17369228e-08) (-3.913172777e-10 1.129580941 2.768157993e-09)
6.86              (-1.196114944e-08 0.9344380836 1.027806691e-08) (-9.951717408e-10 1.128581131 6.785577768e-10)
6.865             (-9.153265042e-09 0.9345360128 1.484817243e-08) (1.584239482e-09 1.127581249 1.283385769e-09)
6.87              (4.069140238e-09 0.9346332326 -7.639265832e-09) (-1.054223511e-09 1.126581305 -7.606205566e-11)
6.875             (6.067284793e-09 0.9347296732 -5.223984069e-11) (2.723514607e-09 1.12558131 -5.688433695e-10)
6.88              (-9.669721814e-09 0.9348252608 1.801254797e-08) (3.86768272e-09 1.12458127 -1.132616811e-09)
6.885             (-2.169776698e-08 0.9349199167 3.071607619e-08) (3.466080234e-09 1.123581194 -8.012256547e-11)
6.89              (-8.681603822e-09 0.9350135587 1.734519963e-08) (1.812991283e-09 1.122581087 1.620598798e-09)
6.895             (1.372914518e-08 0.9351061019 -5.243395974e-09) (-8.47437775e-10 1.121580954 4.358817201e-09)
6.9               (2.041757075e-08 0.9351974596 -1.182142335e-08) (-1.897097825e-09 1.120580799 5.55084923e-09)
6.905             (2.359872743e-08 0.9352875451 -1.51383812e-08) (-1.644785124e-09 1.119580625 5.362360349e-09)
6.91              (2.929080996e-08 0.9353762733 -2.064845141e-08) (1.084808067e-10 1.118580436 3.626723221e-09)
6.915             (2.896779776e-08 0.9354635619 -2.032009928e-08) (2.03976364e-09 1.117580234 1.757105812e-09)
6.92              (3.052297497e-08 0.9355493327 -2.168271165e-08) (3.973199152e-09 1.116580021 -1.08539006e-10)
6.925             (2.020046065e-08 0.9356335153 -1.188368906e-08) (3.063186156e-09 1.115579798 7.87014399e-10)
6.93              (-2.152824668e-10 0.9357160493 9.608807256e-10) (1.855963975e-09 1.114579567 -1.070683693e-09)
6.935             (-8.476296099e-09 0.935796886 1.42491124e-08) (2.39731919e-09 1.11357933 1.027269775e-09)
6.94              (-1.126977939e-08 0.9358759913 1.742774314e-08) (5.851573775e-10 1.112579086 2.762978227e-09)
6.945             (-1.138656011e-08 0.9359533464 1.776622525e-08) (-7.360905463e-10 1.111578838 4.2646596e-09)
6.95              (-9.591123408e-09 0.9360289501 1.559299076e-08) (3.116392361e-10 1.110578586 3.293932879e-09)
6.955             (9.527675531e-09 0.9361028213 -1.097011196e-08) (-4.133947476e-10 1.10957833 7.888850313e-10)
6.96              (2.234958521e-08 0.9361749998 -1.638223268e-08) (1.953363225e-09 1.108578071 9.56275727e-10)
6.965             (2.598748734e-08 0.936245548 -1.890779738e-08) (3.03047101e-09 1.10757781 2.010718306e-11)
6.97              (1.824060792e-08 0.9363145495 -1.199402041e-08) (3.366676061e-09 1.106577547 -8.454340169e-11)
6.975             (9.814216598e-09 0.9363821091 -4.223928892e-09) (2.974718427e-09 1.105577282 4.132084665e-10)
6.98              (5.861798035e-10 0.9364483304 9.59793799e-11) (1.268279882e-09 1.104577015 9.973436716e-10)
6.985             (-6.559402215e-09 0.9365133526 1.169311149e-08) (3.482635813e-10 1.103576747 2.978119816e-09)
6.99              (-5.406001111e-09 0.9365774191 1.077069018e-08) (1.132810746e-09 1.102576477 2.036329716e-09)
6.995             (2.613350263e-09 0.9366407386 2.140100112e-09) (3.814277401e-09 1.101576206 -3.995420717e-10)
7                 (1.823795814e-08 0.9367034141 -1.304879404e-08) (3.702881298e-09 1.100575933 -5.112315418e-10)
7.005             (1.901370235e-08 0.9367655913 -1.313537989e-08) (2.997221279e-09 1.099575658 7.851892551e-10)
7.01              (1.767440796e-08 0.9368275278 -1.257278833e-08) (2.243037604e-09 1.098575381 1.404692336e-09)
7.015             (1.526491108e-08 0.9368894863 -1.006767459e-08) (2.468483412e-09 1.097575101 1.733219125e-09)
7.02              (-8.400601415e-09 0.9369516564 6.047041099e-09) (-1.970054093e-10 1.096574817 1.069847445e-09)
7.025             (2.506820143e-09 0.9370141975 -3.733556554e-09) (1.429360922e-09 1.095574528 8.20746734e-10)
7.03              (-4.952411969e-09 0.937077305 2.279816054e-09) (1.100253606e-09 1.094574234 1.423142286e-09)
7.035             (3.16856918e-09 0.9371411902 -7.292877398e-09) (1.687812806e-09 1.093573933 9.404604072e-10)
7.04              (-5.824806437e-09 0.937206026 2.170901757e-09) (1.19390536e-09 1.092573622 1.877464127e-09)
7.045             (2.513105421e-09 0.9372719406 -4.614895748e-09) (2.117630868e-09 1.091573301 1.725665049e-09)
7.05              (-2.918133828e-09 0.9373390427 2.282869032e-09) (2.12761378e-09 1.090572967 2.504288792e-09)
7.055             (-3.059055509e-09 0.9374074271 5.484318433e-09) (1.38347546e-09 1.089572617 1.444443048e-09)
7.06              (1.013536161e-09 0.9374771697 1.49761894e-10) (1.704688402e-09 1.088572248 2.079351598e-09)
7.065             (-2.199101838e-11 0.9375483148 1.556362103e-09) (2.481988214e-09 1.087571857 2.077815545e-09)
7.07              (1.692635936e-09 0.9376208824 -3.438614962e-10) (2.556730856e-09 1.086571438 2.712924446e-09)
7.075             (-3.18722744e-10 0.9376948782 1.344940417e-09) (3.042681884e-09 1.085570989 2.699264476e-09)
7.08              (1.446139422e-09 0.9377702901 -2.023469472e-10) (3.029094597e-09 1.084570502 3.205347169e-09)
7.085             (6.43275039e-10 0.9378470822 8.028053633e-10) (2.350043266e-09 1.083569973 2.262039662e-09)
7.09              (6.3032328e-10 0.9379251967 6.220935957e-10) (1.444268761e-09 1.082569394 1.393867087e-09)
7.095             (1.428704146e-10 0.9380045595 8.988693971e-10) (2.348368753e-09 1.081568758 2.207768161e-09)
7.1               (9.204079008e-10 0.9380850852 1.376358558e-10) (2.823188905e-09 1.080568055 2.920050155e-09)
7.105             (1.682919482e-09 0.9381666794 -5.470071418e-10) (1.414313131e-09 1.079567276 1.686195568e-09)
7.11              (-3.802510835e-09 0.9382492416 3.602894541e-09) (-2.275531903e-10 1.078566409 -1.308708593e-09)
7.115             (5.743739262e-12 0.938332669 1.054679854e-09) (-8.95359606e-10 1.077565443 -8.261941414e-10)
7.12              (1.684848627e-09 0.9384168605 -5.005199191e-10) (-1.223690377e-09 1.076564362 -8.941028489e-10)
7.125             (4.232227812e-10 0.9385017169 -2.37385049e-10) (-1.680120908e-09 1.07556315 -1.729711489e-09)
7.13              (9.729766601e-10 0.9385871421 -1.082676323e-09) (-2.533115235e-09 1.074561791 -1.927313416e-09)
7.135             (4.704154638e-10 0.9386730437 1.086960859e-10) (4.547448003e-10 1.073560265 4.223599312e-10)
7.14              (-1.31064204e-10 0.938759335 8.339898962e-10) (-1.145231435e-10 1.072558549 -5.989120949e-10)
7.145             (-4.611496796e-10 0.9388459355 1.18380398e-09) (-7.530544546e-10 1.071556619 -1.651189334e-09)
7.15              (2.545265303e-11 0.9389327724 4.827888182e-10) (7.433293516e-10 1.070554447 6.79382529e-10)
7.155             (4.974562277e-10 0.9390197786 1.917616841e-10) (1.532688221e-09 1.069552005 1.252318066e-09)
7.16              (-4.611354328e-10 0.9391068982 4.484665317e-10) (-2.018760143e-09 1.068549258 5.082524205e-10)
7.165             (-1.875091286e-10 0.9391940827 5.89555866e-10) (-6.526309547e-10 1.067546169 1.00988246e-09)
7.17              (2.285550123e-10 0.9392812879 4.652021663e-10) (4.374246608e-10 1.066542699 9.148554954e-10)
7.175             (3.453623031e-10 0.9393684765 3.346700275e-10) (1.696295786e-09 1.065538803 5.142027328e-10)
7.18              (-1.23317321e-10 0.9394556194 -7.157538421e-11) (-2.318603357e-09 1.064534433 1.973370476e-09)
7.185             (4.058706827e-11 0.9395426919 3.938400069e-12) (4.644306062e-10 1.063529535 2.487617466e-09)
7.19              (-1.268604996e-10 0.9396296726 -7.024638734e-11) (-4.023041505e-09 1.062524051 3.575368258e-09)
7.195             (2.282635657e-11 0.939716544 6.446464592e-11) (6.67180058e-10 1.061517917 2.71740521e-09)
7.2               (1.191185726e-10 0.9398032941 1.510859979e-10) (4.363566337e-09 1.060511064 7.546254841e-10)
7.205             (3.513699344e-12 0.9398899144 2.199720638e-10) (5.192593394e-09 1.059503417 1.680757427e-09)
7.21              (-3.62095155e-10 0.9399763976 7.369644188e-10) (2.28884857e-09 1.058494895 -8.133936248e-10)
7.215             (-1.051965383e-11 0.9400627382 2.433842012e-10) (1.557580697e-09 1.057485409 1.90678973e-09)
7.22              (3.006427669e-10 0.9401489324 -1.137901931e-10) (2.176980949e-09 1.056474864 3.300220549e-09)
7.225             (2.037120191e-10 0.9402349766 1.931551546e-10) (2.437394735e-09 1.055463158 2.900444296e-09)
7.23              (7.651436235e-10 0.9403208697 -9.730623685e-10) (-6.482817758e-10 1.054450181 -3.187076297e-10)
7.235             (2.443462339e-10 0.9404066126 -1.757630056e-10) (8.802737698e-10 1.053435816 8.5956689e-10)
7.24              (-9.527741814e-11 0.9404922039 3.545087889e-10) (2.849175812e-09 1.052419938 2.7021049e-09)
7.245             (3.892096755e-10 0.9405776405 -4.966720302e-10) (8.573771041e-10 1.051402413 5.776103379e-10)
7.25              (3.667299467e-10 0.9406629213 -2.42073581e-10) (1.726298654e-09 1.0503831 1.449949838e-09)
7.255             (1.019842343e-10 0.9407480468 3.35817002e-10) (2.123673426e-09 1.04936185 2.113625337e-09)
7.26              (8.044538088e-11 0.9408330182 3.158443294e-10) (1.911329687e-09 1.048338505 1.577015033e-09)
7.265             (-1.260422702e-10 0.9409178385 -1.726323326e-11) (-1.342653302e-09 1.047312901 -2.705397862e-10)
7.27              (4.650983434e-11 0.9410025095 2.502550148e-11) (8.733148714e-10 1.046284867 1.145126773e-09)
7.275             (3.288418407e-10 0.9410870279 -1.506622231e-11) (4.434524593e-09 1.045254223 3.11007981e-09)
7.28              (1.769918452e-10 0.9411713909 5.199690747e-11) (4.304931335e-09 1.044220786 3.415868803e-09)
7.285             (1.109713187e-11 0.9412555997 1.95424868e-10) (4.116979559e-09 1.043184366 4.132352447e-09)
7.29              (2.949517296e-11 0.9413396573 1.697901133e-10) (4.183533895e-09 1.042144771 4.156624467e-09)
7.295             (-1.712576254e-11 0.9414235646 -7.391994398e-11) (9.449212071e-10 1.041101804 1.088072875e-09)
7.3               (-2.782948833e-10 0.9415073211 1.836656118e-10) (-9.341122239e-10 1.040055271 -2.433427349e-09)
7.305             (1.651009084e-11 0.9415909263 1.653788836e-10) (1.016197706e-09 1.039004977 3.494628996e-10)
7.31              (2.897758239e-10 0.9416743805 -4.742138175e-11) (2.461064794e-09 1.037950728 3.3220258e-09)
7.315             (2.655014727e-10 0.941757684 -5.641239582e-11) (3.287959049e-09 1.036892341 4.288306777e-09)
7.32              (-1.642024989e-10 0.9418408371 4.064434538e-11) (2.787580509e-10 1.035829637 9.487129893e-11)
7.325             (-1.360501256e-11 0.94192384 1.177920364e-10) (1.474835914e-09 1.034762452 1.393951672e-09)
7.33              (4.030366184e-10 0.9420066929 -7.150849828e-11) (3.668859888e-09 1.033690634 4.407637863e-09)
7.335             (1.763685068e-10 0.9420893959 3.125606077e-11) (4.047739039e-09 1.032614052 4.414415865e-09)
7.34              (1.086896538e-11 0.9421719494 1.669371099e-10) (4.316728967e-09 1.031532596 4.203966987e-09)
7.345             (-4.945391016e-11 0.9422543537 3.128792816e-10) (5.30277747e-09 1.030446184 4.844997913e-09)
7.35              (3.645930386e-11 0.942336609 1.836785163e-10) (4.651461317e-09 1.029354763 4.547535812e-09)
7.355             (3.337117066e-10 0.9424187158 -8.11077542e-11) (5.056115472e-09 1.028258316 5.801297898e-09)
7.36              (1.724363864e-10 0.9425006743 3.56645479e-11) (4.691317349e-09 1.027156867 4.99521759e-09)
7.365             (2.360492547e-11 0.9425824849 1.724006918e-10) (5.036976707e-09 1.026050482 4.870812144e-09)
7.37              (-2.561484686e-11 0.942664148 2.809326448e-10) (5.716875573e-09 1.024939276 5.33300008e-09)
7.375             (2.711489267e-11 0.9427456638 2.006260855e-10) (5.390096719e-09 1.023823414 5.227442082e-09)
7.38              (-2.431074264e-10 0.9428270329 1.796572793e-11) (4.016480624e-09 1.022703121 3.503744629e-09)
7.385             (-3.158288763e-11 0.9429082555 1.080579328e-10) (4.00887101e-09 1.021578676 3.67005334e-09)
7.39              (5.083744613e-10 0.9429893319 -8.680794192e-12) (5.035970439e-09 1.020450423 6.102424139e-09)
7.395             (1.574541193e-10 0.9430702626 7.197618773e-11) (5.570688165e-09 1.019318766 5.62526326e-09)
7.4               (3.676293038e-11 0.9431510482 9.30849347e-11) (6.275637922e-09 1.018184176 6.130971258e-09)
7.405             (1.822118906e-10 0.9432316883 1.284885458e-10) (3.742043744e-09 1.017047187 4.016896215e-09)
7.41              (2.432133117e-10 0.9433121828 1.475125886e-10) (2.031130529e-09 1.015908396 2.443205389e-09)
7.415             (6.648709148e-10 0.9433925348 -9.066638378e-11) (3.284111416e-09 1.01476846 6.393438365e-09)
7.42              (1.52566306e-10 0.9434727469 5.80620472e-11) (2.635274612e-09 1.013628096 2.538628312e-09)
7.425             (2.310424921e-11 0.9435528169 8.179523988e-11) (3.198041671e-09 1.012488069 2.454172747e-09)
7.43              (3.214180674e-10 0.9436327417 -5.071981586e-11) (2.703985094e-09 1.011349196 3.81902854e-09)
7.435             (1.824459168e-10 0.9437125221 3.204539098e-11) (3.189557254e-09 1.010212329 3.327887631e-09)
7.44              (1.459234654e-10 0.9437921604 1.345378729e-10) (3.937206346e-09 1.009078356 3.290529268e-09)
7.445             (-1.112467953e-10 0.9438716581 -1.029073053e-10) (1.721499463e-09 1.007948181 3.198644349e-09)
7.45              (4.183471847e-11 0.943951016 5.555222443e-11) (1.747980704e-09 1.006822723 3.146797298e-09)
7.455             (2.475736595e-10 0.9440302334 2.348349618e-10) (-3.139079994e-09 1.005702897 -1.400728019e-09)
7.46              (2.678710953e-10 0.9441093096 2.203565539e-10) (-3.587022216e-09 1.004589606 -1.137418047e-09)
7.465             (2.530001558e-10 0.9441882459 1.95965561e-10) (-1.030759265e-09 1.003483728 3.590219368e-09)
7.47              (-2.085112311e-10 0.944267044 -1.071767528e-10) (1.446587559e-08 1.002386101 -2.346076477e-09)
7.475             (-1.424933295e-11 0.9443457041 -1.062991089e-11) (6.724207898e-09 1.001297511 5.699115466e-09)
7.48              (8.815167501e-11 0.9444242242 3.008365046e-11) (-1.496530131e-09 1.000218681 4.228010579e-09)
7.485             (-7.150757115e-10 0.9445026025 -1.148685154e-10) (2.367732082e-10 0.9991502567 -1.627983875e-10)
7.49              (5.812687837e-11 0.9445808402 -3.396560086e-10) (-3.100083238e-10 0.9980927962 -2.972884295e-09)
7.495             (1.00054879e-10 0.9446589417 -5.344800453e-12) (-3.453859539e-10 0.9970467614 -1.100077493e-09)
7.5               (-1.679561031e-12 0.9447369092 1.985490176e-11) (-1.794148652e-10 0.9960125095 -6.474754609e-10)
7.505             (1.335265307e-09 0.9448147396 1.450995583e-09) (3.319425655e-09 0.9949902844 -1.265549352e-09)
7.51              (9.348349436e-11 0.9448924284 1.031232442e-10) (1.060950929e-09 0.993980222 5.120565974e-10)
7.515             (7.17898624e-11 0.9449699764 2.113157322e-11) (-7.304708701e-10 0.9929823339 -9.861072637e-10)
7.52              (-9.588140228e-10 0.9450473811 -1.062428469e-09) (-1.049453391e-08 0.9919965155 -3.787574246e-09)
7.525             (2.97097814e-10 0.9451246457 3.385861315e-10) (-5.67684129e-10 0.9910225483 -6.343778921e-09)
7.53              (-5.215226368e-11 0.94520178 -9.226133111e-11) (-7.046832815e-09 0.990060088 -3.382715984e-09)
7.535             (2.086213104e-10 0.9452787833 1.945735951e-10) (-4.303172085e-09 0.9891086667 -8.554524374e-09)
7.54              (4.129432709e-11 0.9453556469 -1.948946848e-11) (-1.00756744e-08 0.9881677151 -4.731713687e-09)
7.545             (6.134862522e-11 0.9454323846 -9.303814958e-11) (2.809185197e-09 0.9872365605 2.531108307e-09)
7.55              (-3.91835907e-10 0.9455089923 -2.607223182e-11) (-2.72527724e-12 0.9863144498 -2.013051395e-09)
7.555             (-4.155892368e-10 0.9455854515 2.466837913e-10) (-5.070281915e-09 0.9854005701 -4.35106361e-09)
7.56              (-5.811800259e-10 0.9456617623 -3.768425519e-10) (-6.863468972e-09 0.984494056 -8.161231562e-09)
7.565             (5.93851932e-10 0.9457379341 -4.412096526e-10) (-8.707066233e-10 0.9835940015 -1.173589811e-08)
7.57              (-5.903662246e-10 0.9458139691 -5.678740332e-10) (-7.796313038e-09 0.9826994736 -4.852335929e-09)
7.575             (2.062958554e-10 0.9458898647 2.022299368e-10) (-6.382900485e-09 0.9818095248 -3.646312523e-09)
7.58              (2.11621359e-09 0.9459656204 1.434626395e-09) (1.860424762e-09 0.9809232071 5.663224564e-10)
7.585             (3.840230661e-09 0.9460412374 3.282395372e-09) (3.785396619e-09 0.9800395849 1.067447585e-09)
7.59              (1.789617772e-09 0.9461167151 1.764975703e-09) (5.195763676e-10 0.9791577475 -3.688881626e-09)
7.595             (5.654004599e-11 0.9461920513 2.815938617e-10) (-4.607741959e-09 0.97827682 -3.72583506e-09)
7.6               (1.869502336e-10 0.9462672443 -1.261623972e-10) (-4.981140432e-09 0.9773959731 -4.222495989e-09)
7.605             (-5.498090672e-11 0.9463422933 -3.578952631e-10) (-5.027843074e-09 0.9765144318 -4.994965593e-09)
7.61              (-2.687321979e-11 0.9464171975 -4.150080524e-12) (-9.831982786e-10 0.9756314823 -3.583369314e-09)
7.615             (-5.305940479e-10 0.9464919558 4.611341002e-11) (-5.080298115e-09 0.9747464769 -3.807498278e-09)
7.62              (3.111002656e-10 0.9465665666 -1.962062841e-10) (-3.839369331e-09 0.973858838 -3.999467462e-09)
7.625             (2.275755769e-10 0.9466410284 -8.791808764e-10) (-4.172934027e-09 0.9729680602 -6.501249088e-09)
7.63              (-9.24182204e-11 0.9467153381 -2.062692098e-10) (-2.316847834e-09 0.9720737087 -2.864003685e-09)
7.635             (-3.254564516e-10 0.9467894942 -2.86958856e-11) (-4.278291906e-09 0.971175423 -3.654761931e-09)
7.64              (-3.791223179e-11 0.9468634964 -4.02401953e-11) (-1.640538009e-09 0.9702729125 -1.012753298e-09)
7.645             (1.840818994e-10 0.9469373429 -3.471148042e-10) (-3.864997523e-09 0.9693659552 -3.698577793e-09)
7.65              (1.709334851e-10 0.9470110305 -1.388188067e-10) (-4.370580936e-09 0.9684543939 -4.326518294e-09)
7.655             (1.450077225e-10 0.9470845533 9.029100725e-11) (-2.076474705e-09 0.9675381273 -2.112957416e-09)
7.66              (1.644351894e-10 0.9471579056 6.75996567e-11) (-1.383504269e-09 0.9666171082 -1.756930265e-09)
7.665             (-2.817711014e-10 0.9472310879 1.237416159e-10) (-7.854469162e-11 0.9656913406 1.80909951e-09)
7.67              (-6.813877368e-11 0.9473041018 1.624799865e-10) (-2.845339184e-09 0.9647608722 -2.260284476e-09)
7.675             (2.419117373e-10 0.9473769395 -7.324932507e-11) (-6.046481538e-10 0.9638257854 -2.565449324e-09)
7.68              (2.779163397e-10 0.9474495896 -1.876323863e-10) (-2.268601369e-10 0.9628861948 -3.289023634e-09)
7.685             (2.771720953e-10 0.9475220491 -2.421057598e-10) (-2.409997051e-10 0.9619422423 -2.95681856e-09)
7.69              (1.752172053e-10 0.94759432 -1.889045447e-10) (-9.042223224e-10 0.9609940915 -1.974778788e-09)
7.695             (7.104963245e-11 0.9476663977 -1.272224832e-10) (-1.607757714e-09 0.9600419226 -1.192011574e-09)
7.7               (-3.544629342e-11 0.9477382718 -5.220725576e-11) (-2.183509963e-09 0.9590859281 -6.43768155e-10)
7.705             (1.995142371e-10 0.9478099328 1.900795231e-10) (-8.222565692e-10 0.9581263082 -7.152969954e-10)
7.71              (1.053598672e-10 0.947881376 1.409740449e-10) (-2.475523739e-09 0.9571632683 2.452030144e-11)
7.715             (1.191620356e-10 0.9479525993 -1.232916628e-10) (4.795895258e-09 0.9561970163 -7.335111945e-09)
7.72              (1.261573389e-10 0.9480235966 6.508961481e-11) (-8.641472128e-10 0.9552277589 -2.74723089e-09)
7.725             (8.902055234e-11 0.9480943564 1.223349608e-10) (-5.029954827e-09 0.9542556995 2.371983321e-10)
7.73              (7.825180947e-11 0.9481648676 5.935358931e-11) (3.19985964e-09 0.9532810364 -3.483721618e-09)
7.735             (1.192209752e-10 0.9482351228 1.109489611e-10) (-1.015323364e-09 0.9523039619 -3.196970571e-09)
7.74              (-7.04038169e-11 0.9483051152 -1.248976203e-10) (8.903940751e-09 0.9513246604 -7.066978181e-09)
7.745             (1.343287293e-10 0.9483748361 1.304338535e-10) (-1.415756042e-09 0.9503433082 -3.988649349e-09)
7.75              (1.278914173e-10 0.948444275 1.082879322e-10) (-6.285997438e-09 0.9493600729 -7.638763673e-10)
7.755             (-8.250503885e-11 0.9485134215 2.409251002e-11) (2.213917562e-09 0.9483751127 -3.198439239e-09)
7.76              (1.448890135e-10 0.9485822651 1.466259673e-10) (-2.033523e-09 0.9473885768 -2.954110618e-09)
7.765             (1.518869842e-10 0.9486507954 7.131599015e-11) (-3.701626051e-09 0.9464006045 -2.191560643e-09)
7.77              (-6.669657992e-11 0.9487190017 1.982551648e-11) (4.810887617e-10 0.9454113264 -4.900859529e-10)
7.775             (1.571992598e-10 0.9487868732 1.564501577e-10) (-1.356395504e-09 0.9444208634 -2.141398082e-09)
7.78              (1.364993095e-10 0.9488543987 6.095107095e-11) (-3.065825618e-09 0.9434293282 -2.64474889e-09)
7.785             (1.873906392e-11 0.9489215669 6.802169378e-11) (1.240550283e-09 0.9424368245 -2.155765529e-09)
7.79              (1.338141197e-10 0.9489883663 1.524211001e-10) (-1.771584455e-09 0.9414434482 -2.652874254e-09)
7.795             (4.923949146e-10 0.9490547851 3.652935787e-10) (-2.909962023e-09 0.9404492873 1.151849567e-09)
7.8               (1.026494558e-10 0.9491208116 7.253308914e-11) (-2.07193722e-09 0.9394544226 -1.947723295e-09)
7.805             (3.892640995e-10 0.9491864346 4.305785007e-10) (7.485727629e-10 0.9384589279 -2.444446526e-09)
7.81              (5.250281161e-10 0.9492516431 5.388194745e-10) (8.503977816e-10 0.9374628708 -4.198968757e-10)
7.815             (2.96181801e-10 0.9493164264 2.245532103e-10) (4.735064368e-09 0.9364663125 -9.20080353e-10)
7.82              (7.537239156e-10 0.9493807732 6.615855937e-10) (2.898743473e-09 0.9354693088 -2.64835667e-10)
7.825             (3.608252677e-10 0.9494446722 4.050819328e-10) (6.452116158e-09 0.9344719105 -2.029366595e-09)
7.83              (8.051950959e-10 0.9495081127 8.359579446e-10) (3.340749929e-09 0.9334741631 -4.038895996e-10)
7.835             (4.343280958e-10 0.9495710848 4.690384831e-10) (9.710338714e-09 0.932476108 -4.943531716e-09)
7.84              (-3.070214787e-10 0.9496335782 -1.820186492e-10) (5.445418538e-09 0.9314777822 -5.118417908e-09)
7.845             (-4.49549762e-10 0.949695583 -4.482420004e-10) (5.606897215e-10 0.9304792192 -1.105266022e-09)
7.85              (-4.974031423e-10 0.9497570938 -4.89929352e-10) (-1.897228965e-09 0.9294804487 6.733810537e-10)
7.855             (-5.013466883e-10 0.9498181069 -5.847589766e-10) (-2.814925435e-09 0.9284814974 8.046432291e-10)
7.86              (-6.01531938e-10 0.9498786151 -6.430216456e-10) (-2.395141471e-09 0.9274823892 -3.118577786e-11)
7.865             (-6.246928771e-10 0.9499386093 -7.175801329e-10) (-1.716458845e-09 0.9264831452 -1.011556871e-09)
7.87              (-7.054107765e-10 0.949998084 -7.224792224e-10) (-1.137546355e-09 0.9254837839 -1.797848235e-09)
7.875             (-7.297444416e-10 0.9500570379 -7.860621711e-10) (-9.569063711e-10 0.924484322 -2.125806658e-09)
7.88              (-8.214643781e-10 0.9501154701 -7.904163565e-10) (-1.053369661e-09 0.9234847738 -2.194185992e-09)
7.885             (-8.42717206e-10 0.9501733794 -8.683488954e-10) (-1.275192635e-09 0.922485152 -2.127421142e-09)
7.89              (-9.322753036e-10 0.9502307651 -8.838307459e-10) (-1.582939844e-09 0.9214854678 -1.955458489e-09)
7.895             (-9.428256812e-10 0.9502876285 -9.83316227e-10) (-1.756109183e-09 0.9204857307 -1.928434294e-09)
7.9               (-1.031677685e-09 0.9503439726 -1.003927748e-09) (-2.002442637e-09 0.919485949 -1.822677729e-09)
7.905             (-1.041878386e-09 0.950399802 -1.102389512e-09) (-1.955266082e-09 0.9184861299 -1.995677929e-09)
7.91              (-1.137664727e-09 0.9504551227 -1.116349754e-09) (-2.121478614e-09 0.9174862794 -1.957884548e-09)
7.915             (-1.151614737e-09 0.9505099421 -1.212797422e-09) (-1.938684327e-09 0.9164864029 -2.273395889e-09)
7.92              (-1.253854376e-09 0.9505642688 -1.2224256e-09) (-2.163430244e-09 0.9154865048 -2.180506909e-09)
7.925             (-1.268106137e-09 0.9506181127 -1.320823687e-09) (-1.949403553e-09 0.9144865889 -2.519569784e-09)
7.93              (-1.369059604e-09 0.950671485 -1.32967792e-09) (-2.306685101e-09 0.9134866583 -2.286110653e-09)
7.935             (-1.372893418e-09 0.9507243986 -1.424856638e-09) (-2.066311113e-09 0.9124867158 -2.637561312e-09)
7.94              (-1.455875041e-09 0.950776868 -1.418093208e-09) (-2.491310258e-09 0.9114867636 -2.287677479e-09)
7.945             (5.631364687e-10 0.9508289095 6.668259939e-10) (-4.341380284e-10 0.9104868037 2.462145127e-10)
7.95              (3.429490989e-10 0.9508805405 5.148662402e-10) (-1.117408309e-10 0.9094868378 9.019690915e-10)
7.955             (4.53130452e-10 0.9509317763 5.207638682e-10) (5.702248064e-10 0.9084868673 7.253599596e-10)
7.96              (-4.723904494e-10 0.9509826335 -4.470493946e-10) (-3.495824414e-10 0.9074868935 -3.918729832e-10)
7.965             (-2.320142663e-10 0.9510331349 -3.448046306e-10) (4.990928002e-10 0.9064869177 -5.677985302e-10)
7.97              (-1.606256226e-09 0.9510833054 -1.441751842e-09) (-9.603146544e-10 0.9054869409 3.351642853e-10)
7.975             (-1.640174169e-09 0.9511331729 -1.659683492e-09) (3.522327058e-10 0.9044869643 4.457947148e-10)
7.98              (-1.658358926e-09 0.9511827679 -1.702613986e-09) (3.026881119e-10 0.903486989 4.382814432e-10)
7.985             (2.481161786e-10 0.9512321137 2.9476956e-10) (-1.18737479e-09 0.9024870161 -3.369735632e-10)
7.99              (2.186982503e-10 0.9512812246 1.198288075e-10) (1.252582452e-09 0.9014870467 7.845860607e-10)
7.995             (4.529208888e-10 0.9513301172 3.935279256e-10) (-1.885728373e-10 0.9004870822 -6.640053796e-10)
8                 (1.988465621e-10 0.9513788151 8.173446346e-11) (1.008003143e-09 0.8994871239 4.46119729e-10)
8.005             (4.831353772e-10 0.9514273454 4.02150109e-10) (8.799037477e-11 0.8984871734 -6.094303574e-10)
8.01              (-1.536598624e-11 0.9514757349 1.761536141e-10) (3.990601902e-10 0.8974872323 9.940009941e-10)
8.015             (4.786986648e-10 0.951524012 4.925168342e-10) (-3.51397736e-10 0.8964873025 -3.486120157e-11)
8.02              (-9.631080122e-11 0.9515722083 -6.94376643e-11) (5.42911077e-10 0.895487386 8.464348106e-10)
8.025             (4.370019035e-10 0.9516203562 4.776832611e-10) (-3.188525092e-10 0.8944874852 2.734910477e-11)
8.03              (6.842054592e-11 0.9516684856 1.539439348e-10) (4.643743757e-10 0.8934876027 2.776200722e-10)
8.035             (-9.067816052e-11 0.9517166221 -1.539898447e-10) (-3.502047238e-11 0.8924877412 7.415974427e-10)
8.04              (-7.290811131e-10 0.9517647892 -5.311130241e-10) (4.690721365e-10 0.8914879042 5.753841781e-10)
8.045             (3.950620855e-10 0.9518130088 4.136081584e-10) (-2.856495229e-10 0.8904880951 -1.811334509e-10)
8.05              (-5.497173953e-10 0.9518613026 -3.39980193e-10) (5.363548866e-10 0.8894883182 2.449139841e-10)
8.055             (3.924648066e-10 0.9519096926 4.620208374e-10) (-1.314575025e-10 0.8884885779 -1.903614405e-10)
8.06              (-3.962697935e-10 0.9519582009 -6.733699898e-11) (6.837180905e-10 0.8874888794 -1.421573354e-10)
8.065             (5.014045936e-10 0.9520068487 4.019675465e-10) (2.00859699e-11 0.8864892285 -1.415678899e-10)
8.07              (-6.299641754e-10 0.9520556563 -2.758187453e-11) (9.141167095e-10 0.8854896315 -4.224351218e-10)
8.075             (6.094339836e-10 0.9521046423 3.76350805e-10) (1.016226769e-10 0.8844900957 -1.0970442e-10)
8.08              (-1.012112129e-09 0.952153824 5.166683566e-11) (1.244385927e-09 0.8834906291 -7.253286339e-10)
8.085             (-8.773022198e-10 0.9522032172 -7.774567608e-10) (6.070753942e-10 0.8824912407 4.639544061e-10)
8.09              (1.432595882e-10 0.9522528362 -3.937627853e-10) (4.962891971e-10 0.8814919405 9.217173781e-10)
8.095             (3.448992418e-10 0.9523026941 -1.21640562e-10) (9.545017142e-10 0.8804927396 7.307475638e-10)
8.1               (1.800741358e-10 0.952352802 8.346531542e-11) (9.062913892e-10 0.8794936506 9.661867802e-10)
8.105             (1.374309635e-10 0.9524031698 5.054888718e-11) (1.259470821e-09 0.8784946872 7.592256275e-10)
8.11              (-2.033019712e-11 0.9524538061 -4.295102633e-12) (1.036249269e-09 0.8774958648 1.079550296e-09)
8.115             (-1.112336806e-10 0.9525047177 -2.105991576e-10) (1.345833502e-09 0.8764972004 8.204725215e-10)
8.12              (-3.789091043e-10 0.9525559099 -3.869486755e-10) (9.237131206e-10 0.875498713 1.192389653e-09)
8.125             (-5.977786622e-10 0.9526073866 -7.280922515e-10) (1.242468413e-09 0.8745004233 6.722322812e-10)
8.13              (-1.057222584e-09 0.9526591502 -1.061124455e-09) (5.875232956e-10 0.8735023544 1.038641196e-09)
8.135             (1.101187871e-09 0.9527112014 1.108019736e-09) (3.816158602e-10 0.872504532 4.66766599e-10)
8.14              (-9.087956821e-10 0.95276354 -8.473996423e-10) (2.31294145e-10 0.8715069841 6.643351759e-10)
8.145             (7.16816806e-10 0.9528161641 6.574792299e-10) (1.079735969e-10 0.8705097418 2.194171456e-10)
8.15              (-8.541947441e-10 0.9528690712 -8.214164495e-10) (1.650347031e-12 0.8695128391 6.239123277e-10)
8.155             (6.027464324e-10 0.9529222572 5.250214398e-10) (3.107437707e-11 0.8685163136 1.798917408e-10)
8.16              (-1.124959607e-09 0.9529757171 -1.099347036e-09) (-9.526222635e-11 0.8675202067 4.486448121e-10)
8.165             (6.245119903e-10 0.9530294441 5.733446427e-10) (-7.755853422e-11 0.8665245634 2.675168643e-11)
8.17              (-1.252607406e-09 0.9530834314 -1.189506996e-09) (-1.243439763e-10 0.8655294334 2.835363567e-10)
8.175             (5.769678274e-10 0.9531376707 6.160595382e-10) (-1.108320535e-10 0.864534871 -4.19594517e-11)
8.18              (-1.119131815e-09 0.9531921536 -1.051114823e-09) (-1.872441573e-10 0.8635409356 2.90562048e-10)
8.185             (6.640546347e-10 0.9532468704 5.999509659e-10) (-1.17924888e-10 0.8625476923 -3.405151419e-11)
8.19              (-1.291258667e-09 0.9533018113 -1.241720076e-09) (-2.149321228e-10 0.8615552119 1.727407089e-10)
8.195             (6.363683486e-10 0.9533569657 6.251106933e-10) (-1.193968567e-10 0.8605635719 -1.01493988e-10)
8.2               (-1.268975807e-09 0.953412323 -1.192645599e-09) (-2.183258711e-10 0.8595728568 1.946742659e-10)
8.205             (6.846069259e-10 0.9534678719 6.641569389e-10) (-1.142349386e-10 0.8585831585 -6.321164304e-11)
8.21              (-1.35308204e-09 0.953523601 -1.296349946e-09) (-2.524995493e-10 0.8575945772 1.168933636e-10)
8.215             (6.762095809e-10 0.9535794986 6.610783303e-10) (-1.13115003e-10 0.8566072219 -9.65172747e-11)
8.22              (-1.33579817e-09 0.9536355534 -1.281432689e-09) (-2.559145135e-10 0.8556212113 1.371177545e-10)
8.225             (7.026518313e-10 0.9536917535 6.963304361e-10) (-1.012888529e-10 0.854636674 -6.838570887e-11)
8.23              (-1.416050999e-09 0.9537480872 -1.375247457e-09) (-2.763339277e-10 0.85365375 8.919587824e-11)
8.235             (7.264636656e-10 0.9538045426 7.234818283e-10) (-9.787807089e-11 0.8526725911 -7.241378164e-11)
8.24              (-1.385239907e-09 0.9538611082 -1.346551422e-09) (-2.889426312e-10 0.8516933622 1.0118203e-10)
8.245             (7.429629649e-10 0.9539177727 7.317873979e-10) (-8.473761241e-11 0.8507162418 -5.034085044e-11)
8.25              (-1.412895594e-09 0.9539745254 -1.387142203e-09) (-2.905831389e-10 0.8497414234 7.227379067e-11)
8.255             (7.887975808e-10 0.9540313553 7.791616996e-10) (-7.153990913e-11 0.8487691167 -4.785694681e-11)
8.26              (-1.434831699e-09 0.9540882522 -1.398033733e-09) (-3.073764052e-10 0.8477995485 8.073725803e-11)
8.265             (7.829013937e-10 0.9541452057 7.866165755e-10) (-6.515215343e-11 0.8468329642 -2.761996183e-11)
8.27              (-1.427393482e-09 0.9542022064 -1.385425657e-09) (-3.124377195e-10 0.8458696291 6.902182173e-11)
8.275             (8.265449436e-10 0.9542592448 8.289377891e-10) (-5.380574111e-11 0.8449098295 -1.795110036e-11)
8.28              (-1.449980579e-09 0.954316312 -1.39785619e-09) (-3.182669621e-10 0.8439538749 7.414987681e-11)
8.285             (8.402092373e-10 0.9543733991 8.559600872e-10) (-3.651283331e-11 0.8430020987 3.062409313e-13)
8.29              (-1.416153331e-09 0.9544304982 -1.392755492e-09) (-3.320471767e-10 0.8420548604 6.377579984e-11)
8.295             (8.815740609e-10 0.9544876012 8.637931165e-10) (-3.721154487e-11 0.8411125468 8.427830547e-12)
8.3               (-1.479808531e-09 0.954544701 -1.372720891e-09) (-3.204050246e-10 0.840175574 8.402844519e-11)
8.305             (8.483065312e-10 0.9546017905 9.09854818e-10) (-1.622394618e-11 0.8392443889 3.385235618e-11)
8.31              (1.342182529e-09 0.9546588632 1.248435075e-09) (3.808837418e-10 0.838319471 1.265526877e-11)
8.315             (1.249985696e-09 0.9547159129 1.141346811e-09) (5.820766625e-10 0.837401334 -1.336132231e-10)
8.32              (-1.210838126e-09 0.9547729339 -1.087544024e-09) (-3.289442233e-10 0.8364905272 4.196271496e-10)
8.325             (1.177047683e-09 0.9548299207 1.242061055e-09) (2.131046793e-10 0.8355876374 1.455509351e-10)
8.33              (1.583068912e-09 0.9548868685 1.614689927e-09) (4.538800544e-10 0.8346932903 2.954273376e-11)
8.335             (2.600540385e-11 0.9549437725 -1.295277097e-10) (2.910145712e-10 0.8338081515 -7.400050471e-11)
8.34              (1.152788328e-09 0.9550006281 1.200164494e-09) (2.115600097e-10 0.8329329276 6.469857641e-11)
8.345             (-1.038205733e-09 0.9550574318 -1.10984532e-09) (4.490260236e-11 0.8320683676 -1.676193742e-12)
8.35              (1.017489165e-09 0.9551141796 1.041093504e-09) (2.715199422e-10 0.8312152629 2.019673668e-10)
8.355             (1.369884141e-09 0.9551708682 1.383802411e-09) (2.720595722e-10 0.8303744482 3.025059602e-10)
8.36              (-9.600360398e-10 0.9552274946 -1.00717657e-09) (3.213645445e-10 0.829546801 -1.975335027e-10)
8.365             (1.122410406e-09 0.9552840556 1.05463428e-09) (2.549066775e-10 0.8287332415 1.820718684e-10)
8.37              (-1.017309143e-09 0.9553405494 -1.234981469e-09) (1.536403058e-10 0.8279347316 -3.355397152e-11)
8.375             (1.030647733e-09 0.9553969731 1.069626971e-09) (3.987709553e-10 0.8271522737 1.849794484e-10)
8.38              (-4.550373188e-10 0.955453325 -7.41908857e-10) (3.537380008e-10 0.8263869086 -1.107815256e-10)
8.385             (8.560448174e-10 0.9555096027 9.677757039e-10) (2.442160514e-10 0.8256397137 3.844055326e-11)
8.39              (-1.610393629e-09 0.955565805 -1.199862459e-09) (2.275832204e-10 0.8249117993 -2.304745085e-10)
8.395             (8.316454414e-10 0.95562193 7.235541097e-10) (1.742581839e-10 0.8242043057 1.806276644e-10)
8.4               (1.047695427e-09 0.9556779767 1.249645702e-09) (1.244708288e-10 0.8235183985 4.047925019e-10)
